source_row,fold,role
172,1,train
312,1,train
502,1,train
775,1,train
1041,1,train
1393,1,train
2487,1,train
2580,1,train
3323,1,train
3714,1,train
3723,1,train
4335,1,train
4964,1,train
5002,1,train
5043,1,train
5613,1,train
5657,1,train
5956,1,train
6311,1,train
6424,1,train
6661,1,train
6711,1,train
7323,1,train
7734,1,train
7942,1,train
7961,1,train
8300,1,train
8326,1,train
8892,1,train
9587,1,train
9596,1,train
10246,1,train
10701,1,train
11503,1,train
11577,1,train
11891,1,train
11907,1,train
12366,1,train
12496,1,train
13108,1,train
13648,1,train
13980,1,train
14088,1,train
14817,1,train
15127,1,train
15556,1,train
15921,1,train
16316,1,train
16768,1,train
16880,1,train
16923,1,train
17038,1,train
17055,1,train
17400,1,train
17402,1,train
17480,1,train
18690,1,train
19066,1,train
19566,1,train
19677,1,train
19830,1,train
20149,1,train
20559,1,train
20602,1,train
21161,1,train
21287,1,train
21390,1,train
8110,1,train
8520,1,train
13166,1,train
15891,1,train
3827,1,train
4893,1,train
9661,1,train
14295,1,train
15050,1,train
187,1,train
358,1,train
606,1,train
1278,1,train
1425,1,train
1702,1,train
1774,1,train
1896,1,train
2342,1,train
2527,1,train
2533,1,train
3063,1,train
3174,1,train
3380,1,train
3415,1,train
3753,1,train
3859,1,train
3968,1,train
4169,1,train
4759,1,train
5144,1,train
5396,1,train
5699,1,train
6014,1,train
6114,1,train
6304,1,train
6650,1,train
6859,1,train
6959,1,train
6970,1,train
7505,1,train
7859,1,train
8084,1,train
8166,1,train
8372,1,train
9061,1,train
9126,1,train
9282,1,train
9402,1,train
9557,1,train
10066,1,train
10208,1,train
10573,1,train
10926,1,train
10927,1,train
11299,1,train
11444,1,train
11485,1,train
11607,1,train
11759,1,train
11944,1,train
12161,1,train
12660,1,train
12732,1,train
12777,1,train
13025,1,train
13285,1,train
13809,1,train
13946,1,train
14156,1,train
14197,1,train
14204,1,train
14212,1,train
14869,1,train
16016,1,train
16106,1,train
16775,1,train
16946,1,train
18428,1,train
19511,1,train
19796,1,train
19968,1,train
20053,1,train
20338,1,train
20341,1,train
20381,1,train
20445,1,train
20475,1,train
20554,1,train
20745,1,train
20762,1,train
20955,1,train
21100,1,train
428,1,train
773,1,train
1118,1,train
1260,1,train
1381,1,train
1699,1,train
1831,1,train
2022,1,train
2180,1,train
2616,1,train
2622,1,train
2685,1,train
2966,1,train
3189,1,train
3314,1,train
3448,1,train
3640,1,train
3719,1,train
4595,1,train
4654,1,train
4678,1,train
5352,1,train
5584,1,train
5598,1,train
6296,1,train
6490,1,train
6625,1,train
7583,1,train
8582,1,train
8636,1,train
8766,1,train
8901,1,train
9043,1,train
9089,1,train
9153,1,train
9301,1,train
9327,1,train
9513,1,train
10132,1,train
10226,1,train
10257,1,train
10270,1,train
10511,1,train
10575,1,train
10774,1,train
12042,1,train
12115,1,train
12195,1,train
12258,1,train
12622,1,train
13953,1,train
14352,1,train
14707,1,train
14764,1,train
14955,1,train
15044,1,train
15130,1,train
15262,1,train
15293,1,train
15416,1,train
15606,1,train
15651,1,train
15842,1,train
15947,1,train
15972,1,train
16175,1,train
17031,1,train
17082,1,train
17213,1,train
17321,1,train
17459,1,train
17857,1,train
18115,1,train
18378,1,train
19076,1,train
19610,1,train
19683,1,train
19868,1,train
20049,1,train
20846,1,train
21148,1,train
21496,1,train
139,1,train
160,1,train
657,1,train
1147,1,train
1171,1,train
1401,1,train
1547,1,train
2224,1,train
2878,1,train
3533,1,train
3765,1,train
3848,1,train
4096,1,train
4675,1,train
4728,1,train
4815,1,train
5060,1,train
5422,1,train
5928,1,train
6203,1,train
6642,1,train
6692,1,train
7125,1,train
7191,1,train
7853,1,train
7935,1,train
8342,1,train
8410,1,train
8430,1,train
8510,1,train
8818,1,train
9037,1,train
9072,1,train
9155,1,train
9286,1,train
9751,1,train
9833,1,train
9938,1,train
9941,1,train
10164,1,train
10847,1,train
11307,1,train
11443,1,train
11680,1,train
12149,1,train
12414,1,train
12502,1,train
12542,1,train
12554,1,train
12555,1,train
12693,1,train
12882,1,train
13044,1,train
13422,1,train
13543,1,train
13932,1,train
14096,1,train
14199,1,train
14422,1,train
14508,1,train
14587,1,train
14976,1,train
15456,1,train
15751,1,train
15902,1,train
16342,1,train
16347,1,train
16372,1,train
16419,1,train
16776,1,train
17287,1,train
17348,1,train
17436,1,train
17617,1,train
18274,1,train
18314,1,train
19042,1,train
19124,1,train
19151,1,train
19580,1,train
19606,1,train
19616,1,train
19769,1,train
19814,1,train
20025,1,train
20156,1,train
20519,1,train
20978,1,train
21263,1,train
21269,1,train
21371,1,train
21381,1,train
21574,1,train
508,1,train
732,1,train
896,1,train
1002,1,train
1309,1,train
1613,1,train
1720,1,train
1780,1,train
1995,1,train
2141,1,train
2359,1,train
2506,1,train
2589,1,train
2885,1,train
2911,1,train
3394,1,train
4009,1,train
4261,1,train
4407,1,train
5401,1,train
5455,1,train
5563,1,train
5970,1,train
6244,1,train
6735,1,train
6754,1,train
6929,1,train
6941,1,train
6981,1,train
7103,1,train
8467,1,train
8704,1,train
9020,1,train
9307,1,train
9350,1,train
9424,1,train
9469,1,train
9560,1,train
9623,1,train
9988,1,train
10033,1,train
10533,1,train
10901,1,train
11130,1,train
11574,1,train
11901,1,train
11942,1,train
12018,1,train
13084,1,train
13864,1,train
14084,1,train
14170,1,train
14626,1,train
15192,1,train
15746,1,train
16294,1,train
16494,1,train
16657,1,train
16688,1,train
16882,1,train
17145,1,train
17820,1,train
18307,1,train
18412,1,train
18551,1,train
18842,1,train
19128,1,train
19167,1,train
19202,1,train
19380,1,train
19426,1,train
19465,1,train
19971,1,train
20350,1,train
20642,1,train
20860,1,train
20873,1,train
21065,1,train
21249,1,train
21277,1,train
21401,1,train
729,1,train
842,1,train
845,1,train
902,1,train
974,1,train
1010,1,train
1120,1,train
1200,1,train
1292,1,train
1558,1,train
1784,1,train
1982,1,train
2149,1,train
2205,1,train
3030,1,train
3202,1,train
3530,1,train
4013,1,train
4538,1,train
5865,1,train
5944,1,train
6454,1,train
6684,1,train
6699,1,train
7567,1,train
7841,1,train
8287,1,train
8448,1,train
8808,1,train
8878,1,train
9071,1,train
9389,1,train
9603,1,train
10364,1,train
10569,1,train
10830,1,train
10853,1,train
10914,1,train
10976,1,train
11193,1,train
11415,1,train
11543,1,train
11708,1,train
11990,1,train
12182,1,train
12661,1,train
12927,1,train
13248,1,train
13333,1,train
13376,1,train
13748,1,train
13933,1,train
13944,1,train
14560,1,train
14670,1,train
15735,1,train
15844,1,train
15932,1,train
16109,1,train
16496,1,train
16632,1,train
16873,1,train
16917,1,train
17084,1,train
17387,1,train
17451,1,train
17543,1,train
17698,1,train
17772,1,train
18146,1,train
18796,1,train
19166,1,train
19412,1,train
19423,1,train
20066,1,train
20417,1,train
20574,1,train
20599,1,train
21431,1,train
21506,1,train
21538,1,train
4572,1,train
5141,1,train
13088,1,train
15242,1,train
20725,1,train
1350,1,train
20099,1,train
5,1,train
55,1,train
133,1,train
393,1,train
495,1,train
1789,1,train
2026,1,train
2075,1,train
2273,1,train
2322,1,train
2389,1,train
3495,1,train
3526,1,train
3897,1,train
4553,1,train
4901,1,train
5186,1,train
5253,1,train
5293,1,train
5472,1,train
5939,1,train
6493,1,train
6511,1,train
7020,1,train
7058,1,train
7341,1,train
7890,1,train
8004,1,train
8400,1,train
8952,1,train
9033,1,train
9090,1,train
9588,1,train
9590,1,train
9669,1,train
9705,1,train
9986,1,train
10002,1,train
10545,1,train
10550,1,train
10563,1,train
10610,1,train
10899,1,train
11528,1,train
11851,1,train
12553,1,train
12562,1,train
12779,1,train
13146,1,train
13158,1,train
13499,1,train
13529,1,train
14085,1,train
14187,1,train
14537,1,train
14622,1,train
14849,1,train
15287,1,train
15547,1,train
15835,1,train
16004,1,train
16197,1,train
16509,1,train
16529,1,train
17197,1,train
17655,1,train
17684,1,train
18405,1,train
18910,1,train
19055,1,train
19104,1,train
19442,1,train
19649,1,train
19742,1,train
19751,1,train
19795,1,train
20068,1,train
20501,1,train
20810,1,train
21469,1,train
251,1,train
320,1,train
1326,1,train
1390,1,train
1436,1,train
1464,1,train
1683,1,train
2570,1,train
3006,1,train
3106,1,train
3302,1,train
3471,1,train
3620,1,train
3748,1,train
4028,1,train
4115,1,train
4133,1,train
4166,1,train
4196,1,train
4556,1,train
4825,1,train
5745,1,train
6166,1,train
6280,1,train
6356,1,train
6938,1,train
7095,1,train
7154,1,train
7875,1,train
8191,1,train
8299,1,train
8379,1,train
9264,1,train
9479,1,train
9732,1,train
9916,1,train
10835,1,train
10981,1,train
11173,1,train
11189,1,train
11225,1,train
11833,1,train
12001,1,train
12189,1,train
12294,1,train
12415,1,train
12441,1,train
12551,1,train
13357,1,train
13424,1,train
13481,1,train
13502,1,train
13590,1,train
13880,1,train
14503,1,train
14655,1,train
15009,1,train
15193,1,train
15234,1,train
15368,1,train
15785,1,train
16018,1,train
16120,1,train
16122,1,train
16176,1,train
16253,1,train
16772,1,train
16961,1,train
16998,1,train
17452,1,train
18101,1,train
18191,1,train
18385,1,train
18773,1,train
19353,1,train
19388,1,train
19918,1,train
20167,1,train
20172,1,train
20433,1,train
20775,1,train
21261,1,train
21449,1,train
21513,1,train
21570,1,train
20,1,train
666,1,train
1249,1,train
1296,1,train
1397,1,train
1716,1,train
1729,1,train
1849,1,train
1921,1,train
2116,1,train
2244,1,train
2286,1,train
2510,1,train
2748,1,train
3293,1,train
3339,1,train
3568,1,train
3660,1,train
3800,1,train
4182,1,train
4735,1,train
4755,1,train
4763,1,train
4795,1,train
4937,1,train
4958,1,train
5018,1,train
5142,1,train
5331,1,train
5355,1,train
5502,1,train
5709,1,train
6136,1,train
6161,1,train
6215,1,train
6260,1,train
6967,1,train
7134,1,train
7418,1,train
7456,1,train
7981,1,train
8143,1,train
8662,1,train
9125,1,train
9173,1,train
9622,1,train
9766,1,train
10069,1,train
10528,1,train
10667,1,train
11045,1,train
11496,1,train
11498,1,train
11840,1,train
11930,1,train
13009,1,train
13032,1,train
13162,1,train
13602,1,train
13968,1,train
14344,1,train
14778,1,train
15283,1,train
15342,1,train
15471,1,train
15477,1,train
15641,1,train
16267,1,train
16864,1,train
17097,1,train
17203,1,train
17230,1,train
17827,1,train
17853,1,train
18029,1,train
18870,1,train
18974,1,train
19413,1,train
20402,1,train
21288,1,train
21590,1,train
195,1,train
212,1,train
387,1,train
778,1,train
828,1,train
879,1,train
967,1,train
1028,1,train
1125,1,train
1748,1,train
2164,1,train
2348,1,train
2657,1,train
2775,1,train
3262,1,train
3368,1,train
4191,1,train
4287,1,train
4323,1,train
4414,1,train
4467,1,train
5306,1,train
5684,1,train
5869,1,train
5934,1,train
5987,1,train
6022,1,train
6584,1,train
6945,1,train
7172,1,train
7548,1,train
7579,1,train
7710,1,train
7919,1,train
7964,1,train
9095,1,train
9453,1,train
9615,1,train
9771,1,train
10363,1,train
10787,1,train
11143,1,train
11278,1,train
11355,1,train
11564,1,train
11761,1,train
12013,1,train
12230,1,train
12233,1,train
12307,1,train
13203,1,train
13286,1,train
13589,1,train
13651,1,train
14261,1,train
14424,1,train
14535,1,train
14583,1,train
14867,1,train
14950,1,train
14951,1,train
15093,1,train
15410,1,train
15684,1,train
16049,1,train
16159,1,train
16388,1,train
16967,1,train
17340,1,train
17962,1,train
18102,1,train
18945,1,train
20278,1,train
20582,1,train
20676,1,train
20687,1,train
20899,1,train
21090,1,train
21441,1,train
21482,1,train
23,1,train
99,1,train
154,1,train
580,1,train
789,1,train
924,1,train
1250,1,train
1714,1,train
1840,1,train
1929,1,train
2134,1,train
2398,1,train
2571,1,train
2705,1,train
3600,1,train
4176,1,train
4257,1,train
4586,1,train
4991,1,train
5151,1,train
5393,1,train
5437,1,train
5501,1,train
5849,1,train
5974,1,train
6004,1,train
7139,1,train
7485,1,train
7923,1,train
8144,1,train
8390,1,train
8763,1,train
8895,1,train
9128,1,train
9198,1,train
9526,1,train
9701,1,train
9761,1,train
10165,1,train
10570,1,train
11091,1,train
11164,1,train
11472,1,train
11600,1,train
11701,1,train
11926,1,train
12288,1,train
12543,1,train
12848,1,train
12873,1,train
13139,1,train
13208,1,train
13862,1,train
14858,1,train
14873,1,train
14889,1,train
16280,1,train
16704,1,train
17054,1,train
17550,1,train
18239,1,train
18534,1,train
18803,1,train
19215,1,train
19623,1,train
19821,1,train
19916,1,train
20006,1,train
20191,1,train
20268,1,train
20949,1,train
20996,1,train
21210,1,train
1050,1,train
4155,1,train
8189,1,train
9528,1,train
15119,1,train
15148,1,train
18741,1,train
18827,1,train
88,1,train
255,1,train
265,1,train
501,1,train
686,1,train
801,1,train
919,1,train
1766,1,train
1856,1,train
2042,1,train
2365,1,train
2518,1,train
2647,1,train
3037,1,train
3087,1,train
3095,1,train
3498,1,train
3507,1,train
3519,1,train
3709,1,train
3782,1,train
3881,1,train
4002,1,train
4378,1,train
4387,1,train
4627,1,train
4667,1,train
4684,1,train
4832,1,train
5084,1,train
5349,1,train
5815,1,train
5992,1,train
6000,1,train
6234,1,train
6279,1,train
6745,1,train
7481,1,train
7984,1,train
8115,1,train
8298,1,train
8635,1,train
8718,1,train
8825,1,train
8847,1,train
8974,1,train
9370,1,train
9432,1,train
9522,1,train
9978,1,train
10119,1,train
10240,1,train
10259,1,train
10904,1,train
11454,1,train
11458,1,train
11983,1,train
12052,1,train
12291,1,train
12471,1,train
13459,1,train
13798,1,train
14004,1,train
14107,1,train
14595,1,train
15347,1,train
16351,1,train
16603,1,train
16691,1,train
16841,1,train
17678,1,train
17719,1,train
17829,1,train
18294,1,train
18732,1,train
18923,1,train
18997,1,train
19542,1,train
20007,1,train
20170,1,train
20201,1,train
20552,1,train
21048,1,train
375,1,train
455,1,train
926,1,train
1026,1,train
1084,1,train
1206,1,train
1379,1,train
1760,1,train
1950,1,train
1953,1,train
2081,1,train
2129,1,train
2284,1,train
2313,1,train
2423,1,train
2995,1,train
3201,1,train
3769,1,train
3942,1,train
4069,1,train
4243,1,train
4452,1,train
4606,1,train
4823,1,train
5138,1,train
5398,1,train
5753,1,train
6601,1,train
6603,1,train
7030,1,train
7087,1,train
7123,1,train
7300,1,train
7411,1,train
7458,1,train
7551,1,train
7573,1,train
7585,1,train
7725,1,train
7845,1,train
8114,1,train
8490,1,train
8528,1,train
8674,1,train
8900,1,train
8961,1,train
9403,1,train
9529,1,train
9696,1,train
9935,1,train
10017,1,train
10215,1,train
10234,1,train
11003,1,train
11375,1,train
11405,1,train
11442,1,train
11818,1,train
11821,1,train
11938,1,train
12131,1,train
12176,1,train
12745,1,train
13150,1,train
13234,1,train
13267,1,train
13354,1,train
13362,1,train
13426,1,train
13685,1,train
13811,1,train
14505,1,train
14518,1,train
14724,1,train
14729,1,train
14747,1,train
15023,1,train
15183,1,train
15332,1,train
15365,1,train
15764,1,train
16405,1,train
16478,1,train
16566,1,train
16629,1,train
16643,1,train
16746,1,train
16803,1,train
16829,1,train
16886,1,train
17176,1,train
17624,1,train
18315,1,train
18330,1,train
18528,1,train
18648,1,train
18937,1,train
18954,1,train
19053,1,train
19188,1,train
19229,1,train
19330,1,train
19462,1,train
19924,1,train
19929,1,train
20192,1,train
20196,1,train
20480,1,train
20493,1,train
20502,1,train
20511,1,train
20833,1,train
21004,1,train
21372,1,train
21559,1,train
21573,1,train
505,1,train
624,1,train
850,1,train
953,1,train
1687,1,train
1834,1,train
1956,1,train
1978,1,train
2596,1,train
2769,1,train
2804,1,train
3153,1,train
3154,1,train
3408,1,train
3501,1,train
3506,1,train
3851,1,train
4206,1,train
4808,1,train
4848,1,train
5091,1,train
5216,1,train
5366,1,train
5497,1,train
5541,1,train
5658,1,train
6017,1,train
6403,1,train
6748,1,train
6822,1,train
6887,1,train
6962,1,train
7647,1,train
7862,1,train
8177,1,train
8508,1,train
8563,1,train
8734,1,train
9288,1,train
10394,1,train
10845,1,train
11151,1,train
11872,1,train
11883,1,train
12098,1,train
12184,1,train
12239,1,train
12261,1,train
12302,1,train
12750,1,train
13090,1,train
13170,1,train
13606,1,train
13930,1,train
13987,1,train
14078,1,train
14459,1,train
14559,1,train
14740,1,train
14767,1,train
14959,1,train
15111,1,train
15376,1,train
15609,1,train
16092,1,train
16233,1,train
16263,1,train
16330,1,train
16782,1,train
17045,1,train
17542,1,train
18138,1,train
18158,1,train
18278,1,train
18286,1,train
18674,1,train
18709,1,train
18865,1,train
18920,1,train
18925,1,train
19029,1,train
19065,1,train
19123,1,train
19196,1,train
19334,1,train
19627,1,train
19825,1,train
19878,1,train
20010,1,train
20072,1,train
20729,1,train
21094,1,train
21608,1,train
90,1,train
629,1,train
914,1,train
1052,1,train
1389,1,train
1449,1,train
1697,1,train
2449,1,train
2703,1,train
3058,1,train
3375,1,train
3376,1,train
3569,1,train
3841,1,train
4356,1,train
4712,1,train
5005,1,train
5274,1,train
5632,1,train
5858,1,train
6084,1,train
6529,1,train
6575,1,train
7118,1,train
7131,1,train
7384,1,train
7571,1,train
7786,1,train
8156,1,train
8367,1,train
8397,1,train
9165,1,train
9262,1,train
9637,1,train
9660,1,train
10012,1,train
10170,1,train
10486,1,train
10519,1,train
11510,1,train
11599,1,train
12123,1,train
12591,1,train
12768,1,train
12864,1,train
13018,1,train
13245,1,train
13470,1,train
13611,1,train
13617,1,train
14175,1,train
14649,1,train
14876,1,train
15222,1,train
15407,1,train
15909,1,train
16121,1,train
16325,1,train
16434,1,train
16520,1,train
16598,1,train
16823,1,train
17053,1,train
17147,1,train
17363,1,train
17553,1,train
17812,1,train
18316,1,train
18324,1,train
18363,1,train
18439,1,train
18505,1,train
18781,1,train
18890,1,train
19005,1,train
19260,1,train
19665,1,train
19788,1,train
19852,1,train
19931,1,train
20015,1,train
20166,1,train
20233,1,train
20621,1,train
20652,1,train
20707,1,train
20784,1,train
20970,1,train
21221,1,train
21326,1,train
21339,1,train
106,1,train
465,1,train
546,1,train
630,1,train
652,1,train
1035,1,train
1184,1,train
1310,1,train
1665,1,train
1792,1,train
1908,1,train
2376,1,train
2431,1,train
2548,1,train
2595,1,train
2803,1,train
2840,1,train
3026,1,train
4143,1,train
4390,1,train
4474,1,train
4802,1,train
4828,1,train
5071,1,train
5129,1,train
5154,1,train
5209,1,train
5227,1,train
5309,1,train
5319,1,train
5557,1,train
6049,1,train
6801,1,train
7249,1,train
7325,1,train
7896,1,train
8667,1,train
8771,1,train
8826,1,train
8940,1,train
10416,1,train
10697,1,train
10870,1,train
11519,1,train
12375,1,train
12401,1,train
12413,1,train
12651,1,train
12844,1,train
12868,1,train
12992,1,train
13189,1,train
13264,1,train
13764,1,train
14636,1,train
15260,1,train
16221,1,train
16568,1,train
16675,1,train
16862,1,train
16892,1,train
17039,1,train
17258,1,train
17315,1,train
17347,1,train
17433,1,train
17447,1,train
17653,1,train
17733,1,train
17883,1,train
18132,1,train
18702,1,train
18749,1,train
19071,1,train
19256,1,train
19306,1,train
19555,1,train
20221,1,train
20347,1,train
20387,1,train
20477,1,train
21453,1,train
1365,1,train
2921,1,train
4486,1,train
9253,1,train
9340,1,train
11346,1,train
11455,1,train
12393,1,train
13826,1,train
16646,1,train
19583,1,train
2943,1,train
8670,1,train
8960,1,train
11240,1,train
17627,1,train
2211,1,train
7130,1,train
8541,1,train
11345,1,train
14460,1,train
14697,1,train
15871,1,train
19538,1,train
11,1,train
214,1,train
506,1,train
663,1,train
984,1,train
1071,1,train
1237,1,train
1303,1,train
1593,1,train
2097,1,train
2150,1,train
2257,1,train
2591,1,train
2715,1,train
3098,1,train
3397,1,train
3407,1,train
3983,1,train
4053,1,train
4621,1,train
4676,1,train
4754,1,train
5354,1,train
5792,1,train
5829,1,train
6143,1,train
6308,1,train
6325,1,train
6455,1,train
6826,1,train
7472,1,train
7693,1,train
7717,1,train
8196,1,train
8236,1,train
8329,1,train
8577,1,train
8733,1,train
8904,1,train
9187,1,train
9459,1,train
9599,1,train
9775,1,train
9839,1,train
9932,1,train
10016,1,train
10188,1,train
10628,1,train
10650,1,train
10652,1,train
11048,1,train
11207,1,train
11290,1,train
11397,1,train
11862,1,train
12644,1,train
13054,1,train
13106,1,train
13149,1,train
13169,1,train
13320,1,train
13323,1,train
13620,1,train
13887,1,train
14301,1,train
14694,1,train
14721,1,train
14748,1,train
14861,1,train
15118,1,train
15533,1,train
15900,1,train
15908,1,train
15922,1,train
16517,1,train
16622,1,train
16647,1,train
16725,1,train
17122,1,train
17260,1,train
17270,1,train
17339,1,train
17566,1,train
17572,1,train
17609,1,train
17801,1,train
17861,1,train
17864,1,train
18661,1,train
18802,1,train
18950,1,train
19007,1,train
19499,1,train
19833,1,train
19848,1,train
20047,1,train
20352,1,train
20505,1,train
20628,1,train
20750,1,train
20923,1,train
21202,1,train
21313,1,train
21481,1,train
12,1,train
36,1,train
549,1,train
681,1,train
964,1,train
1099,1,train
1388,1,train
1515,1,train
1595,1,train
1655,1,train
1733,1,train
1895,1,train
2344,1,train
2372,1,train
3082,1,train
3396,1,train
4049,1,train
4211,1,train
4294,1,train
4394,1,train
4458,1,train
4620,1,train
4843,1,train
5153,1,train
5469,1,train
5536,1,train
5662,1,train
5863,1,train
5884,1,train
6054,1,train
6099,1,train
6630,1,train
6803,1,train
7185,1,train
7264,1,train
7445,1,train
7559,1,train
7922,1,train
8239,1,train
8452,1,train
8516,1,train
8529,1,train
9289,1,train
9993,1,train
10583,1,train
10603,1,train
10691,1,train
10823,1,train
10963,1,train
11115,1,train
11419,1,train
11603,1,train
11642,1,train
11695,1,train
11726,1,train
11934,1,train
11941,1,train
12024,1,train
12141,1,train
12168,1,train
12223,1,train
12521,1,train
12525,1,train
12697,1,train
12765,1,train
13046,1,train
13271,1,train
13350,1,train
13370,1,train
14022,1,train
14338,1,train
14515,1,train
14629,1,train
14732,1,train
14739,1,train
14771,1,train
15339,1,train
15341,1,train
15858,1,train
16171,1,train
16232,1,train
16320,1,train
16339,1,train
16482,1,train
16660,1,train
17068,1,train
17233,1,train
17235,1,train
17299,1,train
17343,1,train
17360,1,train
17462,1,train
17537,1,train
17669,1,train
17833,1,train
17859,1,train
18124,1,train
18205,1,train
18261,1,train
18478,1,train
18712,1,train
18993,1,train
19337,1,train
19886,1,train
20005,1,train
20281,1,train
20761,1,train
21102,1,train
21394,1,train
21402,1,train
17,1,train
137,1,train
227,1,train
239,1,train
299,1,train
760,1,train
985,1,train
1327,1,train
1468,1,train
1520,1,train
1933,1,train
1963,1,train
1977,1,train
2638,1,train
2681,1,train
2871,1,train
3301,1,train
3353,1,train
3626,1,train
3735,1,train
3741,1,train
3965,1,train
4130,1,train
4205,1,train
4940,1,train
5103,1,train
5299,1,train
6150,1,train
6604,1,train
7517,1,train
7724,1,train
7784,1,train
7883,1,train
8076,1,train
8562,1,train
8564,1,train
8725,1,train
8959,1,train
9755,1,train
10037,1,train
10484,1,train
11592,1,train
11612,1,train
11889,1,train
12872,1,train
12920,1,train
12989,1,train
13143,1,train
14052,1,train
14208,1,train
14289,1,train
14342,1,train
14381,1,train
14582,1,train
14935,1,train
14943,1,train
15069,1,train
15534,1,train
15720,1,train
15930,1,train
16729,1,train
16964,1,train
17088,1,train
17138,1,train
17401,1,train
18228,1,train
18322,1,train
18468,1,train
18836,1,train
19532,1,train
20079,1,train
20223,1,train
20908,1,train
21397,1,train
21579,1,train
177,1,train
874,1,train
892,1,train
1077,1,train
1470,1,train
1691,1,train
2551,1,train
2821,1,train
4268,1,train
4519,1,train
5049,1,train
5267,1,train
5648,1,train
6222,1,train
6739,1,train
6906,1,train
7374,1,train
7608,1,train
7830,1,train
8743,1,train
8756,1,train
8811,1,train
8988,1,train
9094,1,train
9583,1,train
9616,1,train
10111,1,train
10122,1,train
10461,1,train
10538,1,train
10618,1,train
11006,1,train
11782,1,train
11857,1,train
12899,1,train
13167,1,train
13588,1,train
13815,1,train
13869,1,train
13891,1,train
14242,1,train
14317,1,train
14564,1,train
14871,1,train
14966,1,train
15768,1,train
15882,1,train
16302,1,train
16422,1,train
16781,1,train
16794,1,train
16910,1,train
17167,1,train
17182,1,train
17519,1,train
18460,1,train
18540,1,train
18557,1,train
19180,1,train
19624,1,train
19663,1,train
20125,1,train
20265,1,train
20289,1,train
20733,1,train
4094,1,train
6265,1,train
7276,1,train
13567,1,train
16105,1,train
19904,1,train
1439,1,train
1837,1,train
2781,1,train
2867,1,train
8869,1,train
12100,1,train
18308,1,train
84,1,train
298,1,train
336,1,train
1102,1,train
1518,1,train
1580,1,train
1738,1,train
1861,1,train
2058,1,train
2242,1,train
2419,1,train
2896,1,train
3473,1,train
3478,1,train
3837,1,train
3912,1,train
3984,1,train
4014,1,train
4120,1,train
4580,1,train
4671,1,train
4776,1,train
4885,1,train
5954,1,train
6085,1,train
6106,1,train
6314,1,train
6335,1,train
6474,1,train
6741,1,train
7164,1,train
7539,1,train
7754,1,train
7800,1,train
7802,1,train
7810,1,train
8151,1,train
8339,1,train
8574,1,train
8588,1,train
9003,1,train
9208,1,train
9218,1,train
9488,1,train
9618,1,train
9767,1,train
9868,1,train
9898,1,train
10494,1,train
10497,1,train
10754,1,train
11152,1,train
11400,1,train
11655,1,train
12022,1,train
12315,1,train
13625,1,train
14191,1,train
15250,1,train
15559,1,train
15599,1,train
15936,1,train
15984,1,train
16196,1,train
16275,1,train
16650,1,train
16780,1,train
16931,1,train
17808,1,train
17876,1,train
17951,1,train
18490,1,train
18630,1,train
18774,1,train
20108,1,train
20470,1,train
21185,1,train
21459,1,train
64,1,train
481,1,train
573,1,train
754,1,train
884,1,train
905,1,train
1341,1,train
1544,1,train
1594,1,train
1909,1,train
2072,1,train
2296,1,train
2384,1,train
2666,1,train
2721,1,train
2809,1,train
2938,1,train
2940,1,train
3257,1,train
3289,1,train
3317,1,train
3643,1,train
3790,1,train
4022,1,train
4513,1,train
4758,1,train
4954,1,train
5304,1,train
5841,1,train
6636,1,train
6869,1,train
7165,1,train
7747,1,train
7791,1,train
7867,1,train
7881,1,train
8230,1,train
8834,1,train
8987,1,train
9113,1,train
9506,1,train
9567,1,train
10046,1,train
10063,1,train
10204,1,train
10432,1,train
10518,1,train
10960,1,train
11017,1,train
11162,1,train
11287,1,train
11387,1,train
11427,1,train
11985,1,train
12205,1,train
12585,1,train
12808,1,train
13165,1,train
13287,1,train
13861,1,train
13929,1,train
13960,1,train
13962,1,train
14074,1,train
14272,1,train
14327,1,train
14341,1,train
14611,1,train
15140,1,train
15464,1,train
15488,1,train
15691,1,train
15733,1,train
16265,1,train
16399,1,train
16504,1,train
16681,1,train
16767,1,train
16783,1,train
17005,1,train
17104,1,train
17142,1,train
17495,1,train
17782,1,train
17870,1,train
17892,1,train
17982,1,train
18095,1,train
18470,1,train
18475,1,train
18637,1,train
19067,1,train
19070,1,train
19106,1,train
19135,1,train
19286,1,train
19307,1,train
19637,1,train
19806,1,train
19867,1,train
19877,1,train
20145,1,train
20629,1,train
21435,1,train
225,1,train
350,1,train
355,1,train
595,1,train
725,1,train
885,1,train
1403,1,train
1516,1,train
1596,1,train
1646,1,train
1728,1,train
2091,1,train
2292,1,train
2446,1,train
3038,1,train
3141,1,train
3229,1,train
3341,1,train
3814,1,train
3964,1,train
4018,1,train
4062,1,train
4089,1,train
4368,1,train
4459,1,train
4726,1,train
5527,1,train
5617,1,train
5729,1,train
5795,1,train
6071,1,train
6226,1,train
6336,1,train
6475,1,train
6503,1,train
6897,1,train
7138,1,train
7511,1,train
7831,1,train
8199,1,train
8465,1,train
8521,1,train
8735,1,train
8816,1,train
8829,1,train
8859,1,train
9147,1,train
9257,1,train
9769,1,train
10142,1,train
10441,1,train
10868,1,train
11261,1,train
11325,1,train
11410,1,train
11613,1,train
11848,1,train
12056,1,train
12112,1,train
12219,1,train
13049,1,train
13230,1,train
13777,1,train
13871,1,train
13899,1,train
14049,1,train
14252,1,train
14561,1,train
14918,1,train
15421,1,train
15631,1,train
15906,1,train
16110,1,train
16160,1,train
16177,1,train
16428,1,train
16718,1,train
16952,1,train
16968,1,train
17017,1,train
17364,1,train
17403,1,train
17679,1,train
17735,1,train
18010,1,train
18949,1,train
19127,1,train
19155,1,train
19217,1,train
19386,1,train
19427,1,train
19504,1,train
19836,1,train
20032,1,train
20180,1,train
20306,1,train
20760,1,train
21075,1,train
21108,1,train
21416,1,train
168,1,train
221,1,train
360,1,train
747,1,train
807,1,train
1022,1,train
1054,1,train
1132,1,train
1183,1,train
1199,1,train
1286,1,train
1336,1,train
1349,1,train
1467,1,train
1735,1,train
1762,1,train
2079,1,train
2513,1,train
2894,1,train
3428,1,train
3512,1,train
3594,1,train
3818,1,train
4005,1,train
4255,1,train
4696,1,train
4957,1,train
5122,1,train
5295,1,train
6018,1,train
6917,1,train
7019,1,train
7086,1,train
7088,1,train
7098,1,train
7917,1,train
8195,1,train
8316,1,train
8380,1,train
8796,1,train
8821,1,train
8931,1,train
8965,1,train
9144,1,train
9693,1,train
9929,1,train
10028,1,train
10064,1,train
10894,1,train
11284,1,train
11899,1,train
11919,1,train
12197,1,train
12226,1,train
12444,1,train
12514,1,train
12834,1,train
12835,1,train
13807,1,train
13878,1,train
14167,1,train
14400,1,train
14507,1,train
14673,1,train
14805,1,train
14960,1,train
15092,1,train
15388,1,train
15466,1,train
15635,1,train
15946,1,train
15995,1,train
16154,1,train
16654,1,train
16812,1,train
16983,1,train
17086,1,train
17158,1,train
17332,1,train
17630,1,train
17815,1,train
18222,1,train
18331,1,train
18370,1,train
18427,1,train
19309,1,train
19920,1,train
20142,1,train
20483,1,train
20526,1,train
20735,1,train
20968,1,train
21157,1,train
804,1,train
832,1,train
1224,1,train
1297,1,train
2935,1,train
3297,1,train
3379,1,train
3653,1,train
3819,1,train
3971,1,train
4429,1,train
4673,1,train
5408,1,train
6983,1,train
7045,1,train
7183,1,train
7200,1,train
7366,1,train
7368,1,train
7404,1,train
8580,1,train
8607,1,train
9267,1,train
9628,1,train
9697,1,train
10491,1,train
10590,1,train
10796,1,train
11209,1,train
11715,1,train
11937,1,train
12139,1,train
12403,1,train
12434,1,train
12451,1,train
12519,1,train
12587,1,train
12607,1,train
12670,1,train
13112,1,train
13200,1,train
13695,1,train
14346,1,train
14369,1,train
14383,1,train
14796,1,train
14839,1,train
14859,1,train
15346,1,train
15561,1,train
15698,1,train
16020,1,train
16435,1,train
17025,1,train
17607,1,train
17613,1,train
17734,1,train
18299,1,train
18609,1,train
19995,1,train
20048,1,train
20226,1,train
20446,1,train
20451,1,train
20592,1,train
21219,1,train
12997,1,train
15574,1,train
16590,1,train
20763,1,train
4690,1,train
7302,1,train
9232,1,train
9781,1,train
13658,1,train
15253,1,train
18455,1,train
18458,1,train
20730,1,train
20826,1,train
78,1,train
376,1,train
682,1,train
1053,1,train
1939,1,train
1951,1,train
2112,1,train
2254,1,train
2276,1,train
2740,1,train
2801,1,train
2831,1,train
2849,1,train
3373,1,train
3417,1,train
3562,1,train
4177,1,train
4554,1,train
4736,1,train
4769,1,train
5655,1,train
6545,1,train
6794,1,train
7013,1,train
7056,1,train
7114,1,train
7182,1,train
7641,1,train
7743,1,train
8371,1,train
8398,1,train
8481,1,train
8739,1,train
8963,1,train
9068,1,train
9182,1,train
9317,1,train
9548,1,train
9582,1,train
9934,1,train
9946,1,train
9999,1,train
10194,1,train
10561,1,train
10565,1,train
10918,1,train
11393,1,train
11968,1,train
12250,1,train
12701,1,train
13130,1,train
13627,1,train
13988,1,train
14102,1,train
14651,1,train
14731,1,train
14755,1,train
14908,1,train
14941,1,train
14962,1,train
16245,1,train
16349,1,train
16420,1,train
16483,1,train
16499,1,train
16585,1,train
16684,1,train
16739,1,train
16795,1,train
16805,1,train
17232,1,train
17238,1,train
17414,1,train
17486,1,train
17551,1,train
17700,1,train
17923,1,train
17933,1,train
18105,1,train
18113,1,train
18130,1,train
18633,1,train
18953,1,train
19192,1,train
19398,1,train
19490,1,train
19589,1,train
19728,1,train
19800,1,train
19913,1,train
19919,1,train
20063,1,train
21019,1,train
21428,1,train
21452,1,train
72,1,train
235,1,train
613,1,train
698,1,train
890,1,train
1025,1,train
1681,1,train
1974,1,train
2105,1,train
2500,1,train
2521,1,train
2690,1,train
3055,1,train
3326,1,train
3540,1,train
3784,1,train
4258,1,train
4596,1,train
4697,1,train
4870,1,train
4988,1,train
4989,1,train
5630,1,train
5639,1,train
5778,1,train
5969,1,train
6109,1,train
6289,1,train
6401,1,train
6442,1,train
6496,1,train
6659,1,train
6723,1,train
7211,1,train
7256,1,train
7549,1,train
7874,1,train
7930,1,train
7972,1,train
8078,1,train
8116,1,train
8119,1,train
8153,1,train
8475,1,train
8909,1,train
9361,1,train
9384,1,train
9437,1,train
9553,1,train
9562,1,train
9604,1,train
10216,1,train
10439,1,train
10587,1,train
10680,1,train
11068,1,train
11096,1,train
11126,1,train
11452,1,train
11525,1,train
12103,1,train
12249,1,train
12329,1,train
12793,1,train
12815,1,train
12929,1,train
13319,1,train
13471,1,train
13793,1,train
14159,1,train
14446,1,train
14468,1,train
15399,1,train
15807,1,train
15915,1,train
16072,1,train
16260,1,train
16445,1,train
16516,1,train
16879,1,train
17060,1,train
17072,1,train
17523,1,train
17794,1,train
17889,1,train
18830,1,train
19360,1,train
19403,1,train
19464,1,train
19625,1,train
19686,1,train
19896,1,train
20129,1,train
20691,1,train
20905,1,train
20983,1,train
21146,1,train
21583,1,train
100,1,train
169,1,train
790,1,train
1300,1,train
1739,1,train
2005,1,train
2094,1,train
2162,1,train
2345,1,train
2366,1,train
2619,1,train
3280,1,train
3328,1,train
3750,1,train
3810,1,train
3914,1,train
3985,1,train
4086,1,train
4665,1,train
4751,1,train
4993,1,train
5463,1,train
5529,1,train
5747,1,train
5786,1,train
5856,1,train
6320,1,train
6644,1,train
6738,1,train
8038,1,train
8537,1,train
8587,1,train
8598,1,train
8619,1,train
8620,1,train
8824,1,train
8943,1,train
9129,1,train
9391,1,train
9662,1,train
9896,1,train
10106,1,train
10229,1,train
10844,1,train
11117,1,train
11198,1,train
11200,1,train
11253,1,train
11791,1,train
12490,1,train
12841,1,train
12861,1,train
12903,1,train
13069,1,train
13272,1,train
14010,1,train
14128,1,train
14163,1,train
14550,1,train
14556,1,train
14737,1,train
15818,1,train
15969,1,train
16029,1,train
16038,1,train
16180,1,train
16696,1,train
16856,1,train
16942,1,train
17366,1,train
17463,1,train
17741,1,train
17894,1,train
18133,1,train
18216,1,train
18319,1,train
18775,1,train
18909,1,train
18967,1,train
19240,1,train
20009,1,train
20093,1,train
20173,1,train
20240,1,train
20515,1,train
20562,1,train
20589,1,train
20701,1,train
20919,1,train
69,1,train
132,1,train
307,1,train
458,1,train
509,1,train
730,1,train
772,1,train
779,1,train
781,1,train
875,1,train
941,1,train
1012,1,train
1568,1,train
2130,1,train
2171,1,train
2305,1,train
2453,1,train
2491,1,train
2700,1,train
2712,1,train
2910,1,train
3840,1,train
3873,1,train
4237,1,train
4289,1,train
4473,1,train
4781,1,train
5454,1,train
5591,1,train
5640,1,train
6030,1,train
6169,1,train
6386,1,train
6451,1,train
6817,1,train
7143,1,train
7391,1,train
7447,1,train
7879,1,train
8276,1,train
8408,1,train
8586,1,train
8717,1,train
9038,1,train
9060,1,train
9080,1,train
9786,1,train
10054,1,train
10385,1,train
10617,1,train
10629,1,train
10940,1,train
11124,1,train
11714,1,train
11928,1,train
12061,1,train
12381,1,train
12448,1,train
12913,1,train
12935,1,train
13294,1,train
13427,1,train
13449,1,train
13641,1,train
13649,1,train
14466,1,train
14840,1,train
15101,1,train
15419,1,train
15575,1,train
15642,1,train
15736,1,train
16028,1,train
16132,1,train
16474,1,train
16556,1,train
17175,1,train
17229,1,train
17526,1,train
17649,1,train
17831,1,train
18771,1,train
19175,1,train
19246,1,train
19585,1,train
20322,1,train
21058,1,train
21345,1,train
21472,1,train
21536,1,train
35,1,train
128,1,train
182,1,train
563,1,train
726,1,train
1501,1,train
1882,1,train
2505,1,train
3239,1,train
3349,1,train
3696,1,train
3944,1,train
3947,1,train
4812,1,train
5471,1,train
5836,1,train
6015,1,train
6421,1,train
6770,1,train
6787,1,train
7067,1,train
7083,1,train
7576,1,train
7584,1,train
7660,1,train
7697,1,train
7954,1,train
8048,1,train
8466,1,train
8880,1,train
9102,1,train
9464,1,train
10173,1,train
10310,1,train
10548,1,train
10646,1,train
10836,1,train
10848,1,train
11331,1,train
11438,1,train
12505,1,train
12579,1,train
12931,1,train
13442,1,train
13477,1,train
13638,1,train
13736,1,train
13812,1,train
14409,1,train
14552,1,train
14875,1,train
15441,1,train
15594,1,train
15986,1,train
16929,1,train
16974,1,train
17129,1,train
17231,1,train
17312,1,train
17388,1,train
17743,1,train
17787,1,train
18066,1,train
18075,1,train
18243,1,train
18310,1,train
19063,1,train
19278,1,train
19367,1,train
19557,1,train
19563,1,train
19611,1,train
20579,1,train
20679,1,train
20917,1,train
21016,1,train
21209,1,train
21272,1,train
494,1,train
1003,1,train
1781,1,train
1876,1,train
4328,1,train
8492,1,train
12604,1,train
20971,1,train
776,1,train
6180,1,train
7457,1,train
8392,1,train
11042,1,train
11589,1,train
16194,1,train
231,1,train
670,1,train
1283,1,train
1690,1,train
1850,1,train
2136,1,train
2272,1,train
2868,1,train
3817,1,train
3918,1,train
3955,1,train
4006,1,train
4532,1,train
4539,1,train
4597,1,train
4682,1,train
4731,1,train
4773,1,train
4931,1,train
5491,1,train
5620,1,train
5649,1,train
5899,1,train
6090,1,train
6502,1,train
6702,1,train
7039,1,train
7104,1,train
7232,1,train
7599,1,train
7686,1,train
7870,1,train
7949,1,train
8060,1,train
8197,1,train
8669,1,train
8782,1,train
9352,1,train
9576,1,train
9579,1,train
9655,1,train
9718,1,train
10008,1,train
10073,1,train
10326,1,train
10578,1,train
10770,1,train
10971,1,train
11122,1,train
11139,1,train
11362,1,train
12372,1,train
12630,1,train
12751,1,train
12865,1,train
12925,1,train
13516,1,train
13652,1,train
13745,1,train
13758,1,train
14234,1,train
15247,1,train
15269,1,train
15579,1,train
15843,1,train
15888,1,train
15903,1,train
16079,1,train
16153,1,train
16167,1,train
16493,1,train
16554,1,train
16602,1,train
17099,1,train
17286,1,train
17510,1,train
18028,1,train
18218,1,train
18273,1,train
18687,1,train
18756,1,train
18809,1,train
18912,1,train
19002,1,train
19479,1,train
19653,1,train
19794,1,train
20453,1,train
20617,1,train
20635,1,train
20900,1,train
21145,1,train
21184,1,train
21297,1,train
21330,1,train
21380,1,train
21438,1,train
614,1,train
1007,1,train
1090,1,train
1629,1,train
1711,1,train
2003,1,train
2010,1,train
2128,1,train
2598,1,train
2754,1,train
3139,1,train
3578,1,train
3615,1,train
3676,1,train
4088,1,train
4308,1,train
4377,1,train
4384,1,train
5431,1,train
5514,1,train
5595,1,train
6111,1,train
6362,1,train
6606,1,train
6880,1,train
7041,1,train
7155,1,train
7192,1,train
7297,1,train
7336,1,train
7633,1,train
7677,1,train
7855,1,train
8092,1,train
8200,1,train
8281,1,train
8426,1,train
8486,1,train
8488,1,train
8615,1,train
8730,1,train
9030,1,train
9409,1,train
9725,1,train
9760,1,train
9807,1,train
10157,1,train
10200,1,train
10956,1,train
11223,1,train
11245,1,train
11379,1,train
11569,1,train
11598,1,train
11630,1,train
11647,1,train
12048,1,train
12119,1,train
12181,1,train
12214,1,train
12297,1,train
12440,1,train
13463,1,train
13656,1,train
13784,1,train
13786,1,train
14025,1,train
14092,1,train
14224,1,train
14311,1,train
14379,1,train
14668,1,train
14783,1,train
14827,1,train
14939,1,train
15051,1,train
15244,1,train
15256,1,train
15303,1,train
15412,1,train
15655,1,train
15801,1,train
15880,1,train
15999,1,train
16392,1,train
16481,1,train
16761,1,train
16799,1,train
17098,1,train
17132,1,train
17177,1,train
17179,1,train
17317,1,train
17359,1,train
17761,1,train
17811,1,train
17980,1,train
17991,1,train
18226,1,train
18432,1,train
18542,1,train
19129,1,train
19244,1,train
19327,1,train
19389,1,train
19847,1,train
19849,1,train
20539,1,train
20556,1,train
20773,1,train
20842,1,train
21505,1,train
21532,1,train
87,1,train
124,1,train
392,1,train
404,1,train
527,1,train
1017,1,train
1343,1,train
1650,1,train
2114,1,train
2410,1,train
2448,1,train
2762,1,train
2797,1,train
3363,1,train
3385,1,train
3577,1,train
4239,1,train
4247,1,train
4695,1,train
5033,1,train
5047,1,train
5132,1,train
5233,1,train
5235,1,train
5458,1,train
6037,1,train
6342,1,train
6444,1,train
6799,1,train
7061,1,train
7238,1,train
7315,1,train
7563,1,train
7764,1,train
8077,1,train
8638,1,train
9196,1,train
9205,1,train
9217,1,train
9545,1,train
9961,1,train
10177,1,train
10520,1,train
10736,1,train
10872,1,train
11065,1,train
11257,1,train
11534,1,train
11866,1,train
11965,1,train
12338,1,train
12352,1,train
12580,1,train
12799,1,train
13047,1,train
13242,1,train
13322,1,train
14166,1,train
14722,1,train
15350,1,train
15413,1,train
15694,1,train
15899,1,train
15966,1,train
16113,1,train
16208,1,train
16431,1,train
16740,1,train
17023,1,train
17124,1,train
17223,1,train
17241,1,train
17891,1,train
17918,1,train
18121,1,train
18369,1,train
18402,1,train
18814,1,train
19019,1,train
19037,1,train
19295,1,train
19342,1,train
19399,1,train
19591,1,train
19883,1,train
20033,1,train
20139,1,train
20182,1,train
20279,1,train
20416,1,train
20988,1,train
21150,1,train
21434,1,train
21508,1,train
21527,1,train
21567,1,train
302,1,train
398,1,train
399,1,train
619,1,train
770,1,train
1835,1,train
2196,1,train
2245,1,train
2401,1,train
2462,1,train
2536,1,train
2614,1,train
2961,1,train
3012,1,train
3015,1,train
3029,1,train
3589,1,train
3862,1,train
3869,1,train
4019,1,train
4549,1,train
4604,1,train
5117,1,train
5371,1,train
5754,1,train
5993,1,train
6113,1,train
6233,1,train
6303,1,train
6384,1,train
7009,1,train
7094,1,train
7222,1,train
7284,1,train
7295,1,train
7299,1,train
7401,1,train
7552,1,train
7873,1,train
7973,1,train
8041,1,train
8164,1,train
8347,1,train
8419,1,train
8572,1,train
8581,1,train
8651,1,train
8973,1,train
9645,1,train
9719,1,train
10241,1,train
10282,1,train
10353,1,train
10822,1,train
10919,1,train
10935,1,train
11146,1,train
11273,1,train
11841,1,train
12074,1,train
12257,1,train
12374,1,train
12455,1,train
12619,1,train
12669,1,train
12800,1,train
13066,1,train
13591,1,train
13834,1,train
13984,1,train
14355,1,train
14463,1,train
14577,1,train
14604,1,train
14666,1,train
15057,1,train
15165,1,train
15473,1,train
15514,1,train
15977,1,train
16169,1,train
16241,1,train
16255,1,train
16337,1,train
16360,1,train
16456,1,train
16485,1,train
16642,1,train
16670,1,train
17405,1,train
17589,1,train
18034,1,train
18770,1,train
18877,1,train
19717,1,train
19782,1,train
20253,1,train
20722,1,train
20801,1,train
21172,1,train
21407,1,train
39,1,train
163,1,train
526,1,train
556,1,train
744,1,train
860,1,train
900,1,train
1113,1,train
1611,1,train
1701,1,train
2067,1,train
2303,1,train
2420,1,train
2524,1,train
2573,1,train
2886,1,train
3061,1,train
3164,1,train
3180,1,train
3284,1,train
3474,1,train
4070,1,train
4103,1,train
4194,1,train
4443,1,train
4566,1,train
4584,1,train
4999,1,train
5036,1,train
5045,1,train
5496,1,train
5622,1,train
6009,1,train
6162,1,train
7090,1,train
7406,1,train
7825,1,train
8035,1,train
8542,1,train
8773,1,train
8871,1,train
8928,1,train
8996,1,train
9180,1,train
9632,1,train
10022,1,train
10088,1,train
10211,1,train
10601,1,train
10743,1,train
10826,1,train
11016,1,train
11215,1,train
11220,1,train
11304,1,train
11424,1,train
11431,1,train
11505,1,train
11685,1,train
11831,1,train
11989,1,train
12167,1,train
12204,1,train
12225,1,train
12298,1,train
12522,1,train
13171,1,train
13508,1,train
13978,1,train
14139,1,train
14262,1,train
14513,1,train
14573,1,train
14804,1,train
15541,1,train
15756,1,train
15939,1,train
16163,1,train
16168,1,train
16285,1,train
16386,1,train
16462,1,train
16511,1,train
16537,1,train
16583,1,train
16607,1,train
16673,1,train
16845,1,train
16918,1,train
17385,1,train
17396,1,train
17438,1,train
17748,1,train
17756,1,train
18743,1,train
18975,1,train
19443,1,train
19548,1,train
19554,1,train
19831,1,train
19865,1,train
19934,1,train
20302,1,train
20362,1,train
20693,1,train
20902,1,train
1542,1,train
3438,1,train
6643,1,train
7356,1,train
8407,1,train
14551,1,train
16073,1,train
18543,1,train
631,1,train
1685,1,train
2519,1,train
2658,1,train
2682,1,train
3993,1,train
5486,1,train
5906,1,train
6387,1,train
9843,1,train
15186,1,train
16309,1,train
117,1,train
397,1,train
470,1,train
621,1,train
676,1,train
791,1,train
923,1,train
937,1,train
968,1,train
1060,1,train
1116,1,train
1186,1,train
1223,1,train
1241,1,train
1369,1,train
1478,1,train
1508,1,train
1726,1,train
1820,1,train
1994,1,train
2064,1,train
2281,1,train
2567,1,train
2757,1,train
3011,1,train
3344,1,train
3425,1,train
3451,1,train
3583,1,train
3706,1,train
3724,1,train
3759,1,train
4076,1,train
4215,1,train
4306,1,train
4351,1,train
4570,1,train
4575,1,train
4666,1,train
4723,1,train
4738,1,train
5098,1,train
5287,1,train
5424,1,train
5464,1,train
5481,1,train
5870,1,train
5891,1,train
6038,1,train
6066,1,train
6230,1,train
6357,1,train
6600,1,train
6656,1,train
6712,1,train
6927,1,train
7119,1,train
7129,1,train
7464,1,train
7509,1,train
7989,1,train
8135,1,train
8180,1,train
8682,1,train
8748,1,train
8939,1,train
9004,1,train
9023,1,train
9214,1,train
9360,1,train
9365,1,train
9571,1,train
9574,1,train
9649,1,train
9759,1,train
10334,1,train
10466,1,train
10566,1,train
10586,1,train
10596,1,train
10663,1,train
11005,1,train
11232,1,train
11246,1,train
11548,1,train
11576,1,train
11729,1,train
11798,1,train
11842,1,train
12140,1,train
12424,1,train
12425,1,train
12460,1,train
12715,1,train
12718,1,train
13503,1,train
13662,1,train
13752,1,train
14188,1,train
14372,1,train
14386,1,train
14504,1,train
14746,1,train
14897,1,train
14996,1,train
15467,1,train
15526,1,train
15628,1,train
15771,1,train
16151,1,train
16224,1,train
16236,1,train
16326,1,train
16728,1,train
16826,1,train
17164,1,train
17344,1,train
17611,1,train
17970,1,train
18137,1,train
18207,1,train
18410,1,train
18461,1,train
18489,1,train
18614,1,train
18647,1,train
18791,1,train
19038,1,train
19288,1,train
20016,1,train
20076,1,train
20107,1,train
20147,1,train
20403,1,train
20742,1,train
21059,1,train
21125,1,train
21230,1,train
21479,1,train
21529,1,train
21578,1,train
21610,1,train
28,1,train
32,1,train
300,1,train
533,1,train
635,1,train
769,1,train
1244,1,train
1352,1,train
1480,1,train
1531,1,train
1632,1,train
1821,1,train
1843,1,train
1892,1,train
2413,1,train
2568,1,train
2610,1,train
2696,1,train
3274,1,train
3295,1,train
3391,1,train
3488,1,train
3656,1,train
3943,1,train
4457,1,train
4733,1,train
4912,1,train
4998,1,train
5270,1,train
5434,1,train
5460,1,train
5669,1,train
5674,1,train
5702,1,train
5726,1,train
5728,1,train
6048,1,train
6507,1,train
6571,1,train
6708,1,train
6771,1,train
6994,1,train
7079,1,train
7518,1,train
7621,1,train
7689,1,train
8039,1,train
8233,1,train
8320,1,train
8348,1,train
8384,1,train
8449,1,train
8831,1,train
9024,1,train
9178,1,train
9189,1,train
9743,1,train
9774,1,train
9823,1,train
9830,1,train
9871,1,train
10018,1,train
10225,1,train
10395,1,train
10530,1,train
10594,1,train
10747,1,train
10776,1,train
10924,1,train
10977,1,train
11159,1,train
11342,1,train
11407,1,train
11945,1,train
11955,1,train
11997,1,train
12038,1,train
12106,1,train
12422,1,train
12436,1,train
12517,1,train
12621,1,train
12832,1,train
13067,1,train
13229,1,train
14027,1,train
14045,1,train
14176,1,train
14294,1,train
14343,1,train
14359,1,train
14570,1,train
15324,1,train
15605,1,train
16179,1,train
16779,1,train
16955,1,train
17042,1,train
17172,1,train
17279,1,train
17556,1,train
17721,1,train
17727,1,train
17958,1,train
18032,1,train
18610,1,train
18738,1,train
18754,1,train
19028,1,train
19282,1,train
19575,1,train
20040,1,train
20104,1,train
20127,1,train
20372,1,train
20429,1,train
20610,1,train
20754,1,train
146,1,train
193,1,train
386,1,train
695,1,train
710,1,train
966,1,train
1123,1,train
1251,1,train
1261,1,train
1272,1,train
1370,1,train
1380,1,train
1444,1,train
1581,1,train
1763,1,train
2124,1,train
2173,1,train
2221,1,train
2450,1,train
2458,1,train
2514,1,train
2601,1,train
2680,1,train
2979,1,train
2982,1,train
3248,1,train
3346,1,train
3447,1,train
3625,1,train
3697,1,train
3899,1,train
3973,1,train
4251,1,train
4614,1,train
5249,1,train
5731,1,train
5798,1,train
5824,1,train
6126,1,train
6211,1,train
6242,1,train
6383,1,train
6528,1,train
6578,1,train
6632,1,train
6750,1,train
6854,1,train
7006,1,train
7141,1,train
7613,1,train
7720,1,train
7727,1,train
8101,1,train
8213,1,train
8394,1,train
8747,1,train
8833,1,train
8867,1,train
9040,1,train
9117,1,train
9159,1,train
9494,1,train
9779,1,train
10244,1,train
10451,1,train
10690,1,train
10891,1,train
10975,1,train
11262,1,train
11450,1,train
11529,1,train
11666,1,train
11797,1,train
11882,1,train
11980,1,train
12385,1,train
12449,1,train
13196,1,train
13305,1,train
13310,1,train
13343,1,train
13418,1,train
13451,1,train
13453,1,train
13472,1,train
13775,1,train
13853,1,train
13889,1,train
14011,1,train
14043,1,train
14205,1,train
14258,1,train
14292,1,train
14315,1,train
14546,1,train
15053,1,train
15297,1,train
15870,1,train
16313,1,train
16757,1,train
17013,1,train
17207,1,train
17716,1,train
18099,1,train
18210,1,train
18352,1,train
18547,1,train
18624,1,train
18662,1,train
18713,1,train
18986,1,train
19021,1,train
19206,1,train
19354,1,train
19379,1,train
19494,1,train
19518,1,train
19531,1,train
19801,1,train
19808,1,train
20023,1,train
20146,1,train
20195,1,train
20317,1,train
20329,1,train
20759,1,train
20772,1,train
20866,1,train
21039,1,train
21429,1,train
26,1,train
116,1,train
416,1,train
460,1,train
831,1,train
1180,1,train
1377,1,train
1453,1,train
1509,1,train
1633,1,train
1675,1,train
1959,1,train
2012,1,train
2066,1,train
2636,1,train
2786,1,train
2937,1,train
3431,1,train
3596,1,train
4477,1,train
4657,1,train
4679,1,train
4722,1,train
5001,1,train
5021,1,train
5109,1,train
5190,1,train
5194,1,train
5257,1,train
5803,1,train
5935,1,train
6159,1,train
6404,1,train
6470,1,train
6535,1,train
6558,1,train
6565,1,train
6579,1,train
6873,1,train
7390,1,train
8023,1,train
8024,1,train
8173,1,train
8374,1,train
8436,1,train
8637,1,train
8649,1,train
8753,1,train
9059,1,train
9084,1,train
9099,1,train
9130,1,train
9213,1,train
9525,1,train
9537,1,train
9727,1,train
10030,1,train
10113,1,train
10115,1,train
10316,1,train
10460,1,train
10509,1,train
10859,1,train
10994,1,train
11032,1,train
11272,1,train
11473,1,train
11506,1,train
11905,1,train
12113,1,train
12150,1,train
12349,1,train
12426,1,train
12462,1,train
12479,1,train
12572,1,train
13081,1,train
13222,1,train
13532,1,train
13535,1,train
13632,1,train
13875,1,train
13928,1,train
13986,1,train
14014,1,train
15032,1,train
15309,1,train
15539,1,train
15645,1,train
15940,1,train
16139,1,train
16329,1,train
16806,1,train
16890,1,train
16995,1,train
17101,1,train
17298,1,train
17412,1,train
17460,1,train
17533,1,train
17571,1,train
17779,1,train
17995,1,train
18050,1,train
18157,1,train
18256,1,train
18341,1,train
18595,1,train
18777,1,train
18892,1,train
18972,1,train
19117,1,train
19144,1,train
19195,1,train
19230,1,train
19305,1,train
19604,1,train
20087,1,train
20386,1,train
20734,1,train
20808,1,train
20992,1,train
21001,1,train
21131,1,train
21250,1,train
21517,1,train
21602,1,train
6,1,train
140,1,train
854,1,train
858,1,train
1143,1,train
1458,1,train
1793,1,train
2035,1,train
2077,1,train
2222,1,train
2470,1,train
2564,1,train
2998,1,train
3959,1,train
4340,1,train
4631,1,train
4884,1,train
5137,1,train
6286,1,train
6324,1,train
6345,1,train
7198,1,train
7220,1,train
7420,1,train
7514,1,train
8099,1,train
8550,1,train
8659,1,train
8962,1,train
9169,1,train
9315,1,train
9332,1,train
9570,1,train
9646,1,train
10060,1,train
10339,1,train
10714,1,train
10948,1,train
11105,1,train
11244,1,train
11484,1,train
11657,1,train
11721,1,train
12067,1,train
12402,1,train
12433,1,train
12474,1,train
12689,1,train
12803,1,train
12907,1,train
13429,1,train
13570,1,train
14339,1,train
14842,1,train
15327,1,train
15794,1,train
16137,1,train
16343,1,train
16522,1,train
16649,1,train
17178,1,train
17425,1,train
17712,1,train
18037,1,train
18164,1,train
18259,1,train
18290,1,train
18387,1,train
18464,1,train
18466,1,train
18486,1,train
18525,1,train
18546,1,train
18790,1,train
19177,1,train
19488,1,train
19628,1,train
19810,1,train
19871,1,train
19980,1,train
20235,1,train
20327,1,train
20620,1,train
20710,1,train
20787,1,train
20925,1,train
21226,1,train
21236,1,train
21279,1,train
21552,1,train
1987,1,train
2178,1,train
2204,1,train
4262,1,train
4316,1,train
4453,1,train
7637,1,train
8288,1,train
12487,1,train
14944,1,train
16172,1,train
16186,1,train
16489,1,train
3667,1,train
4545,1,train
7752,1,train
7788,1,train
10748,1,train
15045,1,train
18832,1,train
283,1,train
920,1,train
1328,1,train
1533,1,train
1673,1,train
1749,1,train
2087,1,train
2156,1,train
2618,1,train
2689,1,train
2764,1,train
3002,1,train
3305,1,train
3463,1,train
4054,1,train
4455,1,train
4530,1,train
4563,1,train
4646,1,train
5713,1,train
5743,1,train
5839,1,train
6059,1,train
6220,1,train
6231,1,train
6298,1,train
6368,1,train
6733,1,train
6879,1,train
6980,1,train
7171,1,train
7290,1,train
7488,1,train
7499,1,train
7892,1,train
8401,1,train
8655,1,train
9414,1,train
9554,1,train
9947,1,train
10099,1,train
10954,1,train
11012,1,train
11516,1,train
11673,1,train
11796,1,train
11809,1,train
12700,1,train
12966,1,train
13231,1,train
13565,1,train
13881,1,train
13904,1,train
14696,1,train
14975,1,train
15337,1,train
15478,1,train
15702,1,train
16148,1,train
16187,1,train
16442,1,train
16601,1,train
17057,1,train
17311,1,train
17440,1,train
17629,1,train
18067,1,train
18337,1,train
19474,1,train
19571,1,train
20484,1,train
20597,1,train
20623,1,train
21009,1,train
21154,1,train
21356,1,train
21368,1,train
238,1,train
582,1,train
638,1,train
709,1,train
1600,1,train
1616,1,train
1627,1,train
1677,1,train
1888,1,train
2187,1,train
2233,1,train
2277,1,train
2434,1,train
2800,1,train
3057,1,train
3263,1,train
3411,1,train
3445,1,train
3518,1,train
3576,1,train
3987,1,train
4858,1,train
5099,1,train
5160,1,train
5179,1,train
5246,1,train
5608,1,train
5843,1,train
5861,1,train
6267,1,train
6870,1,train
7035,1,train
7055,1,train
7329,1,train
7398,1,train
7587,1,train
7648,1,train
7943,1,train
8309,1,train
8314,1,train
8387,1,train
8451,1,train
8591,1,train
8602,1,train
8836,1,train
9220,1,train
9295,1,train
9639,1,train
9745,1,train
9799,1,train
9909,1,train
9994,1,train
10147,1,train
10368,1,train
10447,1,train
10470,1,train
10636,1,train
10998,1,train
11271,1,train
11337,1,train
11545,1,train
11602,1,train
11668,1,train
12325,1,train
12529,1,train
12805,1,train
13262,1,train
13444,1,train
13474,1,train
13559,1,train
13586,1,train
13623,1,train
13633,1,train
13761,1,train
13907,1,train
14288,1,train
14374,1,train
14608,1,train
14780,1,train
14821,1,train
14893,1,train
15221,1,train
15381,1,train
15382,1,train
15545,1,train
15553,1,train
15739,1,train
15892,1,train
15923,1,train
16305,1,train
16682,1,train
16943,1,train
17014,1,train
17109,1,train
17159,1,train
18208,1,train
18213,1,train
18232,1,train
18375,1,train
18495,1,train
18575,1,train
19347,1,train
19562,1,train
19747,1,train
20091,1,train
20330,1,train
20489,1,train
20616,1,train
20885,1,train
20891,1,train
20916,1,train
21246,1,train
21447,1,train
21460,1,train
288,1,train
1042,1,train
1155,1,train
1355,1,train
1824,1,train
2972,1,train
3024,1,train
3091,1,train
3409,1,train
3693,1,train
3700,1,train
4592,1,train
4658,1,train
4818,1,train
5000,1,train
5411,1,train
5908,1,train
5910,1,train
6313,1,train
7068,1,train
7216,1,train
7226,1,train
7337,1,train
7361,1,train
7952,1,train
8231,1,train
8645,1,train
9122,1,train
9146,1,train
9544,1,train
10408,1,train
10799,1,train
11100,1,train
11107,1,train
11697,1,train
11792,1,train
11845,1,train
12027,1,train
12282,1,train
12303,1,train
12847,1,train
12940,1,train
13348,1,train
13447,1,train
13821,1,train
14145,1,train
14153,1,train
14179,1,train
14296,1,train
14382,1,train
14408,1,train
14473,1,train
14646,1,train
14866,1,train
14902,1,train
15213,1,train
15223,1,train
15383,1,train
15622,1,train
15632,1,train
15763,1,train
15793,1,train
16165,1,train
16447,1,train
17301,1,train
17694,1,train
17774,1,train
17996,1,train
18015,1,train
18163,1,train
18233,1,train
18302,1,train
18677,1,train
18768,1,train
18979,1,train
19012,1,train
19050,1,train
19311,1,train
19470,1,train
19530,1,train
19685,1,train
20160,1,train
20255,1,train
20333,1,train
20596,1,train
20896,1,train
21151,1,train
21265,1,train
21494,1,train
22,1,train
217,1,train
280,1,train
334,1,train
1106,1,train
1294,1,train
1364,1,train
1552,1,train
2206,1,train
2297,1,train
2486,1,train
3359,1,train
3545,1,train
3646,1,train
4400,1,train
4526,1,train
4594,1,train
4633,1,train
5063,1,train
5086,1,train
5128,1,train
5548,1,train
5922,1,train
6174,1,train
6679,1,train
6740,1,train
6954,1,train
6956,1,train
7158,1,train
8583,1,train
8822,1,train
8830,1,train
8896,1,train
9401,1,train
9516,1,train
9608,1,train
9684,1,train
10143,1,train
10969,1,train
10986,1,train
11186,1,train
11538,1,train
11616,1,train
12248,1,train
12332,1,train
12763,1,train
13173,1,train
14233,1,train
14319,1,train
14403,1,train
14738,1,train
14899,1,train
15319,1,train
15737,1,train
15833,1,train
16075,1,train
16307,1,train
16340,1,train
16726,1,train
16771,1,train
17112,1,train
17768,1,train
17895,1,train
18415,1,train
20120,1,train
20140,1,train
20303,1,train
20415,1,train
20723,1,train
20979,1,train
21208,1,train
21310,1,train
21358,1,train
6300,1,train
15822,1,train
8705,1,train
9879,1,train
12592,1,train
14144,1,train
16791,1,train
17222,1,train
2466,1,train
2639,1,train
17081,1,train
42,1,train
138,1,train
561,1,train
647,1,train
1127,1,train
1276,1,train
1375,1,train
1566,1,train
1905,1,train
2108,1,train
2349,1,train
3126,1,train
3152,1,train
3191,1,train
3372,1,train
3453,1,train
3555,1,train
3669,1,train
3836,1,train
4179,1,train
4197,1,train
4987,1,train
5031,1,train
5698,1,train
6033,1,train
6255,1,train
6673,1,train
7078,1,train
7142,1,train
7369,1,train
7498,1,train
8998,1,train
9749,1,train
9959,1,train
10374,1,train
10871,1,train
11061,1,train
11095,1,train
11114,1,train
11135,1,train
11622,1,train
12263,1,train
12475,1,train
13257,1,train
13539,1,train
13896,1,train
14015,1,train
14089,1,train
14155,1,train
14310,1,train
14872,1,train
15080,1,train
15100,1,train
15924,1,train
16345,1,train
16513,1,train
16615,1,train
16984,1,train
17511,1,train
17832,1,train
17963,1,train
18180,1,train
18265,1,train
18453,1,train
19264,1,train
19392,1,train
19433,1,train
19450,1,train
19564,1,train
19596,1,train
19757,1,train
19840,1,train
19903,1,train
20374,1,train
20459,1,train
20528,1,train
20675,1,train
20812,1,train
20937,1,train
20939,1,train
21222,1,train
21546,1,train
21572,1,train
141,1,train
438,1,train
587,1,train
1198,1,train
1374,1,train
1812,1,train
1906,1,train
2142,1,train
2161,1,train
2232,1,train
2579,1,train
2642,1,train
2649,1,train
2710,1,train
2756,1,train
2863,1,train
2884,1,train
2946,1,train
3047,1,train
3308,1,train
3362,1,train
3553,1,train
3561,1,train
3584,1,train
3793,1,train
3892,1,train
3966,1,train
4220,1,train
4292,1,train
4507,1,train
5100,1,train
5239,1,train
5572,1,train
5742,1,train
5785,1,train
5834,1,train
5896,1,train
5940,1,train
5982,1,train
6098,1,train
6559,1,train
6622,1,train
7005,1,train
7223,1,train
7258,1,train
7281,1,train
7400,1,train
7977,1,train
8251,1,train
8362,1,train
8423,1,train
8695,1,train
8713,1,train
8769,1,train
8789,1,train
8840,1,train
9536,1,train
9551,1,train
9568,1,train
9778,1,train
9956,1,train
9969,1,train
10000,1,train
10501,1,train
10516,1,train
10781,1,train
10802,1,train
10831,1,train
11623,1,train
11632,1,train
11766,1,train
11774,1,train
12007,1,train
12364,1,train
13521,1,train
14237,1,train
14366,1,train
14391,1,train
14709,1,train
14727,1,train
15125,1,train
15536,1,train
16209,1,train
16262,1,train
16471,1,train
16733,1,train
16755,1,train
17113,1,train
17264,1,train
17434,1,train
17497,1,train
17601,1,train
17683,1,train
17697,1,train
17899,1,train
17956,1,train
18578,1,train
18594,1,train
18617,1,train
18638,1,train
18795,1,train
18828,1,train
18882,1,train
19027,1,train
19033,1,train
19075,1,train
19098,1,train
19381,1,train
19422,1,train
19813,1,train
19834,1,train
19862,1,train
19864,1,train
20089,1,train
20377,1,train
20756,1,train
20764,1,train
20791,1,train
20794,1,train
20967,1,train
21107,1,train
21271,1,train
21328,1,train
21504,1,train
176,1,train
294,1,train
668,1,train
788,1,train
792,1,train
1176,1,train
1179,1,train
1663,1,train
2015,1,train
2113,1,train
2131,1,train
2240,1,train
2243,1,train
2437,1,train
2607,1,train
2672,1,train
2929,1,train
3084,1,train
3085,1,train
3725,1,train
4203,1,train
4222,1,train
4434,1,train
4876,1,train
5013,1,train
5108,1,train
5443,1,train
5696,1,train
5975,1,train
6110,1,train
6254,1,train
6339,1,train
6426,1,train
6457,1,train
6481,1,train
6483,1,train
6706,1,train
6947,1,train
6986,1,train
7099,1,train
7272,1,train
7407,1,train
7668,1,train
7722,1,train
8464,1,train
8530,1,train
8605,1,train
8792,1,train
8923,1,train
9455,1,train
9475,1,train
9517,1,train
9520,1,train
9838,1,train
9841,1,train
10091,1,train
10109,1,train
10777,1,train
10843,1,train
11007,1,train
11396,1,train
11571,1,train
11585,1,train
11939,1,train
12229,1,train
12301,1,train
12438,1,train
12583,1,train
12614,1,train
12747,1,train
13070,1,train
13433,1,train
13465,1,train
13985,1,train
14111,1,train
14345,1,train
14532,1,train
14645,1,train
14677,1,train
14814,1,train
14913,1,train
14915,1,train
15074,1,train
15434,1,train
15592,1,train
15638,1,train
15759,1,train
15863,1,train
16344,1,train
16628,1,train
16928,1,train
16953,1,train
17247,1,train
17509,1,train
18277,1,train
18417,1,train
18601,1,train
18665,1,train
18787,1,train
18793,1,train
18807,1,train
18943,1,train
18952,1,train
18982,1,train
19064,1,train
19147,1,train
19350,1,train
19780,1,train
19888,1,train
20238,1,train
20349,1,train
20513,1,train
20583,1,train
20664,1,train
20852,1,train
21063,1,train
21207,1,train
21258,1,train
21298,1,train
21421,1,train
21440,1,train
73,1,train
295,1,train
419,1,train
1069,1,train
1187,1,train
1255,1,train
1674,1,train
1966,1,train
2708,1,train
2923,1,train
3083,1,train
3877,1,train
4010,1,train
4052,1,train
4273,1,train
4371,1,train
4718,1,train
4886,1,train
5007,1,train
5174,1,train
5191,1,train
5359,1,train
5446,1,train
5495,1,train
5554,1,train
5631,1,train
5738,1,train
5931,1,train
6087,1,train
6269,1,train
6385,1,train
6437,1,train
7132,1,train
7348,1,train
7415,1,train
7767,1,train
8100,1,train
8319,1,train
8616,1,train
8622,1,train
8716,1,train
8910,1,train
8985,1,train
9076,1,train
9219,1,train
10407,1,train
10531,1,train
10620,1,train
10875,1,train
11170,1,train
11258,1,train
11328,1,train
11755,1,train
12173,1,train
12994,1,train
13075,1,train
13726,1,train
14249,1,train
14509,1,train
14590,1,train
14774,1,train
14880,1,train
15062,1,train
15519,1,train
15616,1,train
16314,1,train
16748,1,train
16878,1,train
17224,1,train
17342,1,train
17863,1,train
17953,1,train
18520,1,train
18644,1,train
18757,1,train
18812,1,train
19049,1,train
19087,1,train
19341,1,train
19664,1,train
19804,1,train
19949,1,train
20100,1,train
20206,1,train
20591,1,train
20818,1,train
21095,1,train
21171,1,train
21423,1,train
21465,1,train
98,1,train
476,1,train
486,1,train
795,1,train
1122,1,train
1483,1,train
1485,1,train
1672,1,train
1689,1,train
2424,1,train
2586,1,train
3515,1,train
3534,1,train
4281,1,train
5346,1,train
5475,1,train
5508,1,train
5755,1,train
5859,1,train
6074,1,train
6271,1,train
6410,1,train
6479,1,train
6489,1,train
6620,1,train
6686,1,train
6939,1,train
7176,1,train
7750,1,train
8220,1,train
8431,1,train
9291,1,train
9434,1,train
9687,1,train
10129,1,train
10171,1,train
10307,1,train
10333,1,train
10498,1,train
10829,1,train
10958,1,train
11183,1,train
11877,1,train
12107,1,train
12540,1,train
12891,1,train
12947,1,train
13205,1,train
13278,1,train
13355,1,train
13394,1,train
13829,1,train
14245,1,train
14600,1,train
14650,1,train
14756,1,train
14820,1,train
14911,1,train
14948,1,train
15012,1,train
15938,1,train
16070,1,train
16907,1,train
17169,1,train
17335,1,train
17489,1,train
18231,1,train
18328,1,train
18392,1,train
18717,1,train
18919,1,train
18926,1,train
19898,1,train
19948,1,train
20031,1,train
20456,1,train
20703,1,train
20726,1,train
21051,1,train
21448,1,train
21458,1,train
21518,1,train
694,1,train
2873,1,train
4462,1,train
4525,1,train
5610,1,train
8432,1,train
18372,1,train
19618,1,train
19710,1,train
8201,1,train
8267,1,train
10071,1,train
746,1,train
903,1,train
1093,1,train
1363,1,train
1396,1,train
1808,1,train
1938,1,train
2018,1,train
2339,1,train
2623,1,train
2747,1,train
2760,1,train
2841,1,train
3105,1,train
3644,1,train
3744,1,train
3774,1,train
3933,1,train
4788,1,train
4902,1,train
4966,1,train
5220,1,train
5292,1,train
5665,1,train
5783,1,train
5838,1,train
5864,1,train
5909,1,train
6285,1,train
6307,1,train
6378,1,train
6447,1,train
6466,1,train
6805,1,train
6816,1,train
6818,1,train
6922,1,train
7147,1,train
7397,1,train
7590,1,train
7659,1,train
7834,1,train
7985,1,train
8042,1,train
8075,1,train
8235,1,train
8429,1,train
8500,1,train
8589,1,train
8647,1,train
9162,1,train
9563,1,train
9723,1,train
9832,1,train
10480,1,train
10625,1,train
10725,1,train
10803,1,train
10881,1,train
10952,1,train
11108,1,train
11389,1,train
11694,1,train
11713,1,train
11775,1,train
11838,1,train
11860,1,train
12006,1,train
12684,1,train
12696,1,train
13062,1,train
13244,1,train
13334,1,train
13347,1,train
13754,1,train
14031,1,train
14236,1,train
14350,1,train
14547,1,train
14633,1,train
14641,1,train
15282,1,train
15566,1,train
15577,1,train
15727,1,train
15848,1,train
15920,1,train
16410,1,train
16467,1,train
16559,1,train
16752,1,train
17121,1,train
17399,1,train
17484,1,train
17508,1,train
17544,1,train
17964,1,train
18168,1,train
18980,1,train
19082,1,train
19276,1,train
19441,1,train
19451,1,train
19489,1,train
19838,1,train
19964,1,train
19979,1,train
20092,1,train
20216,1,train
20272,1,train
20694,1,train
20797,1,train
21099,1,train
21128,1,train
21498,1,train
40,1,train
442,1,train
557,1,train
585,1,train
716,1,train
733,1,train
756,1,train
887,1,train
1044,1,train
1169,1,train
1243,1,train
2329,1,train
2674,1,train
3125,1,train
3234,1,train
3998,1,train
4470,1,train
4626,1,train
4637,1,train
4709,1,train
4748,1,train
4778,1,train
4879,1,train
5051,1,train
5140,1,train
5685,1,train
5842,1,train
5860,1,train
6396,1,train
6598,1,train
6747,1,train
6788,1,train
7351,1,train
7451,1,train
7479,1,train
7674,1,train
7945,1,train
8037,1,train
8337,1,train
8361,1,train
8666,1,train
9239,1,train
9466,1,train
9524,1,train
9813,1,train
10450,1,train
11106,1,train
11274,1,train
11696,1,train
11954,1,train
12034,1,train
12286,1,train
12353,1,train
12477,1,train
12508,1,train
12557,1,train
12843,1,train
13172,1,train
13576,1,train
13689,1,train
13744,1,train
14087,1,train
14461,1,train
14502,1,train
14886,1,train
14940,1,train
14946,1,train
15122,1,train
15212,1,train
15289,1,train
15386,1,train
15422,1,train
15455,1,train
16036,1,train
16116,1,train
16206,1,train
16301,1,train
16747,1,train
16802,1,train
16818,1,train
16916,1,train
17030,1,train
17257,1,train
17361,1,train
17422,1,train
17736,1,train
17960,1,train
18006,1,train
18041,1,train
18051,1,train
18109,1,train
18450,1,train
18508,1,train
19191,1,train
19455,1,train
19481,1,train
19797,1,train
19887,1,train
20094,1,train
20300,1,train
20789,1,train
21252,1,train
47,1,train
202,1,train
411,1,train
767,1,train
853,1,train
889,1,train
952,1,train
1057,1,train
1061,1,train
1082,1,train
1607,1,train
1847,1,train
1853,1,train
2133,1,train
2326,1,train
2664,1,train
2766,1,train
3065,1,train
3072,1,train
3146,1,train
3327,1,train
3400,1,train
3621,1,train
3927,1,train
3969,1,train
4082,1,train
4290,1,train
4433,1,train
4590,1,train
4650,1,train
4833,1,train
4950,1,train
5023,1,train
5113,1,train
5171,1,train
5392,1,train
5714,1,train
5733,1,train
5771,1,train
5794,1,train
6069,1,train
6246,1,train
6340,1,train
6523,1,train
6527,1,train
7502,1,train
7593,1,train
7713,1,train
7936,1,train
8672,1,train
8697,1,train
8846,1,train
9013,1,train
9191,1,train
9523,1,train
9735,1,train
9960,1,train
10249,1,train
10267,1,train
10929,1,train
11121,1,train
11176,1,train
11210,1,train
11353,1,train
11392,1,train
11608,1,train
11621,1,train
12116,1,train
12193,1,train
12506,1,train
12535,1,train
12643,1,train
12856,1,train
12908,1,train
12952,1,train
13259,1,train
13313,1,train
13534,1,train
13805,1,train
14410,1,train
14824,1,train
15199,1,train
15650,1,train
15715,1,train
15728,1,train
16701,1,train
16963,1,train
17022,1,train
17071,1,train
17149,1,train
17920,1,train
18068,1,train
18297,1,train
18401,1,train
18454,1,train
18716,1,train
18805,1,train
18994,1,train
19255,1,train
19844,1,train
20030,1,train
20111,1,train
20626,1,train
20736,1,train
20793,1,train
20985,1,train
21060,1,train
21206,1,train
21227,1,train
21284,1,train
126,1,train
127,1,train
209,1,train
211,1,train
424,1,train
934,1,train
1033,1,train
1218,1,train
1334,1,train
1454,1,train
1688,1,train
1877,1,train
2110,1,train
2646,1,train
2939,1,train
3183,1,train
3226,1,train
3612,1,train
3662,1,train
4175,1,train
4517,1,train
5405,1,train
5760,1,train
5799,1,train
5978,1,train
6135,1,train
6536,1,train
6548,1,train
6830,1,train
6836,1,train
8641,1,train
8890,1,train
9088,1,train
9096,1,train
9209,1,train
9379,1,train
9474,1,train
10023,1,train
10341,1,train
10396,1,train
10540,1,train
10729,1,train
11182,1,train
11832,1,train
11912,1,train
11951,1,train
12000,1,train
12218,1,train
12293,1,train
12589,1,train
12681,1,train
12743,1,train
13191,1,train
13858,1,train
13952,1,train
14036,1,train
15107,1,train
15218,1,train
15942,1,train
16466,1,train
16477,1,train
16644,1,train
16770,1,train
16924,1,train
17313,1,train
17358,1,train
17491,1,train
17776,1,train
17906,1,train
17916,1,train
17938,1,train
18533,1,train
18778,1,train
19223,1,train
19378,1,train
19436,1,train
19508,1,train
19602,1,train
19856,1,train
19912,1,train
20122,1,train
20443,1,train
20874,1,train
21043,1,train
21375,1,train
45,1,train
344,1,train
479,1,train
570,1,train
675,1,train
1579,1,train
1761,1,train
1922,1,train
1998,1,train
2016,1,train
2078,1,train
2195,1,train
2291,1,train
2386,1,train
2482,1,train
2547,1,train
3124,1,train
3307,1,train
3563,1,train
3606,1,train
3622,1,train
3999,1,train
4293,1,train
4401,1,train
4504,1,train
4844,1,train
4938,1,train
4963,1,train
4992,1,train
5672,1,train
5784,1,train
6184,1,train
6515,1,train
6858,1,train
6952,1,train
7025,1,train
7339,1,train
7438,1,train
7768,1,train
8181,1,train
8248,1,train
9181,1,train
9203,1,train
9442,1,train
10052,1,train
10293,1,train
10413,1,train
10832,1,train
10885,1,train
11453,1,train
11847,1,train
12252,1,train
12624,1,train
12628,1,train
12648,1,train
12909,1,train
13059,1,train
13332,1,train
13420,1,train
13578,1,train
13958,1,train
14202,1,train
14206,1,train
14613,1,train
14754,1,train
14931,1,train
15451,1,train
15472,1,train
16027,1,train
16276,1,train
16758,1,train
16950,1,train
17035,1,train
17351,1,train
17549,1,train
17837,1,train
18024,1,train
18054,1,train
18072,1,train
18194,1,train
18869,1,train
18900,1,train
19187,1,train
19317,1,train
19318,1,train
19428,1,train
20046,1,train
20165,1,train
20360,1,train
20419,1,train
20436,1,train
20622,1,train
20713,1,train
20786,1,train
20861,1,train
21082,1,train
21348,1,train
21363,1,train
21411,1,train
1802,1,train
7174,1,train
12290,1,train
17574,1,train
20336,1,train
2074,1,train
4568,1,train
9186,1,train
10683,1,train
12188,1,train
13095,1,train
16778,1,train
18902,1,train
322,1,train
487,1,train
512,1,train
692,1,train
819,1,train
994,1,train
1811,1,train
1869,1,train
1936,1,train
1981,1,train
2332,1,train
2556,1,train
2763,1,train
2852,1,train
3315,1,train
3930,1,train
3967,1,train
3974,1,train
4037,1,train
4730,1,train
4837,1,train
4849,1,train
4874,1,train
4883,1,train
5083,1,train
5224,1,train
5395,1,train
5418,1,train
5615,1,train
5766,1,train
5936,1,train
5946,1,train
6092,1,train
6175,1,train
6258,1,train
6514,1,train
6701,1,train
6728,1,train
7004,1,train
7306,1,train
7616,1,train
7969,1,train
8280,1,train
8609,1,train
8728,1,train
8844,1,train
9399,1,train
9746,1,train
10086,1,train
10156,1,train
10495,1,train
10544,1,train
10906,1,train
11214,1,train
11368,1,train
11511,1,train
11687,1,train
11706,1,train
11736,1,train
11858,1,train
12105,1,train
12590,1,train
12663,1,train
12870,1,train
13225,1,train
13551,1,train
13991,1,train
14029,1,train
14397,1,train
14660,1,train
14923,1,train
14997,1,train
15021,1,train
15063,1,train
16143,1,train
16395,1,train
16507,1,train
17154,1,train
17161,1,train
17569,1,train
17888,1,train
18033,1,train
18311,1,train
18736,1,train
18904,1,train
18906,1,train
19272,1,train
19440,1,train
19567,1,train
19661,1,train
19706,1,train
19723,1,train
20310,1,train
21046,1,train
21255,1,train
21361,1,train
21463,1,train
337,1,train
432,1,train
441,1,train
555,1,train
596,1,train
712,1,train
847,1,train
915,1,train
1641,1,train
1881,1,train
1903,1,train
2045,1,train
2492,1,train
2606,1,train
2990,1,train
3170,1,train
3199,1,train
3514,1,train
3675,1,train
3689,1,train
3935,1,train
4105,1,train
4234,1,train
4498,1,train
5323,1,train
5350,1,train
5564,1,train
5567,1,train
5962,1,train
6097,1,train
6101,1,train
6133,1,train
6134,1,train
6227,1,train
6353,1,train
6676,1,train
6774,1,train
6999,1,train
7029,1,train
7422,1,train
7651,1,train
8127,1,train
8523,1,train
8777,1,train
8856,1,train
8966,1,train
8983,1,train
9202,1,train
9354,1,train
9585,1,train
9889,1,train
10076,1,train
10262,1,train
10414,1,train
10937,1,train
10945,1,train
11180,1,train
11242,1,train
11255,1,train
11385,1,train
11532,1,train
11562,1,train
11758,1,train
11876,1,train
11895,1,train
12045,1,train
12158,1,train
13188,1,train
13218,1,train
13247,1,train
13704,1,train
13803,1,train
13822,1,train
14105,1,train
14314,1,train
14921,1,train
15008,1,train
15275,1,train
15895,1,train
16310,1,train
16333,1,train
16440,1,train
16521,1,train
17012,1,train
17069,1,train
17393,1,train
17914,1,train
17950,1,train
17978,1,train
18270,1,train
18295,1,train
18625,1,train
19073,1,train
19163,1,train
19235,1,train
19954,1,train
20011,1,train
20294,1,train
20309,1,train
20512,1,train
20523,1,train
20990,1,train
21045,1,train
21353,1,train
107,1,train
183,1,train
197,1,train
290,1,train
318,1,train
345,1,train
413,1,train
550,1,train
654,1,train
1144,1,train
1277,1,train
1384,1,train
1395,1,train
1487,1,train
1638,1,train
1986,1,train
2051,1,train
2104,1,train
2445,1,train
2488,1,train
2652,1,train
2676,1,train
2983,1,train
3261,1,train
3566,1,train
3587,1,train
3593,1,train
3671,1,train
3934,1,train
4004,1,train
4266,1,train
5912,1,train
5947,1,train
6141,1,train
6379,1,train
6388,1,train
6504,1,train
6531,1,train
6641,1,train
6798,1,train
7152,1,train
7687,1,train
7856,1,train
8013,1,train
8132,1,train
8864,1,train
8999,1,train
9050,1,train
9103,1,train
9324,1,train
10278,1,train
10607,1,train
10708,1,train
10828,1,train
10997,1,train
11002,1,train
11185,1,train
11665,1,train
11740,1,train
11754,1,train
11756,1,train
11885,1,train
12132,1,train
12185,1,train
12232,1,train
13243,1,train
13723,1,train
13854,1,train
14487,1,train
14488,1,train
14642,1,train
14712,1,train
14810,1,train
14823,1,train
14961,1,train
14973,1,train
15391,1,train
16203,1,train
16346,1,train
16869,1,train
16875,1,train
16993,1,train
17206,1,train
17408,1,train
17541,1,train
17545,1,train
17632,1,train
17900,1,train
17957,1,train
18044,1,train
18120,1,train
18223,1,train
18549,1,train
19339,1,train
19536,1,train
19746,1,train
19829,1,train
19942,1,train
20357,1,train
20384,1,train
20998,1,train
21017,1,train
21049,1,train
21064,1,train
21114,1,train
21119,1,train
21312,1,train
973,1,train
1271,1,train
1368,1,train
1649,1,train
1944,1,train
2020,1,train
2416,1,train
2611,1,train
2722,1,train
2753,1,train
2900,1,train
3053,1,train
3081,1,train
3217,1,train
3219,1,train
3855,1,train
4003,1,train
4380,1,train
4397,1,train
4454,1,train
4625,1,train
4790,1,train
5011,1,train
5362,1,train
5419,1,train
5706,1,train
6347,1,train
6393,1,train
6552,1,train
6563,1,train
7007,1,train
7277,1,train
7309,1,train
7470,1,train
8738,1,train
8982,1,train
9468,1,train
9541,1,train
9748,1,train
9772,1,train
9865,1,train
9900,1,train
9931,1,train
10047,1,train
10055,1,train
10150,1,train
10202,1,train
11294,1,train
11403,1,train
11479,1,train
11597,1,train
11662,1,train
12459,1,train
12501,1,train
12550,1,train
12552,1,train
12770,1,train
13517,1,train
13572,1,train
13719,1,train
13914,1,train
13938,1,train
13989,1,train
14059,1,train
14358,1,train
14412,1,train
14891,1,train
15252,1,train
15408,1,train
15518,1,train
15709,1,train
15712,1,train
15820,1,train
16103,1,train
16645,1,train
17372,1,train
17475,1,train
17897,1,train
18171,1,train
18291,1,train
18699,1,train
19083,1,train
19096,1,train
19134,1,train
19241,1,train
19326,1,train
19735,1,train
19889,1,train
20215,1,train
20479,1,train
20777,1,train
21156,1,train
21191,1,train
21244,1,train
93,1,train
110,1,train
180,1,train
329,1,train
893,1,train
1015,1,train
1067,1,train
1087,1,train
1330,1,train
1736,1,train
1991,1,train
2057,1,train
2115,1,train
2199,1,train
2317,1,train
2388,1,train
2901,1,train
2903,1,train
2944,1,train
3043,1,train
3044,1,train
3220,1,train
3296,1,train
3611,1,train
3780,1,train
3905,1,train
4487,1,train
4505,1,train
4644,1,train
4834,1,train
5780,1,train
5823,1,train
5929,1,train
6290,1,train
6462,1,train
7863,1,train
7871,1,train
8241,1,train
8345,1,train
8922,1,train
9073,1,train
9357,1,train
10140,1,train
10582,1,train
10605,1,train
10806,1,train
11024,1,train
11029,1,train
11295,1,train
11366,1,train
11719,1,train
12005,1,train
12102,1,train
12251,1,train
12826,1,train
12930,1,train
13538,1,train
14091,1,train
14147,1,train
14563,1,train
14619,1,train
14627,1,train
14763,1,train
15251,1,train
15314,1,train
15719,1,train
15839,1,train
15935,1,train
15962,1,train
16370,1,train
16457,1,train
16552,1,train
16737,1,train
17009,1,train
17089,1,train
17288,1,train
17445,1,train
17605,1,train
17847,1,train
17922,1,train
18011,1,train
18135,1,train
18496,1,train
18737,1,train
19016,1,train
19062,1,train
19154,1,train
19351,1,train
19475,1,train
19891,1,train
20069,1,train
20231,1,train
20243,1,train
20252,1,train
20603,1,train
20630,1,train
20634,1,train
20662,1,train
20774,1,train
21132,1,train
21405,1,train
21485,1,train
1791,1,train
4000,1,train
4687,1,train
10197,1,train
12254,1,train
14101,1,train
17383,1,train
18888,1,train
20749,1,train
155,1,train
384,1,train
394,1,train
565,1,train
641,1,train
717,1,train
721,1,train
740,1,train
838,1,train
1345,1,train
1481,1,train
1631,1,train
1718,1,train
2023,1,train
2295,1,train
2354,1,train
2407,1,train
2735,1,train
2914,1,train
3007,1,train
3378,1,train
3505,1,train
3605,1,train
4161,1,train
4230,1,train
4302,1,train
4574,1,train
5796,1,train
5797,1,train
6151,1,train
6195,1,train
6971,1,train
7235,1,train
7507,1,train
8712,1,train
8749,1,train
8942,1,train
9225,1,train
9231,1,train
9320,1,train
9381,1,train
9980,1,train
10083,1,train
10090,1,train
10438,1,train
11297,1,train
11371,1,train
11731,1,train
11961,1,train
12077,1,train
12275,1,train
12278,1,train
12561,1,train
12575,1,train
12588,1,train
12928,1,train
13434,1,train
13479,1,train
13564,1,train
14082,1,train
14316,1,train
14926,1,train
15313,1,train
15357,1,train
15602,1,train
15603,1,train
15697,1,train
15838,1,train
16157,1,train
16402,1,train
16498,1,train
16604,1,train
16626,1,train
16676,1,train
16810,1,train
16891,1,train
17722,1,train
17901,1,train
18020,1,train
18309,1,train
18550,1,train
18562,1,train
18570,1,train
18715,1,train
18818,1,train
18936,1,train
19358,1,train
19597,1,train
19620,1,train
19826,1,train
20807,1,train
20958,1,train
21314,1,train
44,1,train
332,1,train
673,1,train
1020,1,train
1158,1,train
1167,1,train
1274,1,train
1620,1,train
1798,1,train
1947,1,train
1962,1,train
2125,1,train
2266,1,train
2856,1,train
3168,1,train
3552,1,train
3655,1,train
3678,1,train
4132,1,train
4183,1,train
4190,1,train
4200,1,train
4691,1,train
5048,1,train
5072,1,train
5543,1,train
5551,1,train
5654,1,train
6216,1,train
6510,1,train
6591,1,train
6653,1,train
6724,1,train
6756,1,train
6863,1,train
7000,1,train
7037,1,train
7049,1,train
7072,1,train
7081,1,train
7144,1,train
7162,1,train
7240,1,train
7702,1,train
7797,1,train
7920,1,train
7994,1,train
8442,1,train
8947,1,train
9002,1,train
9215,1,train
9329,1,train
9335,1,train
9531,1,train
9666,1,train
9700,1,train
9757,1,train
9829,1,train
9927,1,train
10443,1,train
10490,1,train
10637,1,train
11324,1,train
11414,1,train
11475,1,train
11524,1,train
11771,1,train
11786,1,train
11953,1,train
12009,1,train
12064,1,train
12237,1,train
12316,1,train
12594,1,train
12668,1,train
12729,1,train
12944,1,train
13379,1,train
13667,1,train
13678,1,train
13731,1,train
13874,1,train
14168,1,train
14181,1,train
14267,1,train
14607,1,train
15006,1,train
15979,1,train
16219,1,train
16415,1,train
16418,1,train
16969,1,train
17007,1,train
17152,1,train
17170,1,train
17261,1,train
17806,1,train
17941,1,train
18062,1,train
18287,1,train
18831,1,train
18911,1,train
19035,1,train
19099,1,train
19137,1,train
19414,1,train
20045,1,train
20464,1,train
20737,1,train
20776,1,train
21437,1,train
21550,1,train
421,1,train
752,1,train
965,1,train
1133,1,train
1284,1,train
1431,1,train
1872,1,train
2060,1,train
2264,1,train
2713,1,train
2926,1,train
3470,1,train
3509,1,train
3639,1,train
3937,1,train
4431,1,train
4441,1,train
4495,1,train
4601,1,train
4973,1,train
5312,1,train
5547,1,train
5594,1,train
5656,1,train
5813,1,train
6418,1,train
6440,1,train
7076,1,train
7091,1,train
7227,1,train
7229,1,train
7450,1,train
7868,1,train
8052,1,train
8474,1,train
8929,1,train
9309,1,train
9780,1,train
10456,1,train
10946,1,train
11035,1,train
11460,1,train
11591,1,train
11649,1,train
11793,1,train
11823,1,train
12202,1,train
12499,1,train
12725,1,train
12934,1,train
13129,1,train
13724,1,train
14019,1,train
14058,1,train
14099,1,train
14828,1,train
14888,1,train
14967,1,train
15160,1,train
15836,1,train
16081,1,train
16289,1,train
16716,1,train
17919,1,train
18480,1,train
18502,1,train
18510,1,train
19197,1,train
19362,1,train
19394,1,train
19417,1,train
19961,1,train
20036,1,train
20686,1,train
21083,1,train
16,1,train
679,1,train
852,1,train
867,1,train
1371,1,train
1686,1,train
2557,1,train
2833,1,train
3112,1,train
3291,1,train
3516,1,train
3796,1,train
3891,1,train
4272,1,train
4288,1,train
4304,1,train
4451,1,train
4480,1,train
4611,1,train
4628,1,train
4827,1,train
5102,1,train
5365,1,train
5370,1,train
5525,1,train
5800,1,train
5857,1,train
5907,1,train
5979,1,train
6439,1,train
6924,1,train
7016,1,train
7792,1,train
7835,1,train
7901,1,train
8396,1,train
8460,1,train
8903,1,train
8914,1,train
9904,1,train
9924,1,train
10343,1,train
10503,1,train
10815,1,train
11241,1,train
11867,1,train
12270,1,train
13051,1,train
13239,1,train
13302,1,train
13307,1,train
13476,1,train
13675,1,train
13779,1,train
14302,1,train
14354,1,train
14922,1,train
15084,1,train
15124,1,train
15328,1,train
15502,1,train
15725,1,train
15750,1,train
15927,1,train
16022,1,train
16083,1,train
16816,1,train
16821,1,train
17370,1,train
17626,1,train
18422,1,train
18511,1,train
19218,1,train
19289,1,train
19315,1,train
19703,1,train
19812,1,train
19908,1,train
19933,1,train
20550,1,train
20718,1,train
20963,1,train
21105,1,train
389,1,train
1415,1,train
2069,1,train
2123,1,train
2152,1,train
2412,1,train
2525,1,train
2778,1,train
2925,1,train
2954,1,train
3114,1,train
3162,1,train
3277,1,train
3310,1,train
3849,1,train
3922,1,train
3929,1,train
4284,1,train
4381,1,train
4423,1,train
5107,1,train
5197,1,train
5526,1,train
5681,1,train
5782,1,train
6177,1,train
6196,1,train
6777,1,train
7483,1,train
7591,1,train
7600,1,train
7639,1,train
7817,1,train
8105,1,train
8242,1,train
8657,1,train
8793,1,train
10077,1,train
10720,1,train
10778,1,train
10790,1,train
11037,1,train
11670,1,train
11893,1,train
12142,1,train
13037,1,train
13039,1,train
13190,1,train
13256,1,train
13995,1,train
14006,1,train
14264,1,train
14516,1,train
14545,1,train
15361,1,train
15394,1,train
15479,1,train
15918,1,train
16295,1,train
16586,1,train
16784,1,train
17843,1,train
17930,1,train
18395,1,train
18492,1,train
18824,1,train
19161,1,train
19395,1,train
19415,1,train
19437,1,train
19529,1,train
19582,1,train
19731,1,train
19805,1,train
20153,1,train
20342,1,train
20608,1,train
21160,1,train
21362,1,train
21502,1,train
669,1,train
10332,1,train
10401,1,train
12299,1,train
6918,1,train
203,1,train
205,1,train
705,1,train
997,1,train
1423,1,train
2194,1,train
2251,1,train
3205,1,train
3222,1,train
3424,1,train
3704,1,train
3941,1,train
4150,1,train
4330,1,train
4410,1,train
4411,1,train
4725,1,train
4908,1,train
5032,1,train
5607,1,train
6026,1,train
6312,1,train
6557,1,train
7157,1,train
7872,1,train
8089,1,train
8381,1,train
8558,1,train
8604,1,train
8765,1,train
9154,1,train
9776,1,train
10003,1,train
10602,1,train
10682,1,train
10874,1,train
10883,1,train
10955,1,train
11575,1,train
12003,1,train
12153,1,train
12305,1,train
12596,1,train
12804,1,train
12811,1,train
13003,1,train
13154,1,train
13274,1,train
13890,1,train
14072,1,train
14357,1,train
14462,1,train
14479,1,train
14977,1,train
15509,1,train
15686,1,train
15782,1,train
16000,1,train
16129,1,train
16318,1,train
16979,1,train
17221,1,train
17619,1,train
17637,1,train
17943,1,train
18198,1,train
18214,1,train
18320,1,train
18573,1,train
18811,1,train
18845,1,train
18858,1,train
18897,1,train
18961,1,train
19333,1,train
19533,1,train
19632,1,train
19774,1,train
19946,1,train
19992,1,train
20084,1,train
20164,1,train
20261,1,train
20319,1,train
20431,1,train
20563,1,train
20600,1,train
20898,1,train
21117,1,train
21144,1,train
21373,1,train
136,1,train
359,1,train
381,1,train
519,1,train
599,1,train
708,1,train
897,1,train
1386,1,train
1707,1,train
1777,1,train
2032,1,train
2073,1,train
2653,1,train
2772,1,train
2905,1,train
3093,1,train
3467,1,train
3815,1,train
3915,1,train
4066,1,train
4118,1,train
4349,1,train
4481,1,train
5068,1,train
5867,1,train
5920,1,train
6075,1,train
6605,1,train
6759,1,train
6882,1,train
6951,1,train
7193,1,train
7375,1,train
7413,1,train
7443,1,train
7474,1,train
7726,1,train
7813,1,train
7931,1,train
7940,1,train
8561,1,train
8842,1,train
9079,1,train
9229,1,train
9247,1,train
9372,1,train
9501,1,train
9572,1,train
9690,1,train
9715,1,train
9758,1,train
9977,1,train
10431,1,train
10449,1,train
10734,1,train
10939,1,train
11059,1,train
11283,1,train
11884,1,train
11998,1,train
12172,1,train
12578,1,train
12786,1,train
13033,1,train
13099,1,train
13183,1,train
13718,1,train
13999,1,train
14299,1,train
14483,1,train
14496,1,train
14664,1,train
14837,1,train
15075,1,train
15159,1,train
15417,1,train
15630,1,train
15830,1,train
16250,1,train
16300,1,train
16376,1,train
16423,1,train
16439,1,train
16792,1,train
16839,1,train
16877,1,train
16944,1,train
17111,1,train
17140,1,train
17219,1,train
17961,1,train
18156,1,train
18759,1,train
18806,1,train
19025,1,train
19168,1,train
19482,1,train
19666,1,train
19876,1,train
20174,1,train
20312,1,train
20368,1,train
20504,1,train
20569,1,train
20716,1,train
20886,1,train
20889,1,train
20989,1,train
21027,1,train
21234,1,train
147,1,train
356,1,train
406,1,train
809,1,train
821,1,train
909,1,train
975,1,train
1182,1,train
1383,1,train
1406,1,train
1601,1,train
2226,1,train
2439,1,train
2737,1,train
3122,1,train
3181,1,train
3387,1,train
3419,1,train
3739,1,train
4332,1,train
4846,1,train
5340,1,train
5447,1,train
5506,1,train
5566,1,train
5602,1,train
6003,1,train
6651,1,train
6886,1,train
6890,1,train
7109,1,train
7213,1,train
7304,1,train
7772,1,train
7983,1,train
8365,1,train
8377,1,train
8509,1,train
8724,1,train
9802,1,train
9928,1,train
9954,1,train
10007,1,train
10125,1,train
10440,1,train
10547,1,train
10907,1,train
11399,1,train
11767,1,train
11784,1,train
11894,1,train
11959,1,train
12138,1,train
12242,1,train
12741,1,train
13349,1,train
13584,1,train
13587,1,train
14368,1,train
14957,1,train
15133,1,train
15146,1,train
15799,1,train
16058,1,train
16178,1,train
16243,1,train
16317,1,train
16544,1,train
17390,1,train
18423,1,train
18485,1,train
18619,1,train
18852,1,train
18940,1,train
19142,1,train
19758,1,train
19944,1,train
20199,1,train
20385,1,train
20594,1,train
20926,1,train
21067,1,train
21077,1,train
21141,1,train
21276,1,train
157,1,train
1519,1,train
2508,1,train
2883,1,train
2991,1,train
2999,1,train
3078,1,train
3609,1,train
3627,1,train
3632,1,train
4139,1,train
4382,1,train
4702,1,train
4927,1,train
4983,1,train
5058,1,train
5065,1,train
5082,1,train
5164,1,train
5176,1,train
6036,1,train
6156,1,train
6688,1,train
6997,1,train
7444,1,train
7644,1,train
7816,1,train
8090,1,train
8271,1,train
8764,1,train
8843,1,train
8937,1,train
8945,1,train
9356,1,train
9967,1,train
9997,1,train
10403,1,train
10475,1,train
10581,1,train
10696,1,train
11391,1,train
11618,1,train
11834,1,train
12012,1,train
12821,1,train
13457,1,train
13553,1,train
13795,1,train
14640,1,train
15068,1,train
15808,1,train
15898,1,train
16408,1,train
16411,1,train
18079,1,train
18481,1,train
18668,1,train
19468,1,train
19549,1,train
20627,1,train
21175,1,train
21510,1,train
475,1,train
626,1,train
720,1,train
722,1,train
929,1,train
1148,1,train
1253,1,train
1254,1,train
1280,1,train
1804,1,train
2709,1,train
3393,1,train
4212,1,train
4753,1,train
5284,1,train
5611,1,train
6079,1,train
6337,1,train
6449,1,train
6669,1,train
6671,1,train
7578,1,train
8606,1,train
8882,1,train
8944,1,train
8992,1,train
9367,1,train
9433,1,train
9515,1,train
9726,1,train
10080,1,train
10932,1,train
11123,1,train
11806,1,train
11830,1,train
12256,1,train
12327,1,train
12456,1,train
12780,1,train
13209,1,train
13241,1,train
13462,1,train
13728,1,train
13863,1,train
14474,1,train
14521,1,train
14644,1,train
15047,1,train
15246,1,train
15352,1,train
16041,1,train
16142,1,train
16653,1,train
16724,1,train
16835,1,train
16909,1,train
16971,1,train
17137,1,train
17227,1,train
17250,1,train
17446,1,train
17912,1,train
17989,1,train
18003,1,train
18154,1,train
18269,1,train
18296,1,train
18403,1,train
19676,1,train
19753,1,train
20307,1,train
20425,1,train
20999,1,train
21111,1,train
21257,1,train
21331,1,train
21507,1,train
21554,1,train
5085,1,train
13698,1,train
6549,1,train
9863,1,train
10256,1,train
41,1,train
301,1,train
374,1,train
474,1,train
862,1,train
894,1,train
901,1,train
943,1,train
1463,1,train
1705,1,train
1937,1,train
2059,1,train
2236,1,train
2600,1,train
3120,1,train
3186,1,train
3288,1,train
3920,1,train
4221,1,train
4427,1,train
4587,1,train
4968,1,train
5030,1,train
5716,1,train
5789,1,train
6326,1,train
6427,1,train
6516,1,train
6544,1,train
6572,1,train
6932,1,train
7288,1,train
7435,1,train
7602,1,train
7850,1,train
8098,1,train
8411,1,train
8461,1,train
8546,1,train
8618,1,train
8866,1,train
8993,1,train
9456,1,train
9500,1,train
9533,1,train
9674,1,train
9777,1,train
10245,1,train
10477,1,train
10698,1,train
10768,1,train
11277,1,train
11305,1,train
11384,1,train
11404,1,train
11707,1,train
12410,1,train
12708,1,train
12957,1,train
13388,1,train
13531,1,train
13555,1,train
14189,1,train
14274,1,train
14448,1,train
15073,1,train
15517,1,train
15742,1,train
16164,1,train
16576,1,train
16658,1,train
16866,1,train
16930,1,train
17195,1,train
17239,1,train
17750,1,train
17792,1,train
17839,1,train
17862,1,train
18077,1,train
18173,1,train
18335,1,train
18483,1,train
18552,1,train
18555,1,train
18631,1,train
18874,1,train
18879,1,train
19068,1,train
19411,1,train
19480,1,train
19541,1,train
19699,1,train
19716,1,train
19851,1,train
20118,1,train
20143,1,train
20258,1,train
20288,1,train
20325,1,train
20345,1,train
20390,1,train
20482,1,train
20516,1,train
21439,1,train
21488,1,train
21534,1,train
164,1,train
289,1,train
855,1,train
976,1,train
1160,1,train
1408,1,train
1450,1,train
1694,1,train
1955,1,train
2630,1,train
2891,1,train
2960,1,train
2981,1,train
3143,1,train
3585,1,train
4471,1,train
4616,1,train
4777,1,train
5096,1,train
5332,1,train
5524,1,train
6194,1,train
6874,1,train
6949,1,train
7018,1,train
7243,1,train
7606,1,train
7631,1,train
7691,1,train
7738,1,train
8010,1,train
8279,1,train
8312,1,train
8781,1,train
8884,1,train
9148,1,train
9149,1,train
9185,1,train
9331,1,train
9465,1,train
9546,1,train
9737,1,train
9764,1,train
9793,1,train
9888,1,train
10050,1,train
10286,1,train
10292,1,train
10623,1,train
10978,1,train
11044,1,train
11070,1,train
11314,1,train
11634,1,train
12262,1,train
12266,1,train
12639,1,train
12694,1,train
13643,1,train
13782,1,train
13917,1,train
14103,1,train
14217,1,train
14757,1,train
14843,1,train
14910,1,train
14945,1,train
15037,1,train
15153,1,train
15272,1,train
15338,1,train
15482,1,train
15581,1,train
15591,1,train
15819,1,train
16021,1,train
16147,1,train
16561,1,train
16614,1,train
16667,1,train
16822,1,train
16895,1,train
16896,1,train
17001,1,train
17244,1,train
17249,1,train
17534,1,train
17567,1,train
17704,1,train
17910,1,train
18383,1,train
18407,1,train
18418,1,train
18531,1,train
18718,1,train
18896,1,train
20321,1,train
20435,1,train
20938,1,train
21304,1,train
135,1,train
674,1,train
1062,1,train
1162,1,train
1212,1,train
1266,1,train
1855,1,train
2540,1,train
2577,1,train
2859,1,train
2984,1,train
3567,1,train
3791,1,train
3807,1,train
3908,1,train
4047,1,train
4359,1,train
4533,1,train
5088,1,train
5291,1,train
5374,1,train
5404,1,train
5638,1,train
5707,1,train
5722,1,train
6142,1,train
6147,1,train
6316,1,train
6808,1,train
6992,1,train
8027,1,train
8328,1,train
8797,1,train
9110,1,train
9246,1,train
9415,1,train
9842,1,train
10263,1,train
10264,1,train
10361,1,train
10386,1,train
10608,1,train
10673,1,train
10722,1,train
10862,1,train
11027,1,train
11711,1,train
11812,1,train
12354,1,train
12361,1,train
12392,1,train
12781,1,train
12876,1,train
12880,1,train
12939,1,train
13215,1,train
13298,1,train
13924,1,train
13934,1,train
13993,1,train
14100,1,train
14246,1,train
14469,1,train
14495,1,train
14553,1,train
14625,1,train
15372,1,train
15440,1,train
15563,1,train
15621,1,train
15832,1,train
16155,1,train
16754,1,train
17125,1,train
17278,1,train
17280,1,train
17513,1,train
17791,1,train
17868,1,train
17871,1,train
18018,1,train
18036,1,train
18155,1,train
18184,1,train
18317,1,train
18780,1,train
18853,1,train
19484,1,train
19505,1,train
19577,1,train
19817,1,train
20457,1,train
20498,1,train
20959,1,train
21378,1,train
21462,1,train
21596,1,train
267,1,train
567,1,train
625,1,train
818,1,train
1024,1,train
1317,1,train
1353,1,train
1604,1,train
2336,1,train
2382,1,train
2609,1,train
3040,1,train
3601,1,train
3950,1,train
4084,1,train
4320,1,train
4420,1,train
4430,1,train
4463,1,train
4661,1,train
4762,1,train
4860,1,train
5180,1,train
5425,1,train
6020,1,train
6675,1,train
6915,1,train
7207,1,train
7632,1,train
7827,1,train
7865,1,train
8157,1,train
8226,1,train
8721,1,train
9447,1,train
9641,1,train
9815,1,train
9822,1,train
10304,1,train
10464,1,train
10665,1,train
10704,1,train
10908,1,train
11132,1,train
11233,1,train
11322,1,train
11377,1,train
11674,1,train
11854,1,train
12086,1,train
12480,1,train
13314,1,train
13600,1,train
13895,1,train
13951,1,train
14286,1,train
14486,1,train
14762,1,train
14898,1,train
15387,1,train
15521,1,train
15670,1,train
15714,1,train
16097,1,train
16173,1,train
16350,1,train
16454,1,train
16593,1,train
16689,1,train
17341,1,train
17349,1,train
17610,1,train
17904,1,train
17954,1,train
18023,1,train
18266,1,train
18804,1,train
18941,1,train
19074,1,train
19181,1,train
19343,1,train
19387,1,train
19513,1,train
19689,1,train
19778,1,train
20218,1,train
20256,1,train
20280,1,train
20663,1,train
636,1,train
680,1,train
704,1,train
800,1,train
1434,1,train
1782,1,train
2392,1,train
2498,1,train
2626,1,train
2919,1,train
3196,1,train
3664,1,train
4106,1,train
4231,1,train
4520,1,train
4836,1,train
5427,1,train
5461,1,train
5503,1,train
5700,1,train
5872,1,train
5911,1,train
6086,1,train
6317,1,train
6485,1,train
7066,1,train
7519,1,train
8970,1,train
9260,1,train
9319,1,train
10422,1,train
10560,1,train
10662,1,train
11074,1,train
11950,1,train
12559,1,train
13438,1,train
13443,1,train
13530,1,train
13688,1,train
14093,1,train
14953,1,train
15450,1,train
15567,1,train
15586,1,train
16712,1,train
16831,1,train
17583,1,train
17771,1,train
18143,1,train
18767,1,train
18946,1,train
18984,1,train
19345,1,train
19558,1,train
19572,1,train
19671,1,train
19724,1,train
20843,1,train
20947,1,train
21101,1,train
2330,1,train
10606,1,train
13065,1,train
15082,1,train
6154,1,train
6672,1,train
8941,1,train
17517,1,train
190,1,train
498,1,train
524,1,train
1063,1,train
1262,1,train
1354,1,train
1570,1,train
1845,1,train
2237,1,train
2253,1,train
2447,1,train
2603,1,train
2629,1,train
2651,1,train
2730,1,train
3279,1,train
3629,1,train
3804,1,train
3938,1,train
4499,1,train
4552,1,train
4831,1,train
4924,1,train
5280,1,train
5288,1,train
5523,1,train
6429,1,train
6461,1,train
6721,1,train
6966,1,train
7557,1,train
8032,1,train
8207,1,train
8313,1,train
8513,1,train
8522,1,train
8617,1,train
9018,1,train
9406,1,train
10189,1,train
10277,1,train
10342,1,train
10679,1,train
11120,1,train
11326,1,train
12320,1,train
12429,1,train
12794,1,train
12860,1,train
13212,1,train
13374,1,train
14172,1,train
14557,1,train
14811,1,train
15058,1,train
15209,1,train
15304,1,train
15414,1,train
15481,1,train
16019,1,train
16407,1,train
16548,1,train
16685,1,train
16809,1,train
17026,1,train
17044,1,train
17091,1,train
17220,1,train
17415,1,train
17531,1,train
17561,1,train
18081,1,train
18098,1,train
18513,1,train
18916,1,train
19085,1,train
19125,1,train
19146,1,train
19243,1,train
19310,1,train
20766,1,train
21337,1,train
21509,1,train
56,1,train
363,1,train
444,1,train
586,1,train
1114,1,train
1161,1,train
1319,1,train
1366,1,train
2030,1,train
2373,1,train
3290,1,train
3543,1,train
3866,1,train
4079,1,train
4124,1,train
4727,1,train
4915,1,train
5409,1,train
5513,1,train
5708,1,train
5730,1,train
5790,1,train
5900,1,train
5950,1,train
6076,1,train
6127,1,train
6208,1,train
6221,1,train
6247,1,train
6273,1,train
6491,1,train
6574,1,train
6848,1,train
7124,1,train
7150,1,train
7544,1,train
7601,1,train
7900,1,train
8003,1,train
8507,1,train
8989,1,train
9011,1,train
9104,1,train
9477,1,train
9656,1,train
10556,1,train
10692,1,train
10715,1,train
10740,1,train
10779,1,train
11057,1,train
11363,1,train
11402,1,train
11635,1,train
11742,1,train
12755,1,train
12919,1,train
12996,1,train
13179,1,train
13407,1,train
13440,1,train
14047,1,train
14067,1,train
14124,1,train
14140,1,train
14256,1,train
14834,1,train
14930,1,train
15499,1,train
16045,1,train
16066,1,train
16087,1,train
16436,1,train
16547,1,train
17130,1,train
17216,1,train
17217,1,train
17381,1,train
17457,1,train
17527,1,train
18272,1,train
18849,1,train
18851,1,train
18867,1,train
18907,1,train
18929,1,train
19453,1,train
19639,1,train
20344,1,train
20564,1,train
21382,1,train
21548,1,train
150,1,train
514,1,train
602,1,train
737,1,train
1034,1,train
1664,1,train
1827,1,train
1836,1,train
1839,1,train
2343,1,train
2378,1,train
2502,1,train
2992,1,train
3031,1,train
3089,1,train
3100,1,train
3145,1,train
3212,1,train
3558,1,train
3564,1,train
4157,1,train
4321,1,train
4509,1,train
4608,1,train
4638,1,train
4653,1,train
4765,1,train
4892,1,train
5545,1,train
5892,1,train
5957,1,train
6360,1,train
6408,1,train
6450,1,train
6663,1,train
6716,1,train
6968,1,train
7105,1,train
7116,1,train
7140,1,train
7194,1,train
7427,1,train
7504,1,train
7628,1,train
7787,1,train
7995,1,train
8046,1,train
8108,1,train
8323,1,train
8519,1,train
9394,1,train
9404,1,train
9597,1,train
9680,1,train
9845,1,train
9861,1,train
9937,1,train
10005,1,train
10014,1,train
10553,1,train
10738,1,train
10880,1,train
11157,1,train
11269,1,train
11390,1,train
11433,1,train
11790,1,train
12146,1,train
12569,1,train
12756,1,train
12968,1,train
13082,1,train
13118,1,train
13337,1,train
13594,1,train
13676,1,train
13711,1,train
13755,1,train
13780,1,train
13909,1,train
14046,1,train
14239,1,train
14303,1,train
14451,1,train
14512,1,train
14825,1,train
15027,1,train
15031,1,train
15043,1,train
15241,1,train
15268,1,train
15483,1,train
15846,1,train
16056,1,train
16385,1,train
16387,1,train
16510,1,train
17021,1,train
17592,1,train
17785,1,train
18585,1,train
18680,1,train
18921,1,train
19228,1,train
19323,1,train
19570,1,train
20037,1,train
20152,1,train
20186,1,train
20785,1,train
21008,1,train
21139,1,train
21547,1,train
21558,1,train
436,1,train
581,1,train
690,1,train
987,1,train
995,1,train
1175,1,train
2307,1,train
2468,1,train
2597,1,train
2645,1,train
2830,1,train
3436,1,train
3528,1,train
3610,1,train
3659,1,train
3898,1,train
3952,1,train
4224,1,train
4314,1,train
4610,1,train
4652,1,train
4970,1,train
5587,1,train
5660,1,train
5736,1,train
6027,1,train
6789,1,train
6953,1,train
7169,1,train
7672,1,train
7694,1,train
7928,1,train
8437,1,train
8501,1,train
8715,1,train
8757,1,train
9919,1,train
9963,1,train
10004,1,train
10183,1,train
10513,1,train
10661,1,train
11156,1,train
11339,1,train
11369,1,train
11550,1,train
11626,1,train
11690,1,train
11712,1,train
12186,1,train
12216,1,train
13365,1,train
13414,1,train
13621,1,train
13690,1,train
14053,1,train
14210,1,train
14389,1,train
14682,1,train
14881,1,train
15173,1,train
15305,1,train
15356,1,train
15448,1,train
15513,1,train
15897,1,train
16128,1,train
16217,1,train
16283,1,train
17052,1,train
17141,1,train
17189,1,train
17198,1,train
17570,1,train
17819,1,train
18030,1,train
18211,1,train
18817,1,train
18924,1,train
19031,1,train
19485,1,train
19693,1,train
20260,1,train
20509,1,train
20568,1,train
20575,1,train
21070,1,train
220,1,train
296,1,train
825,1,train
1443,1,train
1608,1,train
1970,1,train
2289,1,train
2528,1,train
2968,1,train
2996,1,train
3267,1,train
4075,1,train
4195,1,train
4624,1,train
4819,1,train
5028,1,train
5029,1,train
5059,1,train
6112,1,train
6288,1,train
6666,1,train
6761,1,train
7543,1,train
7915,1,train
8225,1,train
8263,1,train
8981,1,train
9284,1,train
9581,1,train
9849,1,train
10138,1,train
10288,1,train
10329,1,train
10330,1,train
10627,1,train
10664,1,train
10794,1,train
11191,1,train
11298,1,train
11302,1,train
11370,1,train
11541,1,train
11801,1,train
11816,1,train
11824,1,train
11906,1,train
11963,1,train
12053,1,train
12234,1,train
12488,1,train
12649,1,train
12711,1,train
12740,1,train
13774,1,train
13935,1,train
14003,1,train
14013,1,train
14184,1,train
14250,1,train
14353,1,train
14434,1,train
14471,1,train
14523,1,train
14568,1,train
14788,1,train
14919,1,train
15083,1,train
15370,1,train
15384,1,train
15409,1,train
15682,1,train
16006,1,train
16100,1,train
16304,1,train
16444,1,train
16698,1,train
16851,1,train
16883,1,train
16947,1,train
17160,1,train
17757,1,train
17866,1,train
17879,1,train
18117,1,train
18202,1,train
18346,1,train
18376,1,train
18611,1,train
18786,1,train
19003,1,train
19212,1,train
19252,1,train
19515,1,train
19569,1,train
19612,1,train
19730,1,train
20038,1,train
20124,1,train
21294,1,train
21301,1,train
21344,1,train
12467,1,train
13702,1,train
13997,1,train
16588,1,train
17208,1,train
20248,1,train
20339,1,train
18898,1,train
18922,1,train
68,1,train
401,1,train
603,1,train
888,1,train
969,1,train
1023,1,train
1048,1,train
1110,1,train
1447,1,train
1526,1,train
1717,1,train
2280,1,train
2353,1,train
2499,1,train
2792,1,train
3001,1,train
3683,1,train
3754,1,train
4307,1,train
5232,1,train
5242,1,train
5429,1,train
5603,1,train
5988,1,train
6592,1,train
6689,1,train
6849,1,train
7225,1,train
7313,1,train
7619,1,train
7828,1,train
7854,1,train
7889,1,train
8021,1,train
8184,1,train
8334,1,train
8525,1,train
8544,1,train
8860,1,train
9167,1,train
9344,1,train
9482,1,train
9707,1,train
9744,1,train
9866,1,train
9907,1,train
9958,1,train
10162,1,train
10471,1,train
10716,1,train
10782,1,train
10804,1,train
11341,1,train
11469,1,train
11513,1,train
11629,1,train
11722,1,train
11779,1,train
11799,1,train
11929,1,train
11948,1,train
12010,1,train
12351,1,train
12443,1,train
12547,1,train
12829,1,train
12999,1,train
13552,1,train
13603,1,train
13920,1,train
14385,1,train
14801,1,train
14878,1,train
14887,1,train
15335,1,train
15400,1,train
15537,1,train
15612,1,train
15660,1,train
15701,1,train
15753,1,train
15762,1,train
15929,1,train
16492,1,train
16661,1,train
17394,1,train
17676,1,train
17797,1,train
17860,1,train
17869,1,train
18004,1,train
18165,1,train
18343,1,train
18389,1,train
18714,1,train
18917,1,train
19088,1,train
19402,1,train
19497,1,train
19615,1,train
19660,1,train
19932,1,train
20521,1,train
21134,1,train
21197,1,train
21308,1,train
21324,1,train
21520,1,train
21603,1,train
21,1,train
244,1,train
338,1,train
880,1,train
1437,1,train
1461,1,train
1491,1,train
2095,1,train
2160,1,train
2576,1,train
3195,1,train
3406,1,train
3486,1,train
3517,1,train
3548,1,train
3745,1,train
3746,1,train
3763,1,train
3801,1,train
4007,1,train
4396,1,train
4484,1,train
4771,1,train
5177,1,train
5248,1,train
5305,1,train
5379,1,train
5432,1,train
5693,1,train
5756,1,train
6057,1,train
6146,1,train
6460,1,train
6705,1,train
7254,1,train
7362,1,train
7408,1,train
7532,1,train
7624,1,train
7760,1,train
7778,1,train
7950,1,train
8258,1,train
8661,1,train
8720,1,train
8750,1,train
8841,1,train
8918,1,train
8934,1,train
9058,1,train
9138,1,train
9292,1,train
9412,1,train
9449,1,train
9683,1,train
9831,1,train
10151,1,train
10178,1,train
10860,1,train
10897,1,train
10957,1,train
11739,1,train
11843,1,train
11887,1,train
12163,1,train
12342,1,train
12524,1,train
12537,1,train
12673,1,train
12971,1,train
13192,1,train
13344,1,train
13566,1,train
13683,1,train
13684,1,train
13818,1,train
13959,1,train
14398,1,train
14489,1,train
14789,1,train
14883,1,train
15142,1,train
15151,1,train
15182,1,train
15190,1,train
15233,1,train
15243,1,train
15331,1,train
15675,1,train
15813,1,train
16055,1,train
16368,1,train
16669,1,train
16836,1,train
16902,1,train
17255,1,train
17318,1,train
17554,1,train
18149,1,train
18623,1,train
18881,1,train
19094,1,train
19116,1,train
19193,1,train
19232,1,train
19510,1,train
19521,1,train
19752,1,train
19819,1,train
20052,1,train
20054,1,train
20114,1,train
20295,1,train
20358,1,train
20625,1,train
20783,1,train
20977,1,train
58,1,train
109,1,train
1081,1,train
1227,1,train
1530,1,train
1759,1,train
1918,1,train
2298,1,train
2362,1,train
2391,1,train
2393,1,train
2479,1,train
2511,1,train
3347,1,train
3602,1,train
3698,1,train
3972,1,train
3997,1,train
4117,1,train
4232,1,train
4362,1,train
5111,1,train
5196,1,train
5353,1,train
5383,1,train
5476,1,train
5625,1,train
5641,1,train
5725,1,train
5825,1,train
5833,1,train
6456,1,train
7033,1,train
7059,1,train
7074,1,train
7199,1,train
7204,1,train
7292,1,train
7429,1,train
7846,1,train
7906,1,train
7996,1,train
8068,1,train
8149,1,train
8327,1,train
8468,1,train
8611,1,train
8832,1,train
9316,1,train
9633,1,train
9826,1,train
10056,1,train
10231,1,train
10352,1,train
10382,1,train
10995,1,train
11090,1,train
11118,1,train
11184,1,train
12171,1,train
12387,1,train
12666,1,train
12962,1,train
12998,1,train
13373,1,train
13456,1,train
13846,1,train
13884,1,train
14057,1,train
14061,1,train
14073,1,train
14141,1,train
14436,1,train
14751,1,train
14761,1,train
14933,1,train
15113,1,train
15310,1,train
16114,1,train
16800,1,train
16804,1,train
16867,1,train
16872,1,train
16901,1,train
16903,1,train
17046,1,train
17290,1,train
17485,1,train
18002,1,train
18127,1,train
18342,1,train
18792,1,train
19798,1,train
19962,1,train
19965,1,train
20178,1,train
20674,1,train
20755,1,train
21142,1,train
21143,1,train
61,1,train
218,1,train
361,1,train
753,1,train
918,1,train
944,1,train
1165,1,train
1521,1,train
1858,1,train
1915,1,train
1948,1,train
2048,1,train
3052,1,train
3211,1,train
3399,1,train
3740,1,train
4242,1,train
4460,1,train
4578,1,train
5199,1,train
5308,1,train
5624,1,train
5994,1,train
6088,1,train
8070,1,train
8205,1,train
8285,1,train
9473,1,train
9483,1,train
9644,1,train
9692,1,train
10668,1,train
10842,1,train
10951,1,train
11004,1,train
11031,1,train
11129,1,train
11177,1,train
11231,1,train
11329,1,train
12213,1,train
12421,1,train
12652,1,train
12761,1,train
12912,1,train
13528,1,train
14028,1,train
14198,1,train
14639,1,train
14838,1,train
14929,1,train
14968,1,train
15700,1,train
15889,1,train
16426,1,train
16853,1,train
17304,1,train
17378,1,train
17439,1,train
17726,1,train
17983,1,train
18292,1,train
18587,1,train
19233,1,train
19486,1,train
19613,1,train
19635,1,train
20003,1,train
20161,1,train
20700,1,train
20770,1,train
20838,1,train
20894,1,train
20930,1,train
21073,1,train
21400,1,train
21585,1,train
259,1,train
1258,1,train
1438,1,train
1524,1,train
1867,1,train
1942,1,train
2688,1,train
2723,1,train
2727,1,train
2745,1,train
2848,1,train
2904,1,train
2970,1,train
2974,1,train
4388,1,train
4491,1,train
5986,1,train
6550,1,train
6973,1,train
7758,1,train
8850,1,train
9538,1,train
9704,1,train
10265,1,train
10684,1,train
10744,1,train
11423,1,train
11527,1,train
11563,1,train
11874,1,train
12287,1,train
12484,1,train
13490,1,train
13725,1,train
14390,1,train
14435,1,train
14730,1,train
15035,1,train
15138,1,train
15170,1,train
15664,1,train
15665,1,train
16125,1,train
16277,1,train
17539,1,train
18364,1,train
19251,1,train
19363,1,train
19372,1,train
19544,1,train
19820,1,train
20134,1,train
20870,1,train
20964,1,train
21055,1,train
21203,1,train
21267,1,train
15769,1,train
3331,1,train
12518,1,train
21424,1,train
477,1,train
822,1,train
1642,1,train
5721,1,train
7430,1,train
13860,1,train
234,1,train
553,1,train
593,1,train
659,1,train
755,1,train
930,1,train
1332,1,train
1932,1,train
2309,1,train
2406,1,train
2889,1,train
2913,1,train
2942,1,train
3371,1,train
3442,1,train
3672,1,train
3701,1,train
3956,1,train
4068,1,train
4236,1,train
4270,1,train
4338,1,train
4909,1,train
4974,1,train
6240,1,train
6589,1,train
6831,1,train
6855,1,train
6926,1,train
6979,1,train
7153,1,train
7175,1,train
7643,1,train
7962,1,train
8681,1,train
9141,1,train
9298,1,train
9441,1,train
9509,1,train
9944,1,train
9952,1,train
10203,1,train
10459,1,train
10521,1,train
10644,1,train
10645,1,train
12029,1,train
12356,1,train
12571,1,train
12978,1,train
13410,1,train
13523,1,train
14283,1,train
14954,1,train
15034,1,train
15558,1,train
15904,1,train
16448,1,train
16528,1,train
16849,1,train
17037,1,train
17674,1,train
17754,1,train
18040,1,train
18087,1,train
18252,1,train
18351,1,train
18449,1,train
18556,1,train
18564,1,train
18634,1,train
19040,1,train
19382,1,train
19478,1,train
19576,1,train
19963,1,train
19978,1,train
20481,1,train
21018,1,train
21466,1,train
224,1,train
433,1,train
749,1,train
1068,1,train
1172,1,train
1591,1,train
1614,1,train
1770,1,train
2041,1,train
2201,1,train
2250,1,train
2457,1,train
2472,1,train
2824,1,train
2978,1,train
3272,1,train
3657,1,train
3923,1,train
4521,1,train
4669,1,train
4787,1,train
4842,1,train
4911,1,train
5367,1,train
5652,1,train
5763,1,train
7490,1,train
7721,1,train
8082,1,train
8185,1,train
8512,1,train
8600,1,train
8855,1,train
8958,1,train
9067,1,train
9303,1,train
9425,1,train
9578,1,train
9686,1,train
10866,1,train
10909,1,train
10920,1,train
11179,1,train
11275,1,train
11276,1,train
11296,1,train
11365,1,train
11517,1,train
11533,1,train
12081,1,train
12470,1,train
12593,1,train
12936,1,train
13002,1,train
13436,1,train
13487,1,train
13770,1,train
13892,1,train
13979,1,train
14285,1,train
14713,1,train
14988,1,train
14999,1,train
15054,1,train
15236,1,train
15491,1,train
15677,1,train
16840,1,train
16899,1,train
17376,1,train
17807,1,train
18347,1,train
18416,1,train
18608,1,train
18829,1,train
18944,1,train
18970,1,train
19561,1,train
19715,1,train
20213,1,train
20394,1,train
21126,1,train
21241,1,train
21365,1,train
89,1,train
222,1,train
590,1,train
955,1,train
1181,1,train
1207,1,train
1290,1,train
1704,1,train
1724,1,train
1833,1,train
2139,1,train
2169,1,train
2183,1,train
2200,1,train
2363,1,train
2516,1,train
2825,1,train
2953,1,train
2985,1,train
3444,1,train
3661,1,train
3940,1,train
4761,1,train
4814,1,train
5131,1,train
5262,1,train
5510,1,train
5560,1,train
5732,1,train
6120,1,train
8133,1,train
9143,1,train
9160,1,train
9652,1,train
9724,1,train
9990,1,train
10093,1,train
10445,1,train
10592,1,train
11137,1,train
11201,1,train
11383,1,train
11559,1,train
11659,1,train
11962,1,train
12752,1,train
13140,1,train
13614,1,train
13655,1,train
13769,1,train
14083,1,train
14312,1,train
14531,1,train
15358,1,train
15470,1,train
15511,1,train
15717,1,train
16064,1,train
16222,1,train
16223,1,train
16298,1,train
16324,1,train
16612,1,train
16922,1,train
17334,1,train
17427,1,train
17576,1,train
17641,1,train
17660,1,train
18930,1,train
19108,1,train
19268,1,train
19781,1,train
20057,1,train
20549,1,train
20743,1,train
20840,1,train
20853,1,train
21302,1,train
184,1,train
285,1,train
327,1,train
388,1,train
1163,1,train
1219,1,train
1367,1,train
1402,1,train
1612,1,train
1901,1,train
1946,1,train
1985,1,train
2009,1,train
2137,1,train
2287,1,train
2726,1,train
3151,1,train
3623,1,train
3641,1,train
3821,1,train
3949,1,train
3961,1,train
4426,1,train
4997,1,train
5537,1,train
5542,1,train
5902,1,train
6179,1,train
6494,1,train
7180,1,train
7737,1,train
7963,1,train
8124,1,train
8658,1,train
8794,1,train
9142,1,train
9383,1,train
10127,1,train
10210,1,train
10488,1,train
11085,1,train
11311,1,train
11320,1,train
13148,1,train
13493,1,train
13766,1,train
13870,1,train
13966,1,train
13992,1,train
14138,1,train
14257,1,train
14429,1,train
14693,1,train
14749,1,train
14798,1,train
14914,1,train
15197,1,train
15529,1,train
15601,1,train
15783,1,train
15854,1,train
15893,1,train
16093,1,train
16210,1,train
16348,1,train
16745,1,train
16913,1,train
17123,1,train
17466,1,train
17737,1,train
17799,1,train
17802,1,train
18064,1,train
18603,1,train
18819,1,train
18884,1,train
19205,1,train
19406,1,train
20383,1,train
20478,1,train
20744,1,train
20851,1,train
21212,1,train
521,1,train
4775,1,train
4810,1,train
6751,1,train
15516,1,train
3350,1,train
20657,1,train
95,1,train
431,1,train
711,1,train
808,1,train
957,1,train
1555,1,train
1776,1,train
2014,1,train
2857,1,train
2866,1,train
3957,1,train
4315,1,train
4854,1,train
5289,1,train
5311,1,train
5397,1,train
5459,1,train
5487,1,train
5582,1,train
5597,1,train
5921,1,train
6266,1,train
6319,1,train
6512,1,train
6537,1,train
6551,1,train
6674,1,train
6768,1,train
6851,1,train
6919,1,train
7492,1,train
7733,1,train
7829,1,train
8253,1,train
8596,1,train
8723,1,train
8788,1,train
10130,1,train
10455,1,train
10942,1,train
10988,1,train
11282,1,train
11979,1,train
12638,1,train
12857,1,train
12906,1,train
13019,1,train
13042,1,train
13275,1,train
13582,1,train
13686,1,train
14042,1,train
14131,1,train
14161,1,train
14787,1,train
14851,1,train
14981,1,train
15449,1,train
15814,1,train
15864,1,train
16111,1,train
16648,1,train
16710,1,train
16766,1,train
18627,1,train
18681,1,train
18883,1,train
19132,1,train
19194,1,train
20126,1,train
20584,1,train
21000,1,train
21192,1,train
21322,1,train
66,1,train
342,1,train
415,1,train
1014,1,train
1128,1,train
1190,1,train
1285,1,train
1324,1,train
1340,1,train
1635,1,train
1723,1,train
1767,1,train
1984,1,train
2316,1,train
2377,1,train
2783,1,train
2791,1,train
3243,1,train
3670,1,train
3727,1,train
3787,1,train
4490,1,train
4546,1,train
4744,1,train
4768,1,train
5762,1,train
6189,1,train
6309,1,train
6322,1,train
6556,1,train
6610,1,train
6652,1,train
6775,1,train
7342,1,train
7653,1,train
7685,1,train
7895,1,train
7929,1,train
7980,1,train
8001,1,train
8007,1,train
8120,1,train
8211,1,train
8975,1,train
9006,1,train
9569,1,train
9943,1,train
10117,1,train
10321,1,train
10499,1,train
10532,1,train
10600,1,train
10766,1,train
11169,1,train
11902,1,train
12310,1,train
12450,1,train
12839,1,train
12840,1,train
13421,1,train
13526,1,train
13575,1,train
13697,1,train
13949,1,train
14108,1,train
14419,1,train
14580,1,train
14815,1,train
15263,1,train
15716,1,train
15856,1,train
16213,1,train
16427,1,train
16572,1,train
16699,1,train
16898,1,train
17367,1,train
17404,1,train
17606,1,train
17720,1,train
18367,1,train
18527,1,train
18691,1,train
18764,1,train
19152,1,train
19271,1,train
19644,1,train
19770,1,train
19870,1,train
20078,1,train
20197,1,train
20304,1,train
20525,1,train
727,1,train
912,1,train
1247,1,train
1270,1,train
1475,1,train
1648,1,train
2088,1,train
2294,1,train
2311,1,train
2654,1,train
2742,1,train
3018,1,train
3074,1,train
3410,1,train
3535,1,train
3631,1,train
4063,1,train
4516,1,train
5237,1,train
5512,1,train
5644,1,train
5948,1,train
6035,1,train
6248,1,train
6465,1,train
7296,1,train
7373,1,train
7770,1,train
7799,1,train
7852,1,train
8083,1,train
8746,1,train
9082,1,train
9184,1,train
9255,1,train
9385,1,train
9605,1,train
9801,1,train
9926,1,train
10075,1,train
10418,1,train
10557,1,train
10888,1,train
11049,1,train
11252,1,train
11289,1,train
11836,1,train
12183,1,train
12212,1,train
12528,1,train
12582,1,train
12923,1,train
12986,1,train
13117,1,train
13120,1,train
14375,1,train
14548,1,train
14956,1,train
15169,1,train
15436,1,train
15460,1,train
15636,1,train
15774,1,train
15876,1,train
16827,1,train
17259,1,train
17530,1,train
17798,1,train
17881,1,train
18170,1,train
18255,1,train
18650,1,train
18769,1,train
18885,1,train
18927,1,train
19118,1,train
19384,1,train
19472,1,train
19517,1,train
19930,1,train
20024,1,train
20055,1,train
20570,1,train
21030,1,train
21081,1,train
21589,1,train
409,1,train
543,1,train
761,1,train
827,1,train
833,1,train
1208,1,train
1490,1,train
1525,1,train
1679,1,train
1818,1,train
1870,1,train
2158,1,train
2460,1,train
2819,1,train
2902,1,train
3045,1,train
3157,1,train
3441,1,train
3628,1,train
3886,1,train
4015,1,train
4432,1,train
4743,1,train
4789,1,train
4803,1,train
5055,1,train
5101,1,train
5719,1,train
6019,1,train
6034,1,train
6128,1,train
6713,1,train
6984,1,train
7287,1,train
7566,1,train
7749,1,train
7779,1,train
7864,1,train
8152,1,train
8358,1,train
8470,1,train
9025,1,train
9176,1,train
9855,1,train
10026,1,train
10800,1,train
10928,1,train
11556,1,train
11619,1,train
11639,1,train
11745,1,train
11868,1,train
12073,1,train
12787,1,train
13221,1,train
13489,1,train
13573,1,train
13585,1,train
13616,1,train
13630,1,train
13882,1,train
13937,1,train
14281,1,train
14447,1,train
15255,1,train
15257,1,train
15679,1,train
15761,1,train
16501,1,train
17667,1,train
17890,1,train
17931,1,train
18301,1,train
18822,1,train
18966,1,train
19017,1,train
19136,1,train
19365,1,train
19719,1,train
20020,1,train
20829,1,train
20922,1,train
20941,1,train
20982,1,train
21056,1,train
21259,1,train
21290,1,train
21319,1,train
70,1,train
97,1,train
192,1,train
405,1,train
633,1,train
671,1,train
883,1,train
1832,1,train
2132,1,train
2175,1,train
2202,1,train
2967,1,train
3542,1,train
3617,1,train
3684,1,train
3751,1,train
3888,1,train
4932,1,train
5211,1,train
5623,1,train
6464,1,train
6785,1,train
6913,1,train
7107,1,train
7454,1,train
7522,1,train
7805,1,train
8045,1,train
8147,1,train
8650,1,train
8787,1,train
8984,1,train
9029,1,train
9663,1,train
9864,1,train
9968,1,train
10085,1,train
10187,1,train
10614,1,train
11802,1,train
11814,1,train
12889,1,train
14054,1,train
14333,1,train
15175,1,train
15875,1,train
16057,1,train
16382,1,train
17362,1,train
17695,1,train
17985,1,train
19160,1,train
19556,1,train
20169,1,train
20275,1,train
20815,1,train
20927,1,train
21122,1,train
21480,1,train
6349,1,train
10648,1,train
14736,1,train
17041,1,train
17520,1,train
15019,1,train
16182,1,train
18636,1,train
18931,1,train
1047,1,train
1311,1,train
1669,1,train
1980,1,train
2044,1,train
2163,1,train
2225,1,train
2315,1,train
2403,1,train
2604,1,train
2916,1,train
3797,1,train
4238,1,train
4404,1,train
4413,1,train
4841,1,train
4855,1,train
4907,1,train
5125,1,train
5294,1,train
5380,1,train
6277,1,train
6330,1,train
7001,1,train
7307,1,train
7359,1,train
7714,1,train
7957,1,train
8338,1,train
8706,1,train
8956,1,train
9119,1,train
9265,1,train
9607,1,train
9685,1,train
10253,1,train
10335,1,train
10591,1,train
10913,1,train
11494,1,train
11724,1,train
11846,1,train
11976,1,train
12180,1,train
12207,1,train
12654,1,train
12837,1,train
13057,1,train
13202,1,train
13356,1,train
13707,1,train
14127,1,train
14154,1,train
14659,1,train
14702,1,train
14864,1,train
15144,1,train
15316,1,train
15597,1,train
16624,1,train
17591,1,train
17789,1,train
17997,1,train
18203,1,train
18678,1,train
18692,1,train
18783,1,train
18918,1,train
18978,1,train
19171,1,train
19657,1,train
19743,1,train
19759,1,train
19973,1,train
19976,1,train
21395,1,train
21599,1,train
50,1,train
112,1,train
330,1,train
380,1,train
435,1,train
439,1,train
962,1,train
983,1,train
1138,1,train
1305,1,train
2061,1,train
2147,1,train
2246,1,train
2370,1,train
2515,1,train
2537,1,train
2702,1,train
2876,1,train
2975,1,train
3165,1,train
3228,1,train
3336,1,train
3521,1,train
3788,1,train
4127,1,train
4218,1,train
4341,1,train
5297,1,train
5905,1,train
6044,1,train
6164,1,train
6471,1,train
6594,1,train
6693,1,train
6744,1,train
6793,1,train
7245,1,train
7303,1,train
7849,1,train
7941,1,train
8229,1,train
8552,1,train
8556,1,train
8665,1,train
8820,1,train
8837,1,train
8861,1,train
8881,1,train
9021,1,train
9250,1,train
9311,1,train
9395,1,train
9518,1,train
9940,1,train
10232,1,train
11149,1,train
11650,1,train
11705,1,train
11981,1,train
12039,1,train
12220,1,train
12545,1,train
12698,1,train
13122,1,train
13177,1,train
13859,1,train
14056,1,train
14130,1,train
14411,1,train
14514,1,train
14549,1,train
14616,1,train
14826,1,train
15014,1,train
15364,1,train
15752,1,train
15786,1,train
16538,1,train
17093,1,train
17107,1,train
17634,1,train
17640,1,train
17828,1,train
18080,1,train
18141,1,train
18219,1,train
18298,1,train
18934,1,train
18990,1,train
19364,1,train
20688,1,train
20769,1,train
364,1,train
391,1,train
497,1,train
731,1,train
743,1,train
996,1,train
1342,1,train
1378,1,train
1414,1,train
1559,1,train
3110,1,train
3216,1,train
4303,1,train
4929,1,train
5586,1,train
6102,1,train
6268,1,train
6580,1,train
6925,1,train
7283,1,train
7707,1,train
7715,1,train
7836,1,train
7921,1,train
7933,1,train
8176,1,train
8573,1,train
8876,1,train
9111,1,train
9114,1,train
9747,1,train
9950,1,train
10641,1,train
10797,1,train
10967,1,train
11239,1,train
11266,1,train
11785,1,train
11920,1,train
11956,1,train
12483,1,train
12531,1,train
12667,1,train
12704,1,train
13289,1,train
13801,1,train
13970,1,train
14009,1,train
14432,1,train
14498,1,train
14533,1,train
14620,1,train
14638,1,train
14674,1,train
14691,1,train
15139,1,train
15325,1,train
15627,1,train
15648,1,train
16048,1,train
16189,1,train
16274,1,train
16508,1,train
17150,1,train
17555,1,train
17711,1,train
17902,1,train
17948,1,train
18177,1,train
18971,1,train
20393,1,train
20809,1,train
20839,1,train
21487,1,train
223,1,train
713,1,train
724,1,train
1754,1,train
1912,1,train
1954,1,train
2186,1,train
2539,1,train
2739,1,train
2815,1,train
2817,1,train
2963,1,train
3036,1,train
3169,1,train
3630,1,train
3871,1,train
3876,1,train
4186,1,train
4353,1,train
5356,1,train
6235,1,train
6417,1,train
6562,1,train
6828,1,train
6856,1,train
6871,1,train
6944,1,train
8547,1,train
8745,1,train
8770,1,train
8862,1,train
8919,1,train
9039,1,train
9171,1,train
9211,1,train
9371,1,train
9426,1,train
9870,1,train
10092,1,train
10235,1,train
10481,1,train
10660,1,train
11828,1,train
12813,1,train
12963,1,train
12972,1,train
13506,1,train
14129,1,train
14216,1,train
14388,1,train
14628,1,train
15030,1,train
15265,1,train
15345,1,train
15445,1,train
15475,1,train
16078,1,train
16338,1,train
16574,1,train
16797,1,train
16911,1,train
17201,1,train
17663,1,train
18420,1,train
18612,1,train
18848,1,train
19645,1,train
20239,1,train
20308,1,train
20354,1,train
20533,1,train
20632,1,train
20666,1,train
20740,1,train
20825,1,train
20965,1,train
20975,1,train
21069,1,train
21409,1,train
206,1,train
434,1,train
871,1,train
913,1,train
1466,1,train
1565,1,train
1907,1,train
1965,1,train
2255,1,train
2426,1,train
2535,1,train
2832,1,train
3064,1,train
3401,1,train
3527,1,train
3597,1,train
3772,1,train
4057,1,train
4080,1,train
4129,1,train
4162,1,train
4511,1,train
4866,1,train
5034,1,train
5121,1,train
5286,1,train
5372,1,train
6677,1,train
6892,1,train
7065,1,train
8095,1,train
8187,1,train
8751,1,train
8760,1,train
9055,1,train
9254,1,train
9410,1,train
9470,1,train
10058,1,train
10585,1,train
11046,1,train
11058,1,train
12437,1,train
12612,1,train
13104,1,train
13381,1,train
13454,1,train
13653,1,train
13877,1,train
14753,1,train
15261,1,train
16238,1,train
16464,1,train
16505,1,train
17357,1,train
17371,1,train
17547,1,train
17766,1,train
18288,1,train
18516,1,train
18583,1,train
18915,1,train
19149,1,train
19368,1,train
19424,1,train
20442,1,train
20636,1,train
20640,1,train
20673,1,train
20819,1,train
20863,1,train
20914,1,train
20946,1,train
21233,1,train
21415,1,train
21446,1,train
9106,1,train
11367,1,train
12068,1,train
17840,1,train
21291,1,train
11471,1,train
12136,1,train
12685,1,train
19967,1,train
20567,1,train
351,1,train
617,1,train
697,1,train
958,1,train
1126,1,train
1527,1,train
1658,1,train
2036,1,train
2335,1,train
2364,1,train
2559,1,train
2594,1,train
2732,1,train
2744,1,train
2948,1,train
2958,1,train
3090,1,train
3172,1,train
4193,1,train
4634,1,train
5530,1,train
5588,1,train
6376,1,train
6468,1,train
7012,1,train
7015,1,train
7324,1,train
7432,1,train
8118,1,train
8968,1,train
9369,1,train
9386,1,train
9695,1,train
9921,1,train
10228,1,train
10275,1,train
10674,1,train
11409,1,train
11435,1,train
11440,1,train
11459,1,train
12097,1,train
12311,1,train
12473,1,train
12778,1,train
12817,1,train
13068,1,train
13383,1,train
13913,1,train
14024,1,train
14050,1,train
14266,1,train
14270,1,train
14491,1,train
14538,1,train
14567,1,train
14598,1,train
14704,1,train
14894,1,train
15654,1,train
15673,1,train
15731,1,train
15965,1,train
16225,1,train
16297,1,train
16299,1,train
16331,1,train
16361,1,train
16591,1,train
16769,1,train
16940,1,train
16980,1,train
17926,1,train
17937,1,train
17981,1,train
18065,1,train
18089,1,train
18167,1,train
18237,1,train
18467,1,train
18487,1,train
18561,1,train
19203,1,train
19332,1,train
19454,1,train
20135,1,train
20249,1,train
20680,1,train
21404,1,train
21455,1,train
250,1,train
440,1,train
548,1,train
691,1,train
1429,1,train
1497,1,train
2143,1,train
2396,1,train
2530,1,train
2635,1,train
2736,1,train
2768,1,train
2855,1,train
2906,1,train
3113,1,train
3351,1,train
3366,1,train
3711,1,train
3872,1,train
4589,1,train
4622,1,train
5933,1,train
6077,1,train
6250,1,train
6796,1,train
6901,1,train
7073,1,train
7178,1,train
7212,1,train
7241,1,train
7388,1,train
7462,1,train
7728,1,train
7880,1,train
7891,1,train
7907,1,train
8503,1,train
8646,1,train
8948,1,train
9001,1,train
9497,1,train
9668,1,train
9882,1,train
9913,1,train
9930,1,train
10039,1,train
10070,1,train
10181,1,train
10319,1,train
10435,1,train
10462,1,train
10764,1,train
10925,1,train
10944,1,train
11082,1,train
11163,1,train
11292,1,train
11445,1,train
11700,1,train
11760,1,train
11863,1,train
12002,1,train
12062,1,train
12284,1,train
12458,1,train
12564,1,train
12665,1,train
12838,1,train
12859,1,train
12955,1,train
13045,1,train
13052,1,train
13109,1,train
13159,1,train
13544,1,train
13760,1,train
14119,1,train
14194,1,train
14588,1,train
14654,1,train
14701,1,train
15225,1,train
15302,1,train
15378,1,train
15431,1,train
15542,1,train
16311,1,train
16577,1,train
16817,1,train
17266,1,train
17821,1,train
18304,1,train
19119,1,train
20002,1,train
20017,1,train
20264,1,train
20751,1,train
20890,1,train
20909,1,train
21383,1,train
21399,1,train
104,1,train
634,1,train
688,1,train
999,1,train
1409,1,train
1486,1,train
1816,1,train
1817,1,train
1857,1,train
2000,1,train
2383,1,train
2779,1,train
3192,1,train
3286,1,train
3325,1,train
3570,1,train
3647,1,train
3960,1,train
3979,1,train
4021,1,train
4213,1,train
4383,1,train
4745,1,train
4971,1,train
5663,1,train
5734,1,train
5915,1,train
6262,1,train
6389,1,train
6596,1,train
6626,1,train
6647,1,train
6978,1,train
7017,1,train
7048,1,train
7459,1,train
7612,1,train
7938,1,train
8053,1,train
8054,1,train
8709,1,train
9078,1,train
9351,1,train
9363,1,train
9448,1,train
10274,1,train
10365,1,train
10448,1,train
11645,1,train
11856,1,train
11978,1,train
12336,1,train
12731,1,train
12760,1,train
12784,1,train
12946,1,train
12953,1,train
12974,1,train
13452,1,train
13509,1,train
13624,1,train
13687,1,train
13843,1,train
13923,1,train
14273,1,train
14371,1,train
14689,1,train
14934,1,train
15538,1,train
15552,1,train
15860,1,train
15944,1,train
16017,1,train
16089,1,train
16140,1,train
16284,1,train
16470,1,train
16484,1,train
16760,1,train
16807,1,train
16863,1,train
17212,1,train
17350,1,train
17536,1,train
17616,1,train
17800,1,train
17949,1,train
18038,1,train
18084,1,train
18332,1,train
18344,1,train
19039,1,train
19300,1,train
19700,1,train
20075,1,train
20168,1,train
20396,1,train
20548,1,train
273,1,train
612,1,train
1269,1,train
1507,1,train
1926,1,train
2068,1,train
2371,1,train
2706,1,train
3032,1,train
3253,1,train
3322,1,train
3868,1,train
4283,1,train
4562,1,train
4585,1,train
4862,1,train
4887,1,train
4947,1,train
5578,1,train
5633,1,train
6052,1,train
6364,1,train
6736,1,train
6957,1,train
7122,1,train
7508,1,train
7664,1,train
8064,1,train
8484,1,train
8891,1,train
9226,1,train
9268,1,train
9631,1,train
9873,1,train
9901,1,train
9966,1,train
10186,1,train
10375,1,train
10391,1,train
10397,1,train
11144,1,train
11490,1,train
11565,1,train
11628,1,train
11727,1,train
12706,1,train
12801,1,train
13017,1,train
13226,1,train
13300,1,train
13507,1,train
14148,1,train
14347,1,train
14803,1,train
15418,1,train
15510,1,train
15905,1,train
16234,1,train
16366,1,train
16569,1,train
16703,1,train
16874,1,train
17110,1,train
17181,1,train
18027,1,train
18112,1,train
18456,1,train
18497,1,train
18518,1,train
18524,1,train
18535,1,train
18739,1,train
19328,1,train
19483,1,train
20576,1,train
20834,1,train
21130,1,train
21289,1,train
21343,1,train
21475,1,train
797,1,train
1018,1,train
1307,1,train
1585,1,train
1769,1,train
2033,1,train
2154,1,train
2484,1,train
2566,1,train
2807,1,train
3477,1,train
3504,1,train
3581,1,train
3668,1,train
4034,1,train
4208,1,train
4249,1,train
4291,1,train
4312,1,train
4370,1,train
4500,1,train
4824,1,train
5157,1,train
5188,1,train
5484,1,train
5659,1,train
5670,1,train
5801,1,train
6395,1,train
6889,1,train
6958,1,train
7358,1,train
7386,1,train
7467,1,train
7512,1,train
7790,1,train
7888,1,train
7951,1,train
8141,1,train
8335,1,train
8691,1,train
8783,1,train
8823,1,train
8877,1,train
8920,1,train
8976,1,train
9245,1,train
9594,1,train
9933,1,train
9995,1,train
10268,1,train
10419,1,train
10453,1,train
10535,1,train
10580,1,train
10964,1,train
12016,1,train
12954,1,train
13701,1,train
13918,1,train
14030,1,train
14540,1,train
14661,1,train
15114,1,train
15530,1,train
15565,1,train
15723,1,train
16044,1,train
16074,1,train
16335,1,train
16938,1,train
17275,1,train
17441,1,train
17559,1,train
17682,1,train
18577,1,train
19207,1,train
19352,1,train
19405,1,train
19439,1,train
19452,1,train
19550,1,train
19696,1,train
19905,1,train
20112,1,train
20155,1,train
20824,1,train
20879,1,train
21012,1,train
2399,1,train
4199,1,train
7011,1,train
13525,1,train
17595,1,train
7460,1,train
20709,1,train
21445,1,train
174,1,train
246,1,train
254,1,train
266,1,train
1357,1,train
1382,1,train
1494,1,train
1890,1,train
2056,1,train
2271,1,train
2357,1,train
2641,1,train
2691,1,train
2812,1,train
3020,1,train
3068,1,train
3294,1,train
3666,1,train
4107,1,train
4540,1,train
5087,1,train
5647,1,train
5876,1,train
7096,1,train
7201,1,train
8017,1,train
8111,1,train
8113,1,train
8593,1,train
8608,1,train
8737,1,train
8845,1,train
8874,1,train
8887,1,train
9009,1,train
9258,1,train
9788,1,train
10032,1,train
10742,1,train
10861,1,train
11064,1,train
11140,1,train
11483,1,train
11933,1,train
12033,1,train
12174,1,train
12228,1,train
12260,1,train
12388,1,train
12468,1,train
12486,1,train
13353,1,train
13699,1,train
14016,1,train
14097,1,train
14279,1,train
14863,1,train
15150,1,train
15237,1,train
15640,1,train
15695,1,train
15729,1,train
15847,1,train
16425,1,train
17162,1,train
17240,1,train
17420,1,train
17535,1,train
17538,1,train
18043,1,train
18758,1,train
18779,1,train
18987,1,train
19080,1,train
19953,1,train
20083,1,train
20103,1,train
20434,1,train
20551,1,train
20641,1,train
20757,1,train
20778,1,train
21355,1,train
588,1,train
644,1,train
667,1,train
678,1,train
1659,1,train
2008,1,train
2973,1,train
3412,1,train
3418,1,train
3590,1,train
3904,1,train
4252,1,train
4996,1,train
5014,1,train
5064,1,train
5070,1,train
5278,1,train
5390,1,train
5712,1,train
5750,1,train
5787,1,train
5963,1,train
6016,1,train
6522,1,train
6628,1,train
6685,1,train
7234,1,train
7982,1,train
8130,1,train
9014,1,train
10057,1,train
10306,1,train
10496,1,train
10931,1,train
11982,1,train
12976,1,train
13304,1,train
13634,1,train
14112,1,train
14617,1,train
15022,1,train
15887,1,train
15961,1,train
16158,1,train
16690,1,train
17738,1,train
18000,1,train
18140,1,train
19584,1,train
19634,1,train
19771,1,train
19991,1,train
20137,1,train
20315,1,train
21555,1,train
241,1,train
367,1,train
986,1,train
1185,1,train
1496,1,train
1732,1,train
1969,1,train
1988,1,train
2006,1,train
2086,1,train
2698,1,train
2731,1,train
3009,1,train
3345,1,train
3547,1,train
3829,1,train
4008,1,train
4055,1,train
4060,1,train
4184,1,train
4189,1,train
4329,1,train
4917,1,train
4962,1,train
5219,1,train
5553,1,train
6192,1,train
6202,1,train
6373,1,train
6762,1,train
6839,1,train
6982,1,train
7550,1,train
7777,1,train
8257,1,train
8366,1,train
8472,1,train
9957,1,train
9972,1,train
9983,1,train
10260,1,train
10713,1,train
10724,1,train
11508,1,train
12412,1,train
12623,1,train
13028,1,train
13098,1,train
13580,1,train
13791,1,train
14287,1,train
14492,1,train
14974,1,train
15277,1,train
15668,1,train
15755,1,train
15916,1,train
16204,1,train
16765,1,train
16834,1,train
17004,1,train
17369,1,train
17723,1,train
17855,1,train
18193,1,train
18406,1,train
18537,1,train
18730,1,train
18963,1,train
19156,1,train
19226,1,train
19321,1,train
19669,1,train
19873,1,train
19915,1,train
19960,1,train
20012,1,train
20074,1,train
20380,1,train
20841,1,train
20858,1,train
20912,1,train
21204,1,train
21516,1,train
293,1,train
597,1,train
823,1,train
1080,1,train
1159,1,train
1192,1,train
2192,1,train
3099,1,train
3575,1,train
3893,1,train
4502,1,train
4542,1,train
4651,1,train
4868,1,train
5300,1,train
5344,1,train
5679,1,train
5812,1,train
6492,1,train
6588,1,train
7023,1,train
7291,1,train
7615,1,train
7751,1,train
8566,1,train
8579,1,train
8675,1,train
9285,1,train
9377,1,train
9543,1,train
9846,1,train
10137,1,train
10905,1,train
11081,1,train
11394,1,train
11468,1,train
11609,1,train
12469,1,train
12476,1,train
12854,1,train
13397,1,train
13905,1,train
14235,1,train
14596,1,train
14735,1,train
14773,1,train
15584,1,train
15730,1,train
15773,1,train
15821,1,train
15827,1,train
17156,1,train
17928,1,train
18055,1,train
18119,1,train
18150,1,train
18358,1,train
18419,1,train
19199,1,train
19227,1,train
19248,1,train
19296,1,train
19559,1,train
19672,1,train
19766,1,train
20474,1,train
20490,1,train
20581,1,train
20823,1,train
20830,1,train
21014,1,train
21044,1,train
21135,1,train
21591,1,train
159,1,train
1622,1,train
2198,1,train
2261,1,train
2620,1,train
3423,1,train
3850,1,train
4145,1,train
4259,1,train
4280,1,train
4450,1,train
4551,1,train
5577,1,train
5600,1,train
6163,1,train
6232,1,train
7775,1,train
8188,1,train
8555,1,train
8980,1,train
9053,1,train
9136,1,train
9431,1,train
9592,1,train
9814,1,train
9976,1,train
10051,1,train
10303,1,train
10478,1,train
10615,1,train
10631,1,train
11028,1,train
11310,1,train
12194,1,train
12728,1,train
13038,1,train
13124,1,train
13368,1,train
13384,1,train
13392,1,train
13402,1,train
13428,1,train
13593,1,train
14643,1,train
14952,1,train
15615,1,train
15931,1,train
16202,1,train
16759,1,train
16789,1,train
17043,1,train
17218,1,train
17352,1,train
18339,1,train
18667,1,train
19236,1,train
19574,1,train
19692,1,train
20044,1,train
20214,1,train
20466,1,train
21162,1,train
21427,1,train
21471,1,train
21556,1,train
4146,1,train
4852,1,train
6043,1,train
10524,1,train
2631,1,train
6007,1,train
6505,1,train
357,1,train
735,1,train
796,1,train
1502,1,train
2471,1,train
2955,1,train
3244,1,train
4017,1,train
4365,1,train
4701,1,train
5342,1,train
5751,1,train
5894,1,train
5959,1,train
6002,1,train
6058,1,train
6173,1,train
7269,1,train
8439,1,train
8553,1,train
8554,1,train
8590,1,train
9007,1,train
9318,1,train
9782,1,train
9945,1,train
10233,1,train
10370,1,train
10651,1,train
10793,1,train
10856,1,train
11228,1,train
11924,1,train
12047,1,train
12124,1,train
12129,1,train
12386,1,train
12556,1,train
12987,1,train
13363,1,train
13717,1,train
14340,1,train
14349,1,train
14720,1,train
14728,1,train
14927,1,train
14971,1,train
15112,1,train
15687,1,train
15988,1,train
16007,1,train
16117,1,train
16398,1,train
16635,1,train
17565,1,train
17917,1,train
18197,1,train
18445,1,train
18451,1,train
18640,1,train
18965,1,train
19966,1,train
20042,1,train
20408,1,train
20605,1,train
21165,1,train
21268,1,train
21367,1,train
13,1,train
103,1,train
270,1,train
335,1,train
907,1,train
938,1,train
1394,1,train
1432,1,train
1656,1,train
2100,1,train
2454,1,train
2908,1,train
2912,1,train
3028,1,train
3268,1,train
3599,1,train
3634,1,train
3896,1,train
4024,1,train
4029,1,train
4035,1,train
4543,1,train
4557,1,train
4672,1,train
4977,1,train
5225,1,train
5336,1,train
5880,1,train
6224,1,train
6297,1,train
6885,1,train
6894,1,train
7043,1,train
7215,1,train
7253,1,train
7706,1,train
7735,1,train
7742,1,train
7773,1,train
8576,1,train
8639,1,train
8917,1,train
9041,1,train
9237,1,train
9336,1,train
9405,1,train
9445,1,train
9812,1,train
9910,1,train
9987,1,train
10097,1,train
10283,1,train
10406,1,train
10640,1,train
10695,1,train
10839,1,train
11499,1,train
11588,1,train
11652,1,train
11653,1,train
12322,1,train
12495,1,train
13123,1,train
13561,1,train
13610,1,train
13925,1,train
14007,1,train
14306,1,train
14541,1,train
14884,1,train
15091,1,train
15120,1,train
15271,1,train
16244,1,train
16677,1,train
16700,1,train
16935,1,train
17639,1,train
17732,1,train
17809,1,train
17993,1,train
18506,1,train
19340,1,train
19807,1,train
19854,1,train
20014,1,train
20654,1,train
20966,1,train
21092,1,train
21109,1,train
21543,1,train
529,1,train
1174,1,train
1351,1,train
1549,1,train
1725,1,train
2098,1,train
2111,1,train
2404,1,train
2969,1,train
3134,1,train
3176,1,train
3429,1,train
3573,1,train
3712,1,train
3900,1,train
3990,1,train
4544,1,train
4588,1,train
5456,1,train
5507,1,train
5715,1,train
5772,1,train
6619,1,train
6786,1,train
6857,1,train
6912,1,train
7036,1,train
7416,1,train
7428,1,train
7611,1,train
7629,1,train
7699,1,train
7975,1,train
8097,1,train
8254,1,train
8428,1,train
9626,1,train
9809,1,train
9906,1,train
10082,1,train
10227,1,train
10258,1,train
10346,1,train
10392,1,train
10609,1,train
10813,1,train
11654,1,train
12046,1,train
12616,1,train
12881,1,train
13086,1,train
13224,1,train
13868,1,train
13957,1,train
14499,1,train
14623,1,train
15081,1,train
15333,1,train
16374,1,train
16887,1,train
17921,1,train
18060,1,train
18579,1,train
19126,1,train
19500,1,train
19935,1,train
20205,1,train
20363,1,train
20454,1,train
20593,1,train
20800,1,train
21155,1,train
21201,1,train
21414,1,train
67,1,train
448,1,train
600,1,train
628,1,train
699,1,train
793,1,train
1168,1,train
1230,1,train
1405,1,train
2262,1,train
3158,1,train
3275,1,train
3398,1,train
3479,1,train
3906,1,train
5004,1,train
5080,1,train
5678,1,train
5995,1,train
5996,1,train
6185,1,train
6467,1,train
6664,1,train
6717,1,train
6909,1,train
7250,1,train
7263,1,train
7338,1,train
7370,1,train
7609,1,train
7642,1,train
7658,1,train
7716,1,train
8136,1,train
8800,1,train
9133,1,train
9323,1,train
9478,1,train
9496,1,train
9852,1,train
10134,1,train
10252,1,train
10733,1,train
10984,1,train
11270,1,train
11301,1,train
11658,1,train
11681,1,train
12063,1,train
12409,1,train
12446,1,train
12995,1,train
13001,1,train
13097,1,train
13115,1,train
13311,1,train
13327,1,train
13352,1,train
13400,1,train
13435,1,train
13943,1,train
14229,1,train
14529,1,train
15544,1,train
16149,1,train
16341,1,train
16787,1,train
16825,1,train
16956,1,train
17742,1,train
17793,1,train
17824,1,train
18096,1,train
18571,1,train
18859,1,train
18905,1,train
19138,1,train
19568,1,train
21564,1,train
851,1,train
911,1,train
1220,1,train
2637,1,train
2670,1,train
2758,1,train
3161,1,train
3167,1,train
3231,1,train
3333,1,train
4181,1,train
4364,1,train
4482,1,train
4663,1,train
5118,1,train
5241,1,train
5360,1,train
5378,1,train
5451,1,train
6198,1,train
6990,1,train
7322,1,train
7332,1,train
7441,1,train
7534,1,train
7776,1,train
7806,1,train
7970,1,train
7988,1,train
8131,1,train
8139,1,train
8707,1,train
9179,1,train
9504,1,train
9534,1,train
10390,1,train
11000,1,train
11056,1,train
11590,1,train
11704,1,train
11725,1,train
11916,1,train
12399,1,train
12507,1,train
12515,1,train
12897,1,train
12981,1,train
12983,1,train
13072,1,train
13107,1,train
13111,1,train
13366,1,train
13568,1,train
13605,1,train
13661,1,train
13814,1,train
13836,1,train
14334,1,train
14779,1,train
14781,1,train
15011,1,train
15279,1,train
15548,1,train
15629,1,train
15681,1,train
15721,1,train
15787,1,train
15973,1,train
15989,1,train
16003,1,train
16184,1,train
16332,1,train
16373,1,train
16404,1,train
17077,1,train
17252,1,train
17516,1,train
17830,1,train
17955,1,train
18019,1,train
18279,1,train
18651,1,train
19463,1,train
20520,1,train
20645,1,train
17296,1,train
19148,1,train
5298,1,train
13541,1,train
18501,1,train
0,1,train
76,1,train
542,1,train
551,1,train
684,1,train
990,1,train
1514,1,train
1546,1,train
1587,1,train
1886,1,train
1967,1,train
3502,1,train
4245,1,train
4942,1,train
4976,1,train
5182,1,train
5320,1,train
5569,1,train
6612,1,train
7252,1,train
7270,1,train
7541,1,train
8462,1,train
8758,1,train
8886,1,train
9252,1,train
9366,1,train
9619,1,train
9837,1,train
10182,1,train
10378,1,train
10423,1,train
10634,1,train
10649,1,train
12244,1,train
12520,1,train
12836,1,train
12850,1,train
13595,1,train
13823,1,train
14000,1,train
14450,1,train
14687,1,train
15232,1,train
15291,1,train
15446,1,train
16119,1,train
16400,1,train
16416,1,train
17192,1,train
17374,1,train
17426,1,train
17428,1,train
17884,1,train
17896,1,train
18249,1,train
19718,1,train
19981,1,train
20935,1,train
21080,1,train
21245,1,train
21598,1,train
199,1,train
454,1,train
473,1,train
707,1,train
1140,1,train
1289,1,train
1588,1,train
1599,1,train
1743,1,train
1771,1,train
2054,1,train
2193,1,train
2949,1,train
2997,1,train
3687,1,train
3832,1,train
4100,1,train
4149,1,train
4995,1,train
5038,1,train
5269,1,train
5866,1,train
5917,1,train
6275,1,train
6541,1,train
6937,1,train
7604,1,train
7655,1,train
7876,1,train
7946,1,train
8383,1,train
8569,1,train
8979,1,train
9120,1,train
9124,1,train
10053,1,train
10193,1,train
10300,1,train
10709,1,train
10756,1,train
11321,1,train
11330,1,train
11401,1,train
11537,1,train
12060,1,train
12201,1,train
12430,1,train
12664,1,train
12675,1,train
13093,1,train
13096,1,train
13524,1,train
13542,1,train
13644,1,train
13737,1,train
13790,1,train
14527,1,train
14904,1,train
14916,1,train
15065,1,train
15633,1,train
15685,1,train
16252,1,train
16365,1,train
16409,1,train
16920,1,train
17398,1,train
17464,1,train
18009,1,train
18142,1,train
18183,1,train
18447,1,train
18541,1,train
18622,1,train
18701,1,train
18887,1,train
19319,1,train
19816,1,train
19818,1,train
20109,1,train
20375,1,train
20410,1,train
20865,1,train
20875,1,train
21098,1,train
21286,1,train
21457,1,train
21499,1,train
21605,1,train
467,1,train
503,1,train
949,1,train
1522,1,train
2176,1,train
2321,1,train
3285,1,train
3329,1,train
3435,1,train
3844,1,train
4508,1,train
4720,1,train
4928,1,train
5327,1,train
5334,1,train
5937,1,train
5971,1,train
8297,1,train
8336,1,train
8395,1,train
8702,1,train
9230,1,train
9600,1,train
9982,1,train
10155,1,train
10205,1,train
10751,1,train
10786,1,train
11036,1,train
11073,1,train
11323,1,train
11436,1,train
11737,1,train
11865,1,train
12283,1,train
12331,1,train
12605,1,train
12961,1,train
13031,1,train
13486,1,train
13844,1,train
13847,1,train
14065,1,train
14106,1,train
14165,1,train
14360,1,train
14414,1,train
14794,1,train
15099,1,train
15958,1,train
16047,1,train
16051,1,train
16069,1,train
16384,1,train
16389,1,train
16459,1,train
16468,1,train
16666,1,train
16678,1,train
17929,1,train
18206,1,train
18303,1,train
18488,1,train
18675,1,train
18886,1,train
18942,1,train
19435,1,train
19783,1,train
19906,1,train
20159,1,train
20371,1,train
20373,1,train
20499,1,train
20752,1,train
20903,1,train
20984,1,train
21029,1,train
21251,1,train
21334,1,train
21426,1,train
21535,1,train
21569,1,train
21586,1,train
21600,1,train
21612,1,train
683,1,train
777,1,train
811,1,train
908,1,train
1188,1,train
1560,1,train
1640,1,train
3073,1,train
3806,1,train
3951,1,train
4244,1,train
4514,1,train
4619,1,train
4636,1,train
4985,1,train
5019,1,train
6321,1,train
6400,1,train
6709,1,train
7052,1,train
7214,1,train
7260,1,train
7521,1,train
7646,1,train
7704,1,train
8420,1,train
8805,1,train
8865,1,train
9174,1,train
9308,1,train
9452,1,train
9489,1,train
10169,1,train
10218,1,train
10290,1,train
10323,1,train
10593,1,train
10752,1,train
10791,1,train
10819,1,train
10838,1,train
11092,1,train
11128,1,train
11336,1,train
11461,1,train
12549,1,train
12570,1,train
12771,1,train
12819,1,train
13308,1,train
13612,1,train
14291,1,train
14361,1,train
14405,1,train
14455,1,train
14597,1,train
14719,1,train
15005,1,train
15204,1,train
15401,1,train
15435,1,train
15662,1,train
15970,1,train
15976,1,train
16046,1,train
16162,1,train
16469,1,train
16663,1,train
17155,1,train
17322,1,train
17525,1,train
17651,1,train
18234,1,train
18434,1,train
18689,1,train
18755,1,train
18835,1,train
19429,1,train
19709,1,train
19827,1,train
19885,1,train
19985,1,train
20115,1,train
20406,1,train
20422,1,train
20638,1,train
20706,1,train
21057,1,train
21350,1,train
272,1,train
286,1,train
343,1,train
598,1,train
1645,1,train
1916,1,train
2218,1,train
2793,1,train
3437,1,train
3677,1,train
3823,1,train
4016,1,train
4617,1,train
4910,1,train
4926,1,train
5420,1,train
5651,1,train
5769,1,train
6080,1,train
8898,1,train
9065,1,train
9305,1,train
9416,1,train
9558,1,train
10347,1,train
10354,1,train
10710,1,train
10732,1,train
10947,1,train
11094,1,train
11418,1,train
11457,1,train
11651,1,train
12253,1,train
12267,1,train
12304,1,train
12546,1,train
12637,1,train
13419,1,train
13468,1,train
13825,1,train
13855,1,train
13971,1,train
14200,1,train
14700,1,train
14785,1,train
15617,1,train
15878,1,train
15886,1,train
16008,1,train
16090,1,train
16212,1,train
16216,1,train
16259,1,train
16476,1,train
16506,1,train
16708,1,train
17016,1,train
17502,1,train
18069,1,train
18457,1,train
18729,1,train
18837,1,train
19032,1,train
19056,1,train
19113,1,train
19369,1,train
19419,1,train
19469,1,train
19545,1,train
19859,1,train
20203,1,train
20606,1,train
21594,1,train
1551,1,train
3550,1,train
6769,1,train
11770,1,train
16059,1,train
18437,1,train
3513,1,train
6352,1,train
8664,1,train
13064,1,train
256,1,train
798,1,train
1030,1,train
1164,1,train
1323,1,train
2590,1,train
2648,1,train
2847,1,train
2928,1,train
2951,1,train
3123,1,train
3236,1,train
3252,1,train
3439,1,train
3742,1,train
3760,1,train
4746,1,train
5290,1,train
5705,1,train
5991,1,train
6062,1,train
6253,1,train
6292,1,train
6577,1,train
6847,1,train
6860,1,train
7409,1,train
7669,1,train
8565,1,train
8592,1,train
9555,1,train
9593,1,train
9636,1,train
10104,1,train
10285,1,train
10454,1,train
10527,1,train
10877,1,train
10886,1,train
11076,1,train
11411,1,train
11434,1,train
11660,1,train
11991,1,train
12080,1,train
12610,1,train
12617,1,train
12898,1,train
12904,1,train
13137,1,train
13540,1,train
13635,1,train
13714,1,train
13816,1,train
13848,1,train
14158,1,train
14348,1,train
14490,1,train
14680,1,train
15248,1,train
15404,1,train
15748,1,train
16336,1,train
16446,1,train
16985,1,train
17190,1,train
17331,1,train
17478,1,train
17865,1,train
18116,1,train
18411,1,train
18477,1,train
18734,1,train
18823,1,train
19220,1,train
19391,1,train
19938,1,train
19988,1,train
20271,1,train
20859,1,train
21292,1,train
21474,1,train
21563,1,train
62,1,train
348,1,train
591,1,train
622,1,train
882,1,train
1064,1,train
1609,1,train
1751,1,train
1891,1,train
1934,1,train
2265,1,train
2390,1,train
2838,1,train
3255,1,train
3462,1,train
3476,1,train
3485,1,train
3824,1,train
4156,1,train
4279,1,train
4322,1,train
4327,1,train
4623,1,train
4721,1,train
5116,1,train
5474,1,train
5596,1,train
5840,1,train
6329,1,train
6477,1,train
6629,1,train
6842,1,train
7051,1,train
7308,1,train
7402,1,train
7861,1,train
7897,1,train
8080,1,train
8331,1,train
8455,1,train
8478,1,train
8505,1,train
8925,1,train
9118,1,train
9688,1,train
9847,1,train
10624,1,train
10655,1,train
10943,1,train
11360,1,train
11547,1,train
11751,1,train
11780,1,train
12058,1,train
12485,1,train
12716,1,train
13408,1,train
13415,1,train
13709,1,train
13721,1,train
14134,1,train
14268,1,train
14402,1,train
14669,1,train
15096,1,train
15366,1,train
15760,1,train
15866,1,train
15884,1,train
16611,1,train
16627,1,train
16912,1,train
16991,1,train
17306,1,train
17658,1,train
17740,1,train
17816,1,train
18097,1,train
18538,1,train
18670,1,train
18772,1,train
18860,1,train
19708,1,train
19779,1,train
19982,1,train
20035,1,train
20920,1,train
21093,1,train
21195,1,train
21351,1,train
292,1,train
568,1,train
583,1,train
813,1,train
856,1,train
942,1,train
1001,1,train
1051,1,train
1459,1,train
1584,1,train
2004,1,train
2394,1,train
3107,1,train
3618,1,train
3694,1,train
3989,1,train
4093,1,train
4447,1,train
4681,1,train
5120,1,train
5204,1,train
5539,1,train
5817,1,train
5924,1,train
6734,1,train
6866,1,train
6867,1,train
6989,1,train
7117,1,train
7236,1,train
7486,1,train
7592,1,train
7824,1,train
7842,1,train
8403,1,train
8597,1,train
8848,1,train
9672,1,train
10036,1,train
10507,1,train
10689,1,train
10898,1,train
10938,1,train
11338,1,train
11521,1,train
11544,1,train
11631,1,train
11852,1,train
11870,1,train
12423,1,train
12442,1,train
12886,1,train
13083,1,train
13883,1,train
13927,1,train
14684,1,train
15040,1,train
15177,1,train
15311,1,train
15546,1,train
15582,1,train
15743,1,train
15956,1,train
16026,1,train
16550,1,train
16665,1,train
16824,1,train
17166,1,train
17967,1,train
18071,1,train
18185,1,train
18276,1,train
18293,1,train
18854,1,train
18968,1,train
19101,1,train
19776,1,train
20157,1,train
20259,1,train
219,1,train
311,1,train
321,1,train
916,1,train
1246,1,train
1913,1,train
2216,1,train
2228,1,train
2414,1,train
3149,1,train
3722,1,train
4152,1,train
4295,1,train
4986,1,train
5106,1,train
5156,1,train
5328,1,train
5358,1,train
5369,1,train
5403,1,train
5682,1,train
5951,1,train
5960,1,train
6804,1,train
6899,1,train
7170,1,train
8190,1,train
8754,1,train
9092,1,train
9325,1,train
9527,1,train
9552,1,train
10426,1,train
10825,1,train
10850,1,train
11561,1,train
11825,1,train
11849,1,train
12050,1,train
12447,1,train
12830,1,train
13277,1,train
13329,1,train
13371,1,train
13501,1,train
13536,1,train
14005,1,train
14113,1,train
14219,1,train
14387,1,train
14609,1,train
14797,1,train
14860,1,train
15156,1,train
15585,1,train
15978,1,train
16235,1,train
16240,1,train
16595,1,train
16843,1,train
17100,1,train
17271,1,train
17470,1,train
17813,1,train
17988,1,train
18285,1,train
18491,1,train
18679,1,train
18844,1,train
19247,1,train
19324,1,train
19449,1,train
19786,1,train
21220,1,train
21228,1,train
261,1,train
759,1,train
1231,1,train
1322,1,train
1592,1,train
2385,1,train
2387,1,train
3522,1,train
3702,1,train
3716,1,train
3846,1,train
3932,1,train
5711,1,train
5885,1,train
5901,1,train
5999,1,train
6422,1,train
6707,1,train
6840,1,train
7014,1,train
7496,1,train
7538,1,train
7703,1,train
7924,1,train
9272,1,train
9382,1,train
10239,1,train
10325,1,train
10337,1,train
10405,1,train
10616,1,train
10987,1,train
11420,1,train
11698,1,train
11702,1,train
11826,1,train
12017,1,train
12807,1,train
13213,1,train
14313,1,train
14634,1,train
14759,1,train
14791,1,train
15480,1,train
16002,1,train
16488,1,train
17188,1,train
17465,1,train
17488,1,train
17770,1,train
18348,1,train
20000,1,train
20065,1,train
20073,1,train
20198,1,train
20412,1,train
20514,1,train
20918,1,train
8767,1,train
13705,1,train
14417,1,train
17267,1,train
21232,1,train
12703,1,validation
13389,1,validation
13743,1,validation
16438,1,validation
101,1,validation
264,1,validation
326,1,validation
377,1,validation
483,1,validation
559,1,validation
1333,1,validation
1473,1,validation
1556,1,validation
1678,1,validation
1765,1,validation
2140,1,validation
2247,1,validation
2275,1,validation
2402,1,validation
2411,1,validation
2584,1,validation
3230,1,validation
3680,1,validation
3870,1,validation
4305,1,validation
4468,1,validation
4792,1,validation
5389,1,validation
5533,1,validation
6045,1,validation
6108,1,validation
6678,1,validation
6795,1,validation
6936,1,validation
7003,1,validation
7381,1,validation
7807,1,validation
8414,1,validation
8456,1,validation
8624,1,validation
8656,1,validation
9341,1,validation
10148,1,validation
10223,1,validation
10295,1,validation
10437,1,validation
10536,1,validation
11075,1,validation
11381,1,validation
11583,1,validation
11679,1,validation
11732,1,validation
11918,1,validation
12019,1,validation
12059,1,validation
12853,1,validation
12890,1,validation
12951,1,validation
13238,1,validation
13772,1,validation
14169,1,validation
14544,1,validation
14589,1,validation
14777,1,validation
14896,1,validation
14980,1,validation
15208,1,validation
15543,1,validation
15683,1,validation
15740,1,validation
15823,1,validation
15968,1,validation
15997,1,validation
16010,1,validation
16191,1,validation
16796,1,validation
16820,1,validation
17115,1,validation
17117,1,validation
17191,1,validation
17461,1,validation
17522,1,validation
17656,1,validation
17814,1,validation
17924,1,validation
18049,1,validation
18441,1,validation
18522,1,validation
18615,1,validation
18684,1,validation
18962,1,validation
19059,1,validation
19522,1,validation
19970,1,validation
20461,1,validation
20580,1,validation
21033,1,validation
21370,1,validation
43,1,validation
82,1,validation
114,1,validation
430,1,validation
560,1,validation
970,1,validation
1252,1,validation
1373,1,validation
1624,1,validation
2356,1,validation
2593,1,validation
3003,1,validation
3054,1,validation
3131,1,validation
3175,1,validation
3304,1,validation
3343,1,validation
3469,1,validation
3483,1,validation
3686,1,validation
4375,1,validation
4476,1,validation
4567,1,validation
4853,1,validation
5276,1,validation
5313,1,validation
5629,1,validation
5636,1,validation
5675,1,validation
6051,1,validation
6096,1,validation
6117,1,validation
6168,1,validation
6306,1,validation
6366,1,validation
6616,1,validation
6755,1,validation
6976,1,validation
7097,1,validation
7133,1,validation
7197,1,validation
7289,1,validation
7334,1,validation
7887,1,validation
8020,1,validation
8073,1,validation
8612,1,validation
8629,1,validation
8673,1,validation
8744,1,validation
9075,1,validation
9194,1,validation
9312,1,validation
9338,1,validation
9620,1,validation
9713,1,validation
9753,1,validation
9974,1,validation
10065,1,validation
10144,1,validation
10280,1,validation
10345,1,validation
10384,1,validation
10500,1,validation
11014,1,validation
11372,1,validation
11412,1,validation
11439,1,validation
11462,1,validation
11526,1,validation
12396,1,validation
12563,1,validation
12566,1,validation
12576,1,validation
12620,1,validation
12658,1,validation
13500,1,validation
13527,1,validation
14038,1,validation
14226,1,validation
14278,1,validation
14454,1,validation
14699,1,validation
14907,1,validation
15229,1,validation
15290,1,validation
15490,1,validation
15578,1,validation
15815,1,validation
16247,1,validation
16429,1,validation
16599,1,validation
16881,1,validation
16884,1,validation
16905,1,validation
17064,1,validation
17265,1,validation
17333,1,validation
17560,1,validation
17621,1,validation
17796,1,validation
17939,1,validation
18574,1,validation
18604,1,validation
18722,1,validation
18826,1,validation
18891,1,validation
19069,1,validation
19107,1,validation
19526,1,validation
20144,1,validation
20219,1,validation
20305,1,validation
20906,1,validation
20954,1,validation
21243,1,validation
21323,1,validation
516,1,validation
820,1,validation
1146,1,validation
1628,1,validation
1639,1,validation
1676,1,validation
1682,1,validation
2190,1,validation
2231,1,validation
2687,1,validation
2777,1,validation
3215,1,validation
3546,1,validation
3731,1,validation
3762,1,validation
3875,1,validation
4098,1,validation
4241,1,validation
4350,1,validation
4417,1,validation
4424,1,validation
4602,1,validation
5075,1,validation
5256,1,validation
5723,1,validation
5820,1,validation
6129,1,validation
6413,1,validation
6587,1,validation
7282,1,validation
7344,1,validation
7419,1,validation
7839,1,validation
7869,1,validation
7993,1,validation
8202,1,validation
8243,1,validation
8306,1,validation
9123,1,validation
9421,1,validation
9606,1,validation
9881,1,validation
9912,1,validation
10973,1,validation
11357,1,validation
11361,1,validation
11573,1,validation
11689,1,validation
12094,1,validation
12104,1,validation
12319,1,validation
12527,1,validation
13288,1,validation
13425,1,validation
13797,1,validation
13894,1,validation
13922,1,validation
14231,1,validation
15161,1,validation
15442,1,validation
15707,1,validation
15780,1,validation
16272,1,validation
16597,1,validation
16610,1,validation
16633,1,validation
16695,1,validation
16962,1,validation
17000,1,validation
17384,1,validation
17444,1,validation
17745,1,validation
17804,1,validation
17885,1,validation
18039,1,validation
18108,1,validation
18189,1,validation
18379,1,validation
18572,1,validation
18639,1,validation
19239,1,validation
19421,1,validation
19540,1,validation
19647,1,validation
19725,1,validation
19739,1,validation
20119,1,validation
20132,1,validation
20500,1,validation
20544,1,validation
20820,1,validation
21149,1,validation
21218,1,validation
148,1,validation
493,1,validation
541,1,validation
1240,1,validation
1312,1,validation
1625,1,validation
2209,1,validation
2312,1,validation
2475,1,validation
3370,1,validation
3432,1,validation
3494,1,validation
3826,1,validation
3902,1,validation
4160,1,validation
4277,1,validation
4829,1,validation
4888,1,validation
5037,1,validation
5198,1,validation
5540,1,validation
5621,1,validation
5744,1,validation
5830,1,validation
6190,1,validation
6561,1,validation
7271,1,validation
7423,1,validation
8473,1,validation
8640,1,validation
9398,1,validation
9860,1,validation
9893,1,validation
10025,1,validation
10031,1,validation
10294,1,validation
10360,1,validation
10387,1,validation
10789,1,validation
11063,1,validation
11160,1,validation
11497,1,validation
11829,1,validation
12419,1,validation
12420,1,validation
12482,1,validation
12581,1,validation
13004,1,validation
13345,1,validation
13395,1,validation
13740,1,validation
13845,1,validation
14039,1,validation
14528,1,validation
14637,1,validation
14818,1,validation
15322,1,validation
15495,1,validation
15690,1,validation
15852,1,validation
15919,1,validation
15951,1,validation
16084,1,validation
16441,1,validation
16479,1,validation
16555,1,validation
16702,1,validation
16958,1,validation
17657,1,validation
18236,1,validation
18448,1,validation
18515,1,validation
18590,1,validation
19290,1,validation
19404,1,validation
19713,1,validation
19744,1,validation
19755,1,validation
19941,1,validation
19986,1,validation
20400,1,validation
20535,1,validation
20748,1,validation
21133,1,validation
21417,1,validation
1495,1,validation
1700,1,validation
2483,1,validation
2785,1,validation
2845,1,validation
3160,1,validation
3264,1,validation
3835,1,validation
4345,1,validation
4649,1,validation
5104,1,validation
5314,1,validation
5775,1,validation
6635,1,validation
7057,1,validation
7858,1,validation
8294,1,validation
8676,1,validation
9044,1,validation
10452,1,validation
10653,1,validation
11033,1,validation
11227,1,validation
13227,1,validation
13228,1,validation
13485,1,validation
14174,1,validation
15562,1,validation
15625,1,validation
16722,1,validation
17209,1,validation
17552,1,validation
19506,1,validation
20246,1,validation
20263,1,validation
20405,1,validation
21089,1,validation
21116,1,validation
21278,1,validation
21595,1,validation
2924,1,validation
10094,1,validation
13029,1,validation
18148,1,validation
21473,1,validation
9158,1,validation
25,1,validation
86,1,validation
702,1,validation
1275,1,validation
1528,1,validation
1807,1,validation
2166,1,validation
2191,1,validation
2369,1,validation
2575,1,validation
2835,1,validation
2850,1,validation
3010,1,validation
3388,1,validation
3413,1,validation
3554,1,validation
4188,1,validation
4737,1,validation
4741,1,validation
4797,1,validation
5074,1,validation
6416,1,validation
6634,1,validation
6670,1,validation
6780,1,validation
6838,1,validation
8086,1,validation
8283,1,validation
9236,1,validation
9321,1,validation
9326,1,validation
9463,1,validation
9491,1,validation
9542,1,validation
9899,1,validation
10024,1,validation
10271,1,validation
10357,1,validation
10517,1,validation
10675,1,validation
10841,1,validation
11138,1,validation
11675,1,validation
11817,1,validation
11913,1,validation
12011,1,validation
12093,1,validation
12152,1,validation
12383,1,validation
13608,1,validation
13679,1,validation
13900,1,validation
13981,1,validation
13994,1,validation
14322,1,validation
14830,1,validation
15532,1,validation
17546,1,validation
17645,1,validation
18499,1,validation
18686,1,validation
19090,1,validation
19242,1,validation
19267,1,validation
19314,1,validation
19741,1,validation
19749,1,validation
19926,1,validation
20081,1,validation
20082,1,validation
20952,1,validation
21242,1,validation
21256,1,validation
123,1,validation
149,1,validation
412,1,validation
462,1,validation
480,1,validation
765,1,validation
864,1,validation
1338,1,validation
1643,1,validation
1657,1,validation
1747,1,validation
1960,1,validation
2050,1,validation
2476,1,validation
2930,1,validation
2987,1,validation
3449,1,validation
3497,1,validation
4956,1,validation
5310,1,validation
5423,1,validation
5804,1,validation
5832,1,validation
6228,1,validation
6278,1,validation
6760,1,validation
7684,1,validation
7755,1,validation
7918,1,validation
8680,1,validation
8915,1,validation
8977,1,validation
9577,1,validation
10700,1,validation
11053,1,validation
11456,1,validation
12608,1,validation
12792,1,validation
13000,1,validation
13806,1,validation
14035,1,validation
14122,1,validation
14269,1,validation
14695,1,validation
14717,1,validation
14807,1,validation
14841,1,validation
14949,1,validation
15052,1,validation
15176,1,validation
15411,1,validation
15535,1,validation
15992,1,validation
16239,1,validation
16519,1,validation
16609,1,validation
16715,1,validation
16861,1,validation
18161,1,validation
18300,1,validation
18868,1,validation
19044,1,validation
19089,1,validation
19312,1,validation
19593,1,validation
20285,1,validation
20286,1,validation
20438,1,validation
20449,1,validation
20682,1,validation
20981,1,validation
75,1,validation
191,1,validation
315,1,validation
449,1,validation
513,1,validation
523,1,validation
528,1,validation
611,1,validation
1066,1,validation
1101,1,validation
1210,1,validation
1422,1,validation
1634,1,validation
1795,1,validation
1973,1,validation
1996,1,validation
2099,1,validation
2678,1,validation
2860,1,validation
3427,1,validation
3766,1,validation
4044,1,validation
4109,1,validation
4659,1,validation
6005,1,validation
6315,1,validation
6445,1,validation
7063,1,validation
7380,1,validation
7821,1,validation
7822,1,validation
8005,1,validation
8458,1,validation
8853,1,validation
9031,1,validation
9206,1,validation
9485,1,validation
9824,1,validation
9874,1,validation
10199,1,validation
10213,1,validation
10420,1,validation
10677,1,validation
11052,1,validation
11102,1,validation
11104,1,validation
11281,1,validation
11344,1,validation
11413,1,validation
11587,1,validation
12300,1,validation
12650,1,validation
12855,1,validation
13498,1,validation
13537,1,validation
14230,1,validation
14330,1,validation
14733,1,validation
14802,1,validation
14978,1,validation
14985,1,validation
15123,1,validation
15406,1,validation
16396,1,validation
16894,1,validation
17136,1,validation
17563,1,validation
17650,1,validation
18153,1,validation
18618,1,validation
18871,1,validation
18880,1,validation
20565,1,validation
21359,1,validation
21442,1,validation
21500,1,validation
341,1,validation
499,1,validation
728,1,validation
1049,1,validation
1504,1,validation
1510,1,validation
1661,1,validation
2374,1,validation
2686,1,validation
2724,1,validation
3551,1,validation
4121,1,validation
4128,1,validation
4406,1,validation
5146,1,validation
5391,1,validation
5452,1,validation
5519,1,validation
5580,1,validation
5589,1,validation
5703,1,validation
5904,1,validation
5980,1,validation
6241,1,validation
6263,1,validation
6264,1,validation
6532,1,validation
6704,1,validation
7268,1,validation
7622,1,validation
8261,1,validation
8284,1,validation
8318,1,validation
8494,1,validation
8524,1,validation
8543,1,validation
8819,1,validation
9188,1,validation
9271,1,validation
9665,1,validation
9734,1,validation
10153,1,validation
10717,1,validation
10833,1,validation
11071,1,validation
11079,1,validation
11340,1,validation
13035,1,validation
13367,1,validation
13596,1,validation
13837,1,validation
14195,1,validation
14225,1,validation
14297,1,validation
14672,1,validation
14836,1,validation
15626,1,validation
15646,1,validation
15877,1,validation
15926,1,validation
16237,1,validation
16659,1,validation
16793,1,validation
16932,1,validation
17285,1,validation
17587,1,validation
17598,1,validation
17668,1,validation
17730,1,validation
17925,1,validation
18166,1,validation
18959,1,validation
19266,1,validation
19297,1,validation
20284,1,validation
20614,1,validation
20864,1,validation
21084,1,validation
742,1,validation
1193,1,validation
1204,1,validation
1442,1,validation
1740,1,validation
1806,1,validation
2355,1,validation
2493,1,validation
2880,1,validation
3338,1,validation
3381,1,validation
3496,1,validation
4046,1,validation
4077,1,validation
4099,1,validation
4857,1,validation
4925,1,validation
5416,1,validation
5550,1,validation
7354,1,validation
7376,1,validation
7385,1,validation
7610,1,validation
7623,1,validation
7910,1,validation
8282,1,validation
8402,1,validation
8480,1,validation
9648,1,validation
9965,1,validation
10247,1,validation
10297,1,validation
10564,1,validation
11153,1,validation
11430,1,validation
11617,1,validation
11624,1,validation
11664,1,validation
11914,1,validation
11986,1,validation
12133,1,validation
12427,1,validation
12548,1,validation
12603,1,validation
12895,1,validation
13155,1,validation
13237,1,validation
13283,1,validation
13464,1,validation
13696,1,validation
14008,1,validation
14110,1,validation
14142,1,validation
14428,1,validation
15360,1,validation
15393,1,validation
15432,1,validation
15550,1,validation
15663,1,validation
15703,1,validation
16063,1,validation
16868,1,validation
17292,1,validation
17505,1,validation
17886,1,validation
18607,1,validation
18697,1,validation
19110,1,validation
19493,1,validation
19997,1,validation
20590,1,validation
20973,1,validation
21169,1,validation
2790,1,validation
4920,1,validation
8346,1,validation
12597,1,validation
20365,1,validation
4204,1,validation
8444,1,validation
15676,1,validation
30,1,validation
33,1,validation
446,1,validation
891,1,validation
1100,1,validation
1136,1,validation
1265,1,validation
1492,1,validation
2080,1,validation
2346,1,validation
2350,1,validation
2397,1,validation
2818,1,validation
3460,1,validation
4439,1,validation
4466,1,validation
4698,1,validation
5046,1,validation
5520,1,validation
5535,1,validation
5965,1,validation
7047,1,validation
7885,1,validation
8399,1,validation
8534,1,validation
8536,1,validation
9915,1,validation
10126,1,validation
10149,1,validation
10184,1,validation
10348,1,validation
11334,1,validation
11425,1,validation
11481,1,validation
11570,1,validation
11677,1,validation
11749,1,validation
12692,1,validation
12733,1,validation
12823,1,validation
12877,1,validation
13063,1,validation
13116,1,validation
13136,1,validation
13157,1,validation
13339,1,validation
13423,1,validation
13674,1,validation
13879,1,validation
14086,1,validation
14190,1,validation
14444,1,validation
14937,1,validation
15026,1,validation
15039,1,validation
15136,1,validation
15459,1,validation
15501,1,validation
15907,1,validation
15952,1,validation
15953,1,validation
16424,1,validation
16545,1,validation
16567,1,validation
16623,1,validation
16727,1,validation
16914,1,validation
17050,1,validation
17406,1,validation
17494,1,validation
17795,1,validation
18479,1,validation
18816,1,validation
19054,1,validation
19754,1,validation
19792,1,validation
20788,1,validation
20799,1,validation
21038,1,validation
21315,1,validation
196,1,validation
385,1,validation
886,1,validation
1799,1,validation
1893,1,validation
2238,1,validation
2694,1,validation
2826,1,validation
2836,1,validation
2920,1,validation
3214,1,validation
3340,1,validation
4113,1,validation
4475,1,validation
4635,1,validation
4861,1,validation
5562,1,validation
6006,1,validation
6900,1,validation
6987,1,validation
7364,1,validation
9800,1,validation
10095,1,validation
10992,1,validation
11211,1,validation
11966,1,validation
12970,1,validation
13027,1,validation
13660,1,validation
14679,1,validation
15010,1,validation
15869,1,validation
16651,1,validation
16857,1,validation
16908,1,validation
16973,1,validation
16997,1,validation
17183,1,validation
17346,1,validation
17713,1,validation
18111,1,validation
19299,1,validation
19361,1,validation
20027,1,validation
20426,1,validation
20855,1,validation
21231,1,validation
21336,1,validation
21575,1,validation
201,1,validation
464,1,validation
960,1,validation
1229,1,validation
1346,1,validation
1586,1,validation
1652,1,validation
1964,1,validation
2235,1,validation
2256,1,validation
2529,1,validation
2562,1,validation
3786,1,validation
3996,1,validation
4144,1,validation
4333,1,validation
4416,1,validation
4469,1,validation
4717,1,validation
4900,1,validation
4903,1,validation
5039,1,validation
5093,1,validation
5802,1,validation
5877,1,validation
6323,1,validation
7326,1,validation
7503,1,validation
8002,1,validation
8912,1,validation
9152,1,validation
9353,1,validation
9627,1,validation
10287,1,validation
10780,1,validation
11055,1,validation
11083,1,validation
11306,1,validation
11540,1,validation
11807,1,validation
11988,1,validation
12035,1,validation
12070,1,validation
12211,1,validation
13048,1,validation
13134,1,validation
13161,1,validation
13956,1,validation
13982,1,validation
14080,1,validation
14136,1,validation
14606,1,validation
15087,1,validation
15390,1,validation
15975,1,validation
16334,1,validation
16582,1,validation
17337,1,validation
17392,1,validation
17648,1,validation
18012,1,validation
18260,1,validation
18400,1,validation
18440,1,validation
18523,1,validation
18589,1,validation
18596,1,validation
19100,1,validation
19249,1,validation
19502,1,validation
19650,1,validation
19785,1,validation
20250,1,validation
20586,1,validation
20956,1,validation
21091,1,validation
21177,1,validation
21190,1,validation
21325,1,validation
21354,1,validation
21477,1,validation
21582,1,validation
158,1,validation
277,1,validation
472,1,validation
661,1,validation
738,1,validation
771,1,validation
859,1,validation
1201,1,validation
1215,1,validation
1248,1,validation
1267,1,validation
1603,1,validation
1975,1,validation
1979,1,validation
2617,1,validation
3306,1,validation
3595,1,validation
3758,1,validation
3808,1,validation
4141,1,validation
4603,1,validation
4605,1,validation
4716,1,validation
4766,1,validation
5470,1,validation
5646,1,validation
5759,1,validation
5776,1,validation
6209,1,validation
6282,1,validation
6743,1,validation
6921,1,validation
7468,1,validation
7774,1,validation
8103,1,validation
8221,1,validation
8237,1,validation
8332,1,validation
8457,1,validation
8504,1,validation
8780,1,validation
8875,1,validation
9019,1,validation
9374,1,validation
9549,1,validation
9738,1,validation
9890,1,validation
9891,1,validation
10492,1,validation
10687,1,validation
10755,1,validation
10762,1,validation
10852,1,validation
10876,1,validation
10882,1,validation
10893,1,validation
11021,1,validation
11190,1,validation
11531,1,validation
11783,1,validation
11819,1,validation
11964,1,validation
11973,1,validation
12032,1,validation
12120,1,validation
12281,1,validation
12355,1,validation
12405,1,validation
12709,1,validation
12875,1,validation
13730,1,validation
14060,1,validation
14275,1,validation
14766,1,validation
15061,1,validation
15301,1,validation
15493,1,validation
15569,1,validation
15791,1,validation
15874,1,validation
16014,1,validation
16570,1,validation
17308,1,validation
17557,1,validation
17701,1,validation
18465,1,validation
18593,1,validation
18660,1,validation
18750,1,validation
18908,1,validation
19957,1,validation
19990,1,validation
20217,1,validation
20244,1,validation
20356,1,validation
20573,1,validation
21040,1,validation
21419,1,validation
21483,1,validation
21588,1,validation
85,1,validation
426,1,validation
518,1,validation
895,1,validation
1259,1,validation
1828,1,validation
1997,1,validation
2085,1,validation
2310,1,validation
2408,1,validation
2915,1,validation
3094,1,validation
3360,1,validation
4165,1,validation
4170,1,validation
4192,1,validation
4412,1,validation
5338,1,validation
6029,1,validation
6486,1,validation
6654,1,validation
7060,1,validation
7781,1,validation
7798,1,validation
8204,1,validation
9313,1,validation
9595,1,validation
9609,1,validation
10061,1,validation
10236,1,validation
10816,1,validation
11208,1,validation
11509,1,validation
12091,1,validation
12177,1,validation
12198,1,validation
12224,1,validation
12489,1,validation
12878,1,validation
13255,1,validation
13767,1,validation
13897,1,validation
14458,1,validation
14879,1,validation
15049,1,validation
15185,1,validation
16453,1,validation
16596,1,validation
17061,1,validation
17442,1,validation
17781,1,validation
18052,1,validation
18090,1,validation
18306,1,validation
18345,1,validation
18366,1,validation
18390,1,validation
18989,1,validation
19140,1,validation
19143,1,validation
19225,1,validation
19640,1,validation
19738,1,validation
19750,1,validation
19828,1,validation
20529,1,validation
20607,1,validation
20758,1,validation
21025,1,validation
2734,1,validation
4071,1,validation
10993,1,validation
12368,1,validation
178,1,validation
554,1,validation
584,1,validation
650,1,validation
1256,1,validation
1543,1,validation
2107,1,validation
2135,1,validation
3023,1,validation
3121,1,validation
3190,1,validation
3816,1,validation
4367,1,validation
4435,1,validation
4503,1,validation
4613,1,validation
4780,1,validation
6658,1,validation
6820,1,validation
7082,1,validation
7667,1,validation
7731,1,validation
7987,1,validation
8093,1,validation
8278,1,validation
8305,1,validation
8477,1,validation
9064,1,validation
9435,1,validation
9566,1,validation
9698,1,validation
9962,1,validation
10479,1,validation
10821,1,validation
10840,1,validation
10972,1,validation
11050,1,validation
11327,1,validation
11718,1,validation
11811,1,validation
11943,1,validation
12051,1,validation
12326,1,validation
12335,1,validation
12504,1,validation
12730,1,validation
13306,1,validation
13753,1,validation
13789,1,validation
13866,1,validation
13939,1,validation
14041,1,validation
14378,1,validation
14437,1,validation
14506,1,validation
14868,1,validation
15003,1,validation
15167,1,validation
15430,1,validation
15800,1,validation
15894,1,validation
16885,1,validation
16906,1,validation
17274,1,validation
17295,1,validation
18229,1,validation
18275,1,validation
18766,1,validation
18839,1,validation
19153,1,validation
19376,1,validation
19802,1,validation
19900,1,validation
20193,1,validation
20418,1,validation
20496,1,validation
20561,1,validation
20667,1,validation
20781,1,validation
21097,1,validation
21295,1,validation
21300,1,validation
21340,1,validation
21377,1,validation
648,1,validation
782,1,validation
806,1,validation
841,1,validation
1094,1,validation
1304,1,validation
1359,1,validation
1563,1,validation
1671,1,validation
1721,1,validation
1810,1,validation
2017,1,validation
2025,1,validation
2109,1,validation
2774,1,validation
2864,1,validation
3177,1,validation
3225,1,validation
3356,1,validation
3778,1,validation
4090,1,validation
4168,1,validation
4228,1,validation
4311,1,validation
4402,1,validation
4598,1,validation
4851,1,validation
5127,1,validation
5489,1,validation
6270,1,validation
7701,1,validation
7838,1,validation
8112,1,validation
8447,1,validation
9375,1,validation
9671,1,validation
9694,1,validation
10120,1,validation
10242,1,validation
10388,1,validation
10529,1,validation
10577,1,validation
10706,1,validation
10721,1,validation
10824,1,validation
10854,1,validation
10990,1,validation
11038,1,validation
11078,1,validation
11084,1,validation
11349,1,validation
11417,1,validation
11693,1,validation
11850,1,validation
12085,1,validation
12206,1,validation
12659,1,validation
13105,1,validation
13178,1,validation
13615,1,validation
13965,1,validation
14280,1,validation
15110,1,validation
15649,1,validation
15765,1,validation
16819,1,validation
16900,1,validation
17027,1,validation
17419,1,validation
17625,1,validation
17762,1,validation
17867,1,validation
17887,1,validation
18224,1,validation
18263,1,validation
18435,1,validation
18655,1,validation
18696,1,validation
19086,1,validation
19141,1,validation
19179,1,validation
19431,1,validation
19528,1,validation
19648,1,validation
19773,1,validation
20228,1,validation
21560,1,validation
121,1,validation
739,1,validation
1006,1,validation
1238,1,validation
1800,1,validation
1945,1,validation
2153,1,validation
2964,1,validation
3405,1,validation
4512,1,validation
4656,1,validation
4948,1,validation
5050,1,validation
5078,1,validation
5168,1,validation
5345,1,validation
5436,1,validation
6131,1,validation
6547,1,validation
6614,1,validation
6623,1,validation
6645,1,validation
6662,1,validation
6837,1,validation
6977,1,validation
7196,1,validation
7558,1,validation
7656,1,validation
7761,1,validation
8182,1,validation
8210,1,validation
8559,1,validation
9000,1,validation
9190,1,validation
9240,1,validation
9487,1,validation
9575,1,validation
9682,1,validation
9691,1,validation
9895,1,validation
9970,1,validation
10351,1,validation
10409,1,validation
10430,1,validation
10463,1,validation
10890,1,validation
11181,1,validation
11192,1,validation
11316,1,validation
11972,1,validation
12340,1,validation
12683,1,validation
13142,1,validation
13176,1,validation
13771,1,validation
14081,1,validation
14572,1,validation
14725,1,validation
15181,1,validation
15202,1,validation
15205,1,validation
15402,1,validation
15901,1,validation
16011,1,validation
16251,1,validation
16273,1,validation
16742,1,validation
16948,1,validation
17418,1,validation
17856,1,validation
17947,1,validation
18083,1,validation
18091,1,validation
18122,1,validation
18248,1,validation
18700,1,validation
18857,1,validation
18947,1,validation
19159,1,validation
19673,1,validation
20061,1,validation
20588,1,validation
24,1,validation
65,1,validation
156,1,validation
233,1,validation
369,1,validation
490,1,validation
656,1,validation
787,1,validation
834,1,validation
1435,1,validation
1578,1,validation
1730,1,validation
2435,1,validation
2842,1,validation
2851,1,validation
3101,1,validation
3265,1,validation
3318,1,validation
3464,1,validation
3713,1,validation
4399,1,validation
4536,1,validation
4801,1,validation
5247,1,validation
5528,1,validation
5680,1,validation
5821,1,validation
6041,1,validation
6042,1,validation
6517,1,validation
7294,1,validation
7335,1,validation
7393,1,validation
7477,1,validation
7520,1,validation
7801,1,validation
8218,1,validation
8376,1,validation
9183,1,validation
9216,1,validation
9256,1,validation
9540,1,validation
9984,1,validation
10110,1,validation
10312,1,validation
10317,1,validation
10814,1,validation
11579,1,validation
11762,1,validation
11890,1,validation
12191,1,validation
12337,1,validation
12753,1,validation
12985,1,validation
13061,1,validation
13396,1,validation
13838,1,validation
14076,1,validation
14143,1,validation
14795,1,validation
15270,1,validation
15334,1,validation
15405,1,validation
15744,1,validation
16115,1,validation
16369,1,validation
16565,1,validation
16668,1,validation
16744,1,validation
16859,1,validation
16939,1,validation
17215,1,validation
18635,1,validation
18784,1,validation
19313,1,validation
19626,1,validation
19688,1,validation
19702,1,validation
19799,1,validation
19822,1,validation
19841,1,validation
19842,1,validation
19922,1,validation
19983,1,validation
20266,1,validation
20660,1,validation
115,1,validation
185,1,validation
232,1,validation
525,1,validation
544,1,validation
1722,1,validation
2459,1,validation
2980,1,validation
2986,1,validation
3207,1,validation
3571,1,validation
3755,1,validation
3789,1,validation
3976,1,validation
4369,1,validation
4800,1,validation
5221,1,validation
5462,1,validation
5673,1,validation
6119,1,validation
6526,1,validation
6542,1,validation
6881,1,validation
7206,1,validation
7469,1,validation
7654,1,validation
7844,1,validation
8245,1,validation
8839,1,validation
8888,1,validation
9032,1,validation
9333,1,validation
9750,1,validation
10118,1,validation
10251,1,validation
10795,1,validation
11205,1,validation
11259,1,validation
11638,1,validation
11648,1,validation
11752,1,validation
11859,1,validation
11971,1,validation
11996,1,validation
12159,1,validation
12247,1,validation
13141,1,validation
13360,1,validation
13460,1,validation
14228,1,validation
14396,1,validation
14938,1,validation
15036,1,validation
15154,1,validation
15375,1,validation
16193,1,validation
16679,1,validation
17015,1,validation
17578,1,validation
17673,1,validation
17823,1,validation
17936,1,validation
18136,1,validation
18196,1,validation
18459,1,validation
18752,1,validation
18843,1,validation
19015,1,validation
19026,1,validation
19048,1,validation
19150,1,validation
19459,1,validation
20148,1,validation
20297,1,validation
20644,1,validation
20741,1,validation
21052,1,validation
21072,1,validation
21147,1,validation
21198,1,validation
21229,1,validation
319,1,validation
2101,1,validation
4461,1,validation
14178,1,validation
15415,1,validation
16608,1,validation
20986,1,validation
208,1,validation
13401,1,validation
14965,1,validation
15647,1,validation
113,1,validation
258,1,validation
274,1,validation
651,1,validation
664,1,validation
665,1,validation
910,1,validation
1264,1,validation
1539,1,validation
1615,1,validation
1989,1,validation
2146,1,validation
2188,1,validation
2283,1,validation
3109,1,validation
3384,1,validation
3695,1,validation
4391,1,validation
4449,1,validation
4830,1,validation
4933,1,validation
5252,1,validation
7360,1,validation
8502,1,validation
8790,1,validation
8812,1,validation
8906,1,validation
9199,1,validation
9676,1,validation
10212,1,validation
10359,1,validation
10458,1,validation
10465,1,validation
10656,1,validation
10917,1,validation
11222,1,validation
11426,1,validation
11520,1,validation
11709,1,validation
11717,1,validation
11728,1,validation
11896,1,validation
12640,1,validation
12672,1,validation
12686,1,validation
13180,1,validation
13325,1,validation
13326,1,validation
13800,1,validation
13830,1,validation
14602,1,validation
14800,1,validation
15351,1,validation
16491,1,validation
16551,1,validation
16774,1,validation
16937,1,validation
16945,1,validation
17105,1,validation
17356,1,validation
17443,1,validation
17638,1,validation
17760,1,validation
17909,1,validation
18131,1,validation
18323,1,validation
18955,1,validation
18958,1,validation
19008,1,validation
19121,1,validation
19189,1,validation
19875,1,validation
19911,1,validation
19925,1,validation
20210,1,validation
20957,1,validation
21168,1,validation
21305,1,validation
21525,1,validation
846,1,validation
877,1,validation
1214,1,validation
1553,1,validation
1885,1,validation
2328,1,validation
2882,1,validation
3218,1,validation
3493,1,validation
4178,1,validation
4348,1,validation
5105,1,validation
5231,1,validation
5317,1,validation
5871,1,validation
5943,1,validation
6476,1,validation
6772,1,validation
7202,1,validation
7221,1,validation
7436,1,validation
7740,1,validation
7932,1,validation
8289,1,validation
8343,1,validation
8443,1,validation
8630,1,validation
9283,1,validation
9539,1,validation
9810,1,validation
9811,1,validation
10059,1,validation
10284,1,validation
10340,1,validation
10996,1,validation
11753,1,validation
12079,1,validation
12209,1,validation
13677,1,validation
13799,1,validation
14032,1,validation
14116,1,validation
14162,1,validation
14475,1,validation
14758,1,validation
14892,1,validation
15188,1,validation
15259,1,validation
15321,1,validation
16061,1,validation
16200,1,validation
16674,1,validation
16904,1,validation
16951,1,validation
17326,1,validation
17715,1,validation
18676,1,validation
18744,1,validation
18901,1,validation
19041,1,validation
19302,1,validation
19714,1,validation
19993,1,validation
20117,1,validation
20650,1,validation
20848,1,validation
20944,1,validation
21068,1,validation
21262,1,validation
21364,1,validation
457,1,validation
608,1,validation
1196,1,validation
1337,1,validation
2560,1,validation
2898,1,validation
3016,1,validation
3259,1,validation
3603,1,validation
3924,1,validation
4260,1,validation
4339,1,validation
4975,1,validation
5040,1,validation
5123,1,validation
5265,1,validation
5822,1,validation
6124,1,validation
6375,1,validation
6394,1,validation
6868,1,validation
6893,1,validation
6942,1,validation
7167,1,validation
7184,1,validation
7692,1,validation
8044,1,validation
9836,1,validation
11113,1,validation
11416,1,validation
11921,1,validation
11999,1,validation
12494,1,validation
12748,1,validation
12884,1,validation
12933,1,validation
15503,1,validation
15777,1,validation
17085,1,validation
17276,1,validation
17379,1,validation
17979,1,validation
18600,1,validation
18988,1,validation
19815,1,validation
20071,1,validation
20771,1,validation
8799,1,validation
20367,1,validation
12917,1,validation
18939,1,validation
20301,1,validation
18794,1,validation
27,1,validation
31,1,validation
194,1,validation
466,1,validation
1772,1,validation
1838,1,validation
2122,1,validation
2368,1,validation
2806,1,validation
2837,1,validation
2861,1,validation
2895,1,validation
3337,1,validation
3691,1,validation
3917,1,validation
4087,1,validation
4140,1,validation
4210,1,validation
4223,1,validation
4317,1,validation
4440,1,validation
4742,1,validation
4865,1,validation
4904,1,validation
5279,1,validation
5609,1,validation
5883,1,validation
5998,1,validation
6107,1,validation
6182,1,validation
6367,1,validation
6766,1,validation
6792,1,validation
7280,1,validation
7312,1,validation
7561,1,validation
7893,1,validation
8268,1,validation
8644,1,validation
9156,1,validation
9314,1,validation
10168,1,validation
10554,1,validation
10558,1,validation
10574,1,validation
10619,1,validation
10666,1,validation
10737,1,validation
11604,1,validation
12143,1,validation
12190,1,validation
12391,1,validation
12454,1,validation
12509,1,validation
12615,1,validation
12965,1,validation
13103,1,validation
13219,1,validation
13233,1,validation
13258,1,validation
13607,1,validation
13741,1,validation
13947,1,validation
13950,1,validation
14481,1,validation
14865,1,validation
15692,1,validation
15718,1,validation
15881,1,validation
15998,1,validation
16282,1,validation
16352,1,validation
16999,1,validation
17003,1,validation
17205,1,validation
17297,1,validation
17314,1,validation
17496,1,validation
17622,1,validation
18005,1,validation
18076,1,validation
18602,1,validation
18760,1,validation
19457,1,validation
19809,1,validation
19975,1,validation
20296,1,validation
20476,1,validation
20613,1,validation
20803,1,validation
20887,1,validation
20932,1,validation
21011,1,validation
21031,1,validation
21467,1,validation
80,1,validation
260,1,validation
445,1,validation
784,1,validation
963,1,validation
1617,1,validation
1866,1,validation
1875,1,validation
1917,1,validation
2432,1,validation
2582,1,validation
2602,1,validation
3129,1,validation
3271,1,validation
3324,1,validation
3598,1,validation
3795,1,validation
4097,1,validation
4444,1,validation
4548,1,validation
4688,1,validation
4816,1,validation
4835,1,validation
4936,1,validation
5200,1,validation
5661,1,validation
5809,1,validation
5810,1,validation
5927,1,validation
6064,1,validation
6165,1,validation
6452,1,validation
6585,1,validation
6611,1,validation
6696,1,validation
6703,1,validation
7321,1,validation
7794,1,validation
7916,1,validation
8031,1,validation
8206,1,validation
8515,1,validation
8652,1,validation
8710,1,validation
8902,1,validation
9042,1,validation
9378,1,validation
10034,1,validation
10559,1,validation
10647,1,validation
11013,1,validation
11147,1,validation
11196,1,validation
11406,1,validation
11663,1,validation
12292,1,validation
12378,1,validation
12723,1,validation
12742,1,validation
12990,1,validation
13642,1,validation
14150,1,validation
14213,1,validation
14284,1,validation
14799,1,validation
14987,1,validation
15134,1,validation
15219,1,validation
15239,1,validation
15427,1,validation
15583,1,validation
15859,1,validation
16215,1,validation
16986,1,validation
17019,1,validation
17243,1,validation
17431,1,validation
17691,1,validation
17703,1,validation
18061,1,validation
18221,1,validation
18282,1,validation
18284,1,validation
18698,1,validation
18938,1,validation
18956,1,validation
19093,1,validation
19122,1,validation
19201,1,validation
19586,1,validation
19654,1,validation
20008,1,validation
20058,1,validation
20332,1,validation
20611,1,validation
20724,1,validation
21584,1,validation
34,1,validation
145,1,validation
353,1,validation
420,1,validation
925,1,validation
959,1,validation
1205,1,validation
1879,1,validation
2409,1,validation
2661,1,validation
2782,1,validation
2887,1,validation
2988,1,validation
3582,1,validation
3749,1,validation
3861,1,validation
4421,1,validation
4714,1,validation
5473,1,validation
5642,1,validation
5828,1,validation
5873,1,validation
5967,1,validation
6039,1,validation
6183,1,validation
6348,1,validation
6381,1,validation
6923,1,validation
7110,1,validation
7127,1,validation
7148,1,validation
8260,1,validation
8549,1,validation
8632,1,validation
8677,1,validation
8927,1,validation
9210,1,validation
9300,1,validation
9657,1,validation
10537,1,validation
10837,1,validation
10873,1,validation
11238,1,validation
11260,1,validation
11398,1,validation
11678,1,validation
11977,1,validation
12466,1,validation
12606,1,validation
12959,1,validation
13281,1,validation
13482,1,validation
13886,1,validation
14104,1,validation
14364,1,validation
14852,1,validation
14877,1,validation
14900,1,validation
14998,1,validation
15207,1,validation
15362,1,validation
15373,1,validation
15925,1,validation
15963,1,validation
16546,1,validation
16987,1,validation
17194,1,validation
17293,1,validation
17373,1,validation
18126,1,validation
18388,1,validation
18545,1,validation
18568,1,validation
18820,1,validation
19174,1,validation
19213,1,validation
20222,1,validation
20546,1,validation
20738,1,validation
21531,1,validation
370,1,validation
537,1,validation
1400,1,validation
1426,1,validation
1660,1,validation
1757,1,validation
2229,1,validation
2318,1,validation
2587,1,validation
2665,1,validation
2720,1,validation
2798,1,validation
2888,1,validation
2918,1,validation
3203,1,validation
3459,1,validation
3491,1,validation
3679,1,validation
4358,1,validation
4764,1,validation
5614,1,validation
5687,1,validation
6519,1,validation
6758,1,validation
6850,1,validation
6875,1,validation
7062,1,validation
7166,1,validation
7663,1,validation
7675,1,validation
8814,1,validation
8950,1,validation
9062,1,validation
9699,1,validation
10222,1,validation
10289,1,validation
10380,1,validation
10415,1,validation
10785,1,validation
12109,1,validation
13185,1,validation
13279,1,validation
14125,1,validation
14809,1,validation
14848,1,validation
15002,1,validation
15349,1,validation
15738,1,validation
15797,1,validation
16068,1,validation
16897,1,validation
17309,1,validation
17329,1,validation
17529,1,validation
18007,1,validation
18187,1,validation
18289,1,validation
18381,1,validation
18397,1,validation
18472,1,validation
18536,1,validation
18789,1,validation
19523,1,validation
20194,1,validation
20413,1,validation
20943,1,validation
18,1,validation
189,1,validation
347,1,validation
1236,1,validation
1644,1,validation
2021,1,validation
2274,1,validation
2278,1,validation
2358,1,validation
2561,1,validation
2663,1,validation
2814,1,validation
2917,1,validation
3178,1,validation
3266,1,validation
3390,1,validation
3402,1,validation
3809,1,validation
4710,1,validation
5203,1,validation
6499,1,validation
6791,1,validation
7050,1,validation
7230,1,validation
7399,1,validation
8791,1,validation
8838,1,validation
9322,1,validation
9667,1,validation
10084,1,validation
10622,1,validation
10630,1,validation
10933,1,validation
11313,1,validation
11542,1,validation
11925,1,validation
12271,1,validation
12376,1,validation
12544,1,validation
12631,1,validation
12636,1,validation
12851,1,validation
12958,1,validation
13193,1,validation
13515,1,validation
13691,1,validation
14123,1,validation
14183,1,validation
15812,1,validation
16248,1,validation
16256,1,validation
16618,1,validation
16925,1,validation
17386,1,validation
18244,1,validation
18563,1,validation
19000,1,validation
19950,1,validation
20739,1,validation
21247,1,validation
6767,1,validation
8256,1,validation
13013,1,validation
13253,1,validation
17975,1,validation
19902,1,validation
63,1,validation
3278,1,validation
165,1,validation
240,1,validation
1398,1,validation
1550,1,validation
1696,1,validation
1703,1,validation
1709,1,validation
1910,1,validation
1968,1,validation
2083,1,validation
2304,1,validation
2962,1,validation
3075,1,validation
3456,1,validation
3799,1,validation
3812,1,validation
3910,1,validation
4418,1,validation
4579,1,validation
4877,1,validation
5213,1,validation
5406,1,validation
5811,1,validation
5893,1,validation
6668,1,validation
6800,1,validation
6991,1,validation
7002,1,validation
7156,1,validation
7903,1,validation
7927,1,validation
8571,1,validation
8678,1,validation
9867,1,validation
10139,1,validation
10436,1,validation
10476,1,validation
10849,1,validation
10851,1,validation
11089,1,validation
11286,1,validation
11568,1,validation
11932,1,validation
12014,1,validation
12418,1,validation
12721,1,validation
12816,1,validation
13043,1,validation
13127,1,validation
13416,1,validation
14356,1,validation
14442,1,validation
14734,1,validation
15078,1,validation
16751,1,validation
16798,1,validation
17073,1,validation
17375,1,validation
17729,1,validation
17973,1,validation
18035,1,validation
18409,1,validation
18606,1,validation
18673,1,validation
18825,1,validation
18855,1,validation
19018,1,validation
19760,1,validation
19921,1,validation
20090,1,validation
20136,1,validation
20189,1,validation
20928,1,validation
1,1,validation
3,1,validation
314,1,validation
463,1,validation
576,1,validation
610,1,validation
844,1,validation
1197,1,validation
1731,1,validation
2285,1,validation
2683,1,validation
3531,1,validation
3728,1,validation
3764,1,validation
3883,1,validation
3958,1,validation
4056,1,validation
4101,1,validation
4275,1,validation
4693,1,validation
4734,1,validation
5260,1,validation
5368,1,validation
5634,1,validation
6217,1,validation
6374,1,validation
6695,1,validation
6819,1,validation
6862,1,validation
6905,1,validation
7347,1,validation
7581,1,validation
7771,1,validation
8222,1,validation
8244,1,validation
8321,1,validation
8412,1,validation
8768,1,validation
9101,1,validation
9530,1,validation
9818,1,validation
10669,1,validation
10968,1,validation
11093,1,validation
11380,1,validation
11446,1,validation
11688,1,validation
12445,1,validation
12463,1,validation
13007,1,validation
13145,1,validation
13494,1,validation
13819,1,validation
13945,1,validation
14630,1,validation
14706,1,validation
14793,1,validation
15033,1,validation
15079,1,validation
15103,1,validation
15395,1,validation
15512,1,validation
15671,1,validation
15945,1,validation
17618,1,validation
18334,1,validation
18340,1,validation
18728,1,validation
18913,1,validation
19237,1,validation
19495,1,validation
20177,1,validation
20359,1,validation
20503,1,validation
20655,1,validation
21138,1,validation
21347,1,validation
21521,1,validation
15001,1,excluded_overlap
5758,1,excluded_overlap
3785,1,excluded_overlap
12417,1,excluded_overlap
313,1,excluded_overlap
15568,1,excluded_overlap
17204,1,excluded_overlap
12208,1,excluded_overlap
13659,1,excluded_overlap
20612,1,excluded_overlap
10221,1,excluded_overlap
5251,1,excluded_overlap
11586,1,excluded_overlap
12377,1,excluded_overlap
10916,1,excluded_overlap
172,2,train
312,2,train
502,2,train
775,2,train
1041,2,train
1393,2,train
2487,2,train
2580,2,train
3323,2,train
3714,2,train
3723,2,train
4335,2,train
4964,2,train
5002,2,train
5043,2,train
5613,2,train
5657,2,train
5956,2,train
6311,2,train
6424,2,train
6661,2,train
6711,2,train
7323,2,train
7734,2,train
7942,2,train
7961,2,train
8300,2,train
8326,2,train
8892,2,train
9587,2,train
9596,2,train
10246,2,train
10701,2,train
11503,2,train
11577,2,train
11891,2,train
11907,2,train
12366,2,train
12496,2,train
13108,2,train
13648,2,train
13980,2,train
14088,2,train
14817,2,train
15127,2,train
15556,2,train
15921,2,train
16316,2,train
16768,2,train
16880,2,train
16923,2,train
17038,2,train
17055,2,train
17400,2,train
17402,2,train
17480,2,train
18690,2,train
19066,2,train
19566,2,train
19677,2,train
19830,2,train
20149,2,train
20559,2,train
20602,2,train
21161,2,train
21287,2,train
21390,2,train
8110,2,train
8520,2,train
13166,2,train
15891,2,train
3827,2,train
4893,2,train
9661,2,train
14295,2,train
15050,2,train
187,2,train
358,2,train
606,2,train
1278,2,train
1425,2,train
1702,2,train
1774,2,train
1896,2,train
2342,2,train
2527,2,train
2533,2,train
3063,2,train
3174,2,train
3380,2,train
3415,2,train
3753,2,train
3859,2,train
3968,2,train
4169,2,train
4759,2,train
5144,2,train
5396,2,train
5699,2,train
6014,2,train
6114,2,train
6304,2,train
6650,2,train
6859,2,train
6959,2,train
6970,2,train
7505,2,train
7859,2,train
8084,2,train
8166,2,train
8372,2,train
9061,2,train
9126,2,train
9282,2,train
9402,2,train
9557,2,train
10066,2,train
10208,2,train
10573,2,train
10926,2,train
10927,2,train
11299,2,train
11444,2,train
11485,2,train
11607,2,train
11759,2,train
11944,2,train
12161,2,train
12660,2,train
12732,2,train
12777,2,train
13025,2,train
13285,2,train
13809,2,train
13946,2,train
14156,2,train
14197,2,train
14204,2,train
14212,2,train
14869,2,train
16016,2,train
16106,2,train
16775,2,train
16946,2,train
18428,2,train
19511,2,train
19796,2,train
19968,2,train
20053,2,train
20338,2,train
20341,2,train
20381,2,train
20445,2,train
20475,2,train
20554,2,train
20745,2,train
20762,2,train
20955,2,train
21100,2,train
428,2,train
773,2,train
1118,2,train
1260,2,train
1381,2,train
1699,2,train
1831,2,train
2022,2,train
2180,2,train
2616,2,train
2622,2,train
2685,2,train
2966,2,train
3189,2,train
3314,2,train
3448,2,train
3640,2,train
3719,2,train
4595,2,train
4654,2,train
4678,2,train
5352,2,train
5584,2,train
5598,2,train
6296,2,train
6490,2,train
6625,2,train
7583,2,train
8582,2,train
8636,2,train
8766,2,train
8901,2,train
9043,2,train
9089,2,train
9153,2,train
9301,2,train
9327,2,train
9513,2,train
10132,2,train
10226,2,train
10257,2,train
10270,2,train
10511,2,train
10575,2,train
10774,2,train
12042,2,train
12115,2,train
12195,2,train
12258,2,train
12622,2,train
13953,2,train
14352,2,train
14707,2,train
14764,2,train
14955,2,train
15001,2,train
15044,2,train
15130,2,train
15262,2,train
15293,2,train
15416,2,train
15606,2,train
15651,2,train
15842,2,train
15947,2,train
15972,2,train
16175,2,train
17031,2,train
17082,2,train
17213,2,train
17321,2,train
17459,2,train
17857,2,train
18115,2,train
18378,2,train
19076,2,train
19610,2,train
19683,2,train
19868,2,train
20049,2,train
20846,2,train
21148,2,train
21496,2,train
139,2,train
160,2,train
657,2,train
1147,2,train
1171,2,train
1401,2,train
1547,2,train
2224,2,train
2878,2,train
3533,2,train
3765,2,train
3848,2,train
4096,2,train
4675,2,train
4728,2,train
4815,2,train
5060,2,train
5422,2,train
5928,2,train
6203,2,train
6642,2,train
6692,2,train
7125,2,train
7191,2,train
7853,2,train
7935,2,train
8342,2,train
8410,2,train
8430,2,train
8510,2,train
8818,2,train
9037,2,train
9072,2,train
9155,2,train
9286,2,train
9751,2,train
9833,2,train
9938,2,train
9941,2,train
10164,2,train
10847,2,train
11307,2,train
11443,2,train
11680,2,train
12149,2,train
12414,2,train
12502,2,train
12542,2,train
12554,2,train
12555,2,train
12693,2,train
12882,2,train
13044,2,train
13422,2,train
13543,2,train
13932,2,train
14096,2,train
14199,2,train
14422,2,train
14508,2,train
14587,2,train
14976,2,train
15456,2,train
15751,2,train
15902,2,train
16342,2,train
16347,2,train
16372,2,train
16419,2,train
16776,2,train
17287,2,train
17348,2,train
17436,2,train
17617,2,train
18274,2,train
18314,2,train
19042,2,train
19124,2,train
19151,2,train
19580,2,train
19606,2,train
19616,2,train
19769,2,train
19814,2,train
20025,2,train
20156,2,train
20519,2,train
20978,2,train
21263,2,train
21269,2,train
21371,2,train
21381,2,train
21574,2,train
508,2,train
732,2,train
896,2,train
1002,2,train
1309,2,train
1613,2,train
1720,2,train
1780,2,train
1995,2,train
2141,2,train
2359,2,train
2506,2,train
2589,2,train
2885,2,train
2911,2,train
3394,2,train
4009,2,train
4261,2,train
4407,2,train
5401,2,train
5455,2,train
5563,2,train
5970,2,train
6244,2,train
6735,2,train
6754,2,train
6929,2,train
6941,2,train
6981,2,train
7103,2,train
8467,2,train
8704,2,train
9020,2,train
9307,2,train
9350,2,train
9424,2,train
9469,2,train
9560,2,train
9623,2,train
9988,2,train
10033,2,train
10533,2,train
10901,2,train
11130,2,train
11574,2,train
11901,2,train
11942,2,train
12018,2,train
13084,2,train
13864,2,train
14084,2,train
14170,2,train
14626,2,train
15192,2,train
15746,2,train
16294,2,train
16494,2,train
16657,2,train
16688,2,train
16882,2,train
17145,2,train
17820,2,train
18307,2,train
18412,2,train
18551,2,train
18842,2,train
19128,2,train
19167,2,train
19202,2,train
19380,2,train
19426,2,train
19465,2,train
19971,2,train
20350,2,train
20642,2,train
20860,2,train
20873,2,train
21065,2,train
21249,2,train
21277,2,train
21401,2,train
729,2,train
842,2,train
845,2,train
902,2,train
974,2,train
1010,2,train
1120,2,train
1200,2,train
1292,2,train
1558,2,train
1784,2,train
1982,2,train
2149,2,train
2205,2,train
3030,2,train
3202,2,train
3530,2,train
4013,2,train
4538,2,train
5865,2,train
5944,2,train
6454,2,train
6684,2,train
6699,2,train
7567,2,train
7841,2,train
8287,2,train
8448,2,train
8808,2,train
8878,2,train
9071,2,train
9389,2,train
9603,2,train
10364,2,train
10569,2,train
10830,2,train
10853,2,train
10914,2,train
10976,2,train
11193,2,train
11415,2,train
11543,2,train
11708,2,train
11990,2,train
12182,2,train
12661,2,train
12927,2,train
13248,2,train
13333,2,train
13376,2,train
13748,2,train
13933,2,train
13944,2,train
14560,2,train
14670,2,train
15735,2,train
15844,2,train
15932,2,train
16109,2,train
16496,2,train
16632,2,train
16873,2,train
16917,2,train
17084,2,train
17387,2,train
17451,2,train
17543,2,train
17698,2,train
17772,2,train
18146,2,train
18796,2,train
19166,2,train
19412,2,train
19423,2,train
20066,2,train
20417,2,train
20574,2,train
20599,2,train
21431,2,train
21506,2,train
21538,2,train
4572,2,train
5141,2,train
13088,2,train
15242,2,train
20725,2,train
1350,2,train
20099,2,train
5,2,train
55,2,train
133,2,train
393,2,train
495,2,train
1789,2,train
2026,2,train
2075,2,train
2273,2,train
2322,2,train
2389,2,train
3495,2,train
3526,2,train
3897,2,train
4553,2,train
4901,2,train
5186,2,train
5253,2,train
5293,2,train
5472,2,train
5939,2,train
6493,2,train
6511,2,train
7020,2,train
7058,2,train
7341,2,train
7890,2,train
8004,2,train
8400,2,train
8952,2,train
9033,2,train
9090,2,train
9588,2,train
9590,2,train
9669,2,train
9705,2,train
9986,2,train
10002,2,train
10545,2,train
10550,2,train
10563,2,train
10899,2,train
11528,2,train
11851,2,train
12553,2,train
12562,2,train
12779,2,train
13146,2,train
13158,2,train
13499,2,train
13529,2,train
14085,2,train
14187,2,train
14537,2,train
14622,2,train
14849,2,train
15287,2,train
15547,2,train
15835,2,train
16004,2,train
16197,2,train
16509,2,train
16529,2,train
17197,2,train
17655,2,train
17684,2,train
18405,2,train
18910,2,train
19055,2,train
19104,2,train
19442,2,train
19649,2,train
19742,2,train
19751,2,train
19795,2,train
20068,2,train
20501,2,train
20810,2,train
21469,2,train
251,2,train
320,2,train
1326,2,train
1390,2,train
1436,2,train
1683,2,train
2570,2,train
3006,2,train
3106,2,train
3302,2,train
3471,2,train
3620,2,train
3748,2,train
4028,2,train
4115,2,train
4133,2,train
4166,2,train
4196,2,train
4556,2,train
4825,2,train
5745,2,train
6166,2,train
6280,2,train
6356,2,train
6938,2,train
7095,2,train
7154,2,train
7875,2,train
8191,2,train
8299,2,train
8379,2,train
9264,2,train
9479,2,train
9732,2,train
9916,2,train
10835,2,train
10981,2,train
11173,2,train
11189,2,train
11225,2,train
11833,2,train
12001,2,train
12189,2,train
12294,2,train
12415,2,train
12441,2,train
12551,2,train
13357,2,train
13424,2,train
13481,2,train
13502,2,train
13590,2,train
13880,2,train
14503,2,train
14655,2,train
15009,2,train
15193,2,train
15234,2,train
15368,2,train
15785,2,train
16018,2,train
16120,2,train
16122,2,train
16176,2,train
16253,2,train
16772,2,train
16961,2,train
16998,2,train
17452,2,train
18101,2,train
18191,2,train
18385,2,train
18773,2,train
19353,2,train
19388,2,train
19918,2,train
20167,2,train
20172,2,train
20433,2,train
20775,2,train
21261,2,train
21449,2,train
21513,2,train
21570,2,train
20,2,train
666,2,train
1249,2,train
1296,2,train
1397,2,train
1716,2,train
1729,2,train
1849,2,train
1921,2,train
2116,2,train
2244,2,train
2286,2,train
2510,2,train
2748,2,train
3293,2,train
3339,2,train
3568,2,train
3660,2,train
3800,2,train
4182,2,train
4735,2,train
4755,2,train
4763,2,train
4795,2,train
4937,2,train
4958,2,train
5018,2,train
5142,2,train
5331,2,train
5355,2,train
5502,2,train
5709,2,train
6136,2,train
6161,2,train
6215,2,train
6260,2,train
6967,2,train
7134,2,train
7418,2,train
7456,2,train
7981,2,train
8143,2,train
8662,2,train
9125,2,train
9173,2,train
9622,2,train
9766,2,train
10069,2,train
10528,2,train
10667,2,train
11045,2,train
11496,2,train
11498,2,train
11840,2,train
11930,2,train
13009,2,train
13032,2,train
13162,2,train
13602,2,train
13968,2,train
14344,2,train
14778,2,train
15283,2,train
15342,2,train
15471,2,train
15477,2,train
15641,2,train
16267,2,train
16864,2,train
17097,2,train
17203,2,train
17230,2,train
17827,2,train
17853,2,train
18029,2,train
18870,2,train
18974,2,train
19413,2,train
20402,2,train
21288,2,train
21590,2,train
195,2,train
212,2,train
387,2,train
778,2,train
828,2,train
879,2,train
967,2,train
1028,2,train
1125,2,train
1748,2,train
2164,2,train
2348,2,train
2657,2,train
2775,2,train
3262,2,train
3368,2,train
4191,2,train
4287,2,train
4323,2,train
4414,2,train
4467,2,train
5306,2,train
5684,2,train
5869,2,train
5934,2,train
5987,2,train
6022,2,train
6584,2,train
6945,2,train
7172,2,train
7548,2,train
7579,2,train
7710,2,train
7919,2,train
7964,2,train
9095,2,train
9453,2,train
9615,2,train
9771,2,train
10363,2,train
10787,2,train
11143,2,train
11278,2,train
11355,2,train
11564,2,train
11761,2,train
12013,2,train
12230,2,train
12233,2,train
12307,2,train
13203,2,train
13286,2,train
13589,2,train
13651,2,train
14261,2,train
14424,2,train
14535,2,train
14583,2,train
14867,2,train
14950,2,train
14951,2,train
15093,2,train
15410,2,train
15684,2,train
16049,2,train
16159,2,train
16388,2,train
16967,2,train
17340,2,train
17962,2,train
18102,2,train
18945,2,train
20278,2,train
20582,2,train
20676,2,train
20687,2,train
20899,2,train
21090,2,train
21441,2,train
21482,2,train
23,2,train
99,2,train
154,2,train
580,2,train
789,2,train
924,2,train
1250,2,train
1714,2,train
1840,2,train
1929,2,train
2134,2,train
2398,2,train
2571,2,train
2705,2,train
3600,2,train
4176,2,train
4257,2,train
4586,2,train
4991,2,train
5151,2,train
5393,2,train
5437,2,train
5501,2,train
5849,2,train
5974,2,train
6004,2,train
7139,2,train
7485,2,train
7923,2,train
8144,2,train
8390,2,train
8763,2,train
8895,2,train
9128,2,train
9198,2,train
9526,2,train
9701,2,train
9761,2,train
10165,2,train
10570,2,train
11091,2,train
11164,2,train
11472,2,train
11600,2,train
11701,2,train
11926,2,train
12288,2,train
12543,2,train
12848,2,train
12873,2,train
13139,2,train
13208,2,train
13862,2,train
14858,2,train
14873,2,train
14889,2,train
16280,2,train
16704,2,train
17054,2,train
17550,2,train
18239,2,train
18534,2,train
18803,2,train
19215,2,train
19623,2,train
19821,2,train
19916,2,train
20006,2,train
20191,2,train
20268,2,train
20949,2,train
20996,2,train
21210,2,train
1050,2,train
4155,2,train
8189,2,train
9528,2,train
15119,2,train
15148,2,train
18741,2,train
18827,2,train
88,2,train
255,2,train
265,2,train
501,2,train
686,2,train
801,2,train
919,2,train
1766,2,train
1856,2,train
2042,2,train
2365,2,train
2518,2,train
2647,2,train
3037,2,train
3087,2,train
3095,2,train
3498,2,train
3507,2,train
3519,2,train
3709,2,train
3782,2,train
3881,2,train
4002,2,train
4378,2,train
4387,2,train
4627,2,train
4667,2,train
4684,2,train
4832,2,train
5084,2,train
5349,2,train
5815,2,train
5992,2,train
6000,2,train
6234,2,train
6279,2,train
6745,2,train
7481,2,train
7984,2,train
8115,2,train
8298,2,train
8635,2,train
8718,2,train
8825,2,train
8847,2,train
8974,2,train
9370,2,train
9432,2,train
9522,2,train
9978,2,train
10119,2,train
10240,2,train
10259,2,train
10904,2,train
11454,2,train
11458,2,train
11983,2,train
12052,2,train
12291,2,train
12471,2,train
13459,2,train
13798,2,train
14004,2,train
14107,2,train
14595,2,train
15347,2,train
16351,2,train
16603,2,train
16691,2,train
16841,2,train
17678,2,train
17719,2,train
17829,2,train
18294,2,train
18732,2,train
18923,2,train
18997,2,train
19542,2,train
20007,2,train
20170,2,train
20201,2,train
20552,2,train
21048,2,train
375,2,train
455,2,train
926,2,train
1026,2,train
1084,2,train
1206,2,train
1379,2,train
1760,2,train
1950,2,train
1953,2,train
2081,2,train
2129,2,train
2284,2,train
2313,2,train
2423,2,train
2995,2,train
3201,2,train
3769,2,train
3942,2,train
4069,2,train
4243,2,train
4452,2,train
4606,2,train
4823,2,train
5138,2,train
5398,2,train
5753,2,train
6601,2,train
6603,2,train
7030,2,train
7087,2,train
7123,2,train
7300,2,train
7411,2,train
7458,2,train
7551,2,train
7573,2,train
7585,2,train
7725,2,train
7845,2,train
8114,2,train
8490,2,train
8528,2,train
8674,2,train
8900,2,train
8961,2,train
9403,2,train
9529,2,train
9696,2,train
9935,2,train
10017,2,train
10215,2,train
10234,2,train
11003,2,train
11375,2,train
11405,2,train
11442,2,train
11818,2,train
11821,2,train
11938,2,train
12131,2,train
12176,2,train
12745,2,train
13150,2,train
13234,2,train
13267,2,train
13354,2,train
13362,2,train
13426,2,train
13685,2,train
13811,2,train
14505,2,train
14518,2,train
14724,2,train
14729,2,train
14747,2,train
15023,2,train
15183,2,train
15332,2,train
15365,2,train
15764,2,train
16405,2,train
16478,2,train
16566,2,train
16629,2,train
16643,2,train
16746,2,train
16803,2,train
16829,2,train
16886,2,train
17176,2,train
17624,2,train
18315,2,train
18330,2,train
18528,2,train
18648,2,train
18937,2,train
18954,2,train
19053,2,train
19188,2,train
19229,2,train
19330,2,train
19462,2,train
19924,2,train
19929,2,train
20192,2,train
20196,2,train
20480,2,train
20493,2,train
20502,2,train
20511,2,train
20833,2,train
21004,2,train
21372,2,train
21559,2,train
21573,2,train
505,2,train
624,2,train
850,2,train
953,2,train
1687,2,train
1834,2,train
1956,2,train
1978,2,train
2596,2,train
2769,2,train
2804,2,train
3153,2,train
3154,2,train
3408,2,train
3501,2,train
3506,2,train
3851,2,train
4206,2,train
4808,2,train
4848,2,train
5091,2,train
5216,2,train
5366,2,train
5497,2,train
5541,2,train
5658,2,train
5758,2,train
6017,2,train
6403,2,train
6748,2,train
6822,2,train
6887,2,train
6962,2,train
7647,2,train
7862,2,train
8177,2,train
8508,2,train
8563,2,train
8734,2,train
9288,2,train
10394,2,train
10845,2,train
11151,2,train
11872,2,train
11883,2,train
12098,2,train
12184,2,train
12239,2,train
12261,2,train
12302,2,train
12750,2,train
13090,2,train
13170,2,train
13606,2,train
13930,2,train
13987,2,train
14078,2,train
14459,2,train
14559,2,train
14740,2,train
14767,2,train
14959,2,train
15111,2,train
15376,2,train
15609,2,train
16092,2,train
16233,2,train
16263,2,train
16330,2,train
16782,2,train
17045,2,train
17542,2,train
18138,2,train
18158,2,train
18278,2,train
18286,2,train
18674,2,train
18709,2,train
18865,2,train
18920,2,train
18925,2,train
19029,2,train
19065,2,train
19123,2,train
19196,2,train
19334,2,train
19627,2,train
19825,2,train
19878,2,train
20010,2,train
20072,2,train
20729,2,train
21094,2,train
21608,2,train
90,2,train
629,2,train
914,2,train
1052,2,train
1389,2,train
1449,2,train
1697,2,train
2449,2,train
2703,2,train
3058,2,train
3375,2,train
3376,2,train
3569,2,train
3841,2,train
4356,2,train
4712,2,train
5005,2,train
5274,2,train
5632,2,train
5858,2,train
6084,2,train
6529,2,train
6575,2,train
7118,2,train
7131,2,train
7384,2,train
7571,2,train
7786,2,train
8156,2,train
8367,2,train
8397,2,train
9165,2,train
9262,2,train
9637,2,train
9660,2,train
10012,2,train
10170,2,train
10486,2,train
10519,2,train
11510,2,train
11599,2,train
12123,2,train
12591,2,train
12768,2,train
12864,2,train
13018,2,train
13245,2,train
13470,2,train
13611,2,train
14175,2,train
14649,2,train
14876,2,train
15222,2,train
15407,2,train
15909,2,train
16121,2,train
16325,2,train
16434,2,train
16520,2,train
16598,2,train
16823,2,train
17053,2,train
17147,2,train
17363,2,train
17553,2,train
17812,2,train
18316,2,train
18324,2,train
18363,2,train
18439,2,train
18505,2,train
18781,2,train
18890,2,train
19005,2,train
19260,2,train
19665,2,train
19788,2,train
19852,2,train
19931,2,train
20015,2,train
20166,2,train
20233,2,train
20621,2,train
20652,2,train
20707,2,train
20784,2,train
20970,2,train
21221,2,train
21326,2,train
21339,2,train
106,2,train
465,2,train
546,2,train
630,2,train
652,2,train
1035,2,train
1184,2,train
1310,2,train
1665,2,train
1792,2,train
1908,2,train
2376,2,train
2431,2,train
2548,2,train
2595,2,train
2803,2,train
2840,2,train
3026,2,train
3785,2,train
4143,2,train
4390,2,train
4474,2,train
4802,2,train
4828,2,train
5071,2,train
5129,2,train
5154,2,train
5209,2,train
5227,2,train
5309,2,train
5319,2,train
5557,2,train
6049,2,train
6801,2,train
7249,2,train
7325,2,train
7896,2,train
8667,2,train
8771,2,train
8826,2,train
8940,2,train
10416,2,train
10697,2,train
10870,2,train
11519,2,train
12375,2,train
12401,2,train
12413,2,train
12651,2,train
12844,2,train
12868,2,train
12992,2,train
13189,2,train
13264,2,train
13764,2,train
14636,2,train
15260,2,train
16221,2,train
16568,2,train
16675,2,train
16862,2,train
16892,2,train
17039,2,train
17258,2,train
17315,2,train
17347,2,train
17433,2,train
17447,2,train
17653,2,train
17733,2,train
17883,2,train
18132,2,train
18702,2,train
18749,2,train
19071,2,train
19256,2,train
19306,2,train
19555,2,train
20221,2,train
20347,2,train
20387,2,train
20477,2,train
21453,2,train
1365,2,train
2921,2,train
4486,2,train
9253,2,train
9340,2,train
11346,2,train
11455,2,train
12393,2,train
13826,2,train
16646,2,train
19583,2,train
2943,2,train
8670,2,train
8960,2,train
11240,2,train
17627,2,train
2211,2,train
7130,2,train
8541,2,train
11345,2,train
14460,2,train
14697,2,train
15871,2,train
19538,2,train
11,2,train
214,2,train
506,2,train
663,2,train
984,2,train
1071,2,train
1237,2,train
1303,2,train
1593,2,train
2097,2,train
2150,2,train
2257,2,train
2591,2,train
2715,2,train
3098,2,train
3397,2,train
3407,2,train
3983,2,train
4053,2,train
4621,2,train
4676,2,train
4754,2,train
5354,2,train
5792,2,train
5829,2,train
6143,2,train
6308,2,train
6325,2,train
6455,2,train
6826,2,train
7472,2,train
7693,2,train
7717,2,train
8196,2,train
8236,2,train
8329,2,train
8577,2,train
8733,2,train
8904,2,train
9187,2,train
9459,2,train
9599,2,train
9775,2,train
9839,2,train
9932,2,train
10016,2,train
10188,2,train
10628,2,train
10650,2,train
10652,2,train
11048,2,train
11207,2,train
11290,2,train
11397,2,train
11862,2,train
12644,2,train
13054,2,train
13106,2,train
13149,2,train
13169,2,train
13320,2,train
13323,2,train
13620,2,train
13887,2,train
14301,2,train
14694,2,train
14721,2,train
14748,2,train
14861,2,train
15118,2,train
15533,2,train
15900,2,train
15908,2,train
15922,2,train
16517,2,train
16622,2,train
16647,2,train
16725,2,train
17122,2,train
17260,2,train
17270,2,train
17339,2,train
17566,2,train
17572,2,train
17609,2,train
17801,2,train
17861,2,train
17864,2,train
18661,2,train
18802,2,train
18950,2,train
19007,2,train
19499,2,train
19833,2,train
19848,2,train
20047,2,train
20352,2,train
20505,2,train
20628,2,train
20750,2,train
20923,2,train
21202,2,train
21313,2,train
21481,2,train
12,2,train
36,2,train
549,2,train
681,2,train
964,2,train
1099,2,train
1388,2,train
1515,2,train
1595,2,train
1655,2,train
1733,2,train
1895,2,train
2344,2,train
2372,2,train
3082,2,train
3396,2,train
4049,2,train
4211,2,train
4294,2,train
4394,2,train
4458,2,train
4620,2,train
4843,2,train
5153,2,train
5469,2,train
5536,2,train
5662,2,train
5863,2,train
5884,2,train
6054,2,train
6099,2,train
6630,2,train
6803,2,train
7185,2,train
7264,2,train
7445,2,train
7559,2,train
7922,2,train
8239,2,train
8452,2,train
8516,2,train
8529,2,train
9289,2,train
9993,2,train
10583,2,train
10603,2,train
10691,2,train
10823,2,train
10963,2,train
11115,2,train
11419,2,train
11603,2,train
11642,2,train
11695,2,train
11726,2,train
11934,2,train
11941,2,train
12024,2,train
12141,2,train
12168,2,train
12223,2,train
12521,2,train
12525,2,train
12697,2,train
12765,2,train
13046,2,train
13271,2,train
13350,2,train
13370,2,train
14022,2,train
14338,2,train
14515,2,train
14629,2,train
14732,2,train
14739,2,train
14771,2,train
15339,2,train
15341,2,train
15858,2,train
16171,2,train
16232,2,train
16320,2,train
16339,2,train
16482,2,train
16660,2,train
17068,2,train
17233,2,train
17235,2,train
17299,2,train
17343,2,train
17360,2,train
17462,2,train
17537,2,train
17669,2,train
17833,2,train
17859,2,train
18124,2,train
18205,2,train
18261,2,train
18478,2,train
18712,2,train
18993,2,train
19337,2,train
19886,2,train
20005,2,train
20281,2,train
20761,2,train
21102,2,train
21394,2,train
21402,2,train
17,2,train
137,2,train
227,2,train
239,2,train
299,2,train
760,2,train
985,2,train
1327,2,train
1468,2,train
1520,2,train
1933,2,train
1963,2,train
1977,2,train
2638,2,train
2681,2,train
2871,2,train
3301,2,train
3353,2,train
3626,2,train
3735,2,train
3741,2,train
3965,2,train
4130,2,train
4205,2,train
4940,2,train
5103,2,train
5299,2,train
6150,2,train
6604,2,train
7517,2,train
7724,2,train
7784,2,train
7883,2,train
8076,2,train
8562,2,train
8564,2,train
8725,2,train
8959,2,train
9755,2,train
10037,2,train
10484,2,train
11592,2,train
11612,2,train
11889,2,train
12872,2,train
12989,2,train
13143,2,train
14052,2,train
14208,2,train
14289,2,train
14342,2,train
14381,2,train
14582,2,train
14935,2,train
14943,2,train
15069,2,train
15534,2,train
15720,2,train
15930,2,train
16729,2,train
16964,2,train
17088,2,train
17138,2,train
17401,2,train
18228,2,train
18322,2,train
18468,2,train
18836,2,train
19532,2,train
20079,2,train
20223,2,train
20908,2,train
21397,2,train
21579,2,train
177,2,train
874,2,train
892,2,train
1077,2,train
1470,2,train
1691,2,train
2551,2,train
2821,2,train
4268,2,train
4519,2,train
5049,2,train
5267,2,train
5648,2,train
6222,2,train
6739,2,train
6906,2,train
7374,2,train
7608,2,train
7830,2,train
8743,2,train
8756,2,train
8811,2,train
8988,2,train
9094,2,train
9583,2,train
9616,2,train
10111,2,train
10122,2,train
10461,2,train
10538,2,train
10618,2,train
11006,2,train
11782,2,train
11857,2,train
12899,2,train
13167,2,train
13588,2,train
13815,2,train
13869,2,train
13891,2,train
14242,2,train
14317,2,train
14564,2,train
14871,2,train
14966,2,train
15768,2,train
15882,2,train
16302,2,train
16422,2,train
16781,2,train
16794,2,train
16910,2,train
17167,2,train
17182,2,train
17519,2,train
18460,2,train
18540,2,train
18557,2,train
19180,2,train
19624,2,train
19663,2,train
20125,2,train
20265,2,train
20289,2,train
20733,2,train
4094,2,train
6265,2,train
7276,2,train
13567,2,train
16105,2,train
19904,2,train
1439,2,train
1837,2,train
2781,2,train
2867,2,train
8869,2,train
12100,2,train
18308,2,train
84,2,train
298,2,train
336,2,train
1102,2,train
1518,2,train
1580,2,train
1738,2,train
1861,2,train
2058,2,train
2242,2,train
2419,2,train
2896,2,train
3473,2,train
3478,2,train
3837,2,train
3912,2,train
3984,2,train
4014,2,train
4120,2,train
4580,2,train
4671,2,train
4776,2,train
4885,2,train
5954,2,train
6085,2,train
6106,2,train
6314,2,train
6335,2,train
6474,2,train
6741,2,train
7164,2,train
7539,2,train
7754,2,train
7800,2,train
7802,2,train
7810,2,train
8151,2,train
8339,2,train
8574,2,train
8588,2,train
9003,2,train
9208,2,train
9218,2,train
9488,2,train
9618,2,train
9767,2,train
9868,2,train
9898,2,train
10494,2,train
10497,2,train
10754,2,train
11152,2,train
11400,2,train
11655,2,train
12022,2,train
12315,2,train
13625,2,train
14191,2,train
15250,2,train
15559,2,train
15599,2,train
15936,2,train
15984,2,train
16196,2,train
16275,2,train
16650,2,train
16780,2,train
16931,2,train
17808,2,train
17876,2,train
17951,2,train
18490,2,train
18630,2,train
18774,2,train
20108,2,train
20470,2,train
21185,2,train
21459,2,train
64,2,train
481,2,train
573,2,train
754,2,train
884,2,train
905,2,train
1341,2,train
1544,2,train
1594,2,train
1909,2,train
2072,2,train
2296,2,train
2384,2,train
2666,2,train
2721,2,train
2809,2,train
2938,2,train
2940,2,train
3257,2,train
3289,2,train
3317,2,train
3643,2,train
3790,2,train
4022,2,train
4513,2,train
4758,2,train
4954,2,train
5304,2,train
5841,2,train
6636,2,train
6869,2,train
7165,2,train
7747,2,train
7791,2,train
7867,2,train
7881,2,train
8230,2,train
8834,2,train
8987,2,train
9113,2,train
9506,2,train
9567,2,train
10046,2,train
10063,2,train
10204,2,train
10432,2,train
10518,2,train
10960,2,train
11017,2,train
11162,2,train
11287,2,train
11387,2,train
11427,2,train
11985,2,train
12205,2,train
12585,2,train
12808,2,train
13165,2,train
13287,2,train
13861,2,train
13929,2,train
13960,2,train
13962,2,train
14074,2,train
14272,2,train
14327,2,train
14341,2,train
14611,2,train
15140,2,train
15464,2,train
15488,2,train
15691,2,train
15733,2,train
16265,2,train
16399,2,train
16504,2,train
16681,2,train
16767,2,train
16783,2,train
17005,2,train
17104,2,train
17142,2,train
17495,2,train
17782,2,train
17870,2,train
17892,2,train
17982,2,train
18095,2,train
18470,2,train
18475,2,train
18637,2,train
19067,2,train
19070,2,train
19106,2,train
19135,2,train
19286,2,train
19307,2,train
19637,2,train
19806,2,train
19867,2,train
19877,2,train
20145,2,train
20629,2,train
21435,2,train
225,2,train
350,2,train
355,2,train
595,2,train
725,2,train
885,2,train
1403,2,train
1516,2,train
1596,2,train
1646,2,train
1728,2,train
2091,2,train
2292,2,train
2446,2,train
3038,2,train
3141,2,train
3229,2,train
3341,2,train
3814,2,train
3964,2,train
4018,2,train
4062,2,train
4089,2,train
4368,2,train
4459,2,train
4726,2,train
5527,2,train
5617,2,train
5729,2,train
5795,2,train
6071,2,train
6226,2,train
6336,2,train
6475,2,train
6503,2,train
6897,2,train
7138,2,train
7511,2,train
7831,2,train
8199,2,train
8465,2,train
8521,2,train
8735,2,train
8816,2,train
8829,2,train
8859,2,train
9147,2,train
9257,2,train
9769,2,train
10142,2,train
10441,2,train
10868,2,train
11261,2,train
11325,2,train
11410,2,train
11613,2,train
11848,2,train
12056,2,train
12112,2,train
12219,2,train
13049,2,train
13230,2,train
13777,2,train
13871,2,train
13899,2,train
14049,2,train
14252,2,train
14561,2,train
14918,2,train
15421,2,train
15631,2,train
15906,2,train
16110,2,train
16160,2,train
16177,2,train
16428,2,train
16718,2,train
16952,2,train
16968,2,train
17017,2,train
17364,2,train
17403,2,train
17679,2,train
17735,2,train
18010,2,train
18949,2,train
19127,2,train
19155,2,train
19217,2,train
19386,2,train
19427,2,train
19504,2,train
19836,2,train
20032,2,train
20180,2,train
20306,2,train
20760,2,train
21075,2,train
21108,2,train
21416,2,train
168,2,train
221,2,train
360,2,train
747,2,train
807,2,train
1022,2,train
1054,2,train
1132,2,train
1183,2,train
1199,2,train
1286,2,train
1336,2,train
1349,2,train
1467,2,train
1735,2,train
1762,2,train
2079,2,train
2513,2,train
2894,2,train
3428,2,train
3512,2,train
3594,2,train
3818,2,train
4005,2,train
4255,2,train
4696,2,train
4957,2,train
5122,2,train
5295,2,train
6018,2,train
6917,2,train
7019,2,train
7086,2,train
7088,2,train
7098,2,train
7917,2,train
8195,2,train
8316,2,train
8380,2,train
8796,2,train
8821,2,train
8931,2,train
8965,2,train
9144,2,train
9693,2,train
9929,2,train
10028,2,train
10064,2,train
10894,2,train
11284,2,train
11899,2,train
11919,2,train
12197,2,train
12226,2,train
12444,2,train
12514,2,train
12834,2,train
12835,2,train
13807,2,train
13878,2,train
14167,2,train
14400,2,train
14507,2,train
14673,2,train
14805,2,train
14960,2,train
15092,2,train
15388,2,train
15466,2,train
15635,2,train
15946,2,train
15995,2,train
16154,2,train
16654,2,train
16812,2,train
16983,2,train
17086,2,train
17158,2,train
17332,2,train
17630,2,train
17815,2,train
18222,2,train
18331,2,train
18370,2,train
18427,2,train
19309,2,train
19920,2,train
20142,2,train
20483,2,train
20526,2,train
20735,2,train
20968,2,train
21157,2,train
804,2,train
832,2,train
1224,2,train
1297,2,train
2935,2,train
3297,2,train
3379,2,train
3653,2,train
3819,2,train
3971,2,train
4429,2,train
4673,2,train
5408,2,train
6983,2,train
7045,2,train
7183,2,train
7200,2,train
7366,2,train
7368,2,train
7404,2,train
8580,2,train
8607,2,train
9267,2,train
9628,2,train
9697,2,train
10491,2,train
10590,2,train
10796,2,train
11209,2,train
11715,2,train
11937,2,train
12139,2,train
12403,2,train
12434,2,train
12451,2,train
12519,2,train
12587,2,train
12607,2,train
12670,2,train
13112,2,train
13200,2,train
13695,2,train
14346,2,train
14369,2,train
14383,2,train
14796,2,train
14839,2,train
14859,2,train
15346,2,train
15561,2,train
15698,2,train
16020,2,train
16435,2,train
17025,2,train
17607,2,train
17613,2,train
17734,2,train
18299,2,train
18609,2,train
19995,2,train
20048,2,train
20226,2,train
20446,2,train
20451,2,train
20592,2,train
21219,2,train
12997,2,train
15574,2,train
16590,2,train
20763,2,train
4690,2,train
7302,2,train
9232,2,train
9781,2,train
13658,2,train
15253,2,train
18455,2,train
18458,2,train
20730,2,train
20826,2,train
78,2,train
376,2,train
682,2,train
1053,2,train
1939,2,train
1951,2,train
2112,2,train
2254,2,train
2276,2,train
2740,2,train
2801,2,train
2831,2,train
2849,2,train
3373,2,train
3417,2,train
3562,2,train
4177,2,train
4554,2,train
4736,2,train
4769,2,train
5655,2,train
6545,2,train
6794,2,train
7013,2,train
7056,2,train
7114,2,train
7182,2,train
7641,2,train
7743,2,train
8371,2,train
8398,2,train
8481,2,train
8739,2,train
8963,2,train
9068,2,train
9182,2,train
9317,2,train
9548,2,train
9582,2,train
9934,2,train
9946,2,train
9999,2,train
10194,2,train
10561,2,train
10565,2,train
10918,2,train
11393,2,train
11968,2,train
12250,2,train
12701,2,train
13130,2,train
13627,2,train
13988,2,train
14102,2,train
14651,2,train
14731,2,train
14755,2,train
14908,2,train
14941,2,train
14962,2,train
16245,2,train
16349,2,train
16420,2,train
16483,2,train
16499,2,train
16585,2,train
16684,2,train
16739,2,train
16795,2,train
16805,2,train
17232,2,train
17238,2,train
17414,2,train
17486,2,train
17551,2,train
17700,2,train
17923,2,train
17933,2,train
18105,2,train
18113,2,train
18130,2,train
18633,2,train
18953,2,train
19192,2,train
19398,2,train
19490,2,train
19589,2,train
19728,2,train
19800,2,train
19913,2,train
19919,2,train
20063,2,train
21019,2,train
21428,2,train
21452,2,train
72,2,train
235,2,train
613,2,train
698,2,train
890,2,train
1025,2,train
1681,2,train
1974,2,train
2105,2,train
2500,2,train
2521,2,train
2690,2,train
3055,2,train
3326,2,train
3784,2,train
4258,2,train
4596,2,train
4697,2,train
4870,2,train
4988,2,train
4989,2,train
5630,2,train
5639,2,train
5778,2,train
5969,2,train
6109,2,train
6289,2,train
6401,2,train
6442,2,train
6496,2,train
6659,2,train
6723,2,train
7211,2,train
7256,2,train
7549,2,train
7874,2,train
7930,2,train
7972,2,train
8078,2,train
8116,2,train
8119,2,train
8153,2,train
8475,2,train
8909,2,train
9361,2,train
9384,2,train
9437,2,train
9553,2,train
9562,2,train
9604,2,train
10216,2,train
10439,2,train
10587,2,train
10680,2,train
11068,2,train
11096,2,train
11126,2,train
11452,2,train
11525,2,train
12103,2,train
12249,2,train
12329,2,train
12793,2,train
12815,2,train
12929,2,train
13319,2,train
13471,2,train
13793,2,train
14159,2,train
14446,2,train
14468,2,train
15399,2,train
15807,2,train
15915,2,train
16072,2,train
16260,2,train
16445,2,train
16516,2,train
16879,2,train
17060,2,train
17072,2,train
17523,2,train
17794,2,train
17889,2,train
18830,2,train
19360,2,train
19403,2,train
19464,2,train
19625,2,train
19686,2,train
19896,2,train
20129,2,train
20691,2,train
20905,2,train
20983,2,train
21146,2,train
21583,2,train
100,2,train
169,2,train
790,2,train
1300,2,train
1739,2,train
2005,2,train
2094,2,train
2162,2,train
2345,2,train
2366,2,train
2619,2,train
3280,2,train
3328,2,train
3750,2,train
3810,2,train
3914,2,train
3985,2,train
4086,2,train
4665,2,train
4751,2,train
4993,2,train
5463,2,train
5529,2,train
5747,2,train
5786,2,train
5856,2,train
6320,2,train
6644,2,train
6738,2,train
8038,2,train
8537,2,train
8587,2,train
8598,2,train
8619,2,train
8620,2,train
8824,2,train
8943,2,train
9129,2,train
9391,2,train
9662,2,train
9896,2,train
10106,2,train
10229,2,train
10844,2,train
11117,2,train
11198,2,train
11200,2,train
11253,2,train
11791,2,train
12417,2,train
12490,2,train
12841,2,train
12861,2,train
12903,2,train
13069,2,train
13272,2,train
14010,2,train
14128,2,train
14163,2,train
14550,2,train
14556,2,train
14737,2,train
15818,2,train
15969,2,train
16029,2,train
16038,2,train
16180,2,train
16696,2,train
16856,2,train
16942,2,train
17366,2,train
17463,2,train
17741,2,train
17894,2,train
18133,2,train
18216,2,train
18319,2,train
18775,2,train
18909,2,train
18967,2,train
19240,2,train
20009,2,train
20093,2,train
20173,2,train
20240,2,train
20515,2,train
20562,2,train
20589,2,train
20701,2,train
20919,2,train
69,2,train
132,2,train
307,2,train
458,2,train
509,2,train
730,2,train
772,2,train
779,2,train
781,2,train
875,2,train
941,2,train
1012,2,train
1568,2,train
2130,2,train
2171,2,train
2305,2,train
2453,2,train
2491,2,train
2700,2,train
2712,2,train
2910,2,train
3840,2,train
3873,2,train
4237,2,train
4289,2,train
4473,2,train
4781,2,train
5454,2,train
5591,2,train
5640,2,train
6030,2,train
6169,2,train
6386,2,train
6451,2,train
6817,2,train
7143,2,train
7391,2,train
7447,2,train
7879,2,train
8276,2,train
8408,2,train
8586,2,train
8717,2,train
9038,2,train
9060,2,train
9080,2,train
9786,2,train
10054,2,train
10385,2,train
10617,2,train
10629,2,train
10940,2,train
11124,2,train
11714,2,train
11928,2,train
12061,2,train
12381,2,train
12448,2,train
12913,2,train
12935,2,train
13294,2,train
13427,2,train
13449,2,train
13641,2,train
13649,2,train
14466,2,train
14840,2,train
15101,2,train
15419,2,train
15575,2,train
15642,2,train
15736,2,train
16028,2,train
16132,2,train
16474,2,train
16556,2,train
17175,2,train
17229,2,train
17526,2,train
17649,2,train
17831,2,train
18771,2,train
19175,2,train
19246,2,train
19585,2,train
20322,2,train
21058,2,train
21345,2,train
21472,2,train
21536,2,train
35,2,train
128,2,train
182,2,train
563,2,train
726,2,train
1501,2,train
1882,2,train
2505,2,train
3239,2,train
3349,2,train
3696,2,train
3944,2,train
3947,2,train
4812,2,train
5471,2,train
5836,2,train
6015,2,train
6421,2,train
6770,2,train
6787,2,train
7067,2,train
7083,2,train
7576,2,train
7584,2,train
7660,2,train
7697,2,train
7954,2,train
8048,2,train
8466,2,train
8880,2,train
9102,2,train
9464,2,train
10173,2,train
10310,2,train
10548,2,train
10646,2,train
10836,2,train
10848,2,train
11331,2,train
11438,2,train
12505,2,train
12579,2,train
12931,2,train
13442,2,train
13477,2,train
13638,2,train
13736,2,train
13812,2,train
14409,2,train
14552,2,train
14875,2,train
15441,2,train
15594,2,train
15986,2,train
16929,2,train
16974,2,train
17129,2,train
17231,2,train
17312,2,train
17388,2,train
17743,2,train
17787,2,train
18066,2,train
18075,2,train
18243,2,train
18310,2,train
19063,2,train
19278,2,train
19367,2,train
19557,2,train
19563,2,train
19611,2,train
20579,2,train
20679,2,train
20917,2,train
21016,2,train
21209,2,train
21272,2,train
494,2,train
1003,2,train
1781,2,train
1876,2,train
4328,2,train
8492,2,train
12604,2,train
20971,2,train
776,2,train
6180,2,train
7457,2,train
8392,2,train
11042,2,train
11589,2,train
16194,2,train
231,2,train
670,2,train
1283,2,train
1690,2,train
1850,2,train
2136,2,train
2272,2,train
2868,2,train
3817,2,train
3918,2,train
3955,2,train
4006,2,train
4532,2,train
4539,2,train
4597,2,train
4682,2,train
4731,2,train
4773,2,train
4931,2,train
5491,2,train
5620,2,train
5649,2,train
5899,2,train
6090,2,train
6502,2,train
6702,2,train
7039,2,train
7104,2,train
7232,2,train
7599,2,train
7686,2,train
7870,2,train
7949,2,train
8060,2,train
8197,2,train
8669,2,train
8782,2,train
9352,2,train
9576,2,train
9579,2,train
9655,2,train
9718,2,train
10008,2,train
10073,2,train
10326,2,train
10578,2,train
10770,2,train
10971,2,train
11122,2,train
11139,2,train
11362,2,train
12372,2,train
12630,2,train
12751,2,train
12865,2,train
12925,2,train
13516,2,train
13652,2,train
13745,2,train
13758,2,train
14234,2,train
15247,2,train
15269,2,train
15579,2,train
15843,2,train
15888,2,train
15903,2,train
16079,2,train
16153,2,train
16167,2,train
16493,2,train
16554,2,train
16602,2,train
17099,2,train
17286,2,train
17510,2,train
18028,2,train
18218,2,train
18273,2,train
18687,2,train
18756,2,train
18809,2,train
18912,2,train
19002,2,train
19479,2,train
19653,2,train
19794,2,train
20453,2,train
20617,2,train
20635,2,train
20900,2,train
21145,2,train
21184,2,train
21297,2,train
21330,2,train
21380,2,train
21438,2,train
614,2,train
1007,2,train
1090,2,train
1629,2,train
1711,2,train
2003,2,train
2010,2,train
2128,2,train
2598,2,train
2754,2,train
3139,2,train
3578,2,train
3615,2,train
3676,2,train
4088,2,train
4308,2,train
4377,2,train
4384,2,train
5431,2,train
5514,2,train
5595,2,train
6111,2,train
6362,2,train
6606,2,train
6880,2,train
7041,2,train
7155,2,train
7192,2,train
7297,2,train
7336,2,train
7633,2,train
7677,2,train
7855,2,train
8092,2,train
8200,2,train
8281,2,train
8426,2,train
8486,2,train
8488,2,train
8615,2,train
8730,2,train
9030,2,train
9409,2,train
9725,2,train
9760,2,train
9807,2,train
10157,2,train
10200,2,train
10956,2,train
11223,2,train
11245,2,train
11379,2,train
11569,2,train
11598,2,train
11630,2,train
11647,2,train
12048,2,train
12119,2,train
12181,2,train
12214,2,train
12297,2,train
12440,2,train
13463,2,train
13656,2,train
13784,2,train
13786,2,train
14025,2,train
14092,2,train
14224,2,train
14311,2,train
14379,2,train
14668,2,train
14783,2,train
14827,2,train
14939,2,train
15051,2,train
15244,2,train
15256,2,train
15303,2,train
15412,2,train
15655,2,train
15801,2,train
15880,2,train
15999,2,train
16392,2,train
16481,2,train
16761,2,train
16799,2,train
17098,2,train
17132,2,train
17177,2,train
17179,2,train
17317,2,train
17359,2,train
17761,2,train
17811,2,train
17980,2,train
17991,2,train
18226,2,train
18432,2,train
18542,2,train
19129,2,train
19244,2,train
19327,2,train
19389,2,train
19847,2,train
19849,2,train
20539,2,train
20556,2,train
20773,2,train
20842,2,train
21505,2,train
21532,2,train
87,2,train
124,2,train
313,2,train
392,2,train
404,2,train
527,2,train
1017,2,train
1343,2,train
1650,2,train
2114,2,train
2410,2,train
2448,2,train
2762,2,train
2797,2,train
3363,2,train
3385,2,train
3577,2,train
4239,2,train
4247,2,train
4695,2,train
5033,2,train
5047,2,train
5132,2,train
5233,2,train
5235,2,train
5458,2,train
6037,2,train
6342,2,train
6444,2,train
6799,2,train
7061,2,train
7238,2,train
7315,2,train
7563,2,train
7764,2,train
8077,2,train
8638,2,train
9196,2,train
9205,2,train
9217,2,train
9545,2,train
9961,2,train
10177,2,train
10520,2,train
10736,2,train
10872,2,train
11065,2,train
11257,2,train
11534,2,train
11866,2,train
11965,2,train
12352,2,train
12580,2,train
12799,2,train
13047,2,train
13242,2,train
13322,2,train
14166,2,train
14722,2,train
15350,2,train
15413,2,train
15568,2,train
15694,2,train
15899,2,train
15966,2,train
16113,2,train
16208,2,train
16431,2,train
16740,2,train
17023,2,train
17124,2,train
17223,2,train
17241,2,train
17891,2,train
17918,2,train
18121,2,train
18369,2,train
18402,2,train
18814,2,train
19019,2,train
19037,2,train
19295,2,train
19342,2,train
19399,2,train
19591,2,train
19883,2,train
20033,2,train
20139,2,train
20182,2,train
20279,2,train
20416,2,train
20988,2,train
21150,2,train
21434,2,train
21508,2,train
21527,2,train
21567,2,train
302,2,train
398,2,train
399,2,train
619,2,train
770,2,train
1835,2,train
2196,2,train
2245,2,train
2401,2,train
2462,2,train
2536,2,train
2614,2,train
2961,2,train
3012,2,train
3015,2,train
3029,2,train
3589,2,train
3862,2,train
3869,2,train
4019,2,train
4549,2,train
4604,2,train
5117,2,train
5371,2,train
5754,2,train
5993,2,train
6113,2,train
6233,2,train
6303,2,train
6384,2,train
7009,2,train
7094,2,train
7222,2,train
7284,2,train
7295,2,train
7299,2,train
7401,2,train
7552,2,train
7873,2,train
7973,2,train
8041,2,train
8164,2,train
8347,2,train
8419,2,train
8572,2,train
8581,2,train
8651,2,train
8973,2,train
9645,2,train
9719,2,train
10241,2,train
10282,2,train
10353,2,train
10822,2,train
10919,2,train
10935,2,train
11146,2,train
11273,2,train
11841,2,train
12074,2,train
12257,2,train
12374,2,train
12455,2,train
12619,2,train
12669,2,train
12800,2,train
13066,2,train
13591,2,train
13834,2,train
13984,2,train
14355,2,train
14463,2,train
14577,2,train
14604,2,train
14666,2,train
15057,2,train
15165,2,train
15473,2,train
15514,2,train
15977,2,train
16169,2,train
16241,2,train
16255,2,train
16337,2,train
16360,2,train
16456,2,train
16485,2,train
16642,2,train
16670,2,train
17405,2,train
17589,2,train
18034,2,train
18770,2,train
18877,2,train
19717,2,train
19782,2,train
20253,2,train
20722,2,train
20801,2,train
21172,2,train
21407,2,train
39,2,train
163,2,train
526,2,train
556,2,train
744,2,train
860,2,train
900,2,train
1113,2,train
1611,2,train
1701,2,train
2067,2,train
2303,2,train
2420,2,train
2524,2,train
2573,2,train
2886,2,train
3061,2,train
3164,2,train
3180,2,train
3284,2,train
3474,2,train
4070,2,train
4103,2,train
4194,2,train
4443,2,train
4566,2,train
4584,2,train
4999,2,train
5036,2,train
5045,2,train
5496,2,train
5622,2,train
6009,2,train
6162,2,train
7090,2,train
7406,2,train
7825,2,train
8035,2,train
8542,2,train
8773,2,train
8871,2,train
8928,2,train
8996,2,train
9180,2,train
9632,2,train
10022,2,train
10088,2,train
10211,2,train
10601,2,train
10743,2,train
10826,2,train
11016,2,train
11215,2,train
11220,2,train
11304,2,train
11424,2,train
11431,2,train
11505,2,train
11685,2,train
11831,2,train
11989,2,train
12167,2,train
12204,2,train
12225,2,train
12298,2,train
12522,2,train
13171,2,train
13508,2,train
13978,2,train
14139,2,train
14262,2,train
14513,2,train
14573,2,train
14804,2,train
15541,2,train
15756,2,train
15939,2,train
16163,2,train
16168,2,train
16285,2,train
16386,2,train
16462,2,train
16511,2,train
16537,2,train
16583,2,train
16607,2,train
16673,2,train
16845,2,train
16918,2,train
17385,2,train
17396,2,train
17438,2,train
17748,2,train
17756,2,train
18743,2,train
18975,2,train
19443,2,train
19548,2,train
19554,2,train
19831,2,train
19865,2,train
19934,2,train
20302,2,train
20362,2,train
20693,2,train
20902,2,train
1542,2,train
3438,2,train
6643,2,train
7356,2,train
8407,2,train
14551,2,train
16073,2,train
18543,2,train
631,2,train
1685,2,train
2519,2,train
2658,2,train
2682,2,train
3993,2,train
5486,2,train
5906,2,train
6387,2,train
9843,2,train
15186,2,train
16309,2,train
117,2,train
397,2,train
470,2,train
621,2,train
676,2,train
791,2,train
923,2,train
937,2,train
968,2,train
1060,2,train
1116,2,train
1186,2,train
1223,2,train
1241,2,train
1369,2,train
1478,2,train
1508,2,train
1726,2,train
1820,2,train
1994,2,train
2064,2,train
2281,2,train
2567,2,train
2757,2,train
3011,2,train
3344,2,train
3425,2,train
3451,2,train
3583,2,train
3706,2,train
3724,2,train
3759,2,train
4076,2,train
4215,2,train
4306,2,train
4351,2,train
4570,2,train
4575,2,train
4666,2,train
4723,2,train
4738,2,train
5098,2,train
5287,2,train
5424,2,train
5464,2,train
5481,2,train
5870,2,train
5891,2,train
6038,2,train
6066,2,train
6230,2,train
6357,2,train
6600,2,train
6656,2,train
6712,2,train
6927,2,train
7119,2,train
7129,2,train
7464,2,train
7509,2,train
7989,2,train
8135,2,train
8180,2,train
8682,2,train
8748,2,train
8939,2,train
9004,2,train
9023,2,train
9214,2,train
9360,2,train
9365,2,train
9571,2,train
9574,2,train
9649,2,train
9759,2,train
10334,2,train
10466,2,train
10566,2,train
10586,2,train
10596,2,train
10663,2,train
11005,2,train
11232,2,train
11246,2,train
11548,2,train
11576,2,train
11729,2,train
11798,2,train
11842,2,train
12140,2,train
12424,2,train
12425,2,train
12460,2,train
12715,2,train
12718,2,train
13503,2,train
13662,2,train
13752,2,train
14188,2,train
14372,2,train
14386,2,train
14504,2,train
14746,2,train
14897,2,train
14996,2,train
15467,2,train
15526,2,train
15628,2,train
15771,2,train
16151,2,train
16224,2,train
16236,2,train
16326,2,train
16728,2,train
16826,2,train
17164,2,train
17344,2,train
17611,2,train
17970,2,train
18137,2,train
18207,2,train
18410,2,train
18461,2,train
18489,2,train
18614,2,train
18647,2,train
18791,2,train
19038,2,train
19288,2,train
20016,2,train
20076,2,train
20107,2,train
20147,2,train
20403,2,train
20742,2,train
21059,2,train
21125,2,train
21230,2,train
21479,2,train
21529,2,train
21578,2,train
21610,2,train
28,2,train
32,2,train
300,2,train
533,2,train
635,2,train
769,2,train
1244,2,train
1352,2,train
1480,2,train
1531,2,train
1632,2,train
1821,2,train
1843,2,train
1892,2,train
2413,2,train
2568,2,train
2610,2,train
2696,2,train
3274,2,train
3295,2,train
3391,2,train
3488,2,train
3656,2,train
3943,2,train
4457,2,train
4733,2,train
4912,2,train
4998,2,train
5270,2,train
5434,2,train
5460,2,train
5669,2,train
5674,2,train
5702,2,train
5726,2,train
5728,2,train
6048,2,train
6507,2,train
6571,2,train
6708,2,train
6771,2,train
6994,2,train
7079,2,train
7518,2,train
7621,2,train
7689,2,train
8039,2,train
8233,2,train
8320,2,train
8348,2,train
8384,2,train
8449,2,train
8831,2,train
9024,2,train
9178,2,train
9189,2,train
9743,2,train
9774,2,train
9823,2,train
9830,2,train
9871,2,train
10018,2,train
10225,2,train
10395,2,train
10530,2,train
10594,2,train
10747,2,train
10776,2,train
10924,2,train
10977,2,train
11159,2,train
11342,2,train
11407,2,train
11945,2,train
11955,2,train
11997,2,train
12038,2,train
12106,2,train
12422,2,train
12436,2,train
12517,2,train
12621,2,train
12832,2,train
13067,2,train
13229,2,train
14027,2,train
14045,2,train
14176,2,train
14294,2,train
14343,2,train
14359,2,train
14570,2,train
15324,2,train
15605,2,train
16179,2,train
16779,2,train
16955,2,train
17042,2,train
17172,2,train
17279,2,train
17556,2,train
17721,2,train
17727,2,train
17958,2,train
18032,2,train
18610,2,train
18738,2,train
18754,2,train
19028,2,train
19282,2,train
19575,2,train
20040,2,train
20104,2,train
20127,2,train
20372,2,train
20429,2,train
20610,2,train
20754,2,train
146,2,train
193,2,train
386,2,train
695,2,train
710,2,train
966,2,train
1123,2,train
1251,2,train
1261,2,train
1272,2,train
1370,2,train
1380,2,train
1444,2,train
1581,2,train
1763,2,train
2124,2,train
2173,2,train
2221,2,train
2450,2,train
2458,2,train
2514,2,train
2601,2,train
2680,2,train
2979,2,train
2982,2,train
3248,2,train
3346,2,train
3447,2,train
3625,2,train
3697,2,train
3899,2,train
3973,2,train
4251,2,train
4614,2,train
5249,2,train
5731,2,train
5798,2,train
5824,2,train
6126,2,train
6211,2,train
6242,2,train
6383,2,train
6528,2,train
6578,2,train
6632,2,train
6750,2,train
6854,2,train
7006,2,train
7141,2,train
7613,2,train
7720,2,train
7727,2,train
8101,2,train
8213,2,train
8394,2,train
8747,2,train
8833,2,train
8867,2,train
9040,2,train
9117,2,train
9159,2,train
9494,2,train
9779,2,train
10244,2,train
10451,2,train
10690,2,train
10891,2,train
10975,2,train
11262,2,train
11450,2,train
11529,2,train
11666,2,train
11797,2,train
11882,2,train
11980,2,train
12385,2,train
12449,2,train
13196,2,train
13305,2,train
13310,2,train
13343,2,train
13418,2,train
13451,2,train
13453,2,train
13472,2,train
13775,2,train
13853,2,train
13889,2,train
14011,2,train
14043,2,train
14205,2,train
14258,2,train
14292,2,train
14315,2,train
14546,2,train
15053,2,train
15297,2,train
15870,2,train
16313,2,train
16757,2,train
17013,2,train
17207,2,train
17716,2,train
18099,2,train
18210,2,train
18352,2,train
18547,2,train
18624,2,train
18662,2,train
18713,2,train
18986,2,train
19021,2,train
19206,2,train
19354,2,train
19379,2,train
19494,2,train
19518,2,train
19531,2,train
19801,2,train
19808,2,train
20023,2,train
20146,2,train
20195,2,train
20317,2,train
20329,2,train
20759,2,train
20772,2,train
20866,2,train
21039,2,train
21429,2,train
26,2,train
116,2,train
416,2,train
460,2,train
831,2,train
1180,2,train
1377,2,train
1453,2,train
1509,2,train
1633,2,train
1675,2,train
1959,2,train
2012,2,train
2066,2,train
2636,2,train
2786,2,train
2937,2,train
3431,2,train
3596,2,train
4477,2,train
4657,2,train
4679,2,train
4722,2,train
5001,2,train
5021,2,train
5109,2,train
5190,2,train
5194,2,train
5257,2,train
5803,2,train
5935,2,train
6159,2,train
6404,2,train
6470,2,train
6535,2,train
6558,2,train
6565,2,train
6579,2,train
6873,2,train
7390,2,train
8023,2,train
8024,2,train
8173,2,train
8374,2,train
8436,2,train
8637,2,train
8649,2,train
8753,2,train
9059,2,train
9084,2,train
9099,2,train
9130,2,train
9213,2,train
9525,2,train
9537,2,train
9727,2,train
10030,2,train
10113,2,train
10115,2,train
10316,2,train
10460,2,train
10509,2,train
10859,2,train
10994,2,train
11032,2,train
11272,2,train
11473,2,train
11506,2,train
11905,2,train
12113,2,train
12150,2,train
12349,2,train
12426,2,train
12462,2,train
12479,2,train
12572,2,train
13081,2,train
13222,2,train
13532,2,train
13535,2,train
13632,2,train
13875,2,train
13928,2,train
13986,2,train
14014,2,train
15032,2,train
15309,2,train
15539,2,train
15645,2,train
15940,2,train
16139,2,train
16329,2,train
16806,2,train
16890,2,train
16995,2,train
17101,2,train
17204,2,train
17298,2,train
17412,2,train
17460,2,train
17533,2,train
17571,2,train
17779,2,train
17995,2,train
18050,2,train
18157,2,train
18256,2,train
18341,2,train
18595,2,train
18777,2,train
18892,2,train
18972,2,train
19117,2,train
19144,2,train
19195,2,train
19230,2,train
19305,2,train
19604,2,train
20087,2,train
20386,2,train
20734,2,train
20808,2,train
20992,2,train
21001,2,train
21131,2,train
21250,2,train
21517,2,train
21602,2,train
6,2,train
140,2,train
854,2,train
858,2,train
1143,2,train
1458,2,train
1793,2,train
2035,2,train
2077,2,train
2222,2,train
2470,2,train
2564,2,train
2998,2,train
3959,2,train
4340,2,train
4631,2,train
4884,2,train
5137,2,train
6286,2,train
6324,2,train
7198,2,train
7220,2,train
7420,2,train
7514,2,train
8099,2,train
8550,2,train
8659,2,train
8962,2,train
9169,2,train
9315,2,train
9332,2,train
9570,2,train
9646,2,train
10060,2,train
10339,2,train
10714,2,train
10948,2,train
11105,2,train
11244,2,train
11484,2,train
11657,2,train
11721,2,train
12067,2,train
12402,2,train
12433,2,train
12474,2,train
12689,2,train
12803,2,train
12907,2,train
13429,2,train
13570,2,train
14339,2,train
14842,2,train
15327,2,train
15794,2,train
16137,2,train
16343,2,train
16522,2,train
16649,2,train
17178,2,train
17425,2,train
17712,2,train
18037,2,train
18164,2,train
18259,2,train
18290,2,train
18387,2,train
18464,2,train
18466,2,train
18486,2,train
18525,2,train
18546,2,train
18790,2,train
19177,2,train
19488,2,train
19628,2,train
19810,2,train
19871,2,train
19980,2,train
20235,2,train
20327,2,train
20620,2,train
20710,2,train
20787,2,train
20925,2,train
21226,2,train
21236,2,train
21279,2,train
21552,2,train
1987,2,train
2178,2,train
2204,2,train
4262,2,train
4316,2,train
4453,2,train
7637,2,train
8288,2,train
12487,2,train
14944,2,train
16172,2,train
16186,2,train
16489,2,train
3667,2,train
4545,2,train
7752,2,train
7788,2,train
10748,2,train
15045,2,train
18832,2,train
283,2,train
920,2,train
1328,2,train
1533,2,train
1673,2,train
1749,2,train
2087,2,train
2156,2,train
2618,2,train
2689,2,train
2764,2,train
3002,2,train
3305,2,train
3463,2,train
4054,2,train
4455,2,train
4530,2,train
4563,2,train
4646,2,train
5713,2,train
5743,2,train
5839,2,train
6059,2,train
6220,2,train
6231,2,train
6298,2,train
6368,2,train
6733,2,train
6879,2,train
6980,2,train
7171,2,train
7290,2,train
7488,2,train
7499,2,train
7892,2,train
8401,2,train
8655,2,train
9414,2,train
9554,2,train
9947,2,train
10099,2,train
10954,2,train
11012,2,train
11516,2,train
11673,2,train
11796,2,train
11809,2,train
12700,2,train
12966,2,train
13231,2,train
13565,2,train
13881,2,train
13904,2,train
14696,2,train
14975,2,train
15337,2,train
15478,2,train
15702,2,train
16148,2,train
16187,2,train
16442,2,train
16601,2,train
17057,2,train
17311,2,train
17440,2,train
17629,2,train
18067,2,train
18337,2,train
19474,2,train
19571,2,train
20484,2,train
20597,2,train
20623,2,train
21009,2,train
21154,2,train
21356,2,train
21368,2,train
238,2,train
582,2,train
638,2,train
709,2,train
1600,2,train
1616,2,train
1627,2,train
1677,2,train
1888,2,train
2187,2,train
2233,2,train
2277,2,train
2434,2,train
2800,2,train
3057,2,train
3263,2,train
3411,2,train
3445,2,train
3518,2,train
3576,2,train
3987,2,train
4858,2,train
5099,2,train
5160,2,train
5179,2,train
5246,2,train
5608,2,train
5843,2,train
5861,2,train
6267,2,train
6870,2,train
7035,2,train
7055,2,train
7329,2,train
7398,2,train
7587,2,train
7648,2,train
7943,2,train
8309,2,train
8314,2,train
8387,2,train
8451,2,train
8591,2,train
8602,2,train
8836,2,train
9220,2,train
9295,2,train
9639,2,train
9745,2,train
9799,2,train
9909,2,train
9994,2,train
10147,2,train
10368,2,train
10447,2,train
10470,2,train
10636,2,train
10998,2,train
11271,2,train
11337,2,train
11545,2,train
11602,2,train
11668,2,train
12325,2,train
12529,2,train
12805,2,train
13262,2,train
13444,2,train
13474,2,train
13559,2,train
13586,2,train
13623,2,train
13633,2,train
13761,2,train
13907,2,train
14288,2,train
14374,2,train
14608,2,train
14780,2,train
14821,2,train
14893,2,train
15221,2,train
15381,2,train
15382,2,train
15545,2,train
15553,2,train
15739,2,train
15892,2,train
15923,2,train
16305,2,train
16682,2,train
16943,2,train
17014,2,train
17109,2,train
17159,2,train
18208,2,train
18213,2,train
18232,2,train
18375,2,train
18495,2,train
18575,2,train
19347,2,train
19562,2,train
19747,2,train
20091,2,train
20330,2,train
20489,2,train
20616,2,train
20885,2,train
20891,2,train
20916,2,train
21246,2,train
21447,2,train
21460,2,train
288,2,train
1042,2,train
1155,2,train
1355,2,train
1824,2,train
2972,2,train
3024,2,train
3091,2,train
3409,2,train
3693,2,train
3700,2,train
4592,2,train
4658,2,train
4818,2,train
5000,2,train
5411,2,train
5908,2,train
5910,2,train
6313,2,train
7068,2,train
7216,2,train
7226,2,train
7337,2,train
7361,2,train
7952,2,train
8231,2,train
8645,2,train
9122,2,train
9146,2,train
9544,2,train
10408,2,train
10799,2,train
11100,2,train
11107,2,train
11697,2,train
11792,2,train
11845,2,train
12027,2,train
12282,2,train
12303,2,train
12847,2,train
12940,2,train
13348,2,train
13447,2,train
13821,2,train
14145,2,train
14153,2,train
14179,2,train
14296,2,train
14382,2,train
14408,2,train
14473,2,train
14646,2,train
14866,2,train
14902,2,train
15213,2,train
15223,2,train
15383,2,train
15622,2,train
15632,2,train
15763,2,train
15793,2,train
16165,2,train
16447,2,train
17301,2,train
17694,2,train
17774,2,train
17996,2,train
18015,2,train
18163,2,train
18233,2,train
18302,2,train
18677,2,train
18768,2,train
18979,2,train
19012,2,train
19050,2,train
19311,2,train
19470,2,train
19530,2,train
19685,2,train
20160,2,train
20255,2,train
20333,2,train
20596,2,train
20896,2,train
21151,2,train
21265,2,train
21494,2,train
22,2,train
217,2,train
280,2,train
334,2,train
1106,2,train
1294,2,train
1364,2,train
1552,2,train
2206,2,train
2297,2,train
2486,2,train
3359,2,train
3545,2,train
3646,2,train
4400,2,train
4526,2,train
4594,2,train
4633,2,train
5063,2,train
5086,2,train
5128,2,train
5548,2,train
5922,2,train
6174,2,train
6679,2,train
6740,2,train
6954,2,train
6956,2,train
7158,2,train
8583,2,train
8822,2,train
8830,2,train
8896,2,train
9401,2,train
9516,2,train
9608,2,train
9684,2,train
10143,2,train
10969,2,train
10986,2,train
11186,2,train
11538,2,train
11616,2,train
12248,2,train
12332,2,train
12763,2,train
13173,2,train
14233,2,train
14319,2,train
14403,2,train
14738,2,train
14899,2,train
15319,2,train
15737,2,train
15833,2,train
16075,2,train
16307,2,train
16340,2,train
16726,2,train
16771,2,train
17112,2,train
17768,2,train
17895,2,train
18415,2,train
20120,2,train
20140,2,train
20303,2,train
20415,2,train
20723,2,train
20979,2,train
21208,2,train
21310,2,train
21358,2,train
6300,2,train
15822,2,train
8705,2,train
9879,2,train
12592,2,train
14144,2,train
16791,2,train
17222,2,train
2466,2,train
2639,2,train
17081,2,train
42,2,train
138,2,train
561,2,train
647,2,train
1127,2,train
1276,2,train
1375,2,train
1566,2,train
1905,2,train
2108,2,train
2349,2,train
3126,2,train
3152,2,train
3191,2,train
3372,2,train
3453,2,train
3555,2,train
3669,2,train
3836,2,train
4179,2,train
4197,2,train
4987,2,train
5031,2,train
5698,2,train
6033,2,train
6255,2,train
6673,2,train
7078,2,train
7142,2,train
7369,2,train
7498,2,train
8998,2,train
9749,2,train
9959,2,train
10374,2,train
10871,2,train
11061,2,train
11095,2,train
11114,2,train
11135,2,train
11622,2,train
12263,2,train
12475,2,train
13257,2,train
13539,2,train
13896,2,train
14015,2,train
14089,2,train
14155,2,train
14310,2,train
14872,2,train
15080,2,train
15100,2,train
15924,2,train
16345,2,train
16513,2,train
16615,2,train
16984,2,train
17511,2,train
17832,2,train
17963,2,train
18180,2,train
18265,2,train
18453,2,train
19264,2,train
19392,2,train
19433,2,train
19450,2,train
19564,2,train
19596,2,train
19757,2,train
19840,2,train
19903,2,train
20374,2,train
20459,2,train
20528,2,train
20675,2,train
20812,2,train
20937,2,train
20939,2,train
21222,2,train
21546,2,train
21572,2,train
141,2,train
438,2,train
587,2,train
1198,2,train
1374,2,train
1812,2,train
1906,2,train
2142,2,train
2161,2,train
2232,2,train
2579,2,train
2642,2,train
2649,2,train
2710,2,train
2756,2,train
2863,2,train
2884,2,train
2946,2,train
3047,2,train
3308,2,train
3362,2,train
3553,2,train
3561,2,train
3584,2,train
3793,2,train
3892,2,train
3966,2,train
4220,2,train
4292,2,train
4507,2,train
5100,2,train
5239,2,train
5572,2,train
5742,2,train
5785,2,train
5834,2,train
5896,2,train
5940,2,train
5982,2,train
6098,2,train
6559,2,train
6622,2,train
7005,2,train
7223,2,train
7258,2,train
7281,2,train
7400,2,train
7977,2,train
8251,2,train
8362,2,train
8423,2,train
8695,2,train
8713,2,train
8769,2,train
8789,2,train
8840,2,train
9536,2,train
9551,2,train
9568,2,train
9778,2,train
9956,2,train
9969,2,train
10000,2,train
10501,2,train
10516,2,train
10781,2,train
10802,2,train
10831,2,train
11623,2,train
11632,2,train
11766,2,train
11774,2,train
12007,2,train
12208,2,train
12364,2,train
13521,2,train
14237,2,train
14391,2,train
14709,2,train
14727,2,train
15125,2,train
15536,2,train
16209,2,train
16262,2,train
16471,2,train
16733,2,train
16755,2,train
17113,2,train
17264,2,train
17434,2,train
17497,2,train
17601,2,train
17683,2,train
17697,2,train
17899,2,train
17956,2,train
18578,2,train
18594,2,train
18617,2,train
18638,2,train
18795,2,train
18828,2,train
18882,2,train
19027,2,train
19033,2,train
19075,2,train
19098,2,train
19381,2,train
19422,2,train
19813,2,train
19834,2,train
19862,2,train
19864,2,train
20089,2,train
20377,2,train
20756,2,train
20764,2,train
20791,2,train
20794,2,train
20967,2,train
21107,2,train
21271,2,train
21328,2,train
21504,2,train
176,2,train
294,2,train
668,2,train
788,2,train
792,2,train
1176,2,train
1179,2,train
1663,2,train
2015,2,train
2113,2,train
2131,2,train
2240,2,train
2243,2,train
2437,2,train
2607,2,train
2672,2,train
2929,2,train
3084,2,train
3085,2,train
3725,2,train
4203,2,train
4222,2,train
4434,2,train
4876,2,train
5013,2,train
5108,2,train
5443,2,train
5696,2,train
5975,2,train
6110,2,train
6254,2,train
6339,2,train
6426,2,train
6457,2,train
6481,2,train
6483,2,train
6706,2,train
6947,2,train
6986,2,train
7099,2,train
7272,2,train
7407,2,train
7668,2,train
7722,2,train
8464,2,train
8530,2,train
8605,2,train
8792,2,train
8923,2,train
9455,2,train
9475,2,train
9517,2,train
9520,2,train
9838,2,train
9841,2,train
10091,2,train
10109,2,train
10777,2,train
10843,2,train
11007,2,train
11396,2,train
11571,2,train
11585,2,train
11939,2,train
12229,2,train
12301,2,train
12438,2,train
12583,2,train
12614,2,train
12747,2,train
13070,2,train
13433,2,train
13465,2,train
13985,2,train
14111,2,train
14345,2,train
14532,2,train
14645,2,train
14677,2,train
14814,2,train
14913,2,train
14915,2,train
15074,2,train
15434,2,train
15592,2,train
15638,2,train
15759,2,train
15863,2,train
16344,2,train
16628,2,train
16928,2,train
16953,2,train
17247,2,train
17509,2,train
18277,2,train
18417,2,train
18601,2,train
18665,2,train
18787,2,train
18793,2,train
18807,2,train
18943,2,train
18952,2,train
18982,2,train
19064,2,train
19147,2,train
19350,2,train
19780,2,train
19888,2,train
20238,2,train
20349,2,train
20513,2,train
20583,2,train
20664,2,train
20852,2,train
21063,2,train
21207,2,train
21258,2,train
21298,2,train
21421,2,train
21440,2,train
73,2,train
295,2,train
419,2,train
1069,2,train
1187,2,train
1255,2,train
1674,2,train
1966,2,train
2708,2,train
2923,2,train
3083,2,train
3877,2,train
4010,2,train
4052,2,train
4273,2,train
4371,2,train
4718,2,train
4886,2,train
5007,2,train
5174,2,train
5191,2,train
5359,2,train
5446,2,train
5495,2,train
5554,2,train
5631,2,train
5738,2,train
5931,2,train
6087,2,train
6269,2,train
6385,2,train
6437,2,train
7132,2,train
7348,2,train
7415,2,train
7767,2,train
8100,2,train
8319,2,train
8616,2,train
8622,2,train
8716,2,train
8910,2,train
8985,2,train
9076,2,train
9219,2,train
10407,2,train
10531,2,train
10620,2,train
10875,2,train
11170,2,train
11258,2,train
11328,2,train
11755,2,train
12173,2,train
12994,2,train
13075,2,train
13726,2,train
14249,2,train
14509,2,train
14590,2,train
14774,2,train
14880,2,train
15062,2,train
15519,2,train
15616,2,train
16314,2,train
16748,2,train
16878,2,train
17224,2,train
17342,2,train
17863,2,train
17953,2,train
18520,2,train
18644,2,train
18757,2,train
18812,2,train
19049,2,train
19087,2,train
19341,2,train
19664,2,train
19804,2,train
19949,2,train
20100,2,train
20206,2,train
20591,2,train
20818,2,train
21095,2,train
21171,2,train
21423,2,train
21465,2,train
98,2,train
476,2,train
486,2,train
795,2,train
1122,2,train
1483,2,train
1485,2,train
1672,2,train
1689,2,train
2424,2,train
2586,2,train
3515,2,train
3534,2,train
4281,2,train
5346,2,train
5475,2,train
5508,2,train
5755,2,train
5859,2,train
6074,2,train
6271,2,train
6410,2,train
6479,2,train
6489,2,train
6620,2,train
6686,2,train
6939,2,train
7176,2,train
7750,2,train
8220,2,train
8431,2,train
9291,2,train
9434,2,train
9687,2,train
10129,2,train
10171,2,train
10307,2,train
10333,2,train
10498,2,train
10829,2,train
10958,2,train
11183,2,train
11877,2,train
12107,2,train
12540,2,train
12891,2,train
12947,2,train
13205,2,train
13278,2,train
13355,2,train
13394,2,train
13829,2,train
14245,2,train
14600,2,train
14650,2,train
14756,2,train
14820,2,train
14911,2,train
14948,2,train
15012,2,train
15938,2,train
16070,2,train
16907,2,train
17169,2,train
17335,2,train
17489,2,train
18231,2,train
18328,2,train
18392,2,train
18717,2,train
18919,2,train
18926,2,train
19898,2,train
19948,2,train
20031,2,train
20456,2,train
20703,2,train
20726,2,train
21051,2,train
21448,2,train
21458,2,train
21518,2,train
694,2,train
2873,2,train
4462,2,train
4525,2,train
5610,2,train
8432,2,train
18372,2,train
19618,2,train
19710,2,train
8201,2,train
8267,2,train
10071,2,train
746,2,train
903,2,train
1093,2,train
1363,2,train
1396,2,train
1808,2,train
1938,2,train
2018,2,train
2339,2,train
2623,2,train
2747,2,train
2760,2,train
2841,2,train
3105,2,train
3644,2,train
3744,2,train
3774,2,train
3933,2,train
4788,2,train
4902,2,train
4966,2,train
5220,2,train
5292,2,train
5665,2,train
5783,2,train
5838,2,train
5864,2,train
5909,2,train
6285,2,train
6307,2,train
6378,2,train
6447,2,train
6466,2,train
6805,2,train
6816,2,train
6818,2,train
6922,2,train
7147,2,train
7397,2,train
7590,2,train
7659,2,train
7834,2,train
7985,2,train
8042,2,train
8075,2,train
8235,2,train
8429,2,train
8500,2,train
8589,2,train
8647,2,train
9162,2,train
9563,2,train
9723,2,train
9832,2,train
10480,2,train
10625,2,train
10725,2,train
10803,2,train
10881,2,train
10952,2,train
11108,2,train
11389,2,train
11694,2,train
11713,2,train
11775,2,train
11838,2,train
11860,2,train
12006,2,train
12684,2,train
12696,2,train
13062,2,train
13244,2,train
13334,2,train
13347,2,train
13659,2,train
13754,2,train
14031,2,train
14236,2,train
14350,2,train
14547,2,train
14633,2,train
14641,2,train
15282,2,train
15566,2,train
15577,2,train
15727,2,train
15848,2,train
15920,2,train
16410,2,train
16467,2,train
16559,2,train
16752,2,train
17121,2,train
17399,2,train
17484,2,train
17508,2,train
17544,2,train
17964,2,train
18168,2,train
18980,2,train
19082,2,train
19276,2,train
19441,2,train
19451,2,train
19489,2,train
19838,2,train
19964,2,train
19979,2,train
20092,2,train
20216,2,train
20272,2,train
20694,2,train
20797,2,train
21099,2,train
21128,2,train
21498,2,train
40,2,train
442,2,train
557,2,train
585,2,train
716,2,train
733,2,train
756,2,train
887,2,train
1044,2,train
1169,2,train
1243,2,train
2329,2,train
2674,2,train
3125,2,train
3234,2,train
3998,2,train
4470,2,train
4626,2,train
4637,2,train
4709,2,train
4748,2,train
4778,2,train
4879,2,train
5051,2,train
5140,2,train
5685,2,train
5842,2,train
5860,2,train
6396,2,train
6598,2,train
6747,2,train
6788,2,train
7351,2,train
7451,2,train
7479,2,train
7674,2,train
7945,2,train
8037,2,train
8337,2,train
8361,2,train
8666,2,train
9239,2,train
9466,2,train
9524,2,train
9813,2,train
10450,2,train
11106,2,train
11274,2,train
11696,2,train
11954,2,train
12034,2,train
12286,2,train
12353,2,train
12477,2,train
12508,2,train
12557,2,train
12843,2,train
13172,2,train
13576,2,train
13689,2,train
13744,2,train
14087,2,train
14461,2,train
14502,2,train
14886,2,train
14940,2,train
14946,2,train
15122,2,train
15212,2,train
15289,2,train
15386,2,train
15422,2,train
15455,2,train
16036,2,train
16116,2,train
16206,2,train
16301,2,train
16747,2,train
16802,2,train
16818,2,train
16916,2,train
17030,2,train
17257,2,train
17361,2,train
17422,2,train
17736,2,train
17960,2,train
18006,2,train
18041,2,train
18051,2,train
18109,2,train
18450,2,train
18508,2,train
19191,2,train
19455,2,train
19481,2,train
19797,2,train
19887,2,train
20094,2,train
20300,2,train
20789,2,train
21252,2,train
47,2,train
202,2,train
411,2,train
767,2,train
853,2,train
889,2,train
952,2,train
1057,2,train
1061,2,train
1082,2,train
1607,2,train
1847,2,train
1853,2,train
2133,2,train
2326,2,train
2664,2,train
2766,2,train
3065,2,train
3072,2,train
3146,2,train
3327,2,train
3400,2,train
3621,2,train
3927,2,train
3969,2,train
4082,2,train
4290,2,train
4433,2,train
4590,2,train
4650,2,train
4833,2,train
4950,2,train
5023,2,train
5113,2,train
5171,2,train
5392,2,train
5714,2,train
5733,2,train
5771,2,train
5794,2,train
6069,2,train
6246,2,train
6340,2,train
6523,2,train
6527,2,train
7502,2,train
7593,2,train
7713,2,train
7936,2,train
8672,2,train
8697,2,train
8846,2,train
9013,2,train
9191,2,train
9523,2,train
9735,2,train
9960,2,train
10249,2,train
10267,2,train
10929,2,train
11121,2,train
11176,2,train
11210,2,train
11353,2,train
11392,2,train
11608,2,train
11621,2,train
12116,2,train
12193,2,train
12506,2,train
12535,2,train
12643,2,train
12856,2,train
12908,2,train
12952,2,train
13259,2,train
13313,2,train
13534,2,train
13805,2,train
14410,2,train
14824,2,train
15199,2,train
15650,2,train
15715,2,train
15728,2,train
16701,2,train
16963,2,train
17022,2,train
17071,2,train
17149,2,train
17920,2,train
18068,2,train
18297,2,train
18401,2,train
18454,2,train
18716,2,train
18805,2,train
18994,2,train
19255,2,train
19844,2,train
20030,2,train
20111,2,train
20626,2,train
20736,2,train
20793,2,train
20985,2,train
21060,2,train
21206,2,train
21227,2,train
21284,2,train
126,2,train
127,2,train
209,2,train
211,2,train
424,2,train
934,2,train
1033,2,train
1218,2,train
1334,2,train
1454,2,train
1688,2,train
1877,2,train
2110,2,train
2646,2,train
2939,2,train
3183,2,train
3226,2,train
3612,2,train
3662,2,train
4175,2,train
4517,2,train
5405,2,train
5760,2,train
5799,2,train
5978,2,train
6135,2,train
6536,2,train
6548,2,train
6830,2,train
6836,2,train
8641,2,train
8890,2,train
9088,2,train
9096,2,train
9209,2,train
9379,2,train
9474,2,train
10023,2,train
10341,2,train
10396,2,train
10540,2,train
10729,2,train
11182,2,train
11832,2,train
11912,2,train
11951,2,train
12000,2,train
12218,2,train
12293,2,train
12589,2,train
12681,2,train
12743,2,train
13191,2,train
13858,2,train
13952,2,train
14036,2,train
15107,2,train
15218,2,train
15942,2,train
16466,2,train
16477,2,train
16644,2,train
16770,2,train
16924,2,train
17313,2,train
17358,2,train
17491,2,train
17776,2,train
17906,2,train
17916,2,train
17938,2,train
18533,2,train
18778,2,train
19223,2,train
19378,2,train
19436,2,train
19508,2,train
19602,2,train
19856,2,train
19912,2,train
20122,2,train
20443,2,train
20874,2,train
21043,2,train
21375,2,train
45,2,train
344,2,train
479,2,train
570,2,train
675,2,train
1579,2,train
1761,2,train
1922,2,train
1998,2,train
2016,2,train
2078,2,train
2195,2,train
2291,2,train
2386,2,train
2482,2,train
2547,2,train
3124,2,train
3307,2,train
3563,2,train
3606,2,train
3622,2,train
3999,2,train
4293,2,train
4401,2,train
4504,2,train
4844,2,train
4938,2,train
4963,2,train
4992,2,train
5672,2,train
5784,2,train
6184,2,train
6515,2,train
6858,2,train
6952,2,train
7025,2,train
7339,2,train
7438,2,train
7768,2,train
8181,2,train
8248,2,train
9181,2,train
9203,2,train
9442,2,train
10052,2,train
10293,2,train
10413,2,train
10832,2,train
10885,2,train
11453,2,train
11847,2,train
12252,2,train
12624,2,train
12628,2,train
12648,2,train
12909,2,train
13059,2,train
13332,2,train
13420,2,train
13578,2,train
13958,2,train
14202,2,train
14206,2,train
14613,2,train
14754,2,train
14931,2,train
15451,2,train
15472,2,train
16027,2,train
16276,2,train
16758,2,train
16950,2,train
17035,2,train
17351,2,train
17549,2,train
17837,2,train
18024,2,train
18054,2,train
18072,2,train
18194,2,train
18869,2,train
18900,2,train
19187,2,train
19317,2,train
19318,2,train
19428,2,train
20046,2,train
20165,2,train
20360,2,train
20419,2,train
20436,2,train
20622,2,train
20713,2,train
20786,2,train
20861,2,train
21082,2,train
21348,2,train
21363,2,train
21411,2,train
1802,2,train
7174,2,train
12290,2,train
17574,2,train
20336,2,train
2074,2,train
4568,2,train
9186,2,train
10683,2,train
12188,2,train
13095,2,train
16778,2,train
18902,2,train
322,2,train
487,2,train
512,2,train
692,2,train
819,2,train
994,2,train
1811,2,train
1869,2,train
1936,2,train
1981,2,train
2332,2,train
2556,2,train
2763,2,train
2852,2,train
3315,2,train
3930,2,train
3967,2,train
3974,2,train
4037,2,train
4730,2,train
4837,2,train
4849,2,train
4874,2,train
4883,2,train
5083,2,train
5224,2,train
5395,2,train
5418,2,train
5615,2,train
5766,2,train
5936,2,train
5946,2,train
6092,2,train
6175,2,train
6258,2,train
6514,2,train
6701,2,train
6728,2,train
7004,2,train
7306,2,train
7616,2,train
7969,2,train
8280,2,train
8609,2,train
8728,2,train
8844,2,train
9399,2,train
9746,2,train
10086,2,train
10156,2,train
10495,2,train
10544,2,train
10906,2,train
11214,2,train
11368,2,train
11511,2,train
11687,2,train
11706,2,train
11736,2,train
11858,2,train
12105,2,train
12590,2,train
12663,2,train
12870,2,train
13225,2,train
13551,2,train
13991,2,train
14029,2,train
14397,2,train
14660,2,train
14923,2,train
14997,2,train
15021,2,train
15063,2,train
16143,2,train
16395,2,train
16507,2,train
17154,2,train
17161,2,train
17569,2,train
17888,2,train
18033,2,train
18311,2,train
18736,2,train
18904,2,train
18906,2,train
19272,2,train
19440,2,train
19567,2,train
19661,2,train
19706,2,train
19723,2,train
20310,2,train
21046,2,train
21255,2,train
21361,2,train
21463,2,train
337,2,train
432,2,train
441,2,train
555,2,train
596,2,train
712,2,train
847,2,train
915,2,train
1641,2,train
1881,2,train
1903,2,train
2045,2,train
2492,2,train
2606,2,train
2990,2,train
3170,2,train
3199,2,train
3514,2,train
3675,2,train
3689,2,train
3935,2,train
4105,2,train
4234,2,train
4498,2,train
5323,2,train
5350,2,train
5564,2,train
5567,2,train
5962,2,train
6097,2,train
6101,2,train
6133,2,train
6134,2,train
6227,2,train
6353,2,train
6676,2,train
6774,2,train
6999,2,train
7029,2,train
7422,2,train
7651,2,train
8127,2,train
8523,2,train
8777,2,train
8856,2,train
8966,2,train
8983,2,train
9202,2,train
9354,2,train
9585,2,train
9889,2,train
10076,2,train
10262,2,train
10414,2,train
10937,2,train
10945,2,train
11180,2,train
11242,2,train
11255,2,train
11385,2,train
11532,2,train
11562,2,train
11758,2,train
11876,2,train
11895,2,train
12045,2,train
12158,2,train
13188,2,train
13218,2,train
13247,2,train
13704,2,train
13803,2,train
13822,2,train
14105,2,train
14314,2,train
14921,2,train
15008,2,train
15275,2,train
15895,2,train
16310,2,train
16333,2,train
16440,2,train
16521,2,train
17012,2,train
17069,2,train
17393,2,train
17914,2,train
17950,2,train
17978,2,train
18270,2,train
18295,2,train
18625,2,train
19073,2,train
19163,2,train
19235,2,train
19954,2,train
20011,2,train
20294,2,train
20309,2,train
20512,2,train
20523,2,train
20990,2,train
21045,2,train
21353,2,train
107,2,train
183,2,train
197,2,train
290,2,train
318,2,train
413,2,train
550,2,train
654,2,train
1144,2,train
1277,2,train
1384,2,train
1395,2,train
1487,2,train
1638,2,train
1986,2,train
2051,2,train
2104,2,train
2445,2,train
2488,2,train
2652,2,train
2676,2,train
2983,2,train
3261,2,train
3566,2,train
3587,2,train
3593,2,train
3671,2,train
3934,2,train
4004,2,train
4266,2,train
5912,2,train
5947,2,train
6141,2,train
6379,2,train
6388,2,train
6504,2,train
6531,2,train
6641,2,train
6798,2,train
7152,2,train
7687,2,train
7856,2,train
8013,2,train
8132,2,train
8864,2,train
8999,2,train
9050,2,train
9103,2,train
9324,2,train
10278,2,train
10607,2,train
10708,2,train
10828,2,train
10997,2,train
11002,2,train
11185,2,train
11665,2,train
11740,2,train
11754,2,train
11756,2,train
11885,2,train
12132,2,train
12185,2,train
12232,2,train
13243,2,train
13723,2,train
13854,2,train
14487,2,train
14488,2,train
14642,2,train
14712,2,train
14810,2,train
14823,2,train
14961,2,train
14973,2,train
15391,2,train
16203,2,train
16346,2,train
16869,2,train
16875,2,train
16993,2,train
17206,2,train
17408,2,train
17541,2,train
17545,2,train
17632,2,train
17900,2,train
17957,2,train
18044,2,train
18120,2,train
18223,2,train
18549,2,train
19339,2,train
19536,2,train
19746,2,train
19829,2,train
19942,2,train
20357,2,train
20384,2,train
20998,2,train
21017,2,train
21049,2,train
21064,2,train
21114,2,train
21119,2,train
21312,2,train
973,2,train
1271,2,train
1368,2,train
1649,2,train
1944,2,train
2020,2,train
2416,2,train
2611,2,train
2722,2,train
2753,2,train
2900,2,train
3053,2,train
3081,2,train
3217,2,train
3219,2,train
3855,2,train
4003,2,train
4380,2,train
4397,2,train
4454,2,train
4625,2,train
4790,2,train
5011,2,train
5362,2,train
5419,2,train
5706,2,train
6347,2,train
6393,2,train
6552,2,train
6563,2,train
7007,2,train
7277,2,train
7309,2,train
7470,2,train
8738,2,train
8982,2,train
9468,2,train
9541,2,train
9748,2,train
9772,2,train
9865,2,train
9900,2,train
9931,2,train
10047,2,train
10055,2,train
10150,2,train
10202,2,train
11294,2,train
11403,2,train
11479,2,train
11597,2,train
11662,2,train
12459,2,train
12501,2,train
12550,2,train
12552,2,train
12770,2,train
13517,2,train
13572,2,train
13719,2,train
13914,2,train
13938,2,train
13989,2,train
14059,2,train
14358,2,train
14412,2,train
14891,2,train
15252,2,train
15408,2,train
15518,2,train
15709,2,train
15712,2,train
15820,2,train
16103,2,train
16645,2,train
17372,2,train
17475,2,train
17897,2,train
18171,2,train
18291,2,train
18699,2,train
19083,2,train
19096,2,train
19134,2,train
19241,2,train
19326,2,train
19735,2,train
19889,2,train
20215,2,train
20479,2,train
20777,2,train
21156,2,train
21191,2,train
21244,2,train
110,2,train
180,2,train
329,2,train
893,2,train
1015,2,train
1067,2,train
1087,2,train
1330,2,train
1736,2,train
1991,2,train
2057,2,train
2115,2,train
2199,2,train
2317,2,train
2388,2,train
2901,2,train
2903,2,train
2944,2,train
3043,2,train
3044,2,train
3220,2,train
3296,2,train
3611,2,train
3780,2,train
3905,2,train
4487,2,train
4505,2,train
4644,2,train
4834,2,train
5780,2,train
5823,2,train
5929,2,train
6290,2,train
6462,2,train
7863,2,train
7871,2,train
8241,2,train
8345,2,train
8922,2,train
9073,2,train
9357,2,train
10140,2,train
10582,2,train
10605,2,train
10806,2,train
11024,2,train
11029,2,train
11295,2,train
11366,2,train
11719,2,train
12005,2,train
12102,2,train
12251,2,train
12826,2,train
12930,2,train
13538,2,train
14091,2,train
14147,2,train
14563,2,train
14619,2,train
14627,2,train
14763,2,train
15251,2,train
15314,2,train
15719,2,train
15839,2,train
15935,2,train
15962,2,train
16370,2,train
16457,2,train
16552,2,train
16737,2,train
17009,2,train
17089,2,train
17288,2,train
17445,2,train
17605,2,train
17847,2,train
17922,2,train
18011,2,train
18135,2,train
18496,2,train
18737,2,train
19016,2,train
19062,2,train
19154,2,train
19351,2,train
19475,2,train
19891,2,train
20069,2,train
20231,2,train
20243,2,train
20252,2,train
20603,2,train
20630,2,train
20634,2,train
20662,2,train
20774,2,train
21132,2,train
21405,2,train
21485,2,train
1791,2,train
4000,2,train
4687,2,train
10197,2,train
12254,2,train
14101,2,train
17383,2,train
18888,2,train
20749,2,train
155,2,train
384,2,train
394,2,train
565,2,train
641,2,train
721,2,train
740,2,train
838,2,train
1345,2,train
1481,2,train
1631,2,train
1718,2,train
2023,2,train
2295,2,train
2354,2,train
2407,2,train
2735,2,train
2914,2,train
3007,2,train
3378,2,train
3505,2,train
3605,2,train
4161,2,train
4230,2,train
4302,2,train
4574,2,train
5796,2,train
5797,2,train
6151,2,train
6195,2,train
6971,2,train
7235,2,train
7507,2,train
8712,2,train
8749,2,train
8942,2,train
9225,2,train
9231,2,train
9320,2,train
9381,2,train
9980,2,train
10083,2,train
10090,2,train
10438,2,train
11297,2,train
11371,2,train
11731,2,train
11961,2,train
12077,2,train
12275,2,train
12278,2,train
12561,2,train
12575,2,train
12588,2,train
12928,2,train
13434,2,train
13479,2,train
13564,2,train
14082,2,train
14316,2,train
14926,2,train
15313,2,train
15357,2,train
15602,2,train
15603,2,train
15697,2,train
15838,2,train
16157,2,train
16402,2,train
16498,2,train
16604,2,train
16626,2,train
16676,2,train
16810,2,train
16891,2,train
17722,2,train
17901,2,train
18020,2,train
18309,2,train
18550,2,train
18562,2,train
18570,2,train
18715,2,train
18818,2,train
18936,2,train
19358,2,train
19597,2,train
19620,2,train
19826,2,train
20807,2,train
20958,2,train
21314,2,train
44,2,train
332,2,train
673,2,train
1020,2,train
1158,2,train
1167,2,train
1274,2,train
1620,2,train
1798,2,train
1947,2,train
1962,2,train
2125,2,train
2266,2,train
2856,2,train
3168,2,train
3552,2,train
3655,2,train
3678,2,train
4132,2,train
4183,2,train
4190,2,train
4200,2,train
4691,2,train
5048,2,train
5072,2,train
5543,2,train
5551,2,train
5654,2,train
6216,2,train
6510,2,train
6591,2,train
6653,2,train
6724,2,train
6756,2,train
6863,2,train
7000,2,train
7037,2,train
7049,2,train
7072,2,train
7081,2,train
7144,2,train
7162,2,train
7240,2,train
7702,2,train
7797,2,train
7920,2,train
7994,2,train
8442,2,train
8947,2,train
9002,2,train
9215,2,train
9329,2,train
9335,2,train
9531,2,train
9666,2,train
9700,2,train
9757,2,train
9829,2,train
9927,2,train
10443,2,train
10490,2,train
10637,2,train
11324,2,train
11414,2,train
11475,2,train
11524,2,train
11771,2,train
11786,2,train
11953,2,train
12009,2,train
12064,2,train
12237,2,train
12316,2,train
12594,2,train
12668,2,train
12729,2,train
12944,2,train
13379,2,train
13667,2,train
13678,2,train
13731,2,train
13874,2,train
14168,2,train
14181,2,train
14267,2,train
14607,2,train
15006,2,train
15979,2,train
16219,2,train
16415,2,train
16418,2,train
16969,2,train
17007,2,train
17152,2,train
17170,2,train
17261,2,train
17806,2,train
17941,2,train
18062,2,train
18287,2,train
18831,2,train
18911,2,train
19035,2,train
19099,2,train
19137,2,train
19414,2,train
20045,2,train
20464,2,train
20737,2,train
20776,2,train
21437,2,train
21550,2,train
421,2,train
752,2,train
965,2,train
1133,2,train
1284,2,train
1431,2,train
1872,2,train
2060,2,train
2264,2,train
2713,2,train
2926,2,train
3470,2,train
3509,2,train
3639,2,train
3937,2,train
4431,2,train
4441,2,train
4495,2,train
4601,2,train
4973,2,train
5312,2,train
5547,2,train
5594,2,train
5656,2,train
5813,2,train
6418,2,train
6440,2,train
7076,2,train
7091,2,train
7227,2,train
7229,2,train
7450,2,train
7868,2,train
8052,2,train
8474,2,train
8929,2,train
9309,2,train
9780,2,train
10456,2,train
10946,2,train
11035,2,train
11460,2,train
11591,2,train
11649,2,train
11793,2,train
11823,2,train
12202,2,train
12499,2,train
12725,2,train
12934,2,train
13129,2,train
13724,2,train
14019,2,train
14058,2,train
14099,2,train
14828,2,train
14888,2,train
14967,2,train
15160,2,train
15836,2,train
16081,2,train
16289,2,train
16716,2,train
17919,2,train
18480,2,train
18502,2,train
18510,2,train
19197,2,train
19362,2,train
19394,2,train
19417,2,train
19961,2,train
20036,2,train
20686,2,train
21083,2,train
16,2,train
679,2,train
852,2,train
867,2,train
1371,2,train
1686,2,train
2557,2,train
2833,2,train
3112,2,train
3291,2,train
3516,2,train
3796,2,train
3891,2,train
4272,2,train
4288,2,train
4304,2,train
4451,2,train
4480,2,train
4611,2,train
4628,2,train
4827,2,train
5102,2,train
5365,2,train
5370,2,train
5525,2,train
5800,2,train
5857,2,train
5907,2,train
5979,2,train
6439,2,train
6924,2,train
7016,2,train
7835,2,train
7901,2,train
8396,2,train
8460,2,train
8903,2,train
8914,2,train
9904,2,train
9924,2,train
10343,2,train
10503,2,train
10815,2,train
11241,2,train
11867,2,train
12270,2,train
13051,2,train
13239,2,train
13302,2,train
13307,2,train
13476,2,train
13675,2,train
13779,2,train
14302,2,train
14354,2,train
14922,2,train
15084,2,train
15124,2,train
15328,2,train
15502,2,train
15725,2,train
15750,2,train
15927,2,train
16022,2,train
16083,2,train
16816,2,train
16821,2,train
17370,2,train
17626,2,train
18422,2,train
18511,2,train
19218,2,train
19289,2,train
19315,2,train
19703,2,train
19812,2,train
19908,2,train
19933,2,train
20550,2,train
20718,2,train
20963,2,train
21105,2,train
389,2,train
1415,2,train
2069,2,train
2123,2,train
2152,2,train
2412,2,train
2525,2,train
2778,2,train
2925,2,train
2954,2,train
3114,2,train
3162,2,train
3277,2,train
3310,2,train
3849,2,train
3922,2,train
3929,2,train
4284,2,train
4381,2,train
4423,2,train
5107,2,train
5197,2,train
5526,2,train
5681,2,train
5782,2,train
6177,2,train
6196,2,train
6777,2,train
7483,2,train
7591,2,train
7600,2,train
7639,2,train
7817,2,train
8105,2,train
8242,2,train
8657,2,train
8793,2,train
10077,2,train
10720,2,train
10778,2,train
10790,2,train
11037,2,train
11670,2,train
11893,2,train
12142,2,train
13037,2,train
13039,2,train
13190,2,train
13256,2,train
13995,2,train
14006,2,train
14264,2,train
14516,2,train
14545,2,train
15361,2,train
15394,2,train
15479,2,train
15918,2,train
16295,2,train
16586,2,train
16784,2,train
17843,2,train
17930,2,train
18395,2,train
18492,2,train
18824,2,train
19161,2,train
19395,2,train
19415,2,train
19437,2,train
19529,2,train
19582,2,train
19731,2,train
19805,2,train
20153,2,train
20342,2,train
20608,2,train
21160,2,train
21362,2,train
21502,2,train
669,2,train
10332,2,train
10401,2,train
12299,2,train
20612,2,train
6918,2,train
203,2,train
205,2,train
705,2,train
997,2,train
1423,2,train
2194,2,train
2251,2,train
3205,2,train
3222,2,train
3424,2,train
3704,2,train
3941,2,train
4150,2,train
4330,2,train
4410,2,train
4411,2,train
4725,2,train
4908,2,train
5032,2,train
5607,2,train
6026,2,train
6312,2,train
6557,2,train
7157,2,train
7872,2,train
8089,2,train
8381,2,train
8558,2,train
8604,2,train
8765,2,train
9154,2,train
9776,2,train
10003,2,train
10602,2,train
10682,2,train
10874,2,train
10883,2,train
10955,2,train
11575,2,train
12003,2,train
12153,2,train
12305,2,train
12596,2,train
12804,2,train
12811,2,train
13003,2,train
13154,2,train
13274,2,train
13890,2,train
14072,2,train
14357,2,train
14462,2,train
14479,2,train
14977,2,train
15509,2,train
15686,2,train
15782,2,train
16000,2,train
16129,2,train
16318,2,train
16979,2,train
17221,2,train
17619,2,train
17637,2,train
17943,2,train
18198,2,train
18214,2,train
18320,2,train
18573,2,train
18811,2,train
18845,2,train
18858,2,train
18897,2,train
18961,2,train
19333,2,train
19533,2,train
19632,2,train
19774,2,train
19946,2,train
19992,2,train
20084,2,train
20164,2,train
20261,2,train
20319,2,train
20431,2,train
20563,2,train
20600,2,train
20898,2,train
21117,2,train
21144,2,train
21373,2,train
136,2,train
359,2,train
381,2,train
519,2,train
599,2,train
708,2,train
897,2,train
1386,2,train
1707,2,train
1777,2,train
2032,2,train
2073,2,train
2653,2,train
2772,2,train
2905,2,train
3093,2,train
3467,2,train
3815,2,train
3915,2,train
4066,2,train
4118,2,train
4349,2,train
4481,2,train
5068,2,train
5867,2,train
5920,2,train
6075,2,train
6605,2,train
6759,2,train
6882,2,train
6951,2,train
7193,2,train
7375,2,train
7413,2,train
7443,2,train
7474,2,train
7726,2,train
7813,2,train
7931,2,train
7940,2,train
8561,2,train
8842,2,train
9079,2,train
9229,2,train
9247,2,train
9372,2,train
9501,2,train
9572,2,train
9690,2,train
9715,2,train
9758,2,train
9977,2,train
10431,2,train
10449,2,train
10734,2,train
10939,2,train
11059,2,train
11283,2,train
11884,2,train
11998,2,train
12172,2,train
12578,2,train
12786,2,train
13033,2,train
13099,2,train
13718,2,train
13999,2,train
14299,2,train
14483,2,train
14496,2,train
14664,2,train
14837,2,train
15075,2,train
15159,2,train
15417,2,train
15630,2,train
15830,2,train
16250,2,train
16300,2,train
16376,2,train
16423,2,train
16439,2,train
16792,2,train
16839,2,train
16877,2,train
16944,2,train
17111,2,train
17140,2,train
17219,2,train
17961,2,train
18156,2,train
18759,2,train
18806,2,train
19025,2,train
19168,2,train
19482,2,train
19666,2,train
19876,2,train
20174,2,train
20312,2,train
20368,2,train
20504,2,train
20569,2,train
20716,2,train
20886,2,train
20889,2,train
20989,2,train
21027,2,train
21234,2,train
147,2,train
356,2,train
406,2,train
809,2,train
821,2,train
909,2,train
975,2,train
1182,2,train
1383,2,train
1406,2,train
1601,2,train
2226,2,train
2439,2,train
2737,2,train
3122,2,train
3181,2,train
3387,2,train
3419,2,train
3739,2,train
4332,2,train
4846,2,train
5340,2,train
5447,2,train
5506,2,train
5566,2,train
5602,2,train
6003,2,train
6651,2,train
6886,2,train
6890,2,train
7109,2,train
7213,2,train
7304,2,train
7772,2,train
7983,2,train
8365,2,train
8377,2,train
8509,2,train
8724,2,train
9802,2,train
9928,2,train
9954,2,train
10007,2,train
10125,2,train
10440,2,train
10547,2,train
10907,2,train
11399,2,train
11767,2,train
11784,2,train
11894,2,train
11959,2,train
12138,2,train
12242,2,train
12741,2,train
13349,2,train
13584,2,train
13587,2,train
14368,2,train
14957,2,train
15133,2,train
15146,2,train
15799,2,train
16058,2,train
16178,2,train
16243,2,train
16317,2,train
16544,2,train
17390,2,train
18423,2,train
18485,2,train
18619,2,train
18852,2,train
18940,2,train
19142,2,train
19758,2,train
19944,2,train
20199,2,train
20385,2,train
20594,2,train
20926,2,train
21067,2,train
21077,2,train
21141,2,train
21276,2,train
157,2,train
1519,2,train
2508,2,train
2883,2,train
2991,2,train
2999,2,train
3078,2,train
3609,2,train
3627,2,train
3632,2,train
4139,2,train
4382,2,train
4702,2,train
4927,2,train
4983,2,train
5058,2,train
5065,2,train
5082,2,train
5164,2,train
5176,2,train
6036,2,train
6156,2,train
6688,2,train
6997,2,train
7444,2,train
7644,2,train
7816,2,train
8090,2,train
8271,2,train
8764,2,train
8843,2,train
8937,2,train
8945,2,train
9356,2,train
9967,2,train
9997,2,train
10403,2,train
10475,2,train
10581,2,train
10696,2,train
11391,2,train
11618,2,train
11834,2,train
12012,2,train
12821,2,train
13457,2,train
13553,2,train
13795,2,train
14640,2,train
15068,2,train
15808,2,train
15898,2,train
16408,2,train
16411,2,train
18079,2,train
18481,2,train
18668,2,train
19468,2,train
19549,2,train
20627,2,train
21175,2,train
21510,2,train
475,2,train
626,2,train
720,2,train
722,2,train
929,2,train
1148,2,train
1253,2,train
1254,2,train
1280,2,train
1804,2,train
2709,2,train
3393,2,train
4212,2,train
4753,2,train
5284,2,train
5611,2,train
6079,2,train
6337,2,train
6449,2,train
6669,2,train
6671,2,train
7578,2,train
8606,2,train
8882,2,train
8944,2,train
8992,2,train
9367,2,train
9433,2,train
9515,2,train
9726,2,train
10080,2,train
10932,2,train
11123,2,train
11806,2,train
11830,2,train
12256,2,train
12327,2,train
12456,2,train
12780,2,train
13209,2,train
13241,2,train
13462,2,train
13728,2,train
13863,2,train
14474,2,train
14521,2,train
14644,2,train
15047,2,train
15246,2,train
15352,2,train
16041,2,train
16142,2,train
16653,2,train
16724,2,train
16835,2,train
16909,2,train
16971,2,train
17137,2,train
17227,2,train
17250,2,train
17446,2,train
17912,2,train
17989,2,train
18003,2,train
18154,2,train
18269,2,train
18296,2,train
18403,2,train
19676,2,train
19753,2,train
20307,2,train
20425,2,train
20999,2,train
21111,2,train
21257,2,train
21331,2,train
21507,2,train
21554,2,train
5085,2,train
13698,2,train
6549,2,train
9863,2,train
10256,2,train
41,2,train
301,2,train
374,2,train
474,2,train
862,2,train
894,2,train
901,2,train
943,2,train
1463,2,train
1705,2,train
1937,2,train
2059,2,train
2236,2,train
2600,2,train
3120,2,train
3186,2,train
3288,2,train
3920,2,train
4221,2,train
4427,2,train
4587,2,train
4968,2,train
5030,2,train
5716,2,train
5789,2,train
6326,2,train
6427,2,train
6516,2,train
6544,2,train
6572,2,train
6932,2,train
7288,2,train
7435,2,train
7602,2,train
7850,2,train
8098,2,train
8411,2,train
8461,2,train
8546,2,train
8618,2,train
8866,2,train
8993,2,train
9456,2,train
9500,2,train
9533,2,train
9674,2,train
9777,2,train
10245,2,train
10477,2,train
10698,2,train
10768,2,train
11277,2,train
11305,2,train
11384,2,train
11404,2,train
11707,2,train
12410,2,train
12708,2,train
12957,2,train
13388,2,train
13531,2,train
13555,2,train
14189,2,train
14274,2,train
14448,2,train
15073,2,train
15517,2,train
15742,2,train
16164,2,train
16576,2,train
16658,2,train
16866,2,train
16930,2,train
17195,2,train
17239,2,train
17750,2,train
17792,2,train
17839,2,train
17862,2,train
18077,2,train
18173,2,train
18335,2,train
18483,2,train
18552,2,train
18555,2,train
18631,2,train
18874,2,train
18879,2,train
19068,2,train
19411,2,train
19480,2,train
19541,2,train
19699,2,train
19716,2,train
19851,2,train
20118,2,train
20143,2,train
20258,2,train
20288,2,train
20325,2,train
20345,2,train
20390,2,train
20482,2,train
20516,2,train
21439,2,train
21488,2,train
21534,2,train
164,2,train
289,2,train
855,2,train
976,2,train
1160,2,train
1408,2,train
1450,2,train
1694,2,train
1955,2,train
2630,2,train
2891,2,train
2960,2,train
2981,2,train
3143,2,train
3585,2,train
4471,2,train
4616,2,train
4777,2,train
5096,2,train
5332,2,train
5524,2,train
6194,2,train
6874,2,train
6949,2,train
7018,2,train
7243,2,train
7606,2,train
7631,2,train
7691,2,train
7738,2,train
8010,2,train
8279,2,train
8312,2,train
8781,2,train
8884,2,train
9148,2,train
9149,2,train
9185,2,train
9331,2,train
9465,2,train
9546,2,train
9737,2,train
9764,2,train
9793,2,train
9888,2,train
10050,2,train
10286,2,train
10292,2,train
10623,2,train
10978,2,train
11044,2,train
11070,2,train
11314,2,train
11634,2,train
12262,2,train
12266,2,train
12639,2,train
12694,2,train
13643,2,train
13782,2,train
13917,2,train
14103,2,train
14217,2,train
14757,2,train
14843,2,train
14910,2,train
14945,2,train
15037,2,train
15153,2,train
15272,2,train
15338,2,train
15482,2,train
15581,2,train
15591,2,train
15819,2,train
16021,2,train
16147,2,train
16561,2,train
16614,2,train
16667,2,train
16822,2,train
16895,2,train
16896,2,train
17001,2,train
17244,2,train
17249,2,train
17534,2,train
17567,2,train
17704,2,train
17910,2,train
18383,2,train
18407,2,train
18418,2,train
18531,2,train
18718,2,train
18896,2,train
20321,2,train
20435,2,train
20938,2,train
21304,2,train
135,2,train
674,2,train
1062,2,train
1162,2,train
1212,2,train
1266,2,train
1855,2,train
2540,2,train
2577,2,train
2859,2,train
2984,2,train
3567,2,train
3791,2,train
3807,2,train
3908,2,train
4047,2,train
4359,2,train
4533,2,train
5088,2,train
5291,2,train
5374,2,train
5404,2,train
5638,2,train
5707,2,train
5722,2,train
6142,2,train
6147,2,train
6316,2,train
6808,2,train
6992,2,train
8027,2,train
8328,2,train
8797,2,train
9110,2,train
9246,2,train
9415,2,train
9842,2,train
10263,2,train
10264,2,train
10361,2,train
10386,2,train
10608,2,train
10673,2,train
10722,2,train
10862,2,train
11027,2,train
11711,2,train
11812,2,train
12354,2,train
12361,2,train
12392,2,train
12781,2,train
12876,2,train
12880,2,train
12939,2,train
13215,2,train
13298,2,train
13924,2,train
13934,2,train
13993,2,train
14100,2,train
14246,2,train
14469,2,train
14495,2,train
14553,2,train
14625,2,train
15372,2,train
15440,2,train
15563,2,train
15621,2,train
15832,2,train
16155,2,train
16754,2,train
17125,2,train
17278,2,train
17280,2,train
17513,2,train
17791,2,train
17868,2,train
17871,2,train
18018,2,train
18036,2,train
18155,2,train
18184,2,train
18317,2,train
18780,2,train
18853,2,train
19484,2,train
19505,2,train
19577,2,train
19817,2,train
20457,2,train
20498,2,train
20959,2,train
21378,2,train
21462,2,train
21596,2,train
267,2,train
567,2,train
625,2,train
818,2,train
1024,2,train
1317,2,train
1353,2,train
1604,2,train
2336,2,train
2382,2,train
2609,2,train
3040,2,train
3601,2,train
3950,2,train
4084,2,train
4320,2,train
4420,2,train
4430,2,train
4463,2,train
4661,2,train
4762,2,train
4860,2,train
5180,2,train
5425,2,train
6020,2,train
6675,2,train
6915,2,train
7207,2,train
7632,2,train
7827,2,train
7865,2,train
8157,2,train
8226,2,train
8721,2,train
9447,2,train
9641,2,train
9815,2,train
9822,2,train
10221,2,train
10304,2,train
10464,2,train
10665,2,train
10704,2,train
10908,2,train
11132,2,train
11233,2,train
11322,2,train
11377,2,train
11674,2,train
11854,2,train
12086,2,train
12480,2,train
13314,2,train
13600,2,train
13895,2,train
13951,2,train
14286,2,train
14486,2,train
14762,2,train
14898,2,train
15387,2,train
15521,2,train
15670,2,train
15714,2,train
16097,2,train
16173,2,train
16350,2,train
16454,2,train
16593,2,train
16689,2,train
17341,2,train
17349,2,train
17610,2,train
17904,2,train
17954,2,train
18023,2,train
18266,2,train
18804,2,train
18941,2,train
19074,2,train
19181,2,train
19343,2,train
19387,2,train
19513,2,train
19689,2,train
19778,2,train
20218,2,train
20256,2,train
20280,2,train
20663,2,train
636,2,train
680,2,train
704,2,train
800,2,train
1434,2,train
1782,2,train
2392,2,train
2498,2,train
2626,2,train
2919,2,train
3196,2,train
3664,2,train
4106,2,train
4231,2,train
4520,2,train
4836,2,train
5427,2,train
5461,2,train
5503,2,train
5700,2,train
5872,2,train
5911,2,train
6086,2,train
6317,2,train
6485,2,train
7066,2,train
7519,2,train
8970,2,train
9260,2,train
9319,2,train
10422,2,train
10560,2,train
10662,2,train
11074,2,train
11950,2,train
12559,2,train
13438,2,train
13443,2,train
13530,2,train
13688,2,train
14093,2,train
14953,2,train
15450,2,train
15567,2,train
15586,2,train
16712,2,train
16831,2,train
17583,2,train
17771,2,train
18143,2,train
18767,2,train
18946,2,train
18984,2,train
19345,2,train
19558,2,train
19572,2,train
19671,2,train
19724,2,train
20843,2,train
20947,2,train
21101,2,train
2330,2,train
10606,2,train
13065,2,train
15082,2,train
6154,2,train
6672,2,train
8941,2,train
17517,2,train
190,2,train
498,2,train
524,2,train
1063,2,train
1262,2,train
1354,2,train
1570,2,train
1845,2,train
2237,2,train
2253,2,train
2447,2,train
2603,2,train
2629,2,train
2651,2,train
2730,2,train
3279,2,train
3629,2,train
3804,2,train
3938,2,train
4499,2,train
4552,2,train
4831,2,train
4924,2,train
5280,2,train
5288,2,train
5523,2,train
6429,2,train
6461,2,train
6721,2,train
6966,2,train
7557,2,train
8032,2,train
8207,2,train
8313,2,train
8513,2,train
8522,2,train
8617,2,train
9018,2,train
9406,2,train
10189,2,train
10277,2,train
10342,2,train
10679,2,train
11120,2,train
11326,2,train
12320,2,train
12429,2,train
12794,2,train
12860,2,train
13212,2,train
13374,2,train
14172,2,train
14557,2,train
14811,2,train
15058,2,train
15209,2,train
15304,2,train
15414,2,train
15481,2,train
16019,2,train
16407,2,train
16548,2,train
16685,2,train
16809,2,train
17026,2,train
17044,2,train
17091,2,train
17220,2,train
17415,2,train
17531,2,train
17561,2,train
18081,2,train
18098,2,train
18513,2,train
18916,2,train
19085,2,train
19125,2,train
19146,2,train
19243,2,train
19310,2,train
20766,2,train
21337,2,train
21509,2,train
56,2,train
363,2,train
444,2,train
586,2,train
1114,2,train
1161,2,train
1319,2,train
1366,2,train
2030,2,train
2373,2,train
3290,2,train
3543,2,train
3866,2,train
4079,2,train
4124,2,train
4727,2,train
4915,2,train
5409,2,train
5513,2,train
5708,2,train
5730,2,train
5790,2,train
5900,2,train
5950,2,train
6076,2,train
6127,2,train
6208,2,train
6221,2,train
6247,2,train
6273,2,train
6491,2,train
6574,2,train
6848,2,train
7124,2,train
7150,2,train
7544,2,train
7601,2,train
7900,2,train
8003,2,train
8507,2,train
8989,2,train
9011,2,train
9104,2,train
9477,2,train
9656,2,train
10556,2,train
10692,2,train
10715,2,train
10740,2,train
10779,2,train
11057,2,train
11363,2,train
11402,2,train
11635,2,train
11742,2,train
12755,2,train
12919,2,train
12996,2,train
13179,2,train
13407,2,train
13440,2,train
14047,2,train
14067,2,train
14124,2,train
14140,2,train
14256,2,train
14834,2,train
14930,2,train
15499,2,train
16045,2,train
16066,2,train
16087,2,train
16436,2,train
16547,2,train
17130,2,train
17216,2,train
17217,2,train
17381,2,train
17457,2,train
17527,2,train
18272,2,train
18849,2,train
18851,2,train
18867,2,train
18907,2,train
18929,2,train
19453,2,train
19639,2,train
20344,2,train
20564,2,train
21382,2,train
21548,2,train
150,2,train
514,2,train
602,2,train
737,2,train
1034,2,train
1664,2,train
1827,2,train
1836,2,train
1839,2,train
2343,2,train
2378,2,train
2502,2,train
2992,2,train
3031,2,train
3089,2,train
3100,2,train
3145,2,train
3212,2,train
3558,2,train
3564,2,train
4157,2,train
4321,2,train
4509,2,train
4608,2,train
4638,2,train
4653,2,train
4765,2,train
4892,2,train
5545,2,train
5892,2,train
5957,2,train
6360,2,train
6408,2,train
6450,2,train
6663,2,train
6716,2,train
6968,2,train
7105,2,train
7116,2,train
7140,2,train
7194,2,train
7427,2,train
7504,2,train
7628,2,train
7787,2,train
7995,2,train
8046,2,train
8108,2,train
8323,2,train
8519,2,train
9394,2,train
9404,2,train
9597,2,train
9680,2,train
9845,2,train
9861,2,train
9937,2,train
10005,2,train
10014,2,train
10553,2,train
10738,2,train
10880,2,train
11157,2,train
11269,2,train
11390,2,train
11433,2,train
11790,2,train
12146,2,train
12569,2,train
12756,2,train
12968,2,train
13082,2,train
13118,2,train
13337,2,train
13594,2,train
13676,2,train
13711,2,train
13755,2,train
13780,2,train
13909,2,train
14046,2,train
14239,2,train
14303,2,train
14451,2,train
14512,2,train
14825,2,train
15027,2,train
15031,2,train
15043,2,train
15241,2,train
15268,2,train
15483,2,train
15846,2,train
16056,2,train
16385,2,train
16387,2,train
16510,2,train
17021,2,train
17592,2,train
17785,2,train
18585,2,train
18680,2,train
18921,2,train
19228,2,train
19323,2,train
19570,2,train
20037,2,train
20152,2,train
20186,2,train
20785,2,train
21008,2,train
21139,2,train
21547,2,train
21558,2,train
436,2,train
581,2,train
690,2,train
987,2,train
995,2,train
1175,2,train
2307,2,train
2468,2,train
2597,2,train
2645,2,train
2830,2,train
3436,2,train
3528,2,train
3610,2,train
3659,2,train
3898,2,train
3952,2,train
4224,2,train
4314,2,train
4610,2,train
4652,2,train
4970,2,train
5587,2,train
5660,2,train
5736,2,train
6027,2,train
6953,2,train
7169,2,train
7672,2,train
7694,2,train
7928,2,train
8437,2,train
8501,2,train
8715,2,train
8757,2,train
9919,2,train
9963,2,train
10004,2,train
10183,2,train
10513,2,train
10661,2,train
11156,2,train
11339,2,train
11369,2,train
11550,2,train
11626,2,train
11690,2,train
11712,2,train
12186,2,train
12216,2,train
13365,2,train
13414,2,train
13621,2,train
13690,2,train
14053,2,train
14210,2,train
14389,2,train
14682,2,train
14881,2,train
15173,2,train
15305,2,train
15356,2,train
15448,2,train
15513,2,train
15897,2,train
16128,2,train
16217,2,train
16283,2,train
17052,2,train
17141,2,train
17189,2,train
17198,2,train
17570,2,train
17819,2,train
18030,2,train
18211,2,train
18817,2,train
18924,2,train
19031,2,train
19485,2,train
19693,2,train
20260,2,train
20509,2,train
20568,2,train
20575,2,train
21070,2,train
220,2,train
296,2,train
825,2,train
1443,2,train
1608,2,train
1970,2,train
2289,2,train
2528,2,train
2968,2,train
2996,2,train
3267,2,train
4075,2,train
4195,2,train
4624,2,train
4819,2,train
5028,2,train
5029,2,train
5059,2,train
5251,2,train
6112,2,train
6288,2,train
6666,2,train
6761,2,train
7543,2,train
7915,2,train
8225,2,train
8263,2,train
8981,2,train
9284,2,train
9581,2,train
9849,2,train
10138,2,train
10288,2,train
10329,2,train
10330,2,train
10627,2,train
10664,2,train
10794,2,train
11191,2,train
11298,2,train
11302,2,train
11370,2,train
11541,2,train
11801,2,train
11816,2,train
11824,2,train
11906,2,train
11963,2,train
12053,2,train
12234,2,train
12488,2,train
12649,2,train
12711,2,train
12740,2,train
13774,2,train
13935,2,train
14003,2,train
14013,2,train
14184,2,train
14250,2,train
14353,2,train
14434,2,train
14471,2,train
14523,2,train
14568,2,train
14788,2,train
14919,2,train
15083,2,train
15370,2,train
15384,2,train
15409,2,train
15682,2,train
16006,2,train
16100,2,train
16304,2,train
16444,2,train
16698,2,train
16851,2,train
16883,2,train
16947,2,train
17160,2,train
17757,2,train
17866,2,train
17879,2,train
18117,2,train
18202,2,train
18346,2,train
18376,2,train
18611,2,train
18786,2,train
19003,2,train
19212,2,train
19252,2,train
19515,2,train
19569,2,train
19612,2,train
19730,2,train
20038,2,train
20124,2,train
21294,2,train
21301,2,train
21344,2,train
12467,2,train
13702,2,train
13997,2,train
16588,2,train
17208,2,train
20248,2,train
20339,2,train
18898,2,train
18922,2,train
68,2,train
401,2,train
603,2,train
888,2,train
969,2,train
1023,2,train
1048,2,train
1110,2,train
1447,2,train
1526,2,train
1717,2,train
2280,2,train
2353,2,train
2499,2,train
2792,2,train
3001,2,train
3683,2,train
3754,2,train
4307,2,train
5232,2,train
5242,2,train
5429,2,train
5603,2,train
5988,2,train
6592,2,train
6689,2,train
6849,2,train
7225,2,train
7313,2,train
7619,2,train
7828,2,train
7854,2,train
7889,2,train
8021,2,train
8184,2,train
8334,2,train
8525,2,train
8544,2,train
8860,2,train
9167,2,train
9344,2,train
9482,2,train
9707,2,train
9744,2,train
9866,2,train
9907,2,train
9958,2,train
10162,2,train
10471,2,train
10716,2,train
10782,2,train
10804,2,train
11341,2,train
11469,2,train
11513,2,train
11629,2,train
11722,2,train
11779,2,train
11799,2,train
11929,2,train
11948,2,train
12010,2,train
12351,2,train
12443,2,train
12547,2,train
12829,2,train
12999,2,train
13552,2,train
13603,2,train
13920,2,train
14385,2,train
14801,2,train
14878,2,train
14887,2,train
15335,2,train
15400,2,train
15537,2,train
15612,2,train
15660,2,train
15701,2,train
15753,2,train
15762,2,train
15929,2,train
16492,2,train
16661,2,train
17394,2,train
17676,2,train
17797,2,train
17860,2,train
17869,2,train
18004,2,train
18165,2,train
18343,2,train
18389,2,train
18714,2,train
18917,2,train
19088,2,train
19402,2,train
19497,2,train
19615,2,train
19660,2,train
19932,2,train
20521,2,train
21134,2,train
21197,2,train
21308,2,train
21324,2,train
21520,2,train
21603,2,train
21,2,train
244,2,train
338,2,train
880,2,train
1437,2,train
1461,2,train
1491,2,train
2095,2,train
2160,2,train
2576,2,train
3195,2,train
3406,2,train
3486,2,train
3517,2,train
3548,2,train
3745,2,train
3746,2,train
3763,2,train
3801,2,train
4007,2,train
4396,2,train
4484,2,train
4771,2,train
5177,2,train
5248,2,train
5305,2,train
5379,2,train
5432,2,train
5693,2,train
6057,2,train
6146,2,train
6460,2,train
6705,2,train
7254,2,train
7362,2,train
7408,2,train
7532,2,train
7624,2,train
7760,2,train
7778,2,train
7950,2,train
8258,2,train
8661,2,train
8720,2,train
8750,2,train
8841,2,train
8918,2,train
8934,2,train
9058,2,train
9138,2,train
9292,2,train
9412,2,train
9449,2,train
9683,2,train
9831,2,train
10151,2,train
10178,2,train
10860,2,train
10897,2,train
10957,2,train
11739,2,train
11843,2,train
11887,2,train
12163,2,train
12342,2,train
12524,2,train
12537,2,train
12673,2,train
12971,2,train
13192,2,train
13344,2,train
13566,2,train
13683,2,train
13684,2,train
13818,2,train
13959,2,train
14398,2,train
14489,2,train
14789,2,train
14883,2,train
15142,2,train
15151,2,train
15182,2,train
15190,2,train
15233,2,train
15243,2,train
15331,2,train
15675,2,train
15813,2,train
16055,2,train
16368,2,train
16669,2,train
16836,2,train
16902,2,train
17255,2,train
17318,2,train
17554,2,train
18149,2,train
18623,2,train
18881,2,train
19094,2,train
19116,2,train
19193,2,train
19232,2,train
19510,2,train
19521,2,train
19752,2,train
19819,2,train
20052,2,train
20054,2,train
20114,2,train
20295,2,train
20358,2,train
20625,2,train
20783,2,train
20977,2,train
58,2,train
109,2,train
1081,2,train
1227,2,train
1530,2,train
1759,2,train
1918,2,train
2298,2,train
2362,2,train
2391,2,train
2393,2,train
2479,2,train
2511,2,train
3347,2,train
3602,2,train
3698,2,train
3972,2,train
3997,2,train
4117,2,train
4232,2,train
4362,2,train
5111,2,train
5196,2,train
5353,2,train
5383,2,train
5476,2,train
5625,2,train
5641,2,train
5725,2,train
5825,2,train
5833,2,train
6456,2,train
7033,2,train
7059,2,train
7074,2,train
7199,2,train
7204,2,train
7292,2,train
7429,2,train
7846,2,train
7906,2,train
7996,2,train
8068,2,train
8149,2,train
8327,2,train
8468,2,train
8611,2,train
8832,2,train
9316,2,train
9633,2,train
9826,2,train
10056,2,train
10231,2,train
10352,2,train
10382,2,train
10995,2,train
11090,2,train
11118,2,train
11184,2,train
11586,2,train
12171,2,train
12387,2,train
12666,2,train
12962,2,train
12998,2,train
13373,2,train
13456,2,train
13846,2,train
13884,2,train
14057,2,train
14061,2,train
14073,2,train
14141,2,train
14436,2,train
14751,2,train
14761,2,train
14933,2,train
15113,2,train
15310,2,train
16114,2,train
16800,2,train
16804,2,train
16867,2,train
16872,2,train
16901,2,train
16903,2,train
17046,2,train
17290,2,train
17485,2,train
18002,2,train
18127,2,train
18342,2,train
18792,2,train
19798,2,train
19962,2,train
19965,2,train
20178,2,train
20674,2,train
20755,2,train
21142,2,train
21143,2,train
61,2,train
218,2,train
361,2,train
753,2,train
918,2,train
944,2,train
1165,2,train
1521,2,train
1858,2,train
1915,2,train
1948,2,train
2048,2,train
3052,2,train
3211,2,train
3399,2,train
3740,2,train
4242,2,train
4460,2,train
4578,2,train
5199,2,train
5308,2,train
5624,2,train
5994,2,train
6088,2,train
8070,2,train
8205,2,train
8285,2,train
9473,2,train
9483,2,train
9644,2,train
9692,2,train
10668,2,train
10842,2,train
10951,2,train
11004,2,train
11031,2,train
11129,2,train
11177,2,train
11231,2,train
11329,2,train
12213,2,train
12377,2,train
12421,2,train
12652,2,train
12761,2,train
12912,2,train
13528,2,train
14028,2,train
14198,2,train
14639,2,train
14838,2,train
14929,2,train
14968,2,train
15700,2,train
15889,2,train
16426,2,train
16853,2,train
17304,2,train
17378,2,train
17439,2,train
17726,2,train
17983,2,train
18292,2,train
18587,2,train
19233,2,train
19486,2,train
19613,2,train
19635,2,train
20003,2,train
20161,2,train
20700,2,train
20770,2,train
20838,2,train
20894,2,train
20930,2,train
21073,2,train
21400,2,train
21585,2,train
259,2,train
1258,2,train
1438,2,train
1524,2,train
1867,2,train
1942,2,train
2688,2,train
2723,2,train
2727,2,train
2745,2,train
2848,2,train
2904,2,train
2970,2,train
2974,2,train
4388,2,train
4491,2,train
5986,2,train
6550,2,train
6973,2,train
7758,2,train
8850,2,train
9538,2,train
9704,2,train
10265,2,train
10684,2,train
10744,2,train
11423,2,train
11527,2,train
11563,2,train
11874,2,train
12287,2,train
12484,2,train
13490,2,train
13725,2,train
14390,2,train
14435,2,train
14730,2,train
15035,2,train
15138,2,train
15170,2,train
15664,2,train
15665,2,train
16125,2,train
16277,2,train
17539,2,train
18364,2,train
19251,2,train
19363,2,train
19372,2,train
19544,2,train
19820,2,train
20134,2,train
20870,2,train
20964,2,train
21055,2,train
21203,2,train
21267,2,train
15769,2,train
3331,2,train
12518,2,train
21424,2,train
477,2,train
822,2,train
1642,2,train
5721,2,train
7430,2,train
13860,2,train
234,2,train
553,2,train
593,2,train
659,2,train
755,2,train
930,2,train
1332,2,train
1932,2,train
2309,2,train
2406,2,train
2889,2,train
2913,2,train
2942,2,train
3371,2,train
3442,2,train
3672,2,train
3701,2,train
3956,2,train
4068,2,train
4236,2,train
4270,2,train
4338,2,train
4909,2,train
4974,2,train
6240,2,train
6589,2,train
6831,2,train
6855,2,train
6926,2,train
6979,2,train
7153,2,train
7175,2,train
7643,2,train
7962,2,train
8681,2,train
9141,2,train
9298,2,train
9441,2,train
9509,2,train
9944,2,train
9952,2,train
10203,2,train
10459,2,train
10521,2,train
10644,2,train
10645,2,train
12029,2,train
12356,2,train
12571,2,train
12978,2,train
13410,2,train
13523,2,train
14283,2,train
14954,2,train
15034,2,train
15558,2,train
15904,2,train
16448,2,train
16528,2,train
16849,2,train
17037,2,train
17674,2,train
17754,2,train
18040,2,train
18087,2,train
18252,2,train
18351,2,train
18449,2,train
18556,2,train
18564,2,train
18634,2,train
19040,2,train
19382,2,train
19478,2,train
19576,2,train
19963,2,train
19978,2,train
20481,2,train
21018,2,train
21466,2,train
224,2,train
433,2,train
749,2,train
1068,2,train
1172,2,train
1591,2,train
1614,2,train
1770,2,train
2041,2,train
2201,2,train
2250,2,train
2457,2,train
2472,2,train
2824,2,train
2978,2,train
3272,2,train
3657,2,train
3923,2,train
4521,2,train
4669,2,train
4787,2,train
4842,2,train
4911,2,train
5367,2,train
5652,2,train
5763,2,train
7490,2,train
7721,2,train
8082,2,train
8185,2,train
8512,2,train
8600,2,train
8855,2,train
8958,2,train
9067,2,train
9303,2,train
9425,2,train
9578,2,train
9686,2,train
10866,2,train
10909,2,train
10920,2,train
11179,2,train
11275,2,train
11276,2,train
11296,2,train
11365,2,train
11517,2,train
11533,2,train
12081,2,train
12470,2,train
12593,2,train
12936,2,train
13002,2,train
13436,2,train
13487,2,train
13770,2,train
13892,2,train
13979,2,train
14285,2,train
14713,2,train
14988,2,train
14999,2,train
15054,2,train
15236,2,train
15491,2,train
15677,2,train
16840,2,train
16899,2,train
17376,2,train
17807,2,train
18347,2,train
18416,2,train
18608,2,train
18829,2,train
18944,2,train
18970,2,train
19561,2,train
19715,2,train
20213,2,train
20394,2,train
21126,2,train
21241,2,train
21365,2,train
89,2,train
222,2,train
590,2,train
955,2,train
1181,2,train
1207,2,train
1290,2,train
1704,2,train
1724,2,train
1833,2,train
2139,2,train
2169,2,train
2183,2,train
2200,2,train
2363,2,train
2516,2,train
2825,2,train
2953,2,train
2985,2,train
3444,2,train
3661,2,train
3940,2,train
4761,2,train
4814,2,train
5131,2,train
5262,2,train
5510,2,train
5560,2,train
5732,2,train
6120,2,train
8133,2,train
9143,2,train
9160,2,train
9652,2,train
9724,2,train
9990,2,train
10093,2,train
10445,2,train
10592,2,train
11137,2,train
11201,2,train
11383,2,train
11559,2,train
11659,2,train
11962,2,train
12752,2,train
13140,2,train
13614,2,train
13655,2,train
13769,2,train
14083,2,train
14312,2,train
14531,2,train
15358,2,train
15470,2,train
15511,2,train
15717,2,train
16064,2,train
16222,2,train
16223,2,train
16298,2,train
16324,2,train
16612,2,train
16922,2,train
17334,2,train
17427,2,train
17576,2,train
17641,2,train
17660,2,train
18930,2,train
19108,2,train
19268,2,train
19781,2,train
20057,2,train
20549,2,train
20743,2,train
20840,2,train
20853,2,train
21302,2,train
184,2,train
285,2,train
327,2,train
388,2,train
1163,2,train
1219,2,train
1367,2,train
1402,2,train
1612,2,train
1901,2,train
1946,2,train
1985,2,train
2009,2,train
2137,2,train
2287,2,train
2726,2,train
3151,2,train
3641,2,train
3821,2,train
3949,2,train
3961,2,train
4426,2,train
4997,2,train
5537,2,train
5542,2,train
5902,2,train
6179,2,train
6494,2,train
7180,2,train
7737,2,train
7963,2,train
8124,2,train
8658,2,train
8794,2,train
9142,2,train
9383,2,train
10127,2,train
10210,2,train
10488,2,train
11085,2,train
11311,2,train
11320,2,train
13148,2,train
13493,2,train
13766,2,train
13870,2,train
13966,2,train
13992,2,train
14138,2,train
14257,2,train
14429,2,train
14693,2,train
14749,2,train
14798,2,train
14914,2,train
15197,2,train
15529,2,train
15601,2,train
15783,2,train
15854,2,train
15893,2,train
16093,2,train
16210,2,train
16348,2,train
16745,2,train
16913,2,train
17123,2,train
17466,2,train
17737,2,train
17799,2,train
17802,2,train
18064,2,train
18603,2,train
18819,2,train
18884,2,train
19205,2,train
19406,2,train
20383,2,train
20478,2,train
20744,2,train
20851,2,train
21212,2,train
521,2,train
4775,2,train
4810,2,train
6751,2,train
15516,2,train
3350,2,train
20657,2,train
95,2,train
431,2,train
711,2,train
808,2,train
957,2,train
1555,2,train
1776,2,train
2014,2,train
2857,2,train
2866,2,train
3957,2,train
4315,2,train
4854,2,train
5289,2,train
5311,2,train
5397,2,train
5459,2,train
5487,2,train
5582,2,train
5597,2,train
5921,2,train
6266,2,train
6319,2,train
6512,2,train
6537,2,train
6551,2,train
6674,2,train
6768,2,train
6851,2,train
6919,2,train
7492,2,train
7733,2,train
7829,2,train
8253,2,train
8596,2,train
8723,2,train
8788,2,train
10130,2,train
10455,2,train
10942,2,train
10988,2,train
11282,2,train
11979,2,train
12638,2,train
12857,2,train
12906,2,train
13019,2,train
13042,2,train
13275,2,train
13582,2,train
13686,2,train
14042,2,train
14131,2,train
14161,2,train
14787,2,train
14851,2,train
14981,2,train
15449,2,train
15814,2,train
15864,2,train
16111,2,train
16648,2,train
16710,2,train
16766,2,train
18627,2,train
18681,2,train
18883,2,train
19132,2,train
19194,2,train
20126,2,train
20584,2,train
21000,2,train
21192,2,train
21322,2,train
66,2,train
342,2,train
415,2,train
1014,2,train
1128,2,train
1190,2,train
1285,2,train
1324,2,train
1340,2,train
1635,2,train
1723,2,train
1767,2,train
1984,2,train
2316,2,train
2377,2,train
2783,2,train
2791,2,train
3243,2,train
3670,2,train
3727,2,train
3787,2,train
4490,2,train
4546,2,train
4744,2,train
4768,2,train
5762,2,train
6189,2,train
6309,2,train
6322,2,train
6556,2,train
6610,2,train
6652,2,train
6775,2,train
7342,2,train
7653,2,train
7685,2,train
7895,2,train
7929,2,train
7980,2,train
8001,2,train
8007,2,train
8120,2,train
8211,2,train
8975,2,train
9006,2,train
9569,2,train
9943,2,train
10117,2,train
10321,2,train
10499,2,train
10532,2,train
10600,2,train
10766,2,train
10916,2,train
11169,2,train
11902,2,train
12310,2,train
12450,2,train
12839,2,train
12840,2,train
13421,2,train
13526,2,train
13575,2,train
13697,2,train
13949,2,train
14108,2,train
14419,2,train
14580,2,train
14815,2,train
15263,2,train
15716,2,train
15856,2,train
16213,2,train
16427,2,train
16572,2,train
16699,2,train
16898,2,train
17367,2,train
17404,2,train
17606,2,train
17720,2,train
18367,2,train
18527,2,train
18691,2,train
18764,2,train
19152,2,train
19271,2,train
19644,2,train
19770,2,train
19870,2,train
20078,2,train
20197,2,train
20304,2,train
20525,2,train
727,2,train
912,2,train
1247,2,train
1270,2,train
1475,2,train
1648,2,train
2088,2,train
2294,2,train
2311,2,train
2654,2,train
2742,2,train
3018,2,train
3074,2,train
3410,2,train
3535,2,train
3631,2,train
4063,2,train
4516,2,train
5237,2,train
5512,2,train
5644,2,train
5948,2,train
6035,2,train
6248,2,train
6465,2,train
7296,2,train
7373,2,train
7770,2,train
7799,2,train
7852,2,train
8083,2,train
8746,2,train
9082,2,train
9184,2,train
9255,2,train
9385,2,train
9605,2,train
9801,2,train
9926,2,train
10075,2,train
10418,2,train
10557,2,train
10888,2,train
11049,2,train
11252,2,train
11289,2,train
11836,2,train
12183,2,train
12212,2,train
12528,2,train
12582,2,train
12923,2,train
12986,2,train
13117,2,train
13120,2,train
14375,2,train
14548,2,train
14956,2,train
15169,2,train
15436,2,train
15460,2,train
15636,2,train
15774,2,train
15876,2,train
16827,2,train
17259,2,train
17530,2,train
17798,2,train
17881,2,train
18170,2,train
18255,2,train
18650,2,train
18769,2,train
18885,2,train
18927,2,train
19118,2,train
19384,2,train
19472,2,train
19517,2,train
19930,2,train
20024,2,train
20055,2,train
20570,2,train
21030,2,train
21081,2,train
21589,2,train
409,2,train
543,2,train
761,2,train
827,2,train
833,2,train
1208,2,train
1490,2,train
1525,2,train
1679,2,train
1818,2,train
1870,2,train
2158,2,train
2460,2,train
2819,2,train
2902,2,train
3045,2,train
3157,2,train
3441,2,train
3628,2,train
3886,2,train
4015,2,train
4432,2,train
4743,2,train
4789,2,train
4803,2,train
5055,2,train
5101,2,train
5719,2,train
6019,2,train
6034,2,train
6128,2,train
6713,2,train
6984,2,train
7287,2,train
7566,2,train
7749,2,train
7779,2,train
7864,2,train
8152,2,train
8358,2,train
8470,2,train
9025,2,train
9176,2,train
9855,2,train
10026,2,train
10800,2,train
10928,2,train
11556,2,train
11619,2,train
11639,2,train
11745,2,train
11868,2,train
12073,2,train
12787,2,train
13221,2,train
13489,2,train
13573,2,train
13585,2,train
13616,2,train
13630,2,train
13882,2,train
13937,2,train
14281,2,train
14447,2,train
15255,2,train
15257,2,train
15679,2,train
15761,2,train
16501,2,train
17667,2,train
17890,2,train
17931,2,train
18301,2,train
18822,2,train
18966,2,train
19017,2,train
19136,2,train
19365,2,train
19719,2,train
20020,2,train
20829,2,train
20922,2,train
20941,2,train
20982,2,train
21056,2,train
21259,2,train
21290,2,train
21319,2,train
70,2,train
97,2,train
192,2,train
405,2,train
633,2,train
671,2,train
883,2,train
1832,2,train
2132,2,train
2175,2,train
2202,2,train
2967,2,train
3542,2,train
3617,2,train
3684,2,train
3751,2,train
3888,2,train
4932,2,train
5211,2,train
5623,2,train
6464,2,train
6785,2,train
6913,2,train
7107,2,train
7454,2,train
7522,2,train
7805,2,train
8045,2,train
8147,2,train
8650,2,train
8787,2,train
8984,2,train
9029,2,train
9663,2,train
9864,2,train
9968,2,train
10085,2,train
10187,2,train
10614,2,train
11802,2,train
11814,2,train
12889,2,train
14054,2,train
14333,2,train
15175,2,train
15875,2,train
16057,2,train
16382,2,train
17362,2,train
17695,2,train
17985,2,train
19160,2,train
19556,2,train
20169,2,train
20275,2,train
20815,2,train
20927,2,train
21122,2,train
21480,2,train
6349,2,train
10648,2,train
14736,2,train
17041,2,train
17520,2,train
15019,2,train
16182,2,train
18636,2,train
18931,2,train
1047,2,train
1311,2,train
1669,2,train
1980,2,train
2044,2,train
2163,2,train
2225,2,train
2315,2,train
2403,2,train
2604,2,train
2916,2,train
3797,2,train
4238,2,train
4404,2,train
4413,2,train
4841,2,train
4855,2,train
4907,2,train
5125,2,train
5294,2,train
5380,2,train
6277,2,train
6330,2,train
7001,2,train
7307,2,train
7359,2,train
7714,2,train
7957,2,train
8338,2,train
8706,2,train
8956,2,train
9119,2,train
9265,2,train
9607,2,train
9685,2,train
10335,2,train
10591,2,train
10913,2,train
11494,2,train
11724,2,train
11846,2,train
11976,2,train
12180,2,train
12207,2,train
12654,2,train
12837,2,train
13057,2,train
13202,2,train
13356,2,train
13707,2,train
14127,2,train
14154,2,train
14659,2,train
14702,2,train
14864,2,train
15144,2,train
15316,2,train
15597,2,train
16624,2,train
17591,2,train
17789,2,train
17997,2,train
18203,2,train
18678,2,train
18692,2,train
18783,2,train
18918,2,train
18978,2,train
19171,2,train
19657,2,train
19743,2,train
19759,2,train
19973,2,train
19976,2,train
21395,2,train
21599,2,train
50,2,train
112,2,train
330,2,train
380,2,train
435,2,train
439,2,train
962,2,train
983,2,train
1138,2,train
1305,2,train
2061,2,train
2147,2,train
2246,2,train
2370,2,train
2515,2,train
2537,2,train
2702,2,train
2876,2,train
2975,2,train
3165,2,train
3228,2,train
3336,2,train
3521,2,train
3788,2,train
4127,2,train
4218,2,train
4341,2,train
5297,2,train
5905,2,train
6044,2,train
6164,2,train
6471,2,train
6594,2,train
6693,2,train
6744,2,train
6793,2,train
7303,2,train
7849,2,train
7941,2,train
8229,2,train
8552,2,train
8556,2,train
8665,2,train
8820,2,train
8837,2,train
8861,2,train
8881,2,train
9021,2,train
9250,2,train
9311,2,train
9395,2,train
9518,2,train
9940,2,train
10232,2,train
11149,2,train
11650,2,train
11705,2,train
11981,2,train
12039,2,train
12220,2,train
12545,2,train
12698,2,train
13122,2,train
13177,2,train
13859,2,train
14056,2,train
14130,2,train
14411,2,train
14514,2,train
14549,2,train
14616,2,train
14826,2,train
15014,2,train
15364,2,train
15752,2,train
15786,2,train
16538,2,train
17093,2,train
17107,2,train
17634,2,train
17640,2,train
17828,2,train
18080,2,train
18141,2,train
18219,2,train
18298,2,train
18934,2,train
18990,2,train
19364,2,train
20688,2,train
20769,2,train
364,2,train
391,2,train
497,2,train
731,2,train
743,2,train
996,2,train
1342,2,train
1378,2,train
1414,2,train
1559,2,train
3110,2,train
3216,2,train
4303,2,train
4929,2,train
5586,2,train
6102,2,train
6268,2,train
6580,2,train
6925,2,train
7283,2,train
7707,2,train
7715,2,train
7836,2,train
7921,2,train
7933,2,train
8176,2,train
8573,2,train
8876,2,train
9111,2,train
9747,2,train
9950,2,train
10641,2,train
10797,2,train
10967,2,train
11239,2,train
11266,2,train
11785,2,train
11920,2,train
11956,2,train
12483,2,train
12531,2,train
12667,2,train
12704,2,train
13289,2,train
13801,2,train
13970,2,train
14009,2,train
14432,2,train
14498,2,train
14533,2,train
14620,2,train
14638,2,train
14674,2,train
14691,2,train
15139,2,train
15325,2,train
15627,2,train
15648,2,train
16048,2,train
16189,2,train
16274,2,train
16508,2,train
17150,2,train
17555,2,train
17711,2,train
17902,2,train
17948,2,train
18177,2,train
18971,2,train
20393,2,train
20809,2,train
20839,2,train
21487,2,train
223,2,train
713,2,train
724,2,train
1754,2,train
1912,2,train
1954,2,train
2186,2,train
2539,2,train
2739,2,train
2815,2,train
2817,2,train
2963,2,train
3036,2,train
3169,2,train
3630,2,train
3871,2,train
3876,2,train
4186,2,train
4353,2,train
5356,2,train
6235,2,train
6417,2,train
6562,2,train
6828,2,train
6856,2,train
6871,2,train
6944,2,train
8547,2,train
8745,2,train
8770,2,train
8862,2,train
8919,2,train
9039,2,train
9171,2,train
9211,2,train
9371,2,train
9426,2,train
9870,2,train
10092,2,train
10235,2,train
10481,2,train
10660,2,train
11828,2,train
12813,2,train
12963,2,train
12972,2,train
13506,2,train
14129,2,train
14216,2,train
14388,2,train
14628,2,train
15030,2,train
15265,2,train
15345,2,train
15445,2,train
15475,2,train
16078,2,train
16338,2,train
16574,2,train
16797,2,train
16911,2,train
17201,2,train
17663,2,train
18420,2,train
18612,2,train
18848,2,train
19645,2,train
20239,2,train
20308,2,train
20354,2,train
20533,2,train
20632,2,train
20666,2,train
20740,2,train
20825,2,train
20965,2,train
20975,2,train
21069,2,train
21409,2,train
206,2,train
434,2,train
871,2,train
913,2,train
1466,2,train
1565,2,train
1907,2,train
1965,2,train
2255,2,train
2426,2,train
2535,2,train
2832,2,train
3064,2,train
3401,2,train
3527,2,train
3597,2,train
3772,2,train
4057,2,train
4080,2,train
4129,2,train
4162,2,train
4511,2,train
4866,2,train
5034,2,train
5121,2,train
5286,2,train
5372,2,train
6677,2,train
6892,2,train
7065,2,train
8095,2,train
8187,2,train
8751,2,train
8760,2,train
9055,2,train
9254,2,train
9410,2,train
9470,2,train
10058,2,train
10585,2,train
11046,2,train
11058,2,train
12437,2,train
12612,2,train
13104,2,train
13381,2,train
13454,2,train
13653,2,train
13877,2,train
14753,2,train
15261,2,train
16238,2,train
16464,2,train
16505,2,train
17357,2,train
17371,2,train
17547,2,train
17766,2,train
18288,2,train
18516,2,train
18583,2,train
18915,2,train
19149,2,train
19368,2,train
19424,2,train
20442,2,train
20636,2,train
20640,2,train
20673,2,train
20819,2,train
20863,2,train
20914,2,train
20946,2,train
21233,2,train
21415,2,train
21446,2,train
9106,2,train
11367,2,train
12068,2,train
17840,2,train
21291,2,train
11471,2,train
12136,2,train
12685,2,train
19967,2,train
20567,2,train
351,2,train
617,2,train
697,2,train
958,2,train
1126,2,train
1527,2,train
1658,2,train
2036,2,train
2335,2,train
2364,2,train
2559,2,train
2594,2,train
2732,2,train
2744,2,train
2948,2,train
2958,2,train
3090,2,train
3172,2,train
4193,2,train
4634,2,train
5530,2,train
5588,2,train
6376,2,train
6468,2,train
7012,2,train
7015,2,train
7324,2,train
7432,2,train
8118,2,train
8968,2,train
9369,2,train
9386,2,train
9695,2,train
9921,2,train
10228,2,train
10275,2,train
10674,2,train
11409,2,train
11435,2,train
11440,2,train
11459,2,train
12097,2,train
12311,2,train
12473,2,train
12778,2,train
12817,2,train
13068,2,train
13383,2,train
13913,2,train
14024,2,train
14050,2,train
14266,2,train
14270,2,train
14491,2,train
14538,2,train
14567,2,train
14598,2,train
14704,2,train
14894,2,train
15654,2,train
15673,2,train
15731,2,train
15965,2,train
16225,2,train
16297,2,train
16299,2,train
16331,2,train
16361,2,train
16591,2,train
16769,2,train
16940,2,train
16980,2,train
17926,2,train
17937,2,train
17981,2,train
18065,2,train
18089,2,train
18167,2,train
18237,2,train
18467,2,train
18487,2,train
18561,2,train
19203,2,train
19332,2,train
19454,2,train
20135,2,train
20249,2,train
20680,2,train
21404,2,train
21455,2,train
250,2,train
440,2,train
548,2,train
691,2,train
1429,2,train
1497,2,train
2143,2,train
2396,2,train
2530,2,train
2635,2,train
2736,2,train
2768,2,train
2855,2,train
2906,2,train
3113,2,train
3351,2,train
3366,2,train
3711,2,train
3872,2,train
4589,2,train
4622,2,train
5933,2,train
6077,2,train
6250,2,train
6796,2,train
6901,2,train
7073,2,train
7178,2,train
7212,2,train
7241,2,train
7388,2,train
7462,2,train
7728,2,train
7880,2,train
7891,2,train
7907,2,train
8503,2,train
8646,2,train
8948,2,train
9001,2,train
9497,2,train
9668,2,train
9882,2,train
9913,2,train
9930,2,train
10039,2,train
10070,2,train
10181,2,train
10319,2,train
10435,2,train
10462,2,train
10764,2,train
10925,2,train
10944,2,train
11082,2,train
11163,2,train
11292,2,train
11445,2,train
11700,2,train
11760,2,train
11863,2,train
12002,2,train
12062,2,train
12284,2,train
12458,2,train
12564,2,train
12665,2,train
12838,2,train
12859,2,train
12955,2,train
13045,2,train
13052,2,train
13109,2,train
13159,2,train
13544,2,train
13760,2,train
14119,2,train
14194,2,train
14588,2,train
14654,2,train
14701,2,train
15225,2,train
15302,2,train
15378,2,train
15431,2,train
15542,2,train
16311,2,train
16577,2,train
16817,2,train
17266,2,train
17821,2,train
18304,2,train
19119,2,train
20002,2,train
20017,2,train
20264,2,train
20751,2,train
20890,2,train
20909,2,train
21383,2,train
21399,2,train
104,2,train
634,2,train
688,2,train
999,2,train
1409,2,train
1486,2,train
1816,2,train
1817,2,train
1857,2,train
2000,2,train
2383,2,train
2779,2,train
3192,2,train
3286,2,train
3325,2,train
3570,2,train
3647,2,train
3960,2,train
3979,2,train
4021,2,train
4213,2,train
4383,2,train
4745,2,train
4971,2,train
5663,2,train
5734,2,train
5915,2,train
6262,2,train
6389,2,train
6596,2,train
6626,2,train
6647,2,train
6978,2,train
7017,2,train
7048,2,train
7459,2,train
7612,2,train
7938,2,train
8053,2,train
8054,2,train
8709,2,train
9078,2,train
9351,2,train
9363,2,train
9448,2,train
10274,2,train
10365,2,train
10448,2,train
11645,2,train
11856,2,train
11978,2,train
12336,2,train
12731,2,train
12760,2,train
12784,2,train
12946,2,train
12953,2,train
12974,2,train
13452,2,train
13509,2,train
13624,2,train
13687,2,train
13843,2,train
13923,2,train
14273,2,train
14371,2,train
14689,2,train
14934,2,train
15538,2,train
15552,2,train
15860,2,train
15944,2,train
16017,2,train
16089,2,train
16140,2,train
16284,2,train
16470,2,train
16484,2,train
16760,2,train
16807,2,train
16863,2,train
17212,2,train
17350,2,train
17536,2,train
17616,2,train
17800,2,train
17949,2,train
18038,2,train
18084,2,train
18332,2,train
18344,2,train
19039,2,train
19300,2,train
19700,2,train
20075,2,train
20168,2,train
20396,2,train
20548,2,train
273,2,train
612,2,train
1269,2,train
1507,2,train
1926,2,train
2068,2,train
2371,2,train
2706,2,train
3032,2,train
3253,2,train
3322,2,train
3868,2,train
4283,2,train
4562,2,train
4585,2,train
4862,2,train
4887,2,train
4947,2,train
5578,2,train
5633,2,train
6052,2,train
6364,2,train
6736,2,train
6957,2,train
7122,2,train
7508,2,train
7664,2,train
8064,2,train
8484,2,train
8891,2,train
9226,2,train
9268,2,train
9631,2,train
9873,2,train
9901,2,train
9966,2,train
10186,2,train
10375,2,train
10391,2,train
10397,2,train
11144,2,train
11490,2,train
11565,2,train
11628,2,train
11727,2,train
12706,2,train
12801,2,train
13017,2,train
13226,2,train
13300,2,train
13507,2,train
14148,2,train
14347,2,train
14803,2,train
15418,2,train
15510,2,train
15905,2,train
16234,2,train
16366,2,train
16569,2,train
16703,2,train
16874,2,train
17110,2,train
17181,2,train
18027,2,train
18112,2,train
18456,2,train
18497,2,train
18518,2,train
18524,2,train
18535,2,train
18739,2,train
19328,2,train
19483,2,train
20576,2,train
20834,2,train
21130,2,train
21289,2,train
21343,2,train
21475,2,train
797,2,train
1018,2,train
1307,2,train
1585,2,train
1769,2,train
2033,2,train
2154,2,train
2484,2,train
2566,2,train
2807,2,train
3477,2,train
3504,2,train
3581,2,train
3668,2,train
4034,2,train
4208,2,train
4249,2,train
4291,2,train
4312,2,train
4370,2,train
4500,2,train
4824,2,train
5157,2,train
5188,2,train
5484,2,train
5659,2,train
5670,2,train
5801,2,train
6395,2,train
6889,2,train
6958,2,train
7358,2,train
7386,2,train
7467,2,train
7512,2,train
7790,2,train
7888,2,train
7951,2,train
8141,2,train
8335,2,train
8691,2,train
8783,2,train
8823,2,train
8877,2,train
8920,2,train
8976,2,train
9245,2,train
9594,2,train
9933,2,train
9995,2,train
10268,2,train
10419,2,train
10453,2,train
10535,2,train
10580,2,train
10964,2,train
12016,2,train
12954,2,train
13701,2,train
13918,2,train
14030,2,train
14540,2,train
14661,2,train
15114,2,train
15530,2,train
15565,2,train
15723,2,train
16044,2,train
16074,2,train
16335,2,train
16938,2,train
17275,2,train
17441,2,train
17559,2,train
17682,2,train
18577,2,train
19207,2,train
19352,2,train
19405,2,train
19439,2,train
19452,2,train
19550,2,train
19696,2,train
19905,2,train
20112,2,train
20155,2,train
20824,2,train
20879,2,train
21012,2,train
2399,2,train
4199,2,train
7011,2,train
13525,2,train
17595,2,train
7460,2,train
20709,2,train
21445,2,train
174,2,train
246,2,train
254,2,train
266,2,train
1357,2,train
1382,2,train
1494,2,train
1890,2,train
2056,2,train
2271,2,train
2357,2,train
2641,2,train
2691,2,train
2812,2,train
3020,2,train
3068,2,train
3294,2,train
3666,2,train
4107,2,train
4540,2,train
5087,2,train
5647,2,train
5876,2,train
7096,2,train
7201,2,train
8017,2,train
8111,2,train
8113,2,train
8593,2,train
8608,2,train
8737,2,train
8845,2,train
8874,2,train
8887,2,train
9009,2,train
9258,2,train
9788,2,train
10032,2,train
10742,2,train
10861,2,train
11064,2,train
11140,2,train
11483,2,train
11933,2,train
12033,2,train
12174,2,train
12228,2,train
12260,2,train
12468,2,train
12486,2,train
13353,2,train
13699,2,train
14016,2,train
14097,2,train
14279,2,train
14863,2,train
15150,2,train
15237,2,train
15640,2,train
15695,2,train
15729,2,train
15847,2,train
16425,2,train
17162,2,train
17240,2,train
17420,2,train
17535,2,train
17538,2,train
18043,2,train
18758,2,train
18779,2,train
18987,2,train
19080,2,train
19953,2,train
20083,2,train
20103,2,train
20434,2,train
20551,2,train
20641,2,train
20757,2,train
20778,2,train
21355,2,train
588,2,train
644,2,train
667,2,train
678,2,train
1659,2,train
2008,2,train
2973,2,train
3412,2,train
3418,2,train
3590,2,train
3904,2,train
4252,2,train
4996,2,train
5014,2,train
5064,2,train
5070,2,train
5278,2,train
5390,2,train
5712,2,train
5750,2,train
5787,2,train
5963,2,train
6016,2,train
6522,2,train
6628,2,train
6685,2,train
7234,2,train
7982,2,train
8130,2,train
9014,2,train
10057,2,train
10306,2,train
10496,2,train
10931,2,train
11982,2,train
12976,2,train
13304,2,train
13634,2,train
14112,2,train
14617,2,train
15022,2,train
15887,2,train
15961,2,train
16158,2,train
16690,2,train
17738,2,train
18000,2,train
18140,2,train
19584,2,train
19634,2,train
19771,2,train
19991,2,train
20137,2,train
20315,2,train
21555,2,train
241,2,train
367,2,train
986,2,train
1185,2,train
1496,2,train
1732,2,train
1969,2,train
1988,2,train
2006,2,train
2086,2,train
2698,2,train
2731,2,train
3009,2,train
3345,2,train
3547,2,train
3829,2,train
4008,2,train
4055,2,train
4060,2,train
4184,2,train
4189,2,train
4329,2,train
4917,2,train
4962,2,train
5219,2,train
5553,2,train
6192,2,train
6202,2,train
6373,2,train
6762,2,train
6839,2,train
6982,2,train
7550,2,train
7777,2,train
8257,2,train
8366,2,train
8472,2,train
9957,2,train
9972,2,train
9983,2,train
10260,2,train
10713,2,train
10724,2,train
11508,2,train
12412,2,train
12623,2,train
13028,2,train
13098,2,train
13580,2,train
13791,2,train
14287,2,train
14492,2,train
14974,2,train
15668,2,train
15755,2,train
15916,2,train
16204,2,train
16765,2,train
16834,2,train
17004,2,train
17369,2,train
17723,2,train
17855,2,train
18193,2,train
18406,2,train
18537,2,train
18730,2,train
18963,2,train
19156,2,train
19226,2,train
19321,2,train
19669,2,train
19873,2,train
19915,2,train
19960,2,train
20012,2,train
20074,2,train
20380,2,train
20841,2,train
20858,2,train
20912,2,train
21204,2,train
21516,2,train
293,2,train
597,2,train
823,2,train
1080,2,train
1159,2,train
1192,2,train
2192,2,train
3099,2,train
3575,2,train
3893,2,train
4502,2,train
4542,2,train
4651,2,train
4868,2,train
5300,2,train
5344,2,train
5679,2,train
5812,2,train
6492,2,train
6588,2,train
7023,2,train
7291,2,train
7615,2,train
7751,2,train
8566,2,train
8579,2,train
8675,2,train
9285,2,train
9377,2,train
9543,2,train
9846,2,train
10137,2,train
10905,2,train
11081,2,train
11394,2,train
11468,2,train
11609,2,train
12469,2,train
12476,2,train
12854,2,train
13397,2,train
13905,2,train
14235,2,train
14596,2,train
14735,2,train
14773,2,train
15584,2,train
15730,2,train
15773,2,train
15821,2,train
15827,2,train
17156,2,train
17928,2,train
18055,2,train
18119,2,train
18150,2,train
18358,2,train
18419,2,train
19199,2,train
19227,2,train
19248,2,train
19296,2,train
19559,2,train
19672,2,train
19766,2,train
20474,2,train
20490,2,train
20581,2,train
20823,2,train
20830,2,train
21014,2,train
21044,2,train
21135,2,train
21591,2,train
159,2,train
1622,2,train
2198,2,train
2261,2,train
2620,2,train
3423,2,train
3850,2,train
4145,2,train
4259,2,train
4280,2,train
4450,2,train
4551,2,train
5577,2,train
5600,2,train
6163,2,train
6232,2,train
7775,2,train
8188,2,train
8555,2,train
8980,2,train
9053,2,train
9136,2,train
9431,2,train
9592,2,train
9814,2,train
9976,2,train
10051,2,train
10303,2,train
10478,2,train
10615,2,train
10631,2,train
11028,2,train
11310,2,train
12194,2,train
12728,2,train
13038,2,train
13124,2,train
13368,2,train
13384,2,train
13392,2,train
13402,2,train
13428,2,train
13593,2,train
14643,2,train
14952,2,train
15615,2,train
15931,2,train
16202,2,train
16759,2,train
16789,2,train
17043,2,train
17218,2,train
17352,2,train
18339,2,train
18667,2,train
19236,2,train
19574,2,train
19692,2,train
20044,2,train
20214,2,train
20466,2,train
21162,2,train
21427,2,train
21471,2,train
21556,2,train
4146,2,train
4852,2,train
6043,2,train
10524,2,train
2631,2,train
6007,2,train
6505,2,train
357,2,train
735,2,train
796,2,train
1502,2,train
2471,2,train
2955,2,train
3244,2,train
4017,2,train
4365,2,train
4701,2,train
5342,2,train
5751,2,train
5894,2,train
5959,2,train
6002,2,train
6058,2,train
6173,2,train
7269,2,train
8439,2,train
8553,2,train
8554,2,train
8590,2,train
9007,2,train
9318,2,train
9782,2,train
9945,2,train
10233,2,train
10370,2,train
10651,2,train
10793,2,train
10856,2,train
11228,2,train
11924,2,train
12047,2,train
12124,2,train
12129,2,train
12386,2,train
12556,2,train
12987,2,train
13363,2,train
13717,2,train
14340,2,train
14349,2,train
14720,2,train
14728,2,train
14927,2,train
14971,2,train
15112,2,train
15687,2,train
15988,2,train
16007,2,train
16117,2,train
16398,2,train
16635,2,train
17565,2,train
17917,2,train
18197,2,train
18445,2,train
18451,2,train
18640,2,train
18965,2,train
19966,2,train
20042,2,train
20408,2,train
20605,2,train
21165,2,train
21268,2,train
21367,2,train
13,2,train
103,2,train
270,2,train
335,2,train
907,2,train
938,2,train
1394,2,train
1432,2,train
1656,2,train
2100,2,train
2454,2,train
2908,2,train
2912,2,train
3028,2,train
3268,2,train
3599,2,train
3634,2,train
3896,2,train
4024,2,train
4029,2,train
4035,2,train
4543,2,train
4557,2,train
4672,2,train
4977,2,train
5225,2,train
5336,2,train
5880,2,train
6224,2,train
6297,2,train
6885,2,train
6894,2,train
7043,2,train
7215,2,train
7253,2,train
7706,2,train
7735,2,train
7742,2,train
7773,2,train
8576,2,train
8639,2,train
8917,2,train
9041,2,train
9237,2,train
9336,2,train
9405,2,train
9445,2,train
9812,2,train
9910,2,train
9987,2,train
10097,2,train
10283,2,train
10406,2,train
10640,2,train
10695,2,train
10839,2,train
11499,2,train
11588,2,train
11652,2,train
11653,2,train
12322,2,train
12495,2,train
13123,2,train
13561,2,train
13610,2,train
13925,2,train
14007,2,train
14306,2,train
14541,2,train
14884,2,train
15091,2,train
15120,2,train
15271,2,train
16244,2,train
16677,2,train
16700,2,train
16935,2,train
17639,2,train
17732,2,train
17809,2,train
17993,2,train
18506,2,train
19340,2,train
19807,2,train
19854,2,train
20014,2,train
20654,2,train
20966,2,train
21092,2,train
21109,2,train
21543,2,train
529,2,train
1174,2,train
1351,2,train
1549,2,train
1725,2,train
2098,2,train
2111,2,train
2404,2,train
2969,2,train
3134,2,train
3176,2,train
3429,2,train
3573,2,train
3712,2,train
3900,2,train
3990,2,train
4544,2,train
4588,2,train
5456,2,train
5507,2,train
5715,2,train
5772,2,train
6619,2,train
6786,2,train
6857,2,train
6912,2,train
7036,2,train
7416,2,train
7428,2,train
7611,2,train
7629,2,train
7699,2,train
7975,2,train
8097,2,train
8254,2,train
8428,2,train
9626,2,train
9809,2,train
9906,2,train
10082,2,train
10227,2,train
10258,2,train
10346,2,train
10392,2,train
10609,2,train
10813,2,train
11654,2,train
12046,2,train
12616,2,train
12881,2,train
13086,2,train
13224,2,train
13868,2,train
13957,2,train
14499,2,train
14623,2,train
15081,2,train
15333,2,train
16374,2,train
16887,2,train
17921,2,train
18060,2,train
18579,2,train
19126,2,train
19500,2,train
19935,2,train
20205,2,train
20363,2,train
20454,2,train
20593,2,train
20800,2,train
21155,2,train
21201,2,train
21414,2,train
67,2,train
448,2,train
600,2,train
628,2,train
699,2,train
793,2,train
1168,2,train
1230,2,train
1405,2,train
2262,2,train
3158,2,train
3275,2,train
3398,2,train
3479,2,train
3906,2,train
5004,2,train
5080,2,train
5678,2,train
5995,2,train
5996,2,train
6185,2,train
6467,2,train
6664,2,train
6717,2,train
6909,2,train
7250,2,train
7263,2,train
7338,2,train
7370,2,train
7609,2,train
7642,2,train
7658,2,train
7716,2,train
8136,2,train
8800,2,train
9133,2,train
9323,2,train
9478,2,train
9496,2,train
9852,2,train
10134,2,train
10252,2,train
10733,2,train
10984,2,train
11270,2,train
11301,2,train
11658,2,train
11681,2,train
12063,2,train
12409,2,train
12446,2,train
12995,2,train
13001,2,train
13097,2,train
13115,2,train
13311,2,train
13327,2,train
13352,2,train
13400,2,train
13435,2,train
13943,2,train
14229,2,train
14529,2,train
15544,2,train
16149,2,train
16341,2,train
16787,2,train
16825,2,train
16956,2,train
17742,2,train
17793,2,train
17824,2,train
18096,2,train
18571,2,train
18859,2,train
18905,2,train
19138,2,train
19568,2,train
21564,2,train
851,2,train
911,2,train
1220,2,train
2637,2,train
2670,2,train
2758,2,train
3161,2,train
3167,2,train
3231,2,train
3333,2,train
4181,2,train
4364,2,train
4482,2,train
4663,2,train
5118,2,train
5241,2,train
5360,2,train
5378,2,train
5451,2,train
6198,2,train
6990,2,train
7322,2,train
7332,2,train
7441,2,train
7534,2,train
7776,2,train
7806,2,train
7970,2,train
7988,2,train
8131,2,train
8139,2,train
8707,2,train
9179,2,train
9504,2,train
9534,2,train
10390,2,train
11000,2,train
11056,2,train
11590,2,train
11704,2,train
11725,2,train
11916,2,train
12399,2,train
12507,2,train
12515,2,train
12897,2,train
12981,2,train
12983,2,train
13072,2,train
13107,2,train
13111,2,train
13366,2,train
13568,2,train
13605,2,train
13661,2,train
13814,2,train
13836,2,train
14334,2,train
14779,2,train
14781,2,train
15011,2,train
15279,2,train
15548,2,train
15629,2,train
15681,2,train
15721,2,train
15787,2,train
15973,2,train
15989,2,train
16003,2,train
16184,2,train
16332,2,train
16373,2,train
16404,2,train
17077,2,train
17252,2,train
17516,2,train
17830,2,train
17955,2,train
18019,2,train
18279,2,train
18651,2,train
19463,2,train
20520,2,train
20645,2,train
17296,2,train
19148,2,train
5298,2,train
13541,2,train
18501,2,train
0,2,train
76,2,train
542,2,train
551,2,train
684,2,train
990,2,train
1514,2,train
1546,2,train
1587,2,train
1886,2,train
1967,2,train
3502,2,train
4245,2,train
4942,2,train
4976,2,train
5182,2,train
5320,2,train
5569,2,train
6612,2,train
7252,2,train
7270,2,train
7541,2,train
8462,2,train
8758,2,train
8886,2,train
9252,2,train
9366,2,train
9619,2,train
9837,2,train
10182,2,train
10378,2,train
10423,2,train
10634,2,train
10649,2,train
12244,2,train
12520,2,train
12836,2,train
12850,2,train
13595,2,train
13823,2,train
14000,2,train
14450,2,train
14687,2,train
15232,2,train
15291,2,train
15446,2,train
16119,2,train
16400,2,train
16416,2,train
17192,2,train
17374,2,train
17426,2,train
17428,2,train
17884,2,train
17896,2,train
18249,2,train
19718,2,train
19981,2,train
20935,2,train
21080,2,train
21245,2,train
21598,2,train
199,2,train
454,2,train
473,2,train
707,2,train
1140,2,train
1289,2,train
1588,2,train
1599,2,train
1743,2,train
1771,2,train
2054,2,train
2193,2,train
2949,2,train
2997,2,train
3687,2,train
3832,2,train
4100,2,train
4149,2,train
4995,2,train
5038,2,train
5269,2,train
5866,2,train
5917,2,train
6275,2,train
6541,2,train
6937,2,train
7604,2,train
7655,2,train
7876,2,train
7946,2,train
8383,2,train
8569,2,train
8979,2,train
9120,2,train
9124,2,train
10053,2,train
10193,2,train
10300,2,train
10709,2,train
10756,2,train
11321,2,train
11330,2,train
11401,2,train
11537,2,train
12060,2,train
12201,2,train
12430,2,train
12664,2,train
12675,2,train
13093,2,train
13096,2,train
13524,2,train
13542,2,train
13644,2,train
13737,2,train
13790,2,train
14527,2,train
14904,2,train
14916,2,train
15065,2,train
15633,2,train
15685,2,train
16252,2,train
16365,2,train
16409,2,train
16920,2,train
17398,2,train
17464,2,train
18009,2,train
18142,2,train
18183,2,train
18447,2,train
18541,2,train
18622,2,train
18701,2,train
18887,2,train
19319,2,train
19816,2,train
19818,2,train
20109,2,train
20375,2,train
20410,2,train
20865,2,train
20875,2,train
21098,2,train
21286,2,train
21457,2,train
21499,2,train
21605,2,train
467,2,train
503,2,train
949,2,train
1522,2,train
2176,2,train
2321,2,train
3285,2,train
3329,2,train
3435,2,train
3844,2,train
4508,2,train
4720,2,train
4928,2,train
5327,2,train
5334,2,train
5937,2,train
5971,2,train
8297,2,train
8336,2,train
8395,2,train
8702,2,train
9230,2,train
9600,2,train
9982,2,train
10155,2,train
10205,2,train
10751,2,train
10786,2,train
11036,2,train
11073,2,train
11323,2,train
11436,2,train
11737,2,train
11865,2,train
12283,2,train
12331,2,train
12605,2,train
12961,2,train
13031,2,train
13486,2,train
13844,2,train
13847,2,train
14065,2,train
14106,2,train
14165,2,train
14360,2,train
14414,2,train
14794,2,train
15099,2,train
15958,2,train
16047,2,train
16051,2,train
16069,2,train
16384,2,train
16389,2,train
16459,2,train
16468,2,train
16666,2,train
16678,2,train
17929,2,train
18206,2,train
18303,2,train
18488,2,train
18675,2,train
18886,2,train
18942,2,train
19435,2,train
19783,2,train
19906,2,train
20159,2,train
20371,2,train
20373,2,train
20499,2,train
20752,2,train
20903,2,train
20984,2,train
21029,2,train
21251,2,train
21334,2,train
21426,2,train
21535,2,train
21569,2,train
21586,2,train
21600,2,train
21612,2,train
683,2,train
777,2,train
811,2,train
908,2,train
1188,2,train
1560,2,train
1640,2,train
3073,2,train
3806,2,train
3951,2,train
4244,2,train
4514,2,train
4619,2,train
4636,2,train
4985,2,train
5019,2,train
6321,2,train
6400,2,train
6709,2,train
7052,2,train
7214,2,train
7260,2,train
7521,2,train
7646,2,train
7704,2,train
8420,2,train
8805,2,train
8865,2,train
9174,2,train
9308,2,train
9452,2,train
9489,2,train
10169,2,train
10218,2,train
10290,2,train
10323,2,train
10593,2,train
10752,2,train
10791,2,train
10819,2,train
10838,2,train
11092,2,train
11128,2,train
11336,2,train
11461,2,train
12549,2,train
12570,2,train
12771,2,train
12819,2,train
13308,2,train
13612,2,train
14291,2,train
14361,2,train
14405,2,train
14455,2,train
14597,2,train
14719,2,train
15005,2,train
15204,2,train
15401,2,train
15435,2,train
15662,2,train
15970,2,train
15976,2,train
16046,2,train
16162,2,train
16469,2,train
16663,2,train
17155,2,train
17322,2,train
17525,2,train
17651,2,train
18234,2,train
18434,2,train
18689,2,train
18755,2,train
18835,2,train
19429,2,train
19709,2,train
19827,2,train
19885,2,train
19985,2,train
20115,2,train
20406,2,train
20422,2,train
20638,2,train
20706,2,train
21057,2,train
21350,2,train
272,2,train
286,2,train
343,2,train
598,2,train
1645,2,train
1916,2,train
2218,2,train
2793,2,train
3437,2,train
3677,2,train
3823,2,train
4016,2,train
4617,2,train
4910,2,train
4926,2,train
5420,2,train
5651,2,train
5769,2,train
6080,2,train
8898,2,train
9065,2,train
9305,2,train
9416,2,train
9558,2,train
10347,2,train
10354,2,train
10710,2,train
10732,2,train
10947,2,train
11094,2,train
11418,2,train
11457,2,train
11651,2,train
12253,2,train
12267,2,train
12304,2,train
12546,2,train
12637,2,train
13419,2,train
13468,2,train
13825,2,train
13855,2,train
13971,2,train
14200,2,train
14700,2,train
14785,2,train
15617,2,train
15878,2,train
15886,2,train
16008,2,train
16090,2,train
16212,2,train
16216,2,train
16259,2,train
16476,2,train
16506,2,train
16708,2,train
17016,2,train
17502,2,train
18069,2,train
18457,2,train
18729,2,train
18837,2,train
19032,2,train
19056,2,train
19113,2,train
19369,2,train
19419,2,train
19469,2,train
19545,2,train
19859,2,train
20203,2,train
20606,2,train
21594,2,train
1551,2,train
3550,2,train
6769,2,train
11770,2,train
16059,2,train
18437,2,train
3513,2,train
6352,2,train
8664,2,train
13064,2,train
256,2,train
798,2,train
1030,2,train
1164,2,train
1323,2,train
2590,2,train
2648,2,train
2847,2,train
2928,2,train
2951,2,train
3123,2,train
3236,2,train
3252,2,train
3439,2,train
3742,2,train
3760,2,train
4746,2,train
5290,2,train
5705,2,train
5991,2,train
6062,2,train
6253,2,train
6292,2,train
6577,2,train
6847,2,train
6860,2,train
7409,2,train
7669,2,train
8565,2,train
8592,2,train
9555,2,train
9593,2,train
9636,2,train
10104,2,train
10285,2,train
10454,2,train
10527,2,train
10877,2,train
10886,2,train
11076,2,train
11411,2,train
11434,2,train
11660,2,train
11991,2,train
12080,2,train
12610,2,train
12617,2,train
12898,2,train
12904,2,train
13137,2,train
13540,2,train
13635,2,train
13714,2,train
13816,2,train
13848,2,train
14158,2,train
14348,2,train
14490,2,train
14680,2,train
15248,2,train
15404,2,train
15748,2,train
16336,2,train
16446,2,train
16985,2,train
17190,2,train
17331,2,train
17478,2,train
17865,2,train
18116,2,train
18411,2,train
18477,2,train
18734,2,train
18823,2,train
19220,2,train
19391,2,train
19938,2,train
19988,2,train
20271,2,train
20859,2,train
21292,2,train
21474,2,train
21563,2,train
62,2,train
348,2,train
591,2,train
622,2,train
882,2,train
1064,2,train
1609,2,train
1751,2,train
1891,2,train
1934,2,train
2265,2,train
2390,2,train
2838,2,train
3255,2,train
3462,2,train
3476,2,train
3485,2,train
3824,2,train
4156,2,train
4279,2,train
4322,2,train
4327,2,train
4623,2,train
4721,2,train
5116,2,train
5474,2,train
5596,2,train
5840,2,train
6329,2,train
6477,2,train
6629,2,train
6842,2,train
7051,2,train
7308,2,train
7402,2,train
7861,2,train
7897,2,train
8080,2,train
8331,2,train
8455,2,train
8478,2,train
8925,2,train
9118,2,train
9688,2,train
9847,2,train
10624,2,train
10655,2,train
10943,2,train
11360,2,train
11547,2,train
11751,2,train
11780,2,train
12058,2,train
12485,2,train
12716,2,train
13408,2,train
13415,2,train
13709,2,train
13721,2,train
14134,2,train
14268,2,train
14402,2,train
14669,2,train
15096,2,train
15366,2,train
15760,2,train
15866,2,train
15884,2,train
16611,2,train
16627,2,train
16912,2,train
16991,2,train
17306,2,train
17658,2,train
17740,2,train
17816,2,train
18097,2,train
18538,2,train
18670,2,train
18772,2,train
18860,2,train
19708,2,train
19779,2,train
19982,2,train
20035,2,train
20920,2,train
21093,2,train
21195,2,train
21351,2,train
292,2,train
568,2,train
583,2,train
813,2,train
856,2,train
942,2,train
1001,2,train
1051,2,train
1459,2,train
1584,2,train
2004,2,train
2394,2,train
3107,2,train
3618,2,train
3694,2,train
3989,2,train
4093,2,train
4447,2,train
4681,2,train
5120,2,train
5204,2,train
5539,2,train
5817,2,train
5924,2,train
6734,2,train
6866,2,train
6867,2,train
6989,2,train
7117,2,train
7236,2,train
7486,2,train
7592,2,train
7824,2,train
7842,2,train
8403,2,train
8597,2,train
8848,2,train
9672,2,train
10036,2,train
10507,2,train
10689,2,train
10898,2,train
10938,2,train
11338,2,train
11521,2,train
11544,2,train
11631,2,train
11852,2,train
11870,2,train
12423,2,train
12442,2,train
12886,2,train
13083,2,train
13883,2,train
13927,2,train
14684,2,train
15040,2,train
15177,2,train
15311,2,train
15546,2,train
15582,2,train
15743,2,train
15956,2,train
16026,2,train
16550,2,train
16665,2,train
16824,2,train
17166,2,train
17967,2,train
18071,2,train
18185,2,train
18276,2,train
18293,2,train
18854,2,train
18968,2,train
19101,2,train
19776,2,train
20157,2,train
20259,2,train
219,2,train
311,2,train
321,2,train
916,2,train
1246,2,train
1913,2,train
2216,2,train
2228,2,train
2414,2,train
3149,2,train
3722,2,train
4152,2,train
4295,2,train
4986,2,train
5106,2,train
5156,2,train
5328,2,train
5358,2,train
5369,2,train
5403,2,train
5682,2,train
5951,2,train
5960,2,train
6804,2,train
6899,2,train
7170,2,train
8190,2,train
8754,2,train
9092,2,train
9325,2,train
9527,2,train
9552,2,train
10426,2,train
10825,2,train
10850,2,train
11561,2,train
11825,2,train
11849,2,train
12050,2,train
12447,2,train
12830,2,train
13277,2,train
13329,2,train
13371,2,train
13501,2,train
13536,2,train
14005,2,train
14113,2,train
14219,2,train
14387,2,train
14609,2,train
14797,2,train
14860,2,train
15156,2,train
15585,2,train
15978,2,train
16235,2,train
16240,2,train
16595,2,train
16843,2,train
17100,2,train
17271,2,train
17470,2,train
17813,2,train
17988,2,train
18285,2,train
18491,2,train
18679,2,train
18844,2,train
19247,2,train
19324,2,train
19449,2,train
19786,2,train
21220,2,train
21228,2,train
261,2,train
759,2,train
1231,2,train
1322,2,train
1592,2,train
2385,2,train
2387,2,train
3522,2,train
3702,2,train
3716,2,train
3846,2,train
3932,2,train
5711,2,train
5885,2,train
5901,2,train
5999,2,train
6422,2,train
6707,2,train
6840,2,train
7014,2,train
7496,2,train
7538,2,train
7703,2,train
7924,2,train
9272,2,train
9382,2,train
10239,2,train
10325,2,train
10337,2,train
10405,2,train
10616,2,train
10987,2,train
11420,2,train
11698,2,train
11702,2,train
11826,2,train
12017,2,train
12807,2,train
13213,2,train
14313,2,train
14634,2,train
14759,2,train
14791,2,train
15480,2,train
16002,2,train
16488,2,train
17188,2,train
17465,2,train
17488,2,train
17770,2,train
18348,2,train
20000,2,train
20065,2,train
20073,2,train
20198,2,train
20412,2,train
20514,2,train
20918,2,train
8767,2,train
13705,2,train
14417,2,train
17267,2,train
21232,2,train
12703,2,train
13389,2,train
13743,2,train
16438,2,train
101,2,train
264,2,train
326,2,train
377,2,train
483,2,train
559,2,train
1333,2,train
1473,2,train
1556,2,train
1678,2,train
1765,2,train
2140,2,train
2247,2,train
2275,2,train
2402,2,train
2411,2,train
2584,2,train
3230,2,train
3680,2,train
3870,2,train
4305,2,train
4468,2,train
4792,2,train
5389,2,train
5533,2,train
6045,2,train
6108,2,train
6678,2,train
6795,2,train
6936,2,train
7003,2,train
7381,2,train
7807,2,train
8414,2,train
8456,2,train
8624,2,train
8656,2,train
9341,2,train
10148,2,train
10223,2,train
10295,2,train
10437,2,train
10536,2,train
11075,2,train
11381,2,train
11583,2,train
11679,2,train
11732,2,train
11918,2,train
12019,2,train
12059,2,train
12853,2,train
12890,2,train
12951,2,train
13238,2,train
13772,2,train
14169,2,train
14544,2,train
14589,2,train
14777,2,train
14896,2,train
14980,2,train
15208,2,train
15543,2,train
15683,2,train
15740,2,train
15823,2,train
15968,2,train
15997,2,train
16010,2,train
16191,2,train
16796,2,train
16820,2,train
17115,2,train
17117,2,train
17191,2,train
17461,2,train
17522,2,train
17656,2,train
17814,2,train
17924,2,train
18049,2,train
18441,2,train
18522,2,train
18615,2,train
18684,2,train
18962,2,train
19059,2,train
19522,2,train
19970,2,train
20461,2,train
20580,2,train
21033,2,train
21370,2,train
43,2,train
82,2,train
114,2,train
430,2,train
560,2,train
970,2,train
1252,2,train
1373,2,train
1624,2,train
2356,2,train
2593,2,train
3003,2,train
3054,2,train
3131,2,train
3175,2,train
3304,2,train
3343,2,train
3469,2,train
3483,2,train
3686,2,train
4375,2,train
4476,2,train
4567,2,train
4853,2,train
5276,2,train
5313,2,train
5629,2,train
5636,2,train
5675,2,train
6051,2,train
6096,2,train
6117,2,train
6168,2,train
6306,2,train
6366,2,train
6616,2,train
6755,2,train
6976,2,train
7097,2,train
7133,2,train
7197,2,train
7289,2,train
7334,2,train
7887,2,train
8020,2,train
8073,2,train
8612,2,train
8629,2,train
8673,2,train
8744,2,train
9075,2,train
9194,2,train
9312,2,train
9338,2,train
9620,2,train
9713,2,train
9753,2,train
9974,2,train
10065,2,train
10144,2,train
10280,2,train
10345,2,train
10384,2,train
10500,2,train
11014,2,train
11372,2,train
11412,2,train
11439,2,train
11462,2,train
11526,2,train
12396,2,train
12563,2,train
12566,2,train
12576,2,train
12620,2,train
12658,2,train
13500,2,train
13527,2,train
14038,2,train
14226,2,train
14278,2,train
14454,2,train
14699,2,train
14907,2,train
15229,2,train
15290,2,train
15490,2,train
15578,2,train
15815,2,train
16247,2,train
16429,2,train
16599,2,train
16881,2,train
16884,2,train
16905,2,train
17064,2,train
17265,2,train
17333,2,train
17560,2,train
17621,2,train
17796,2,train
17939,2,train
18574,2,train
18604,2,train
18722,2,train
18826,2,train
18891,2,train
19069,2,train
19107,2,train
19526,2,train
20144,2,train
20219,2,train
20305,2,train
20906,2,train
20954,2,train
21243,2,train
21323,2,train
516,2,train
820,2,train
1146,2,train
1628,2,train
1639,2,train
1676,2,train
1682,2,train
2190,2,train
2231,2,train
2687,2,train
2777,2,train
3215,2,train
3546,2,train
3731,2,train
3762,2,train
3875,2,train
4098,2,train
4241,2,train
4350,2,train
4417,2,train
4424,2,train
4602,2,train
5075,2,train
5256,2,train
5723,2,train
5820,2,train
6129,2,train
6413,2,train
6587,2,train
7282,2,train
7344,2,train
7419,2,train
7839,2,train
7869,2,train
7993,2,train
8202,2,train
8243,2,train
8306,2,train
9123,2,train
9421,2,train
9606,2,train
9881,2,train
9912,2,train
10973,2,train
11357,2,train
11361,2,train
11573,2,train
11689,2,train
12094,2,train
12104,2,train
12319,2,train
12527,2,train
13288,2,train
13425,2,train
13797,2,train
13894,2,train
13922,2,train
14231,2,train
15161,2,train
15442,2,train
15707,2,train
15780,2,train
16272,2,train
16597,2,train
16610,2,train
16633,2,train
16695,2,train
16962,2,train
17000,2,train
17384,2,train
17444,2,train
17745,2,train
17804,2,train
17885,2,train
18039,2,train
18108,2,train
18189,2,train
18379,2,train
18572,2,train
18639,2,train
19239,2,train
19421,2,train
19540,2,train
19647,2,train
19725,2,train
19739,2,train
20119,2,train
20132,2,train
20500,2,train
20544,2,train
20820,2,train
21149,2,train
21218,2,train
148,2,train
493,2,train
541,2,train
1240,2,train
1312,2,train
1625,2,train
2209,2,train
2312,2,train
2475,2,train
3370,2,train
3432,2,train
3494,2,train
3826,2,train
3902,2,train
4160,2,train
4277,2,train
4829,2,train
4888,2,train
5037,2,train
5198,2,train
5540,2,train
5621,2,train
5744,2,train
5830,2,train
6190,2,train
6561,2,train
7271,2,train
7423,2,train
8473,2,train
8640,2,train
9398,2,train
9860,2,train
9893,2,train
10025,2,train
10031,2,train
10294,2,train
10360,2,train
10387,2,train
10789,2,train
11063,2,train
11160,2,train
11497,2,train
11829,2,train
12419,2,train
12420,2,train
12482,2,train
12581,2,train
13004,2,train
13345,2,train
13395,2,train
13740,2,train
13845,2,train
14039,2,train
14528,2,train
14637,2,train
14818,2,train
15322,2,train
15495,2,train
15690,2,train
15852,2,train
15919,2,train
15951,2,train
16084,2,train
16441,2,train
16479,2,train
16555,2,train
16702,2,train
16958,2,train
17657,2,train
18236,2,train
18448,2,train
18515,2,train
18590,2,train
19290,2,train
19404,2,train
19713,2,train
19744,2,train
19755,2,train
19941,2,train
19986,2,train
20400,2,train
20535,2,train
20748,2,train
21133,2,train
21417,2,train
1495,2,train
1700,2,train
2483,2,train
2785,2,train
2845,2,train
3160,2,train
3264,2,train
3835,2,train
4345,2,train
4649,2,train
5104,2,train
5314,2,train
5775,2,train
6635,2,train
7057,2,train
7858,2,train
8294,2,train
8676,2,train
9044,2,train
10452,2,train
10653,2,train
11033,2,train
11227,2,train
13227,2,train
13228,2,train
13485,2,train
14174,2,train
15562,2,train
15625,2,train
16722,2,train
17209,2,train
17552,2,train
19506,2,train
20246,2,train
20263,2,train
20405,2,train
21089,2,train
21116,2,train
21278,2,train
21595,2,train
2924,2,train
10094,2,train
13029,2,train
18148,2,train
21473,2,train
9158,2,train
25,2,train
86,2,train
702,2,train
1275,2,train
1528,2,train
1807,2,train
2166,2,train
2191,2,train
2369,2,train
2575,2,train
2835,2,train
2850,2,train
3010,2,train
3388,2,train
3413,2,train
3554,2,train
4188,2,train
4737,2,train
4741,2,train
4797,2,train
5074,2,train
6416,2,train
6634,2,train
6670,2,train
6780,2,train
6838,2,train
8086,2,train
8283,2,train
9236,2,train
9321,2,train
9326,2,train
9463,2,train
9491,2,train
9542,2,train
9899,2,train
10024,2,train
10271,2,train
10357,2,train
10517,2,train
10675,2,train
10841,2,train
11138,2,train
11675,2,train
11817,2,train
11913,2,train
12011,2,train
12093,2,train
12152,2,train
12383,2,train
13608,2,train
13679,2,train
13900,2,train
13981,2,train
13994,2,train
14322,2,train
14830,2,train
15532,2,train
17546,2,train
17645,2,train
18499,2,train
18686,2,train
19090,2,train
19242,2,train
19267,2,train
19314,2,train
19741,2,train
19749,2,train
19926,2,train
20081,2,train
20082,2,train
20952,2,train
21242,2,train
21256,2,train
123,2,train
149,2,train
412,2,train
462,2,train
480,2,train
765,2,train
864,2,train
1338,2,train
1643,2,train
1657,2,train
1747,2,train
1960,2,train
2050,2,train
2476,2,train
2930,2,train
2987,2,train
3449,2,train
3497,2,train
4956,2,train
5310,2,train
5423,2,train
5804,2,train
5832,2,train
6228,2,train
6278,2,train
6760,2,train
7684,2,train
7755,2,train
7918,2,train
8680,2,train
8915,2,train
8977,2,train
9577,2,train
10700,2,train
11053,2,train
11456,2,train
12608,2,train
12792,2,train
13000,2,train
13806,2,train
14035,2,train
14122,2,train
14269,2,train
14695,2,train
14717,2,train
14807,2,train
14841,2,train
14949,2,train
15052,2,train
15176,2,train
15411,2,train
15535,2,train
15992,2,train
16239,2,train
16519,2,train
16609,2,train
16715,2,train
16861,2,train
18161,2,train
18300,2,train
18868,2,train
19044,2,train
19089,2,train
19312,2,train
19593,2,train
20285,2,train
20286,2,train
20438,2,train
20449,2,train
20682,2,train
20981,2,train
75,2,train
191,2,train
315,2,train
449,2,train
513,2,train
523,2,train
528,2,train
611,2,train
1066,2,train
1101,2,train
1210,2,train
1422,2,train
1634,2,train
1795,2,train
1973,2,train
1996,2,train
2099,2,train
2678,2,train
2860,2,train
3427,2,train
3766,2,train
4044,2,train
4109,2,train
4659,2,train
6005,2,train
6315,2,train
6445,2,train
7063,2,train
7380,2,train
7821,2,train
7822,2,train
8005,2,train
8458,2,train
8853,2,train
9031,2,train
9206,2,train
9485,2,train
9824,2,train
9874,2,train
10199,2,train
10213,2,train
10420,2,train
10677,2,train
11052,2,train
11102,2,train
11104,2,train
11281,2,train
11344,2,train
11413,2,train
11587,2,train
12300,2,train
12650,2,train
12855,2,train
13498,2,train
13537,2,train
14230,2,train
14330,2,train
14733,2,train
14802,2,train
14978,2,train
14985,2,train
15123,2,train
15406,2,train
16396,2,train
16894,2,train
17136,2,train
17563,2,train
17650,2,train
18153,2,train
18618,2,train
18871,2,train
18880,2,train
20565,2,train
21359,2,train
21442,2,train
21500,2,train
341,2,train
499,2,train
728,2,train
1049,2,train
1504,2,train
1510,2,train
1661,2,train
2374,2,train
2686,2,train
2724,2,train
3551,2,train
4121,2,train
4128,2,train
4406,2,train
5146,2,train
5391,2,train
5452,2,train
5519,2,train
5580,2,train
5589,2,train
5703,2,train
5904,2,train
5980,2,train
6241,2,train
6263,2,train
6264,2,train
6532,2,train
6704,2,train
7268,2,train
7622,2,train
8261,2,train
8284,2,train
8318,2,train
8494,2,train
8524,2,train
8543,2,train
8819,2,train
9188,2,train
9271,2,train
9665,2,train
9734,2,train
10153,2,train
10717,2,train
10833,2,train
11071,2,train
11079,2,train
11340,2,train
13035,2,train
13367,2,train
13596,2,train
13837,2,train
14195,2,train
14225,2,train
14297,2,train
14672,2,train
14836,2,train
15626,2,train
15646,2,train
15877,2,train
15926,2,train
16237,2,train
16659,2,train
16793,2,train
16932,2,train
17285,2,train
17587,2,train
17598,2,train
17668,2,train
17730,2,train
17925,2,train
18166,2,train
18959,2,train
19266,2,train
19297,2,train
20284,2,train
20614,2,train
20864,2,train
21084,2,train
742,2,train
1193,2,train
1204,2,train
1442,2,train
1740,2,train
1806,2,train
2355,2,train
2493,2,train
2880,2,train
3338,2,train
3381,2,train
3496,2,train
4046,2,train
4077,2,train
4099,2,train
4857,2,train
4925,2,train
5416,2,train
5550,2,train
7354,2,train
7376,2,train
7385,2,train
7610,2,train
7623,2,train
7910,2,train
8282,2,train
8402,2,train
8480,2,train
9648,2,train
9965,2,train
10247,2,train
10297,2,train
10564,2,train
11153,2,train
11430,2,train
11617,2,train
11624,2,train
11664,2,train
11914,2,train
11986,2,train
12133,2,train
12427,2,train
12548,2,train
12603,2,train
12895,2,train
13155,2,train
13237,2,train
13283,2,train
13464,2,train
13696,2,train
14008,2,train
14110,2,train
14142,2,train
14428,2,train
15360,2,train
15393,2,train
15432,2,train
15550,2,train
15663,2,train
15703,2,train
16063,2,train
16868,2,train
17292,2,train
17505,2,train
17886,2,train
18607,2,train
18697,2,train
19110,2,train
19493,2,train
19997,2,train
20590,2,train
20973,2,train
21169,2,train
2790,2,train
4920,2,train
8346,2,train
12597,2,train
20365,2,train
4204,2,train
8444,2,train
15676,2,train
30,2,train
33,2,train
446,2,train
891,2,train
1100,2,train
1136,2,train
1265,2,train
1492,2,train
2080,2,train
2346,2,train
2350,2,train
2397,2,train
2818,2,train
3460,2,train
4439,2,train
4466,2,train
4698,2,train
5046,2,train
5520,2,train
5535,2,train
5965,2,train
7047,2,train
7885,2,train
8399,2,train
8534,2,train
8536,2,train
9915,2,train
10126,2,train
10149,2,train
10184,2,train
10348,2,train
11334,2,train
11425,2,train
11481,2,train
11570,2,train
11677,2,train
11749,2,train
12692,2,train
12733,2,train
12823,2,train
12877,2,train
13063,2,train
13116,2,train
13136,2,train
13157,2,train
13339,2,train
13423,2,train
13674,2,train
13879,2,train
14086,2,train
14190,2,train
14444,2,train
14937,2,train
15026,2,train
15039,2,train
15136,2,train
15459,2,train
15501,2,train
15907,2,train
15952,2,train
15953,2,train
16424,2,train
16545,2,train
16567,2,train
16623,2,train
16727,2,train
16914,2,train
17050,2,train
17406,2,train
17494,2,train
17795,2,train
18479,2,train
18816,2,train
19054,2,train
19754,2,train
19792,2,train
20788,2,train
20799,2,train
21038,2,train
21315,2,train
196,2,train
385,2,train
886,2,train
1799,2,train
1893,2,train
2238,2,train
2694,2,train
2826,2,train
2836,2,train
2920,2,train
3214,2,train
3340,2,train
4113,2,train
4475,2,train
4635,2,train
4861,2,train
5562,2,train
6006,2,train
6900,2,train
6987,2,train
7364,2,train
9800,2,train
10095,2,train
10992,2,train
11211,2,train
11966,2,train
12970,2,train
13027,2,train
13660,2,train
14679,2,train
15010,2,train
15869,2,train
16651,2,train
16857,2,train
16908,2,train
16973,2,train
16997,2,train
17183,2,train
17346,2,train
17713,2,train
18111,2,train
19299,2,train
19361,2,train
20027,2,train
20426,2,train
20855,2,train
21231,2,train
21336,2,train
21575,2,train
201,2,train
464,2,train
960,2,train
1229,2,train
1346,2,train
1586,2,train
1652,2,train
1964,2,train
2235,2,train
2256,2,train
2529,2,train
2562,2,train
3786,2,train
3996,2,train
4144,2,train
4333,2,train
4416,2,train
4469,2,train
4717,2,train
4900,2,train
4903,2,train
5039,2,train
5093,2,train
5802,2,train
5877,2,train
6323,2,train
7326,2,train
7503,2,train
8002,2,train
8912,2,train
9152,2,train
9353,2,train
9627,2,train
10287,2,train
10780,2,train
11055,2,train
11083,2,train
11306,2,train
11540,2,train
11807,2,train
11988,2,train
12035,2,train
12070,2,train
12211,2,train
13048,2,train
13134,2,train
13161,2,train
13956,2,train
13982,2,train
14080,2,train
14136,2,train
14606,2,train
15087,2,train
15390,2,train
15975,2,train
16334,2,train
16582,2,train
17337,2,train
17392,2,train
17648,2,train
18012,2,train
18260,2,train
18400,2,train
18440,2,train
18523,2,train
18589,2,train
18596,2,train
19100,2,train
19249,2,train
19502,2,train
19650,2,train
19785,2,train
20250,2,train
20586,2,train
20956,2,train
21091,2,train
21177,2,train
21190,2,train
21325,2,train
21354,2,train
21477,2,train
21582,2,train
158,2,train
277,2,train
472,2,train
661,2,train
738,2,train
771,2,train
859,2,train
1201,2,train
1215,2,train
1248,2,train
1267,2,train
1603,2,train
1975,2,train
1979,2,train
2617,2,train
3306,2,train
3595,2,train
3758,2,train
3808,2,train
4141,2,train
4603,2,train
4605,2,train
4716,2,train
4766,2,train
5470,2,train
5646,2,train
5759,2,train
5776,2,train
6209,2,train
6282,2,train
6743,2,train
6921,2,train
7468,2,train
7774,2,train
8103,2,train
8221,2,train
8237,2,train
8332,2,train
8457,2,train
8504,2,train
8780,2,train
8875,2,train
9019,2,train
9374,2,train
9549,2,train
9738,2,train
9890,2,train
9891,2,train
10492,2,train
10687,2,train
10755,2,train
10762,2,train
10852,2,train
10876,2,train
10882,2,train
10893,2,train
11021,2,train
11190,2,train
11531,2,train
11783,2,train
11819,2,train
11964,2,train
11973,2,train
12032,2,train
12120,2,train
12281,2,train
12355,2,train
12405,2,train
12709,2,train
12875,2,train
13730,2,train
14060,2,train
14275,2,train
14766,2,train
15061,2,train
15301,2,train
15493,2,train
15569,2,train
15791,2,train
15874,2,train
16014,2,train
16570,2,train
17308,2,train
17557,2,train
17701,2,train
18465,2,train
18593,2,train
18660,2,train
18750,2,train
18908,2,train
19957,2,train
19990,2,train
20217,2,train
20244,2,train
20356,2,train
20573,2,train
21040,2,train
21419,2,train
21483,2,train
21588,2,train
85,2,train
426,2,train
518,2,train
895,2,train
1259,2,train
1828,2,train
1997,2,train
2085,2,train
2310,2,train
2408,2,train
2915,2,train
3094,2,train
3360,2,train
4165,2,train
4170,2,train
4192,2,train
4412,2,train
5338,2,train
6029,2,train
6486,2,train
6654,2,train
7060,2,train
7781,2,train
7798,2,train
8204,2,train
9313,2,train
9595,2,train
9609,2,train
10061,2,train
10236,2,train
10816,2,train
11208,2,train
11509,2,train
12091,2,train
12177,2,train
12198,2,train
12224,2,train
12489,2,train
12878,2,train
13255,2,train
13767,2,train
13897,2,train
14458,2,train
14879,2,train
15049,2,train
15185,2,train
16453,2,train
16596,2,train
17061,2,train
17442,2,train
17781,2,train
18052,2,train
18090,2,train
18306,2,train
18345,2,train
18366,2,train
18390,2,train
18989,2,train
19140,2,train
19143,2,train
19225,2,train
19640,2,train
19738,2,train
19750,2,train
19828,2,train
20529,2,train
20607,2,train
20758,2,train
21025,2,train
2734,2,train
4071,2,train
10993,2,train
12368,2,train
178,2,train
554,2,train
584,2,train
650,2,train
1256,2,train
1543,2,train
2107,2,train
2135,2,train
3023,2,train
3121,2,train
3190,2,train
3816,2,train
4367,2,train
4435,2,train
4503,2,train
4613,2,train
4780,2,train
6658,2,train
6820,2,train
7082,2,train
7667,2,train
7731,2,train
7987,2,train
8093,2,train
8278,2,train
8305,2,train
8477,2,train
9064,2,train
9435,2,train
9566,2,train
9698,2,train
9962,2,train
10479,2,train
10821,2,train
10840,2,train
10972,2,train
11050,2,train
11327,2,train
11718,2,train
11811,2,train
11943,2,train
12051,2,train
12326,2,train
12335,2,train
12504,2,train
12730,2,train
13306,2,train
13753,2,train
13789,2,train
13866,2,train
13939,2,train
14041,2,train
14378,2,train
14437,2,train
14506,2,train
14868,2,train
15003,2,train
15167,2,train
15430,2,train
15800,2,train
15894,2,train
16885,2,train
16906,2,train
17274,2,train
17295,2,train
18229,2,train
18275,2,train
18766,2,train
18839,2,train
19153,2,train
19376,2,train
19802,2,train
19900,2,train
20193,2,train
20418,2,train
20496,2,train
20561,2,train
20667,2,train
20781,2,train
21097,2,train
21295,2,train
21300,2,train
21340,2,train
21377,2,train
648,2,train
782,2,train
806,2,train
841,2,train
1094,2,train
1304,2,train
1359,2,train
1563,2,train
1671,2,train
1721,2,train
1810,2,train
2017,2,train
2025,2,train
2109,2,train
2774,2,train
2864,2,train
3177,2,train
3225,2,train
3356,2,train
3778,2,train
4090,2,train
4168,2,train
4228,2,train
4311,2,train
4402,2,train
4598,2,train
4851,2,train
5127,2,train
5489,2,train
6270,2,train
7701,2,train
7838,2,train
8112,2,train
8447,2,train
9375,2,train
9671,2,train
9694,2,train
10120,2,train
10242,2,train
10388,2,train
10529,2,train
10577,2,train
10706,2,train
10721,2,train
10824,2,train
10854,2,train
10990,2,train
11038,2,train
11078,2,train
11084,2,train
11349,2,train
11417,2,train
11693,2,train
11850,2,train
12085,2,train
12206,2,train
12659,2,train
13105,2,train
13178,2,train
13615,2,train
13965,2,train
14280,2,train
15110,2,train
15649,2,train
15765,2,train
16819,2,train
16900,2,train
17027,2,train
17419,2,train
17625,2,train
17762,2,train
17867,2,train
17887,2,train
18224,2,train
18263,2,train
18435,2,train
18655,2,train
18696,2,train
19086,2,train
19141,2,train
19179,2,train
19431,2,train
19528,2,train
19648,2,train
19773,2,train
20228,2,train
21560,2,train
121,2,train
739,2,train
1006,2,train
1238,2,train
1800,2,train
1945,2,train
2153,2,train
2964,2,train
3405,2,train
4512,2,train
4656,2,train
4948,2,train
5050,2,train
5078,2,train
5168,2,train
5345,2,train
5436,2,train
6131,2,train
6547,2,train
6614,2,train
6623,2,train
6645,2,train
6662,2,train
6837,2,train
6977,2,train
7196,2,train
7558,2,train
7656,2,train
7761,2,train
8182,2,train
8210,2,train
8559,2,train
9000,2,train
9190,2,train
9240,2,train
9487,2,train
9575,2,train
9682,2,train
9691,2,train
9895,2,train
9970,2,train
10351,2,train
10409,2,train
10430,2,train
10463,2,train
10890,2,train
11181,2,train
11192,2,train
11316,2,train
11972,2,train
12340,2,train
12683,2,train
13142,2,train
13176,2,train
13771,2,train
14081,2,train
14572,2,train
14725,2,train
15181,2,train
15202,2,train
15205,2,train
15402,2,train
15901,2,train
16011,2,train
16251,2,train
16273,2,train
16742,2,train
16948,2,train
17418,2,train
17856,2,train
17947,2,train
18083,2,train
18091,2,train
18122,2,train
18248,2,train
18700,2,train
18857,2,train
18947,2,train
19159,2,train
19673,2,train
20061,2,train
20588,2,train
24,2,train
65,2,train
156,2,train
233,2,train
369,2,train
490,2,train
656,2,train
787,2,train
834,2,train
1435,2,train
1578,2,train
1730,2,train
2435,2,train
2842,2,train
2851,2,train
3101,2,train
3265,2,train
3318,2,train
3464,2,train
3713,2,train
4399,2,train
4536,2,train
4801,2,train
5247,2,train
5528,2,train
5680,2,train
5821,2,train
6041,2,train
6042,2,train
6517,2,train
7294,2,train
7335,2,train
7393,2,train
7477,2,train
7520,2,train
7801,2,train
8218,2,train
8376,2,train
9183,2,train
9216,2,train
9256,2,train
9540,2,train
9984,2,train
10110,2,train
10312,2,train
10317,2,train
10814,2,train
11579,2,train
11762,2,train
11890,2,train
12191,2,train
12337,2,train
12753,2,train
12985,2,train
13061,2,train
13396,2,train
13838,2,train
14076,2,train
14143,2,train
14795,2,train
15270,2,train
15334,2,train
15405,2,train
15744,2,train
16115,2,train
16369,2,train
16565,2,train
16668,2,train
16744,2,train
16859,2,train
16939,2,train
17215,2,train
18635,2,train
18784,2,train
19313,2,train
19626,2,train
19688,2,train
19702,2,train
19799,2,train
19822,2,train
19841,2,train
19842,2,train
19922,2,train
19983,2,train
20266,2,train
20660,2,train
115,2,train
185,2,train
232,2,train
525,2,train
544,2,train
1722,2,train
2459,2,train
2980,2,train
2986,2,train
3207,2,train
3571,2,train
3755,2,train
3789,2,train
3976,2,train
4369,2,train
4800,2,train
5221,2,train
5462,2,train
5673,2,train
6119,2,train
6526,2,train
6542,2,train
6881,2,train
7206,2,train
7469,2,train
7654,2,train
7844,2,train
8245,2,train
8839,2,train
8888,2,train
9032,2,train
9333,2,train
9750,2,train
10118,2,train
10251,2,train
10795,2,train
11205,2,train
11259,2,train
11638,2,train
11648,2,train
11752,2,train
11859,2,train
11971,2,train
11996,2,train
12159,2,train
12247,2,train
13141,2,train
13360,2,train
13460,2,train
14228,2,train
14396,2,train
14938,2,train
15036,2,train
15154,2,train
15375,2,train
16193,2,train
16679,2,train
17015,2,train
17578,2,train
17673,2,train
17823,2,train
17936,2,train
18136,2,train
18196,2,train
18459,2,train
18752,2,train
18843,2,train
19015,2,train
19026,2,train
19048,2,train
19150,2,train
19459,2,train
20148,2,train
20297,2,train
20644,2,train
20741,2,train
21052,2,train
21072,2,train
21147,2,train
21198,2,train
21229,2,train
319,2,train
2101,2,train
4461,2,train
14178,2,train
15415,2,train
16608,2,train
20986,2,train
208,2,train
13401,2,train
14965,2,train
15647,2,train
113,2,train
258,2,train
274,2,train
651,2,train
664,2,train
665,2,train
910,2,train
1264,2,train
1539,2,train
1615,2,train
1989,2,train
2146,2,train
2188,2,train
2283,2,train
3109,2,train
3384,2,train
3695,2,train
4391,2,train
4449,2,train
4830,2,train
4933,2,train
5252,2,train
7360,2,train
8502,2,train
8790,2,train
8812,2,train
8906,2,train
9199,2,train
9676,2,train
10212,2,train
10359,2,train
10458,2,train
10465,2,train
10656,2,train
10917,2,train
11222,2,train
11426,2,train
11520,2,train
11709,2,train
11717,2,train
11728,2,train
11896,2,train
12640,2,train
12672,2,train
12686,2,train
13180,2,train
13325,2,train
13326,2,train
13800,2,train
13830,2,train
14602,2,train
14800,2,train
15351,2,train
16491,2,train
16551,2,train
16774,2,train
16937,2,train
16945,2,train
17105,2,train
17356,2,train
17443,2,train
17638,2,train
17760,2,train
17909,2,train
18131,2,train
18323,2,train
18955,2,train
18958,2,train
19008,2,train
19121,2,train
19189,2,train
19875,2,train
19911,2,train
19925,2,train
20210,2,train
20957,2,train
21168,2,train
21305,2,train
21525,2,train
846,2,train
877,2,train
1214,2,train
1553,2,train
1885,2,train
2328,2,train
2882,2,train
3218,2,train
3493,2,train
4178,2,train
4348,2,train
5105,2,train
5231,2,train
5317,2,train
5871,2,train
5943,2,train
6476,2,train
6772,2,train
7202,2,train
7221,2,train
7436,2,train
7740,2,train
7932,2,train
8289,2,train
8343,2,train
8443,2,train
8630,2,train
9283,2,train
9539,2,train
9810,2,train
9811,2,train
10059,2,train
10284,2,train
10340,2,train
10996,2,train
11753,2,train
12079,2,train
12209,2,train
13677,2,train
13799,2,train
14032,2,train
14116,2,train
14162,2,train
14475,2,train
14758,2,train
14892,2,train
15188,2,train
15259,2,train
15321,2,train
16061,2,train
16200,2,train
16674,2,train
16904,2,train
16951,2,train
17326,2,train
17715,2,train
18676,2,train
18744,2,train
18901,2,train
19041,2,train
19302,2,train
19714,2,train
19993,2,train
20117,2,train
20650,2,train
20848,2,train
20944,2,train
21068,2,train
21262,2,train
21364,2,train
457,2,train
608,2,train
1196,2,train
1337,2,train
2560,2,train
2898,2,train
3016,2,train
3259,2,train
3603,2,train
3924,2,train
4260,2,train
4339,2,train
4975,2,train
5040,2,train
5123,2,train
5265,2,train
5822,2,train
6124,2,train
6375,2,train
6394,2,train
6868,2,train
6893,2,train
6942,2,train
7167,2,train
7184,2,train
7692,2,train
8044,2,train
9836,2,train
11113,2,train
11416,2,train
11921,2,train
11999,2,train
12494,2,train
12748,2,train
12884,2,train
12933,2,train
15503,2,train
15777,2,train
17085,2,train
17276,2,train
17379,2,train
17979,2,train
18600,2,train
18988,2,train
19815,2,train
20071,2,train
20771,2,train
8799,2,train
20367,2,train
12917,2,train
18939,2,train
20301,2,train
18794,2,train
27,2,train
31,2,train
194,2,train
466,2,train
1772,2,train
1838,2,train
2122,2,train
2368,2,train
2806,2,train
2837,2,train
2861,2,train
2895,2,train
3337,2,train
3691,2,train
3917,2,train
4087,2,train
4140,2,train
4210,2,train
4223,2,train
4317,2,train
4440,2,train
4742,2,train
4865,2,train
4904,2,train
5279,2,train
5609,2,train
5883,2,train
5998,2,train
6107,2,train
6182,2,train
6367,2,train
6766,2,train
6792,2,train
7280,2,train
7312,2,train
7561,2,train
7893,2,train
8268,2,train
8644,2,train
9156,2,train
9314,2,train
10168,2,train
10554,2,train
10558,2,train
10574,2,train
10619,2,train
10666,2,train
10737,2,train
11604,2,train
12143,2,train
12190,2,train
12391,2,train
12454,2,train
12509,2,train
12615,2,train
12965,2,train
13103,2,train
13219,2,train
13233,2,train
13258,2,train
13607,2,train
13741,2,train
13947,2,train
13950,2,train
14481,2,train
14865,2,train
15692,2,train
15718,2,train
15881,2,train
15998,2,train
16282,2,train
16352,2,train
16999,2,train
17003,2,train
17205,2,train
17297,2,train
17314,2,train
17496,2,train
17622,2,train
18005,2,train
18076,2,train
18602,2,train
18760,2,train
19457,2,train
19809,2,train
19975,2,train
20296,2,train
20476,2,train
20613,2,train
20803,2,train
20887,2,train
20932,2,train
21011,2,train
21031,2,train
21467,2,train
80,2,train
260,2,train
445,2,train
784,2,train
963,2,train
1617,2,train
1866,2,train
1875,2,train
1917,2,train
2432,2,train
2582,2,train
2602,2,train
3129,2,train
3271,2,train
3324,2,train
3598,2,train
3795,2,train
4097,2,train
4444,2,train
4548,2,train
4688,2,train
4816,2,train
4835,2,train
4936,2,train
5200,2,train
5661,2,train
5809,2,train
5810,2,train
5927,2,train
6064,2,train
6165,2,train
6452,2,train
6585,2,train
6611,2,train
6696,2,train
6703,2,train
7321,2,train
7794,2,train
7916,2,train
8031,2,train
8206,2,train
8515,2,train
8652,2,train
8710,2,train
8902,2,train
9042,2,train
9378,2,train
10034,2,train
10559,2,train
10647,2,train
11013,2,train
11147,2,train
11196,2,train
11406,2,train
11663,2,train
12292,2,train
12378,2,train
12723,2,train
12742,2,train
12990,2,train
13642,2,train
14150,2,train
14213,2,train
14284,2,train
14799,2,train
14987,2,train
15134,2,train
15219,2,train
15239,2,train
15427,2,train
15583,2,train
15859,2,train
16215,2,train
16986,2,train
17019,2,train
17243,2,train
17431,2,train
17691,2,train
17703,2,train
18061,2,train
18221,2,train
18282,2,train
18284,2,train
18698,2,train
18938,2,train
18956,2,train
19093,2,train
19122,2,train
19201,2,train
19586,2,train
19654,2,train
20008,2,train
20058,2,train
20332,2,train
20611,2,train
20724,2,train
21584,2,train
34,2,train
145,2,train
353,2,train
420,2,train
925,2,train
959,2,train
1205,2,train
1879,2,train
2409,2,train
2661,2,train
2782,2,train
2887,2,train
2988,2,train
3582,2,train
3749,2,train
3861,2,train
4421,2,train
4714,2,train
5473,2,train
5642,2,train
5828,2,train
5873,2,train
5967,2,train
6039,2,train
6183,2,train
6348,2,train
6381,2,train
6923,2,train
7110,2,train
7127,2,train
7148,2,train
8260,2,train
8549,2,train
8632,2,train
8677,2,train
8927,2,train
9210,2,train
9300,2,train
9657,2,train
10537,2,train
10837,2,train
10873,2,train
11238,2,train
11260,2,train
11398,2,train
11678,2,train
11977,2,train
12466,2,train
12606,2,train
12959,2,train
13281,2,train
13482,2,train
13886,2,train
14104,2,train
14364,2,train
14852,2,train
14877,2,train
14900,2,train
14998,2,train
15207,2,train
15362,2,train
15373,2,train
15925,2,train
15963,2,train
16546,2,train
16987,2,train
17194,2,train
17293,2,train
17373,2,train
18126,2,train
18388,2,train
18545,2,train
18568,2,train
18820,2,train
19174,2,train
19213,2,train
20222,2,train
20546,2,train
20738,2,train
21531,2,train
370,2,train
537,2,train
1400,2,train
1426,2,train
1660,2,train
1757,2,train
2229,2,train
2318,2,train
2587,2,train
2665,2,train
2720,2,train
2798,2,train
2888,2,train
2918,2,train
3203,2,train
3459,2,train
3491,2,train
3679,2,train
4358,2,train
4764,2,train
5614,2,train
5687,2,train
6519,2,train
6758,2,train
6850,2,train
6875,2,train
7062,2,train
7166,2,train
7663,2,train
7675,2,train
8814,2,train
8950,2,train
9062,2,train
9699,2,train
10222,2,train
10289,2,train
10380,2,train
10415,2,train
10785,2,train
12109,2,train
13185,2,train
13279,2,train
14125,2,train
14809,2,train
14848,2,train
15002,2,train
15349,2,train
15738,2,train
15797,2,train
16068,2,train
16897,2,train
17309,2,train
17329,2,train
17529,2,train
18007,2,train
18187,2,train
18289,2,train
18381,2,train
18397,2,train
18472,2,train
18536,2,train
18789,2,train
19523,2,train
20194,2,train
20413,2,train
20943,2,train
18,2,train
189,2,train
347,2,train
1236,2,train
1644,2,train
2021,2,train
2274,2,train
2278,2,train
2358,2,train
2561,2,train
2663,2,train
2814,2,train
2917,2,train
3178,2,train
3266,2,train
3390,2,train
3402,2,train
3809,2,train
4710,2,train
5203,2,train
6499,2,train
6791,2,train
7050,2,train
7230,2,train
7399,2,train
8791,2,train
8838,2,train
9322,2,train
9667,2,train
10084,2,train
10622,2,train
10630,2,train
10933,2,train
11313,2,train
11542,2,train
11925,2,train
12271,2,train
12376,2,train
12544,2,train
12631,2,train
12636,2,train
12851,2,train
12958,2,train
13193,2,train
13515,2,train
13691,2,train
14123,2,train
14183,2,train
15812,2,train
16248,2,train
16256,2,train
16618,2,train
16925,2,train
17386,2,train
18244,2,train
18563,2,train
19000,2,train
19950,2,train
20739,2,train
21247,2,train
6767,2,train
8256,2,train
13013,2,train
13253,2,train
17975,2,train
19902,2,train
63,2,train
3278,2,train
165,2,train
240,2,train
1398,2,train
1550,2,train
1696,2,train
1703,2,train
1709,2,train
1910,2,train
1968,2,train
2083,2,train
2304,2,train
2962,2,train
3075,2,train
3456,2,train
3799,2,train
3812,2,train
3910,2,train
4418,2,train
4579,2,train
4877,2,train
5213,2,train
5406,2,train
5811,2,train
5893,2,train
6668,2,train
6800,2,train
6991,2,train
7002,2,train
7156,2,train
7903,2,train
7927,2,train
8571,2,train
8678,2,train
9867,2,train
10139,2,train
10436,2,train
10476,2,train
10849,2,train
10851,2,train
11089,2,train
11286,2,train
11568,2,train
11932,2,train
12014,2,train
12418,2,train
12721,2,train
12816,2,train
13043,2,train
13127,2,train
13416,2,train
14356,2,train
14442,2,train
14734,2,train
15078,2,train
16751,2,train
16798,2,train
17073,2,train
17375,2,train
17729,2,train
17973,2,train
18035,2,train
18409,2,train
18606,2,train
18673,2,train
18825,2,train
18855,2,train
19018,2,train
19760,2,train
19921,2,train
20090,2,train
20136,2,train
20189,2,train
20928,2,train
1,2,train
3,2,train
314,2,train
463,2,train
576,2,train
610,2,train
844,2,train
1197,2,train
1731,2,train
2285,2,train
2683,2,train
3531,2,train
3728,2,train
3764,2,train
3883,2,train
3958,2,train
4056,2,train
4101,2,train
4275,2,train
4693,2,train
4734,2,train
5260,2,train
5368,2,train
5634,2,train
6217,2,train
6374,2,train
6695,2,train
6819,2,train
6862,2,train
6905,2,train
7347,2,train
7581,2,train
7771,2,train
8222,2,train
8244,2,train
8321,2,train
8412,2,train
8768,2,train
9101,2,train
9530,2,train
9818,2,train
10669,2,train
10968,2,train
11093,2,train
11380,2,train
11446,2,train
11688,2,train
12445,2,train
12463,2,train
13007,2,train
13145,2,train
13494,2,train
13819,2,train
13945,2,train
14630,2,train
14706,2,train
14793,2,train
15033,2,train
15079,2,train
15103,2,train
15395,2,train
15512,2,train
15671,2,train
15945,2,train
17618,2,train
18334,2,train
18340,2,train
18728,2,train
18913,2,train
19237,2,train
19495,2,train
20177,2,train
20359,2,train
20503,2,train
20655,2,train
21138,2,train
21347,2,train
21521,2,train
60,2,validation
362,2,validation
390,2,validation
751,2,validation
917,2,validation
1009,2,validation
1293,2,validation
1387,2,validation
1653,2,validation
1779,2,validation
2148,2,validation
2444,2,validation
2549,2,validation
2592,2,validation
2675,2,validation
2952,2,validation
3457,2,validation
3503,2,validation
3926,2,validation
4403,2,validation
4686,2,validation
4711,2,validation
5024,2,validation
5077,2,validation
5090,2,validation
5124,2,validation
5440,2,validation
6078,2,validation
6363,2,validation
6459,2,validation
6985,2,validation
7705,2,validation
7789,2,validation
7899,2,validation
8215,2,validation
8511,2,validation
9066,2,validation
9116,2,validation
9261,2,validation
9290,2,validation
9550,2,validation
9589,2,validation
9787,2,validation
10009,2,validation
10428,2,validation
10773,2,validation
10930,2,validation
11204,2,validation
12037,2,validation
13021,2,validation
14037,2,validation
15015,2,validation
15397,2,validation
15994,2,validation
16145,2,validation
16323,2,validation
16893,2,validation
17095,2,validation
17114,2,validation
17661,2,validation
18106,2,validation
18267,2,validation
18313,2,validation
19051,2,validation
19377,2,validation
19573,2,validation
20407,2,validation
20439,2,validation
20805,2,validation
20835,2,validation
20995,2,validation
21041,2,validation
21118,2,validation
21167,2,validation
21181,2,validation
577,2,validation
579,2,validation
849,2,validation
1902,2,validation
1911,2,validation
2151,2,validation
2478,2,validation
3008,2,validation
3132,2,validation
3182,2,validation
3414,2,validation
3636,2,validation
3880,2,validation
4171,2,validation
5302,2,validation
5847,2,validation
5968,2,validation
6013,2,validation
6274,2,validation
6333,2,validation
6338,2,validation
6974,2,validation
7177,2,validation
7286,2,validation
7333,2,validation
7708,2,validation
7757,2,validation
7851,2,validation
7965,2,validation
8009,2,validation
8360,2,validation
8545,2,validation
9762,2,validation
10243,2,validation
10350,2,validation
10379,2,validation
10741,2,validation
10865,2,validation
11197,2,validation
11230,2,validation
11268,2,validation
11482,2,validation
12117,2,validation
12178,2,validation
12308,2,validation
12371,2,validation
12373,2,validation
12656,2,validation
12937,2,validation
13094,2,validation
13346,2,validation
13851,2,validation
13942,2,validation
14404,2,validation
15070,2,validation
15105,2,validation
15522,2,validation
15604,2,validation
15732,2,validation
15825,2,validation
16290,2,validation
16403,2,validation
17028,2,validation
18070,2,validation
18262,2,validation
18396,2,validation
19095,2,validation
19133,2,validation
19595,2,validation
19643,2,validation
19998,2,validation
20105,2,validation
21104,2,validation
21113,2,validation
21349,2,validation
21537,2,validation
102,2,validation
632,2,validation
1011,2,validation
1211,2,validation
1708,2,validation
1809,2,validation
2443,2,validation
2522,2,validation
2554,2,validation
2669,2,validation
2907,2,validation
3321,2,validation
4325,2,validation
4336,2,validation
4422,2,validation
4953,2,validation
5152,2,validation
5477,2,validation
5522,2,validation
6008,2,validation
6181,2,validation
6570,2,validation
6730,2,validation
6872,2,validation
7064,2,validation
7102,2,validation
7345,2,validation
7426,2,validation
7489,2,validation
8356,2,validation
8633,2,validation
8786,2,validation
9052,2,validation
9792,2,validation
10112,2,validation
10315,2,validation
10373,2,validation
10604,2,validation
11206,2,validation
11518,2,validation
11969,2,validation
12041,2,validation
12894,2,validation
13163,2,validation
13223,2,validation
13716,2,validation
13973,2,validation
14021,2,validation
14207,2,validation
14240,2,validation
14445,2,validation
14452,2,validation
14744,2,validation
15086,2,validation
15620,2,validation
15704,2,validation
16514,2,validation
16563,2,validation
17905,2,validation
18114,2,validation
18225,2,validation
18878,2,validation
19331,2,validation
19690,2,validation
20430,2,validation
20661,2,validation
20872,2,validation
20915,2,validation
4967,2,validation
5307,2,validation
5318,2,validation
9093,2,validation
2534,2,validation
4051,2,validation
4529,2,validation
6624,2,validation
741,2,validation
840,2,validation
1145,2,validation
1191,2,validation
1961,2,validation
2076,2,validation
2084,2,validation
2268,2,validation
2438,2,validation
2699,2,validation
2874,2,validation
3102,2,validation
3468,2,validation
3487,2,validation
4104,2,validation
4313,2,validation
4373,2,validation
4747,2,validation
5006,2,validation
5223,2,validation
5315,2,validation
5448,2,validation
5618,2,validation
5953,2,validation
6948,2,validation
7031,2,validation
7330,2,validation
7497,2,validation
8107,2,validation
8217,2,validation
8879,2,validation
9161,2,validation
9266,2,validation
9293,2,validation
9601,2,validation
9922,2,validation
10349,2,validation
10411,2,validation
11256,2,validation
11470,2,validation
11787,2,validation
12345,2,validation
12586,2,validation
12874,2,validation
13101,2,validation
13941,2,validation
14063,2,validation
14290,2,validation
14519,2,validation
14964,2,validation
15016,2,validation
15781,2,validation
15841,2,validation
15957,2,validation
16094,2,validation
16127,2,validation
16539,2,validation
17692,2,validation
17913,2,validation
18398,2,validation
18649,2,validation
18688,2,validation
18862,2,validation
19112,2,validation
19329,2,validation
19614,2,validation
19951,2,validation
20062,2,validation
20468,2,validation
20541,2,validation
20604,2,validation
20888,2,validation
20945,2,validation
21115,2,validation
21413,2,validation
21515,2,validation
21545,2,validation
262,2,validation
488,2,validation
564,2,validation
1404,2,validation
2319,2,validation
3232,2,validation
3237,2,validation
4264,2,validation
4319,2,validation
4941,2,validation
5016,2,validation
5022,2,validation
5061,2,validation
5110,2,validation
5162,2,validation
5555,2,validation
5676,2,validation
6543,2,validation
6763,2,validation
6790,2,validation
7146,2,validation
7279,2,validation
7367,2,validation
7453,2,validation
8404,2,validation
8815,2,validation
9134,2,validation
9137,2,validation
9564,2,validation
10522,2,validation
10599,2,validation
11087,2,validation
11219,2,validation
11280,2,validation
11315,2,validation
11350,2,validation
13138,2,validation
13448,2,validation
13461,2,validation
13577,2,validation
13710,2,validation
14662,2,validation
14676,2,validation
14905,2,validation
15162,2,validation
15317,2,validation
15403,2,validation
15587,2,validation
16030,2,validation
16102,2,validation
16502,2,validation
16656,2,validation
16888,2,validation
17671,2,validation
17907,2,validation
18599,2,validation
18645,2,validation
18932,2,validation
19036,2,validation
19446,2,validation
20021,2,validation
20469,2,validation
21074,2,validation
21282,2,validation
21357,2,validation
562,2,validation
575,2,validation
764,2,validation
1195,2,validation
1273,2,validation
1313,2,validation
2011,2,validation
2347,2,validation
2430,2,validation
2441,2,validation
3173,2,validation
3238,2,validation
3939,2,validation
3945,2,validation
5183,2,validation
6807,2,validation
7205,2,validation
7209,2,validation
7305,2,validation
7814,2,validation
8148,2,validation
8161,2,validation
8499,2,validation
8603,2,validation
9330,2,validation
9451,2,validation
9503,2,validation
9512,2,validation
9971,2,validation
9989,2,validation
10027,2,validation
10100,2,validation
10175,2,validation
10198,2,validation
10238,2,validation
10318,2,validation
10783,2,validation
10982,2,validation
11285,2,validation
11449,2,validation
11898,2,validation
11987,2,validation
12164,2,validation
12235,2,validation
12314,2,validation
12727,2,validation
13318,2,validation
13708,2,validation
13810,2,validation
14062,2,validation
15095,2,validation
15184,2,validation
15195,2,validation
15359,2,validation
15879,2,validation
16587,2,validation
16680,2,validation
16833,2,validation
17588,2,validation
18021,2,validation
18998,2,validation
20245,2,validation
21266,2,validation
21396,2,validation
569,2,validation
1004,2,validation
1482,2,validation
2019,2,validation
2293,2,validation
2546,2,validation
3465,2,validation
3732,2,validation
3768,2,validation
4151,2,validation
4749,2,validation
4943,2,validation
6391,2,validation
7075,2,validation
7173,2,validation
7857,2,validation
8121,2,validation
8259,2,validation
8535,2,validation
8688,2,validation
9049,2,validation
9109,2,validation
9242,2,validation
9454,2,validation
9894,2,validation
10021,2,validation
10421,2,validation
10923,2,validation
11741,2,validation
11769,2,validation
11878,2,validation
12084,2,validation
12101,2,validation
12111,2,validation
12558,2,validation
12601,2,validation
12695,2,validation
12812,2,validation
14265,2,validation
14467,2,validation
14558,2,validation
14690,2,validation
14857,2,validation
15281,2,validation
15336,2,validation
15354,2,validation
15423,2,validation
15840,2,validation
16082,2,validation
16231,2,validation
16264,2,validation
16495,2,validation
16527,2,validation
17458,2,validation
17942,2,validation
18058,2,validation
18059,2,validation
18103,2,validation
18664,2,validation
19400,2,validation
19420,2,validation
19514,2,validation
20077,2,validation
20558,2,validation
20577,2,validation
20811,2,validation
21433,2,validation
422,2,validation
703,2,validation
878,2,validation
1096,2,validation
1983,2,validation
2802,2,validation
3035,2,validation
3383,2,validation
3572,2,validation
3813,2,validation
4528,2,validation
5881,2,validation
6188,2,validation
6731,2,validation
6737,2,validation
6827,2,validation
7028,2,validation
8885,2,validation
9752,2,validation
11229,2,validation
12324,2,validation
12885,2,validation
13058,2,validation
13557,2,validation
15029,2,validation
15088,2,validation
15278,2,validation
15803,2,validation
16136,2,validation
16533,2,validation
16990,2,validation
17467,2,validation
17493,2,validation
17512,2,validation
17707,2,validation
18238,2,validation
18514,2,validation
19047,2,validation
19581,2,validation
19617,2,validation
20647,2,validation
21352,2,validation
1621,2,validation
3096,2,validation
7536,2,validation
16707,2,validation
17165,2,validation
18258,2,validation
18733,2,validation
1904,2,validation
19170,2,validation
81,2,validation
715,2,validation
816,2,validation
1156,2,validation
1217,2,validation
1785,2,validation
1868,2,validation
2089,2,validation
2119,2,validation
2749,2,validation
3489,2,validation
3624,2,validation
3864,2,validation
4256,2,validation
5215,2,validation
5377,2,validation
5765,2,validation
6094,2,validation
6207,2,validation
6229,2,validation
6249,2,validation
6284,2,validation
7809,2,validation
7840,2,validation
8025,2,validation
8417,2,validation
8506,2,validation
8560,2,validation
9087,2,validation
9238,2,validation
9580,2,validation
10377,2,validation
10598,2,validation
10863,2,validation
10915,2,validation
11356,2,validation
12156,2,validation
13175,2,validation
13497,2,validation
13763,2,validation
13813,2,validation
14069,2,validation
14318,2,validation
14329,2,validation
14500,2,validation
15348,2,validation
15934,2,validation
16228,2,validation
16287,2,validation
16709,2,validation
16734,2,validation
17327,2,validation
17803,2,validation
18227,2,validation
18424,2,validation
19103,2,validation
19652,2,validation
19789,2,validation
19843,2,validation
19955,2,validation
20041,2,validation
20067,2,validation
20110,2,validation
20553,2,validation
20685,2,validation
20877,2,validation
20907,2,validation
94,2,validation
373,2,validation
418,2,validation
815,2,validation
1268,2,validation
1372,2,validation
1924,2,validation
2523,2,validation
2660,2,validation
2695,2,validation
3103,2,validation
3925,2,validation
4031,2,validation
4064,2,validation
4159,2,validation
4881,2,validation
5236,2,validation
5565,2,validation
5717,2,validation
5752,2,validation
6047,2,validation
6520,2,validation
7217,2,validation
7594,2,validation
9328,2,validation
9754,2,validation
9854,2,validation
11710,2,validation
12025,2,validation
12231,2,validation
12503,2,validation
12560,2,validation
12719,2,validation
12749,2,validation
12896,2,validation
13335,2,validation
13466,2,validation
13514,2,validation
13738,2,validation
13828,2,validation
13902,2,validation
15180,2,validation
15330,2,validation
15667,2,validation
15974,2,validation
16354,2,validation
16581,2,validation
17251,2,validation
17490,2,validation
18264,2,validation
18386,2,validation
18394,2,validation
18498,2,validation
18671,2,validation
19621,2,validation
19712,2,validation
19734,2,validation
19947,2,validation
20267,2,validation
20420,2,validation
20473,2,validation
20884,2,validation
21320,2,validation
2145,2,validation
2301,2,validation
2380,2,validation
3361,2,validation
4083,2,validation
6132,2,validation
6257,2,validation
6843,2,validation
9673,2,validation
9862,2,validation
10049,2,validation
10308,2,validation
10410,2,validation
10579,2,validation
10727,2,validation
11213,2,validation
11873,2,validation
12243,2,validation
13147,2,validation
13563,2,validation
13618,2,validation
13720,2,validation
15363,2,validation
15444,2,validation
16131,2,validation
16319,2,validation
18500,2,validation
18960,2,validation
19024,2,validation
21551,2,validation
868,2,validation
1871,2,validation
2427,2,validation
2789,2,validation
2799,2,validation
2941,2,validation
3995,2,validation
4372,2,validation
5207,2,validation
5325,2,validation
5339,2,validation
5619,2,validation
6382,2,validation
6513,2,validation
6896,2,validation
7101,2,validation
7603,2,validation
7638,2,validation
8247,2,validation
9436,2,validation
9785,2,validation
10412,2,validation
10681,2,validation
11596,2,validation
12846,2,validation
13110,2,validation
13321,2,validation
15476,2,validation
16050,2,validation
16526,2,validation
16762,2,validation
17008,2,validation
17049,2,validation
17435,2,validation
19670,2,validation
21042,2,validation
21194,2,validation
14621,2,validation
15216,2,validation
346,2,validation
696,2,validation
1157,2,validation
1263,2,validation
1424,2,validation
2442,2,validation
2463,2,validation
3426,2,validation
3705,2,validation
3776,2,validation
4032,2,validation
4324,2,validation
4878,2,validation
5363,2,validation
5952,2,validation
6602,2,validation
6877,2,validation
7843,2,validation
7948,2,validation
8291,2,validation
8863,2,validation
9074,2,validation
9200,2,validation
9269,2,validation
9428,2,validation
10723,2,validation
10761,2,validation
11088,2,validation
11150,2,validation
11555,2,validation
11839,2,validation
11992,2,validation
12491,2,validation
12513,2,validation
13727,2,validation
14033,2,validation
14077,2,validation
14932,2,validation
14972,2,validation
15948,2,validation
15983,2,validation
16390,2,validation
16455,2,validation
16500,2,validation
16573,2,validation
16957,2,validation
16992,2,validation
17775,2,validation
17992,2,validation
18212,2,validation
18747,2,validation
18951,2,validation
18999,2,validation
19254,2,validation
19579,2,validation
20209,2,validation
20270,2,validation
20566,2,validation
20816,2,validation
20862,2,validation
20980,2,validation
21028,2,validation
21163,2,validation
21213,2,validation
37,2,validation
1013,2,validation
1058,2,validation
1107,2,validation
1484,2,validation
1538,2,validation
2461,2,validation
3059,2,validation
3369,2,validation
4209,2,validation
4216,2,validation
4782,2,validation
4914,2,validation
5208,2,validation
6100,2,validation
7040,2,validation
7343,2,validation
7568,2,validation
8072,2,validation
8459,2,validation
8531,2,validation
9131,2,validation
9430,2,validation
9783,2,validation
10254,2,validation
10427,2,validation
10502,2,validation
10635,2,validation
11026,2,validation
11768,2,validation
12044,2,validation
12662,2,validation
13455,2,validation
17051,2,validation
17453,2,validation
17753,2,validation
18199,2,validation
18875,2,validation
19390,2,validation
19496,2,validation
19837,2,validation
20171,2,validation
21293,2,validation
52,2,validation
451,2,validation
566,2,validation
1139,2,validation
1692,2,validation
3004,2,validation
3403,2,validation
3480,2,validation
3633,2,validation
3803,2,validation
4081,2,validation
4882,2,validation
5574,2,validation
6500,2,validation
7372,2,validation
7526,2,validation
7878,2,validation
8393,2,validation
8626,2,validation
9069,2,validation
9263,2,validation
9850,2,validation
12746,2,validation
12892,2,validation
12984,2,validation
13076,2,validation
13152,2,validation
13749,2,validation
15126,2,validation
15572,2,validation
16205,2,validation
16303,2,validation
16936,2,validation
17365,2,validation
17507,2,validation
18433,2,validation
18462,2,validation
18666,2,validation
18935,2,validation
18976,2,validation
19293,2,validation
19375,2,validation
19607,2,validation
19952,2,validation
21549,2,validation
120,2,validation
171,2,validation
574,2,validation
658,2,validation
718,2,validation
1734,2,validation
1851,2,validation
2046,2,validation
2794,2,validation
3604,2,validation
4856,2,validation
5321,2,validation
6053,2,validation
6633,2,validation
7597,2,validation
7971,2,validation
8302,2,validation
8872,2,validation
8932,2,validation
9486,2,validation
9711,2,validation
9875,2,validation
10296,2,validation
10758,2,validation
11155,2,validation
11447,2,validation
11515,2,validation
12020,2,validation
12634,2,validation
13412,2,validation
13908,2,validation
14380,2,validation
14530,2,validation
14685,2,validation
15024,2,validation
15141,2,validation
16077,2,validation
18123,2,validation
18181,2,validation
18245,2,validation
18271,2,validation
18658,2,validation
19257,2,validation
19910,2,validation
21189,2,validation
71,2,validation
130,2,validation
417,2,validation
685,2,validation
1135,2,validation
1557,2,validation
1654,2,validation
1746,2,validation
1976,2,validation
2552,2,validation
2816,2,validation
3549,2,validation
4227,2,validation
4265,2,validation
5303,2,validation
5827,2,validation
5919,2,validation
6358,2,validation
6423,2,validation
7077,2,validation
7121,2,validation
7267,2,validation
7316,2,validation
7564,2,validation
7700,2,validation
7955,2,validation
8368,2,validation
9364,2,validation
9886,2,validation
10102,2,validation
10176,2,validation
11358,2,validation
11735,2,validation
13092,2,validation
13961,2,validation
14433,2,validation
14493,2,validation
14835,2,validation
15131,2,validation
15353,2,validation
15379,2,validation
15652,2,validation
16135,2,validation
17033,2,validation
17303,2,validation
17455,2,validation
18235,2,validation
18349,2,validation
18504,2,validation
18708,2,validation
18726,2,validation
18872,2,validation
19022,2,validation
19543,2,validation
19587,2,validation
20534,2,validation
21196,2,validation
21391,2,validation
21484,2,validation
469,2,validation
1108,2,validation
2234,2,validation
2333,2,validation
3049,2,validation
3088,2,validation
3454,2,validation
3613,2,validation
4058,2,validation
4235,2,validation
4664,2,validation
5499,2,validation
6346,2,validation
8087,2,validation
8873,2,validation
8991,2,validation
9034,2,validation
9728,2,validation
9964,2,validation
12735,2,validation
12736,2,validation
12785,2,validation
12789,2,validation
13220,2,validation
15090,2,validation
15238,2,validation
15982,2,validation
17234,2,validation
17324,2,validation
17506,2,validation
17966,2,validation
17998,2,validation
18576,2,validation
18983,2,validation
19105,2,validation
19208,2,validation
19294,2,validation
19765,2,validation
20022,2,validation
20397,2,validation
20411,2,validation
20437,2,validation
179,2,validation
423,2,validation
468,2,validation
768,2,validation
803,2,validation
839,2,validation
1194,2,validation
1465,2,validation
1630,2,validation
1668,2,validation
2656,2,validation
3541,2,validation
4972,2,validation
5826,2,validation
6176,2,validation
7310,2,validation
7387,2,validation
7473,2,validation
7665,2,validation
8785,2,validation
8813,2,validation
8852,2,validation
9056,2,validation
9714,2,validation
10146,2,validation
10276,2,validation
10331,2,validation
10393,2,validation
10991,2,validation
11034,2,validation
11486,2,validation
11908,2,validation
11957,2,validation
12538,2,validation
13174,2,validation
13295,2,validation
14658,2,validation
15392,2,validation
15504,2,validation
16156,2,validation
16406,2,validation
16697,2,validation
16721,2,validation
17080,2,validation
17469,2,validation
17548,2,validation
17562,2,validation
17686,2,validation
18118,2,validation
18195,2,validation
19845,2,validation
20404,2,validation
20542,2,validation
21576,2,validation
118,2,validation
309,2,validation
456,2,validation
992,2,validation
1360,2,validation
1667,2,validation
2743,2,validation
3060,2,validation
3834,2,validation
4025,2,validation
4219,2,validation
4524,2,validation
4561,2,validation
4699,2,validation
5206,2,validation
5410,2,validation
5739,2,validation
6060,2,validation
6665,2,validation
7394,2,validation
7570,2,validation
8351,2,validation
9991,2,validation
10038,2,validation
10903,2,validation
12862,2,validation
12901,2,validation
13074,2,validation
13626,2,validation
13694,2,validation
13783,2,validation
14020,2,validation
14064,2,validation
14232,2,validation
16152,2,validation
16970,2,validation
17635,2,validation
17959,2,validation
17994,2,validation
18725,2,validation
19221,2,validation
19371,2,validation
19491,2,validation
20028,2,validation
20070,2,validation
20376,2,validation
20506,2,validation
20942,2,validation
21225,2,validation
1105,2,validation
1517,2,validation
2325,2,validation
3833,2,validation
4708,2,validation
5089,2,validation
5465,2,validation
5741,2,validation
5764,2,validation
5942,2,validation
6023,2,validation
6637,2,validation
7440,2,validation
8775,2,validation
8802,2,validation
8857,2,validation
9045,2,validation
9339,2,validation
9840,2,validation
10362,2,validation
11535,2,validation
11684,2,validation
13446,2,validation
13492,2,validation
13645,2,validation
15770,2,validation
15849,2,validation
16414,2,validation
17977,2,validation
18429,2,validation
18446,2,validation
18580,2,validation
19656,2,validation
19691,2,validation
21173,2,validation
21470,2,validation
12088,2,validation
945,2,validation
2267,2,validation
2481,2,validation
2550,2,validation
3355,2,validation
3946,2,validation
4446,2,validation
5228,2,validation
5382,2,validation
5818,2,validation
6829,2,validation
7614,2,validation
7741,2,validation
7953,2,validation
8415,2,validation
8671,2,validation
10219,2,validation
11040,2,validation
11098,2,validation
11871,2,validation
12379,2,validation
12389,2,validation
12465,2,validation
12738,2,validation
13030,2,validation
13458,2,validation
13546,2,validation
14439,2,validation
14585,2,validation
15525,2,validation
15837,2,validation
15928,2,validation
16085,2,validation
16465,2,validation
16837,2,validation
17699,2,validation
18413,2,validation
18659,2,validation
18694,2,validation
19298,2,validation
19374,2,validation
20715,2,validation
198,2,validation
618,2,validation
734,2,validation
1288,2,validation
1331,2,validation
1598,2,validation
1878,2,validation
2574,2,validation
3458,2,validation
3865,2,validation
3913,2,validation
5282,2,validation
5671,2,validation
5791,2,validation
5985,2,validation
6167,2,validation
6218,2,validation
7480,2,validation
7676,2,validation
8742,2,validation
9036,2,validation
9097,2,validation
9127,2,validation
9450,2,validation
10163,2,validation
10611,2,validation
10817,2,validation
11224,2,validation
11495,2,validation
11703,2,validation
13284,2,validation
14120,2,validation
14615,2,validation
15851,2,validation
16024,2,validation
16281,2,validation
16535,2,validation
20080,2,validation
20102,2,validation
20440,2,validation
20656,2,validation
20901,2,validation
21540,2,validation
213,2,validation
615,2,validation
843,2,validation
1075,2,validation
1095,2,validation
1130,2,validation
2465,2,validation
2728,2,validation
3663,2,validation
5035,2,validation
6281,2,validation
7246,2,validation
7793,2,validation
7914,2,validation
8183,2,validation
8601,2,validation
8627,2,validation
8806,2,validation
9248,2,validation
9808,2,validation
10424,2,validation
10483,2,validation
11018,2,validation
11351,2,validation
12199,2,validation
12774,2,validation
12926,2,validation
12973,2,validation
13184,2,validation
14160,2,validation
14300,2,validation
14681,2,validation
15371,2,validation
15389,2,validation
15523,2,validation
17193,2,validation
17368,2,validation
17987,2,validation
18186,2,validation
18621,2,validation
18707,2,validation
19253,2,validation
19622,2,validation
19675,2,validation
19874,2,validation
20128,2,validation
20151,2,validation
20391,2,validation
20696,2,validation
21174,2,validation
21186,2,validation
7,2,validation
215,2,validation
228,2,validation
304,2,validation
802,2,validation
3213,2,validation
3721,2,validation
4254,2,validation
4374,2,validation
4600,2,validation
4898,2,validation
5511,2,validation
5844,2,validation
6646,2,validation
6725,2,validation
6935,2,validation
7753,2,validation
7762,2,validation
8088,2,validation
8685,2,validation
8935,2,validation
9617,2,validation
9892,2,validation
10040,2,validation
10555,2,validation
11125,2,validation
11395,2,validation
13377,2,validation
13445,2,validation
13488,2,validation
14579,2,validation
15115,2,validation
15463,2,validation
15551,2,validation
16031,2,validation
17106,2,validation
17294,2,validation
17599,2,validation
17767,2,validation
18326,2,validation
19157,2,validation
19638,2,validation
20088,2,validation
20527,2,validation
21561,2,validation
173,2,validation
1347,2,validation
1670,2,validation
1710,2,validation
1874,2,validation
1899,2,validation
2480,2,validation
2520,2,validation
3127,2,validation
3492,2,validation
4136,2,validation
4153,2,validation
5041,2,validation
5259,2,validation
5757,2,validation
6031,2,validation
6328,2,validation
7328,2,validation
7688,2,validation
8540,2,validation
8578,2,validation
9085,2,validation
9348,2,validation
9358,2,validation
9859,2,validation
10121,2,validation
10788,2,validation
10809,2,validation
11166,2,validation
11187,2,validation
12072,2,validation
12824,2,validation
15158,2,validation
15254,2,validation
15438,2,validation
15623,2,validation
15868,2,validation
16009,2,validation
16271,2,validation
16296,2,validation
17353,2,validation
17500,2,validation
17540,2,validation
17687,2,validation
19091,2,validation
19322,2,validation
20101,2,validation
20254,2,validation
20424,2,validation
20961,2,validation
21311,2,validation
21611,2,validation
14862,2,validation
2117,2,validation
3887,2,validation
7769,2,validation
12720,2,validation
14745,2,validation
19701,2,validation
20585,2,validation
921,2,validation
939,2,validation
1755,2,validation
2827,2,validation
3276,2,validation
4026,2,validation
4732,2,validation
5805,2,validation
6081,2,validation
6595,2,validation
7547,2,validation
7582,2,validation
7595,2,validation
7636,2,validation
7925,2,validation
8059,2,validation
8353,2,validation
8907,2,validation
8930,2,validation
9400,2,validation
9709,2,validation
9770,2,validation
10078,2,validation
12339,2,validation
12921,2,validation
13276,2,validation
13406,2,validation
13574,2,validation
13781,2,validation
14109,2,validation
14850,2,validation
15017,2,validation
15659,2,validation
15872,2,validation
16978,2,validation
17148,2,validation
17826,2,validation
17878,2,validation
18188,2,validation
19182,2,validation
19897,2,validation
20648,2,validation
20719,2,validation
20904,2,validation
21076,2,validation
21489,2,validation
383,2,validation
637,2,validation
662,2,validation
757,2,validation
783,2,validation
978,2,validation
2096,2,validation
3743,2,validation
3856,2,validation
4135,2,validation
4185,2,validation
4752,2,validation
4952,2,validation
5571,2,validation
5851,2,validation
5997,2,validation
6687,2,validation
8123,2,validation
8209,2,validation
8349,2,validation
8441,2,validation
8835,2,validation
9115,2,validation
9168,2,validation
9342,2,validation
10444,2,validation
11020,2,validation
11502,2,validation
11656,2,validation
11682,2,validation
13637,2,validation
14180,2,validation
14241,2,validation
14377,2,validation
15454,2,validation
15494,2,validation
15865,2,validation
16413,2,validation
16637,2,validation
16711,2,validation
16808,2,validation
17246,2,validation
17844,2,validation
18361,2,validation
18620,2,validation
18821,2,validation
19409,2,validation
19707,2,validation
19756,2,validation
19824,2,validation
19936,2,validation
20184,2,validation
20242,2,validation
20857,2,validation
20953,2,validation
810,2,validation
1027,2,validation
1796,2,validation
2813,2,validation
2934,2,validation
4033,2,validation
4706,2,validation
5271,2,validation
6940,2,validation
7208,2,validation
7465,2,validation
7589,2,validation
7630,2,validation
7877,2,validation
8047,2,validation
8146,2,validation
8527,2,validation
9717,2,validation
9795,2,validation
10910,2,validation
11103,2,validation
11161,2,validation
11900,2,validation
11935,2,validation
12902,2,validation
12949,2,validation
13187,2,validation
13378,2,validation
13405,2,validation
13936,2,validation
14114,2,validation
14157,2,validation
14218,2,validation
14309,2,validation
14367,2,validation
14524,2,validation
15465,2,validation
15666,2,validation
16096,2,validation
17471,2,validation
17514,2,validation
18025,2,validation
18626,2,validation
18663,2,validation
19190,2,validation
19198,2,validation
19473,2,validation
19858,2,validation
571,2,validation
745,2,validation
1065,2,validation
1385,2,validation
2282,2,validation
2784,2,validation
3508,2,validation
3511,2,validation
3592,2,validation
4043,2,validation
4048,2,validation
4331,2,validation
4845,2,validation
5185,2,validation
5283,2,validation
5450,2,validation
5882,2,validation
6040,2,validation
6155,2,validation
6648,2,validation
6694,2,validation
7248,2,validation
7417,2,validation
9028,2,validation
9586,2,validation
9878,2,validation
10158,2,validation
10632,2,validation
12127,2,validation
12274,2,validation
12924,2,validation
13182,2,validation
13269,2,validation
14320,2,validation
14534,2,validation
14652,2,validation
15528,2,validation
15790,2,validation
17065,2,validation
17269,2,validation
18242,2,validation
19695,2,validation
19740,2,validation
19881,2,validation
20314,2,validation
20471,2,validation
21275,2,validation
21577,2,validation
10610,2,excluded_overlap
1464,2,excluded_overlap
13617,2,excluded_overlap
12920,2,excluded_overlap
3540,2,excluded_overlap
12338,2,excluded_overlap
6345,2,excluded_overlap
14366,2,excluded_overlap
345,2,excluded_overlap
93,2,excluded_overlap
717,2,excluded_overlap
7792,2,excluded_overlap
13183,2,excluded_overlap
6789,2,excluded_overlap
5756,2,excluded_overlap
3623,2,excluded_overlap
10253,2,excluded_overlap
7245,2,excluded_overlap
9114,2,excluded_overlap
12388,2,excluded_overlap
15277,2,excluded_overlap
8505,2,excluded_overlap
172,3,train
312,3,train
502,3,train
775,3,train
1041,3,train
1393,3,train
2487,3,train
2580,3,train
3323,3,train
3714,3,train
3723,3,train
4335,3,train
4964,3,train
5002,3,train
5043,3,train
5613,3,train
5657,3,train
5956,3,train
6311,3,train
6424,3,train
6661,3,train
6711,3,train
7323,3,train
7734,3,train
7942,3,train
7961,3,train
8300,3,train
8326,3,train
8892,3,train
9587,3,train
9596,3,train
10246,3,train
10701,3,train
11503,3,train
11577,3,train
11891,3,train
11907,3,train
12366,3,train
12496,3,train
13108,3,train
13648,3,train
13980,3,train
14088,3,train
14817,3,train
15127,3,train
15556,3,train
15921,3,train
16316,3,train
16768,3,train
16880,3,train
16923,3,train
17038,3,train
17055,3,train
17400,3,train
17402,3,train
17480,3,train
18690,3,train
19066,3,train
19566,3,train
19677,3,train
19830,3,train
20149,3,train
20559,3,train
20602,3,train
21161,3,train
21287,3,train
21390,3,train
8110,3,train
8520,3,train
13166,3,train
15891,3,train
3827,3,train
4893,3,train
9661,3,train
14295,3,train
15050,3,train
187,3,train
358,3,train
606,3,train
1278,3,train
1425,3,train
1702,3,train
1774,3,train
1896,3,train
2342,3,train
2527,3,train
2533,3,train
3063,3,train
3174,3,train
3380,3,train
3415,3,train
3753,3,train
3859,3,train
3968,3,train
4169,3,train
4759,3,train
5144,3,train
5396,3,train
5699,3,train
6014,3,train
6114,3,train
6304,3,train
6650,3,train
6859,3,train
6959,3,train
6970,3,train
7505,3,train
7859,3,train
8084,3,train
8166,3,train
8372,3,train
9061,3,train
9126,3,train
9282,3,train
9402,3,train
9557,3,train
10066,3,train
10208,3,train
10573,3,train
10926,3,train
10927,3,train
11299,3,train
11444,3,train
11485,3,train
11607,3,train
11759,3,train
11944,3,train
12161,3,train
12660,3,train
12732,3,train
12777,3,train
13025,3,train
13285,3,train
13809,3,train
13946,3,train
14156,3,train
14197,3,train
14204,3,train
14212,3,train
14869,3,train
16016,3,train
16106,3,train
16775,3,train
16946,3,train
18428,3,train
19511,3,train
19796,3,train
19968,3,train
20053,3,train
20338,3,train
20341,3,train
20381,3,train
20445,3,train
20475,3,train
20554,3,train
20745,3,train
20762,3,train
20955,3,train
21100,3,train
428,3,train
773,3,train
1118,3,train
1260,3,train
1381,3,train
1699,3,train
1831,3,train
2022,3,train
2180,3,train
2616,3,train
2622,3,train
2685,3,train
2966,3,train
3189,3,train
3314,3,train
3448,3,train
3640,3,train
3719,3,train
4595,3,train
4654,3,train
4678,3,train
5352,3,train
5584,3,train
5598,3,train
6296,3,train
6490,3,train
6625,3,train
7583,3,train
8582,3,train
8636,3,train
8766,3,train
8901,3,train
9043,3,train
9089,3,train
9153,3,train
9301,3,train
9327,3,train
9513,3,train
10132,3,train
10226,3,train
10257,3,train
10270,3,train
10511,3,train
10575,3,train
10774,3,train
12042,3,train
12115,3,train
12195,3,train
12258,3,train
12622,3,train
13953,3,train
14352,3,train
14707,3,train
14764,3,train
14955,3,train
15001,3,train
15044,3,train
15130,3,train
15262,3,train
15293,3,train
15416,3,train
15606,3,train
15651,3,train
15842,3,train
15947,3,train
15972,3,train
16175,3,train
17031,3,train
17082,3,train
17213,3,train
17321,3,train
17459,3,train
17857,3,train
18115,3,train
18378,3,train
19076,3,train
19610,3,train
19683,3,train
19868,3,train
20049,3,train
20846,3,train
21148,3,train
21496,3,train
139,3,train
160,3,train
657,3,train
1147,3,train
1171,3,train
1401,3,train
1547,3,train
2224,3,train
2878,3,train
3533,3,train
3765,3,train
3848,3,train
4096,3,train
4675,3,train
4728,3,train
4815,3,train
5060,3,train
5422,3,train
5928,3,train
6203,3,train
6642,3,train
6692,3,train
7125,3,train
7191,3,train
7853,3,train
7935,3,train
8342,3,train
8410,3,train
8430,3,train
8510,3,train
8818,3,train
9037,3,train
9072,3,train
9155,3,train
9286,3,train
9751,3,train
9833,3,train
9938,3,train
9941,3,train
10164,3,train
10847,3,train
11307,3,train
11443,3,train
11680,3,train
12149,3,train
12414,3,train
12502,3,train
12542,3,train
12554,3,train
12555,3,train
12693,3,train
12882,3,train
13044,3,train
13422,3,train
13543,3,train
13932,3,train
14096,3,train
14199,3,train
14422,3,train
14508,3,train
14587,3,train
14976,3,train
15456,3,train
15751,3,train
15902,3,train
16342,3,train
16347,3,train
16372,3,train
16419,3,train
16776,3,train
17287,3,train
17348,3,train
17436,3,train
17617,3,train
18274,3,train
18314,3,train
19042,3,train
19124,3,train
19151,3,train
19580,3,train
19606,3,train
19616,3,train
19769,3,train
19814,3,train
20025,3,train
20156,3,train
20519,3,train
20978,3,train
21263,3,train
21269,3,train
21371,3,train
21381,3,train
21574,3,train
508,3,train
732,3,train
896,3,train
1002,3,train
1309,3,train
1613,3,train
1720,3,train
1780,3,train
1995,3,train
2141,3,train
2359,3,train
2506,3,train
2589,3,train
2885,3,train
2911,3,train
3394,3,train
4009,3,train
4261,3,train
4407,3,train
5401,3,train
5455,3,train
5563,3,train
5970,3,train
6244,3,train
6735,3,train
6754,3,train
6929,3,train
6941,3,train
6981,3,train
7103,3,train
8467,3,train
8704,3,train
9020,3,train
9307,3,train
9350,3,train
9424,3,train
9469,3,train
9560,3,train
9623,3,train
9988,3,train
10033,3,train
10533,3,train
10901,3,train
11130,3,train
11574,3,train
11901,3,train
11942,3,train
12018,3,train
13084,3,train
13864,3,train
14084,3,train
14170,3,train
14626,3,train
15192,3,train
15746,3,train
16294,3,train
16494,3,train
16657,3,train
16688,3,train
16882,3,train
17145,3,train
17820,3,train
18307,3,train
18412,3,train
18551,3,train
18842,3,train
19128,3,train
19167,3,train
19202,3,train
19380,3,train
19426,3,train
19465,3,train
19971,3,train
20350,3,train
20642,3,train
20860,3,train
20873,3,train
21065,3,train
21249,3,train
21277,3,train
21401,3,train
729,3,train
842,3,train
845,3,train
902,3,train
974,3,train
1010,3,train
1120,3,train
1200,3,train
1292,3,train
1558,3,train
1784,3,train
1982,3,train
2149,3,train
2205,3,train
3030,3,train
3202,3,train
3530,3,train
4013,3,train
4538,3,train
5865,3,train
5944,3,train
6454,3,train
6684,3,train
6699,3,train
7567,3,train
7841,3,train
8287,3,train
8448,3,train
8808,3,train
8878,3,train
9071,3,train
9389,3,train
9603,3,train
10364,3,train
10569,3,train
10830,3,train
10853,3,train
10914,3,train
10976,3,train
11193,3,train
11415,3,train
11543,3,train
11708,3,train
11990,3,train
12182,3,train
12661,3,train
12927,3,train
13248,3,train
13333,3,train
13376,3,train
13748,3,train
13933,3,train
13944,3,train
14560,3,train
14670,3,train
15735,3,train
15844,3,train
15932,3,train
16109,3,train
16496,3,train
16632,3,train
16873,3,train
16917,3,train
17084,3,train
17387,3,train
17451,3,train
17543,3,train
17698,3,train
17772,3,train
18146,3,train
18796,3,train
19166,3,train
19412,3,train
19423,3,train
20066,3,train
20417,3,train
20574,3,train
20599,3,train
21431,3,train
21506,3,train
21538,3,train
4572,3,train
5141,3,train
13088,3,train
15242,3,train
20725,3,train
1350,3,train
20099,3,train
5,3,train
55,3,train
133,3,train
393,3,train
495,3,train
1789,3,train
2026,3,train
2075,3,train
2273,3,train
2322,3,train
2389,3,train
3495,3,train
3526,3,train
3897,3,train
4553,3,train
4901,3,train
5186,3,train
5253,3,train
5293,3,train
5472,3,train
5939,3,train
6493,3,train
6511,3,train
7020,3,train
7058,3,train
7341,3,train
7890,3,train
8004,3,train
8400,3,train
8952,3,train
9033,3,train
9090,3,train
9588,3,train
9590,3,train
9669,3,train
9705,3,train
9986,3,train
10002,3,train
10545,3,train
10550,3,train
10563,3,train
10610,3,train
10899,3,train
11528,3,train
11851,3,train
12553,3,train
12562,3,train
12779,3,train
13146,3,train
13158,3,train
13499,3,train
13529,3,train
14085,3,train
14187,3,train
14537,3,train
14622,3,train
14849,3,train
15287,3,train
15547,3,train
15835,3,train
16004,3,train
16197,3,train
16509,3,train
16529,3,train
17197,3,train
17655,3,train
17684,3,train
18405,3,train
18910,3,train
19055,3,train
19104,3,train
19442,3,train
19649,3,train
19742,3,train
19751,3,train
19795,3,train
20068,3,train
20501,3,train
20810,3,train
21469,3,train
251,3,train
320,3,train
1326,3,train
1390,3,train
1436,3,train
1464,3,train
1683,3,train
2570,3,train
3006,3,train
3106,3,train
3302,3,train
3471,3,train
3620,3,train
3748,3,train
4028,3,train
4115,3,train
4133,3,train
4166,3,train
4196,3,train
4556,3,train
4825,3,train
5745,3,train
6166,3,train
6280,3,train
6356,3,train
6938,3,train
7095,3,train
7154,3,train
7875,3,train
8191,3,train
8299,3,train
8379,3,train
9264,3,train
9479,3,train
9732,3,train
9916,3,train
10835,3,train
10981,3,train
11173,3,train
11189,3,train
11225,3,train
11833,3,train
12001,3,train
12189,3,train
12294,3,train
12415,3,train
12441,3,train
12551,3,train
13357,3,train
13424,3,train
13481,3,train
13502,3,train
13590,3,train
13880,3,train
14503,3,train
14655,3,train
15009,3,train
15193,3,train
15234,3,train
15368,3,train
15785,3,train
16018,3,train
16120,3,train
16122,3,train
16176,3,train
16253,3,train
16772,3,train
16961,3,train
16998,3,train
17452,3,train
18101,3,train
18191,3,train
18385,3,train
18773,3,train
19353,3,train
19388,3,train
19918,3,train
20167,3,train
20172,3,train
20433,3,train
20775,3,train
21261,3,train
21449,3,train
21513,3,train
21570,3,train
20,3,train
666,3,train
1249,3,train
1296,3,train
1397,3,train
1716,3,train
1729,3,train
1849,3,train
1921,3,train
2116,3,train
2244,3,train
2286,3,train
2510,3,train
2748,3,train
3293,3,train
3339,3,train
3568,3,train
3660,3,train
3800,3,train
4182,3,train
4735,3,train
4755,3,train
4763,3,train
4795,3,train
4937,3,train
4958,3,train
5018,3,train
5142,3,train
5331,3,train
5355,3,train
5502,3,train
5709,3,train
6136,3,train
6161,3,train
6215,3,train
6260,3,train
6967,3,train
7134,3,train
7418,3,train
7456,3,train
7981,3,train
8143,3,train
8662,3,train
9125,3,train
9173,3,train
9622,3,train
9766,3,train
10069,3,train
10528,3,train
10667,3,train
11045,3,train
11496,3,train
11498,3,train
11840,3,train
11930,3,train
13009,3,train
13032,3,train
13162,3,train
13602,3,train
13968,3,train
14344,3,train
14778,3,train
15283,3,train
15342,3,train
15471,3,train
15477,3,train
15641,3,train
16267,3,train
16864,3,train
17097,3,train
17203,3,train
17230,3,train
17827,3,train
17853,3,train
18029,3,train
18870,3,train
18974,3,train
19413,3,train
20402,3,train
21288,3,train
21590,3,train
195,3,train
212,3,train
387,3,train
778,3,train
828,3,train
879,3,train
967,3,train
1028,3,train
1125,3,train
1748,3,train
2164,3,train
2348,3,train
2657,3,train
2775,3,train
3262,3,train
3368,3,train
4191,3,train
4287,3,train
4323,3,train
4414,3,train
4467,3,train
5306,3,train
5684,3,train
5869,3,train
5934,3,train
5987,3,train
6022,3,train
6584,3,train
6945,3,train
7172,3,train
7548,3,train
7579,3,train
7710,3,train
7919,3,train
7964,3,train
9095,3,train
9453,3,train
9615,3,train
9771,3,train
10363,3,train
10787,3,train
11143,3,train
11278,3,train
11355,3,train
11564,3,train
11761,3,train
12013,3,train
12230,3,train
12233,3,train
12307,3,train
13203,3,train
13286,3,train
13589,3,train
13651,3,train
14261,3,train
14424,3,train
14535,3,train
14583,3,train
14867,3,train
14950,3,train
14951,3,train
15093,3,train
15410,3,train
15684,3,train
16049,3,train
16159,3,train
16388,3,train
16967,3,train
17340,3,train
17962,3,train
18102,3,train
18945,3,train
20278,3,train
20582,3,train
20676,3,train
20687,3,train
20899,3,train
21090,3,train
21441,3,train
21482,3,train
23,3,train
99,3,train
154,3,train
580,3,train
789,3,train
924,3,train
1250,3,train
1714,3,train
1840,3,train
1929,3,train
2134,3,train
2398,3,train
2571,3,train
2705,3,train
3600,3,train
4176,3,train
4257,3,train
4586,3,train
4991,3,train
5151,3,train
5393,3,train
5437,3,train
5501,3,train
5849,3,train
5974,3,train
6004,3,train
7139,3,train
7485,3,train
7923,3,train
8144,3,train
8390,3,train
8763,3,train
8895,3,train
9128,3,train
9198,3,train
9526,3,train
9701,3,train
9761,3,train
10165,3,train
10570,3,train
11091,3,train
11164,3,train
11472,3,train
11600,3,train
11701,3,train
11926,3,train
12288,3,train
12543,3,train
12848,3,train
12873,3,train
13139,3,train
13208,3,train
13862,3,train
14858,3,train
14873,3,train
14889,3,train
16280,3,train
16704,3,train
17054,3,train
17550,3,train
18239,3,train
18534,3,train
18803,3,train
19215,3,train
19623,3,train
19821,3,train
19916,3,train
20006,3,train
20191,3,train
20268,3,train
20949,3,train
20996,3,train
21210,3,train
1050,3,train
4155,3,train
8189,3,train
9528,3,train
15119,3,train
15148,3,train
18741,3,train
18827,3,train
88,3,train
255,3,train
265,3,train
501,3,train
686,3,train
801,3,train
919,3,train
1766,3,train
1856,3,train
2042,3,train
2365,3,train
2518,3,train
2647,3,train
3037,3,train
3087,3,train
3095,3,train
3498,3,train
3507,3,train
3519,3,train
3709,3,train
3782,3,train
3881,3,train
4002,3,train
4378,3,train
4387,3,train
4627,3,train
4667,3,train
4684,3,train
4832,3,train
5084,3,train
5349,3,train
5815,3,train
5992,3,train
6000,3,train
6234,3,train
6279,3,train
6745,3,train
7481,3,train
7984,3,train
8115,3,train
8298,3,train
8635,3,train
8718,3,train
8825,3,train
8847,3,train
8974,3,train
9370,3,train
9432,3,train
9522,3,train
9978,3,train
10119,3,train
10240,3,train
10259,3,train
10904,3,train
11454,3,train
11458,3,train
11983,3,train
12052,3,train
12291,3,train
12471,3,train
13459,3,train
13798,3,train
14004,3,train
14107,3,train
14595,3,train
15347,3,train
16351,3,train
16603,3,train
16691,3,train
16841,3,train
17678,3,train
17719,3,train
17829,3,train
18294,3,train
18732,3,train
18923,3,train
18997,3,train
19542,3,train
20007,3,train
20170,3,train
20201,3,train
20552,3,train
21048,3,train
375,3,train
455,3,train
926,3,train
1026,3,train
1084,3,train
1206,3,train
1379,3,train
1760,3,train
1950,3,train
1953,3,train
2081,3,train
2129,3,train
2284,3,train
2313,3,train
2423,3,train
2995,3,train
3201,3,train
3769,3,train
3942,3,train
4069,3,train
4243,3,train
4452,3,train
4606,3,train
4823,3,train
5138,3,train
5398,3,train
5753,3,train
6601,3,train
6603,3,train
7030,3,train
7087,3,train
7123,3,train
7300,3,train
7411,3,train
7458,3,train
7551,3,train
7573,3,train
7585,3,train
7725,3,train
7845,3,train
8114,3,train
8490,3,train
8528,3,train
8674,3,train
8900,3,train
8961,3,train
9403,3,train
9529,3,train
9696,3,train
9935,3,train
10017,3,train
10215,3,train
10234,3,train
11003,3,train
11375,3,train
11405,3,train
11442,3,train
11818,3,train
11821,3,train
11938,3,train
12131,3,train
12176,3,train
12745,3,train
13150,3,train
13234,3,train
13267,3,train
13354,3,train
13362,3,train
13426,3,train
13685,3,train
13811,3,train
14505,3,train
14518,3,train
14724,3,train
14729,3,train
14747,3,train
15023,3,train
15183,3,train
15332,3,train
15365,3,train
15764,3,train
16405,3,train
16478,3,train
16566,3,train
16629,3,train
16643,3,train
16746,3,train
16803,3,train
16829,3,train
16886,3,train
17176,3,train
17624,3,train
18315,3,train
18330,3,train
18528,3,train
18648,3,train
18937,3,train
18954,3,train
19053,3,train
19188,3,train
19229,3,train
19330,3,train
19462,3,train
19924,3,train
19929,3,train
20192,3,train
20196,3,train
20480,3,train
20493,3,train
20502,3,train
20511,3,train
20833,3,train
21004,3,train
21372,3,train
21559,3,train
21573,3,train
505,3,train
624,3,train
850,3,train
953,3,train
1687,3,train
1834,3,train
1956,3,train
1978,3,train
2596,3,train
2769,3,train
2804,3,train
3153,3,train
3154,3,train
3408,3,train
3501,3,train
3506,3,train
3851,3,train
4206,3,train
4808,3,train
4848,3,train
5091,3,train
5216,3,train
5366,3,train
5497,3,train
5541,3,train
5658,3,train
5758,3,train
6017,3,train
6403,3,train
6748,3,train
6822,3,train
6887,3,train
6962,3,train
7647,3,train
7862,3,train
8177,3,train
8508,3,train
8563,3,train
8734,3,train
9288,3,train
10394,3,train
10845,3,train
11151,3,train
11872,3,train
11883,3,train
12098,3,train
12184,3,train
12239,3,train
12261,3,train
12302,3,train
12750,3,train
13090,3,train
13170,3,train
13606,3,train
13930,3,train
13987,3,train
14078,3,train
14459,3,train
14559,3,train
14740,3,train
14767,3,train
14959,3,train
15111,3,train
15376,3,train
15609,3,train
16092,3,train
16233,3,train
16263,3,train
16330,3,train
16782,3,train
17045,3,train
17542,3,train
18138,3,train
18158,3,train
18278,3,train
18286,3,train
18674,3,train
18709,3,train
18865,3,train
18920,3,train
18925,3,train
19029,3,train
19065,3,train
19123,3,train
19196,3,train
19334,3,train
19627,3,train
19825,3,train
19878,3,train
20010,3,train
20072,3,train
20729,3,train
21094,3,train
21608,3,train
90,3,train
629,3,train
914,3,train
1052,3,train
1389,3,train
1449,3,train
1697,3,train
2449,3,train
2703,3,train
3058,3,train
3375,3,train
3376,3,train
3569,3,train
3841,3,train
4356,3,train
4712,3,train
5005,3,train
5274,3,train
5632,3,train
5858,3,train
6084,3,train
6529,3,train
6575,3,train
7118,3,train
7131,3,train
7384,3,train
7571,3,train
7786,3,train
8156,3,train
8367,3,train
8397,3,train
9165,3,train
9262,3,train
9637,3,train
9660,3,train
10012,3,train
10170,3,train
10486,3,train
10519,3,train
11510,3,train
11599,3,train
12123,3,train
12591,3,train
12768,3,train
12864,3,train
13018,3,train
13245,3,train
13470,3,train
13611,3,train
13617,3,train
14175,3,train
14649,3,train
14876,3,train
15222,3,train
15407,3,train
15909,3,train
16121,3,train
16325,3,train
16434,3,train
16520,3,train
16598,3,train
16823,3,train
17053,3,train
17147,3,train
17363,3,train
17553,3,train
17812,3,train
18316,3,train
18324,3,train
18363,3,train
18439,3,train
18505,3,train
18781,3,train
18890,3,train
19005,3,train
19260,3,train
19665,3,train
19788,3,train
19852,3,train
19931,3,train
20015,3,train
20166,3,train
20233,3,train
20621,3,train
20652,3,train
20707,3,train
20784,3,train
20970,3,train
21221,3,train
21326,3,train
21339,3,train
106,3,train
465,3,train
546,3,train
630,3,train
652,3,train
1035,3,train
1184,3,train
1310,3,train
1665,3,train
1792,3,train
1908,3,train
2376,3,train
2431,3,train
2548,3,train
2595,3,train
2803,3,train
2840,3,train
3026,3,train
3785,3,train
4143,3,train
4390,3,train
4474,3,train
4802,3,train
4828,3,train
5071,3,train
5129,3,train
5154,3,train
5209,3,train
5227,3,train
5309,3,train
5319,3,train
5557,3,train
6049,3,train
6801,3,train
7249,3,train
7325,3,train
7896,3,train
8667,3,train
8771,3,train
8826,3,train
8940,3,train
10416,3,train
10697,3,train
10870,3,train
11519,3,train
12375,3,train
12401,3,train
12413,3,train
12651,3,train
12844,3,train
12868,3,train
12992,3,train
13189,3,train
13264,3,train
13764,3,train
14636,3,train
15260,3,train
16221,3,train
16568,3,train
16675,3,train
16862,3,train
16892,3,train
17039,3,train
17258,3,train
17315,3,train
17347,3,train
17433,3,train
17447,3,train
17653,3,train
17733,3,train
17883,3,train
18132,3,train
18702,3,train
18749,3,train
19071,3,train
19256,3,train
19306,3,train
19555,3,train
20221,3,train
20347,3,train
20387,3,train
20477,3,train
21453,3,train
1365,3,train
2921,3,train
4486,3,train
9253,3,train
9340,3,train
11346,3,train
11455,3,train
12393,3,train
13826,3,train
16646,3,train
19583,3,train
2943,3,train
8670,3,train
8960,3,train
11240,3,train
17627,3,train
2211,3,train
7130,3,train
8541,3,train
11345,3,train
14460,3,train
14697,3,train
15871,3,train
19538,3,train
11,3,train
214,3,train
506,3,train
663,3,train
984,3,train
1071,3,train
1237,3,train
1303,3,train
1593,3,train
2097,3,train
2150,3,train
2257,3,train
2591,3,train
2715,3,train
3098,3,train
3397,3,train
3407,3,train
3983,3,train
4053,3,train
4621,3,train
4676,3,train
4754,3,train
5354,3,train
5792,3,train
5829,3,train
6143,3,train
6308,3,train
6325,3,train
6455,3,train
6826,3,train
7472,3,train
7693,3,train
7717,3,train
8196,3,train
8236,3,train
8329,3,train
8577,3,train
8733,3,train
9187,3,train
9459,3,train
9599,3,train
9775,3,train
9839,3,train
9932,3,train
10016,3,train
10188,3,train
10628,3,train
10650,3,train
10652,3,train
11048,3,train
11207,3,train
11290,3,train
11397,3,train
11862,3,train
12644,3,train
13054,3,train
13106,3,train
13149,3,train
13169,3,train
13320,3,train
13323,3,train
13620,3,train
13887,3,train
14301,3,train
14694,3,train
14721,3,train
14748,3,train
14861,3,train
15118,3,train
15533,3,train
15900,3,train
15908,3,train
15922,3,train
16517,3,train
16622,3,train
16647,3,train
16725,3,train
17122,3,train
17260,3,train
17270,3,train
17339,3,train
17566,3,train
17572,3,train
17609,3,train
17801,3,train
17861,3,train
17864,3,train
18661,3,train
18802,3,train
18950,3,train
19007,3,train
19499,3,train
19833,3,train
19848,3,train
20047,3,train
20352,3,train
20505,3,train
20628,3,train
20750,3,train
20923,3,train
21202,3,train
21313,3,train
21481,3,train
12,3,train
36,3,train
549,3,train
681,3,train
964,3,train
1099,3,train
1388,3,train
1515,3,train
1595,3,train
1655,3,train
1733,3,train
1895,3,train
2344,3,train
2372,3,train
3082,3,train
3396,3,train
4049,3,train
4211,3,train
4294,3,train
4394,3,train
4458,3,train
4620,3,train
4843,3,train
5153,3,train
5469,3,train
5536,3,train
5662,3,train
5863,3,train
5884,3,train
6054,3,train
6099,3,train
6803,3,train
7185,3,train
7264,3,train
7445,3,train
7559,3,train
7922,3,train
8239,3,train
8452,3,train
8516,3,train
8529,3,train
9289,3,train
9993,3,train
10583,3,train
10603,3,train
10691,3,train
10823,3,train
10963,3,train
11115,3,train
11419,3,train
11603,3,train
11642,3,train
11695,3,train
11726,3,train
11934,3,train
11941,3,train
12024,3,train
12141,3,train
12168,3,train
12223,3,train
12521,3,train
12525,3,train
12697,3,train
12765,3,train
13046,3,train
13271,3,train
13350,3,train
13370,3,train
14022,3,train
14338,3,train
14515,3,train
14629,3,train
14732,3,train
14739,3,train
14771,3,train
15339,3,train
15341,3,train
15858,3,train
16171,3,train
16232,3,train
16320,3,train
16339,3,train
16482,3,train
16660,3,train
17068,3,train
17233,3,train
17235,3,train
17299,3,train
17343,3,train
17360,3,train
17462,3,train
17537,3,train
17669,3,train
17833,3,train
17859,3,train
18124,3,train
18205,3,train
18261,3,train
18478,3,train
18712,3,train
18993,3,train
19337,3,train
19886,3,train
20005,3,train
20281,3,train
20761,3,train
21102,3,train
21394,3,train
21402,3,train
17,3,train
137,3,train
227,3,train
239,3,train
299,3,train
760,3,train
985,3,train
1327,3,train
1468,3,train
1520,3,train
1933,3,train
1963,3,train
1977,3,train
2638,3,train
2681,3,train
2871,3,train
3301,3,train
3353,3,train
3626,3,train
3735,3,train
3741,3,train
3965,3,train
4130,3,train
4205,3,train
4940,3,train
5103,3,train
5299,3,train
6150,3,train
6604,3,train
7517,3,train
7724,3,train
7784,3,train
7883,3,train
8076,3,train
8562,3,train
8564,3,train
8725,3,train
8959,3,train
9755,3,train
10037,3,train
10484,3,train
11592,3,train
11612,3,train
11889,3,train
12872,3,train
12920,3,train
12989,3,train
13143,3,train
14052,3,train
14208,3,train
14289,3,train
14342,3,train
14381,3,train
14582,3,train
14935,3,train
14943,3,train
15069,3,train
15534,3,train
15720,3,train
15930,3,train
16729,3,train
16964,3,train
17088,3,train
17138,3,train
17401,3,train
18228,3,train
18322,3,train
18468,3,train
18836,3,train
19532,3,train
20079,3,train
20223,3,train
20908,3,train
21397,3,train
21579,3,train
177,3,train
874,3,train
892,3,train
1077,3,train
1470,3,train
1691,3,train
2551,3,train
2821,3,train
4268,3,train
4519,3,train
5049,3,train
5267,3,train
5648,3,train
6222,3,train
6739,3,train
6906,3,train
7374,3,train
7608,3,train
7830,3,train
8743,3,train
8756,3,train
8811,3,train
8988,3,train
9094,3,train
9583,3,train
9616,3,train
10111,3,train
10122,3,train
10461,3,train
10538,3,train
10618,3,train
11006,3,train
11782,3,train
11857,3,train
12899,3,train
13167,3,train
13588,3,train
13815,3,train
13869,3,train
13891,3,train
14242,3,train
14317,3,train
14564,3,train
14871,3,train
14966,3,train
15768,3,train
15882,3,train
16302,3,train
16422,3,train
16781,3,train
16794,3,train
16910,3,train
17167,3,train
17182,3,train
17519,3,train
18460,3,train
18540,3,train
18557,3,train
19180,3,train
19624,3,train
19663,3,train
20125,3,train
20265,3,train
20289,3,train
20733,3,train
4094,3,train
6265,3,train
7276,3,train
13567,3,train
16105,3,train
19904,3,train
1439,3,train
1837,3,train
2781,3,train
2867,3,train
8869,3,train
12100,3,train
18308,3,train
84,3,train
298,3,train
336,3,train
1102,3,train
1518,3,train
1580,3,train
1738,3,train
1861,3,train
2058,3,train
2242,3,train
2419,3,train
2896,3,train
3473,3,train
3478,3,train
3837,3,train
3912,3,train
3984,3,train
4014,3,train
4120,3,train
4580,3,train
4671,3,train
4776,3,train
4885,3,train
5954,3,train
6085,3,train
6106,3,train
6314,3,train
6335,3,train
6474,3,train
6741,3,train
7164,3,train
7539,3,train
7754,3,train
7800,3,train
7802,3,train
7810,3,train
8151,3,train
8339,3,train
8574,3,train
8588,3,train
9003,3,train
9208,3,train
9218,3,train
9488,3,train
9618,3,train
9767,3,train
9868,3,train
9898,3,train
10494,3,train
10497,3,train
10754,3,train
11152,3,train
11400,3,train
11655,3,train
12022,3,train
12315,3,train
13625,3,train
14191,3,train
15250,3,train
15559,3,train
15599,3,train
15936,3,train
15984,3,train
16196,3,train
16275,3,train
16650,3,train
16780,3,train
16931,3,train
17808,3,train
17876,3,train
17951,3,train
18490,3,train
18630,3,train
18774,3,train
20108,3,train
20470,3,train
21185,3,train
21459,3,train
64,3,train
481,3,train
573,3,train
754,3,train
884,3,train
905,3,train
1341,3,train
1544,3,train
1594,3,train
1909,3,train
2072,3,train
2296,3,train
2384,3,train
2666,3,train
2721,3,train
2809,3,train
2938,3,train
2940,3,train
3257,3,train
3289,3,train
3317,3,train
3643,3,train
3790,3,train
4022,3,train
4513,3,train
4758,3,train
4954,3,train
5304,3,train
5841,3,train
6636,3,train
6869,3,train
7165,3,train
7747,3,train
7791,3,train
7867,3,train
7881,3,train
8230,3,train
8834,3,train
8987,3,train
9113,3,train
9567,3,train
10046,3,train
10063,3,train
10204,3,train
10432,3,train
10518,3,train
10960,3,train
11017,3,train
11162,3,train
11387,3,train
11427,3,train
11985,3,train
12205,3,train
12585,3,train
12808,3,train
13165,3,train
13287,3,train
13861,3,train
13929,3,train
13960,3,train
13962,3,train
14074,3,train
14272,3,train
14327,3,train
14341,3,train
14611,3,train
15140,3,train
15464,3,train
15488,3,train
15691,3,train
15733,3,train
16265,3,train
16399,3,train
16504,3,train
16681,3,train
16767,3,train
16783,3,train
17005,3,train
17104,3,train
17142,3,train
17495,3,train
17782,3,train
17870,3,train
17892,3,train
17982,3,train
18095,3,train
18470,3,train
18475,3,train
18637,3,train
19067,3,train
19070,3,train
19106,3,train
19135,3,train
19286,3,train
19307,3,train
19637,3,train
19806,3,train
19867,3,train
19877,3,train
20145,3,train
20629,3,train
21435,3,train
225,3,train
350,3,train
355,3,train
595,3,train
725,3,train
885,3,train
1403,3,train
1516,3,train
1596,3,train
1646,3,train
1728,3,train
2091,3,train
2292,3,train
2446,3,train
3038,3,train
3141,3,train
3229,3,train
3341,3,train
3814,3,train
3964,3,train
4018,3,train
4062,3,train
4089,3,train
4368,3,train
4459,3,train
4726,3,train
5527,3,train
5617,3,train
5729,3,train
5795,3,train
6071,3,train
6226,3,train
6336,3,train
6475,3,train
6503,3,train
6897,3,train
7138,3,train
7511,3,train
7831,3,train
8199,3,train
8465,3,train
8521,3,train
8735,3,train
8816,3,train
8829,3,train
8859,3,train
9147,3,train
9257,3,train
9769,3,train
10142,3,train
10441,3,train
10868,3,train
11261,3,train
11325,3,train
11410,3,train
11613,3,train
11848,3,train
12056,3,train
12112,3,train
12219,3,train
13049,3,train
13230,3,train
13777,3,train
13871,3,train
13899,3,train
14049,3,train
14252,3,train
14561,3,train
14918,3,train
15421,3,train
15631,3,train
15906,3,train
16110,3,train
16160,3,train
16177,3,train
16428,3,train
16718,3,train
16952,3,train
16968,3,train
17017,3,train
17364,3,train
17403,3,train
17679,3,train
17735,3,train
18010,3,train
18949,3,train
19127,3,train
19155,3,train
19217,3,train
19386,3,train
19427,3,train
19504,3,train
19836,3,train
20032,3,train
20306,3,train
20760,3,train
21075,3,train
21108,3,train
21416,3,train
168,3,train
221,3,train
360,3,train
747,3,train
807,3,train
1022,3,train
1054,3,train
1132,3,train
1183,3,train
1199,3,train
1286,3,train
1336,3,train
1349,3,train
1467,3,train
1735,3,train
1762,3,train
2079,3,train
2513,3,train
2894,3,train
3428,3,train
3512,3,train
3594,3,train
3818,3,train
4005,3,train
4255,3,train
4696,3,train
4957,3,train
5122,3,train
5295,3,train
6018,3,train
6917,3,train
7019,3,train
7086,3,train
7088,3,train
7098,3,train
7917,3,train
8195,3,train
8316,3,train
8380,3,train
8796,3,train
8821,3,train
8931,3,train
8965,3,train
9144,3,train
9693,3,train
9929,3,train
10028,3,train
10064,3,train
10894,3,train
11284,3,train
11899,3,train
11919,3,train
12197,3,train
12226,3,train
12444,3,train
12514,3,train
12834,3,train
12835,3,train
13807,3,train
13878,3,train
14167,3,train
14400,3,train
14507,3,train
14673,3,train
14805,3,train
14960,3,train
15092,3,train
15388,3,train
15466,3,train
15635,3,train
15946,3,train
15995,3,train
16154,3,train
16654,3,train
16812,3,train
16983,3,train
17086,3,train
17158,3,train
17332,3,train
17630,3,train
17815,3,train
18222,3,train
18331,3,train
18370,3,train
18427,3,train
19309,3,train
19920,3,train
20142,3,train
20483,3,train
20526,3,train
20735,3,train
20968,3,train
21157,3,train
804,3,train
832,3,train
1224,3,train
1297,3,train
2935,3,train
3297,3,train
3379,3,train
3653,3,train
3819,3,train
3971,3,train
4429,3,train
4673,3,train
5408,3,train
6983,3,train
7045,3,train
7183,3,train
7200,3,train
7366,3,train
7368,3,train
7404,3,train
8580,3,train
8607,3,train
9267,3,train
9628,3,train
9697,3,train
10491,3,train
10590,3,train
10796,3,train
11209,3,train
11715,3,train
11937,3,train
12139,3,train
12403,3,train
12451,3,train
12519,3,train
12587,3,train
12607,3,train
12670,3,train
13112,3,train
13200,3,train
13695,3,train
14346,3,train
14369,3,train
14383,3,train
14796,3,train
14839,3,train
14859,3,train
15346,3,train
15561,3,train
15698,3,train
16020,3,train
16435,3,train
17025,3,train
17607,3,train
17613,3,train
17734,3,train
18299,3,train
18609,3,train
19995,3,train
20048,3,train
20226,3,train
20446,3,train
20451,3,train
20592,3,train
21219,3,train
12997,3,train
15574,3,train
16590,3,train
20763,3,train
4690,3,train
7302,3,train
9232,3,train
9781,3,train
13658,3,train
15253,3,train
18455,3,train
18458,3,train
20730,3,train
20826,3,train
78,3,train
376,3,train
682,3,train
1053,3,train
1939,3,train
1951,3,train
2112,3,train
2254,3,train
2276,3,train
2740,3,train
2801,3,train
2831,3,train
2849,3,train
3373,3,train
3417,3,train
3562,3,train
4177,3,train
4554,3,train
4736,3,train
4769,3,train
5655,3,train
6545,3,train
6794,3,train
7013,3,train
7056,3,train
7114,3,train
7182,3,train
7641,3,train
7743,3,train
8371,3,train
8398,3,train
8481,3,train
8739,3,train
8963,3,train
9068,3,train
9182,3,train
9317,3,train
9548,3,train
9582,3,train
9934,3,train
9946,3,train
9999,3,train
10194,3,train
10561,3,train
10565,3,train
10918,3,train
11393,3,train
11968,3,train
12250,3,train
12701,3,train
13130,3,train
13627,3,train
13988,3,train
14102,3,train
14651,3,train
14731,3,train
14755,3,train
14908,3,train
14941,3,train
14962,3,train
16245,3,train
16349,3,train
16420,3,train
16483,3,train
16499,3,train
16585,3,train
16684,3,train
16739,3,train
16795,3,train
16805,3,train
17232,3,train
17238,3,train
17414,3,train
17486,3,train
17551,3,train
17700,3,train
17923,3,train
17933,3,train
18105,3,train
18113,3,train
18130,3,train
18633,3,train
18953,3,train
19192,3,train
19398,3,train
19490,3,train
19589,3,train
19728,3,train
19800,3,train
19913,3,train
19919,3,train
20063,3,train
21019,3,train
21428,3,train
21452,3,train
72,3,train
235,3,train
613,3,train
698,3,train
890,3,train
1025,3,train
1681,3,train
1974,3,train
2105,3,train
2500,3,train
2521,3,train
2690,3,train
3055,3,train
3326,3,train
3540,3,train
3784,3,train
4258,3,train
4596,3,train
4697,3,train
4870,3,train
4988,3,train
4989,3,train
5630,3,train
5639,3,train
5778,3,train
5969,3,train
6109,3,train
6289,3,train
6401,3,train
6442,3,train
6496,3,train
6659,3,train
6723,3,train
7211,3,train
7256,3,train
7549,3,train
7874,3,train
7930,3,train
7972,3,train
8078,3,train
8116,3,train
8119,3,train
8153,3,train
8475,3,train
8909,3,train
9361,3,train
9384,3,train
9437,3,train
9553,3,train
9562,3,train
9604,3,train
10216,3,train
10439,3,train
10587,3,train
10680,3,train
11068,3,train
11096,3,train
11126,3,train
11452,3,train
11525,3,train
12103,3,train
12249,3,train
12329,3,train
12793,3,train
12815,3,train
12929,3,train
13319,3,train
13471,3,train
13793,3,train
14159,3,train
14446,3,train
14468,3,train
15399,3,train
15807,3,train
15915,3,train
16072,3,train
16260,3,train
16445,3,train
16516,3,train
16879,3,train
17060,3,train
17072,3,train
17523,3,train
17794,3,train
17889,3,train
18830,3,train
19360,3,train
19403,3,train
19464,3,train
19625,3,train
19686,3,train
19896,3,train
20129,3,train
20691,3,train
20905,3,train
20983,3,train
21146,3,train
21583,3,train
100,3,train
169,3,train
790,3,train
1300,3,train
1739,3,train
2005,3,train
2094,3,train
2162,3,train
2345,3,train
2366,3,train
2619,3,train
3280,3,train
3328,3,train
3750,3,train
3810,3,train
3914,3,train
3985,3,train
4086,3,train
4665,3,train
4751,3,train
4993,3,train
5463,3,train
5529,3,train
5747,3,train
5786,3,train
5856,3,train
6320,3,train
6644,3,train
6738,3,train
8038,3,train
8537,3,train
8587,3,train
8598,3,train
8619,3,train
8620,3,train
8824,3,train
8943,3,train
9129,3,train
9391,3,train
9662,3,train
9896,3,train
10106,3,train
10229,3,train
10844,3,train
11117,3,train
11198,3,train
11200,3,train
11253,3,train
11791,3,train
12417,3,train
12490,3,train
12841,3,train
12861,3,train
12903,3,train
13069,3,train
13272,3,train
14010,3,train
14128,3,train
14163,3,train
14550,3,train
14556,3,train
14737,3,train
15818,3,train
15969,3,train
16029,3,train
16038,3,train
16180,3,train
16696,3,train
16856,3,train
16942,3,train
17366,3,train
17463,3,train
17741,3,train
17894,3,train
18133,3,train
18216,3,train
18319,3,train
18775,3,train
18909,3,train
18967,3,train
19240,3,train
20009,3,train
20093,3,train
20173,3,train
20240,3,train
20515,3,train
20562,3,train
20589,3,train
20701,3,train
20919,3,train
69,3,train
132,3,train
307,3,train
458,3,train
509,3,train
730,3,train
772,3,train
779,3,train
781,3,train
875,3,train
941,3,train
1012,3,train
1568,3,train
2130,3,train
2171,3,train
2305,3,train
2453,3,train
2491,3,train
2700,3,train
2712,3,train
2910,3,train
3840,3,train
3873,3,train
4237,3,train
4289,3,train
4473,3,train
4781,3,train
5454,3,train
5591,3,train
5640,3,train
6030,3,train
6169,3,train
6386,3,train
6451,3,train
6817,3,train
7143,3,train
7391,3,train
7447,3,train
7879,3,train
8276,3,train
8408,3,train
8586,3,train
8717,3,train
9038,3,train
9060,3,train
9080,3,train
9786,3,train
10054,3,train
10385,3,train
10617,3,train
10629,3,train
10940,3,train
11124,3,train
11714,3,train
11928,3,train
12061,3,train
12381,3,train
12448,3,train
12913,3,train
12935,3,train
13294,3,train
13427,3,train
13449,3,train
13641,3,train
13649,3,train
14466,3,train
14840,3,train
15101,3,train
15419,3,train
15575,3,train
15642,3,train
15736,3,train
16028,3,train
16132,3,train
16474,3,train
16556,3,train
17175,3,train
17229,3,train
17526,3,train
17649,3,train
17831,3,train
18771,3,train
19175,3,train
19246,3,train
19585,3,train
20322,3,train
21058,3,train
21345,3,train
21472,3,train
21536,3,train
35,3,train
128,3,train
182,3,train
563,3,train
726,3,train
1501,3,train
1882,3,train
2505,3,train
3239,3,train
3349,3,train
3696,3,train
3944,3,train
3947,3,train
4812,3,train
5471,3,train
5836,3,train
6015,3,train
6421,3,train
6770,3,train
6787,3,train
7067,3,train
7083,3,train
7576,3,train
7584,3,train
7660,3,train
7697,3,train
7954,3,train
8048,3,train
8466,3,train
8880,3,train
9102,3,train
9464,3,train
10173,3,train
10310,3,train
10548,3,train
10646,3,train
10836,3,train
10848,3,train
11331,3,train
11438,3,train
12505,3,train
12579,3,train
12931,3,train
13442,3,train
13477,3,train
13638,3,train
13736,3,train
13812,3,train
14409,3,train
14552,3,train
14875,3,train
15441,3,train
15594,3,train
15986,3,train
16929,3,train
16974,3,train
17129,3,train
17231,3,train
17312,3,train
17388,3,train
17743,3,train
17787,3,train
18066,3,train
18075,3,train
18243,3,train
18310,3,train
19063,3,train
19278,3,train
19367,3,train
19557,3,train
19563,3,train
19611,3,train
20579,3,train
20679,3,train
20917,3,train
21016,3,train
21209,3,train
21272,3,train
494,3,train
1003,3,train
1781,3,train
1876,3,train
4328,3,train
8492,3,train
12604,3,train
20971,3,train
776,3,train
6180,3,train
7457,3,train
8392,3,train
11042,3,train
11589,3,train
16194,3,train
231,3,train
670,3,train
1283,3,train
1690,3,train
1850,3,train
2136,3,train
2272,3,train
2868,3,train
3817,3,train
3918,3,train
3955,3,train
4006,3,train
4532,3,train
4539,3,train
4597,3,train
4682,3,train
4731,3,train
4773,3,train
4931,3,train
5491,3,train
5620,3,train
5649,3,train
5899,3,train
6090,3,train
6502,3,train
6702,3,train
7039,3,train
7104,3,train
7232,3,train
7599,3,train
7686,3,train
7870,3,train
7949,3,train
8060,3,train
8197,3,train
8669,3,train
8782,3,train
9352,3,train
9576,3,train
9579,3,train
9655,3,train
9718,3,train
10008,3,train
10073,3,train
10326,3,train
10578,3,train
10770,3,train
10971,3,train
11122,3,train
11139,3,train
11362,3,train
12372,3,train
12630,3,train
12751,3,train
12865,3,train
12925,3,train
13516,3,train
13652,3,train
13745,3,train
13758,3,train
14234,3,train
15247,3,train
15269,3,train
15579,3,train
15843,3,train
15888,3,train
15903,3,train
16079,3,train
16153,3,train
16167,3,train
16493,3,train
16554,3,train
16602,3,train
17099,3,train
17286,3,train
17510,3,train
18028,3,train
18218,3,train
18273,3,train
18687,3,train
18756,3,train
18809,3,train
18912,3,train
19002,3,train
19479,3,train
19653,3,train
19794,3,train
20453,3,train
20617,3,train
20635,3,train
20900,3,train
21145,3,train
21184,3,train
21297,3,train
21330,3,train
21380,3,train
21438,3,train
614,3,train
1007,3,train
1090,3,train
1629,3,train
1711,3,train
2003,3,train
2010,3,train
2128,3,train
2598,3,train
2754,3,train
3139,3,train
3578,3,train
3615,3,train
3676,3,train
4088,3,train
4308,3,train
4377,3,train
4384,3,train
5431,3,train
5514,3,train
5595,3,train
6111,3,train
6362,3,train
6606,3,train
6880,3,train
7041,3,train
7155,3,train
7192,3,train
7297,3,train
7336,3,train
7633,3,train
7677,3,train
7855,3,train
8092,3,train
8200,3,train
8281,3,train
8426,3,train
8486,3,train
8488,3,train
8615,3,train
8730,3,train
9030,3,train
9409,3,train
9725,3,train
9760,3,train
9807,3,train
10157,3,train
10200,3,train
10956,3,train
11223,3,train
11245,3,train
11379,3,train
11569,3,train
11598,3,train
11630,3,train
11647,3,train
12048,3,train
12119,3,train
12181,3,train
12214,3,train
12297,3,train
12440,3,train
13463,3,train
13656,3,train
13784,3,train
13786,3,train
14025,3,train
14092,3,train
14224,3,train
14311,3,train
14379,3,train
14668,3,train
14783,3,train
14827,3,train
14939,3,train
15051,3,train
15244,3,train
15256,3,train
15303,3,train
15412,3,train
15655,3,train
15880,3,train
15999,3,train
16392,3,train
16481,3,train
16761,3,train
16799,3,train
17098,3,train
17132,3,train
17177,3,train
17179,3,train
17317,3,train
17359,3,train
17761,3,train
17811,3,train
17980,3,train
17991,3,train
18226,3,train
18432,3,train
18542,3,train
19129,3,train
19244,3,train
19327,3,train
19389,3,train
19847,3,train
19849,3,train
20539,3,train
20556,3,train
20773,3,train
20842,3,train
21505,3,train
21532,3,train
87,3,train
124,3,train
313,3,train
392,3,train
404,3,train
527,3,train
1017,3,train
1343,3,train
1650,3,train
2114,3,train
2410,3,train
2448,3,train
2762,3,train
2797,3,train
3363,3,train
3385,3,train
3577,3,train
4239,3,train
4247,3,train
4695,3,train
5033,3,train
5047,3,train
5132,3,train
5233,3,train
5235,3,train
5458,3,train
6037,3,train
6342,3,train
6444,3,train
6799,3,train
7061,3,train
7238,3,train
7315,3,train
7563,3,train
7764,3,train
8077,3,train
8638,3,train
9196,3,train
9205,3,train
9217,3,train
9545,3,train
9961,3,train
10177,3,train
10520,3,train
10736,3,train
10872,3,train
11065,3,train
11257,3,train
11534,3,train
11866,3,train
11965,3,train
12338,3,train
12352,3,train
12580,3,train
12799,3,train
13047,3,train
13242,3,train
13322,3,train
14166,3,train
14722,3,train
15350,3,train
15413,3,train
15568,3,train
15694,3,train
15899,3,train
15966,3,train
16113,3,train
16208,3,train
16431,3,train
16740,3,train
17023,3,train
17124,3,train
17223,3,train
17241,3,train
17891,3,train
17918,3,train
18121,3,train
18369,3,train
18402,3,train
18814,3,train
19019,3,train
19037,3,train
19295,3,train
19342,3,train
19399,3,train
19591,3,train
19883,3,train
20033,3,train
20139,3,train
20182,3,train
20279,3,train
20416,3,train
20988,3,train
21150,3,train
21434,3,train
21508,3,train
21527,3,train
21567,3,train
302,3,train
398,3,train
399,3,train
619,3,train
770,3,train
1835,3,train
2196,3,train
2245,3,train
2401,3,train
2462,3,train
2536,3,train
2614,3,train
2961,3,train
3012,3,train
3015,3,train
3029,3,train
3589,3,train
3862,3,train
3869,3,train
4019,3,train
4549,3,train
4604,3,train
5117,3,train
5371,3,train
5754,3,train
5993,3,train
6113,3,train
6233,3,train
6303,3,train
6384,3,train
7009,3,train
7094,3,train
7222,3,train
7284,3,train
7295,3,train
7299,3,train
7401,3,train
7552,3,train
7873,3,train
7973,3,train
8041,3,train
8164,3,train
8347,3,train
8419,3,train
8572,3,train
8581,3,train
8651,3,train
8973,3,train
9645,3,train
9719,3,train
10241,3,train
10282,3,train
10353,3,train
10822,3,train
10919,3,train
10935,3,train
11146,3,train
11273,3,train
11841,3,train
12074,3,train
12257,3,train
12374,3,train
12455,3,train
12619,3,train
12669,3,train
12800,3,train
13066,3,train
13591,3,train
13834,3,train
13984,3,train
14355,3,train
14463,3,train
14577,3,train
14604,3,train
14666,3,train
15057,3,train
15165,3,train
15473,3,train
15514,3,train
15977,3,train
16169,3,train
16241,3,train
16255,3,train
16337,3,train
16360,3,train
16456,3,train
16485,3,train
16642,3,train
16670,3,train
17405,3,train
17589,3,train
18034,3,train
18770,3,train
18877,3,train
19717,3,train
19782,3,train
20253,3,train
20722,3,train
20801,3,train
21172,3,train
21407,3,train
39,3,train
163,3,train
526,3,train
556,3,train
744,3,train
860,3,train
900,3,train
1113,3,train
1611,3,train
1701,3,train
2067,3,train
2303,3,train
2420,3,train
2524,3,train
2573,3,train
2886,3,train
3061,3,train
3164,3,train
3180,3,train
3284,3,train
3474,3,train
4070,3,train
4103,3,train
4194,3,train
4443,3,train
4566,3,train
4584,3,train
4999,3,train
5036,3,train
5045,3,train
5496,3,train
5622,3,train
6009,3,train
6162,3,train
7090,3,train
7406,3,train
7825,3,train
8035,3,train
8542,3,train
8773,3,train
8871,3,train
8928,3,train
8996,3,train
9180,3,train
9632,3,train
10022,3,train
10088,3,train
10211,3,train
10601,3,train
10743,3,train
10826,3,train
11016,3,train
11215,3,train
11220,3,train
11304,3,train
11424,3,train
11431,3,train
11505,3,train
11685,3,train
11831,3,train
11989,3,train
12167,3,train
12204,3,train
12225,3,train
12298,3,train
12522,3,train
13171,3,train
13508,3,train
13978,3,train
14139,3,train
14262,3,train
14513,3,train
14573,3,train
14804,3,train
15541,3,train
15756,3,train
15939,3,train
16163,3,train
16168,3,train
16285,3,train
16386,3,train
16462,3,train
16511,3,train
16537,3,train
16583,3,train
16607,3,train
16673,3,train
16845,3,train
16918,3,train
17385,3,train
17396,3,train
17438,3,train
17748,3,train
17756,3,train
18743,3,train
18975,3,train
19443,3,train
19548,3,train
19554,3,train
19831,3,train
19865,3,train
19934,3,train
20302,3,train
20362,3,train
20693,3,train
20902,3,train
1542,3,train
3438,3,train
6643,3,train
7356,3,train
8407,3,train
14551,3,train
16073,3,train
18543,3,train
631,3,train
1685,3,train
2519,3,train
2658,3,train
2682,3,train
3993,3,train
5486,3,train
5906,3,train
6387,3,train
9843,3,train
15186,3,train
16309,3,train
117,3,train
397,3,train
470,3,train
621,3,train
676,3,train
791,3,train
923,3,train
937,3,train
968,3,train
1060,3,train
1116,3,train
1186,3,train
1223,3,train
1241,3,train
1369,3,train
1478,3,train
1508,3,train
1726,3,train
1820,3,train
1994,3,train
2064,3,train
2281,3,train
2567,3,train
2757,3,train
3011,3,train
3344,3,train
3425,3,train
3451,3,train
3583,3,train
3706,3,train
3724,3,train
3759,3,train
4076,3,train
4215,3,train
4306,3,train
4351,3,train
4570,3,train
4575,3,train
4666,3,train
4723,3,train
4738,3,train
5098,3,train
5287,3,train
5424,3,train
5464,3,train
5481,3,train
5870,3,train
5891,3,train
6038,3,train
6066,3,train
6230,3,train
6357,3,train
6600,3,train
6656,3,train
6712,3,train
6927,3,train
7119,3,train
7129,3,train
7464,3,train
7509,3,train
7989,3,train
8135,3,train
8180,3,train
8682,3,train
8748,3,train
8939,3,train
9004,3,train
9023,3,train
9214,3,train
9360,3,train
9365,3,train
9571,3,train
9574,3,train
9649,3,train
9759,3,train
10334,3,train
10466,3,train
10566,3,train
10586,3,train
10596,3,train
10663,3,train
11005,3,train
11232,3,train
11246,3,train
11548,3,train
11576,3,train
11729,3,train
11798,3,train
11842,3,train
12140,3,train
12424,3,train
12425,3,train
12460,3,train
12715,3,train
12718,3,train
13503,3,train
13662,3,train
13752,3,train
14188,3,train
14372,3,train
14386,3,train
14504,3,train
14746,3,train
14897,3,train
14996,3,train
15467,3,train
15526,3,train
15628,3,train
15771,3,train
16151,3,train
16224,3,train
16236,3,train
16326,3,train
16728,3,train
16826,3,train
17164,3,train
17344,3,train
17611,3,train
17970,3,train
18137,3,train
18207,3,train
18410,3,train
18461,3,train
18489,3,train
18614,3,train
18647,3,train
18791,3,train
19038,3,train
19288,3,train
20016,3,train
20076,3,train
20107,3,train
20147,3,train
20403,3,train
20742,3,train
21059,3,train
21125,3,train
21230,3,train
21479,3,train
21529,3,train
21578,3,train
21610,3,train
28,3,train
32,3,train
300,3,train
533,3,train
635,3,train
769,3,train
1244,3,train
1352,3,train
1480,3,train
1531,3,train
1632,3,train
1821,3,train
1843,3,train
1892,3,train
2413,3,train
2568,3,train
2610,3,train
2696,3,train
3274,3,train
3295,3,train
3391,3,train
3488,3,train
3656,3,train
3943,3,train
4457,3,train
4733,3,train
4912,3,train
4998,3,train
5270,3,train
5434,3,train
5460,3,train
5669,3,train
5674,3,train
5702,3,train
5726,3,train
5728,3,train
6048,3,train
6507,3,train
6571,3,train
6708,3,train
6771,3,train
6994,3,train
7079,3,train
7518,3,train
7621,3,train
7689,3,train
8039,3,train
8233,3,train
8320,3,train
8348,3,train
8384,3,train
8449,3,train
8831,3,train
9024,3,train
9178,3,train
9189,3,train
9743,3,train
9774,3,train
9823,3,train
9830,3,train
9871,3,train
10018,3,train
10225,3,train
10395,3,train
10530,3,train
10594,3,train
10747,3,train
10776,3,train
10924,3,train
10977,3,train
11159,3,train
11342,3,train
11407,3,train
11945,3,train
11955,3,train
11997,3,train
12038,3,train
12106,3,train
12422,3,train
12436,3,train
12517,3,train
12621,3,train
13067,3,train
13229,3,train
14027,3,train
14045,3,train
14176,3,train
14294,3,train
14343,3,train
14359,3,train
14570,3,train
15324,3,train
15605,3,train
16179,3,train
16779,3,train
16955,3,train
17042,3,train
17172,3,train
17279,3,train
17556,3,train
17721,3,train
17727,3,train
17958,3,train
18032,3,train
18610,3,train
18738,3,train
18754,3,train
19028,3,train
19282,3,train
19575,3,train
20040,3,train
20104,3,train
20127,3,train
20372,3,train
20429,3,train
20610,3,train
20754,3,train
146,3,train
193,3,train
386,3,train
695,3,train
710,3,train
966,3,train
1123,3,train
1251,3,train
1261,3,train
1272,3,train
1370,3,train
1380,3,train
1444,3,train
1581,3,train
1763,3,train
2124,3,train
2173,3,train
2221,3,train
2450,3,train
2458,3,train
2514,3,train
2601,3,train
2680,3,train
2979,3,train
2982,3,train
3248,3,train
3346,3,train
3447,3,train
3625,3,train
3697,3,train
3899,3,train
3973,3,train
4251,3,train
4614,3,train
5249,3,train
5731,3,train
5798,3,train
5824,3,train
6126,3,train
6211,3,train
6242,3,train
6383,3,train
6528,3,train
6578,3,train
6632,3,train
6750,3,train
6854,3,train
7006,3,train
7141,3,train
7613,3,train
7720,3,train
7727,3,train
8101,3,train
8213,3,train
8394,3,train
8747,3,train
8833,3,train
8867,3,train
9040,3,train
9117,3,train
9159,3,train
9494,3,train
9779,3,train
10244,3,train
10451,3,train
10690,3,train
10891,3,train
10975,3,train
11262,3,train
11450,3,train
11529,3,train
11666,3,train
11797,3,train
11882,3,train
11980,3,train
12385,3,train
12449,3,train
13196,3,train
13305,3,train
13310,3,train
13343,3,train
13418,3,train
13451,3,train
13453,3,train
13472,3,train
13775,3,train
13853,3,train
13889,3,train
14011,3,train
14043,3,train
14205,3,train
14258,3,train
14292,3,train
14315,3,train
14546,3,train
15053,3,train
15297,3,train
15870,3,train
16313,3,train
16757,3,train
17013,3,train
17207,3,train
17716,3,train
18099,3,train
18210,3,train
18352,3,train
18547,3,train
18624,3,train
18662,3,train
18713,3,train
18986,3,train
19021,3,train
19206,3,train
19354,3,train
19379,3,train
19494,3,train
19518,3,train
19531,3,train
19801,3,train
19808,3,train
20023,3,train
20146,3,train
20195,3,train
20317,3,train
20329,3,train
20759,3,train
20772,3,train
20866,3,train
21039,3,train
21429,3,train
26,3,train
116,3,train
416,3,train
460,3,train
831,3,train
1180,3,train
1377,3,train
1453,3,train
1509,3,train
1633,3,train
1675,3,train
1959,3,train
2012,3,train
2066,3,train
2636,3,train
2786,3,train
2937,3,train
3431,3,train
3596,3,train
4477,3,train
4657,3,train
4679,3,train
4722,3,train
5001,3,train
5021,3,train
5109,3,train
5190,3,train
5194,3,train
5257,3,train
5803,3,train
5935,3,train
6159,3,train
6404,3,train
6470,3,train
6535,3,train
6558,3,train
6565,3,train
6579,3,train
6873,3,train
7390,3,train
8023,3,train
8024,3,train
8173,3,train
8374,3,train
8436,3,train
8637,3,train
8649,3,train
8753,3,train
9059,3,train
9084,3,train
9099,3,train
9130,3,train
9213,3,train
9525,3,train
9537,3,train
9727,3,train
10030,3,train
10113,3,train
10115,3,train
10316,3,train
10460,3,train
10509,3,train
10859,3,train
10994,3,train
11032,3,train
11272,3,train
11473,3,train
11506,3,train
11905,3,train
12113,3,train
12150,3,train
12349,3,train
12426,3,train
12462,3,train
12479,3,train
12572,3,train
13081,3,train
13222,3,train
13532,3,train
13535,3,train
13632,3,train
13875,3,train
13928,3,train
13986,3,train
14014,3,train
15032,3,train
15309,3,train
15539,3,train
15645,3,train
15940,3,train
16139,3,train
16329,3,train
16806,3,train
16890,3,train
16995,3,train
17101,3,train
17204,3,train
17298,3,train
17412,3,train
17460,3,train
17533,3,train
17571,3,train
17779,3,train
17995,3,train
18050,3,train
18157,3,train
18256,3,train
18341,3,train
18595,3,train
18777,3,train
18892,3,train
18972,3,train
19117,3,train
19144,3,train
19195,3,train
19230,3,train
19305,3,train
19604,3,train
20087,3,train
20386,3,train
20734,3,train
20808,3,train
20992,3,train
21001,3,train
21131,3,train
21250,3,train
21517,3,train
21602,3,train
6,3,train
140,3,train
854,3,train
858,3,train
1143,3,train
1458,3,train
1793,3,train
2035,3,train
2077,3,train
2222,3,train
2470,3,train
2998,3,train
3959,3,train
4340,3,train
4631,3,train
4884,3,train
5137,3,train
6286,3,train
6324,3,train
6345,3,train
7198,3,train
7220,3,train
7420,3,train
7514,3,train
8099,3,train
8550,3,train
8659,3,train
8962,3,train
9169,3,train
9315,3,train
9332,3,train
9570,3,train
9646,3,train
10060,3,train
10339,3,train
10714,3,train
10948,3,train
11105,3,train
11244,3,train
11484,3,train
11657,3,train
11721,3,train
12067,3,train
12402,3,train
12433,3,train
12474,3,train
12689,3,train
12803,3,train
12907,3,train
13429,3,train
13570,3,train
14339,3,train
14842,3,train
15327,3,train
15794,3,train
16137,3,train
16343,3,train
16522,3,train
16649,3,train
17178,3,train
17425,3,train
17712,3,train
18037,3,train
18164,3,train
18259,3,train
18290,3,train
18387,3,train
18464,3,train
18466,3,train
18486,3,train
18525,3,train
18546,3,train
18790,3,train
19177,3,train
19488,3,train
19628,3,train
19810,3,train
19871,3,train
19980,3,train
20235,3,train
20327,3,train
20620,3,train
20710,3,train
20787,3,train
20925,3,train
21226,3,train
21236,3,train
21279,3,train
21552,3,train
1987,3,train
2178,3,train
2204,3,train
4262,3,train
4316,3,train
4453,3,train
7637,3,train
8288,3,train
12487,3,train
14944,3,train
16172,3,train
16186,3,train
16489,3,train
3667,3,train
4545,3,train
7752,3,train
7788,3,train
10748,3,train
15045,3,train
18832,3,train
283,3,train
920,3,train
1328,3,train
1533,3,train
1673,3,train
1749,3,train
2087,3,train
2156,3,train
2618,3,train
2689,3,train
2764,3,train
3002,3,train
3305,3,train
3463,3,train
4054,3,train
4455,3,train
4530,3,train
4563,3,train
4646,3,train
5713,3,train
5743,3,train
5839,3,train
6059,3,train
6220,3,train
6231,3,train
6298,3,train
6368,3,train
6733,3,train
6879,3,train
6980,3,train
7171,3,train
7290,3,train
7488,3,train
7499,3,train
7892,3,train
8401,3,train
8655,3,train
9414,3,train
9554,3,train
9947,3,train
10099,3,train
10954,3,train
11012,3,train
11516,3,train
11673,3,train
11796,3,train
11809,3,train
12700,3,train
12966,3,train
13231,3,train
13565,3,train
13881,3,train
13904,3,train
14696,3,train
14975,3,train
15337,3,train
15478,3,train
15702,3,train
16148,3,train
16187,3,train
16442,3,train
16601,3,train
17057,3,train
17311,3,train
17440,3,train
17629,3,train
18067,3,train
18337,3,train
19474,3,train
19571,3,train
20484,3,train
20597,3,train
20623,3,train
21009,3,train
21154,3,train
21356,3,train
21368,3,train
238,3,train
582,3,train
638,3,train
709,3,train
1600,3,train
1616,3,train
1627,3,train
1677,3,train
1888,3,train
2187,3,train
2233,3,train
2277,3,train
2434,3,train
2800,3,train
3057,3,train
3263,3,train
3411,3,train
3445,3,train
3518,3,train
3576,3,train
3987,3,train
4858,3,train
5099,3,train
5160,3,train
5179,3,train
5246,3,train
5608,3,train
5843,3,train
5861,3,train
6267,3,train
6870,3,train
7035,3,train
7055,3,train
7329,3,train
7398,3,train
7587,3,train
7648,3,train
7943,3,train
8309,3,train
8314,3,train
8387,3,train
8451,3,train
8591,3,train
8602,3,train
8836,3,train
9220,3,train
9295,3,train
9639,3,train
9745,3,train
9799,3,train
9909,3,train
9994,3,train
10147,3,train
10368,3,train
10447,3,train
10470,3,train
10636,3,train
10998,3,train
11271,3,train
11337,3,train
11545,3,train
11602,3,train
11668,3,train
12325,3,train
12529,3,train
12805,3,train
13262,3,train
13444,3,train
13474,3,train
13559,3,train
13586,3,train
13623,3,train
13633,3,train
13761,3,train
13907,3,train
14288,3,train
14374,3,train
14608,3,train
14780,3,train
14821,3,train
14893,3,train
15221,3,train
15381,3,train
15382,3,train
15545,3,train
15553,3,train
15739,3,train
15892,3,train
15923,3,train
16305,3,train
16682,3,train
16943,3,train
17014,3,train
17109,3,train
17159,3,train
18208,3,train
18213,3,train
18232,3,train
18375,3,train
18495,3,train
18575,3,train
19347,3,train
19562,3,train
19747,3,train
20091,3,train
20330,3,train
20489,3,train
20616,3,train
20885,3,train
20891,3,train
20916,3,train
21246,3,train
21447,3,train
21460,3,train
288,3,train
1042,3,train
1155,3,train
1355,3,train
1824,3,train
2972,3,train
3024,3,train
3091,3,train
3409,3,train
3693,3,train
3700,3,train
4592,3,train
4658,3,train
4818,3,train
5000,3,train
5411,3,train
5908,3,train
5910,3,train
6313,3,train
7068,3,train
7216,3,train
7226,3,train
7337,3,train
7361,3,train
7952,3,train
8231,3,train
8645,3,train
9122,3,train
9146,3,train
9544,3,train
10408,3,train
10799,3,train
11100,3,train
11107,3,train
11697,3,train
11792,3,train
11845,3,train
12027,3,train
12282,3,train
12303,3,train
12847,3,train
12940,3,train
13348,3,train
13447,3,train
13821,3,train
14145,3,train
14153,3,train
14179,3,train
14296,3,train
14382,3,train
14408,3,train
14473,3,train
14646,3,train
14866,3,train
14902,3,train
15213,3,train
15223,3,train
15383,3,train
15622,3,train
15632,3,train
15763,3,train
15793,3,train
16165,3,train
16447,3,train
17301,3,train
17694,3,train
17774,3,train
17996,3,train
18015,3,train
18163,3,train
18233,3,train
18302,3,train
18677,3,train
18768,3,train
18979,3,train
19012,3,train
19050,3,train
19311,3,train
19470,3,train
19530,3,train
19685,3,train
20160,3,train
20255,3,train
20333,3,train
20596,3,train
20896,3,train
21151,3,train
21265,3,train
21494,3,train
22,3,train
217,3,train
280,3,train
334,3,train
1106,3,train
1294,3,train
1364,3,train
1552,3,train
2206,3,train
2297,3,train
2486,3,train
3359,3,train
3545,3,train
3646,3,train
4400,3,train
4526,3,train
4594,3,train
4633,3,train
5063,3,train
5086,3,train
5128,3,train
5548,3,train
5922,3,train
6174,3,train
6679,3,train
6740,3,train
6954,3,train
6956,3,train
7158,3,train
8583,3,train
8822,3,train
8830,3,train
8896,3,train
9401,3,train
9516,3,train
9608,3,train
9684,3,train
10143,3,train
10986,3,train
11186,3,train
11538,3,train
11616,3,train
12248,3,train
12763,3,train
13173,3,train
14233,3,train
14319,3,train
14403,3,train
14738,3,train
14899,3,train
15319,3,train
15737,3,train
15833,3,train
16075,3,train
16307,3,train
16340,3,train
16726,3,train
16771,3,train
17112,3,train
17768,3,train
17895,3,train
18415,3,train
20120,3,train
20140,3,train
20303,3,train
20415,3,train
20723,3,train
20979,3,train
21208,3,train
21310,3,train
21358,3,train
6300,3,train
15822,3,train
8705,3,train
9879,3,train
12592,3,train
14144,3,train
16791,3,train
17222,3,train
2466,3,train
2639,3,train
17081,3,train
42,3,train
138,3,train
561,3,train
647,3,train
1127,3,train
1276,3,train
1375,3,train
1566,3,train
1905,3,train
2108,3,train
2349,3,train
3126,3,train
3152,3,train
3191,3,train
3372,3,train
3453,3,train
3555,3,train
3669,3,train
3836,3,train
4179,3,train
4197,3,train
4987,3,train
5031,3,train
5698,3,train
6033,3,train
6255,3,train
6673,3,train
7078,3,train
7142,3,train
7369,3,train
7498,3,train
8998,3,train
9749,3,train
9959,3,train
10374,3,train
10871,3,train
11095,3,train
11114,3,train
11135,3,train
11622,3,train
12263,3,train
12475,3,train
13257,3,train
13539,3,train
13896,3,train
14015,3,train
14089,3,train
14155,3,train
14310,3,train
14872,3,train
15080,3,train
15100,3,train
15924,3,train
16345,3,train
16513,3,train
16615,3,train
16984,3,train
17511,3,train
17832,3,train
17963,3,train
18180,3,train
18265,3,train
18453,3,train
19264,3,train
19392,3,train
19433,3,train
19450,3,train
19564,3,train
19596,3,train
19757,3,train
19840,3,train
19903,3,train
20374,3,train
20459,3,train
20528,3,train
20675,3,train
20812,3,train
20937,3,train
20939,3,train
21222,3,train
21546,3,train
21572,3,train
141,3,train
438,3,train
587,3,train
1198,3,train
1374,3,train
1812,3,train
1906,3,train
2142,3,train
2161,3,train
2232,3,train
2579,3,train
2642,3,train
2649,3,train
2710,3,train
2756,3,train
2863,3,train
2884,3,train
2946,3,train
3047,3,train
3308,3,train
3362,3,train
3553,3,train
3561,3,train
3584,3,train
3892,3,train
3966,3,train
4220,3,train
4292,3,train
4507,3,train
5100,3,train
5239,3,train
5572,3,train
5742,3,train
5785,3,train
5834,3,train
5896,3,train
5940,3,train
5982,3,train
6098,3,train
6559,3,train
6622,3,train
7005,3,train
7223,3,train
7258,3,train
7281,3,train
7400,3,train
7977,3,train
8251,3,train
8362,3,train
8423,3,train
8695,3,train
8713,3,train
8769,3,train
8789,3,train
8840,3,train
9536,3,train
9551,3,train
9568,3,train
9778,3,train
9956,3,train
9969,3,train
10000,3,train
10501,3,train
10516,3,train
10781,3,train
10802,3,train
10831,3,train
11623,3,train
11632,3,train
11766,3,train
11774,3,train
12007,3,train
12208,3,train
12364,3,train
13521,3,train
14237,3,train
14366,3,train
14391,3,train
14709,3,train
14727,3,train
15125,3,train
15536,3,train
16209,3,train
16262,3,train
16471,3,train
16733,3,train
16755,3,train
17113,3,train
17264,3,train
17434,3,train
17497,3,train
17601,3,train
17683,3,train
17697,3,train
17899,3,train
17956,3,train
18578,3,train
18594,3,train
18617,3,train
18638,3,train
18795,3,train
18828,3,train
18882,3,train
19027,3,train
19033,3,train
19075,3,train
19098,3,train
19381,3,train
19422,3,train
19813,3,train
19834,3,train
19862,3,train
19864,3,train
20089,3,train
20377,3,train
20756,3,train
20764,3,train
20791,3,train
20794,3,train
20967,3,train
21107,3,train
21271,3,train
21328,3,train
21504,3,train
176,3,train
294,3,train
668,3,train
788,3,train
792,3,train
1176,3,train
1179,3,train
1663,3,train
2015,3,train
2113,3,train
2131,3,train
2240,3,train
2243,3,train
2437,3,train
2607,3,train
2672,3,train
2929,3,train
3084,3,train
3085,3,train
3725,3,train
4203,3,train
4222,3,train
4434,3,train
4876,3,train
5013,3,train
5108,3,train
5443,3,train
5696,3,train
5975,3,train
6110,3,train
6254,3,train
6339,3,train
6426,3,train
6457,3,train
6481,3,train
6483,3,train
6706,3,train
6947,3,train
6986,3,train
7099,3,train
7272,3,train
7407,3,train
7668,3,train
7722,3,train
8464,3,train
8530,3,train
8605,3,train
8792,3,train
8923,3,train
9455,3,train
9475,3,train
9517,3,train
9520,3,train
9838,3,train
9841,3,train
10091,3,train
10109,3,train
10777,3,train
10843,3,train
11007,3,train
11396,3,train
11571,3,train
11585,3,train
11939,3,train
12229,3,train
12301,3,train
12438,3,train
12583,3,train
12614,3,train
12747,3,train
13070,3,train
13433,3,train
13465,3,train
13985,3,train
14111,3,train
14345,3,train
14532,3,train
14645,3,train
14677,3,train
14814,3,train
14913,3,train
14915,3,train
15074,3,train
15434,3,train
15592,3,train
15638,3,train
15759,3,train
15863,3,train
16344,3,train
16628,3,train
16928,3,train
16953,3,train
17247,3,train
17509,3,train
18277,3,train
18417,3,train
18601,3,train
18665,3,train
18787,3,train
18793,3,train
18807,3,train
18943,3,train
18952,3,train
18982,3,train
19064,3,train
19147,3,train
19350,3,train
19780,3,train
19888,3,train
20238,3,train
20349,3,train
20513,3,train
20583,3,train
20664,3,train
20852,3,train
21063,3,train
21207,3,train
21258,3,train
21298,3,train
21421,3,train
21440,3,train
73,3,train
295,3,train
419,3,train
1069,3,train
1187,3,train
1255,3,train
1674,3,train
1966,3,train
2708,3,train
2923,3,train
3083,3,train
3877,3,train
4010,3,train
4052,3,train
4273,3,train
4371,3,train
4718,3,train
4886,3,train
5007,3,train
5174,3,train
5191,3,train
5359,3,train
5446,3,train
5495,3,train
5554,3,train
5631,3,train
5738,3,train
5931,3,train
6087,3,train
6269,3,train
6385,3,train
6437,3,train
7132,3,train
7348,3,train
7415,3,train
7767,3,train
8100,3,train
8319,3,train
8616,3,train
8622,3,train
8716,3,train
8910,3,train
8985,3,train
9076,3,train
9219,3,train
10407,3,train
10531,3,train
10620,3,train
10875,3,train
11170,3,train
11258,3,train
11328,3,train
11755,3,train
12173,3,train
12994,3,train
13075,3,train
13726,3,train
14249,3,train
14509,3,train
14590,3,train
14774,3,train
14880,3,train
15062,3,train
15519,3,train
15616,3,train
16314,3,train
16748,3,train
16878,3,train
17224,3,train
17342,3,train
17863,3,train
17953,3,train
18520,3,train
18644,3,train
18757,3,train
18812,3,train
19049,3,train
19087,3,train
19341,3,train
19664,3,train
19804,3,train
19949,3,train
20100,3,train
20206,3,train
20591,3,train
20818,3,train
21095,3,train
21171,3,train
21423,3,train
21465,3,train
98,3,train
476,3,train
486,3,train
795,3,train
1122,3,train
1483,3,train
1485,3,train
1672,3,train
1689,3,train
2424,3,train
2586,3,train
3515,3,train
3534,3,train
4281,3,train
5346,3,train
5475,3,train
5508,3,train
5755,3,train
5859,3,train
6074,3,train
6271,3,train
6410,3,train
6479,3,train
6489,3,train
6620,3,train
6686,3,train
6939,3,train
7176,3,train
7750,3,train
8220,3,train
8431,3,train
9291,3,train
9434,3,train
9687,3,train
10129,3,train
10171,3,train
10307,3,train
10333,3,train
10498,3,train
10829,3,train
10958,3,train
11183,3,train
11877,3,train
12107,3,train
12540,3,train
12891,3,train
12947,3,train
13205,3,train
13278,3,train
13355,3,train
13394,3,train
13829,3,train
14245,3,train
14600,3,train
14650,3,train
14756,3,train
14820,3,train
14911,3,train
14948,3,train
15012,3,train
15938,3,train
16070,3,train
16907,3,train
17169,3,train
17335,3,train
17489,3,train
18231,3,train
18328,3,train
18392,3,train
18717,3,train
18919,3,train
18926,3,train
19898,3,train
19948,3,train
20031,3,train
20456,3,train
20703,3,train
20726,3,train
21051,3,train
21448,3,train
21458,3,train
21518,3,train
694,3,train
2873,3,train
4462,3,train
4525,3,train
5610,3,train
8432,3,train
18372,3,train
19618,3,train
19710,3,train
8201,3,train
8267,3,train
10071,3,train
746,3,train
903,3,train
1093,3,train
1363,3,train
1396,3,train
1808,3,train
1938,3,train
2018,3,train
2339,3,train
2623,3,train
2747,3,train
2760,3,train
2841,3,train
3105,3,train
3644,3,train
3744,3,train
3774,3,train
3933,3,train
4788,3,train
4902,3,train
4966,3,train
5220,3,train
5292,3,train
5665,3,train
5783,3,train
5838,3,train
5864,3,train
5909,3,train
6285,3,train
6307,3,train
6378,3,train
6447,3,train
6466,3,train
6805,3,train
6816,3,train
6818,3,train
6922,3,train
7147,3,train
7397,3,train
7590,3,train
7659,3,train
7834,3,train
7985,3,train
8042,3,train
8075,3,train
8235,3,train
8429,3,train
8500,3,train
8589,3,train
8647,3,train
9162,3,train
9563,3,train
9723,3,train
9832,3,train
10480,3,train
10625,3,train
10725,3,train
10803,3,train
10881,3,train
10952,3,train
11108,3,train
11389,3,train
11694,3,train
11713,3,train
11838,3,train
11860,3,train
12006,3,train
12684,3,train
12696,3,train
13062,3,train
13244,3,train
13334,3,train
13347,3,train
13659,3,train
13754,3,train
14031,3,train
14236,3,train
14350,3,train
14547,3,train
14633,3,train
14641,3,train
15282,3,train
15566,3,train
15577,3,train
15727,3,train
15848,3,train
15920,3,train
16410,3,train
16467,3,train
16559,3,train
16752,3,train
17121,3,train
17399,3,train
17484,3,train
17508,3,train
17544,3,train
17964,3,train
18168,3,train
18980,3,train
19082,3,train
19276,3,train
19441,3,train
19451,3,train
19489,3,train
19838,3,train
19964,3,train
19979,3,train
20092,3,train
20216,3,train
20272,3,train
20694,3,train
20797,3,train
21099,3,train
21128,3,train
21498,3,train
40,3,train
442,3,train
557,3,train
585,3,train
716,3,train
733,3,train
756,3,train
887,3,train
1044,3,train
1169,3,train
1243,3,train
2329,3,train
2674,3,train
3125,3,train
3234,3,train
3998,3,train
4470,3,train
4626,3,train
4637,3,train
4709,3,train
4748,3,train
4778,3,train
4879,3,train
5051,3,train
5140,3,train
5685,3,train
5842,3,train
5860,3,train
6396,3,train
6598,3,train
6747,3,train
6788,3,train
7351,3,train
7451,3,train
7479,3,train
7674,3,train
7945,3,train
8037,3,train
8337,3,train
8361,3,train
8666,3,train
9239,3,train
9466,3,train
9524,3,train
9813,3,train
10450,3,train
11106,3,train
11274,3,train
11696,3,train
11954,3,train
12034,3,train
12286,3,train
12353,3,train
12477,3,train
12508,3,train
12557,3,train
12843,3,train
13172,3,train
13576,3,train
13689,3,train
13744,3,train
14087,3,train
14461,3,train
14502,3,train
14886,3,train
14940,3,train
14946,3,train
15122,3,train
15212,3,train
15289,3,train
15386,3,train
15422,3,train
15455,3,train
16036,3,train
16116,3,train
16206,3,train
16301,3,train
16747,3,train
16802,3,train
16818,3,train
16916,3,train
17030,3,train
17257,3,train
17361,3,train
17422,3,train
17736,3,train
17960,3,train
18006,3,train
18041,3,train
18051,3,train
18109,3,train
18450,3,train
18508,3,train
19191,3,train
19455,3,train
19481,3,train
19797,3,train
19887,3,train
20094,3,train
20300,3,train
20789,3,train
21252,3,train
47,3,train
202,3,train
411,3,train
767,3,train
853,3,train
889,3,train
952,3,train
1057,3,train
1061,3,train
1082,3,train
1607,3,train
1847,3,train
1853,3,train
2133,3,train
2326,3,train
2664,3,train
2766,3,train
3065,3,train
3072,3,train
3146,3,train
3327,3,train
3400,3,train
3621,3,train
3927,3,train
3969,3,train
4082,3,train
4290,3,train
4433,3,train
4590,3,train
4650,3,train
4833,3,train
4950,3,train
5023,3,train
5113,3,train
5171,3,train
5392,3,train
5714,3,train
5733,3,train
5771,3,train
5794,3,train
6069,3,train
6246,3,train
6340,3,train
6523,3,train
6527,3,train
7502,3,train
7593,3,train
7713,3,train
7936,3,train
8672,3,train
8697,3,train
8846,3,train
9013,3,train
9191,3,train
9523,3,train
9735,3,train
9960,3,train
10249,3,train
10267,3,train
10929,3,train
11121,3,train
11176,3,train
11210,3,train
11353,3,train
11392,3,train
11608,3,train
11621,3,train
12116,3,train
12193,3,train
12506,3,train
12535,3,train
12643,3,train
12856,3,train
12908,3,train
12952,3,train
13259,3,train
13313,3,train
13534,3,train
13805,3,train
14410,3,train
14824,3,train
15650,3,train
15715,3,train
15728,3,train
16701,3,train
16963,3,train
17022,3,train
17071,3,train
17149,3,train
17920,3,train
18068,3,train
18297,3,train
18401,3,train
18454,3,train
18716,3,train
18805,3,train
18994,3,train
19255,3,train
19844,3,train
20030,3,train
20111,3,train
20626,3,train
20736,3,train
20793,3,train
20985,3,train
21060,3,train
21206,3,train
21227,3,train
21284,3,train
126,3,train
127,3,train
209,3,train
211,3,train
424,3,train
934,3,train
1033,3,train
1218,3,train
1334,3,train
1454,3,train
1688,3,train
1877,3,train
2110,3,train
2646,3,train
2939,3,train
3183,3,train
3226,3,train
3612,3,train
3662,3,train
4175,3,train
4517,3,train
5405,3,train
5760,3,train
5799,3,train
5978,3,train
6135,3,train
6536,3,train
6548,3,train
6830,3,train
6836,3,train
8641,3,train
8890,3,train
9088,3,train
9096,3,train
9209,3,train
9379,3,train
9474,3,train
10023,3,train
10341,3,train
10396,3,train
10540,3,train
10729,3,train
11182,3,train
11832,3,train
11912,3,train
11951,3,train
12000,3,train
12218,3,train
12293,3,train
12589,3,train
12681,3,train
12743,3,train
13191,3,train
13858,3,train
13952,3,train
14036,3,train
15107,3,train
15218,3,train
15942,3,train
16466,3,train
16477,3,train
16644,3,train
16770,3,train
16924,3,train
17313,3,train
17358,3,train
17491,3,train
17776,3,train
17906,3,train
17916,3,train
17938,3,train
18533,3,train
18778,3,train
19223,3,train
19378,3,train
19436,3,train
19508,3,train
19602,3,train
19856,3,train
19912,3,train
20122,3,train
20443,3,train
20874,3,train
21043,3,train
21375,3,train
45,3,train
344,3,train
479,3,train
570,3,train
675,3,train
1579,3,train
1761,3,train
1922,3,train
1998,3,train
2016,3,train
2078,3,train
2195,3,train
2291,3,train
2386,3,train
2482,3,train
2547,3,train
3124,3,train
3307,3,train
3563,3,train
3606,3,train
3622,3,train
3999,3,train
4293,3,train
4401,3,train
4504,3,train
4844,3,train
4938,3,train
4963,3,train
4992,3,train
5672,3,train
5784,3,train
6184,3,train
6515,3,train
6858,3,train
6952,3,train
7025,3,train
7339,3,train
7438,3,train
7768,3,train
8181,3,train
8248,3,train
9181,3,train
9203,3,train
9442,3,train
10052,3,train
10293,3,train
10413,3,train
10832,3,train
10885,3,train
11453,3,train
11847,3,train
12252,3,train
12624,3,train
12628,3,train
12648,3,train
12909,3,train
13059,3,train
13332,3,train
13420,3,train
13578,3,train
13958,3,train
14202,3,train
14206,3,train
14613,3,train
14754,3,train
14931,3,train
15451,3,train
15472,3,train
16027,3,train
16276,3,train
16758,3,train
16950,3,train
17035,3,train
17351,3,train
17549,3,train
17837,3,train
18024,3,train
18054,3,train
18072,3,train
18194,3,train
18869,3,train
18900,3,train
19187,3,train
19317,3,train
19318,3,train
19428,3,train
20046,3,train
20165,3,train
20360,3,train
20419,3,train
20436,3,train
20622,3,train
20713,3,train
20786,3,train
20861,3,train
21082,3,train
21348,3,train
21363,3,train
21411,3,train
1802,3,train
7174,3,train
12290,3,train
17574,3,train
20336,3,train
2074,3,train
4568,3,train
9186,3,train
10683,3,train
12188,3,train
13095,3,train
16778,3,train
18902,3,train
322,3,train
487,3,train
512,3,train
692,3,train
819,3,train
994,3,train
1811,3,train
1869,3,train
1936,3,train
1981,3,train
2332,3,train
2556,3,train
2763,3,train
2852,3,train
3315,3,train
3930,3,train
3967,3,train
3974,3,train
4037,3,train
4730,3,train
4837,3,train
4849,3,train
4874,3,train
4883,3,train
5083,3,train
5224,3,train
5395,3,train
5418,3,train
5615,3,train
5766,3,train
5936,3,train
5946,3,train
6092,3,train
6175,3,train
6258,3,train
6514,3,train
6701,3,train
6728,3,train
7004,3,train
7306,3,train
7616,3,train
7969,3,train
8280,3,train
8609,3,train
8728,3,train
8844,3,train
9399,3,train
9746,3,train
10086,3,train
10156,3,train
10495,3,train
10544,3,train
10906,3,train
11214,3,train
11368,3,train
11511,3,train
11687,3,train
11706,3,train
11736,3,train
11858,3,train
12105,3,train
12590,3,train
12663,3,train
12870,3,train
13225,3,train
13551,3,train
13991,3,train
14029,3,train
14397,3,train
14660,3,train
14923,3,train
14997,3,train
15021,3,train
15063,3,train
16143,3,train
16395,3,train
16507,3,train
17154,3,train
17161,3,train
17569,3,train
17888,3,train
18033,3,train
18311,3,train
18736,3,train
18904,3,train
18906,3,train
19272,3,train
19440,3,train
19567,3,train
19661,3,train
19706,3,train
19723,3,train
20310,3,train
21046,3,train
21255,3,train
21361,3,train
21463,3,train
337,3,train
432,3,train
441,3,train
555,3,train
596,3,train
712,3,train
847,3,train
915,3,train
1641,3,train
1881,3,train
1903,3,train
2045,3,train
2492,3,train
2606,3,train
2990,3,train
3170,3,train
3199,3,train
3514,3,train
3675,3,train
3689,3,train
3935,3,train
4105,3,train
4234,3,train
4498,3,train
5323,3,train
5350,3,train
5564,3,train
5567,3,train
5962,3,train
6097,3,train
6101,3,train
6133,3,train
6134,3,train
6227,3,train
6353,3,train
6676,3,train
6774,3,train
6999,3,train
7029,3,train
7422,3,train
7651,3,train
8127,3,train
8523,3,train
8777,3,train
8856,3,train
8966,3,train
8983,3,train
9202,3,train
9354,3,train
9585,3,train
9889,3,train
10076,3,train
10262,3,train
10414,3,train
10937,3,train
10945,3,train
11180,3,train
11242,3,train
11255,3,train
11385,3,train
11532,3,train
11562,3,train
11758,3,train
11876,3,train
11895,3,train
12045,3,train
12158,3,train
13188,3,train
13218,3,train
13247,3,train
13704,3,train
13803,3,train
13822,3,train
14105,3,train
14314,3,train
14921,3,train
15008,3,train
15275,3,train
15895,3,train
16310,3,train
16333,3,train
16440,3,train
16521,3,train
17012,3,train
17069,3,train
17393,3,train
17914,3,train
17950,3,train
17978,3,train
18270,3,train
18295,3,train
18625,3,train
19073,3,train
19163,3,train
19235,3,train
19954,3,train
20011,3,train
20294,3,train
20309,3,train
20512,3,train
20523,3,train
20990,3,train
21045,3,train
21353,3,train
107,3,train
183,3,train
197,3,train
290,3,train
318,3,train
345,3,train
413,3,train
550,3,train
654,3,train
1144,3,train
1277,3,train
1384,3,train
1395,3,train
1487,3,train
1638,3,train
1986,3,train
2051,3,train
2104,3,train
2445,3,train
2488,3,train
2652,3,train
2676,3,train
2983,3,train
3261,3,train
3566,3,train
3587,3,train
3593,3,train
3671,3,train
3934,3,train
4004,3,train
4266,3,train
5912,3,train
5947,3,train
6141,3,train
6379,3,train
6388,3,train
6504,3,train
6531,3,train
6641,3,train
6798,3,train
7152,3,train
7687,3,train
7856,3,train
8013,3,train
8132,3,train
8864,3,train
8999,3,train
9050,3,train
9103,3,train
9324,3,train
10278,3,train
10607,3,train
10708,3,train
10828,3,train
10997,3,train
11002,3,train
11185,3,train
11665,3,train
11740,3,train
11754,3,train
11756,3,train
11885,3,train
12132,3,train
12185,3,train
12232,3,train
13243,3,train
13723,3,train
13854,3,train
14487,3,train
14488,3,train
14642,3,train
14712,3,train
14810,3,train
14823,3,train
14961,3,train
14973,3,train
15391,3,train
16203,3,train
16346,3,train
16869,3,train
16875,3,train
16993,3,train
17206,3,train
17408,3,train
17541,3,train
17545,3,train
17632,3,train
17900,3,train
17957,3,train
18044,3,train
18120,3,train
18223,3,train
18549,3,train
19339,3,train
19536,3,train
19746,3,train
19829,3,train
19942,3,train
20357,3,train
20384,3,train
20998,3,train
21017,3,train
21049,3,train
21064,3,train
21114,3,train
21119,3,train
21312,3,train
973,3,train
1271,3,train
1368,3,train
1649,3,train
1944,3,train
2020,3,train
2416,3,train
2611,3,train
2722,3,train
2753,3,train
2900,3,train
3053,3,train
3081,3,train
3217,3,train
3219,3,train
3855,3,train
4003,3,train
4380,3,train
4397,3,train
4454,3,train
4625,3,train
4790,3,train
5011,3,train
5362,3,train
5419,3,train
5706,3,train
6347,3,train
6393,3,train
6552,3,train
6563,3,train
7007,3,train
7277,3,train
7309,3,train
7470,3,train
8738,3,train
8982,3,train
9468,3,train
9541,3,train
9748,3,train
9772,3,train
9865,3,train
9900,3,train
9931,3,train
10047,3,train
10055,3,train
10150,3,train
10202,3,train
11294,3,train
11403,3,train
11479,3,train
11597,3,train
11662,3,train
12459,3,train
12501,3,train
12550,3,train
12552,3,train
12770,3,train
13517,3,train
13572,3,train
13719,3,train
13914,3,train
13938,3,train
13989,3,train
14059,3,train
14358,3,train
14412,3,train
14891,3,train
15252,3,train
15408,3,train
15518,3,train
15709,3,train
15712,3,train
15820,3,train
16103,3,train
16645,3,train
17372,3,train
17475,3,train
17897,3,train
18171,3,train
18291,3,train
18699,3,train
19083,3,train
19096,3,train
19134,3,train
19241,3,train
19326,3,train
19735,3,train
19889,3,train
20215,3,train
20479,3,train
20777,3,train
21156,3,train
21191,3,train
21244,3,train
93,3,train
110,3,train
180,3,train
329,3,train
893,3,train
1015,3,train
1067,3,train
1087,3,train
1330,3,train
1736,3,train
1991,3,train
2057,3,train
2115,3,train
2199,3,train
2317,3,train
2388,3,train
2901,3,train
2903,3,train
2944,3,train
3043,3,train
3044,3,train
3220,3,train
3296,3,train
3611,3,train
3780,3,train
3905,3,train
4487,3,train
4505,3,train
4644,3,train
4834,3,train
5780,3,train
5823,3,train
5929,3,train
6290,3,train
6462,3,train
7863,3,train
7871,3,train
8241,3,train
8345,3,train
8922,3,train
9073,3,train
9357,3,train
10140,3,train
10582,3,train
10605,3,train
10806,3,train
11024,3,train
11029,3,train
11295,3,train
11366,3,train
11719,3,train
12005,3,train
12102,3,train
12251,3,train
12826,3,train
12930,3,train
13538,3,train
14091,3,train
14147,3,train
14563,3,train
14619,3,train
14627,3,train
14763,3,train
15251,3,train
15314,3,train
15719,3,train
15839,3,train
15935,3,train
15962,3,train
16370,3,train
16457,3,train
16552,3,train
16737,3,train
17009,3,train
17089,3,train
17288,3,train
17445,3,train
17605,3,train
17847,3,train
17922,3,train
18011,3,train
18135,3,train
18496,3,train
18737,3,train
19016,3,train
19062,3,train
19154,3,train
19351,3,train
19475,3,train
19891,3,train
20069,3,train
20231,3,train
20243,3,train
20252,3,train
20603,3,train
20630,3,train
20634,3,train
20662,3,train
20774,3,train
21132,3,train
21405,3,train
21485,3,train
1791,3,train
4000,3,train
4687,3,train
10197,3,train
12254,3,train
14101,3,train
17383,3,train
18888,3,train
20749,3,train
155,3,train
384,3,train
394,3,train
565,3,train
641,3,train
717,3,train
721,3,train
740,3,train
838,3,train
1345,3,train
1481,3,train
1631,3,train
1718,3,train
2023,3,train
2295,3,train
2354,3,train
2407,3,train
2735,3,train
2914,3,train
3007,3,train
3378,3,train
3505,3,train
3605,3,train
4161,3,train
4230,3,train
4302,3,train
4574,3,train
5796,3,train
5797,3,train
6151,3,train
6195,3,train
6971,3,train
7235,3,train
7507,3,train
8712,3,train
8749,3,train
8942,3,train
9225,3,train
9231,3,train
9320,3,train
9381,3,train
9980,3,train
10083,3,train
10090,3,train
10438,3,train
11297,3,train
11371,3,train
11731,3,train
11961,3,train
12077,3,train
12275,3,train
12278,3,train
12561,3,train
12575,3,train
12588,3,train
12928,3,train
13434,3,train
13479,3,train
13564,3,train
14082,3,train
14316,3,train
14926,3,train
15313,3,train
15357,3,train
15602,3,train
15603,3,train
15697,3,train
15838,3,train
16157,3,train
16402,3,train
16498,3,train
16604,3,train
16626,3,train
16676,3,train
16810,3,train
16891,3,train
17722,3,train
17901,3,train
18020,3,train
18309,3,train
18550,3,train
18562,3,train
18570,3,train
18715,3,train
18818,3,train
18936,3,train
19358,3,train
19597,3,train
19620,3,train
19826,3,train
20807,3,train
20958,3,train
21314,3,train
44,3,train
332,3,train
673,3,train
1020,3,train
1158,3,train
1167,3,train
1274,3,train
1620,3,train
1798,3,train
1947,3,train
1962,3,train
2125,3,train
2266,3,train
2856,3,train
3168,3,train
3552,3,train
3655,3,train
3678,3,train
4132,3,train
4183,3,train
4190,3,train
4200,3,train
4691,3,train
5048,3,train
5072,3,train
5543,3,train
5551,3,train
5654,3,train
6216,3,train
6510,3,train
6591,3,train
6653,3,train
6724,3,train
6756,3,train
6863,3,train
7000,3,train
7037,3,train
7049,3,train
7072,3,train
7081,3,train
7144,3,train
7162,3,train
7240,3,train
7702,3,train
7797,3,train
7920,3,train
7994,3,train
8442,3,train
8947,3,train
9002,3,train
9215,3,train
9329,3,train
9335,3,train
9531,3,train
9666,3,train
9700,3,train
9757,3,train
9829,3,train
9927,3,train
10443,3,train
10490,3,train
10637,3,train
11324,3,train
11414,3,train
11475,3,train
11524,3,train
11771,3,train
11786,3,train
11953,3,train
12009,3,train
12064,3,train
12237,3,train
12316,3,train
12594,3,train
12668,3,train
12729,3,train
12944,3,train
13379,3,train
13667,3,train
13678,3,train
13731,3,train
13874,3,train
14168,3,train
14181,3,train
14267,3,train
14607,3,train
15006,3,train
15979,3,train
16219,3,train
16415,3,train
16418,3,train
16969,3,train
17007,3,train
17152,3,train
17170,3,train
17261,3,train
17806,3,train
17941,3,train
18062,3,train
18287,3,train
18831,3,train
18911,3,train
19035,3,train
19099,3,train
19137,3,train
19414,3,train
20045,3,train
20464,3,train
20737,3,train
20776,3,train
21437,3,train
21550,3,train
421,3,train
752,3,train
965,3,train
1133,3,train
1284,3,train
1431,3,train
1872,3,train
2060,3,train
2264,3,train
2713,3,train
2926,3,train
3470,3,train
3509,3,train
3639,3,train
3937,3,train
4431,3,train
4441,3,train
4495,3,train
4601,3,train
4973,3,train
5312,3,train
5547,3,train
5594,3,train
5656,3,train
5813,3,train
6418,3,train
6440,3,train
7076,3,train
7091,3,train
7227,3,train
7229,3,train
7450,3,train
7868,3,train
8052,3,train
8474,3,train
8929,3,train
9309,3,train
9780,3,train
10456,3,train
10946,3,train
11035,3,train
11460,3,train
11591,3,train
11649,3,train
11793,3,train
11823,3,train
12202,3,train
12499,3,train
12725,3,train
12934,3,train
13129,3,train
13724,3,train
14019,3,train
14058,3,train
14099,3,train
14828,3,train
14888,3,train
14967,3,train
15160,3,train
15836,3,train
16081,3,train
16289,3,train
16716,3,train
17919,3,train
18480,3,train
18502,3,train
18510,3,train
19197,3,train
19362,3,train
19394,3,train
19417,3,train
19961,3,train
20036,3,train
20686,3,train
21083,3,train
16,3,train
679,3,train
852,3,train
867,3,train
1371,3,train
1686,3,train
2557,3,train
2833,3,train
3112,3,train
3291,3,train
3516,3,train
3796,3,train
3891,3,train
4272,3,train
4288,3,train
4304,3,train
4451,3,train
4480,3,train
4611,3,train
4628,3,train
4827,3,train
5102,3,train
5365,3,train
5370,3,train
5525,3,train
5800,3,train
5857,3,train
5907,3,train
5979,3,train
6439,3,train
6924,3,train
7016,3,train
7792,3,train
7835,3,train
7901,3,train
8396,3,train
8460,3,train
8903,3,train
8914,3,train
9904,3,train
9924,3,train
10343,3,train
10503,3,train
10815,3,train
11241,3,train
11867,3,train
12270,3,train
13051,3,train
13239,3,train
13302,3,train
13307,3,train
13476,3,train
13675,3,train
13779,3,train
14302,3,train
14354,3,train
14922,3,train
15084,3,train
15124,3,train
15328,3,train
15502,3,train
15725,3,train
15750,3,train
15927,3,train
16022,3,train
16083,3,train
16816,3,train
16821,3,train
17370,3,train
17626,3,train
18422,3,train
18511,3,train
19218,3,train
19289,3,train
19315,3,train
19703,3,train
19812,3,train
19908,3,train
19933,3,train
20550,3,train
20718,3,train
20963,3,train
21105,3,train
389,3,train
1415,3,train
2069,3,train
2123,3,train
2152,3,train
2412,3,train
2525,3,train
2778,3,train
2925,3,train
2954,3,train
3114,3,train
3162,3,train
3277,3,train
3310,3,train
3849,3,train
3922,3,train
3929,3,train
4284,3,train
4381,3,train
4423,3,train
5107,3,train
5197,3,train
5526,3,train
5681,3,train
5782,3,train
6177,3,train
6196,3,train
6777,3,train
7483,3,train
7591,3,train
7600,3,train
7639,3,train
7817,3,train
8105,3,train
8242,3,train
8657,3,train
8793,3,train
10077,3,train
10720,3,train
10778,3,train
10790,3,train
11037,3,train
11670,3,train
11893,3,train
12142,3,train
13037,3,train
13039,3,train
13190,3,train
13256,3,train
13995,3,train
14006,3,train
14264,3,train
14516,3,train
14545,3,train
15361,3,train
15394,3,train
15479,3,train
15918,3,train
16295,3,train
16586,3,train
16784,3,train
17843,3,train
17930,3,train
18395,3,train
18492,3,train
18824,3,train
19161,3,train
19395,3,train
19415,3,train
19437,3,train
19529,3,train
19582,3,train
19731,3,train
19805,3,train
20153,3,train
20342,3,train
20608,3,train
21160,3,train
21362,3,train
21502,3,train
669,3,train
10332,3,train
10401,3,train
12299,3,train
20612,3,train
6918,3,train
203,3,train
205,3,train
705,3,train
997,3,train
1423,3,train
2194,3,train
2251,3,train
3205,3,train
3222,3,train
3424,3,train
3704,3,train
3941,3,train
4150,3,train
4330,3,train
4410,3,train
4411,3,train
4725,3,train
4908,3,train
5032,3,train
5607,3,train
6026,3,train
6312,3,train
6557,3,train
7157,3,train
7872,3,train
8089,3,train
8381,3,train
8558,3,train
8604,3,train
8765,3,train
9154,3,train
9776,3,train
10003,3,train
10602,3,train
10682,3,train
10874,3,train
10883,3,train
10955,3,train
11575,3,train
12003,3,train
12153,3,train
12305,3,train
12596,3,train
12804,3,train
12811,3,train
13003,3,train
13154,3,train
13274,3,train
13890,3,train
14072,3,train
14357,3,train
14462,3,train
14479,3,train
14977,3,train
15509,3,train
15686,3,train
15782,3,train
16129,3,train
16318,3,train
16979,3,train
17221,3,train
17619,3,train
17637,3,train
17943,3,train
18198,3,train
18214,3,train
18320,3,train
18573,3,train
18811,3,train
18845,3,train
18858,3,train
18897,3,train
18961,3,train
19333,3,train
19533,3,train
19632,3,train
19774,3,train
19946,3,train
19992,3,train
20084,3,train
20164,3,train
20261,3,train
20319,3,train
20431,3,train
20563,3,train
20600,3,train
20898,3,train
21117,3,train
21144,3,train
21373,3,train
136,3,train
359,3,train
381,3,train
519,3,train
599,3,train
708,3,train
897,3,train
1386,3,train
1707,3,train
1777,3,train
2032,3,train
2073,3,train
2653,3,train
2772,3,train
2905,3,train
3093,3,train
3467,3,train
3815,3,train
3915,3,train
4066,3,train
4118,3,train
4349,3,train
4481,3,train
5068,3,train
5867,3,train
5920,3,train
6075,3,train
6605,3,train
6759,3,train
6882,3,train
6951,3,train
7193,3,train
7375,3,train
7413,3,train
7443,3,train
7474,3,train
7726,3,train
7813,3,train
7931,3,train
7940,3,train
8561,3,train
8842,3,train
9079,3,train
9229,3,train
9247,3,train
9372,3,train
9501,3,train
9572,3,train
9690,3,train
9715,3,train
9758,3,train
9977,3,train
10431,3,train
10449,3,train
10734,3,train
10939,3,train
11059,3,train
11283,3,train
11884,3,train
11998,3,train
12172,3,train
12578,3,train
12786,3,train
13033,3,train
13099,3,train
13183,3,train
13718,3,train
13999,3,train
14299,3,train
14483,3,train
14496,3,train
14664,3,train
14837,3,train
15075,3,train
15159,3,train
15417,3,train
15630,3,train
15830,3,train
16250,3,train
16300,3,train
16376,3,train
16423,3,train
16439,3,train
16792,3,train
16839,3,train
16877,3,train
16944,3,train
17111,3,train
17140,3,train
17219,3,train
17961,3,train
18156,3,train
18759,3,train
18806,3,train
19025,3,train
19168,3,train
19482,3,train
19666,3,train
19876,3,train
20174,3,train
20312,3,train
20368,3,train
20504,3,train
20569,3,train
20716,3,train
20886,3,train
20889,3,train
20989,3,train
21027,3,train
21234,3,train
147,3,train
356,3,train
406,3,train
809,3,train
821,3,train
909,3,train
975,3,train
1182,3,train
1383,3,train
1406,3,train
1601,3,train
2226,3,train
2439,3,train
2737,3,train
3122,3,train
3181,3,train
3387,3,train
3419,3,train
3739,3,train
4332,3,train
4846,3,train
5447,3,train
5506,3,train
5566,3,train
5602,3,train
6003,3,train
6651,3,train
6886,3,train
6890,3,train
7109,3,train
7213,3,train
7304,3,train
7772,3,train
7983,3,train
8365,3,train
8377,3,train
8509,3,train
8724,3,train
9802,3,train
9928,3,train
9954,3,train
10007,3,train
10125,3,train
10440,3,train
10547,3,train
10907,3,train
11399,3,train
11767,3,train
11784,3,train
11894,3,train
11959,3,train
12138,3,train
12242,3,train
12741,3,train
13349,3,train
13584,3,train
13587,3,train
14368,3,train
14957,3,train
15133,3,train
15799,3,train
16058,3,train
16178,3,train
16243,3,train
16317,3,train
16544,3,train
17390,3,train
18423,3,train
18485,3,train
18619,3,train
18852,3,train
18940,3,train
19142,3,train
19758,3,train
19944,3,train
20199,3,train
20385,3,train
20594,3,train
20926,3,train
21067,3,train
21077,3,train
21141,3,train
21276,3,train
157,3,train
1519,3,train
2508,3,train
2883,3,train
2991,3,train
2999,3,train
3078,3,train
3609,3,train
3627,3,train
3632,3,train
4139,3,train
4382,3,train
4702,3,train
4927,3,train
4983,3,train
5058,3,train
5065,3,train
5082,3,train
5164,3,train
5176,3,train
6036,3,train
6156,3,train
6688,3,train
6997,3,train
7444,3,train
7644,3,train
7816,3,train
8090,3,train
8271,3,train
8764,3,train
8843,3,train
8937,3,train
8945,3,train
9356,3,train
9967,3,train
9997,3,train
10403,3,train
10475,3,train
10581,3,train
10696,3,train
11391,3,train
11618,3,train
11834,3,train
12012,3,train
12821,3,train
13457,3,train
13553,3,train
13795,3,train
14640,3,train
15068,3,train
15808,3,train
15898,3,train
16408,3,train
16411,3,train
18079,3,train
18481,3,train
18668,3,train
19468,3,train
19549,3,train
20627,3,train
21175,3,train
21510,3,train
475,3,train
626,3,train
720,3,train
722,3,train
929,3,train
1148,3,train
1253,3,train
1254,3,train
1280,3,train
1804,3,train
2709,3,train
3393,3,train
4212,3,train
4753,3,train
5284,3,train
5611,3,train
6079,3,train
6337,3,train
6449,3,train
6669,3,train
6671,3,train
7578,3,train
8606,3,train
8882,3,train
8944,3,train
8992,3,train
9367,3,train
9433,3,train
9515,3,train
9726,3,train
10080,3,train
10932,3,train
11123,3,train
11806,3,train
11830,3,train
12256,3,train
12327,3,train
12456,3,train
12780,3,train
13209,3,train
13241,3,train
13462,3,train
13728,3,train
13863,3,train
14474,3,train
14521,3,train
14644,3,train
15047,3,train
15246,3,train
15352,3,train
16041,3,train
16142,3,train
16653,3,train
16724,3,train
16835,3,train
16909,3,train
16971,3,train
17137,3,train
17227,3,train
17250,3,train
17446,3,train
17912,3,train
17989,3,train
18003,3,train
18154,3,train
18269,3,train
18296,3,train
18403,3,train
19676,3,train
19753,3,train
20307,3,train
20425,3,train
20999,3,train
21111,3,train
21257,3,train
21331,3,train
21507,3,train
21554,3,train
5085,3,train
13698,3,train
6549,3,train
9863,3,train
10256,3,train
41,3,train
301,3,train
374,3,train
474,3,train
862,3,train
894,3,train
901,3,train
943,3,train
1463,3,train
1705,3,train
1937,3,train
2059,3,train
2236,3,train
2600,3,train
3120,3,train
3186,3,train
3288,3,train
3920,3,train
4221,3,train
4427,3,train
4587,3,train
4968,3,train
5030,3,train
5716,3,train
5789,3,train
6326,3,train
6427,3,train
6516,3,train
6544,3,train
6572,3,train
6932,3,train
7288,3,train
7435,3,train
7602,3,train
7850,3,train
8098,3,train
8411,3,train
8461,3,train
8546,3,train
8618,3,train
8866,3,train
8993,3,train
9456,3,train
9500,3,train
9533,3,train
9674,3,train
9777,3,train
10245,3,train
10477,3,train
10698,3,train
10768,3,train
11277,3,train
11305,3,train
11384,3,train
11404,3,train
11707,3,train
12410,3,train
12708,3,train
12957,3,train
13388,3,train
13531,3,train
13555,3,train
14189,3,train
14274,3,train
14448,3,train
15073,3,train
15517,3,train
15742,3,train
16164,3,train
16576,3,train
16658,3,train
16866,3,train
16930,3,train
17195,3,train
17239,3,train
17750,3,train
17792,3,train
17839,3,train
17862,3,train
18077,3,train
18173,3,train
18335,3,train
18483,3,train
18552,3,train
18555,3,train
18631,3,train
18874,3,train
18879,3,train
19068,3,train
19411,3,train
19480,3,train
19541,3,train
19699,3,train
19716,3,train
19851,3,train
20118,3,train
20143,3,train
20258,3,train
20288,3,train
20325,3,train
20345,3,train
20390,3,train
20482,3,train
20516,3,train
21439,3,train
21488,3,train
21534,3,train
164,3,train
289,3,train
855,3,train
976,3,train
1160,3,train
1408,3,train
1694,3,train
1955,3,train
2630,3,train
2891,3,train
2960,3,train
2981,3,train
3143,3,train
3585,3,train
4471,3,train
4616,3,train
4777,3,train
5096,3,train
5332,3,train
5524,3,train
6194,3,train
6874,3,train
6949,3,train
7018,3,train
7243,3,train
7606,3,train
7631,3,train
7691,3,train
7738,3,train
8010,3,train
8279,3,train
8312,3,train
8781,3,train
8884,3,train
9148,3,train
9149,3,train
9185,3,train
9331,3,train
9465,3,train
9546,3,train
9737,3,train
9764,3,train
9793,3,train
9888,3,train
10050,3,train
10286,3,train
10292,3,train
10623,3,train
10978,3,train
11044,3,train
11070,3,train
11314,3,train
11634,3,train
12262,3,train
12266,3,train
12639,3,train
12694,3,train
13643,3,train
13782,3,train
13917,3,train
14103,3,train
14217,3,train
14757,3,train
14843,3,train
14910,3,train
14945,3,train
15037,3,train
15153,3,train
15272,3,train
15338,3,train
15482,3,train
15581,3,train
15591,3,train
15819,3,train
16021,3,train
16147,3,train
16561,3,train
16614,3,train
16667,3,train
16822,3,train
16895,3,train
16896,3,train
17001,3,train
17244,3,train
17249,3,train
17534,3,train
17567,3,train
17704,3,train
17910,3,train
18383,3,train
18407,3,train
18418,3,train
18531,3,train
18718,3,train
18896,3,train
20321,3,train
20435,3,train
20938,3,train
21304,3,train
135,3,train
674,3,train
1062,3,train
1162,3,train
1212,3,train
1266,3,train
1855,3,train
2540,3,train
2577,3,train
2859,3,train
2984,3,train
3567,3,train
3791,3,train
3807,3,train
3908,3,train
4047,3,train
4359,3,train
4533,3,train
5088,3,train
5291,3,train
5374,3,train
5404,3,train
5638,3,train
5707,3,train
5722,3,train
6142,3,train
6147,3,train
6316,3,train
6808,3,train
6992,3,train
8027,3,train
8328,3,train
8797,3,train
9110,3,train
9246,3,train
9415,3,train
9842,3,train
10263,3,train
10264,3,train
10361,3,train
10386,3,train
10608,3,train
10673,3,train
10722,3,train
10862,3,train
11027,3,train
11711,3,train
11812,3,train
12354,3,train
12361,3,train
12392,3,train
12781,3,train
12876,3,train
12880,3,train
12939,3,train
13215,3,train
13924,3,train
13934,3,train
13993,3,train
14100,3,train
14246,3,train
14469,3,train
14495,3,train
14553,3,train
14625,3,train
15372,3,train
15440,3,train
15563,3,train
15621,3,train
15832,3,train
16155,3,train
16754,3,train
17125,3,train
17278,3,train
17513,3,train
17791,3,train
17868,3,train
17871,3,train
18018,3,train
18036,3,train
18155,3,train
18184,3,train
18317,3,train
18780,3,train
18853,3,train
19484,3,train
19505,3,train
19577,3,train
19817,3,train
20457,3,train
20498,3,train
20959,3,train
21378,3,train
21462,3,train
21596,3,train
267,3,train
567,3,train
625,3,train
818,3,train
1024,3,train
1317,3,train
1353,3,train
1604,3,train
2336,3,train
2382,3,train
2609,3,train
3040,3,train
3601,3,train
3950,3,train
4084,3,train
4320,3,train
4420,3,train
4430,3,train
4463,3,train
4661,3,train
4762,3,train
4860,3,train
5180,3,train
5425,3,train
6020,3,train
6675,3,train
6915,3,train
7207,3,train
7632,3,train
7827,3,train
7865,3,train
8157,3,train
8226,3,train
8721,3,train
9447,3,train
9641,3,train
9815,3,train
9822,3,train
10221,3,train
10304,3,train
10464,3,train
10665,3,train
10704,3,train
10908,3,train
11132,3,train
11233,3,train
11322,3,train
11377,3,train
11674,3,train
11854,3,train
12086,3,train
12480,3,train
13314,3,train
13600,3,train
13895,3,train
13951,3,train
14286,3,train
14486,3,train
14762,3,train
14898,3,train
15387,3,train
15521,3,train
15670,3,train
15714,3,train
16097,3,train
16173,3,train
16350,3,train
16454,3,train
16593,3,train
16689,3,train
17341,3,train
17349,3,train
17610,3,train
17904,3,train
17954,3,train
18023,3,train
18266,3,train
18804,3,train
18941,3,train
19074,3,train
19181,3,train
19343,3,train
19387,3,train
19513,3,train
19689,3,train
19778,3,train
20218,3,train
20256,3,train
20280,3,train
20663,3,train
636,3,train
680,3,train
704,3,train
800,3,train
1434,3,train
1782,3,train
2392,3,train
2498,3,train
2626,3,train
2919,3,train
3196,3,train
3664,3,train
4106,3,train
4231,3,train
4520,3,train
4836,3,train
5427,3,train
5461,3,train
5503,3,train
5700,3,train
5872,3,train
5911,3,train
6086,3,train
6317,3,train
6485,3,train
7066,3,train
7519,3,train
8970,3,train
9260,3,train
9319,3,train
10422,3,train
10560,3,train
10662,3,train
11074,3,train
11950,3,train
12559,3,train
13438,3,train
13443,3,train
13530,3,train
13688,3,train
14093,3,train
14953,3,train
15450,3,train
15567,3,train
15586,3,train
16712,3,train
16831,3,train
17583,3,train
17771,3,train
18143,3,train
18767,3,train
18946,3,train
18984,3,train
19345,3,train
19558,3,train
19572,3,train
19671,3,train
19724,3,train
20843,3,train
20947,3,train
21101,3,train
2330,3,train
10606,3,train
13065,3,train
15082,3,train
6154,3,train
6672,3,train
8941,3,train
17517,3,train
190,3,train
498,3,train
524,3,train
1063,3,train
1262,3,train
1354,3,train
1570,3,train
1845,3,train
2237,3,train
2253,3,train
2447,3,train
2603,3,train
2629,3,train
2651,3,train
2730,3,train
3279,3,train
3629,3,train
3804,3,train
3938,3,train
4499,3,train
4552,3,train
4831,3,train
4924,3,train
5280,3,train
5288,3,train
5523,3,train
6429,3,train
6461,3,train
6721,3,train
6966,3,train
7557,3,train
8032,3,train
8207,3,train
8313,3,train
8513,3,train
8522,3,train
8617,3,train
9018,3,train
9406,3,train
10189,3,train
10277,3,train
10342,3,train
10679,3,train
11120,3,train
11326,3,train
12320,3,train
12429,3,train
12794,3,train
12860,3,train
13212,3,train
13374,3,train
14172,3,train
14557,3,train
14811,3,train
15058,3,train
15209,3,train
15304,3,train
15414,3,train
15481,3,train
16019,3,train
16407,3,train
16548,3,train
16685,3,train
16809,3,train
17026,3,train
17044,3,train
17091,3,train
17220,3,train
17415,3,train
17531,3,train
17561,3,train
18081,3,train
18098,3,train
18513,3,train
18916,3,train
19085,3,train
19125,3,train
19146,3,train
19243,3,train
19310,3,train
20766,3,train
21337,3,train
21509,3,train
56,3,train
363,3,train
444,3,train
586,3,train
1114,3,train
1161,3,train
1319,3,train
1366,3,train
2030,3,train
2373,3,train
3290,3,train
3543,3,train
3866,3,train
4079,3,train
4124,3,train
4727,3,train
4915,3,train
5409,3,train
5513,3,train
5708,3,train
5730,3,train
5790,3,train
5900,3,train
5950,3,train
6076,3,train
6127,3,train
6208,3,train
6221,3,train
6247,3,train
6273,3,train
6491,3,train
6574,3,train
6848,3,train
7124,3,train
7150,3,train
7544,3,train
7601,3,train
7900,3,train
8003,3,train
8507,3,train
8989,3,train
9011,3,train
9104,3,train
9477,3,train
9656,3,train
10556,3,train
10692,3,train
10715,3,train
10740,3,train
10779,3,train
11057,3,train
11363,3,train
11402,3,train
11635,3,train
11742,3,train
12755,3,train
12919,3,train
12996,3,train
13179,3,train
13407,3,train
13440,3,train
14047,3,train
14067,3,train
14124,3,train
14140,3,train
14256,3,train
14834,3,train
14930,3,train
15499,3,train
16045,3,train
16066,3,train
16087,3,train
16436,3,train
16547,3,train
17130,3,train
17216,3,train
17217,3,train
17457,3,train
17527,3,train
18272,3,train
18849,3,train
18851,3,train
18867,3,train
18907,3,train
18929,3,train
19453,3,train
19639,3,train
20344,3,train
20564,3,train
21382,3,train
21548,3,train
150,3,train
514,3,train
602,3,train
737,3,train
1034,3,train
1664,3,train
1827,3,train
1836,3,train
1839,3,train
2343,3,train
2378,3,train
2992,3,train
3031,3,train
3089,3,train
3100,3,train
3145,3,train
3212,3,train
3558,3,train
3564,3,train
4157,3,train
4321,3,train
4509,3,train
4608,3,train
4638,3,train
4653,3,train
4765,3,train
4892,3,train
5545,3,train
5892,3,train
5957,3,train
6360,3,train
6408,3,train
6450,3,train
6663,3,train
6716,3,train
6968,3,train
7105,3,train
7116,3,train
7140,3,train
7194,3,train
7427,3,train
7504,3,train
7628,3,train
7787,3,train
7995,3,train
8046,3,train
8108,3,train
8323,3,train
8519,3,train
9394,3,train
9404,3,train
9597,3,train
9680,3,train
9845,3,train
9861,3,train
9937,3,train
10005,3,train
10014,3,train
10553,3,train
10738,3,train
10880,3,train
11157,3,train
11269,3,train
11390,3,train
11433,3,train
11790,3,train
12146,3,train
12569,3,train
12756,3,train
12968,3,train
13082,3,train
13118,3,train
13337,3,train
13594,3,train
13676,3,train
13711,3,train
13755,3,train
13780,3,train
13909,3,train
14046,3,train
14239,3,train
14303,3,train
14451,3,train
14512,3,train
14825,3,train
15027,3,train
15031,3,train
15043,3,train
15241,3,train
15268,3,train
15483,3,train
15846,3,train
16056,3,train
16385,3,train
16387,3,train
16510,3,train
17021,3,train
17592,3,train
17785,3,train
18585,3,train
18680,3,train
18921,3,train
19228,3,train
19323,3,train
19570,3,train
20037,3,train
20152,3,train
20186,3,train
20785,3,train
21008,3,train
21139,3,train
21547,3,train
21558,3,train
436,3,train
581,3,train
690,3,train
987,3,train
995,3,train
1175,3,train
2307,3,train
2468,3,train
2597,3,train
2645,3,train
2830,3,train
3436,3,train
3528,3,train
3610,3,train
3659,3,train
3898,3,train
3952,3,train
4224,3,train
4314,3,train
4610,3,train
4652,3,train
4970,3,train
5587,3,train
5660,3,train
5736,3,train
6027,3,train
6789,3,train
6953,3,train
7169,3,train
7672,3,train
7694,3,train
7928,3,train
8437,3,train
8501,3,train
8715,3,train
8757,3,train
9919,3,train
9963,3,train
10004,3,train
10183,3,train
10513,3,train
10661,3,train
11156,3,train
11339,3,train
11369,3,train
11550,3,train
11626,3,train
11690,3,train
11712,3,train
12186,3,train
12216,3,train
13365,3,train
13414,3,train
13621,3,train
13690,3,train
14053,3,train
14210,3,train
14389,3,train
14682,3,train
14881,3,train
15173,3,train
15305,3,train
15356,3,train
15448,3,train
15513,3,train
15897,3,train
16128,3,train
16217,3,train
16283,3,train
17052,3,train
17141,3,train
17189,3,train
17198,3,train
17570,3,train
17819,3,train
18030,3,train
18211,3,train
18817,3,train
18924,3,train
19031,3,train
19485,3,train
19693,3,train
20260,3,train
20509,3,train
20568,3,train
20575,3,train
21070,3,train
220,3,train
296,3,train
825,3,train
1443,3,train
1608,3,train
1970,3,train
2289,3,train
2528,3,train
2968,3,train
2996,3,train
3267,3,train
4075,3,train
4195,3,train
4624,3,train
4819,3,train
5028,3,train
5029,3,train
5059,3,train
5251,3,train
6112,3,train
6288,3,train
6666,3,train
6761,3,train
7543,3,train
7915,3,train
8225,3,train
8263,3,train
8981,3,train
9284,3,train
9581,3,train
9849,3,train
10138,3,train
10288,3,train
10329,3,train
10330,3,train
10627,3,train
10664,3,train
10794,3,train
11191,3,train
11298,3,train
11302,3,train
11370,3,train
11541,3,train
11801,3,train
11816,3,train
11824,3,train
11906,3,train
11963,3,train
12053,3,train
12234,3,train
12488,3,train
12649,3,train
12711,3,train
12740,3,train
13774,3,train
13935,3,train
14003,3,train
14013,3,train
14184,3,train
14250,3,train
14353,3,train
14434,3,train
14471,3,train
14523,3,train
14568,3,train
14788,3,train
14919,3,train
15083,3,train
15370,3,train
15384,3,train
15409,3,train
15682,3,train
16006,3,train
16100,3,train
16304,3,train
16444,3,train
16698,3,train
16851,3,train
16883,3,train
16947,3,train
17160,3,train
17757,3,train
17866,3,train
17879,3,train
18117,3,train
18202,3,train
18346,3,train
18376,3,train
18611,3,train
18786,3,train
19003,3,train
19212,3,train
19252,3,train
19515,3,train
19569,3,train
19612,3,train
19730,3,train
20038,3,train
20124,3,train
21294,3,train
21301,3,train
21344,3,train
12467,3,train
13702,3,train
13997,3,train
16588,3,train
17208,3,train
20248,3,train
20339,3,train
18898,3,train
18922,3,train
68,3,train
401,3,train
603,3,train
888,3,train
969,3,train
1023,3,train
1048,3,train
1110,3,train
1447,3,train
1526,3,train
1717,3,train
2280,3,train
2353,3,train
2499,3,train
2792,3,train
3001,3,train
3683,3,train
3754,3,train
4307,3,train
5232,3,train
5242,3,train
5429,3,train
5603,3,train
5988,3,train
6592,3,train
6689,3,train
6849,3,train
7225,3,train
7313,3,train
7619,3,train
7828,3,train
7854,3,train
7889,3,train
8021,3,train
8184,3,train
8334,3,train
8525,3,train
8544,3,train
8860,3,train
9167,3,train
9344,3,train
9482,3,train
9707,3,train
9744,3,train
9866,3,train
9907,3,train
9958,3,train
10162,3,train
10471,3,train
10716,3,train
10782,3,train
10804,3,train
11341,3,train
11469,3,train
11513,3,train
11629,3,train
11722,3,train
11779,3,train
11799,3,train
11929,3,train
11948,3,train
12010,3,train
12351,3,train
12443,3,train
12547,3,train
12829,3,train
12999,3,train
13552,3,train
13603,3,train
13920,3,train
14385,3,train
14801,3,train
14878,3,train
14887,3,train
15335,3,train
15400,3,train
15537,3,train
15612,3,train
15660,3,train
15701,3,train
15753,3,train
15762,3,train
15929,3,train
16492,3,train
16661,3,train
17394,3,train
17676,3,train
17797,3,train
17860,3,train
17869,3,train
18004,3,train
18165,3,train
18343,3,train
18389,3,train
18714,3,train
18917,3,train
19088,3,train
19402,3,train
19497,3,train
19615,3,train
19660,3,train
19932,3,train
20521,3,train
21134,3,train
21197,3,train
21308,3,train
21324,3,train
21520,3,train
21603,3,train
21,3,train
244,3,train
338,3,train
880,3,train
1437,3,train
1461,3,train
1491,3,train
2095,3,train
2160,3,train
2576,3,train
3195,3,train
3406,3,train
3486,3,train
3517,3,train
3548,3,train
3745,3,train
3746,3,train
3763,3,train
3801,3,train
4007,3,train
4396,3,train
4484,3,train
4771,3,train
5177,3,train
5248,3,train
5305,3,train
5379,3,train
5432,3,train
5693,3,train
5756,3,train
6057,3,train
6146,3,train
6460,3,train
6705,3,train
7254,3,train
7362,3,train
7408,3,train
7532,3,train
7624,3,train
7760,3,train
7778,3,train
7950,3,train
8258,3,train
8661,3,train
8720,3,train
8750,3,train
8841,3,train
8918,3,train
8934,3,train
9058,3,train
9138,3,train
9292,3,train
9412,3,train
9449,3,train
9683,3,train
9831,3,train
10151,3,train
10178,3,train
10860,3,train
10897,3,train
10957,3,train
11739,3,train
11843,3,train
11887,3,train
12163,3,train
12342,3,train
12524,3,train
12537,3,train
12673,3,train
12971,3,train
13192,3,train
13344,3,train
13566,3,train
13683,3,train
13684,3,train
13818,3,train
13959,3,train
14398,3,train
14489,3,train
14789,3,train
14883,3,train
15142,3,train
15151,3,train
15182,3,train
15190,3,train
15233,3,train
15243,3,train
15331,3,train
15675,3,train
15813,3,train
16055,3,train
16368,3,train
16669,3,train
16836,3,train
16902,3,train
17255,3,train
17318,3,train
17554,3,train
18149,3,train
18623,3,train
18881,3,train
19094,3,train
19116,3,train
19193,3,train
19232,3,train
19510,3,train
19521,3,train
19752,3,train
19819,3,train
20052,3,train
20054,3,train
20114,3,train
20295,3,train
20358,3,train
20625,3,train
20783,3,train
20977,3,train
58,3,train
109,3,train
1081,3,train
1227,3,train
1530,3,train
1759,3,train
1918,3,train
2298,3,train
2362,3,train
2391,3,train
2393,3,train
2479,3,train
2511,3,train
3347,3,train
3602,3,train
3698,3,train
3972,3,train
3997,3,train
4117,3,train
4232,3,train
4362,3,train
5111,3,train
5196,3,train
5353,3,train
5383,3,train
5476,3,train
5625,3,train
5641,3,train
5725,3,train
5825,3,train
5833,3,train
6456,3,train
7033,3,train
7059,3,train
7074,3,train
7199,3,train
7204,3,train
7292,3,train
7429,3,train
7846,3,train
7906,3,train
7996,3,train
8068,3,train
8149,3,train
8327,3,train
8468,3,train
8611,3,train
8832,3,train
9316,3,train
9633,3,train
9826,3,train
10056,3,train
10231,3,train
10352,3,train
10382,3,train
10995,3,train
11090,3,train
11118,3,train
11184,3,train
11586,3,train
12171,3,train
12387,3,train
12666,3,train
12962,3,train
12998,3,train
13373,3,train
13456,3,train
13846,3,train
13884,3,train
14057,3,train
14061,3,train
14073,3,train
14141,3,train
14436,3,train
14751,3,train
14761,3,train
14933,3,train
15113,3,train
15310,3,train
16114,3,train
16800,3,train
16804,3,train
16867,3,train
16872,3,train
16901,3,train
16903,3,train
17046,3,train
17485,3,train
18002,3,train
18127,3,train
18342,3,train
18792,3,train
19798,3,train
19962,3,train
19965,3,train
20178,3,train
20674,3,train
20755,3,train
21142,3,train
21143,3,train
61,3,train
218,3,train
361,3,train
753,3,train
918,3,train
944,3,train
1165,3,train
1521,3,train
1858,3,train
1915,3,train
1948,3,train
2048,3,train
3052,3,train
3211,3,train
3399,3,train
3740,3,train
4242,3,train
4460,3,train
4578,3,train
5199,3,train
5308,3,train
5624,3,train
5994,3,train
6088,3,train
8070,3,train
8205,3,train
8285,3,train
9473,3,train
9483,3,train
9644,3,train
9692,3,train
10668,3,train
10842,3,train
10951,3,train
11004,3,train
11031,3,train
11129,3,train
11177,3,train
11231,3,train
11329,3,train
12213,3,train
12377,3,train
12421,3,train
12652,3,train
12761,3,train
12912,3,train
13528,3,train
14028,3,train
14198,3,train
14639,3,train
14838,3,train
14929,3,train
14968,3,train
15700,3,train
15889,3,train
16426,3,train
16853,3,train
17304,3,train
17378,3,train
17439,3,train
17726,3,train
17983,3,train
18292,3,train
18587,3,train
19233,3,train
19486,3,train
19613,3,train
19635,3,train
20003,3,train
20161,3,train
20700,3,train
20770,3,train
20838,3,train
20894,3,train
20930,3,train
21073,3,train
21400,3,train
21585,3,train
259,3,train
1258,3,train
1438,3,train
1524,3,train
1867,3,train
1942,3,train
2688,3,train
2723,3,train
2727,3,train
2745,3,train
2848,3,train
2904,3,train
2970,3,train
2974,3,train
4388,3,train
4491,3,train
5986,3,train
6550,3,train
6973,3,train
7758,3,train
8850,3,train
9538,3,train
9704,3,train
10265,3,train
10684,3,train
10744,3,train
11423,3,train
11527,3,train
11563,3,train
11874,3,train
12287,3,train
12484,3,train
13490,3,train
13725,3,train
14390,3,train
14435,3,train
14730,3,train
15035,3,train
15138,3,train
15170,3,train
15664,3,train
15665,3,train
16125,3,train
16277,3,train
17539,3,train
18364,3,train
19251,3,train
19363,3,train
19372,3,train
19544,3,train
19820,3,train
20134,3,train
20870,3,train
20964,3,train
21055,3,train
21203,3,train
21267,3,train
15769,3,train
3331,3,train
12518,3,train
21424,3,train
477,3,train
822,3,train
1642,3,train
5721,3,train
7430,3,train
13860,3,train
234,3,train
553,3,train
593,3,train
659,3,train
755,3,train
930,3,train
1332,3,train
1932,3,train
2309,3,train
2406,3,train
2889,3,train
2913,3,train
2942,3,train
3371,3,train
3442,3,train
3672,3,train
3701,3,train
3956,3,train
4068,3,train
4236,3,train
4270,3,train
4338,3,train
4909,3,train
4974,3,train
6240,3,train
6589,3,train
6831,3,train
6855,3,train
6926,3,train
6979,3,train
7153,3,train
7175,3,train
7643,3,train
7962,3,train
8681,3,train
9141,3,train
9298,3,train
9441,3,train
9509,3,train
9944,3,train
9952,3,train
10203,3,train
10459,3,train
10521,3,train
10644,3,train
10645,3,train
12029,3,train
12356,3,train
12571,3,train
12978,3,train
13410,3,train
13523,3,train
14283,3,train
14954,3,train
15034,3,train
15558,3,train
15904,3,train
16448,3,train
16528,3,train
16849,3,train
17037,3,train
17674,3,train
17754,3,train
18040,3,train
18087,3,train
18252,3,train
18351,3,train
18449,3,train
18556,3,train
18634,3,train
19040,3,train
19382,3,train
19478,3,train
19576,3,train
19963,3,train
19978,3,train
20481,3,train
21018,3,train
21466,3,train
224,3,train
433,3,train
749,3,train
1068,3,train
1172,3,train
1591,3,train
1614,3,train
1770,3,train
2041,3,train
2201,3,train
2250,3,train
2457,3,train
2472,3,train
2824,3,train
2978,3,train
3272,3,train
3657,3,train
3923,3,train
4521,3,train
4669,3,train
4787,3,train
4842,3,train
4911,3,train
5367,3,train
5652,3,train
5763,3,train
7490,3,train
7721,3,train
8082,3,train
8185,3,train
8512,3,train
8600,3,train
8855,3,train
8958,3,train
9067,3,train
9303,3,train
9425,3,train
9578,3,train
9686,3,train
10866,3,train
10909,3,train
10920,3,train
11179,3,train
11275,3,train
11276,3,train
11296,3,train
11365,3,train
11517,3,train
11533,3,train
12081,3,train
12470,3,train
12593,3,train
12936,3,train
13002,3,train
13436,3,train
13487,3,train
13770,3,train
13892,3,train
13979,3,train
14285,3,train
14713,3,train
14988,3,train
14999,3,train
15054,3,train
15236,3,train
15491,3,train
15677,3,train
16840,3,train
16899,3,train
17376,3,train
17807,3,train
18347,3,train
18416,3,train
18608,3,train
18829,3,train
18944,3,train
18970,3,train
19561,3,train
19715,3,train
20213,3,train
20394,3,train
21126,3,train
21241,3,train
21365,3,train
89,3,train
222,3,train
590,3,train
955,3,train
1181,3,train
1207,3,train
1290,3,train
1704,3,train
1724,3,train
1833,3,train
2139,3,train
2169,3,train
2183,3,train
2200,3,train
2363,3,train
2516,3,train
2825,3,train
2953,3,train
2985,3,train
3444,3,train
3661,3,train
3940,3,train
4761,3,train
4814,3,train
5131,3,train
5262,3,train
5510,3,train
5560,3,train
5732,3,train
6120,3,train
8133,3,train
9143,3,train
9160,3,train
9652,3,train
9724,3,train
9990,3,train
10093,3,train
10445,3,train
10592,3,train
11137,3,train
11201,3,train
11383,3,train
11559,3,train
11659,3,train
11962,3,train
12752,3,train
13140,3,train
13614,3,train
13655,3,train
13769,3,train
14083,3,train
14312,3,train
14531,3,train
15358,3,train
15470,3,train
15511,3,train
15717,3,train
16064,3,train
16222,3,train
16223,3,train
16298,3,train
16324,3,train
16612,3,train
16922,3,train
17334,3,train
17427,3,train
17576,3,train
17641,3,train
17660,3,train
18930,3,train
19108,3,train
19268,3,train
19781,3,train
20057,3,train
20549,3,train
20743,3,train
20840,3,train
20853,3,train
21302,3,train
184,3,train
285,3,train
327,3,train
388,3,train
1163,3,train
1219,3,train
1367,3,train
1402,3,train
1612,3,train
1901,3,train
1946,3,train
1985,3,train
2009,3,train
2137,3,train
2287,3,train
2726,3,train
3151,3,train
3623,3,train
3641,3,train
3821,3,train
3949,3,train
3961,3,train
4426,3,train
4997,3,train
5537,3,train
5542,3,train
5902,3,train
6179,3,train
6494,3,train
7180,3,train
7737,3,train
7963,3,train
8124,3,train
8658,3,train
8794,3,train
9142,3,train
9383,3,train
10127,3,train
10210,3,train
10488,3,train
11085,3,train
11311,3,train
11320,3,train
13148,3,train
13493,3,train
13766,3,train
13870,3,train
13966,3,train
13992,3,train
14138,3,train
14257,3,train
14429,3,train
14693,3,train
14749,3,train
14798,3,train
14914,3,train
15197,3,train
15529,3,train
15601,3,train
15783,3,train
15854,3,train
15893,3,train
16093,3,train
16210,3,train
16348,3,train
16745,3,train
16913,3,train
17123,3,train
17466,3,train
17737,3,train
17799,3,train
17802,3,train
18064,3,train
18603,3,train
18819,3,train
18884,3,train
19205,3,train
19406,3,train
20383,3,train
20478,3,train
20744,3,train
20851,3,train
21212,3,train
521,3,train
4775,3,train
4810,3,train
6751,3,train
15516,3,train
3350,3,train
20657,3,train
95,3,train
431,3,train
711,3,train
808,3,train
957,3,train
1555,3,train
1776,3,train
2014,3,train
2857,3,train
2866,3,train
3957,3,train
4315,3,train
4854,3,train
5289,3,train
5311,3,train
5397,3,train
5459,3,train
5487,3,train
5582,3,train
5597,3,train
5921,3,train
6266,3,train
6319,3,train
6512,3,train
6537,3,train
6551,3,train
6674,3,train
6768,3,train
6851,3,train
6919,3,train
7492,3,train
7733,3,train
7829,3,train
8253,3,train
8596,3,train
8723,3,train
8788,3,train
10130,3,train
10455,3,train
10942,3,train
10988,3,train
11282,3,train
11979,3,train
12638,3,train
12857,3,train
12906,3,train
13019,3,train
13042,3,train
13275,3,train
13582,3,train
13686,3,train
14042,3,train
14131,3,train
14161,3,train
14787,3,train
14851,3,train
14981,3,train
15449,3,train
15814,3,train
15864,3,train
16111,3,train
16648,3,train
16710,3,train
16766,3,train
18627,3,train
18681,3,train
18883,3,train
19132,3,train
19194,3,train
20126,3,train
20584,3,train
21000,3,train
21192,3,train
21322,3,train
66,3,train
342,3,train
415,3,train
1014,3,train
1190,3,train
1285,3,train
1324,3,train
1340,3,train
1635,3,train
1723,3,train
1767,3,train
1984,3,train
2316,3,train
2377,3,train
2783,3,train
2791,3,train
3243,3,train
3670,3,train
3727,3,train
3787,3,train
4490,3,train
4546,3,train
4744,3,train
4768,3,train
5762,3,train
6189,3,train
6309,3,train
6322,3,train
6556,3,train
6610,3,train
6652,3,train
6775,3,train
7342,3,train
7653,3,train
7685,3,train
7895,3,train
7929,3,train
7980,3,train
8001,3,train
8007,3,train
8120,3,train
8211,3,train
8975,3,train
9006,3,train
9569,3,train
9943,3,train
10117,3,train
10321,3,train
10499,3,train
10532,3,train
10600,3,train
10766,3,train
10916,3,train
11169,3,train
11902,3,train
12310,3,train
12450,3,train
12839,3,train
12840,3,train
13421,3,train
13526,3,train
13575,3,train
13697,3,train
13949,3,train
14108,3,train
14419,3,train
14580,3,train
14815,3,train
15263,3,train
15716,3,train
15856,3,train
16213,3,train
16427,3,train
16572,3,train
16699,3,train
16898,3,train
17367,3,train
17404,3,train
17606,3,train
17720,3,train
18367,3,train
18527,3,train
18691,3,train
18764,3,train
19152,3,train
19271,3,train
19644,3,train
19770,3,train
19870,3,train
20078,3,train
20197,3,train
20304,3,train
20525,3,train
727,3,train
912,3,train
1247,3,train
1270,3,train
1475,3,train
1648,3,train
2088,3,train
2294,3,train
2311,3,train
2654,3,train
2742,3,train
3018,3,train
3074,3,train
3410,3,train
3535,3,train
3631,3,train
4063,3,train
4516,3,train
5237,3,train
5512,3,train
5644,3,train
5948,3,train
6035,3,train
6248,3,train
6465,3,train
7296,3,train
7373,3,train
7770,3,train
7799,3,train
7852,3,train
8083,3,train
8746,3,train
9082,3,train
9184,3,train
9255,3,train
9385,3,train
9605,3,train
9801,3,train
9926,3,train
10075,3,train
10418,3,train
10557,3,train
10888,3,train
11049,3,train
11252,3,train
11289,3,train
11836,3,train
12183,3,train
12212,3,train
12528,3,train
12582,3,train
12923,3,train
12986,3,train
13117,3,train
13120,3,train
14375,3,train
14548,3,train
14956,3,train
15169,3,train
15436,3,train
15460,3,train
15636,3,train
15774,3,train
15876,3,train
16827,3,train
17259,3,train
17530,3,train
17798,3,train
17881,3,train
18170,3,train
18255,3,train
18650,3,train
18769,3,train
18885,3,train
18927,3,train
19118,3,train
19384,3,train
19472,3,train
19517,3,train
19930,3,train
20024,3,train
20055,3,train
20570,3,train
21030,3,train
21081,3,train
21589,3,train
409,3,train
543,3,train
761,3,train
827,3,train
833,3,train
1208,3,train
1490,3,train
1525,3,train
1679,3,train
1818,3,train
1870,3,train
2158,3,train
2460,3,train
2819,3,train
2902,3,train
3045,3,train
3157,3,train
3441,3,train
3628,3,train
3886,3,train
4015,3,train
4432,3,train
4743,3,train
4789,3,train
4803,3,train
5055,3,train
5101,3,train
5719,3,train
6019,3,train
6034,3,train
6128,3,train
6713,3,train
6984,3,train
7287,3,train
7566,3,train
7749,3,train
7779,3,train
7864,3,train
8152,3,train
8358,3,train
8470,3,train
9025,3,train
9176,3,train
9855,3,train
10026,3,train
10800,3,train
10928,3,train
11556,3,train
11619,3,train
11639,3,train
11745,3,train
11868,3,train
12073,3,train
12787,3,train
13221,3,train
13489,3,train
13573,3,train
13585,3,train
13616,3,train
13630,3,train
13882,3,train
13937,3,train
14281,3,train
14447,3,train
15255,3,train
15257,3,train
15679,3,train
15761,3,train
16501,3,train
17667,3,train
17890,3,train
17931,3,train
18301,3,train
18822,3,train
18966,3,train
19017,3,train
19136,3,train
19365,3,train
19719,3,train
20020,3,train
20829,3,train
20922,3,train
20941,3,train
20982,3,train
21056,3,train
21259,3,train
21290,3,train
21319,3,train
70,3,train
97,3,train
192,3,train
405,3,train
633,3,train
671,3,train
883,3,train
1832,3,train
2132,3,train
2175,3,train
2202,3,train
2967,3,train
3542,3,train
3617,3,train
3684,3,train
3751,3,train
3888,3,train
4932,3,train
5211,3,train
5623,3,train
6464,3,train
6785,3,train
6913,3,train
7107,3,train
7454,3,train
7522,3,train
7805,3,train
8045,3,train
8147,3,train
8650,3,train
8787,3,train
8984,3,train
9029,3,train
9663,3,train
9864,3,train
9968,3,train
10085,3,train
10187,3,train
10614,3,train
11802,3,train
11814,3,train
12889,3,train
14054,3,train
14333,3,train
15175,3,train
15875,3,train
16057,3,train
16382,3,train
17362,3,train
17695,3,train
17985,3,train
19160,3,train
19556,3,train
20169,3,train
20275,3,train
20815,3,train
20927,3,train
21122,3,train
21480,3,train
6349,3,train
10648,3,train
14736,3,train
17041,3,train
17520,3,train
15019,3,train
16182,3,train
18636,3,train
18931,3,train
1047,3,train
1311,3,train
1669,3,train
1980,3,train
2044,3,train
2163,3,train
2225,3,train
2315,3,train
2403,3,train
2604,3,train
2916,3,train
3797,3,train
4238,3,train
4404,3,train
4413,3,train
4841,3,train
4855,3,train
4907,3,train
5125,3,train
5294,3,train
5380,3,train
6277,3,train
6330,3,train
7001,3,train
7307,3,train
7359,3,train
7714,3,train
7957,3,train
8338,3,train
8706,3,train
8956,3,train
9119,3,train
9265,3,train
9607,3,train
9685,3,train
10253,3,train
10335,3,train
10591,3,train
10913,3,train
11494,3,train
11724,3,train
11846,3,train
11976,3,train
12180,3,train
12207,3,train
12654,3,train
12837,3,train
13057,3,train
13202,3,train
13356,3,train
13707,3,train
14127,3,train
14154,3,train
14659,3,train
14702,3,train
14864,3,train
15144,3,train
15316,3,train
15597,3,train
16624,3,train
17591,3,train
17789,3,train
17997,3,train
18203,3,train
18678,3,train
18692,3,train
18783,3,train
18918,3,train
18978,3,train
19171,3,train
19657,3,train
19743,3,train
19759,3,train
19973,3,train
19976,3,train
21395,3,train
21599,3,train
50,3,train
112,3,train
330,3,train
380,3,train
435,3,train
439,3,train
962,3,train
983,3,train
1138,3,train
1305,3,train
2061,3,train
2147,3,train
2246,3,train
2370,3,train
2515,3,train
2537,3,train
2702,3,train
2876,3,train
2975,3,train
3165,3,train
3228,3,train
3336,3,train
3521,3,train
3788,3,train
4127,3,train
4218,3,train
4341,3,train
5297,3,train
5905,3,train
6044,3,train
6164,3,train
6471,3,train
6594,3,train
6693,3,train
6744,3,train
6793,3,train
7245,3,train
7303,3,train
7849,3,train
7941,3,train
8229,3,train
8552,3,train
8556,3,train
8665,3,train
8820,3,train
8837,3,train
8861,3,train
8881,3,train
9021,3,train
9250,3,train
9311,3,train
9395,3,train
9518,3,train
9940,3,train
10232,3,train
11149,3,train
11650,3,train
11705,3,train
11981,3,train
12039,3,train
12220,3,train
12545,3,train
12698,3,train
13122,3,train
13177,3,train
13859,3,train
14056,3,train
14130,3,train
14411,3,train
14514,3,train
14549,3,train
14616,3,train
14826,3,train
15014,3,train
15364,3,train
15752,3,train
15786,3,train
16538,3,train
17093,3,train
17107,3,train
17634,3,train
17640,3,train
17828,3,train
18080,3,train
18141,3,train
18219,3,train
18298,3,train
18934,3,train
18990,3,train
19364,3,train
20688,3,train
20769,3,train
364,3,train
391,3,train
497,3,train
731,3,train
743,3,train
996,3,train
1342,3,train
1378,3,train
1414,3,train
1559,3,train
3110,3,train
3216,3,train
4303,3,train
4929,3,train
5586,3,train
6102,3,train
6268,3,train
6580,3,train
6925,3,train
7283,3,train
7707,3,train
7715,3,train
7836,3,train
7921,3,train
7933,3,train
8176,3,train
8573,3,train
8876,3,train
9111,3,train
9114,3,train
9747,3,train
9950,3,train
10641,3,train
10797,3,train
10967,3,train
11239,3,train
11266,3,train
11785,3,train
11920,3,train
11956,3,train
12483,3,train
12531,3,train
12667,3,train
12704,3,train
13289,3,train
13801,3,train
13970,3,train
14009,3,train
14432,3,train
14498,3,train
14533,3,train
14620,3,train
14638,3,train
14674,3,train
14691,3,train
15139,3,train
15325,3,train
15627,3,train
15648,3,train
16048,3,train
16189,3,train
16274,3,train
16508,3,train
17150,3,train
17555,3,train
17711,3,train
17902,3,train
17948,3,train
18177,3,train
18971,3,train
20393,3,train
20809,3,train
20839,3,train
21487,3,train
223,3,train
713,3,train
724,3,train
1754,3,train
1912,3,train
1954,3,train
2186,3,train
2539,3,train
2739,3,train
2815,3,train
2817,3,train
2963,3,train
3036,3,train
3169,3,train
3630,3,train
3871,3,train
3876,3,train
4186,3,train
4353,3,train
5356,3,train
6235,3,train
6417,3,train
6562,3,train
6828,3,train
6856,3,train
6871,3,train
6944,3,train
8547,3,train
8745,3,train
8770,3,train
8862,3,train
8919,3,train
9039,3,train
9171,3,train
9211,3,train
9371,3,train
9426,3,train
9870,3,train
10092,3,train
10235,3,train
10481,3,train
10660,3,train
11828,3,train
12813,3,train
12963,3,train
12972,3,train
13506,3,train
14129,3,train
14216,3,train
14388,3,train
14628,3,train
15030,3,train
15265,3,train
15345,3,train
15445,3,train
15475,3,train
16078,3,train
16338,3,train
16574,3,train
16797,3,train
16911,3,train
17201,3,train
17663,3,train
18420,3,train
18612,3,train
18848,3,train
19645,3,train
20239,3,train
20308,3,train
20354,3,train
20533,3,train
20632,3,train
20666,3,train
20740,3,train
20825,3,train
20965,3,train
20975,3,train
21069,3,train
21409,3,train
206,3,train
434,3,train
871,3,train
913,3,train
1466,3,train
1565,3,train
1907,3,train
1965,3,train
2255,3,train
2426,3,train
2535,3,train
2832,3,train
3064,3,train
3401,3,train
3527,3,train
3597,3,train
3772,3,train
4057,3,train
4080,3,train
4129,3,train
4162,3,train
4511,3,train
4866,3,train
5034,3,train
5121,3,train
5286,3,train
5372,3,train
6677,3,train
6892,3,train
7065,3,train
8095,3,train
8187,3,train
8751,3,train
8760,3,train
9055,3,train
9254,3,train
9410,3,train
9470,3,train
10058,3,train
10585,3,train
11046,3,train
11058,3,train
12437,3,train
12612,3,train
13104,3,train
13381,3,train
13454,3,train
13653,3,train
13877,3,train
14753,3,train
15261,3,train
16238,3,train
16464,3,train
16505,3,train
17357,3,train
17371,3,train
17547,3,train
17766,3,train
18288,3,train
18516,3,train
18583,3,train
18915,3,train
19149,3,train
19368,3,train
19424,3,train
20442,3,train
20636,3,train
20640,3,train
20673,3,train
20819,3,train
20863,3,train
20914,3,train
20946,3,train
21233,3,train
21415,3,train
21446,3,train
9106,3,train
11367,3,train
12068,3,train
17840,3,train
21291,3,train
11471,3,train
12136,3,train
12685,3,train
19967,3,train
20567,3,train
351,3,train
617,3,train
697,3,train
958,3,train
1126,3,train
1527,3,train
1658,3,train
2036,3,train
2335,3,train
2364,3,train
2559,3,train
2594,3,train
2732,3,train
2744,3,train
2948,3,train
2958,3,train
3090,3,train
3172,3,train
4193,3,train
4634,3,train
5530,3,train
5588,3,train
6376,3,train
6468,3,train
7012,3,train
7015,3,train
7324,3,train
7432,3,train
8118,3,train
8968,3,train
9369,3,train
9386,3,train
9695,3,train
9921,3,train
10228,3,train
10275,3,train
10674,3,train
11409,3,train
11435,3,train
11440,3,train
11459,3,train
12097,3,train
12311,3,train
12473,3,train
12778,3,train
12817,3,train
13068,3,train
13383,3,train
13913,3,train
14024,3,train
14050,3,train
14266,3,train
14270,3,train
14491,3,train
14538,3,train
14567,3,train
14598,3,train
14704,3,train
14894,3,train
15654,3,train
15673,3,train
15731,3,train
15965,3,train
16225,3,train
16297,3,train
16299,3,train
16331,3,train
16361,3,train
16591,3,train
16769,3,train
16940,3,train
16980,3,train
17926,3,train
17937,3,train
17981,3,train
18065,3,train
18089,3,train
18167,3,train
18237,3,train
18467,3,train
18487,3,train
18561,3,train
19203,3,train
19332,3,train
19454,3,train
20135,3,train
20249,3,train
20680,3,train
21404,3,train
21455,3,train
250,3,train
440,3,train
548,3,train
691,3,train
1429,3,train
1497,3,train
2143,3,train
2396,3,train
2530,3,train
2635,3,train
2736,3,train
2768,3,train
2855,3,train
2906,3,train
3113,3,train
3351,3,train
3366,3,train
3711,3,train
3872,3,train
4589,3,train
4622,3,train
5933,3,train
6077,3,train
6250,3,train
6796,3,train
6901,3,train
7073,3,train
7212,3,train
7241,3,train
7388,3,train
7462,3,train
7728,3,train
7880,3,train
7891,3,train
7907,3,train
8503,3,train
8646,3,train
8948,3,train
9001,3,train
9497,3,train
9668,3,train
9882,3,train
9913,3,train
9930,3,train
10039,3,train
10070,3,train
10181,3,train
10435,3,train
10462,3,train
10764,3,train
10925,3,train
10944,3,train
11082,3,train
11163,3,train
11292,3,train
11445,3,train
11700,3,train
11760,3,train
11863,3,train
12002,3,train
12062,3,train
12284,3,train
12458,3,train
12564,3,train
12665,3,train
12838,3,train
12859,3,train
13045,3,train
13052,3,train
13109,3,train
13159,3,train
13544,3,train
13760,3,train
14119,3,train
14194,3,train
14588,3,train
14654,3,train
14701,3,train
15225,3,train
15302,3,train
15378,3,train
15431,3,train
15542,3,train
16311,3,train
16577,3,train
16817,3,train
17266,3,train
17821,3,train
18304,3,train
19119,3,train
20002,3,train
20017,3,train
20264,3,train
20751,3,train
20890,3,train
20909,3,train
21383,3,train
21399,3,train
104,3,train
634,3,train
688,3,train
999,3,train
1409,3,train
1486,3,train
1816,3,train
1817,3,train
1857,3,train
2000,3,train
2383,3,train
2779,3,train
3192,3,train
3286,3,train
3325,3,train
3570,3,train
3647,3,train
3960,3,train
3979,3,train
4021,3,train
4213,3,train
4383,3,train
4745,3,train
4971,3,train
5663,3,train
5734,3,train
5915,3,train
6262,3,train
6389,3,train
6596,3,train
6626,3,train
6647,3,train
6978,3,train
7017,3,train
7048,3,train
7459,3,train
7612,3,train
7938,3,train
8053,3,train
8054,3,train
8709,3,train
9078,3,train
9351,3,train
9363,3,train
9448,3,train
10274,3,train
10365,3,train
10448,3,train
11645,3,train
11856,3,train
11978,3,train
12336,3,train
12731,3,train
12760,3,train
12784,3,train
12946,3,train
12953,3,train
12974,3,train
13452,3,train
13509,3,train
13624,3,train
13687,3,train
13843,3,train
13923,3,train
14273,3,train
14371,3,train
14689,3,train
14934,3,train
15538,3,train
15552,3,train
15860,3,train
15944,3,train
16017,3,train
16089,3,train
16140,3,train
16284,3,train
16470,3,train
16484,3,train
16760,3,train
16807,3,train
16863,3,train
17212,3,train
17350,3,train
17536,3,train
17616,3,train
17800,3,train
17949,3,train
18038,3,train
18084,3,train
18332,3,train
18344,3,train
19039,3,train
19300,3,train
19700,3,train
20075,3,train
20168,3,train
20396,3,train
20548,3,train
273,3,train
612,3,train
1269,3,train
1507,3,train
1926,3,train
2068,3,train
2371,3,train
2706,3,train
3032,3,train
3253,3,train
3322,3,train
3868,3,train
4283,3,train
4562,3,train
4585,3,train
4862,3,train
4887,3,train
4947,3,train
5578,3,train
5633,3,train
6052,3,train
6364,3,train
6736,3,train
6957,3,train
7122,3,train
7508,3,train
7664,3,train
8064,3,train
8484,3,train
8891,3,train
9226,3,train
9268,3,train
9631,3,train
9873,3,train
9901,3,train
9966,3,train
10186,3,train
10375,3,train
10391,3,train
10397,3,train
11144,3,train
11490,3,train
11565,3,train
11628,3,train
11727,3,train
12706,3,train
12801,3,train
13017,3,train
13226,3,train
13300,3,train
13507,3,train
14148,3,train
14347,3,train
14803,3,train
15418,3,train
15510,3,train
15905,3,train
16234,3,train
16366,3,train
16569,3,train
16703,3,train
16874,3,train
17110,3,train
17181,3,train
18027,3,train
18112,3,train
18456,3,train
18497,3,train
18518,3,train
18524,3,train
18535,3,train
18739,3,train
19328,3,train
19483,3,train
20576,3,train
20834,3,train
21130,3,train
21289,3,train
21343,3,train
21475,3,train
797,3,train
1018,3,train
1307,3,train
1585,3,train
1769,3,train
2033,3,train
2154,3,train
2484,3,train
2566,3,train
2807,3,train
3477,3,train
3504,3,train
3581,3,train
3668,3,train
4034,3,train
4208,3,train
4249,3,train
4291,3,train
4312,3,train
4370,3,train
4500,3,train
4824,3,train
5157,3,train
5188,3,train
5484,3,train
5659,3,train
5670,3,train
5801,3,train
6395,3,train
6889,3,train
6958,3,train
7358,3,train
7386,3,train
7467,3,train
7512,3,train
7790,3,train
7888,3,train
7951,3,train
8141,3,train
8335,3,train
8691,3,train
8783,3,train
8823,3,train
8877,3,train
8920,3,train
8976,3,train
9245,3,train
9594,3,train
9933,3,train
9995,3,train
10268,3,train
10419,3,train
10453,3,train
10535,3,train
10580,3,train
10964,3,train
12016,3,train
12954,3,train
13701,3,train
13918,3,train
14030,3,train
14540,3,train
14661,3,train
15114,3,train
15530,3,train
15565,3,train
15723,3,train
16044,3,train
16074,3,train
16335,3,train
16938,3,train
17275,3,train
17441,3,train
17559,3,train
17682,3,train
18577,3,train
19207,3,train
19352,3,train
19405,3,train
19439,3,train
19452,3,train
19550,3,train
19696,3,train
19905,3,train
20112,3,train
20155,3,train
20824,3,train
20879,3,train
21012,3,train
2399,3,train
4199,3,train
7011,3,train
13525,3,train
17595,3,train
7460,3,train
20709,3,train
21445,3,train
174,3,train
246,3,train
254,3,train
266,3,train
1357,3,train
1382,3,train
1494,3,train
1890,3,train
2056,3,train
2271,3,train
2357,3,train
2641,3,train
2691,3,train
2812,3,train
3020,3,train
3068,3,train
3294,3,train
3666,3,train
4107,3,train
4540,3,train
5087,3,train
5647,3,train
5876,3,train
7096,3,train
7201,3,train
8017,3,train
8111,3,train
8113,3,train
8593,3,train
8608,3,train
8737,3,train
8845,3,train
8874,3,train
8887,3,train
9009,3,train
9258,3,train
9788,3,train
10032,3,train
10742,3,train
10861,3,train
11064,3,train
11140,3,train
11483,3,train
11933,3,train
12033,3,train
12174,3,train
12228,3,train
12260,3,train
12388,3,train
12468,3,train
12486,3,train
13353,3,train
13699,3,train
14016,3,train
14097,3,train
14279,3,train
14863,3,train
15150,3,train
15237,3,train
15640,3,train
15695,3,train
15729,3,train
15847,3,train
16425,3,train
17162,3,train
17240,3,train
17420,3,train
17535,3,train
17538,3,train
18043,3,train
18758,3,train
18779,3,train
18987,3,train
19080,3,train
19953,3,train
20083,3,train
20103,3,train
20434,3,train
20551,3,train
20641,3,train
20757,3,train
20778,3,train
21355,3,train
588,3,train
644,3,train
667,3,train
678,3,train
1659,3,train
2008,3,train
2973,3,train
3412,3,train
3418,3,train
3590,3,train
3904,3,train
4252,3,train
4996,3,train
5014,3,train
5064,3,train
5070,3,train
5278,3,train
5390,3,train
5712,3,train
5750,3,train
5787,3,train
5963,3,train
6016,3,train
6522,3,train
6628,3,train
6685,3,train
7234,3,train
7982,3,train
8130,3,train
9014,3,train
10057,3,train
10306,3,train
10496,3,train
10931,3,train
11982,3,train
12976,3,train
13304,3,train
13634,3,train
14112,3,train
14617,3,train
15022,3,train
15887,3,train
15961,3,train
16158,3,train
16690,3,train
17738,3,train
18000,3,train
18140,3,train
19584,3,train
19634,3,train
19771,3,train
19991,3,train
20137,3,train
20315,3,train
21555,3,train
241,3,train
367,3,train
986,3,train
1185,3,train
1496,3,train
1732,3,train
1969,3,train
1988,3,train
2006,3,train
2086,3,train
2698,3,train
2731,3,train
3009,3,train
3345,3,train
3547,3,train
3829,3,train
4008,3,train
4055,3,train
4060,3,train
4184,3,train
4189,3,train
4329,3,train
4917,3,train
4962,3,train
5219,3,train
5553,3,train
6192,3,train
6202,3,train
6373,3,train
6762,3,train
6839,3,train
6982,3,train
7550,3,train
7777,3,train
8257,3,train
8366,3,train
8472,3,train
9957,3,train
9972,3,train
9983,3,train
10260,3,train
10713,3,train
10724,3,train
11508,3,train
12412,3,train
12623,3,train
13028,3,train
13098,3,train
13580,3,train
13791,3,train
14287,3,train
14492,3,train
14974,3,train
15277,3,train
15668,3,train
15755,3,train
15916,3,train
16204,3,train
16765,3,train
16834,3,train
17004,3,train
17369,3,train
17723,3,train
17855,3,train
18193,3,train
18406,3,train
18537,3,train
18730,3,train
18963,3,train
19156,3,train
19226,3,train
19321,3,train
19669,3,train
19873,3,train
19915,3,train
19960,3,train
20012,3,train
20074,3,train
20380,3,train
20841,3,train
20858,3,train
20912,3,train
21204,3,train
21516,3,train
293,3,train
597,3,train
1080,3,train
1159,3,train
1192,3,train
2192,3,train
3099,3,train
3575,3,train
3893,3,train
4502,3,train
4542,3,train
4651,3,train
4868,3,train
5300,3,train
5344,3,train
5679,3,train
5812,3,train
6492,3,train
6588,3,train
7023,3,train
7291,3,train
7615,3,train
7751,3,train
8566,3,train
8579,3,train
8675,3,train
9285,3,train
9377,3,train
9543,3,train
9846,3,train
10137,3,train
10905,3,train
11081,3,train
11394,3,train
11468,3,train
11609,3,train
12469,3,train
12476,3,train
12854,3,train
13397,3,train
13905,3,train
14235,3,train
14596,3,train
14735,3,train
14773,3,train
15584,3,train
15730,3,train
15773,3,train
15821,3,train
15827,3,train
17156,3,train
17928,3,train
18055,3,train
18119,3,train
18150,3,train
18358,3,train
18419,3,train
19199,3,train
19227,3,train
19248,3,train
19296,3,train
19559,3,train
19672,3,train
19766,3,train
20474,3,train
20490,3,train
20581,3,train
20823,3,train
20830,3,train
21014,3,train
21044,3,train
21135,3,train
21591,3,train
159,3,train
1622,3,train
2198,3,train
2261,3,train
2620,3,train
3423,3,train
3850,3,train
4145,3,train
4259,3,train
4280,3,train
4450,3,train
4551,3,train
5577,3,train
5600,3,train
6163,3,train
6232,3,train
7775,3,train
8188,3,train
8555,3,train
8980,3,train
9053,3,train
9136,3,train
9431,3,train
9592,3,train
9814,3,train
9976,3,train
10051,3,train
10303,3,train
10478,3,train
10615,3,train
10631,3,train
11028,3,train
11310,3,train
12194,3,train
12728,3,train
13038,3,train
13124,3,train
13368,3,train
13384,3,train
13392,3,train
13402,3,train
13428,3,train
13593,3,train
14643,3,train
14952,3,train
15615,3,train
15931,3,train
16202,3,train
16759,3,train
16789,3,train
17043,3,train
17218,3,train
17352,3,train
18339,3,train
18667,3,train
19236,3,train
19574,3,train
19692,3,train
20044,3,train
20214,3,train
20466,3,train
21162,3,train
21427,3,train
21471,3,train
21556,3,train
4146,3,train
4852,3,train
6043,3,train
10524,3,train
6007,3,train
6505,3,train
357,3,train
735,3,train
796,3,train
1502,3,train
2471,3,train
2955,3,train
3244,3,train
4017,3,train
4365,3,train
4701,3,train
5342,3,train
5751,3,train
5894,3,train
5959,3,train
6002,3,train
6058,3,train
6173,3,train
7269,3,train
8439,3,train
8553,3,train
8554,3,train
8590,3,train
9007,3,train
9318,3,train
9782,3,train
9945,3,train
10233,3,train
10370,3,train
10651,3,train
10793,3,train
10856,3,train
11228,3,train
11924,3,train
12047,3,train
12124,3,train
12129,3,train
12386,3,train
12556,3,train
12987,3,train
13363,3,train
13717,3,train
14340,3,train
14349,3,train
14720,3,train
14728,3,train
14927,3,train
14971,3,train
15112,3,train
15687,3,train
15988,3,train
16007,3,train
16117,3,train
16398,3,train
16635,3,train
17565,3,train
17917,3,train
18197,3,train
18445,3,train
18451,3,train
18640,3,train
18965,3,train
19966,3,train
20042,3,train
20408,3,train
20605,3,train
21165,3,train
21268,3,train
21367,3,train
13,3,train
103,3,train
270,3,train
335,3,train
907,3,train
938,3,train
1394,3,train
1432,3,train
1656,3,train
2100,3,train
2454,3,train
2908,3,train
2912,3,train
3028,3,train
3268,3,train
3599,3,train
3634,3,train
3896,3,train
4024,3,train
4029,3,train
4035,3,train
4543,3,train
4557,3,train
4672,3,train
4977,3,train
5225,3,train
5336,3,train
5880,3,train
6224,3,train
6297,3,train
6885,3,train
6894,3,train
7043,3,train
7215,3,train
7253,3,train
7706,3,train
7735,3,train
7742,3,train
7773,3,train
8576,3,train
8639,3,train
8917,3,train
9041,3,train
9237,3,train
9336,3,train
9405,3,train
9445,3,train
9812,3,train
9910,3,train
9987,3,train
10097,3,train
10283,3,train
10406,3,train
10640,3,train
10695,3,train
10839,3,train
11499,3,train
11588,3,train
11652,3,train
11653,3,train
12322,3,train
12495,3,train
13123,3,train
13561,3,train
13610,3,train
13925,3,train
14007,3,train
14306,3,train
14541,3,train
14884,3,train
15091,3,train
15120,3,train
15271,3,train
16244,3,train
16677,3,train
16700,3,train
16935,3,train
17639,3,train
17732,3,train
17809,3,train
17993,3,train
18506,3,train
19340,3,train
19807,3,train
19854,3,train
20014,3,train
20654,3,train
20966,3,train
21092,3,train
21109,3,train
21543,3,train
529,3,train
1174,3,train
1351,3,train
1549,3,train
1725,3,train
2098,3,train
2111,3,train
2404,3,train
2969,3,train
3134,3,train
3176,3,train
3429,3,train
3573,3,train
3712,3,train
3900,3,train
3990,3,train
4544,3,train
4588,3,train
5456,3,train
5507,3,train
5715,3,train
5772,3,train
6619,3,train
6786,3,train
6857,3,train
6912,3,train
7036,3,train
7416,3,train
7428,3,train
7611,3,train
7629,3,train
7699,3,train
7975,3,train
8097,3,train
8254,3,train
8428,3,train
9626,3,train
9809,3,train
9906,3,train
10082,3,train
10227,3,train
10258,3,train
10346,3,train
10392,3,train
10609,3,train
10813,3,train
11654,3,train
12046,3,train
12616,3,train
12881,3,train
13086,3,train
13224,3,train
13868,3,train
13957,3,train
14499,3,train
14623,3,train
15081,3,train
15333,3,train
16374,3,train
16887,3,train
17921,3,train
18060,3,train
18579,3,train
19126,3,train
19500,3,train
19935,3,train
20205,3,train
20363,3,train
20454,3,train
20593,3,train
20800,3,train
21155,3,train
21201,3,train
21414,3,train
67,3,train
448,3,train
600,3,train
628,3,train
699,3,train
793,3,train
1168,3,train
1230,3,train
1405,3,train
2262,3,train
3158,3,train
3275,3,train
3398,3,train
3479,3,train
3906,3,train
5004,3,train
5080,3,train
5678,3,train
5995,3,train
5996,3,train
6185,3,train
6467,3,train
6664,3,train
6717,3,train
6909,3,train
7250,3,train
7263,3,train
7338,3,train
7370,3,train
7609,3,train
7642,3,train
7658,3,train
7716,3,train
8136,3,train
8800,3,train
9133,3,train
9323,3,train
9478,3,train
9496,3,train
9852,3,train
10134,3,train
10252,3,train
10733,3,train
10984,3,train
11270,3,train
11301,3,train
11658,3,train
11681,3,train
12063,3,train
12409,3,train
12446,3,train
12995,3,train
13001,3,train
13097,3,train
13115,3,train
13311,3,train
13327,3,train
13352,3,train
13400,3,train
13435,3,train
13943,3,train
14229,3,train
14529,3,train
15544,3,train
16149,3,train
16341,3,train
16787,3,train
16825,3,train
16956,3,train
17742,3,train
17793,3,train
17824,3,train
18096,3,train
18571,3,train
18859,3,train
18905,3,train
19138,3,train
19568,3,train
21564,3,train
851,3,train
911,3,train
1220,3,train
2637,3,train
2670,3,train
2758,3,train
3161,3,train
3167,3,train
3231,3,train
3333,3,train
4181,3,train
4364,3,train
4482,3,train
4663,3,train
5118,3,train
5241,3,train
5360,3,train
5378,3,train
5451,3,train
6198,3,train
6990,3,train
7322,3,train
7332,3,train
7441,3,train
7534,3,train
7776,3,train
7806,3,train
7970,3,train
7988,3,train
8131,3,train
8139,3,train
8707,3,train
9179,3,train
9504,3,train
9534,3,train
10390,3,train
11000,3,train
11056,3,train
11590,3,train
11704,3,train
11725,3,train
11916,3,train
12399,3,train
12507,3,train
12515,3,train
12897,3,train
12981,3,train
12983,3,train
13072,3,train
13107,3,train
13111,3,train
13366,3,train
13568,3,train
13605,3,train
13661,3,train
13814,3,train
13836,3,train
14334,3,train
14779,3,train
14781,3,train
15011,3,train
15279,3,train
15548,3,train
15629,3,train
15681,3,train
15721,3,train
15787,3,train
15973,3,train
15989,3,train
16003,3,train
16184,3,train
16332,3,train
16373,3,train
16404,3,train
17077,3,train
17252,3,train
17516,3,train
17830,3,train
17955,3,train
18019,3,train
18279,3,train
18651,3,train
19463,3,train
20520,3,train
20645,3,train
17296,3,train
19148,3,train
5298,3,train
13541,3,train
18501,3,train
0,3,train
76,3,train
542,3,train
551,3,train
684,3,train
990,3,train
1514,3,train
1546,3,train
1587,3,train
1886,3,train
1967,3,train
3502,3,train
4245,3,train
4942,3,train
4976,3,train
5182,3,train
5320,3,train
5569,3,train
6612,3,train
7252,3,train
7270,3,train
7541,3,train
8462,3,train
8758,3,train
8886,3,train
9252,3,train
9366,3,train
9619,3,train
9837,3,train
10182,3,train
10378,3,train
10423,3,train
10634,3,train
10649,3,train
12244,3,train
12520,3,train
12836,3,train
12850,3,train
13595,3,train
13823,3,train
14000,3,train
14450,3,train
14687,3,train
15232,3,train
15291,3,train
15446,3,train
16119,3,train
16400,3,train
16416,3,train
17192,3,train
17374,3,train
17426,3,train
17428,3,train
17884,3,train
17896,3,train
18249,3,train
19718,3,train
19981,3,train
20935,3,train
21080,3,train
21245,3,train
21598,3,train
199,3,train
454,3,train
473,3,train
707,3,train
1140,3,train
1289,3,train
1588,3,train
1599,3,train
1743,3,train
1771,3,train
2054,3,train
2193,3,train
2949,3,train
2997,3,train
3687,3,train
3832,3,train
4100,3,train
4149,3,train
4995,3,train
5038,3,train
5269,3,train
5866,3,train
5917,3,train
6275,3,train
6541,3,train
6937,3,train
7604,3,train
7655,3,train
7876,3,train
7946,3,train
8383,3,train
8569,3,train
8979,3,train
9124,3,train
10053,3,train
10193,3,train
10300,3,train
10709,3,train
10756,3,train
11321,3,train
11330,3,train
11401,3,train
11537,3,train
12060,3,train
12201,3,train
12430,3,train
12664,3,train
12675,3,train
13093,3,train
13096,3,train
13524,3,train
13542,3,train
13644,3,train
13737,3,train
13790,3,train
14527,3,train
14904,3,train
14916,3,train
15065,3,train
15633,3,train
15685,3,train
16252,3,train
16365,3,train
16409,3,train
16920,3,train
17398,3,train
17464,3,train
18009,3,train
18142,3,train
18183,3,train
18447,3,train
18541,3,train
18622,3,train
18701,3,train
18887,3,train
19319,3,train
19816,3,train
19818,3,train
20109,3,train
20375,3,train
20410,3,train
20865,3,train
20875,3,train
21098,3,train
21286,3,train
21457,3,train
21499,3,train
21605,3,train
467,3,train
503,3,train
949,3,train
1522,3,train
2176,3,train
2321,3,train
3285,3,train
3329,3,train
3435,3,train
3844,3,train
4508,3,train
4720,3,train
4928,3,train
5327,3,train
5334,3,train
5937,3,train
5971,3,train
8297,3,train
8336,3,train
8395,3,train
8702,3,train
9230,3,train
9600,3,train
9982,3,train
10155,3,train
10205,3,train
10751,3,train
10786,3,train
11036,3,train
11073,3,train
11323,3,train
11436,3,train
11737,3,train
11865,3,train
12283,3,train
12331,3,train
12605,3,train
12961,3,train
13031,3,train
13486,3,train
13844,3,train
13847,3,train
14065,3,train
14106,3,train
14165,3,train
14360,3,train
14414,3,train
14794,3,train
15099,3,train
15958,3,train
16047,3,train
16051,3,train
16069,3,train
16384,3,train
16389,3,train
16459,3,train
16468,3,train
16666,3,train
16678,3,train
17929,3,train
18206,3,train
18303,3,train
18488,3,train
18675,3,train
18886,3,train
18942,3,train
19435,3,train
19783,3,train
19906,3,train
20159,3,train
20371,3,train
20373,3,train
20499,3,train
20752,3,train
20903,3,train
20984,3,train
21029,3,train
21251,3,train
21334,3,train
21426,3,train
21535,3,train
21569,3,train
21586,3,train
21600,3,train
21612,3,train
683,3,train
777,3,train
811,3,train
908,3,train
1188,3,train
1560,3,train
1640,3,train
3073,3,train
3806,3,train
3951,3,train
4244,3,train
4514,3,train
4619,3,train
4636,3,train
4985,3,train
5019,3,train
6321,3,train
6400,3,train
6709,3,train
7052,3,train
7214,3,train
7260,3,train
7521,3,train
7646,3,train
7704,3,train
8420,3,train
8805,3,train
8865,3,train
9174,3,train
9308,3,train
9452,3,train
10169,3,train
10218,3,train
10290,3,train
10323,3,train
10593,3,train
10752,3,train
10791,3,train
10819,3,train
10838,3,train
11092,3,train
11128,3,train
11336,3,train
11461,3,train
12549,3,train
12570,3,train
12771,3,train
12819,3,train
13308,3,train
13612,3,train
14291,3,train
14361,3,train
14405,3,train
14455,3,train
14597,3,train
14719,3,train
15005,3,train
15204,3,train
15401,3,train
15435,3,train
15662,3,train
15970,3,train
15976,3,train
16046,3,train
16162,3,train
16469,3,train
16663,3,train
17155,3,train
17322,3,train
17525,3,train
17651,3,train
18234,3,train
18434,3,train
18689,3,train
18755,3,train
18835,3,train
19429,3,train
19709,3,train
19827,3,train
19885,3,train
19985,3,train
20115,3,train
20406,3,train
20422,3,train
20638,3,train
20706,3,train
21057,3,train
21350,3,train
272,3,train
286,3,train
343,3,train
598,3,train
1645,3,train
1916,3,train
2218,3,train
2793,3,train
3437,3,train
3677,3,train
3823,3,train
4016,3,train
4617,3,train
4910,3,train
4926,3,train
5420,3,train
5651,3,train
5769,3,train
6080,3,train
8898,3,train
9065,3,train
9305,3,train
9416,3,train
9558,3,train
10347,3,train
10354,3,train
10710,3,train
10732,3,train
10947,3,train
11094,3,train
11418,3,train
11457,3,train
11651,3,train
12253,3,train
12267,3,train
12304,3,train
12546,3,train
12637,3,train
13419,3,train
13468,3,train
13825,3,train
13855,3,train
13971,3,train
14200,3,train
14700,3,train
14785,3,train
15617,3,train
15878,3,train
15886,3,train
16008,3,train
16090,3,train
16212,3,train
16216,3,train
16259,3,train
16476,3,train
16506,3,train
16708,3,train
17016,3,train
17502,3,train
18069,3,train
18457,3,train
18729,3,train
18837,3,train
19032,3,train
19056,3,train
19113,3,train
19369,3,train
19419,3,train
19469,3,train
19545,3,train
19859,3,train
20203,3,train
20606,3,train
21594,3,train
1551,3,train
3550,3,train
6769,3,train
11770,3,train
16059,3,train
18437,3,train
3513,3,train
6352,3,train
8664,3,train
13064,3,train
256,3,train
798,3,train
1030,3,train
1164,3,train
1323,3,train
2590,3,train
2648,3,train
2847,3,train
2928,3,train
2951,3,train
3123,3,train
3236,3,train
3252,3,train
3439,3,train
3742,3,train
3760,3,train
4746,3,train
5290,3,train
5705,3,train
5991,3,train
6062,3,train
6253,3,train
6292,3,train
6577,3,train
6847,3,train
6860,3,train
7409,3,train
7669,3,train
8565,3,train
8592,3,train
9555,3,train
9593,3,train
9636,3,train
10104,3,train
10285,3,train
10454,3,train
10527,3,train
10877,3,train
10886,3,train
11076,3,train
11411,3,train
11434,3,train
11660,3,train
11991,3,train
12080,3,train
12610,3,train
12617,3,train
12898,3,train
12904,3,train
13137,3,train
13540,3,train
13635,3,train
13714,3,train
13816,3,train
13848,3,train
14158,3,train
14348,3,train
14490,3,train
14680,3,train
15248,3,train
15404,3,train
15748,3,train
16336,3,train
16446,3,train
16985,3,train
17190,3,train
17331,3,train
17478,3,train
17865,3,train
18116,3,train
18411,3,train
18477,3,train
18734,3,train
18823,3,train
19220,3,train
19391,3,train
19938,3,train
19988,3,train
20271,3,train
20859,3,train
21292,3,train
21474,3,train
21563,3,train
62,3,train
348,3,train
591,3,train
622,3,train
882,3,train
1064,3,train
1609,3,train
1751,3,train
1891,3,train
1934,3,train
2265,3,train
2390,3,train
2838,3,train
3255,3,train
3462,3,train
3476,3,train
3485,3,train
3824,3,train
4156,3,train
4279,3,train
4322,3,train
4327,3,train
4623,3,train
4721,3,train
5116,3,train
5474,3,train
5596,3,train
5840,3,train
6329,3,train
6477,3,train
6629,3,train
6842,3,train
7051,3,train
7308,3,train
7402,3,train
7861,3,train
7897,3,train
8080,3,train
8331,3,train
8455,3,train
8478,3,train
8505,3,train
8925,3,train
9118,3,train
9688,3,train
9847,3,train
10624,3,train
10655,3,train
10943,3,train
11360,3,train
11547,3,train
11751,3,train
11780,3,train
12058,3,train
12485,3,train
12716,3,train
13408,3,train
13415,3,train
13709,3,train
13721,3,train
14134,3,train
14268,3,train
14402,3,train
14669,3,train
15096,3,train
15366,3,train
15760,3,train
15866,3,train
15884,3,train
16611,3,train
16627,3,train
16912,3,train
16991,3,train
17306,3,train
17658,3,train
17740,3,train
17816,3,train
18097,3,train
18538,3,train
18670,3,train
18772,3,train
18860,3,train
19708,3,train
19779,3,train
19982,3,train
20035,3,train
20920,3,train
21093,3,train
21195,3,train
21351,3,train
292,3,train
568,3,train
583,3,train
813,3,train
856,3,train
942,3,train
1001,3,train
1051,3,train
1459,3,train
1584,3,train
2004,3,train
2394,3,train
3107,3,train
3618,3,train
3694,3,train
3989,3,train
4093,3,train
4447,3,train
4681,3,train
5120,3,train
5204,3,train
5539,3,train
5817,3,train
5924,3,train
6734,3,train
6866,3,train
6867,3,train
6989,3,train
7117,3,train
7236,3,train
7486,3,train
7592,3,train
7824,3,train
7842,3,train
8403,3,train
8597,3,train
8848,3,train
9672,3,train
10036,3,train
10507,3,train
10689,3,train
10898,3,train
10938,3,train
11338,3,train
11521,3,train
11544,3,train
11631,3,train
11852,3,train
11870,3,train
12423,3,train
12442,3,train
12886,3,train
13083,3,train
13883,3,train
13927,3,train
14684,3,train
15040,3,train
15177,3,train
15311,3,train
15546,3,train
15582,3,train
15743,3,train
15956,3,train
16026,3,train
16550,3,train
16665,3,train
16824,3,train
17166,3,train
17967,3,train
18071,3,train
18185,3,train
18276,3,train
18293,3,train
18854,3,train
18968,3,train
19101,3,train
19776,3,train
20157,3,train
20259,3,train
219,3,train
311,3,train
321,3,train
916,3,train
1246,3,train
1913,3,train
2216,3,train
2228,3,train
2414,3,train
3149,3,train
3722,3,train
4152,3,train
4295,3,train
4986,3,train
5106,3,train
5156,3,train
5328,3,train
5358,3,train
5369,3,train
5403,3,train
5682,3,train
5951,3,train
5960,3,train
6804,3,train
6899,3,train
7170,3,train
8190,3,train
8754,3,train
9092,3,train
9325,3,train
9527,3,train
9552,3,train
10426,3,train
10825,3,train
10850,3,train
11561,3,train
11825,3,train
11849,3,train
12050,3,train
12447,3,train
12830,3,train
13277,3,train
13329,3,train
13371,3,train
13501,3,train
13536,3,train
14005,3,train
14113,3,train
14219,3,train
14387,3,train
14609,3,train
14797,3,train
14860,3,train
15585,3,train
15978,3,train
16235,3,train
16240,3,train
16595,3,train
16843,3,train
17100,3,train
17271,3,train
17470,3,train
17813,3,train
17988,3,train
18285,3,train
18491,3,train
18679,3,train
18844,3,train
19247,3,train
19324,3,train
19449,3,train
19786,3,train
21220,3,train
21228,3,train
261,3,train
759,3,train
1231,3,train
1322,3,train
1592,3,train
2385,3,train
2387,3,train
3522,3,train
3702,3,train
3716,3,train
3846,3,train
3932,3,train
5711,3,train
5885,3,train
5901,3,train
5999,3,train
6422,3,train
6707,3,train
6840,3,train
7014,3,train
7496,3,train
7538,3,train
7703,3,train
7924,3,train
9272,3,train
9382,3,train
10239,3,train
10325,3,train
10337,3,train
10405,3,train
10616,3,train
10987,3,train
11420,3,train
11698,3,train
11702,3,train
11826,3,train
12017,3,train
12807,3,train
13213,3,train
14313,3,train
14634,3,train
14759,3,train
14791,3,train
15480,3,train
16002,3,train
16488,3,train
17188,3,train
17465,3,train
17488,3,train
17770,3,train
18348,3,train
20000,3,train
20065,3,train
20073,3,train
20198,3,train
20412,3,train
20514,3,train
20918,3,train
8767,3,train
13705,3,train
14417,3,train
17267,3,train
21232,3,train
12703,3,train
13389,3,train
13743,3,train
16438,3,train
101,3,train
264,3,train
326,3,train
377,3,train
483,3,train
559,3,train
1333,3,train
1473,3,train
1556,3,train
1678,3,train
1765,3,train
2140,3,train
2247,3,train
2275,3,train
2402,3,train
2411,3,train
2584,3,train
3230,3,train
3680,3,train
3870,3,train
4305,3,train
4468,3,train
4792,3,train
5389,3,train
5533,3,train
6045,3,train
6108,3,train
6678,3,train
6795,3,train
6936,3,train
7003,3,train
7381,3,train
7807,3,train
8414,3,train
8456,3,train
8624,3,train
8656,3,train
9341,3,train
10148,3,train
10223,3,train
10295,3,train
10437,3,train
10536,3,train
11075,3,train
11381,3,train
11583,3,train
11679,3,train
11732,3,train
11918,3,train
12019,3,train
12059,3,train
12853,3,train
12890,3,train
12951,3,train
13238,3,train
13772,3,train
14169,3,train
14544,3,train
14589,3,train
14777,3,train
14896,3,train
14980,3,train
15208,3,train
15543,3,train
15683,3,train
15740,3,train
15823,3,train
15968,3,train
15997,3,train
16010,3,train
16191,3,train
16796,3,train
16820,3,train
17115,3,train
17117,3,train
17191,3,train
17461,3,train
17522,3,train
17656,3,train
17814,3,train
17924,3,train
18049,3,train
18441,3,train
18522,3,train
18615,3,train
18684,3,train
18962,3,train
19059,3,train
19522,3,train
19970,3,train
20461,3,train
20580,3,train
21033,3,train
21370,3,train
43,3,train
82,3,train
114,3,train
430,3,train
560,3,train
970,3,train
1252,3,train
1373,3,train
1624,3,train
2356,3,train
2593,3,train
3003,3,train
3054,3,train
3131,3,train
3175,3,train
3304,3,train
3343,3,train
3469,3,train
3483,3,train
3686,3,train
4375,3,train
4476,3,train
4567,3,train
4853,3,train
5276,3,train
5313,3,train
5629,3,train
5636,3,train
5675,3,train
6051,3,train
6096,3,train
6117,3,train
6168,3,train
6306,3,train
6366,3,train
6616,3,train
6755,3,train
6976,3,train
7097,3,train
7133,3,train
7197,3,train
7289,3,train
7334,3,train
7887,3,train
8020,3,train
8073,3,train
8612,3,train
8629,3,train
8673,3,train
8744,3,train
9075,3,train
9194,3,train
9312,3,train
9338,3,train
9620,3,train
9713,3,train
9753,3,train
9974,3,train
10065,3,train
10144,3,train
10280,3,train
10345,3,train
10384,3,train
10500,3,train
11014,3,train
11372,3,train
11412,3,train
11439,3,train
11462,3,train
11526,3,train
12396,3,train
12563,3,train
12566,3,train
12576,3,train
12620,3,train
12658,3,train
13500,3,train
13527,3,train
14038,3,train
14226,3,train
14278,3,train
14454,3,train
14699,3,train
14907,3,train
15229,3,train
15290,3,train
15490,3,train
15578,3,train
15815,3,train
16247,3,train
16429,3,train
16599,3,train
16881,3,train
16884,3,train
16905,3,train
17064,3,train
17265,3,train
17333,3,train
17560,3,train
17621,3,train
17796,3,train
17939,3,train
18574,3,train
18604,3,train
18722,3,train
18826,3,train
18891,3,train
19069,3,train
19107,3,train
19526,3,train
20144,3,train
20219,3,train
20305,3,train
20906,3,train
20954,3,train
21243,3,train
21323,3,train
516,3,train
820,3,train
1146,3,train
1628,3,train
1639,3,train
1676,3,train
1682,3,train
2190,3,train
2231,3,train
2687,3,train
2777,3,train
3215,3,train
3546,3,train
3731,3,train
3762,3,train
3875,3,train
4098,3,train
4241,3,train
4350,3,train
4417,3,train
4424,3,train
4602,3,train
5075,3,train
5256,3,train
5820,3,train
6129,3,train
6413,3,train
6587,3,train
7282,3,train
7344,3,train
7419,3,train
7839,3,train
7869,3,train
7993,3,train
8202,3,train
8243,3,train
8306,3,train
9123,3,train
9421,3,train
9606,3,train
9881,3,train
9912,3,train
10973,3,train
11357,3,train
11361,3,train
11573,3,train
11689,3,train
12094,3,train
12104,3,train
12319,3,train
12527,3,train
13288,3,train
13425,3,train
13797,3,train
13894,3,train
13922,3,train
14231,3,train
15161,3,train
15442,3,train
15707,3,train
15780,3,train
16272,3,train
16597,3,train
16610,3,train
16633,3,train
16695,3,train
16962,3,train
17000,3,train
17384,3,train
17444,3,train
17745,3,train
17804,3,train
17885,3,train
18039,3,train
18108,3,train
18189,3,train
18379,3,train
18572,3,train
18639,3,train
19239,3,train
19421,3,train
19540,3,train
19647,3,train
19725,3,train
19739,3,train
20119,3,train
20132,3,train
20500,3,train
20544,3,train
20820,3,train
21149,3,train
21218,3,train
148,3,train
493,3,train
541,3,train
1240,3,train
1312,3,train
1625,3,train
2209,3,train
2312,3,train
2475,3,train
3370,3,train
3432,3,train
3494,3,train
3826,3,train
3902,3,train
4160,3,train
4277,3,train
4829,3,train
4888,3,train
5037,3,train
5198,3,train
5540,3,train
5621,3,train
5744,3,train
5830,3,train
6190,3,train
6561,3,train
7271,3,train
7423,3,train
8473,3,train
8640,3,train
9398,3,train
9860,3,train
9893,3,train
10025,3,train
10031,3,train
10294,3,train
10360,3,train
10387,3,train
10789,3,train
11063,3,train
11160,3,train
11497,3,train
11829,3,train
12419,3,train
12420,3,train
12482,3,train
12581,3,train
13004,3,train
13345,3,train
13395,3,train
13740,3,train
13845,3,train
14039,3,train
14528,3,train
14637,3,train
14818,3,train
15322,3,train
15495,3,train
15690,3,train
15852,3,train
15919,3,train
15951,3,train
16084,3,train
16441,3,train
16479,3,train
16555,3,train
16702,3,train
16958,3,train
17657,3,train
18236,3,train
18448,3,train
18515,3,train
18590,3,train
19290,3,train
19404,3,train
19713,3,train
19744,3,train
19755,3,train
19941,3,train
19986,3,train
20400,3,train
20535,3,train
20748,3,train
21133,3,train
21417,3,train
1495,3,train
1700,3,train
2483,3,train
2785,3,train
2845,3,train
3160,3,train
3264,3,train
3835,3,train
4345,3,train
4649,3,train
5104,3,train
5314,3,train
5775,3,train
6635,3,train
7057,3,train
7858,3,train
8294,3,train
8676,3,train
9044,3,train
10452,3,train
10653,3,train
11033,3,train
11227,3,train
13227,3,train
13228,3,train
13485,3,train
14174,3,train
15562,3,train
15625,3,train
16722,3,train
17209,3,train
17552,3,train
19506,3,train
20246,3,train
20263,3,train
20405,3,train
21089,3,train
21116,3,train
21278,3,train
21595,3,train
2924,3,train
10094,3,train
13029,3,train
18148,3,train
21473,3,train
9158,3,train
25,3,train
86,3,train
702,3,train
1275,3,train
1528,3,train
1807,3,train
2166,3,train
2191,3,train
2369,3,train
2575,3,train
2835,3,train
2850,3,train
3010,3,train
3388,3,train
3413,3,train
3554,3,train
4188,3,train
4737,3,train
4741,3,train
4797,3,train
5074,3,train
6416,3,train
6634,3,train
6670,3,train
6780,3,train
6838,3,train
8086,3,train
8283,3,train
9236,3,train
9321,3,train
9326,3,train
9463,3,train
9491,3,train
9542,3,train
9899,3,train
10024,3,train
10271,3,train
10357,3,train
10517,3,train
10675,3,train
10841,3,train
11138,3,train
11675,3,train
11817,3,train
11913,3,train
12011,3,train
12093,3,train
12152,3,train
12383,3,train
13608,3,train
13679,3,train
13900,3,train
13981,3,train
13994,3,train
14322,3,train
14830,3,train
15532,3,train
17546,3,train
17645,3,train
18499,3,train
18686,3,train
19090,3,train
19242,3,train
19267,3,train
19314,3,train
19741,3,train
19749,3,train
19926,3,train
20081,3,train
20082,3,train
20952,3,train
21242,3,train
21256,3,train
123,3,train
149,3,train
412,3,train
462,3,train
480,3,train
765,3,train
864,3,train
1338,3,train
1643,3,train
1657,3,train
1747,3,train
1960,3,train
2050,3,train
2476,3,train
2930,3,train
2987,3,train
3449,3,train
3497,3,train
4956,3,train
5310,3,train
5423,3,train
5804,3,train
5832,3,train
6228,3,train
6278,3,train
6760,3,train
7684,3,train
7755,3,train
7918,3,train
8680,3,train
8977,3,train
9577,3,train
10700,3,train
11053,3,train
11456,3,train
12608,3,train
12792,3,train
13000,3,train
13806,3,train
14035,3,train
14122,3,train
14269,3,train
14695,3,train
14717,3,train
14807,3,train
14841,3,train
14949,3,train
15052,3,train
15176,3,train
15411,3,train
15535,3,train
15992,3,train
16239,3,train
16519,3,train
16609,3,train
16715,3,train
16861,3,train
18161,3,train
18300,3,train
18868,3,train
19044,3,train
19089,3,train
19312,3,train
19593,3,train
20285,3,train
20286,3,train
20438,3,train
20449,3,train
20682,3,train
20981,3,train
75,3,train
191,3,train
315,3,train
449,3,train
513,3,train
523,3,train
528,3,train
611,3,train
1066,3,train
1101,3,train
1210,3,train
1422,3,train
1634,3,train
1795,3,train
1973,3,train
1996,3,train
2099,3,train
2678,3,train
2860,3,train
3427,3,train
3766,3,train
4044,3,train
4109,3,train
4659,3,train
6005,3,train
6315,3,train
6445,3,train
7063,3,train
7380,3,train
7821,3,train
7822,3,train
8005,3,train
8458,3,train
8853,3,train
9031,3,train
9206,3,train
9485,3,train
9824,3,train
9874,3,train
10199,3,train
10213,3,train
10420,3,train
10677,3,train
11052,3,train
11102,3,train
11104,3,train
11281,3,train
11344,3,train
11413,3,train
11587,3,train
12300,3,train
12650,3,train
12855,3,train
13498,3,train
13537,3,train
14230,3,train
14330,3,train
14733,3,train
14802,3,train
14978,3,train
14985,3,train
15123,3,train
15406,3,train
16396,3,train
16894,3,train
17136,3,train
17563,3,train
17650,3,train
18153,3,train
18618,3,train
18871,3,train
18880,3,train
20565,3,train
21359,3,train
21442,3,train
21500,3,train
341,3,train
499,3,train
728,3,train
1049,3,train
1504,3,train
1510,3,train
1661,3,train
2374,3,train
2686,3,train
2724,3,train
3551,3,train
4121,3,train
4128,3,train
4406,3,train
5146,3,train
5391,3,train
5452,3,train
5519,3,train
5580,3,train
5589,3,train
5703,3,train
5904,3,train
5980,3,train
6241,3,train
6263,3,train
6264,3,train
6532,3,train
6704,3,train
7268,3,train
7622,3,train
8261,3,train
8284,3,train
8318,3,train
8494,3,train
8524,3,train
8543,3,train
8819,3,train
9188,3,train
9271,3,train
9665,3,train
9734,3,train
10153,3,train
10717,3,train
10833,3,train
11071,3,train
11079,3,train
11340,3,train
13035,3,train
13367,3,train
13596,3,train
13837,3,train
14195,3,train
14225,3,train
14297,3,train
14672,3,train
14836,3,train
15626,3,train
15646,3,train
15877,3,train
15926,3,train
16237,3,train
16659,3,train
16793,3,train
16932,3,train
17285,3,train
17587,3,train
17598,3,train
17668,3,train
17730,3,train
17925,3,train
18166,3,train
18959,3,train
19266,3,train
19297,3,train
20284,3,train
20614,3,train
20864,3,train
21084,3,train
742,3,train
1193,3,train
1204,3,train
1442,3,train
1740,3,train
1806,3,train
2355,3,train
2880,3,train
3338,3,train
3381,3,train
3496,3,train
4046,3,train
4099,3,train
4857,3,train
4925,3,train
5416,3,train
5550,3,train
7354,3,train
7376,3,train
7385,3,train
7610,3,train
7623,3,train
7910,3,train
8282,3,train
8402,3,train
8480,3,train
9648,3,train
9965,3,train
10247,3,train
10297,3,train
10564,3,train
11153,3,train
11430,3,train
11617,3,train
11624,3,train
11664,3,train
11914,3,train
11986,3,train
12133,3,train
12427,3,train
12548,3,train
12603,3,train
12895,3,train
13155,3,train
13237,3,train
13283,3,train
13464,3,train
13696,3,train
14008,3,train
14110,3,train
14142,3,train
14428,3,train
15360,3,train
15393,3,train
15432,3,train
15550,3,train
15663,3,train
15703,3,train
16063,3,train
16868,3,train
17292,3,train
17505,3,train
17886,3,train
18607,3,train
18697,3,train
19110,3,train
19493,3,train
19997,3,train
20590,3,train
20973,3,train
21169,3,train
2790,3,train
4920,3,train
8346,3,train
12597,3,train
20365,3,train
4204,3,train
8444,3,train
15676,3,train
30,3,train
33,3,train
446,3,train
891,3,train
1100,3,train
1136,3,train
1265,3,train
1492,3,train
2080,3,train
2346,3,train
2350,3,train
2397,3,train
2818,3,train
3460,3,train
4439,3,train
4466,3,train
4698,3,train
5046,3,train
5520,3,train
5535,3,train
5965,3,train
7047,3,train
7885,3,train
8399,3,train
8534,3,train
8536,3,train
9915,3,train
10126,3,train
10149,3,train
10184,3,train
10348,3,train
11334,3,train
11425,3,train
11481,3,train
11570,3,train
11677,3,train
11749,3,train
12692,3,train
12733,3,train
12823,3,train
12877,3,train
13063,3,train
13116,3,train
13136,3,train
13157,3,train
13339,3,train
13423,3,train
13674,3,train
13879,3,train
14086,3,train
14190,3,train
14444,3,train
14937,3,train
15026,3,train
15039,3,train
15136,3,train
15459,3,train
15501,3,train
15907,3,train
15952,3,train
15953,3,train
16424,3,train
16545,3,train
16567,3,train
16623,3,train
16727,3,train
16914,3,train
17050,3,train
17406,3,train
17494,3,train
17795,3,train
18479,3,train
18816,3,train
19054,3,train
19754,3,train
19792,3,train
20788,3,train
20799,3,train
21038,3,train
21315,3,train
196,3,train
385,3,train
886,3,train
1799,3,train
1893,3,train
2238,3,train
2694,3,train
2826,3,train
2836,3,train
2920,3,train
3214,3,train
3340,3,train
4113,3,train
4475,3,train
4635,3,train
4861,3,train
5562,3,train
6006,3,train
6900,3,train
6987,3,train
7364,3,train
9800,3,train
10095,3,train
10992,3,train
11211,3,train
11966,3,train
12970,3,train
13027,3,train
13660,3,train
14679,3,train
15010,3,train
15869,3,train
16651,3,train
16857,3,train
16908,3,train
16973,3,train
16997,3,train
17183,3,train
17346,3,train
17713,3,train
18111,3,train
19299,3,train
19361,3,train
20027,3,train
20426,3,train
20855,3,train
21231,3,train
21336,3,train
21575,3,train
201,3,train
464,3,train
960,3,train
1229,3,train
1346,3,train
1586,3,train
1652,3,train
1964,3,train
2235,3,train
2256,3,train
2529,3,train
2562,3,train
3786,3,train
3996,3,train
4144,3,train
4333,3,train
4416,3,train
4469,3,train
4717,3,train
4900,3,train
4903,3,train
5039,3,train
5093,3,train
5802,3,train
5877,3,train
6323,3,train
7326,3,train
7503,3,train
8002,3,train
8912,3,train
9152,3,train
9353,3,train
9627,3,train
10287,3,train
10780,3,train
11055,3,train
11083,3,train
11306,3,train
11540,3,train
11807,3,train
11988,3,train
12035,3,train
12070,3,train
12211,3,train
13048,3,train
13134,3,train
13161,3,train
13956,3,train
13982,3,train
14080,3,train
14136,3,train
14606,3,train
15087,3,train
15390,3,train
15975,3,train
16334,3,train
16582,3,train
17337,3,train
17392,3,train
17648,3,train
18012,3,train
18260,3,train
18400,3,train
18440,3,train
18523,3,train
18589,3,train
18596,3,train
19100,3,train
19249,3,train
19502,3,train
19650,3,train
19785,3,train
20250,3,train
20586,3,train
20956,3,train
21091,3,train
21177,3,train
21190,3,train
21325,3,train
21354,3,train
21477,3,train
21582,3,train
158,3,train
277,3,train
472,3,train
661,3,train
738,3,train
771,3,train
859,3,train
1201,3,train
1215,3,train
1248,3,train
1267,3,train
1603,3,train
1975,3,train
1979,3,train
2617,3,train
3306,3,train
3595,3,train
3758,3,train
3808,3,train
4141,3,train
4603,3,train
4605,3,train
4716,3,train
4766,3,train
5470,3,train
5646,3,train
5759,3,train
5776,3,train
6209,3,train
6282,3,train
6743,3,train
6921,3,train
7468,3,train
7774,3,train
8103,3,train
8221,3,train
8237,3,train
8332,3,train
8457,3,train
8504,3,train
8780,3,train
8875,3,train
9019,3,train
9374,3,train
9549,3,train
9738,3,train
9890,3,train
9891,3,train
10492,3,train
10687,3,train
10755,3,train
10762,3,train
10852,3,train
10876,3,train
10882,3,train
10893,3,train
11021,3,train
11190,3,train
11531,3,train
11783,3,train
11819,3,train
11964,3,train
11973,3,train
12032,3,train
12120,3,train
12281,3,train
12355,3,train
12405,3,train
12709,3,train
12875,3,train
13730,3,train
14060,3,train
14275,3,train
14766,3,train
15061,3,train
15301,3,train
15493,3,train
15569,3,train
15791,3,train
15874,3,train
16014,3,train
16570,3,train
17308,3,train
17557,3,train
17701,3,train
18465,3,train
18593,3,train
18660,3,train
18750,3,train
18908,3,train
19957,3,train
19990,3,train
20217,3,train
20244,3,train
20356,3,train
20573,3,train
21040,3,train
21419,3,train
21483,3,train
21588,3,train
85,3,train
426,3,train
518,3,train
895,3,train
1259,3,train
1828,3,train
1997,3,train
2085,3,train
2310,3,train
2408,3,train
2915,3,train
3094,3,train
3360,3,train
4165,3,train
4170,3,train
4192,3,train
4412,3,train
5338,3,train
6029,3,train
6486,3,train
6654,3,train
7060,3,train
7781,3,train
7798,3,train
8204,3,train
9313,3,train
9595,3,train
9609,3,train
10061,3,train
10236,3,train
10816,3,train
11208,3,train
11509,3,train
12091,3,train
12177,3,train
12198,3,train
12224,3,train
12489,3,train
12878,3,train
13255,3,train
13767,3,train
13897,3,train
14458,3,train
14879,3,train
15049,3,train
15185,3,train
16453,3,train
16596,3,train
17061,3,train
17442,3,train
17781,3,train
18052,3,train
18090,3,train
18306,3,train
18345,3,train
18366,3,train
18390,3,train
18989,3,train
19140,3,train
19143,3,train
19225,3,train
19640,3,train
19738,3,train
19750,3,train
19828,3,train
20529,3,train
20607,3,train
20758,3,train
21025,3,train
2734,3,train
4071,3,train
10993,3,train
12368,3,train
178,3,train
554,3,train
584,3,train
650,3,train
1256,3,train
1543,3,train
2107,3,train
2135,3,train
3023,3,train
3121,3,train
3190,3,train
3816,3,train
4367,3,train
4435,3,train
4503,3,train
4613,3,train
4780,3,train
6658,3,train
6820,3,train
7082,3,train
7667,3,train
7731,3,train
7987,3,train
8093,3,train
8278,3,train
8305,3,train
8477,3,train
9064,3,train
9435,3,train
9566,3,train
9698,3,train
9962,3,train
10479,3,train
10821,3,train
10840,3,train
10972,3,train
11050,3,train
11327,3,train
11718,3,train
11811,3,train
11943,3,train
12051,3,train
12326,3,train
12335,3,train
12504,3,train
12730,3,train
13306,3,train
13753,3,train
13789,3,train
13866,3,train
13939,3,train
14041,3,train
14378,3,train
14437,3,train
14506,3,train
14868,3,train
15003,3,train
15167,3,train
15430,3,train
15800,3,train
15894,3,train
16885,3,train
16906,3,train
17274,3,train
17295,3,train
18229,3,train
18275,3,train
18766,3,train
18839,3,train
19153,3,train
19376,3,train
19802,3,train
19900,3,train
20193,3,train
20418,3,train
20496,3,train
20561,3,train
20667,3,train
20781,3,train
21097,3,train
21295,3,train
21300,3,train
21340,3,train
21377,3,train
648,3,train
782,3,train
806,3,train
841,3,train
1094,3,train
1304,3,train
1359,3,train
1563,3,train
1671,3,train
1721,3,train
1810,3,train
2017,3,train
2025,3,train
2109,3,train
2774,3,train
2864,3,train
3177,3,train
3225,3,train
3356,3,train
3778,3,train
4090,3,train
4168,3,train
4228,3,train
4311,3,train
4402,3,train
4598,3,train
4851,3,train
5127,3,train
5489,3,train
6270,3,train
7701,3,train
7838,3,train
8112,3,train
8447,3,train
9375,3,train
9671,3,train
9694,3,train
10120,3,train
10242,3,train
10388,3,train
10529,3,train
10577,3,train
10706,3,train
10721,3,train
10824,3,train
10854,3,train
10990,3,train
11038,3,train
11078,3,train
11084,3,train
11349,3,train
11417,3,train
11693,3,train
11850,3,train
12085,3,train
12206,3,train
12659,3,train
13105,3,train
13178,3,train
13615,3,train
13965,3,train
14280,3,train
15110,3,train
15649,3,train
15765,3,train
16819,3,train
16900,3,train
17027,3,train
17419,3,train
17625,3,train
17762,3,train
17867,3,train
17887,3,train
18224,3,train
18263,3,train
18435,3,train
18655,3,train
18696,3,train
19086,3,train
19141,3,train
19179,3,train
19431,3,train
19528,3,train
19648,3,train
19773,3,train
20228,3,train
21560,3,train
121,3,train
739,3,train
1006,3,train
1238,3,train
1800,3,train
1945,3,train
2153,3,train
2964,3,train
3405,3,train
4512,3,train
4656,3,train
4948,3,train
5050,3,train
5078,3,train
5168,3,train
5345,3,train
5436,3,train
6131,3,train
6547,3,train
6614,3,train
6623,3,train
6645,3,train
6662,3,train
6837,3,train
6977,3,train
7196,3,train
7558,3,train
7656,3,train
7761,3,train
8182,3,train
8210,3,train
8559,3,train
9000,3,train
9190,3,train
9240,3,train
9487,3,train
9575,3,train
9682,3,train
9691,3,train
9895,3,train
9970,3,train
10351,3,train
10409,3,train
10430,3,train
10463,3,train
10890,3,train
11181,3,train
11192,3,train
11316,3,train
11972,3,train
12340,3,train
12683,3,train
13142,3,train
13176,3,train
13771,3,train
14081,3,train
14572,3,train
14725,3,train
15181,3,train
15202,3,train
15205,3,train
15402,3,train
15901,3,train
16011,3,train
16251,3,train
16273,3,train
16742,3,train
16948,3,train
17418,3,train
17856,3,train
17947,3,train
18083,3,train
18091,3,train
18122,3,train
18248,3,train
18700,3,train
18857,3,train
18947,3,train
19159,3,train
19673,3,train
20061,3,train
20588,3,train
24,3,train
65,3,train
156,3,train
233,3,train
369,3,train
490,3,train
656,3,train
787,3,train
834,3,train
1435,3,train
1578,3,train
1730,3,train
2435,3,train
2842,3,train
2851,3,train
3101,3,train
3265,3,train
3318,3,train
3464,3,train
3713,3,train
4399,3,train
4536,3,train
4801,3,train
5247,3,train
5528,3,train
5680,3,train
5821,3,train
6041,3,train
6042,3,train
6517,3,train
7294,3,train
7335,3,train
7393,3,train
7477,3,train
7520,3,train
7801,3,train
8218,3,train
8376,3,train
9183,3,train
9216,3,train
9256,3,train
9540,3,train
9984,3,train
10110,3,train
10312,3,train
10317,3,train
10814,3,train
11579,3,train
11762,3,train
11890,3,train
12191,3,train
12337,3,train
12753,3,train
12985,3,train
13061,3,train
13396,3,train
13838,3,train
14076,3,train
14143,3,train
14795,3,train
15270,3,train
15334,3,train
15405,3,train
15744,3,train
16115,3,train
16369,3,train
16565,3,train
16668,3,train
16744,3,train
16859,3,train
16939,3,train
17215,3,train
18635,3,train
18784,3,train
19313,3,train
19626,3,train
19688,3,train
19702,3,train
19799,3,train
19822,3,train
19841,3,train
19842,3,train
19922,3,train
19983,3,train
20266,3,train
20660,3,train
115,3,train
185,3,train
232,3,train
525,3,train
544,3,train
1722,3,train
2459,3,train
2980,3,train
2986,3,train
3207,3,train
3571,3,train
3755,3,train
3789,3,train
3976,3,train
4369,3,train
4800,3,train
5221,3,train
5462,3,train
5673,3,train
6119,3,train
6526,3,train
6542,3,train
6881,3,train
7206,3,train
7469,3,train
7654,3,train
7844,3,train
8245,3,train
8839,3,train
8888,3,train
9032,3,train
9333,3,train
9750,3,train
10118,3,train
10251,3,train
10795,3,train
11205,3,train
11259,3,train
11638,3,train
11648,3,train
11752,3,train
11859,3,train
11971,3,train
11996,3,train
12159,3,train
12247,3,train
13141,3,train
13360,3,train
13460,3,train
14228,3,train
14396,3,train
14938,3,train
15036,3,train
15154,3,train
15375,3,train
16193,3,train
16679,3,train
17015,3,train
17578,3,train
17673,3,train
17823,3,train
17936,3,train
18136,3,train
18196,3,train
18459,3,train
18752,3,train
18843,3,train
19015,3,train
19026,3,train
19048,3,train
19150,3,train
19459,3,train
20148,3,train
20297,3,train
20644,3,train
20741,3,train
21052,3,train
21072,3,train
21147,3,train
21198,3,train
21229,3,train
319,3,train
2101,3,train
4461,3,train
14178,3,train
15415,3,train
16608,3,train
20986,3,train
208,3,train
13401,3,train
14965,3,train
15647,3,train
113,3,train
258,3,train
274,3,train
651,3,train
664,3,train
665,3,train
910,3,train
1264,3,train
1539,3,train
1615,3,train
1989,3,train
2146,3,train
2188,3,train
2283,3,train
3109,3,train
3384,3,train
3695,3,train
4391,3,train
4449,3,train
4830,3,train
4933,3,train
5252,3,train
7360,3,train
8502,3,train
8790,3,train
8812,3,train
8906,3,train
9199,3,train
9676,3,train
10212,3,train
10359,3,train
10458,3,train
10465,3,train
10656,3,train
10917,3,train
11222,3,train
11426,3,train
11520,3,train
11709,3,train
11717,3,train
11728,3,train
11896,3,train
12640,3,train
12672,3,train
12686,3,train
13180,3,train
13325,3,train
13326,3,train
13800,3,train
13830,3,train
14602,3,train
14800,3,train
15351,3,train
16491,3,train
16551,3,train
16774,3,train
16937,3,train
16945,3,train
17105,3,train
17356,3,train
17443,3,train
17638,3,train
17760,3,train
17909,3,train
18131,3,train
18323,3,train
18955,3,train
18958,3,train
19008,3,train
19121,3,train
19189,3,train
19875,3,train
19911,3,train
19925,3,train
20210,3,train
20957,3,train
21168,3,train
21305,3,train
21525,3,train
846,3,train
877,3,train
1214,3,train
1553,3,train
1885,3,train
2328,3,train
2882,3,train
3218,3,train
3493,3,train
4178,3,train
4348,3,train
5105,3,train
5231,3,train
5317,3,train
5871,3,train
5943,3,train
6476,3,train
6772,3,train
7202,3,train
7221,3,train
7436,3,train
7740,3,train
7932,3,train
8289,3,train
8343,3,train
8443,3,train
9283,3,train
9539,3,train
9810,3,train
9811,3,train
10059,3,train
10284,3,train
10340,3,train
10996,3,train
11753,3,train
12079,3,train
12209,3,train
13677,3,train
13799,3,train
14032,3,train
14116,3,train
14162,3,train
14475,3,train
14758,3,train
14892,3,train
15188,3,train
15259,3,train
15321,3,train
16061,3,train
16200,3,train
16674,3,train
16904,3,train
16951,3,train
17326,3,train
17715,3,train
18676,3,train
18744,3,train
18901,3,train
19041,3,train
19302,3,train
19714,3,train
19993,3,train
20117,3,train
20650,3,train
20848,3,train
20944,3,train
21068,3,train
21262,3,train
21364,3,train
457,3,train
608,3,train
1196,3,train
1337,3,train
2560,3,train
2898,3,train
3016,3,train
3259,3,train
3603,3,train
3924,3,train
4260,3,train
4339,3,train
4975,3,train
5040,3,train
5123,3,train
5265,3,train
5822,3,train
6124,3,train
6375,3,train
6394,3,train
6868,3,train
6893,3,train
6942,3,train
7167,3,train
7184,3,train
7692,3,train
8044,3,train
9836,3,train
11113,3,train
11416,3,train
11921,3,train
11999,3,train
12494,3,train
12748,3,train
12884,3,train
12933,3,train
15503,3,train
15777,3,train
17085,3,train
17276,3,train
17379,3,train
17979,3,train
18600,3,train
18988,3,train
19815,3,train
20071,3,train
20771,3,train
8799,3,train
20367,3,train
12917,3,train
18939,3,train
20301,3,train
18794,3,train
27,3,train
31,3,train
194,3,train
466,3,train
1772,3,train
1838,3,train
2122,3,train
2368,3,train
2806,3,train
2837,3,train
2861,3,train
2895,3,train
3337,3,train
3691,3,train
3917,3,train
4087,3,train
4140,3,train
4210,3,train
4223,3,train
4317,3,train
4440,3,train
4742,3,train
4865,3,train
4904,3,train
5279,3,train
5609,3,train
5883,3,train
5998,3,train
6107,3,train
6182,3,train
6367,3,train
6766,3,train
6792,3,train
7280,3,train
7312,3,train
7561,3,train
7893,3,train
8268,3,train
8644,3,train
9156,3,train
9314,3,train
10168,3,train
10554,3,train
10558,3,train
10574,3,train
10619,3,train
10666,3,train
10737,3,train
11604,3,train
12143,3,train
12190,3,train
12391,3,train
12454,3,train
12509,3,train
12615,3,train
12965,3,train
13103,3,train
13219,3,train
13233,3,train
13258,3,train
13607,3,train
13741,3,train
13947,3,train
13950,3,train
14481,3,train
14865,3,train
15692,3,train
15718,3,train
15881,3,train
15998,3,train
16282,3,train
16352,3,train
16999,3,train
17003,3,train
17205,3,train
17297,3,train
17314,3,train
17496,3,train
17622,3,train
18005,3,train
18076,3,train
18602,3,train
18760,3,train
19457,3,train
19809,3,train
19975,3,train
20296,3,train
20476,3,train
20613,3,train
20803,3,train
20887,3,train
20932,3,train
21011,3,train
21031,3,train
21467,3,train
80,3,train
260,3,train
445,3,train
784,3,train
963,3,train
1617,3,train
1866,3,train
1875,3,train
1917,3,train
2432,3,train
2582,3,train
2602,3,train
3129,3,train
3271,3,train
3324,3,train
3598,3,train
3795,3,train
4097,3,train
4444,3,train
4548,3,train
4688,3,train
4816,3,train
4835,3,train
4936,3,train
5200,3,train
5661,3,train
5809,3,train
5810,3,train
5927,3,train
6064,3,train
6165,3,train
6452,3,train
6585,3,train
6611,3,train
6696,3,train
6703,3,train
7321,3,train
7794,3,train
7916,3,train
8031,3,train
8206,3,train
8515,3,train
8652,3,train
8710,3,train
8902,3,train
9042,3,train
9378,3,train
10034,3,train
10559,3,train
10647,3,train
11013,3,train
11147,3,train
11196,3,train
11406,3,train
11663,3,train
12292,3,train
12378,3,train
12723,3,train
12742,3,train
12990,3,train
13642,3,train
14150,3,train
14213,3,train
14284,3,train
14799,3,train
14987,3,train
15134,3,train
15219,3,train
15239,3,train
15427,3,train
15583,3,train
15859,3,train
16215,3,train
16986,3,train
17019,3,train
17243,3,train
17431,3,train
17691,3,train
17703,3,train
18061,3,train
18221,3,train
18282,3,train
18284,3,train
18698,3,train
18938,3,train
18956,3,train
19093,3,train
19122,3,train
19201,3,train
19586,3,train
19654,3,train
20008,3,train
20058,3,train
20332,3,train
20611,3,train
20724,3,train
21584,3,train
34,3,train
145,3,train
353,3,train
420,3,train
925,3,train
959,3,train
1205,3,train
1879,3,train
2409,3,train
2661,3,train
2782,3,train
2887,3,train
2988,3,train
3582,3,train
3749,3,train
3861,3,train
4421,3,train
4714,3,train
5473,3,train
5642,3,train
5828,3,train
5873,3,train
5967,3,train
6039,3,train
6183,3,train
6348,3,train
6381,3,train
6923,3,train
7110,3,train
7127,3,train
7148,3,train
8260,3,train
8549,3,train
8632,3,train
8677,3,train
8927,3,train
9210,3,train
9300,3,train
9657,3,train
10537,3,train
10837,3,train
10873,3,train
11238,3,train
11260,3,train
11398,3,train
11678,3,train
11977,3,train
12466,3,train
12606,3,train
12959,3,train
13281,3,train
13482,3,train
13886,3,train
14104,3,train
14364,3,train
14852,3,train
14877,3,train
14900,3,train
14998,3,train
15207,3,train
15362,3,train
15373,3,train
15925,3,train
15963,3,train
16546,3,train
16987,3,train
17194,3,train
17293,3,train
17373,3,train
18126,3,train
18388,3,train
18545,3,train
18568,3,train
18820,3,train
19174,3,train
19213,3,train
20222,3,train
20546,3,train
20738,3,train
21531,3,train
370,3,train
537,3,train
1400,3,train
1426,3,train
1660,3,train
1757,3,train
2229,3,train
2318,3,train
2587,3,train
2665,3,train
2720,3,train
2798,3,train
2888,3,train
2918,3,train
3203,3,train
3459,3,train
3491,3,train
3679,3,train
4358,3,train
4764,3,train
5614,3,train
5687,3,train
6519,3,train
6758,3,train
6850,3,train
6875,3,train
7062,3,train
7166,3,train
7663,3,train
7675,3,train
8814,3,train
8950,3,train
9062,3,train
9699,3,train
10222,3,train
10289,3,train
10380,3,train
10415,3,train
10785,3,train
12109,3,train
13185,3,train
13279,3,train
14125,3,train
14809,3,train
14848,3,train
15002,3,train
15349,3,train
15738,3,train
15797,3,train
16068,3,train
16897,3,train
17309,3,train
17329,3,train
17529,3,train
18007,3,train
18187,3,train
18289,3,train
18381,3,train
18397,3,train
18472,3,train
18536,3,train
18789,3,train
19523,3,train
20194,3,train
20413,3,train
20943,3,train
18,3,train
189,3,train
347,3,train
1236,3,train
1644,3,train
2021,3,train
2274,3,train
2278,3,train
2358,3,train
2561,3,train
2663,3,train
2814,3,train
2917,3,train
3178,3,train
3266,3,train
3390,3,train
3402,3,train
3809,3,train
4710,3,train
5203,3,train
6499,3,train
6791,3,train
7050,3,train
7230,3,train
7399,3,train
8791,3,train
8838,3,train
9322,3,train
9667,3,train
10084,3,train
10622,3,train
10630,3,train
10933,3,train
11313,3,train
11542,3,train
11925,3,train
12271,3,train
12376,3,train
12544,3,train
12631,3,train
12636,3,train
12851,3,train
12958,3,train
13193,3,train
13515,3,train
13691,3,train
14123,3,train
14183,3,train
15812,3,train
16248,3,train
16256,3,train
16618,3,train
16925,3,train
17386,3,train
18244,3,train
18563,3,train
19000,3,train
19950,3,train
20739,3,train
21247,3,train
6767,3,train
8256,3,train
13013,3,train
13253,3,train
17975,3,train
19902,3,train
63,3,train
3278,3,train
165,3,train
240,3,train
1398,3,train
1550,3,train
1696,3,train
1703,3,train
1709,3,train
1910,3,train
1968,3,train
2083,3,train
2304,3,train
2962,3,train
3075,3,train
3456,3,train
3799,3,train
3812,3,train
3910,3,train
4418,3,train
4579,3,train
4877,3,train
5213,3,train
5406,3,train
5811,3,train
5893,3,train
6668,3,train
6800,3,train
6991,3,train
7002,3,train
7156,3,train
7903,3,train
7927,3,train
8571,3,train
8678,3,train
9867,3,train
10139,3,train
10436,3,train
10476,3,train
10849,3,train
10851,3,train
11089,3,train
11286,3,train
11568,3,train
11932,3,train
12014,3,train
12418,3,train
12721,3,train
12816,3,train
13043,3,train
13127,3,train
13416,3,train
14356,3,train
14442,3,train
14734,3,train
15078,3,train
16751,3,train
16798,3,train
17073,3,train
17375,3,train
17729,3,train
17973,3,train
18035,3,train
18409,3,train
18606,3,train
18673,3,train
18825,3,train
18855,3,train
19018,3,train
19760,3,train
19921,3,train
20090,3,train
20136,3,train
20189,3,train
20928,3,train
1,3,train
3,3,train
314,3,train
463,3,train
576,3,train
610,3,train
844,3,train
1197,3,train
1731,3,train
2285,3,train
2683,3,train
3531,3,train
3728,3,train
3764,3,train
3883,3,train
3958,3,train
4056,3,train
4101,3,train
4275,3,train
4693,3,train
4734,3,train
5260,3,train
5368,3,train
5634,3,train
6217,3,train
6374,3,train
6695,3,train
6819,3,train
6862,3,train
6905,3,train
7347,3,train
7581,3,train
7771,3,train
8222,3,train
8244,3,train
8321,3,train
8412,3,train
8768,3,train
9101,3,train
9530,3,train
9818,3,train
10669,3,train
10968,3,train
11093,3,train
11380,3,train
11446,3,train
11688,3,train
12445,3,train
12463,3,train
13007,3,train
13145,3,train
13494,3,train
13819,3,train
13945,3,train
14630,3,train
14706,3,train
14793,3,train
15033,3,train
15079,3,train
15103,3,train
15395,3,train
15512,3,train
15671,3,train
15945,3,train
17618,3,train
18334,3,train
18340,3,train
18728,3,train
18913,3,train
19237,3,train
19495,3,train
20177,3,train
20359,3,train
20503,3,train
20655,3,train
21138,3,train
21347,3,train
21521,3,train
60,3,train
362,3,train
390,3,train
751,3,train
917,3,train
1009,3,train
1293,3,train
1387,3,train
1653,3,train
1779,3,train
2148,3,train
2444,3,train
2549,3,train
2592,3,train
2675,3,train
2952,3,train
3457,3,train
3503,3,train
3926,3,train
4403,3,train
4686,3,train
4711,3,train
5024,3,train
5077,3,train
5090,3,train
5124,3,train
5440,3,train
6078,3,train
6363,3,train
6459,3,train
6985,3,train
7705,3,train
7789,3,train
7899,3,train
8215,3,train
8511,3,train
9066,3,train
9116,3,train
9261,3,train
9290,3,train
9550,3,train
9589,3,train
9787,3,train
10009,3,train
10428,3,train
10773,3,train
10930,3,train
11204,3,train
12037,3,train
13021,3,train
14037,3,train
15015,3,train
15397,3,train
15994,3,train
16145,3,train
16323,3,train
16893,3,train
17095,3,train
17114,3,train
17661,3,train
18106,3,train
18267,3,train
18313,3,train
19051,3,train
19377,3,train
19573,3,train
20407,3,train
20439,3,train
20805,3,train
20835,3,train
20995,3,train
21041,3,train
21118,3,train
21167,3,train
21181,3,train
577,3,train
579,3,train
849,3,train
1902,3,train
1911,3,train
2151,3,train
2478,3,train
3008,3,train
3132,3,train
3182,3,train
3414,3,train
3636,3,train
3880,3,train
4171,3,train
5302,3,train
5847,3,train
5968,3,train
6013,3,train
6274,3,train
6333,3,train
6338,3,train
6974,3,train
7177,3,train
7286,3,train
7333,3,train
7708,3,train
7757,3,train
7851,3,train
7965,3,train
8009,3,train
8360,3,train
8545,3,train
9762,3,train
10243,3,train
10350,3,train
10379,3,train
10741,3,train
10865,3,train
11197,3,train
11230,3,train
11268,3,train
11482,3,train
12117,3,train
12178,3,train
12308,3,train
12371,3,train
12373,3,train
12656,3,train
12937,3,train
13094,3,train
13346,3,train
13851,3,train
13942,3,train
14404,3,train
15070,3,train
15105,3,train
15522,3,train
15604,3,train
15732,3,train
15825,3,train
16290,3,train
16403,3,train
17028,3,train
18070,3,train
18262,3,train
18396,3,train
19095,3,train
19133,3,train
19595,3,train
19643,3,train
19998,3,train
20105,3,train
21104,3,train
21113,3,train
21349,3,train
21537,3,train
102,3,train
632,3,train
1011,3,train
1211,3,train
1708,3,train
1809,3,train
2443,3,train
2522,3,train
2554,3,train
2669,3,train
2907,3,train
3321,3,train
4325,3,train
4336,3,train
4422,3,train
4953,3,train
5152,3,train
5477,3,train
5522,3,train
6008,3,train
6181,3,train
6570,3,train
6730,3,train
6872,3,train
7064,3,train
7102,3,train
7345,3,train
7426,3,train
7489,3,train
8356,3,train
8633,3,train
8786,3,train
9052,3,train
9792,3,train
10112,3,train
10315,3,train
10373,3,train
10604,3,train
11206,3,train
11518,3,train
11969,3,train
12041,3,train
12894,3,train
13163,3,train
13223,3,train
13716,3,train
13973,3,train
14021,3,train
14207,3,train
14240,3,train
14445,3,train
14452,3,train
14744,3,train
15086,3,train
15620,3,train
15704,3,train
16514,3,train
16563,3,train
17905,3,train
18114,3,train
18225,3,train
18878,3,train
19331,3,train
19690,3,train
20430,3,train
20661,3,train
20872,3,train
20915,3,train
4967,3,train
5307,3,train
5318,3,train
9093,3,train
2534,3,train
4051,3,train
4529,3,train
6624,3,train
741,3,train
840,3,train
1145,3,train
1191,3,train
1961,3,train
2076,3,train
2084,3,train
2268,3,train
2438,3,train
2699,3,train
2874,3,train
3102,3,train
3468,3,train
3487,3,train
4104,3,train
4313,3,train
4373,3,train
4747,3,train
5006,3,train
5223,3,train
5315,3,train
5448,3,train
5618,3,train
5953,3,train
6948,3,train
7031,3,train
7330,3,train
7497,3,train
8107,3,train
8217,3,train
8879,3,train
9161,3,train
9266,3,train
9293,3,train
9601,3,train
9922,3,train
10349,3,train
10411,3,train
11256,3,train
11470,3,train
11787,3,train
12345,3,train
12586,3,train
12874,3,train
13101,3,train
13941,3,train
14063,3,train
14290,3,train
14519,3,train
14964,3,train
15016,3,train
15781,3,train
15841,3,train
15957,3,train
16094,3,train
16127,3,train
16539,3,train
17692,3,train
17913,3,train
18398,3,train
18649,3,train
18688,3,train
18862,3,train
19112,3,train
19329,3,train
19614,3,train
19951,3,train
20062,3,train
20468,3,train
20541,3,train
20604,3,train
20888,3,train
20945,3,train
21115,3,train
21413,3,train
21515,3,train
21545,3,train
262,3,train
488,3,train
564,3,train
1404,3,train
2319,3,train
3232,3,train
3237,3,train
4264,3,train
4319,3,train
4941,3,train
5016,3,train
5022,3,train
5061,3,train
5110,3,train
5162,3,train
5555,3,train
5676,3,train
6543,3,train
6763,3,train
6790,3,train
7146,3,train
7279,3,train
7367,3,train
7453,3,train
8404,3,train
8815,3,train
9134,3,train
9137,3,train
9564,3,train
10522,3,train
10599,3,train
11087,3,train
11219,3,train
11280,3,train
11315,3,train
11350,3,train
13138,3,train
13448,3,train
13461,3,train
13577,3,train
13710,3,train
14662,3,train
14676,3,train
14905,3,train
15162,3,train
15317,3,train
15403,3,train
15587,3,train
16030,3,train
16102,3,train
16502,3,train
16656,3,train
16888,3,train
17671,3,train
17907,3,train
18599,3,train
18645,3,train
18932,3,train
19036,3,train
19446,3,train
20021,3,train
20469,3,train
21074,3,train
21282,3,train
21357,3,train
562,3,train
575,3,train
764,3,train
1195,3,train
1273,3,train
1313,3,train
2011,3,train
2347,3,train
2430,3,train
2441,3,train
3173,3,train
3238,3,train
3939,3,train
3945,3,train
5183,3,train
6807,3,train
7205,3,train
7209,3,train
7305,3,train
7814,3,train
8148,3,train
8161,3,train
8499,3,train
8603,3,train
9330,3,train
9451,3,train
9503,3,train
9512,3,train
9971,3,train
9989,3,train
10027,3,train
10100,3,train
10175,3,train
10198,3,train
10238,3,train
10318,3,train
10783,3,train
10982,3,train
11285,3,train
11449,3,train
11898,3,train
11987,3,train
12164,3,train
12235,3,train
12314,3,train
12727,3,train
13318,3,train
13708,3,train
13810,3,train
14062,3,train
15095,3,train
15184,3,train
15195,3,train
15359,3,train
15879,3,train
16587,3,train
16680,3,train
16833,3,train
17588,3,train
18021,3,train
18998,3,train
20245,3,train
21266,3,train
21396,3,train
569,3,train
1004,3,train
1482,3,train
2019,3,train
2293,3,train
2546,3,train
3465,3,train
3732,3,train
3768,3,train
4151,3,train
4749,3,train
4943,3,train
6391,3,train
7075,3,train
7173,3,train
7857,3,train
8121,3,train
8259,3,train
8535,3,train
8688,3,train
9049,3,train
9109,3,train
9242,3,train
9454,3,train
9894,3,train
10021,3,train
10421,3,train
10923,3,train
11741,3,train
11769,3,train
11878,3,train
12084,3,train
12101,3,train
12111,3,train
12558,3,train
12601,3,train
12695,3,train
12812,3,train
14265,3,train
14467,3,train
14558,3,train
14690,3,train
14857,3,train
15281,3,train
15336,3,train
15354,3,train
15423,3,train
15840,3,train
16082,3,train
16231,3,train
16264,3,train
16495,3,train
16527,3,train
17458,3,train
17942,3,train
18058,3,train
18059,3,train
18103,3,train
18664,3,train
19400,3,train
19420,3,train
19514,3,train
20077,3,train
20558,3,train
20577,3,train
20811,3,train
21433,3,train
422,3,train
703,3,train
878,3,train
1096,3,train
1983,3,train
2802,3,train
3035,3,train
3383,3,train
3572,3,train
3813,3,train
4528,3,train
5881,3,train
6188,3,train
6731,3,train
6737,3,train
6827,3,train
7028,3,train
8885,3,train
9752,3,train
11229,3,train
12324,3,train
12885,3,train
13058,3,train
13557,3,train
15029,3,train
15088,3,train
15278,3,train
15803,3,train
16136,3,train
16533,3,train
16990,3,train
17467,3,train
17493,3,train
17512,3,train
17707,3,train
18238,3,train
18514,3,train
19047,3,train
19581,3,train
19617,3,train
20647,3,train
21352,3,train
1621,3,train
3096,3,train
7536,3,train
16707,3,train
17165,3,train
18258,3,train
18733,3,train
1904,3,train
19170,3,train
81,3,train
715,3,train
816,3,train
1156,3,train
1217,3,train
1785,3,train
1868,3,train
2089,3,train
2119,3,train
2749,3,train
3489,3,train
3624,3,train
3864,3,train
4256,3,train
5215,3,train
5377,3,train
5765,3,train
6094,3,train
6207,3,train
6229,3,train
6249,3,train
6284,3,train
7809,3,train
7840,3,train
8025,3,train
8417,3,train
8506,3,train
8560,3,train
9087,3,train
9238,3,train
9580,3,train
10377,3,train
10598,3,train
10863,3,train
10915,3,train
11356,3,train
12156,3,train
13175,3,train
13497,3,train
13763,3,train
13813,3,train
14069,3,train
14318,3,train
14329,3,train
14500,3,train
15348,3,train
15934,3,train
16228,3,train
16287,3,train
16709,3,train
16734,3,train
17327,3,train
17803,3,train
18227,3,train
18424,3,train
19103,3,train
19652,3,train
19789,3,train
19843,3,train
19955,3,train
20041,3,train
20067,3,train
20110,3,train
20553,3,train
20685,3,train
20877,3,train
20907,3,train
94,3,train
373,3,train
418,3,train
815,3,train
1268,3,train
1372,3,train
1924,3,train
2523,3,train
2660,3,train
2695,3,train
3103,3,train
3925,3,train
4031,3,train
4064,3,train
4159,3,train
4881,3,train
5236,3,train
5565,3,train
5717,3,train
5752,3,train
6047,3,train
6520,3,train
7217,3,train
7594,3,train
9328,3,train
9754,3,train
9854,3,train
11710,3,train
12025,3,train
12231,3,train
12503,3,train
12560,3,train
12719,3,train
12749,3,train
12896,3,train
13335,3,train
13466,3,train
13514,3,train
13738,3,train
13828,3,train
13902,3,train
15180,3,train
15330,3,train
15667,3,train
15974,3,train
16354,3,train
16581,3,train
17251,3,train
17490,3,train
18264,3,train
18386,3,train
18394,3,train
18498,3,train
18671,3,train
19621,3,train
19712,3,train
19734,3,train
19947,3,train
20267,3,train
20420,3,train
20473,3,train
20884,3,train
21320,3,train
2145,3,train
2301,3,train
2380,3,train
3361,3,train
4083,3,train
6132,3,train
6257,3,train
6843,3,train
9673,3,train
9862,3,train
10049,3,train
10308,3,train
10410,3,train
10579,3,train
10727,3,train
11213,3,train
11873,3,train
12243,3,train
13147,3,train
13563,3,train
13618,3,train
13720,3,train
15363,3,train
15444,3,train
16131,3,train
16319,3,train
18500,3,train
18960,3,train
19024,3,train
21551,3,train
868,3,train
1871,3,train
2427,3,train
2789,3,train
2799,3,train
2941,3,train
3995,3,train
4372,3,train
5207,3,train
5325,3,train
5339,3,train
5619,3,train
6382,3,train
6513,3,train
6896,3,train
7101,3,train
7603,3,train
7638,3,train
8247,3,train
9436,3,train
9785,3,train
10412,3,train
10681,3,train
11596,3,train
12846,3,train
13110,3,train
13321,3,train
15476,3,train
16050,3,train
16526,3,train
16762,3,train
17008,3,train
17049,3,train
17435,3,train
19670,3,train
21042,3,train
21194,3,train
14621,3,train
15216,3,train
346,3,train
696,3,train
1157,3,train
1263,3,train
1424,3,train
2442,3,train
2463,3,train
3426,3,train
3705,3,train
3776,3,train
4032,3,train
4324,3,train
4878,3,train
5363,3,train
5952,3,train
6602,3,train
6877,3,train
7843,3,train
7948,3,train
8291,3,train
8863,3,train
9074,3,train
9200,3,train
9269,3,train
9428,3,train
10723,3,train
10761,3,train
11088,3,train
11150,3,train
11555,3,train
11839,3,train
11992,3,train
12491,3,train
12513,3,train
13727,3,train
14033,3,train
14077,3,train
14932,3,train
14972,3,train
15948,3,train
15983,3,train
16390,3,train
16455,3,train
16500,3,train
16573,3,train
16957,3,train
16992,3,train
17775,3,train
17992,3,train
18212,3,train
18747,3,train
18951,3,train
18999,3,train
19254,3,train
19579,3,train
20209,3,train
20270,3,train
20566,3,train
20816,3,train
20862,3,train
20980,3,train
21028,3,train
21163,3,train
21213,3,train
37,3,train
1013,3,train
1058,3,train
1107,3,train
1484,3,train
1538,3,train
2461,3,train
3059,3,train
3369,3,train
4209,3,train
4216,3,train
4782,3,train
4914,3,train
5208,3,train
6100,3,train
7040,3,train
7343,3,train
7568,3,train
8072,3,train
8459,3,train
8531,3,train
9131,3,train
9430,3,train
9783,3,train
10254,3,train
10427,3,train
10502,3,train
10635,3,train
11026,3,train
11768,3,train
12044,3,train
12662,3,train
13455,3,train
17051,3,train
17453,3,train
17753,3,train
18199,3,train
18875,3,train
19390,3,train
19496,3,train
19837,3,train
20171,3,train
21293,3,train
52,3,train
451,3,train
566,3,train
1139,3,train
1692,3,train
3004,3,train
3403,3,train
3480,3,train
3633,3,train
3803,3,train
4081,3,train
4882,3,train
5574,3,train
6500,3,train
7372,3,train
7526,3,train
7878,3,train
8393,3,train
8626,3,train
9069,3,train
9263,3,train
9850,3,train
12746,3,train
12892,3,train
12984,3,train
13076,3,train
13152,3,train
13749,3,train
15126,3,train
15572,3,train
16205,3,train
16303,3,train
16936,3,train
17365,3,train
17507,3,train
18433,3,train
18462,3,train
18666,3,train
18935,3,train
18976,3,train
19293,3,train
19375,3,train
19607,3,train
19952,3,train
21549,3,train
120,3,train
171,3,train
574,3,train
658,3,train
718,3,train
1734,3,train
1851,3,train
2046,3,train
2794,3,train
3604,3,train
4856,3,train
5321,3,train
6053,3,train
6633,3,train
7597,3,train
7971,3,train
8302,3,train
8872,3,train
8932,3,train
9486,3,train
9711,3,train
9875,3,train
10296,3,train
10758,3,train
11155,3,train
11447,3,train
11515,3,train
12020,3,train
12634,3,train
13412,3,train
13908,3,train
14380,3,train
14530,3,train
14685,3,train
15024,3,train
15141,3,train
16077,3,train
18123,3,train
18181,3,train
18245,3,train
18271,3,train
18658,3,train
19257,3,train
19910,3,train
21189,3,train
71,3,train
130,3,train
417,3,train
685,3,train
1135,3,train
1557,3,train
1654,3,train
1746,3,train
1976,3,train
2552,3,train
2816,3,train
3549,3,train
4227,3,train
4265,3,train
5303,3,train
5827,3,train
5919,3,train
6358,3,train
6423,3,train
7077,3,train
7121,3,train
7267,3,train
7316,3,train
7564,3,train
7700,3,train
7955,3,train
8368,3,train
9364,3,train
9886,3,train
10102,3,train
10176,3,train
11358,3,train
11735,3,train
13092,3,train
13961,3,train
14433,3,train
14493,3,train
14835,3,train
15131,3,train
15353,3,train
15379,3,train
15652,3,train
16135,3,train
17033,3,train
17303,3,train
17455,3,train
18235,3,train
18349,3,train
18504,3,train
18708,3,train
18726,3,train
18872,3,train
19022,3,train
19543,3,train
19587,3,train
20534,3,train
21196,3,train
21391,3,train
21484,3,train
469,3,train
1108,3,train
2234,3,train
2333,3,train
3049,3,train
3088,3,train
3454,3,train
3613,3,train
4058,3,train
4235,3,train
4664,3,train
5499,3,train
6346,3,train
8087,3,train
8873,3,train
8991,3,train
9034,3,train
9728,3,train
9964,3,train
12735,3,train
12736,3,train
12785,3,train
12789,3,train
13220,3,train
15090,3,train
15238,3,train
15982,3,train
17234,3,train
17324,3,train
17506,3,train
17966,3,train
17998,3,train
18576,3,train
18983,3,train
19105,3,train
19208,3,train
19294,3,train
19765,3,train
20022,3,train
20397,3,train
20411,3,train
20437,3,train
179,3,train
423,3,train
468,3,train
768,3,train
803,3,train
839,3,train
1194,3,train
1465,3,train
1630,3,train
1668,3,train
2656,3,train
3541,3,train
4972,3,train
5826,3,train
6176,3,train
7310,3,train
7387,3,train
7473,3,train
7665,3,train
8785,3,train
8813,3,train
8852,3,train
9056,3,train
9714,3,train
10146,3,train
10276,3,train
10331,3,train
10393,3,train
10991,3,train
11034,3,train
11486,3,train
11908,3,train
11957,3,train
12538,3,train
13174,3,train
13295,3,train
14658,3,train
15392,3,train
15504,3,train
16156,3,train
16406,3,train
16697,3,train
16721,3,train
17080,3,train
17469,3,train
17548,3,train
17562,3,train
17686,3,train
18118,3,train
18195,3,train
19845,3,train
20404,3,train
20542,3,train
21576,3,train
118,3,train
309,3,train
456,3,train
992,3,train
1360,3,train
1667,3,train
2743,3,train
3060,3,train
3834,3,train
4025,3,train
4219,3,train
4524,3,train
4561,3,train
4699,3,train
5206,3,train
5410,3,train
5739,3,train
6060,3,train
6665,3,train
7394,3,train
7570,3,train
8351,3,train
9991,3,train
10038,3,train
10903,3,train
12862,3,train
12901,3,train
13074,3,train
13626,3,train
13694,3,train
13783,3,train
14020,3,train
14064,3,train
14232,3,train
16152,3,train
16970,3,train
17635,3,train
17959,3,train
17994,3,train
18725,3,train
19221,3,train
19371,3,train
19491,3,train
20028,3,train
20070,3,train
20376,3,train
20506,3,train
20942,3,train
21225,3,train
1105,3,train
1517,3,train
2325,3,train
3833,3,train
4708,3,train
5089,3,train
5465,3,train
5741,3,train
5764,3,train
5942,3,train
6023,3,train
6637,3,train
7440,3,train
8775,3,train
8802,3,train
8857,3,train
9045,3,train
9339,3,train
9840,3,train
10362,3,train
11535,3,train
11684,3,train
13446,3,train
13492,3,train
13645,3,train
15770,3,train
15849,3,train
16414,3,train
17977,3,train
18429,3,train
18446,3,train
18580,3,train
19656,3,train
19691,3,train
21173,3,train
21470,3,train
12088,3,train
945,3,train
2267,3,train
2481,3,train
2550,3,train
3355,3,train
3946,3,train
4446,3,train
5228,3,train
5382,3,train
5818,3,train
6829,3,train
7614,3,train
7741,3,train
7953,3,train
8415,3,train
8671,3,train
10219,3,train
11040,3,train
11098,3,train
11871,3,train
12379,3,train
12389,3,train
12465,3,train
12738,3,train
13030,3,train
13458,3,train
13546,3,train
14439,3,train
14585,3,train
15525,3,train
15837,3,train
15928,3,train
16085,3,train
16465,3,train
16837,3,train
17699,3,train
18413,3,train
18659,3,train
18694,3,train
19298,3,train
19374,3,train
20715,3,train
198,3,train
618,3,train
734,3,train
1288,3,train
1331,3,train
1598,3,train
1878,3,train
2574,3,train
3458,3,train
3865,3,train
3913,3,train
5282,3,train
5671,3,train
5791,3,train
5985,3,train
6167,3,train
6218,3,train
7480,3,train
7676,3,train
8742,3,train
9036,3,train
9097,3,train
9127,3,train
9450,3,train
10163,3,train
10611,3,train
10817,3,train
11224,3,train
11495,3,train
11703,3,train
13284,3,train
14120,3,train
14615,3,train
15851,3,train
16024,3,train
16281,3,train
16535,3,train
20080,3,train
20102,3,train
20440,3,train
20656,3,train
20901,3,train
21540,3,train
213,3,train
615,3,train
843,3,train
1075,3,train
1095,3,train
1130,3,train
2465,3,train
2728,3,train
3663,3,train
5035,3,train
6281,3,train
7246,3,train
7793,3,train
7914,3,train
8183,3,train
8601,3,train
8627,3,train
8806,3,train
9248,3,train
9808,3,train
10424,3,train
10483,3,train
11018,3,train
11351,3,train
12199,3,train
12774,3,train
12926,3,train
12973,3,train
13184,3,train
14160,3,train
14300,3,train
14681,3,train
15371,3,train
15389,3,train
15523,3,train
17193,3,train
17368,3,train
17987,3,train
18186,3,train
18621,3,train
18707,3,train
19253,3,train
19622,3,train
19675,3,train
19874,3,train
20128,3,train
20151,3,train
20391,3,train
20696,3,train
21174,3,train
21186,3,train
7,3,train
215,3,train
228,3,train
304,3,train
802,3,train
3213,3,train
3721,3,train
4254,3,train
4374,3,train
4600,3,train
4898,3,train
5511,3,train
5844,3,train
6646,3,train
6725,3,train
6935,3,train
7753,3,train
7762,3,train
8088,3,train
8685,3,train
8935,3,train
9617,3,train
9892,3,train
10040,3,train
10555,3,train
11125,3,train
11395,3,train
13377,3,train
13445,3,train
13488,3,train
14579,3,train
15115,3,train
15463,3,train
15551,3,train
16031,3,train
17106,3,train
17294,3,train
17599,3,train
17767,3,train
18326,3,train
19157,3,train
19638,3,train
20088,3,train
20527,3,train
21561,3,train
173,3,train
1347,3,train
1670,3,train
1710,3,train
1874,3,train
1899,3,train
2480,3,train
2520,3,train
3127,3,train
3492,3,train
4136,3,train
4153,3,train
5041,3,train
5259,3,train
5757,3,train
6031,3,train
6328,3,train
7328,3,train
7688,3,train
8540,3,train
8578,3,train
9085,3,train
9348,3,train
9358,3,train
9859,3,train
10121,3,train
10788,3,train
10809,3,train
11166,3,train
11187,3,train
12072,3,train
12824,3,train
15158,3,train
15254,3,train
15438,3,train
15623,3,train
15868,3,train
16009,3,train
16271,3,train
16296,3,train
17353,3,train
17500,3,train
17540,3,train
17687,3,train
19091,3,train
19322,3,train
20101,3,train
20254,3,train
20424,3,train
20961,3,train
21311,3,train
21611,3,train
14862,3,train
2117,3,train
3887,3,train
7769,3,train
12720,3,train
14745,3,train
19701,3,train
20585,3,train
921,3,train
939,3,train
1755,3,train
2827,3,train
3276,3,train
4026,3,train
4732,3,train
5805,3,train
6081,3,train
6595,3,train
7547,3,train
7582,3,train
7595,3,train
7636,3,train
7925,3,train
8059,3,train
8353,3,train
8907,3,train
8930,3,train
9400,3,train
9709,3,train
9770,3,train
10078,3,train
12339,3,train
12921,3,train
13276,3,train
13406,3,train
13574,3,train
13781,3,train
14109,3,train
14850,3,train
15017,3,train
15659,3,train
15872,3,train
16978,3,train
17148,3,train
17826,3,train
17878,3,train
18188,3,train
19182,3,train
19897,3,train
20648,3,train
20719,3,train
20904,3,train
21076,3,train
21489,3,train
383,3,train
637,3,train
662,3,train
757,3,train
783,3,train
978,3,train
2096,3,train
3743,3,train
3856,3,train
4135,3,train
4185,3,train
4752,3,train
4952,3,train
5571,3,train
5851,3,train
5997,3,train
6687,3,train
8123,3,train
8209,3,train
8349,3,train
8441,3,train
8835,3,train
9115,3,train
9168,3,train
9342,3,train
10444,3,train
11020,3,train
11502,3,train
11656,3,train
11682,3,train
13637,3,train
14180,3,train
14241,3,train
14377,3,train
15454,3,train
15494,3,train
15865,3,train
16413,3,train
16637,3,train
16711,3,train
16808,3,train
17246,3,train
17844,3,train
18361,3,train
18620,3,train
18821,3,train
19409,3,train
19707,3,train
19756,3,train
19824,3,train
19936,3,train
20184,3,train
20242,3,train
20857,3,train
20953,3,train
810,3,train
1027,3,train
1796,3,train
2813,3,train
2934,3,train
4033,3,train
4706,3,train
5271,3,train
6940,3,train
7208,3,train
7465,3,train
7589,3,train
7630,3,train
7877,3,train
8047,3,train
8146,3,train
8527,3,train
9717,3,train
9795,3,train
10910,3,train
11103,3,train
11161,3,train
11900,3,train
11935,3,train
12902,3,train
12949,3,train
13187,3,train
13378,3,train
13405,3,train
13936,3,train
14114,3,train
14157,3,train
14218,3,train
14309,3,train
14367,3,train
14524,3,train
15465,3,train
15666,3,train
16096,3,train
17471,3,train
17514,3,train
18025,3,train
18626,3,train
18663,3,train
19190,3,train
19198,3,train
19473,3,train
19858,3,train
571,3,train
745,3,train
1065,3,train
1385,3,train
2282,3,train
2784,3,train
3508,3,train
3511,3,train
3592,3,train
4043,3,train
4048,3,train
4331,3,train
4845,3,train
5185,3,train
5283,3,train
5450,3,train
5882,3,train
6040,3,train
6155,3,train
6648,3,train
6694,3,train
7248,3,train
7417,3,train
9028,3,train
9586,3,train
9878,3,train
10158,3,train
10632,3,train
12127,3,train
12274,3,train
12924,3,train
13182,3,train
13269,3,train
14320,3,train
14534,3,train
14652,3,train
15528,3,train
15790,3,train
17065,3,train
17269,3,train
18242,3,train
19695,3,train
19740,3,train
19881,3,train
20314,3,train
20471,3,train
21275,3,train
21577,3,train
15,3,validation
3116,3,validation
5412,3,validation
14370,3,validation
9643,3,validation
12702,3,validation
20814,3,validation
134,3,validation
352,3,validation
1016,3,validation
2121,3,validation
2684,3,validation
3574,3,validation
4489,3,validation
5261,3,validation
5442,3,validation
5781,3,validation
5916,3,validation
5955,3,validation
6050,3,validation
6178,3,validation
6412,3,validation
6895,3,validation
7947,3,validation
8091,3,validation
8137,3,validation
8227,3,validation
8375,3,validation
8776,3,validation
8779,3,validation
8905,3,validation
8986,3,validation
9274,3,validation
9678,3,validation
10672,3,validation
10771,3,validation
11382,3,validation
11813,3,validation
11970,3,validation
13554,3,validation
13778,3,validation
13954,3,validation
14051,3,validation
15367,3,validation
15374,3,validation
15624,3,validation
15802,3,validation
16401,3,validation
17481,3,validation
17854,3,validation
17911,3,validation
19046,3,validation
19884,3,validation
21604,3,validation
242,3,validation
276,3,validation
492,3,validation
578,3,validation
677,3,validation
1083,3,validation
1325,3,validation
1894,3,validation
2001,3,validation
2375,3,validation
2858,3,validation
3019,3,validation
3027,3,validation
3193,3,validation
3269,3,validation
3392,3,validation
3404,3,validation
3539,3,validation
4939,3,validation
4944,3,validation
5148,3,validation
5428,3,validation
5688,3,validation
5761,3,validation
6350,3,validation
6438,3,validation
6782,3,validation
6815,3,validation
7010,3,validation
8194,3,validation
8463,3,validation
8483,3,validation
9197,3,validation
9411,3,validation
9858,3,validation
10269,3,validation
11015,3,validation
11167,3,validation
11188,3,validation
11467,3,validation
11476,3,validation
12043,3,validation
12221,3,validation
12240,3,validation
12809,3,validation
14769,3,validation
15145,3,validation
15439,3,validation
15981,3,validation
16693,3,validation
17328,3,validation
18360,3,validation
19186,3,validation
19784,3,validation
19959,3,validation
19969,3,validation
21170,3,validation
83,3,validation
459,3,validation
496,3,validation
1428,3,validation
2219,3,validation
2844,3,validation
2933,3,validation
3062,3,validation
3198,3,validation
3802,3,validation
4774,3,validation
5218,3,validation
5322,3,validation
5326,3,validation
5666,3,validation
6310,3,validation
6370,3,validation
6946,3,validation
7293,3,validation
8265,3,validation
8741,3,validation
8971,3,validation
9270,3,validation
9532,3,validation
9806,3,validation
10344,3,validation
10980,3,validation
11119,3,validation
11614,3,validation
11723,3,validation
11744,3,validation
11776,3,validation
12036,3,validation
12306,3,validation
12641,3,validation
13164,3,validation
13282,3,validation
13669,3,validation
14171,3,validation
14321,3,validation
15166,3,validation
15425,3,validation
15614,3,validation
15705,3,validation
16195,3,validation
17289,3,validation
17323,3,validation
17666,3,validation
17790,3,validation
18094,3,validation
18444,3,validation
18588,3,validation
18813,3,validation
18969,3,validation
19211,3,validation
20320,3,validation
20517,3,validation
20856,3,validation
21408,3,validation
1752,3,validation
2544,3,validation
2697,3,validation
2707,3,validation
2755,3,validation
3194,3,validation
3249,3,validation
3292,3,validation
4296,3,validation
5052,3,validation
6105,3,validation
6448,3,validation
6742,3,validation
6931,3,validation
7231,3,validation
7331,3,validation
7529,3,validation
7634,3,validation
7908,3,validation
8949,3,validation
10011,3,validation
12145,3,validation
12333,3,validation
12574,3,validation
12910,3,validation
13469,3,validation
13571,3,validation
13732,3,validation
13820,3,validation
13996,3,validation
14449,3,validation
14678,3,validation
15264,3,validation
18001,3,validation
18215,3,validation
18380,3,validation
18438,3,validation
19115,3,validation
19659,3,validation
20324,3,validation
20427,3,validation
21239,3,validation
21329,3,validation
365,3,validation
1619,3,validation
2220,3,validation
3187,3,validation
3420,3,validation
3775,3,validation
6318,3,validation
6518,3,validation
6582,3,validation
6683,3,validation
7255,3,validation
7765,3,validation
8067,3,validation
8623,3,validation
8660,3,validation
10172,3,validation
11594,3,validation
12155,3,validation
12296,3,validation
12464,3,validation
13020,3,validation
13411,3,validation
14152,3,validation
16054,3,validation
16199,3,validation
16242,3,validation
16773,3,validation
17636,3,validation
17903,3,validation
18134,3,validation
18251,3,validation
18656,3,validation
20013,3,validation
20130,3,validation
21568,3,validation
13358,3,validation
18014,3,validation
20158,3,validation
323,3,validation
507,3,validation
758,3,validation
972,3,validation
1055,3,validation
1076,3,validation
1321,3,validation
2102,3,validation
2103,3,validation
2879,3,validation
2899,3,validation
3330,3,validation
3523,3,validation
3710,3,validation
3831,3,validation
5337,3,validation
5347,3,validation
5552,3,validation
5727,3,validation
6212,3,validation
6898,3,validation
7187,3,validation
7696,3,validation
8065,3,validation
10298,3,validation
10546,3,validation
11172,3,validation
11234,3,validation
12092,3,validation
12259,3,validation
12710,3,validation
12798,3,validation
14196,3,validation
15174,3,validation
15179,3,validation
15474,3,validation
15524,3,validation
16430,3,validation
16619,3,validation
16753,3,validation
17472,3,validation
17702,3,validation
20331,3,validation
20488,3,validation
20649,3,validation
20665,3,validation
21103,3,validation
21436,3,validation
1715,3,validation
1753,3,validation
1848,3,validation
1925,3,validation
2155,3,validation
2260,3,validation
3395,3,validation
3481,3,validation
3616,3,validation
3781,3,validation
3798,3,validation
3828,3,validation
3838,3,validation
4102,3,validation
4571,3,validation
4847,3,validation
5126,3,validation
5316,3,validation
5400,3,validation
5414,3,validation
5544,3,validation
6846,3,validation
7902,3,validation
8160,3,validation
8386,3,validation
8424,3,validation
8772,3,validation
9222,3,validation
11558,3,validation
12408,3,validation
12764,3,validation
12964,3,validation
13619,3,validation
15447,3,validation
15678,3,validation
16062,3,validation
16254,3,validation
17128,3,validation
17336,3,validation
18152,3,validation
18616,3,validation
19072,3,validation
19943,3,validation
20854,3,validation
21425,3,validation
21501,3,validation
601,3,validation
1137,3,validation
1391,3,validation
1462,3,validation
1564,3,validation
1713,3,validation
2583,3,validation
3270,3,validation
3586,3,validation
4389,3,validation
4639,3,validation
4906,3,validation
5009,3,validation
5413,3,validation
5575,3,validation
5579,3,validation
5599,3,validation
5879,3,validation
6243,3,validation
6524,3,validation
6834,3,validation
7111,3,validation
7115,3,validation
7586,3,validation
8014,3,validation
8057,3,validation
8063,3,validation
8308,3,validation
8913,3,validation
9343,3,validation
9502,3,validation
10048,3,validation
10765,3,validation
10784,3,validation
10869,3,validation
10911,3,validation
10953,3,validation
11810,3,validation
12772,3,validation
13071,3,validation
13266,3,validation
14384,3,validation
14986,3,validation
15318,3,validation
16146,3,validation
16421,3,validation
17836,3,validation
18048,3,validation
18421,3,validation
19262,3,validation
20355,3,validation
20572,3,validation
21026,3,validation
53,3,validation
207,3,validation
491,3,validation
933,3,validation
936,3,validation
1074,3,validation
1407,3,validation
1493,3,validation
1768,3,validation
1957,3,validation
3119,3,validation
3136,3,validation
3250,3,validation
3443,3,validation
4558,3,validation
4694,3,validation
5559,3,validation
5561,3,validation
6539,3,validation
7666,3,validation
8008,3,validation
8364,3,validation
9046,3,validation
9507,3,validation
9703,3,validation
9920,3,validation
10145,3,validation
10302,3,validation
10811,3,validation
10922,3,validation
10962,3,validation
12671,3,validation
12911,3,validation
13077,3,validation
13926,3,validation
14618,3,validation
15198,3,validation
15498,3,validation
15500,3,validation
15824,3,validation
15959,3,validation
16534,3,validation
16750,3,validation
17263,3,validation
17644,3,validation
18047,3,validation
18280,3,validation
19014,3,validation
20274,3,validation
20643,3,validation
20804,3,validation
607,3,validation
1115,3,validation
1134,3,validation
1418,3,validation
2197,3,validation
2634,3,validation
2752,3,validation
3830,3,validation
3884,3,validation
4493,3,validation
4757,3,validation
4919,3,validation
5017,3,validation
5686,3,validation
5777,3,validation
6010,3,validation
6354,3,validation
6377,3,validation
6392,3,validation
6446,3,validation
6649,3,validation
6960,3,validation
7179,3,validation
7537,3,validation
9139,3,validation
9373,3,validation
9418,3,validation
9789,3,validation
9790,3,validation
9856,3,validation
9869,3,validation
10728,3,validation
10810,3,validation
11808,3,validation
12346,3,validation
12492,3,validation
12497,3,validation
13014,3,validation
13340,3,validation
14305,3,validation
15326,3,validation
16763,3,validation
17058,3,validation
17382,3,validation
17647,3,validation
17744,3,validation
17835,3,validation
19678,3,validation
19860,3,validation
20497,3,validation
21035,3,validation
4609,3,validation
18247,3,validation
19631,3,validation
287,3,validation
310,3,validation
774,3,validation
946,3,validation
1222,3,validation
1282,3,validation
2138,3,validation
3475,3,validation
3729,3,validation
4285,3,validation
4300,3,validation
5386,3,validation
5509,3,validation
6501,3,validation
6573,3,validation
6809,3,validation
7340,3,validation
7542,3,validation
8698,3,validation
8774,3,validation
8817,3,validation
9417,3,validation
9457,3,validation
9458,3,validation
9679,3,validation
9819,3,validation
9996,3,validation
10185,3,validation
10541,3,validation
10895,3,validation
11267,3,validation
11567,3,validation
12272,3,validation
12350,3,validation
12534,3,validation
12726,3,validation
13085,3,validation
13583,3,validation
13765,3,validation
14812,3,validation
14844,3,validation
14846,3,validation
15458,3,validation
17135,3,validation
17518,3,validation
17932,3,validation
18074,3,validation
18086,3,validation
18847,3,validation
19023,3,validation
19646,3,validation
20313,3,validation
20366,3,validation
20631,3,validation
21020,3,validation
21346,3,validation
175,3,validation
489,3,validation
504,3,validation
830,3,validation
1091,3,validation
1741,3,validation
2082,3,validation
2421,3,validation
2489,3,validation
2846,3,validation
2993,3,validation
3682,3,validation
4078,3,validation
4641,3,validation
5748,3,validation
6715,3,validation
7346,3,validation
7357,3,validation
7446,3,validation
7884,3,validation
7909,3,validation
8228,3,validation
9026,3,validation
9249,3,validation
9498,3,validation
9689,3,validation
9702,3,validation
10469,3,validation
10510,3,validation
10818,3,validation
10889,3,validation
10896,3,validation
11347,3,validation
12688,3,validation
12833,3,validation
12942,3,validation
13011,3,validation
13250,3,validation
13263,3,validation
13990,3,validation
15117,3,validation
15200,3,validation
15693,3,validation
15985,3,validation
16557,3,validation
17389,3,validation
18022,3,validation
18354,3,validation
18669,3,validation
19410,3,validation
19668,3,validation
20911,3,validation
21112,3,validation
21253,3,validation
257,3,validation
873,3,validation
1513,3,validation
1852,3,validation
1914,3,validation
1931,3,validation
2120,3,validation
2565,3,validation
2909,3,validation
3042,3,validation
3334,3,validation
3854,3,validation
4123,3,validation
4173,3,validation
4767,3,validation
4905,3,validation
5229,3,validation
5479,3,validation
6700,3,validation
8701,3,validation
9251,3,validation
10367,3,validation
10658,3,validation
11249,3,validation
11265,3,validation
11463,3,validation
11611,3,validation
11757,3,validation
12087,3,validation
12722,3,validation
13484,3,validation
13808,3,validation
14323,3,validation
14351,3,validation
14517,3,validation
15196,3,validation
15598,3,validation
15610,3,validation
15776,3,validation
16183,3,validation
16261,3,validation
16315,3,validation
16379,3,validation
16449,3,validation
16540,3,validation
17277,3,validation
17477,3,validation
18182,3,validation
18356,3,validation
18391,3,validation
18751,3,validation
18833,3,validation
18876,3,validation
19287,3,validation
19356,3,validation
19720,3,validation
19879,3,validation
20378,3,validation
20689,3,validation
20720,3,validation
21217,3,validation
245,3,validation
414,3,validation
881,3,validation
1451,3,validation
1569,3,validation
2624,3,validation
2810,3,validation
2994,3,validation
3761,3,validation
4980,3,validation
4981,3,validation
5737,3,validation
5848,3,validation
6487,3,validation
6698,3,validation
7093,3,validation
7500,3,validation
7577,3,validation
8134,3,validation
8174,3,validation
8311,3,validation
8315,3,validation
8435,3,validation
9163,3,validation
11072,3,validation
11154,3,validation
11493,3,validation
11637,3,validation
12160,3,validation
12758,3,validation
12767,3,validation
13547,3,validation
13668,3,validation
14282,3,validation
14705,3,validation
15013,3,validation
15258,3,validation
15286,3,validation
15669,3,validation
17040,3,validation
18078,3,validation
19320,3,validation
19777,3,validation
19835,3,validation
20447,3,validation
20934,3,validation
21106,3,validation
21164,3,validation
38,3,validation
471,3,validation
594,3,validation
876,3,validation
1129,3,validation
1511,3,validation
2013,3,validation
2239,3,validation
3066,3,validation
3303,3,validation
3607,3,validation
3685,3,validation
3842,3,validation
3882,3,validation
3981,3,validation
4061,3,validation
4740,3,validation
4770,3,validation
5020,3,validation
6776,3,validation
6832,3,validation
6845,3,validation
7024,3,validation
7392,3,validation
8198,3,validation
8614,3,validation
9175,3,validation
9490,3,validation
9677,3,validation
9722,3,validation
9914,3,validation
10135,3,validation
10207,3,validation
10678,3,validation
10966,3,validation
11022,3,validation
11062,3,validation
11216,3,validation
11536,3,validation
12245,3,validation
12273,3,validation
12941,3,validation
13301,3,validation
13703,3,validation
13841,3,validation
14040,3,validation
14562,3,validation
14991,3,validation
15226,3,validation
15280,3,validation
15618,3,validation
15639,3,validation
15855,3,validation
15943,3,validation
16037,3,validation
16071,3,validation
16257,3,validation
17473,3,validation
17600,3,validation
18373,3,validation
18544,3,validation
19010,3,validation
19081,3,validation
19274,3,validation
19811,3,validation
19853,3,validation
21264,3,validation
21412,3,validation
1392,3,validation
11142,3,validation
13078,3,validation
17236,3,validation
4085,3,validation
7069,3,validation
7137,3,validation
14373,3,validation
18283,3,validation
19370,3,validation
51,3,validation
305,3,validation
1149,3,validation
1427,3,validation
1758,3,validation
1887,3,validation
1923,3,validation
2324,3,validation
2422,3,validation
2854,3,validation
2881,3,validation
3041,3,validation
3313,3,validation
3440,3,validation
3466,3,validation
3565,3,validation
3673,3,validation
5042,3,validation
5230,3,validation
5773,3,validation
6118,3,validation
6201,3,validation
6283,3,validation
6682,3,validation
6933,3,validation
7378,3,validation
7475,3,validation
7528,3,validation
7926,3,validation
7999,3,validation
9063,3,validation
10512,3,validation
10670,3,validation
11077,3,validation
11134,3,validation
11165,3,validation
11171,3,validation
11489,3,validation
11504,3,validation
12289,3,validation
12384,3,validation
12602,3,validation
12887,3,validation
12950,3,validation
12991,3,validation
13091,3,validation
13216,3,validation
13387,3,validation
14146,3,validation
14248,3,validation
14936,3,validation
15867,3,validation
15914,3,validation
16001,3,validation
16174,3,validation
16246,3,validation
16532,3,validation
16915,3,validation
17521,3,validation
17597,3,validation
17765,3,validation
17935,3,validation
18628,3,validation
19092,3,validation
19165,3,validation
19245,3,validation
20318,3,validation
20398,3,validation
21528,3,validation
4,3,validation
534,3,validation
535,3,validation
540,3,validation
824,3,validation
904,3,validation
1302,3,validation
1626,3,validation
1900,3,validation
1920,3,validation
2185,3,validation
2327,3,validation
2770,3,validation
2773,3,validation
3039,3,validation
3224,3,validation
3525,3,validation
3642,3,validation
3889,3,validation
3894,3,validation
4271,3,validation
4784,3,validation
4807,3,validation
4864,3,validation
5145,3,validation
5268,3,validation
5482,3,validation
5868,3,validation
5886,3,validation
5925,3,validation
6115,3,validation
6560,3,validation
7314,3,validation
7317,3,validation
7820,3,validation
7974,3,validation
8040,3,validation
8051,3,validation
8104,3,validation
8216,3,validation
9664,3,validation
9675,3,validation
10128,3,validation
10693,3,validation
10712,3,validation
10950,3,validation
11243,3,validation
11844,3,validation
11855,3,validation
11881,3,validation
11917,3,validation
12082,3,validation
12369,3,validation
12500,3,validation
12573,3,validation
12653,3,validation
12707,3,validation
13317,3,validation
13545,3,validation
13560,3,validation
13742,3,validation
14813,3,validation
14874,3,validation
15680,3,validation
16383,3,validation
16486,3,validation
16541,3,validation
16706,3,validation
17196,3,validation
17291,3,validation
17675,3,validation
17725,3,validation
17915,3,validation
18254,3,validation
18720,3,validation
19185,3,validation
19250,3,validation
19281,3,validation
19316,3,validation
19547,3,validation
19682,3,validation
19733,3,validation
19882,3,validation
20828,3,validation
20924,3,validation
21127,3,validation
166,3,validation
1221,3,validation
1291,3,validation
1416,3,validation
2300,3,validation
2725,3,validation
3108,3,validation
3155,3,validation
3389,3,validation
4067,3,validation
4274,3,validation
4541,3,validation
4949,3,validation
5133,3,validation
5549,3,validation
5735,3,validation
6597,3,validation
6757,3,validation
6810,3,validation
6907,3,validation
6943,3,validation
6995,3,validation
7210,3,validation
7494,3,validation
7513,3,validation
7530,3,validation
7605,3,validation
7744,3,validation
7819,3,validation
8203,3,validation
8385,3,validation
8570,3,validation
8595,3,validation
8653,3,validation
8708,3,validation
9135,3,validation
9224,3,validation
9259,3,validation
10020,3,validation
10089,3,validation
10336,3,validation
11145,3,validation
12075,3,validation
12435,3,validation
12691,3,validation
13114,3,validation
13126,3,validation
13194,3,validation
13382,3,validation
13398,3,validation
13722,3,validation
13835,3,validation
14337,3,validation
14653,3,validation
14770,3,validation
14903,3,validation
15950,3,validation
16211,3,validation
17011,3,validation
17048,3,validation
17187,3,validation
17283,3,validation
17664,3,validation
18144,3,validation
18509,3,validation
18889,3,validation
19434,3,validation
19438,3,validation
20181,3,validation
20337,3,validation
20867,3,validation
21050,3,validation
21422,3,validation
21539,3,validation
21607,3,validation
1038,3,validation
1103,3,validation
1472,3,validation
1637,3,validation
1773,3,validation
2440,3,validation
2469,3,validation
2733,3,validation
3163,3,validation
3690,3,validation
3978,3,validation
3994,3,validation
4326,3,validation
4496,3,validation
4630,3,validation
4921,3,validation
5081,3,validation
5130,3,validation
5134,3,validation
5468,3,validation
5493,3,validation
6061,3,validation
6091,3,validation
6301,3,validation
6824,3,validation
7159,3,validation
7565,3,validation
7785,3,validation
8301,3,validation
8908,3,validation
9212,3,validation
9420,3,validation
9634,3,validation
9975,3,validation
10320,3,validation
10404,3,validation
10699,3,validation
11254,3,validation
11432,3,validation
11522,3,validation
11552,3,validation
11669,3,validation
11781,3,validation
12309,3,validation
12358,3,validation
12362,3,validation
12541,3,validation
12810,3,validation
12818,3,validation
13036,3,validation
13592,3,validation
13609,3,validation
14808,3,validation
15549,3,validation
15954,3,validation
16356,3,validation
16764,3,validation
17330,3,validation
17696,3,validation
18719,3,validation
19349,3,validation
19537,3,validation
19787,3,validation
19869,3,validation
19994,3,validation
20185,3,validation
20618,3,validation
21023,3,validation
21071,3,validation
21216,3,validation
21307,3,validation
21430,3,validation
216,3,validation
2625,3,validation
4073,3,validation
452,3,validation
6432,3,validation
7363,3,validation
12222,3,validation
14438,3,validation
15231,3,validation
16190,3,validation
18200,3,validation
19445,3,validation
19892,3,validation
20050,3,validation
20121,3,validation
21376,3,validation
59,3,validation
1797,3,validation
1801,3,validation
2252,3,validation
3977,3,validation
4655,3,validation
4889,3,validation
5136,3,validation
5266,3,validation
5583,3,validation
5653,3,validation
5855,3,validation
5983,3,validation
6137,3,validation
6617,3,validation
6950,3,validation
7554,3,validation
7673,3,validation
7736,3,validation
7866,3,validation
8631,3,validation
8726,3,validation
9027,3,validation
10217,3,validation
10400,3,validation
10514,3,validation
10792,3,validation
10801,3,validation
11501,3,validation
11661,3,validation
12820,3,validation
13504,3,validation
13518,3,validation
14244,3,validation
14578,3,validation
15168,3,validation
15201,3,validation
15486,3,validation
15634,3,validation
16042,3,validation
16101,3,validation
16229,3,validation
16487,3,validation
17429,3,validation
17503,3,validation
17615,3,validation
17690,3,validation
17825,3,validation
17908,3,validation
17927,3,validation
18016,3,validation
18026,3,validation
18327,3,validation
18425,3,validation
18463,3,validation
18761,3,validation
19277,3,validation
19598,3,validation
19890,3,validation
19999,3,validation
20095,3,validation
20494,3,validation
20555,3,validation
20624,3,validation
20813,3,validation
20831,3,validation
20883,3,validation
20913,3,validation
21047,3,validation
21374,3,validation
21609,3,validation
291,3,validation
403,3,validation
532,3,validation
604,3,validation
689,3,validation
736,3,validation
748,3,validation
799,3,validation
1141,3,validation
1505,3,validation
2608,3,validation
2671,3,validation
2808,3,validation
3022,3,validation
3147,3,validation
3200,3,validation
3241,3,validation
3544,3,validation
4269,3,validation
4880,3,validation
4946,3,validation
5357,3,validation
5518,3,validation
5601,3,validation
5605,3,validation
6070,3,validation
6251,3,validation
6332,3,validation
6343,3,validation
6405,3,validation
6478,3,validation
6640,3,validation
6811,3,validation
6910,3,validation
7403,3,validation
7588,3,validation
8036,3,validation
8079,3,validation
8117,3,validation
8142,3,validation
8761,3,validation
8972,3,validation
9086,3,validation
9108,3,validation
9112,3,validation
9151,3,validation
9461,3,validation
9805,3,validation
9973,3,validation
10062,3,validation
10314,3,validation
10402,3,validation
10827,3,validation
10970,3,validation
11136,3,validation
11317,3,validation
11364,3,validation
11699,3,validation
12166,3,validation
12175,3,validation
12626,3,validation
12690,3,validation
12932,3,validation
13056,3,validation
13631,3,validation
14090,3,validation
14238,3,validation
14243,3,validation
14325,3,validation
14421,3,validation
14441,3,validation
14832,3,validation
14833,3,validation
15699,3,validation
15829,3,validation
16201,3,validation
16226,3,validation
16327,3,validation
16367,3,validation
16543,3,validation
16692,3,validation
16981,3,validation
17515,3,validation
18178,3,validation
18519,3,validation
18567,3,validation
18641,3,validation
19013,3,validation
19061,3,validation
19178,3,validation
19565,3,validation
19909,3,validation
20361,3,validation
20653,3,validation
20795,3,validation
20822,3,validation
21200,3,validation
21366,3,validation
2,3,validation
427,3,validation
623,3,validation
780,3,validation
989,3,validation
1541,3,validation
1742,3,validation
2269,3,validation
2306,3,validation
2503,3,validation
2572,3,validation
2632,3,validation
2677,3,validation
2877,3,validation
3223,3,validation
3283,3,validation
3556,3,validation
3720,3,validation
4138,3,validation
4591,3,validation
4703,3,validation
5053,3,validation
5161,3,validation
5341,3,validation
5500,3,validation
5724,3,validation
5807,3,validation
5941,3,validation
6065,3,validation
6236,3,validation
6484,3,validation
6631,3,validation
7160,3,validation
7181,3,validation
7190,3,validation
7515,3,validation
8062,3,validation
8069,3,validation
8413,3,validation
8827,3,validation
8858,3,validation
9070,3,validation
9349,3,validation
9654,3,validation
10098,3,validation
10299,3,validation
10425,3,validation
10473,3,validation
10597,3,validation
10694,3,validation
11291,3,validation
11309,3,validation
11318,3,validation
11359,3,validation
11643,3,validation
11960,3,validation
12015,3,validation
12238,3,validation
12269,3,validation
12431,3,validation
13133,3,validation
13199,3,validation
13217,3,validation
13351,3,validation
13512,3,validation
15240,3,validation
15385,3,validation
15788,3,validation
16292,3,validation
16525,3,validation
16687,3,validation
16749,3,validation
17078,3,validation
17245,3,validation
17456,3,validation
17642,3,validation
17749,3,validation
17846,3,validation
17875,3,validation
18217,3,validation
18336,3,validation
18473,3,validation
18526,3,validation
18539,3,validation
19222,3,validation
19651,3,validation
20060,3,validation
20179,3,validation
20224,3,validation
20225,3,validation
20326,3,validation
20444,3,validation
20849,3,validation
21034,3,validation
21456,3,validation
92,3,validation
247,3,validation
1039,3,validation
1430,3,validation
2181,3,validation
2494,3,validation
3050,3,validation
3051,3,validation
3130,3,validation
3171,3,validation
3281,3,validation
3635,3,validation
3839,3,validation
3953,3,validation
5774,3,validation
5852,3,validation
6406,3,validation
6835,3,validation
7106,3,validation
7186,3,validation
7607,3,validation
8140,3,validation
8405,3,validation
8599,3,validation
9653,3,validation
10133,3,validation
10195,3,validation
10549,3,validation
11174,3,validation
11772,3,validation
12054,3,validation
12739,3,validation
12956,3,validation
13195,3,validation
13207,3,validation
13654,3,validation
13751,3,validation
13773,3,validation
14173,3,validation
14177,3,validation
14632,3,validation
15312,3,validation
15653,3,validation
15726,3,validation
16472,3,validation
17272,3,validation
17582,3,validation
17590,3,validation
17614,3,validation
17976,3,validation
18253,3,validation
18711,3,validation
19425,3,validation
20211,3,validation
20283,3,validation
20463,3,validation
20991,3,validation
21140,3,validation
21533,3,validation
21565,3,validation
144,3,validation
281,3,validation
763,3,validation
1242,3,validation
1356,3,validation
1499,3,validation
1698,3,validation
1958,3,validation
3025,3,validation
3138,3,validation
3185,3,validation
4569,3,validation
4642,3,validation
4772,3,validation
5966,3,validation
6139,3,validation
6781,3,validation
6876,3,validation
7251,3,validation
7371,3,validation
9481,3,validation
9911,3,validation
10045,3,validation
10131,3,validation
11023,3,validation
11086,3,validation
11492,3,validation
12382,3,validation
13312,3,validation
13670,3,validation
14555,3,validation
15245,3,validation
16308,3,validation
17211,3,validation
17281,3,validation
17688,3,validation
17850,3,validation
18355,3,validation
19667,3,validation
19939,3,validation
20508,3,validation
20532,3,validation
20560,3,validation
20972,3,validation
21006,3,validation
21283,3,validation
21296,3,validation
21514,3,validation
21542,3,validation
308,3,validation
2750,3,validation
5214,3,validation
14760,3,validation
21306,3,validation
9015,3,validation
12313,3,validation
16600,3,validation
18100,3,validation
19176,3,validation
19344,3,validation
29,3,validation
125,3,validation
1419,3,validation
2179,3,validation
2474,3,validation
4180,3,validation
5012,3,validation
5364,3,validation
6072,3,validation
6239,3,validation
6295,3,validation
7145,3,validation
7383,3,validation
8642,3,validation
8795,3,validation
8951,3,validation
10044,3,validation
10468,3,validation
10523,3,validation
11606,3,validation
11641,3,validation
11716,3,validation
11734,3,validation
11778,3,validation
12148,3,validation
13073,3,validation
13796,3,validation
14472,3,validation
15457,3,validation
15619,3,validation
16515,3,validation
16580,3,validation
16713,3,validation
17102,3,validation
18404,3,validation
18742,3,validation
19599,3,validation
19736,3,validation
20220,3,validation
20395,3,validation
20690,3,validation
21418,3,validation
21522,3,validation
54,3,validation
204,3,validation
229,3,validation
640,3,validation
863,3,validation
1788,3,validation
1829,3,validation
2425,3,validation
2545,3,validation
2870,3,validation
2897,3,validation
3227,3,validation
4214,3,validation
5768,3,validation
6359,3,validation
6553,3,validation
6613,3,validation
6823,3,validation
6853,3,validation
7379,3,validation
7405,3,validation
7661,3,validation
7992,3,validation
8255,3,validation
8453,3,validation
8489,3,validation
8967,3,validation
9091,3,validation
9207,3,validation
9221,3,validation
9397,3,validation
9740,3,validation
10487,3,validation
11248,3,validation
11451,3,validation
11605,3,validation
12099,3,validation
13342,3,validation
13505,3,validation
13622,3,validation
13636,3,validation
13967,3,validation
14203,3,validation
14665,3,validation
17047,3,validation
17380,3,validation
18368,3,validation
18503,3,validation
19097,3,validation
19139,3,validation
19303,3,validation
19466,3,validation
19524,3,validation
19662,3,validation
19680,3,validation
19893,3,validation
19956,3,validation
20138,3,validation
20708,3,validation
21061,3,validation
21248,3,validation
21321,3,validation
21420,3,validation
111,3,validation
162,3,validation
297,3,validation
693,3,validation
714,3,validation
785,3,validation
794,3,validation
848,3,validation
991,3,validation
1636,3,validation
1863,3,validation
2007,3,validation
2890,3,validation
3188,3,validation
3197,3,validation
3320,3,validation
3699,3,validation
4039,3,validation
4134,3,validation
4187,3,validation
4577,3,validation
4805,3,validation
4811,3,validation
4869,3,validation
4994,3,validation
5854,3,validation
6294,3,validation
6411,3,validation
6428,3,validation
6567,3,validation
6812,3,validation
6825,3,validation
7135,3,validation
7355,3,validation
7510,3,validation
7645,3,validation
7709,3,validation
7979,3,validation
7997,3,validation
8015,3,validation
8324,3,validation
8369,3,validation
8679,3,validation
9227,3,validation
9471,3,validation
9559,3,validation
10313,3,validation
10366,3,validation
10381,3,validation
10474,3,validation
10807,3,validation
10961,3,validation
11288,3,validation
11738,3,validation
11931,3,validation
11994,3,validation
12192,3,validation
12969,3,validation
13010,3,validation
13089,3,validation
13260,3,validation
13827,3,validation
13832,3,validation
13873,3,validation
14012,3,validation
14185,3,validation
14510,3,validation
14782,3,validation
14784,3,validation
14829,3,validation
15135,3,validation
15147,3,validation
15157,3,validation
15937,3,validation
16040,3,validation
16141,3,validation
16170,3,validation
16452,3,validation
16475,3,validation
16621,3,validation
16720,3,validation
17284,3,validation
17575,3,validation
17946,3,validation
18093,3,validation
18174,3,validation
18190,3,validation
18565,3,validation
18566,3,validation
18727,3,validation
19131,3,validation
19172,3,validation
19460,3,validation
19636,3,validation
20154,3,validation
20163,3,validation
20204,3,validation
20343,3,validation
21327,3,validation
21410,3,validation
108,3,validation
461,3,validation
511,3,validation
872,3,validation
931,3,validation
1029,3,validation
1441,3,validation
1787,3,validation
1884,3,validation
2167,3,validation
2340,3,validation
2668,3,validation
2805,3,validation
2828,3,validation
3422,3,validation
3777,3,validation
3779,3,validation
3991,3,validation
4036,3,validation
4352,3,validation
4419,3,validation
4485,3,validation
4959,3,validation
5433,3,validation
5683,3,validation
5890,3,validation
6225,3,validation
6431,3,validation
6969,3,validation
7466,3,validation
7476,3,validation
7978,3,validation
8074,3,validation
8378,3,validation
8491,3,validation
8722,3,validation
8916,3,validation
9121,3,validation
9233,3,validation
9446,3,validation
9730,3,validation
9739,3,validation
11789,3,validation
12347,3,validation
12532,3,validation
12567,3,validation
12724,3,validation
13210,3,validation
13299,3,validation
14254,3,validation
14326,3,validation
14765,3,validation
14990,3,validation
15128,3,validation
15210,3,validation
15214,3,validation
15817,3,validation
15850,3,validation
16380,3,validation
16714,3,validation
16926,3,validation
17174,3,validation
17320,3,validation
18085,3,validation
18159,3,validation
18192,3,validation
18325,3,validation
18436,3,validation
18693,3,validation
18797,3,validation
19551,3,validation
19630,3,validation
19694,3,validation
20277,3,validation
20298,3,validation
20836,3,validation
21223,3,validation
21587,3,validation
400,3,validation
948,3,validation
1109,3,validation
1859,3,validation
2473,3,validation
3111,3,validation
3352,3,validation
3783,3,validation
4114,3,validation
4465,3,validation
5333,3,validation
5343,3,validation
5376,3,validation
5467,3,validation
6095,3,validation
8250,3,validation
8293,3,validation
8784,3,validation
8807,3,validation
9012,3,validation
9172,3,validation
10067,3,validation
10191,3,validation
10224,3,validation
10472,3,validation
10718,3,validation
10921,3,validation
11335,3,validation
11488,3,validation
12055,3,validation
12076,3,validation
12255,3,validation
12536,3,validation
12863,3,validation
13290,3,validation
13309,3,validation
13413,3,validation
13513,3,validation
13729,3,validation
14071,3,validation
14425,3,validation
15172,3,validation
15831,3,validation
16091,3,validation
16312,3,validation
16461,3,validation
17262,3,validation
17568,3,validation
17842,3,validation
18176,3,validation
18281,3,validation
18710,3,validation
19525,3,validation
19945,3,validation
20287,3,validation
20455,3,validation
20711,3,validation
21152,3,validation
6369,3,validation
9803,3,validation
11141,3,validation
18846,3,validation
15066,3,validation
161,3,validation
226,3,validation
396,3,validation
1153,3,validation
1173,3,validation
1339,3,validation
1618,3,validation
1883,3,validation
2029,3,validation
2207,3,validation
2331,3,validation
2662,3,validation
2780,3,validation
3794,3,validation
3858,3,validation
4142,3,validation
4337,3,validation
4409,3,validation
4670,3,validation
5073,3,validation
5740,3,validation
6055,3,validation
6458,3,validation
6680,3,validation
6681,3,validation
6746,3,validation
6891,3,validation
7044,3,validation
7247,3,validation
7482,3,validation
7719,3,validation
8269,3,validation
8317,3,validation
8759,3,validation
8778,3,validation
8893,3,validation
8911,3,validation
9917,3,validation
9992,3,validation
10389,3,validation
10506,3,validation
10719,3,validation
10760,3,validation
11109,3,validation
11554,3,validation
11646,3,validation
12295,3,validation
13015,3,validation
13268,3,validation
13522,3,validation
14376,3,validation
15224,3,validation
15600,3,validation
15767,3,validation
15910,3,validation
15990,3,validation
15991,3,validation
16118,3,validation
16536,3,validation
16813,3,validation
17631,3,validation
17940,3,validation
18442,3,validation
18591,3,validation
19527,3,validation
19872,3,validation
20910,3,validation
21273,3,validation
8904,3,excluded_overlap
6630,3,excluded_overlap
9506,3,excluded_overlap
11287,3,excluded_overlap
20180,3,excluded_overlap
12434,3,excluded_overlap
15801,3,excluded_overlap
12832,3,excluded_overlap
2564,3,excluded_overlap
10969,3,excluded_overlap
12332,3,excluded_overlap
11061,3,excluded_overlap
3793,3,excluded_overlap
11775,3,excluded_overlap
15199,3,excluded_overlap
16000,3,excluded_overlap
5340,3,excluded_overlap
15146,3,excluded_overlap
1450,3,excluded_overlap
13298,3,excluded_overlap
17280,3,excluded_overlap
17381,3,excluded_overlap
2502,3,excluded_overlap
17290,3,excluded_overlap
18564,3,excluded_overlap
1128,3,excluded_overlap
7178,3,excluded_overlap
10319,3,excluded_overlap
12955,3,excluded_overlap
823,3,excluded_overlap
2631,3,excluded_overlap
9120,3,excluded_overlap
9489,3,excluded_overlap
15156,3,excluded_overlap
5723,3,excluded_overlap
8915,3,excluded_overlap
2493,3,excluded_overlap
4077,3,excluded_overlap
8630,3,excluded_overlap
