source_row,bedrooms,bathrooms,sqft_living,sqft_lot,floors,waterfront,view,condition,grade,sqft_above,sqft_basement,yr_built,yr_renovated,zipcode,lat,long,sqft_living15,sqft_lot15,ppltn_qty,urbn_ppltn_qty,sbrbn_ppltn_qty,farm_ppltn_qty,non_farm_qty,medn_hshld_incm_amt,medn_incm_per_prsn_amt,edctn_less_than_9_qty,edctn_9_12_qty,edctn_high_schl_qty,edctn_some_clg_qty,edctn_assoc_dgre_qty,edctn_bchlr_dgre_qty,edctn_prfsnl_qty,per_urbn,per_sbrbn,per_farm,per_non_farm,per_less_than_9,per_9_to_12,per_hsd,per_some_clg,per_assoc,per_bchlr,per_prfsnl,has_recorded_basement,has_renovation_year,basement_area_ratio,living_area_per_bedroom,bathrooms_per_bedroom,log_living_area,log_lot_area,valor_base_log
12280,2.2317303663660667e-05,0.0008820459468848243,0.1027509930322934,0.009583550122752511,0.0019143992457567969,-0.0024386310562428235,-0.0159229343743215,0.027567188389927586,-0.09892957772679696,-0.004983620057517546,-0.010206748661447591,0.014873786394132577,-0.0030436416016527937,0.013463590984647316,0.20361650412466886,0.027335812374953677,-0.004744645258864889,0.014014875936917944,0.0007171320754892473,0.0004124680177577482,-3.5248116517069927e-06,0.0001776442223044052,0.0033127386411548605,0.00038962899252766123,-0.0017193322492149532,-0.0010926084828035189,-0.0005046022273179951,0.0016906649603754807,0.0009440298577979292,0.0012268971069039607,0.0021511709794591284,0.001546138860328848,-4.898131400770616e-06,-3.654618188514535e-06,0.00014784949584219678,0.00011760988239329811,-0.001142436797429547,-0.0010608926775978944,0.0001950524872459762,-0.0006163125130293128,-6.991913658844892e-05,0.05747423905697516,0.05142442000489955,0.00011620875743646515,-0.0002724354071286692,-0.01422142416056949,0.0007728307501784649,-0.016977941409964857,0.025926794639187307,0.005721298876327969,13.042609779806831
6122,0.0015304898077123583,0.005449144063087998,-0.09754908155150852,-0.0033439607545783924,0.004977913033264402,-0.0017319201979940542,-0.011469950596677946,-0.14218392025709534,-0.11240776929278806,-0.01535806762405907,-0.0016106000485994558,-0.010767390719488954,-0.002228867318795912,0.0028676333986209,0.00045343276037703296,0.006860771587169617,-0.03522112922215813,-0.012932541161589975,0.0018693529424929597,0.0003448848046455553,-5.61574043402633e-06,0.0002748804790746891,0.0030118716622368944,-0.0027580480552199713,-0.0022032514679854783,0.011018449993690463,-0.002363711071809655,0.000913770904684163,-0.0016608143845037828,-0.0005171068936244725,0.0021429550783957163,-0.0013902418069906824,0.0015298358294994778,-3.654618188514535e-06,9.229689848687936e-05,0.00023751484141629306,-0.00022958397218579576,-0.007234301384318773,-0.006521491275960387,0.00014837598171826486,-0.00019617992530180324,-0.0743847501830583,0.04061493715896995,-0.00010312931083921906,-0.00019883599794668413,-0.0022015362581093967,0.004227797535214645,-0.00853018035664354,-0.032993203981583154,0.0019297900474135766,13.042609779806831
13330,-0.002710295803066103,-0.009147055751324568,-0.2053553103361337,0.0049369763691864054,0.00457467763618187,-0.001474364341296501,-0.00947055534608958,-0.019331544469818003,-0.1055913142203489,-0.032756469141602525,0.004599676978868722,-0.015625404296486785,-0.0033161807010361347,-0.0018277458555663888,0.09617903495408898,0.031953512190292854,-0.03781345445021543,-0.00996372126866137,0.0001435700075446798,-0.0008687296364313265,-5.744850035126559e-06,0.00023951991069900432,0.0017576386079562556,-0.0008895340694503245,-0.00406908762887908,-4.0701435242182704e-05,-0.0001424489950257388,0.0007752449939948484,-0.0007182735057307855,-0.0003703251567627073,-0.004365730642296398,-0.0033546065890153473,2.2529205395623477e-05,-3.654618188514535e-06,0.00015786979473564222,0.0005049583126267373,-0.002062527647165266,-0.0011692787165729873,0.0036918035889503395,-0.0017649349392312322,-0.00020166177428761217,0.11073918741097231,0.07725851953322815,0.00014741236439884967,-0.00024033366069560726,0.007126924150721702,-0.006213909550322902,-0.003974582155906668,-0.0517401360746656,0.002507444789178847,13.042609779806831
129,0.0013266439732604782,0.005285219861916752,0.03413011710645997,-0.012147426191201351,-0.0012180138208357362,-0.002299293315496949,-0.011953213551888367,-0.024730052992233516,-0.09320941420310488,0.005322590362666849,8.377694060071363e-05,0.005026515714649688,-0.0026721940754636454,-0.0009791776146868424,0.01605214217012245,-0.03297826361054954,0.016495360636115085,0.0011225193981782154,0.005042084446901334,0.0014440324060039614,-5.581125389967299e-06,0.0009015364910198737,-0.0036122373060103142,-0.0016987086274366364,-0.004293533034770593,-0.001401670411543896,0.01049852924731367,0.011362524564455034,0.01902394145027744,0.0025457116949796767,-0.004874097240548073,-0.0029785931681056772,0.003523125792235105,-5.661265053846037e-06,0.00023641462793453434,7.125845846772026e-06,-0.0013137740132900995,-0.0012880106417711124,-0.0026771341134448788,0.00031627404345183476,4.709593752720379e-05,-0.04574882460098975,-0.04737676191070656,-0.00011792914636792919,-9.085298029122214e-05,0.0023305034698751052,-0.0018364583571396813,0.007271747019685729,0.00022450462429628146,-0.004618598277091399,13.042609779806831
18992,0.0037536607511213043,-0.0016154106693307274,0.1601932044060756,0.015705219457496866,-0.00039360028368546013,-0.008692374991782482,0.21995956877564019,0.07665016595070226,0.2916273422565107,0.02632381637062129,0.0013047697498809387,-0.008529735015112307,-0.0018004866852550506,-0.0016588691471725264,0.10076615014152657,-0.047834320015434834,0.07269572822580267,-0.008554296125634022,0.000333183013659156,0.0008617672348385269,-4.069659405336147e-06,0.00016247937182628638,-0.008349826460193993,-0.006815450959777137,6.630240225353916e-05,-0.0010444567588701872,-0.0061407859335621635,-0.00018390172087554091,-0.0030731690631334444,-0.0013785319661282298,-0.0011652435003074524,0.0024620881977126816,0.00010756576621399808,-1.4518482416225084e-06,0.00015202080269622307,4.114809369306775e-05,-0.001555899593444214,0.0011136351528101024,0.003274651076082626,-0.0024480009008664154,0.002397618195378334,0.03328639380448535,0.09296080927194032,0.00012519929681332437,-0.00022547214049412252,0.003378599811540613,0.003060377744796493,-0.00972996525719374,0.0360884043803168,0.00746268102341413,13.042609779806831
18598,0.0009706580240315155,0.0025720792385333685,-0.03554095288386345,-0.0035591665808696695,0.0018298171231084007,-0.0018316778725313556,-0.013418513164686051,0.02792526248821682,-0.2131495912293235,-0.0094101319065157,-2.9809917130467923e-05,-0.013842873028213593,-0.0020550663946310643,-1.879832846963287e-05,-0.004662763874995408,0.005277276715943182,-0.003124141593172905,-0.0037661342487777067,0.0003900513069794612,0.00033461918479468794,-6.115997062367551e-05,0.00043805054503593034,0.001615301596504145,0.006336701111031884,-0.0009498572962624314,0.0027040997946000582,-0.0017346314549876343,-0.004269641215042995,-0.00265428887367264,-0.0016114048795914711,0.004246861621199391,0.00015986319112258474,7.487819150623884e-05,-3.654618188514535e-06,9.332848147544426e-05,0.000227309885335135,-4.693630767940503e-05,0.006027562971961759,-0.001265157543659056,0.004436906717187742,0.0002767390751041251,-0.05324966234008939,-0.01404423359056993,-0.0011773062913079037,-0.00017081945864007818,0.0015134209659466236,-0.0017182327925978334,0.006744249171891927,-0.006330155283080102,0.004738592775835767,13.042609779806831
861,-0.0006590529919487997,-0.010391090222710932,-0.16701306953709988,-0.001762106617644762,0.0034520640968699542,-0.0014590053809692368,-0.008962957398354664,-0.019146927910527946,-0.09989297616984784,-0.03359800053684089,-0.0008817940677586681,-0.013626550826814627,-0.0033357843803495007,-0.0030324808727053456,0.23385587244957423,0.04634582507516849,-0.030078004737946796,-0.004384814172785451,-0.005064722271746069,-0.002196084070120238,-5.744850035126559e-06,0.0002713379726382223,0.0023876154244616586,-0.001844844334188351,-0.005697835272074088,0.00015709215868890762,-0.0001060521779289712,0.0016085787123150392,-0.0005356618401738108,0.0004571887209324725,-0.0036157363364423224,-0.0034411175786680233,4.2794283930743944e-05,-3.654618188514535e-06,0.00015786979473564222,0.000523032777831298,-0.0014850219715380306,-0.002709628112780663,0.008329859562694957,-0.0028930003398231563,-0.0005257677299163562,0.12207057824012742,0.09627478459073328,-3.152828933827096e-05,-0.00016129880299870593,0.0034538739293496425,0.0037535254019975257,-0.016916579680663766,-0.03544250845727522,-0.004241186018679307,13.042609779806831
5361,0.00044458428014219393,-0.002267448311443501,-0.016790020804272814,0.0031885813918174476,0.00290059791325879,-0.0022364036959817285,-0.013698202833740533,0.022469295972235362,-0.08883717619960227,0.011280295346697429,-0.00045155009554873467,-0.024820429183454246,-0.002943269723067887,0.005194705251923675,0.15108642334591976,-0.04484857492758862,0.018942603785619308,-0.0033581910380511147,-0.00017320369018318968,0.0005324256982578128,-5.61574043402633e-06,0.00021609613856850393,0.002158403853901908,-0.006873496237288302,-0.0030373811307211496,-0.0003479546786894578,-8.159402783256491e-05,0.002088552834563428,0.007375590166147585,-0.0006381399930848435,0.001254365667095897,0.0010342067437403664,5.500181548632811e-05,-6.440358901335884e-06,0.00021696174463220952,0.00017533656391036003,-0.00018776153569013523,-0.0009242342111505443,0.0011798131724444724,6.081757879927516e-05,0.00030344784815120285,0.05885752319554275,0.0467020545491837,-2.739776519181803e-05,-0.0002035971259039333,0.0032112488265444556,-0.0006586303817319788,0.006663955015762728,0.00042667639572761633,0.0039664469983804376,13.042609779806831
4535,0.00010051447804673315,0.00200296564686824,0.11225207902191316,0.005789473738678301,-0.01328590802081308,-0.006338560761180241,0.08899025047206653,0.02299737746901128,0.0015465203844319314,0.03252624950810707,0.002141002383523446,-0.01571828112711642,-0.0038212427668391563,-0.0017554925325757934,0.15346627927574258,-0.03581401573523337,0.030123939268622505,0.001263703078678531,0.0010551275058123272,0.0001205417007489892,-6.809756164343423e-06,0.00024433421576677556,0.00361370620231774,-0.004054649983605992,-0.004977357211171654,-3.1453305540715015e-05,-0.010010897600085401,-0.0013789227094833294,-0.0017797411676601647,-0.0009556563677734707,-0.0025224143228900933,0.0019776152191544865,0.0006620933974011876,-2.5782456438389804e-06,0.00013111441938463985,0.0001193195119104905,-0.0013118256515631263,-0.0011014210292380824,0.00023308596894946372,-0.0012482062711302528,-0.00024616593483265775,0.04699725485889525,0.04802159126543215,-2.1639823656071306e-05,-0.00034702347296587487,0.004465809052797559,0.002617245603271169,0.00817177754542318,0.03052214282801512,0.004055049620835276,13.042609779806831
18162,0.0007243211939388038,0.006818200018915449,0.08813588657110281,-0.00929020313925818,-0.002917872077229997,-0.0030494196590191954,-0.015169562181623525,-0.020742006853080305,-0.09385655011443142,0.019183577591478203,0.00037556902544835357,0.032202226195289584,-0.0031899763613767044,-0.0008445188840933317,-0.18710149675232315,-0.0062087688813045275,0.015495330138617272,-0.005719390240444415,-0.0004769773305796296,0.00015454463082733625,-5.61574043402633e-06,0.00048364999374617834,-0.0017501740263076732,-0.002943025396810973,-0.0029025860473217142,-0.0014350220462465242,-0.010938898174591103,-0.00862411362241084,-0.006185767718826987,-0.0025334985454528625,0.0026929662046607295,-0.0008744211610145165,-0.0014039139597607864,-1.4518482416225084e-06,0.00020683512114245554,0.0001755167576438545,-0.00511321024629253,0.0008934976237643324,-0.0013143265542439797,-8.192175202683802e-05,-0.0004685984386166799,-0.0778402911386923,-0.11183148094227878,0.00017290918137478784,-0.0003541680488995382,0.0016926837687637015,-0.0016327014519472603,0.004607989627671151,0.027512621914523364,-0.001828818316745615,13.042609779806831
13511,0.0013984312838062455,0.003868108823563548,0.1441789031025202,0.13215828621796166,0.003665825790963479,-0.006347722652649293,0.12187932448461777,0.020311589029191304,-0.09105725895103739,-0.011049000495676066,-0.010028314676285522,-0.026137595357184577,-0.0036247084388331065,-0.001523796668457855,-0.20447589975932598,-0.017363522754693547,0.02644505021523477,-0.0005178370687801861,4.0461034821422856e-05,0.0011783762729668408,-3.5248116517069927e-06,-2.524205450508865e-05,-0.018344835896389904,-0.004467557737278322,-0.002958651409506077,-0.003542157649172642,-0.0026522484974587346,-0.0020269895157658735,-0.000933773401603414,-0.0022660020192675945,-0.006697225823316757,-0.004366799572346128,-0.0023975575000176118,-6.73399707410616e-05,5.2735470453213796e-05,0.0007249606531932134,0.002909590801231019,0.0019748979033950907,-0.0015049262458494584,-0.0012860761593451841,-2.894200056390124e-05,-0.055580152905965234,-0.07838665188665261,3.374505150278804e-05,-0.0002865518374005266,-0.011979760663874187,0.000625189998351608,0.0056253033186716836,0.028454061129683343,0.0293614004750209,13.042609779806831
7815,-0.00016158237512853423,0.002379619746221575,0.07607930034457315,0.01236339754023245,-0.0012194583561651617,-0.006474400886594908,0.15567425102284252,-0.022901969113741122,0.015256190008618704,0.023314319602346367,-0.0011601960769717003,-0.022229473094997034,-0.005340423909491071,-0.0013229438285164952,0.12550493057847548,0.029892951188175337,0.02154722083737956,0.0019725963892783943,-0.0011166477310000575,-0.00019415889917540977,-6.200785182009498e-06,0.001869196780139542,0.0017687150207400413,0.008978049123408388,-0.0058632341133683825,0.002439949024929364,0.000996195215837621,0.0022174922638483903,0.0020185216379457606,0.0019612150271494,0.0004833810179035622,-0.00759118060099915,0.0004057431028456535,-1.7362314208617246e-06,0.00012715570669988096,0.00011355784374060065,0.0019272848066327782,0.0008390220283084772,-0.0037542304149903185,-0.0024267028139623196,0.0005147860019106802,-0.050563177694579485,-0.02469788783011202,-8.43220421743635e-05,-0.00033998071034430907,0.007360467938120062,-0.0002619054735821325,0.005091542839833428,0.02753305445954633,0.003441393600327676,13.042609779806831
16743,0.00041481128667686395,0.005362817782092181,-0.12792014987818523,-0.003115723910492973,0.00974187188711798,-0.0016819021808287358,-0.010124028393712474,-0.012853751701757567,-0.08355559708615345,-0.015821455048593766,-0.0001612940414249403,-0.0003385620606631465,-0.003344576254736901,-0.001707592209158269,-0.2057583530345954,-0.007798610238141485,-0.0230363244465657,-0.0021760759114461447,-0.0003171078645196257,0.00011291020744142331,-5.61574043402633e-06,0.0005558216988043878,-0.002417174205926778,-0.0038225560000054366,-0.0013043373923375587,-0.0017183936743323195,-0.006959285578790896,-0.00836673025196519,-0.002932073802909392,-0.002976412709564084,0.0028478992272463364,0.00011601359037612142,-0.00036280796504276346,-3.2628463888164725e-06,9.997362264075707e-05,7.097751858455348e-05,-0.0028650693672837495,0.0024439735155527935,-0.0008234092451669743,-0.0002963573566812641,-0.0006367063776536999,-0.07859495688660072,-0.0901068480891922,0.00017384244840319964,-0.0003422339861714374,0.0007483091576710835,0.004862574505676831,0.004643027354311701,-0.03895924246043168,0.0027818430450994155,13.042609779806831
10159,0.002036664427522679,0.011647060744165307,-0.03719505723901921,-0.010957402199715055,0.003416679090500242,-0.0021462057376745998,-0.012345153126949114,0.029468902052933045,-0.11024716231771181,-0.0051890763633934385,0.0004744838416135281,-0.011430229886938655,-0.002484822277349821,-0.0003468229851836008,-0.11416708019475694,0.00662348488359705,-0.017142533834328566,-0.0027695680740813617,0.00012053570559340193,0.0011984262406342532,-5.61574043402633e-06,0.00032397773653356843,0.0008347211561949925,0.004638382166696011,-0.001441188820733397,-0.0002773973986533025,-0.0007806334729459918,5.4467268757540086e-05,0.002812662860349391,0.004336384282676734,-0.001421620869798993,-5.518157291212904e-05,-0.0005142082257364178,-4.062527278505596e-06,0.00010759882779555532,0.00021236510789513215,0.00040521050759645454,0.0015889377441706506,-0.005140973414324617,0.002031202338857591,-0.0007490482710141282,-0.08991277218582408,-0.10070193086410992,-2.36684019932781e-05,-0.00022429407000865566,0.003683605726907026,-0.005009965837050921,0.008734831867060555,0.0016098084835126341,-0.0035875172207312828,13.042609779806831
7008,0.0009211940706803136,0.0026430291528419963,0.26058000226217776,0.027123206505530247,-0.004047397435651655,-0.011667942262434956,0.05569651612159213,-0.01859964376023091,0.3870399612655979,0.03978526947193104,-0.00208315643469659,0.011458290504007323,-0.0046510798268094315,-0.0024188128130392043,0.08803383396618004,-0.04433775652738891,0.02659141678710253,0.012417593280230238,-0.0030745865601079603,0.0003590479364322288,-6.809756164343423e-06,9.402462758379181e-05,-0.0007858876899376523,-0.005637986686879589,-0.00041603466493532167,-0.00033580471509990083,-0.0019997742919597517,0.0020146501744754985,-0.0006236706297021185,-0.002180274214424481,-0.004056821158183917,-0.0004391361244295443,-0.00010329070302454339,-1.4518482416225084e-06,9.821835622215182e-05,0.0002492629746388346,-0.0014260618374210344,-0.0010060136917369128,0.0004292849556573952,-0.0017558793463177498,-0.002088678414683012,0.036707760585146174,0.07571425106607241,5.7146245506262934e-05,-0.000960813865187611,0.0055791653781600324,0.007804941165525947,0.0012645508124719481,0.04887237545954269,0.014140420028994839,13.042609779806831
10941,-0.006365258287694848,0.004134549026605094,-0.11564057716752874,-0.008487113886827576,0.009454603370756083,-0.0016738403649572578,-0.01015009973030089,-0.02041027809611762,-0.0007530119153524468,-0.02605934011551945,0.0007603109423753663,0.022150788628528352,-0.0024290520781581155,-0.0025110101290441974,0.054860591052760484,-0.022884109790800248,-0.02988759595962436,-0.005649997039632065,-0.0012898281149087442,0.0004048792484018788,-5.61574043402633e-06,0.00019702724200420973,-0.006478734780496653,-0.008190465242188284,-0.0006395971377055151,-0.007595950995973554,0.0029100182903969325,0.005277738145611048,0.0004989217022545934,-0.00021717722934220683,0.0015046964596956071,0.0028553165725098465,-0.0002062346161304306,-3.2628463888164725e-06,0.00023614731097696922,0.00017686833426741808,-0.0017640109193231396,-0.0014079574265391734,0.006574514180984754,-0.0017110140074900674,-0.0005497112682094032,0.05807935821001015,0.04222573515073221,-2.6431811138285257e-05,-0.00015729516243888662,0.0012481131376386723,-0.0008404564201721862,0.006034045567828572,-0.03523615977400406,-0.006925135142345021,13.042609779806831
10493,-0.0038101268142163047,-0.009951829624983604,-0.12630198203716284,-0.011469697750945343,0.0047636447938295716,-0.0015985891415908247,-0.01024004683884515,-0.01951536509571833,-0.16793712984587708,-0.017678761112407806,0.0066131365012791375,-0.004390233912442474,-0.0032066628689518353,0.01034522526456559,0.11031160689980497,0.04741631977453529,-0.016115646487588165,-0.0004595122730332912,0.0016588144367587247,0.00021952166230086902,-5.9596638945203255e-05,0.00021493978916967555,0.0012368682081867791,0.0010357029503663712,-0.003409097621540681,0.0003800669384282846,-0.0012670714299902871,-0.0007913731047770782,-0.0011867277888169847,-0.0006037227859548468,0.0037919558287898138,0.0024642990650452475,5.6137721484514854e-05,-3.654618188514535e-06,9.264169086162401e-05,0.00027890165467924036,-0.0010320603163133273,-0.002202251214441028,0.00148308573247926,-0.0004703945614938561,0.00025632064761457713,0.06263916737825588,0.05751904608709409,0.0011923092436072623,-0.0001724464726092277,0.006986886755548729,-0.005440349595984638,-0.0021074567410000406,-0.038906026322997035,-0.0034629432098266695,13.042609779806831
18704,-0.0016353250182216802,0.0004738204633314879,0.05485170842951632,0.0036851794527044653,0.003973747133801071,-0.0020396466154599642,-0.016264135666926645,-0.022469698059975913,-0.09553443721033739,-0.011638476506097829,-0.0035670748427226616,-0.013984965809584712,-0.0031374157687229414,0.003670681288415145,0.09702252930425544,0.015666682962573928,0.018053576812637293,-0.0018536918165389163,-0.0008972384748474031,-7.729380995408219e-05,-5.61574043402633e-06,0.00029005176718593483,0.0014491011281505214,-0.003976483281375402,-0.00212412967301977,0.00174492308605713,-0.0022047518630349647,-0.0025918901282685606,-0.0009867086156610055,-0.000354418439083032,-0.0005778301457157268,0.00014584581026444275,-8.138443039568619e-05,-2.457838731525864e-06,9.056239598383538e-05,7.141292871705363e-05,-0.0009685404069179421,-0.0012467956343925222,0.00219968031479666,0.00048821873795441915,0.00019633509327540992,-0.009970956070520528,0.044812469405926564,0.00014557211902500923,-0.00041735267997806025,-0.010216585731626487,0.003442134133569239,-0.014852634560991335,0.0004735224727657029,0.0009992389049110284,13.042609779806831
15060,0.0008779776271321028,0.003017821422815311,0.09131745398427064,0.03126793281908782,0.004943137721210225,-0.0019310484219493423,-0.018748383638211446,-0.02026188949142526,0.011538513509968198,-0.004628176288202496,-0.00940090986861511,-0.024403583110050718,-0.003708086817921596,0.029493744986384535,0.1996757908196344,0.06061435219136257,0.0949331280674019,0.018607396818306823,0.00420615474294515,-0.0004743528707848689,-3.5248116517069927e-06,0.0003950450455487118,0.0023222807812802765,-0.001190175505249111,0.05703068049810631,0.0008369610825228657,0.022494907600118165,0.006030919462278078,0.004901526406824073,-6.300951277168402e-05,0.002746181612599701,0.003653997191661891,0.00015270380054267164,-1.4518482416225084e-06,0.00017761642171187017,0.00030284826714424676,-0.001105766814781334,-0.00028836961879275333,0.0010247237382991312,-0.00024940822782109473,0.0002694644341810477,0.13262674868527713,0.15678039424282908,0.00014557211902500923,-0.0003380221668498161,0.003001169016899771,0.005070018994120193,-0.0032857600650131385,0.022337461339712456,0.00682792224594444,13.042609779806831
19338,0.0029222506923888567,0.0005269388286879318,0.059464437454586114,0.03569226761691536,-0.0025993706484619956,-0.003053424351863397,-0.019363904410913794,-0.018130667994213027,0.1591646630344933,0.020320223765941375,0.0011281559013954106,-0.004843765211975775,-0.003530794257423732,-0.004195243302986686,0.11436800669102655,-0.06650592983011465,0.0210247421337589,0.0028802049140581863,-0.0007652896777749062,0.0015757138110384656,-5.61574043402633e-06,-0.00022981230406053513,-0.021027306513502996,-0.014030852206962305,-0.0037133728805287965,-0.003728304662101043,0.001146814590664514,0.00203744039361679,-0.0001336641562787962,-0.0007361116616261995,0.0017100663984573148,0.0005002360835633667,-0.00038862760593652915,-1.7902542066512128e-06,0.00023345011124263108,0.00010294631996540892,-0.001029128928357991,-0.000664602406999804,0.002646789925531774,-0.007330260431435261,-0.0007337313525358081,0.04495903575259147,0.029910011542747982,-6.34479657537043e-06,-0.00014496273344624132,0.004541848930635534,-0.0020501386332330445,0.002069498560206664,0.016251800100618382,0.010774291912784664,13.042609779806831
15896,-0.00019471389859861,0.007902355096922156,-0.10132717236003515,-0.009227083576813825,4.4764584579594144e-05,-0.0015272419056681745,-0.007985414608778019,-0.022897293009176912,-0.07983853032934637,-0.009799095429422124,-0.0012609948783407505,-0.0026253399233424576,-0.0025932813794335976,-0.000978428488282496,-0.0024670268804041335,-0.025070653109893322,-0.021533251048861127,-0.003413648497000816,0.0012567522527881772,-0.0029754629210205813,-6.200785182009498e-06,-0.0005737414702745465,-0.004643019546713565,-0.005948084489415693,-0.0017906688803809977,-0.012241831681172925,0.001684600680781858,0.00626304179520071,0.00286855030256417,0.0025879551429591886,-0.010653915700305067,-0.004080388344525053,4.447607267012125e-05,-5.661265053846037e-06,-0.005499206153231706,0.00016397996946489632,-0.0018017570034287572,-0.002897616209682246,0.001483067784608372,-0.00044645136405752284,0.00016112240365549418,-0.05790195176345733,-0.031329686037913744,-0.00012068951442868985,-8.196617444679121e-05,0.0020107983136201765,0.00044565394403413066,0.006595253333972734,-0.03607966913480527,-0.0046257384298310535,13.042609779806831
21281,0.0005891107565193332,0.008403062775839886,-0.07242308041757198,-0.08428669472545426,-0.0014559928714948998,-0.0015955587178455772,-0.012055958975468847,-0.02173026114589162,0.0018150491817554037,-0.026088144565391474,0.006688803357318727,0.028719842558153706,-0.0024993196014443573,-0.0007541716553309555,0.11773277266543984,0.013671296236804275,-0.02454530153669613,0.0004784913578658106,0.0002071318561153477,-0.0002882790611174476,-6.200785182009498e-06,0.0002526503301293738,0.0015569855903589589,0.005854262235408675,-0.0023396029764815047,0.00041508900514614056,0.0012547746002432665,0.0034687141693514815,0.00812646930383463,-0.0008397810546132879,-0.0011581760301639544,-0.0009644539722085515,6.927466266771187e-05,-3.238900849235783e-06,0.000341222730429295,0.00016313703676515987,0.0021611303562405304,0.007114187892310725,-0.011200306497454272,-0.00023943394444514156,0.0005109875445839031,-0.04441842298662031,-0.03375994612538782,0.0004422667388394084,-0.00013793119034908365,0.0013290142067665317,-0.004134746595725097,0.011541049999346955,-0.02052108297907643,-0.0179520211531487,13.042609779806831
19120,-0.000559367418021993,-0.009284845170778544,-0.1829523260738108,-0.012279133436751893,0.0028692273308335444,-0.0017384281130809933,-0.012221791626011499,-0.03618961349183273,-0.18016022966246115,-0.02714235732580515,-0.004452985352913492,0.0030512578813897775,-0.002324268559267729,0.001760664425562861,0.1746460648855923,-0.0038742313153301167,-0.007446893666055702,0.0002720618977657441,0.0005245412189880015,0.0006596700855301151,-5.9596638945203255e-05,0.0003013262954648515,0.001889826369335918,0.007117562350802268,-0.0007860227710102547,0.006505977530789671,-0.0023072562324953144,-0.00089741501081648,0.0028466354048568756,0.0006740360927118379,-0.0008034673972432901,-0.00042408179560691285,8.467598526079138e-05,-3.654618188514535e-06,6.779268738723734e-05,0.0005018853162675906,0.005786201816298687,0.0026980591060217158,-0.006200472628592221,-0.001992415553999038,-9.561026948033376e-05,-0.08616840671034694,0.04966794166245315,-0.0011855074748179635,-0.00017515332507729591,0.0022765373538886275,-0.004217174655448446,-0.006824411894429462,-0.04542494710650298,-0.0008376779808878417,13.042609779806831
5079,0.000585436635044991,0.0079477464063957,0.050545701751641144,-0.07436857740762146,-0.014582488817203521,-0.0021129401472089393,-0.013950489183114185,-0.01606151004751781,-0.09363741459333963,0.0007953107325478604,0.0005701551211637195,0.09034264134031307,-0.0025470938024733892,-0.0006613651759609175,0.1901132882778321,-0.027629362462270355,0.037110731507864224,0.0005732638235278942,0.0007277884962623618,0.000636355740484631,-4.550693533442268e-06,0.0003981328051991061,0.0023767468184903206,-0.012971521753401657,0.0005452963468756627,-0.000542241175055377,-0.003243690555380411,-0.0016290739862383002,-0.0017208056374884114,-0.0001999310521049429,0.002533123974212148,-0.0011601264990802748,-3.317088255959013e-05,-6.440358901335884e-06,0.00021614989720174623,0.00016971782349615405,-0.0010062261762967316,-0.0010586749274392828,0.0023037789846131014,-0.00025547054230358896,0.0005614220938324819,0.07583770872690442,0.05062462382377955,0.0001697457665925717,-5.856235403737156e-05,0.0005999509672471354,0.02820237512535981,0.0027064897854355455,0.0027871242178411303,-0.014022332859762397,13.042609779806831
21187,-0.0006324481204492559,-0.005933802629474326,-0.11622678740830411,-0.10009364385423762,-0.0006342653343556242,-0.0016715471947297954,-0.00932425768002276,-0.021356616780165927,-0.1053991234484927,-0.028366400024346587,-0.0013681025380545531,0.02461733334368045,-0.003026197330457169,0.001185499535308555,0.042697832513370074,-0.040205081285382124,-0.03102123239555548,0.008676783986341224,0.0006212286250240683,0.002370146857119909,-3.958568243759943e-06,0.0002728969343494955,-0.0033110384435549637,-0.008125110263701656,-0.00208165165246129,0.0009041577304628232,0.003930027134519901,0.009379190547349653,0.005332418061099393,0.002581768505729575,0.00333322290128217,-8.808251680377224e-05,0.0008659667939723037,-5.661265053846037e-06,0.00013518304059030793,0.00016261898337969962,-0.0004191920732426117,-0.00132097256384993,0.0033823005622989756,-0.0013343125311398364,0.0017245948252030143,0.06036033043221927,0.04701088944795072,-5.397557800775244e-06,-0.00011469327821574381,0.0033438686271747395,-0.006418170291903401,0.006312596625391779,-0.03280824408808713,-0.03419507803759704,13.042609779806831
17126,0.001354153617318912,-0.012411143918467721,-0.08615698621684251,0.005143789594908265,0.0049553581931862205,-0.001735868085990469,-0.011162032540642892,-0.02412446336263407,-0.1008122915111465,-0.01774083121115718,0.0007046213746351419,-0.022415016020570402,-0.003586735841696788,0.0008723482377934538,-0.16893307886211278,-0.005366284633785999,-0.016272555515696733,-0.00961288576581799,0.00035057986315387607,-5.699186378329925e-05,-5.61574043402633e-06,0.0005894653948560872,0.001054212756766926,0.016141029220485496,-0.0026410936201660107,-0.000738938477949313,-0.005423588680791201,-0.004230422767084952,0.0022424696343430798,-0.003611155172837544,-0.00399028933040164,-0.001791879009667019,-0.00029513760483394573,-3.238900849235783e-06,9.248501998194655e-05,0.0001991015099815284,0.000826342198505024,0.0034379287266792197,-0.00044118956318142845,0.0019059216351179052,0.0007251437052403242,-0.0872702039475934,-0.09559975850017073,1.0117706724579987e-05,-0.00037448539765153033,-0.0015602366038511303,-0.003027132275363625,-0.01289234274283945,-0.024796201265101934,0.0015509467250204463,13.042609779806831
646,0.0021241223662887532,0.0001147321147250922,-0.033953128470716236,0.0015692831097685184,0.002073154429463298,-0.0021163985254036644,-0.012225874756294913,-0.032797881560648556,-0.1088541333662014,0.0024552019126462656,-0.0012906780901781785,-0.020366851082093854,-0.004143162436892689,-0.00047968561961228003,0.0007993941232344462,0.04882678389721662,-0.013286748624639346,-0.0004076378684703388,-8.891959721960551e-05,0.00047945803683636,-6.200785182009498e-06,0.0003740962727981973,0.0012451328843687648,-0.0046710532746055975,-0.0010353048550487652,7.797761488165634e-05,0.006278867706938046,0.008668108232448664,0.02416203547438821,0.0019777804437895114,0.0003554043338919098,0.0003971553214238731,-0.00021459903772439256,-4.062527278505596e-06,0.00022019883792763066,0.00037046300025609746,-0.0006999436432150297,-0.0016441578846416408,0.005229114888921454,0.003510640946539632,-0.0010943092334119169,0.06993234623328014,0.04821144048119508,-2.1023038453713384e-05,-0.00019534118342574123,0.0038411355131213482,0.006663774318495826,0.0015549984702778496,-0.012941564092554808,0.0017888545748705434,13.042609779806831
7311,0.0006901640318718945,0.004889572535044233,0.16572625353922077,0.0416302062416159,0.009543599321557406,-0.004449623124233058,-0.01964144551349214,0.03002403739542081,0.3053137412382451,0.05657313093517761,0.0012610209138085534,-0.0029565133329225697,-0.0036709565590346384,-0.0022204581029486702,0.13229776474121877,0.04312040785379547,0.10388064618360743,0.007228989070072888,0.004768730100426357,0.0022159910344921236,-6.809756164343423e-06,0.00017268760982205896,-0.0024332792218453693,-0.009063552819376087,-0.003902987365959269,0.002317749843080667,-0.0004183289483716975,0.0007888992928355664,-0.0002945250768120527,-0.00033073058215545947,-0.0034954312521541337,5.1429211932564134e-05,0.00010299334371488288,-1.4518482416225084e-06,0.00021666665448086543,0.0002769613051736983,-0.0008888677519794683,-0.000809682121122043,0.004307632194196134,-0.0021941580375954887,-0.00038692876502574407,0.04741808146217105,0.1349259139746109,-4.1658692732008976e-05,-0.0005197476635759923,0.006532590135598716,-0.0013901450250133995,0.014154113879046621,0.038919819884578814,0.014691692916310438,13.042609779806831
6390,0.0008992862935310056,0.013399641704657057,0.28423195638652105,0.0138391662966059,-0.0027181477995687517,-0.015729176429136574,0.11518486461330495,0.019336589621141036,0.40087105514570853,0.04953458578396072,-0.008522927504564721,-0.015283111105052354,-0.0038834312570104916,-0.0020625710119043235,0.07810569378946729,-0.05566721256517141,0.05200108423750473,-0.0013829838530278857,-0.0022315779269659326,0.0007352146655952966,-4.007220822214023e-06,0.00014209165068125953,-0.0057442314024195515,-0.004430526748608523,-0.004949525660937185,-0.0010738801862312435,-0.0017487076074120997,0.0029619903661367696,-0.0011210051073049787,-0.0037716718382553058,-0.004000692915491695,-0.002126774115039579,0.00033797680728826345,-2.5782456438389804e-06,9.122059590694661e-05,0.00015165400857730153,-0.0016974214982780345,-0.0009315249028193811,0.0011140243195409034,-0.0008958902303658544,-0.0012995921731402671,0.03688555116391706,0.07919751906963396,5.7146245506262934e-05,-0.0011610877871572015,-0.0069147919947188784,0.015086694161906437,0.008681594458233306,0.06660931419984628,0.006339988796836838,13.042609779806831
9388,-0.001156019717073554,-0.0150197064678396,-0.02202190926725572,-0.008955670127820597,0.003365328529741206,-0.0018779422082710751,-0.013153202157679579,-0.03410617526037188,-0.1767368000494309,-0.020505989317939524,-0.0025325173931605625,-0.005835966594848413,-0.0030081667482014197,-0.0006845313476066556,0.10708214668811891,-0.013690479166906007,-0.027143922025576504,-0.003135520323557221,0.0005852549161481269,0.00011240108237626981,-2.0076422369566292e-05,0.0003494268542413874,0.0026978736756380997,0.007590151465380998,-0.005268251673310674,0.009580034717082575,-0.002081516981091442,0.004243504867420443,0.015691302205604777,0.0011548158818906818,-0.007134909791754258,-0.0033935759308294797,-0.00012288239164577093,-4.062527278505596e-06,7.187434940461467e-05,0.00036365802164999803,0.009463768281769822,0.003152490535656398,-0.007951844289675528,-0.002377035628511259,-0.0014228341795223954,-0.08700783280188099,-0.09871736469173466,0.0017277902828765057,-0.00036762884434847156,-0.026545940312702073,-0.00390730814630201,-0.006405835113026238,-0.005353447271905641,-0.00915804734235708,13.042609779806831
8171,-0.00274325209242246,-0.0181017155460309,-0.129461907545428,-0.013456403778430022,0.003504491007346314,-0.0018026695509110455,-0.013610880860823252,-0.03153258484611297,-0.17774772658737026,-0.016432816571429816,0.0006078940919522091,-0.007888852892878245,-0.003361194957576481,-0.0012002974489495376,-0.11908188399162267,0.007982890818556656,-0.026632270014726518,-0.005673088725748109,0.0010355233747889993,-0.002516333533789082,-6.115997062367551e-05,0.0005859586660321474,0.0013671617228399903,0.00522360966031677,-0.003602171937946558,-0.0017792382049482054,-0.002857677785288023,-0.006097355439013972,-0.004749642977346397,-0.003704467849815042,-0.003313744426524597,-0.0021530546217885175,-0.00020447792439884304,-3.654618188514535e-06,6.728128594048255e-05,0.0001435611953039693,0.0023634836503636457,0.0030769483799284883,0.00010294693893701245,-0.0014087240537797023,-0.0007751973863146628,-0.09164457663782795,-0.10353168105858374,-0.0001724516776888504,-0.00033898728238725644,-0.00035209736168407895,0.0001873969610875951,-0.01039107533560454,-0.03687189094758079,-0.002457000143227969,13.042609779806831
6130,0.011636786190821908,0.001068528537760507,0.14296069514372886,-0.0647970755011177,-0.021087857614355356,-0.002831660578818854,-0.02248996905280836,-0.015899695110728577,0.032740956795641526,0.025849963717615155,-0.006350117768817776,-0.002679536007347119,0.04147379192029648,0.0015627132618381094,0.15625110837636685,-0.014954966019018993,-0.02960349237962628,-0.00958807490319817,0.00023639407848762036,0.0030247581018591264,-5.61574043402633e-06,0.0001350098446462674,0.004105261803175746,0.018697597586351034,-0.005955524515413055,-0.008220450594960092,-0.004089088444795436,0.0007297962141479218,-0.0016341808575423883,0.00029728308784384203,-0.002443187868581267,0.0011603122734704398,0.00012087539855179031,-3.654618188514535e-06,7.452466314822639e-05,0.0003064330827159257,0.0011505733037473708,0.001434005900206742,0.0016771321974266191,0.004971018941509579,-0.0033929441875357783,0.052465031589233595,0.05601560510870249,0.001043626963870344,0.0037707234808605785,0.006499206544547498,-0.0054188127749567145,-0.0006626482954191226,0.041226415882842066,-0.032886761150147166,13.042609779806831
4704,0.003874759377963639,0.00028060886821640915,0.027814867837762835,0.00723809963489922,0.0025107933844042882,-0.0020334664930422466,-0.013225344168023139,0.015501122792272037,-0.08950590118192006,-0.017004408135345487,0.001620090252096029,-0.02875280203796546,-0.0026390230615410204,0.0053324783747363,0.14332186630797475,-0.038392849913439095,-0.01274898544720359,-0.006001563267104431,7.612917416510419e-05,0.0005124139680595864,-5.61574043402633e-06,0.00018676212620308077,0.0015523845575957744,-0.005656169913101425,-0.001743043086960023,8.258468663810016e-05,0.0008328520597351194,0.0029365040097283812,0.008182929622601308,-0.0012365414810013957,0.0010684474135021784,0.0011784371566970788,-9.241926636330176e-06,-6.440358901335884e-06,0.00014852553806332506,0.00011446502731257589,-2.1137619363970262e-05,-0.0010258170173756051,0.0007855121395536843,-0.0014000420873448156,0.00033475229439482336,0.06983683111122074,0.04208524262780335,0.00014557211902500923,-0.00023552118088590837,-0.013753367490531892,-0.0016944300395338608,-0.01502021136130769,0.00012829905824090278,0.004427235161982294,13.042609779806831
16854,0.002024530077148729,0.006381251098557711,0.03147732522778448,0.015894926122631704,0.00450922421310966,-0.001841425060584672,-0.014670779246930537,-0.026126490944055888,-0.09841509086457426,-0.01362720139910462,-0.0005174808269794387,-0.014042390063926618,0.001080082085198989,0.018356903348212134,0.19552912161688407,0.049520674350365036,0.06227774414168903,-5.764472839081751e-05,0.0044132980591434015,-0.002166515275945148,-5.61574043402633e-06,0.0003721924655471392,0.004393915712629537,-0.00034786815793221124,0.0385979584690045,-0.0006985643911380392,0.018580309955590568,0.011713261666344513,0.007812366384833221,-0.00036324446472350076,0.0017395890406959136,0.0032462351643721054,-2.7893032747987584e-06,-1.8704740146678528e-06,0.00016427999244932346,0.0003104315574292814,-0.0011667095263946034,0.0008552379660158843,0.0026435044904721434,-3.789529831867287e-05,-0.0009665420840573971,0.1509421111584537,0.13728473982391246,0.0001474826199332019,0.00377582958294089,0.017037492447463873,0.0067000198663118024,0.00497275063127128,-0.003567330428645711,0.004918504009476677,13.042609779806831
11168,0.00021750663505937798,0.01339637432853807,0.21182318658231605,0.01129370052637363,-0.0026433601461012222,-0.0074663459240697635,-0.02125300389869478,-0.014947511818898319,0.2062104716395491,0.04351317149583497,-0.0008606603661391661,-0.023330588339783527,-0.0022290181018692766,0.0025114092168957236,0.056463188998120376,-0.012620189916550237,0.058751747583604325,0.007502625084432161,-0.0004487640989656616,0.00037722127142734616,-5.61574043402633e-06,0.0007574144471246796,0.001917446418762741,-0.0033716686805437576,-0.01949002977001485,-0.0003287593078901645,0.003701102251259905,0.0011263838422795433,0.00010360042842070626,-0.0001660482643400094,0.002441904435122219,0.001908408703931117,5.202353195294239e-05,-1.7902542066512128e-06,0.0002448772141699499,0.00020750241020813494,-0.0009525194893448182,-0.0008451725761195901,-0.0006338197300912428,-0.0011268627389321023,-0.00027872693721228074,-0.039425048371166664,0.021362063315788386,-0.00010111100473100919,-0.0005837931699067947,0.0014705706881036561,0.01534427623456338,0.007462364546534637,0.056632102238032486,0.003792902312341361,13.042609779806831
19768,0.0017982411819165542,0.003305477162096961,0.05716980404320796,-0.01603978335169818,-0.00023458530152169608,-0.0019793807701453197,-0.012882515047487475,-0.014665453695656331,0.00833605723751061,0.022349941199511537,0.0022629058661308207,0.10023871278067849,-0.0023713157559313146,-0.0006870498498899796,-0.27470863551773417,0.012439312775077932,0.025740924206698112,-0.008510322039328586,0.00015258913769329528,8.831960265972538e-05,-5.61574043402633e-06,0.0003344152208910743,-0.0010086438547176405,-0.004869732752203598,-0.003414696066080167,0.0003427119571388519,-0.004599506808630968,-0.002139289317156058,-0.010729150589789025,-0.0032385878685999856,-0.002387673161393498,-0.0014161115571908183,1.886672231114014e-05,-1.4518482416225084e-06,0.0003362024180912672,8.301934278191898e-05,-0.0032627207320745973,0.0021002540399105056,-0.0014361768236300424,-0.0007922953687095248,-0.00028011472696043205,-0.09083323245154827,-0.10149334117276307,-2.0469308160278138e-05,-0.00029564650947385535,0.0020768056740459715,-0.0016823414449187836,0.006496110297712642,-0.0002886609768596074,-0.00609793052997638,13.042609779806831
16975,0.0023679574049021972,-0.004018534503583293,0.044664114634488904,-0.00817342976385575,0.0005027707958676328,-0.0021195423220721566,-0.019672315613280148,-0.027812341640960674,0.025711288815856315,0.018962906614188643,0.001183556535289429,0.03588925705365341,-0.0036634977659030844,0.00378205385287099,0.17620791034179364,0.02772889257465224,0.02340733315034781,0.0007799570571149581,0.00024923144396135107,0.0005771941512739048,-5.61574043402633e-06,0.000372697878494996,0.001546619553973016,0.03176943358074063,-0.003529614192192746,-0.00016533998197592212,-0.004285053296160204,0.0013737148074007863,-0.0010662703008601645,-0.00033416313536531694,0.0020907308424021197,-1.9966992243221674e-05,6.264764914809799e-05,-1.8704740146678528e-06,9.583716272506484e-05,9.145285935310932e-05,0.0009653362257406952,0.0007905590844784146,0.0018065845430306347,0.004577520730712989,0.0011639210663004452,0.06909678074305771,0.0526665821109347,0.00010016368625578302,-0.00046352261307389386,0.006074170721340502,-0.0026181477333842287,-0.010437652890811595,-0.003837563226761887,-0.0018991652952802167,13.042609779806831
10383,9.936269224572048e-05,-0.017665814061168912,-0.11799506727949459,0.005735139019344534,0.003585338750826804,-0.0016009695248102376,-0.009273465029165632,0.016571377598773057,-0.09924124764850538,-0.017071969924525865,0.00011631746123326343,-0.01608334686460981,-0.0022008490612835264,0.0019563228447938,0.017425562672101304,-0.020556843909241476,-0.013434446909386782,-0.004536220151685613,-0.0005546667806079925,0.00018077940125180896,-5.61574043402633e-06,-0.0016339448918862704,-0.0020136365159764487,-0.006429124444407397,-0.0033358704302671434,0.0011272570973916095,0.0018535439638645529,0.000378932021295957,-0.0007125602580892818,-0.0004406263599161524,0.0024988695034153857,0.0023866011531060408,-0.0001500026154680099,-2.457838731525864e-06,0.00015481452929613513,0.0001320019419125466,-0.003718971173138629,-0.00182920945064136,0.0012671172564013517,-0.0012302438654063455,-0.0001291474575387833,-0.008904272980513226,0.0362773145252184,-1.1575633556874937e-05,-0.00014228936114123322,0.0005357954180541711,-0.003611116164983208,-0.026631940544478882,-0.028463963315977173,0.005692705352256933,13.042609779806831
15570,0.001584764408186692,-0.0045901884850531,-0.03324917774283927,0.002952069457954098,0.002215356966239053,-0.0016506253220161702,-0.01347404260267034,-0.03588344742071734,-0.10431089364175583,-0.005251384185640119,0.009341838734143864,0.008742901509963949,-0.0026353819630544556,-0.0005361777635746707,0.18985918550442074,0.008796711619574661,-0.0247827628829664,0.003045823015160172,-9.940122915098559e-05,0.00031548572384831734,-5.61574043402633e-06,0.0002979575571173987,0.0012340809614116953,0.005581682710186196,0.0009017879275760891,0.009473742914825518,-0.0015463324252837029,-0.003886600015963242,-0.0006166309557730461,0.0012138567317610542,0.00419751683952488,0.003785626976649034,-9.851609433301754e-05,-3.654618188514535e-06,9.428324317259686e-05,0.00023751839753323914,0.0059854728658416435,0.006299472417126955,-0.006318940947059139,-0.002032857334048379,-0.00013999705406494663,-0.0885045215698318,-0.025934443090502024,0.00010009343072143078,-0.0001614010543516055,0.008573082023284414,-0.011262637153156915,-0.02117495793948586,-0.007723146911057337,0.0037186983482145877,13.042609779806831
14928,-0.00038954428111261644,-0.011435711112540464,-0.17106016492216627,0.006337155202625555,0.0036685563272201003,-0.0014847767077293226,-0.008695157153638503,-0.021063656569536356,-0.09830884144199822,-0.023413375244872435,-0.0008447293903425815,-0.017314827636959962,-0.003268544749113176,-0.0023752169896228623,0.18397451438376947,0.011339906717234182,-0.05337155054972132,0.003949720115606041,-0.003540020715796377,-0.000743733833243484,-5.744850035126559e-06,0.00022567816627662318,0.0013739835793794117,-0.010085820581868486,-0.0027416128449385163,0.00028974341791917986,-0.0026580076845436227,0.0030405413509820606,-0.001075409590429349,-0.0004200794052928255,-0.003534060311544831,-0.0012548868195274396,0.0005839567749238637,-3.654618188514535e-06,0.00015786979473564222,0.0005255781789913475,-0.0016788601327053228,-0.0006356321524546061,0.006229390823798803,-0.0017996696058315777,-0.0011167704756431143,0.11404336595383945,0.0885585866460522,-6.416306932094767e-05,-0.00017423624456213045,0.0010466350094715665,0.010816174050776782,-0.00866070870939505,-0.04140859811292548,0.003595738980074796,13.042609779806831
12754,0.00010450211670924734,0.002976821547370403,0.1586673725009485,0.24725554946678732,0.00014629623527256743,-0.006102325467675714,0.11965319511799415,-0.02158726709989397,-0.09615844962664415,0.04549225751646728,0.0021556913001540955,-0.042590260430410413,-0.0038825887511567446,-0.0009395820651049192,-0.22104721442199488,-0.020828202182212364,-0.0121784699398855,-0.022694553784230645,0.0003326312502327926,-2.3049352939109076e-05,-5.61574043402633e-06,-5.958621216653618e-05,-0.011032773462278163,-0.004374370483872615,-0.003922482084614278,-0.0003374823686751159,-0.0051552540299370465,-0.0026589523384205347,-0.003339338811627153,-0.0020462246760912625,-0.00593377057351309,-0.00013470245718152086,-0.0014399521517332243,-0.00012029270100299063,6.388458001050211e-05,-0.000875607582694924,0.001101587387146896,0.00044885260588518346,-0.0017753120920386775,-0.0011044977192119563,0.0010176441778751077,-0.05815060369557196,-0.059512738008659305,-1.4358157095853275e-06,-0.00043669895885216944,-0.0018420513265575268,-0.018248830411445427,0.02440667083820767,0.042027747506761554,0.03615639072363053,13.042609779806831
1750,-5.11546295696366e-05,0.0038308795115435637,-0.02035812379258369,0.011669209345430226,0.004037078061196877,-0.0019778093978745624,-0.011413287636543996,0.07167248420866092,-0.08451365185156827,-0.01330876096057189,-0.00014753899675317033,-0.0153628769395051,-0.0019122424056767255,0.004921102947267384,-0.05403923120502562,-0.016596887918244065,-0.0032774193177659214,-0.009893365667723817,0.0005044044303876264,0.0012007034965943123,-3.575120445353126e-06,-0.00021086459894357966,-0.00925898189560956,-0.0017307391602208206,0.004046070255970304,0.001026131061898312,0.007526085515361336,0.0023471396692328,-0.003982246503223625,-0.0003334267207649884,0.003705008923576926,0.0010426363553473897,0.0016220037885706106,-2.457838731525864e-06,0.0001747530034925801,-0.00021810048488356298,-0.0005919335487796188,-0.0017391378139317982,-0.0002912291326039346,0.0011580609394475673,0.0002561480960008059,-0.0455744798486236,-0.03190402741496867,0.000620374639974562,-0.00021171345497199236,-0.00017479574640913125,-0.004249819613532238,0.01087927207079579,0.00344184760421292,0.004685466431401754,13.042609779806831
13121,-0.0037530586155137924,0.0036641468601539893,-0.13369558981844643,-0.1064456005151816,-0.017364363695329246,-0.0015051899725462036,-0.010528583529493133,-0.015978711537067192,-0.009971616814054018,-0.02196713303009319,-0.0005638558071179424,0.023104470943075044,-0.0023455209531775384,-0.0011493827976779515,0.08087230011423728,0.031361970720641154,-0.03462128764284173,-0.00444509329718777,0.0007975991902546253,0.00013324689827857975,-4.038026442952091e-06,0.00018484654280702555,0.0013200545127003266,0.000993870877140493,-0.004634256127258367,0.0009990076821599807,0.001500695759434688,-0.0010840711256543266,-0.0007548810075956767,0.0005251377447240982,0.0051424336531186166,0.0014941722627317086,9.42563599780767e-05,-2.457838731525864e-06,0.000252420264266438,0.0001334389062701664,-0.0004261471639409202,-0.00122716627423252,0.0011091136934682443,-0.0013144816177965894,0.0007168263513941171,0.06698670538257842,0.05296219839380655,-3.642799425514773e-05,-0.0001283943766355503,0.00019391549182540637,-0.00566234025128371,-0.0023622769569213178,-0.041307293919064715,-0.029471033606834212,13.042609779806831
4629,0.00043908852189354994,-0.010617156550293832,-0.0742378673814463,-0.014805902194311698,0.0015525081055854455,-0.004263832788730928,0.07959697981856595,0.02449801711675474,-0.14613150014275517,-0.028012815871702082,0.0008385357750586897,0.008394972944940925,-0.002003338823388302,0.022350747715797366,0.20986875671920618,0.07749420895632313,-0.036206419099337694,0.005253862149191904,0.004399170855522246,7.497516057606284e-05,-6.115997062367551e-05,0.00017922569642666341,0.0029795986079778074,-0.009193485324829715,0.036021905866448815,-0.0013120280058875058,-0.0002656949217890663,0.0038323205278594894,-0.0010143972549156038,0.00022244959714373555,0.0014754827450751578,0.0040810612923031075,8.566969345468683e-05,-3.654618188514535e-06,7.331037226580342e-05,0.00021151075389828382,-0.001562403034389837,-0.0015289700542229436,0.005144523081345864,0.001219979876212318,-7.937948153008874e-05,0.09673178926789976,0.05705611427218435,0.0011582154533208095,-8.20380168987703e-05,0.013663259914595627,-0.009137677904303232,-0.011928505074546241,-0.02968540450761985,-0.0012844770263302297,13.042609779806831
7046,0.0005637951381961986,0.017332796604212997,0.16242233711621612,0.010853949103089027,0.015858287327724683,-0.006065381396152297,-0.023848201083443835,-0.02081852542966451,0.3647891907320197,0.015569682291539617,-0.006515487350192988,-0.015259022825738953,-0.0035396954556243983,0.002355664817747796,0.10566938835661732,-0.034639398111573905,0.027120121412186265,0.0005889228521385873,-0.0001609643271412183,0.0002642827415709085,-3.5248116517069927e-06,0.00030937686378069436,0.00338886078450797,-0.0003811096385262288,-0.007494270904884309,-0.0005474391760964945,0.002818624986047436,0.0016144714501102571,0.00235630462207293,-0.001498044448989299,0.0030671483126925875,-0.0010761021682572445,0.00023537717264535487,-1.7902542066512128e-06,0.0002723905901050586,0.0003291549780316039,-0.0007407768550770004,-0.0018471449691501967,-0.0034511553926406266,-0.0011666620310573335,-3.360337514666278e-06,-0.04370371612409913,0.01570290651936351,0.000520253583053306,-0.00027260259317957457,0.0009919654272779902,-0.0008220812240382095,0.00481416004820621,0.03278998569699255,0.004540652439374967,13.042609779806831
19684,0.0013848504695976635,-0.0011689625242197524,0.17944684074518802,0.009461946292159108,-0.002671294855079429,-0.0051202104494618835,-0.027833214403619615,-0.017261873539214715,0.29893866402060687,0.04337892331426486,0.0033995002667236316,0.09004620988655991,-0.0017608974521804207,0.0007210680138135535,0.06128158723568625,0.026141961616990155,0.024715145095343092,-0.0010501729723376397,1.3166615121708946e-05,0.004269465443100928,-5.61574043402633e-06,-0.00018668858428284412,0.004280751112139183,-0.00718864747357154,-0.008250576269526508,0.0002999519658204851,0.0005704777334240306,-0.00024405359559047783,-0.0022535072555962933,0.0003963805482023639,0.002333277623344308,0.009168574210689468,0.00043466379249016096,-1.4518482416225084e-06,0.0002673033604305743,0.00015525137140729201,-0.0018514787703457184,9.970859645739156e-05,0.006183996706377699,-0.0019908235826211307,0.001140634239388729,-0.031111283164465393,0.020032394039285393,-2.7397765191818022e-05,-0.0002456327210131536,0.0026626180910573065,0.0022820996228144655,0.01645225259097091,0.0422811190776193,0.007202579860574511,13.042609779806831
2490,-0.0009180686340684653,0.004520172769915186,-0.04115587222441005,-0.0031303173450371044,-0.0005966370760237338,-0.0018210805815917221,-0.014328323701359651,-0.01774294163541268,0.0017386514380916818,-0.005486372828392391,0.00035499246339269926,-0.01591613245405337,-0.003858577716594388,-0.0008294045341122157,0.12029345891382234,-0.04785450914813015,0.0102114671964391,-0.0021614830246016853,0.00019544005256225927,0.00015416502421280453,-5.61574043402633e-06,0.0002418802016131184,-0.008676459504181567,-0.010814790325392905,0.00042767799352574784,-0.004540760353386094,0.004467348974711588,-6.657572864194672e-05,0.007410164419389408,-0.0006049793570467629,0.001027510145633703,0.00013083052357150583,-0.000226198560159017,-3.2628463888164725e-06,0.00023801905763325566,0.00024370191767049312,-0.0011470761793220797,-0.0009697581699952161,0.004158571302718451,-0.005574329944418949,-0.00025441466106186444,0.05719899707275698,0.040983938757951886,-2.3671443077524602e-05,-0.00026028934328590353,0.00513540869318281,0.0011292251230528901,0.004979435924974354,-0.004219571693440572,-0.0029817422975508116,13.042609779806831
12210,0.00040736443574975866,0.0011665418408066612,0.16697166024286395,0.006624539666075146,-0.0035341604537191076,-0.009658313207219587,0.0660887785049115,-0.021992917885127895,0.1679151314776876,0.031208282686691513,-0.0021722058649901854,-0.0014379312208838589,-0.004118298862176526,0.001955620537175811,0.11503941981188989,-0.024431051821591953,0.09459240065976085,0.0006252657838200849,0.0006629122652964315,0.00033571707391118,-5.61574043402633e-06,0.0003153796459107829,0.0022931047824120473,-0.004366300355513125,-0.005811072806044912,-0.0002936084324203212,0.0023737492067433265,0.0013385934607700503,0.003872474429287168,-0.0004962098074205836,0.0030701350714550033,-0.005851037724666903,-3.6884308901350985e-05,-1.7902542066512128e-06,0.0001818356285470833,0.0003264845825317975,-0.001048710017727004,-0.0017089874471806503,-0.0005646886219093713,-0.0033918790745074406,1.0128082614717966e-06,-0.038532932487380156,0.022028365652241685,-0.00011537193227120016,-0.00017589101703211532,0.003450186845829666,0.002090386165526438,0.0034346470399143334,0.028756893873348947,0.0029122108097995314,13.042609779806831
6469,-0.00040581964167174663,-0.0013235787986795925,-0.04727489541267845,0.0017290565638954653,0.004310425174771345,-0.0017235663537372018,-0.016503382079405264,-0.017902254581882517,-0.01375241406215328,-0.020380030767615985,0.0007442343714715212,-0.027531131917033,-0.0033062045114690746,-0.0046509215686316935,-0.2740912661491213,0.02166799479564713,0.020921199847403923,-0.011531025140849117,-0.0001338312543057176,-0.00013907380338660814,-5.61574043402633e-06,0.0004921675088703643,0.0019990661038175135,-0.006527637635080399,-0.003537935906856181,0.0006785091293871311,-0.008431941235496976,-0.008027011606673849,-0.011155897845814196,-0.003361586610219023,0.0015875259956017386,-0.0015621503374045307,8.968513631609387e-06,-2.457838731525864e-06,0.0001235531140618288,0.0001902974503227945,-0.0013199293330695776,-0.001930784776155982,-0.002414031375980741,-0.00025636022978589573,-0.003602763665945884,-0.08257616536722018,-0.09915794156215625,-1.2626145409856464e-05,-0.00040015898997899083,0.009947422352296799,-0.0003968727529361295,2.723579327485785e-05,-0.012008419278516052,9.801706786417307e-05,13.042609779806831
2031,-0.01862808627332877,-0.021955476699231584,-0.1902725913034515,-0.031179656418937596,0.004465385348651879,-0.0015763764406559085,-0.009003021489829666,0.12741524415967906,-0.17394802687919417,-0.020537727036987235,-5.140900008429226e-05,-0.013158097898655916,-0.0033090152065560945,-0.0018403817132593722,-0.29667201935636905,-0.007646451681349637,-0.05411166448371138,-0.016325619373739355,-0.0009079666769661933,0.0032455763389129307,-2.058609281927922e-05,-0.006795910026869389,-0.005407309617378329,0.0023636058339002544,-0.0016026449232173661,-0.00249787229189291,0.0057248705720194465,-0.006497773683268436,0.002317838580491211,0.002745471513397279,-0.0064231391642415045,-0.00444445601635601,-0.00019444670144692545,-7.897451262550597e-06,-0.0024794798965392588,0.00449797739661029,-0.004029592355008026,0.0005927191748612459,-0.007293254041408561,-0.00034980445780420004,-0.0010536937648524013,-0.07933204310043376,-0.09480642977303443,-0.00028899365048116343,0.005527246597798615,-0.0006969681695462593,-0.00788688015083482,-0.0062645659709627075,-0.04043743391834788,-0.014158588865114471,13.042609779806831
17758,0.0007927467390195746,-0.005152339117545797,-0.08816630000826163,-0.0025170291778623555,0.004295779813463141,-0.0018074234644471377,-0.014753189436676651,-0.024227993496049524,0.019822595655488485,-0.020763597911841954,0.00699408899743181,0.008437890381601526,-0.003255656519886412,0.00024159090230358948,-0.09080774050859218,-0.005331021853429014,-0.02282196306766405,0.009690658592201442,-0.0037801527874731108,-0.00027527823135685295,-5.61574043402633e-06,0.00031840344148310174,0.0014413763503328843,0.004445787488421028,-0.004414836547874839,0.005620916035453023,0.0014213722127227922,-0.0071624795511196744,-0.0030379204379358564,-0.0009037849760956365,0.0017387803097738178,0.0012436372022327298,-0.00022090698455020112,-3.654618188514535e-06,0.0001850296368739643,0.0002583602062487674,0.0011180412536970596,0.004466560736256282,-0.001681302662093503,-0.008077566624905462,0.008899656770171908,-0.0665262293234338,-0.03950944147205875,0.00013151914873872216,-0.00032740299069393007,0.022045397639307168,-0.00020008814579505177,-0.015428502198227346,-0.025401843466667767,0.0004176351533835827,13.042609779806831
7540,0.0012550075425301103,0.008386664737371465,-0.05623027785138127,-0.006663069281628575,0.00558958368957013,-0.0021429298688053233,-0.013923876793078598,-0.027080484292721908,-0.1073977006479601,-0.014356193817090251,-0.0010316249311999068,-0.029916825636367234,-0.003564787601915853,-0.0003284112412201579,-0.07016092485910651,-0.01038524504199766,0.002322368061734435,4.0894055850446364e-05,-0.0023229922922263697,-0.00013228254727093902,-5.61574043402633e-06,0.00037639529403306994,0.000982632605639543,0.005193519362895957,-0.003030249330068732,0.006222617261892991,-0.007480480485581382,-0.0072026615652056964,-0.00361460005765904,-0.0005990843711223209,-0.0006200394817991135,0.0013367689281337711,-0.0012239844531321607,-2.457838731525864e-06,0.00010932989781984791,0.0002717435595906463,0.0046048776998839575,0.0049970869181188045,-0.00018369472991311983,-0.006066723062454574,-0.00012511490634622153,-0.06771916220200745,-0.034653082858000755,-2.0908033932517444e-05,-0.00015233775364672272,0.003268975192262254,-0.029565325776385428,0.0010511677860076615,-0.016617662850248772,-0.0026316147386638896,13.042609779806831
20340,0.00012862077352520358,0.008121745162116107,0.2628053771422155,0.008580590163515254,-0.002416506760066608,-0.010409878646776506,0.05688785237374839,-0.016407998901851194,0.41766020585230246,0.043917208779344324,0.00034225373793681505,0.09056640347143345,-0.0018858380474120091,0.0002815121756962226,0.06427969153923016,0.03311667994602171,0.05492594400925919,0.000753595306646135,-0.00029839582777997067,0.0015690977785604036,-5.61574043402633e-06,-0.00018577631092750213,0.005849105708145022,-0.0038836002779257172,-0.015928295923860317,-0.0001318903151230418,0.001828281346933177,-0.001401418465692362,-0.004735257464851653,-0.001261687207942497,0.0033028587827794286,0.002877125915175005,0.00035618562169185226,-1.4518482416225084e-06,0.0002297398038147961,0.00015548577129308966,-0.002092214118789879,0.0006452479002349025,0.005851457604342607,-0.004317254140309393,0.001460880395387729,-0.04859150461518578,0.022248049407925966,0.0001474826199332017,-0.00023837045618313094,0.0039463006223990505,-0.02340372383964781,0.012973738808078552,0.05750848015242581,0.007612956306061358,13.042609779806831
9476,-0.0005160388283212566,0.010686197823998335,0.17720940596993492,0.1343803208062419,0.015924638152285574,-0.006110095202908882,-0.01004764240151046,-0.012377668871088541,0.1850237274266117,0.04874024018079572,0.005435148190004249,0.07185060608685032,-0.0013719932592255672,-4.1585860189696886e-05,-0.09491752628971763,-0.007953656523676564,0.027923352014910415,0.05154438965327258,0.0005756115439199091,-0.00047370081193475323,-5.61574043402633e-06,0.0026464444560853713,-0.01072417740636908,-0.0026386761885347663,-0.00613024483363577,0.00048266769872540164,0.007329625937949412,0.0014304651077714323,0.001108523231506487,-0.0031921496272030495,8.029884981398941e-05,-0.003697303433467427,0.0003115693174791002,-1.6677947785120514e-05,0.00017393352893424192,-0.0002072988275676675,-0.0009565112834947676,0.00025187817550625057,0.0008565056842658258,-0.0001393346447319027,0.001198528987180248,-0.04952618912416424,-0.10503219860126183,7.705701367644565e-05,-0.00025780133652604384,0.002721266869914154,0.0165598457200927,0.023747162101373637,0.05068976524471405,0.036881573428562756,13.042609779806831
11627,0.0003141843333898335,-0.0034615336664039946,-0.053150973404532675,0.0160862821586127,0.005087084254855824,-0.007011840957612326,0.14965307121553725,-0.021076177461218832,0.01414852979588425,-0.008981459815928293,0.0004966759942315311,-0.023650708523615345,-0.0028760136291916512,-0.0024262394737884587,-0.13783739595838318,0.006560256046112952,0.040327500074085976,0.016512923180977246,0.002524339357706232,0.00031368132084439566,-5.61574043402633e-06,0.0010361773552718416,0.004759045306031088,0.002881150248000696,-0.0018884273912438264,-0.0006241627896381336,0.005461812332653612,0.0017543644299524827,0.01658025066199828,0.006974543111635762,0.0004973918133637599,0.000548184882914423,-3.116555458957887e-05,-3.238900849235783e-06,0.00010852814995935135,0.00025781813846696163,-0.0001793072364808319,6.274582052776829e-05,-0.006968610637512396,-0.0002338607417282048,-9.355783790256188e-06,-0.03776347338340957,-0.024965004813825242,-9.373524314420243e-05,-0.0004067708213023983,0.0035464846145813107,-0.003890991429221926,-0.013022284073070071,-0.010930163872948939,0.0019499926019940135,13.042609779806831
11730,-0.0041687214386473765,0.003872801780291359,0.10790939047886143,-0.004085730842152441,0.0029619377807453937,-0.0024332986082573876,-0.015758099140224874,-0.030792416747921946,-0.10539311470460909,-0.0022114976006431647,-0.005766065744054347,-0.005468074638006075,-0.004053526442275937,0.004027385418124359,0.19541648500545078,0.02510592277800392,-0.002128597713285859,-0.007238320382477223,0.0006091090966607963,0.00010858347384818993,-3.5248116517069927e-06,0.00021381241060594315,0.003258558553978714,-0.00020190845194152223,-0.002202876135504323,9.951543418808017e-05,-0.0013804920442900283,0.0011828086876297969,-0.00019913504153915853,0.0007668253445360223,0.00278038043456905,0.001885924624940453,2.261675375844835e-05,-3.654618188514535e-06,0.00016336724438480808,0.00022535491279398854,-0.0012812753670700847,-0.0007864543192141272,0.0006123378415849866,0.0003038079702328758,0.00029399309076462107,0.053584711186182334,0.051347148430149744,0.00013793702502315746,-0.00040565288612999165,0.001662434713864183,-0.0026068061703733566,-0.002667171584949934,0.0264194573889539,0.0020792509230407714,13.042609779806831
11421,0.001648150837042846,-0.00014054140294928076,0.06225093570682413,-0.08047688626419124,-0.00026344313234462975,-0.005575280434750497,0.06723165717828648,0.015911809680424258,0.1587904098340308,0.01661828456998225,0.0005269701921650141,-0.03709261315275685,-0.003708601886491618,0.018597244492397563,0.17755004952009285,0.05998880357197038,0.033687397523302694,-0.023663427457266198,0.00029478381928905865,0.0007165679146504196,-4.038026442952091e-06,0.00018543191964084626,0.004064903981646937,-0.011670329572524589,0.03154476019158668,0.002872270175157943,0.0022835189301022014,0.00023508787180572996,-0.0006657054169833485,-0.00019391566774561335,0.0019862768190074334,0.004204294084035577,0.0003508074288078062,-1.4518482416225084e-06,8.438300323616171e-05,0.00016046029338318287,-0.0009702315368603644,0.000176433767224106,0.0023022924060347454,-0.0018839770032371532,-0.0002659728397145601,0.06696942413064308,0.0417598737785154,0.000178718172546688,-6.749149769491276e-05,-9.377425559833449e-05,-0.006758676525374456,0.0019781326354342543,0.008928979903228417,-0.017417471820141594,13.042609779806831
13156,0.003050930128721446,0.005826792925428642,-0.06286622797753791,-0.002233500062369727,0.003625153640760756,-0.0016307826874500553,-0.009963274169439063,-0.017905189977285296,-0.008768117747745009,-0.031993314266556896,0.0005530629621983565,-0.03030134067854287,-0.004368287862440024,-0.0016684335455167299,0.19447798325470833,0.02467620391189696,-0.010041626914813598,-0.0019987875781245306,-0.003393189799732252,0.00015156553623919,-4.892816646874029e-06,0.00024070520355752356,0.0020367414814460695,-0.002326191975324788,-0.0075981286799419664,5.9679964065533305e-05,-0.0062437943029651135,0.00032301799588954974,0.0007474643361060703,0.0012700044808844672,-0.001330933226815064,0.0006422834051611465,-1.4551271925815263e-05,-2.457838731525864e-06,0.00017977339355491464,0.00021046595467651542,-0.0011867176773285339,-0.0029744724948507304,0.0024921328186852327,-0.0026079510482126846,0.0006414512112611234,0.10153861344314133,0.09793037966140589,0.00016730038661170153,-0.0002636000786732354,0.000235451677845726,0.0001466712395826505,0.0013184292537793104,-0.005765398114306723,-0.0019338291923637469,13.042609779806831
928,-0.00038628233791815776,0.005513191171069912,-0.13256122468885703,-0.090388380881249,-0.0015547574300578343,-0.0014925672015679487,-0.012507477122426528,-0.01957374427104531,-0.003054542006459841,-0.02409344842022884,0.010332870898881857,0.03349895160137465,-0.0024104101802086687,-0.0005926047507744252,0.07916024077000351,0.0019685173524337293,-0.03505478023418289,-0.007165993028046926,-8.548079553282656e-05,0.0003594624322266533,-3.958568243759943e-06,0.00022628882153813605,0.0012558032011308366,0.008998410290915929,-0.0031493105557408338,0.0008897528056071692,-0.0027450606339091414,-0.005073493683003181,-0.00039039491444469034,0.00043943660358783404,0.0062258280052798235,0.0015599643925651209,9.150601945135227e-05,-2.457838731525864e-06,0.00031384344394951036,0.00020644172525720835,0.0004990633635428846,0.0033144132512562033,-0.009041284791497647,0.007348548829453289,0.00016485635827095724,-0.04295913769085674,-0.017122783592702105,0.00040819900854008963,-0.00014095595115514275,0.0008122480368499925,0.004435340119849778,0.003316250876363813,-0.033641774447316884,-0.01754060845292279,13.042609779806831
20929,0.0011535291283393163,0.009165993802618493,-0.06772112800176967,-0.07307977968025567,-0.00039483682539152815,-0.0014734845324811368,-0.011132685740556245,-0.014915626315868716,0.004645339298313867,-0.03227622323018042,0.003931184125560054,0.012527071014587462,-0.0031205775271724977,0.0005583950704562895,0.21387216048523133,0.01669221069287075,-0.02016183184394968,-0.006958668447282931,0.002928051342932054,0.0005878785953427637,-6.200785182009498e-06,0.0002040675011436779,0.002175826649427716,0.005457702048132935,0.004582289940418289,-0.002430808951192048,0.009443069817163943,0.011603153800009746,0.007154269686210273,0.001298992200224324,0.0021899927397760347,0.0029103208601451496,4.0243884442647e-05,-3.238900849235783e-06,0.00015982365091116743,0.00016146486597034242,-0.001156309305055011,-0.0011142418523762548,0.002768820117598092,0.0007350767277956612,0.000390710541837681,0.1122301134751511,0.11275251097912053,0.00013248507545131404,-2.9427824247718745e-05,0.0027545373672587608,-0.0006783747423635458,0.004359632485560069,-0.005510781305902767,-0.01139343433100818,13.042609779806831
7712,0.00016182144485125203,0.005481432219450825,0.20162257083559573,0.006841009441541154,-0.002984127078009628,-0.010669530506911098,0.22350042029933662,-0.016090185185724366,0.3895248535522293,0.030911479908927116,0.002799422310914446,0.01788175277696691,-0.0030760469611871423,0.0008351108248897684,-0.20569394864357307,-0.02356805290161021,0.037621218565228674,-0.00689424172632238,0.0008933880834920821,0.00012914671416288463,-5.61574043402633e-06,0.0001074122861497398,-0.023174302188932173,-0.00261411762769515,-0.0089980021724304,0.0004114424423439253,0.005183482836348496,0.0020364455202919038,0.0017510454289563805,-0.0023993634963935056,0.00511127443867215,0.0015683987423310499,0.0004234002749885994,-1.7902542066512128e-06,0.00010880408032848804,0.00016585140761459587,-0.000811008680135058,-0.0007409975505355608,-0.003521269086079183,-0.0011451759532387635,0.0009599487123923227,-0.03777148200633464,-0.10244938654142913,7.705701367644565e-05,-0.0002663906535530681,0.0047386641726642805,0.0035613059424651774,-0.011431195551712531,0.04879747046597313,0.0028197098053769315,13.042609779806831
11235,0.0006045301446803458,0.004638405445022931,0.010689082676953935,0.0024289716042597553,0.018610618816268236,-0.0020477180293444193,-0.01371554979189234,-0.01742871934309073,0.002329800857123656,-0.0248089829688423,-0.0018089075922012568,0.023974387599128493,-0.003466567225756779,-0.002611948139797964,-0.19268154516394204,-0.008001914084339964,0.048606451964917426,-0.01038313408016488,-0.0002180829973215751,-6.381338871743855e-05,-5.61574043402633e-06,0.0005094658746849391,-0.0027831002236140775,-0.004245963673442927,-0.0035922901924044406,0.000221293735523695,-0.006748721636565715,-0.005942642631628882,-0.008319763902352445,-0.0024231615889215353,0.0019699426509261716,-9.159718501230634e-05,-0.00033499256463726543,-2.5782456438389804e-06,0.00018961628208843075,0.00020666506235853934,-0.005573789555813397,0.0030148144777382624,-0.001853410913791885,-0.0002945155092373127,-0.0015370525353642275,-0.07905371955855026,-0.09605103708859218,-0.0007120162780616887,-0.000295260887234357,-0.008274857959041619,0.0013745446684806108,0.004870871715282639,0.0038844818026387735,0.003040524761743,13.042609779806831
14420,0.00045340424571620847,0.007037813344981403,-0.05223800545568386,-0.0026815441924314225,-0.001254863958975081,-0.0016693683178260702,-0.013685848837849275,0.017581279172246025,-0.007131368022905532,-0.01193946268885782,0.0004648905717198435,-0.00116433923831695,-0.002537268060298699,0.0003792912345662433,-0.21968691040701122,-0.0052469817844605976,-0.018629252796342838,-0.0038864967799226726,-0.00013703035887135167,0.0001548025115121911,-5.61574043402633e-06,0.00027761211704369375,0.0015073198778313434,0.007403626937379792,-0.004926927708872389,-0.0003464574206517099,-0.0017076299119197747,-0.006593467494510182,-0.008832658979743295,-0.001970537701501476,0.0017982879583551322,0.0006559793762950448,0.00016510139365934318,-2.457838731525864e-06,0.00010640284216529167,0.00011670452871939766,-0.0012824200360919576,0.001679235610880953,-0.002070780788079248,0.00016869195511307386,-0.0008302332650647113,-0.08436115424592162,-0.10419427452788417,0.00017247340333087258,-0.00044763986914050523,0.0016423764235871082,-0.004208179855106953,0.006546813759549525,-0.008404467268939475,0.00037363780647021734,13.042609779806831
6508,-0.0009860160004096137,0.0019643494383817625,0.353649877131416,0.023625028859527813,0.0023043846515777983,0.2723531121986368,0.21325985581362697,0.08097413432158071,0.44386482870777894,0.06267543618711384,-0.0027082502646668775,0.030530751260564905,-0.0015639928143858896,0.00018541946344332184,0.1644561563648415,0.050692443344515066,0.06400707519657124,0.011779208952648921,-0.0016431159398766376,0.0010247623900645044,-2.8314705892589967e-06,0.00014549683793420063,0.013476290447606074,0.011752314241195026,-0.002291238546652382,0.0018151680592513777,0.006808073890460138,0.0027446059747665854,0.0002060936623180573,-0.0013874091442358633,-0.0007090794054434187,-0.0014512122242412967,0.0012136292569786323,-1.8704740146678528e-06,8.109597379462413e-05,0.0001641073652366839,-0.001283860082418566,-0.004448825296207418,0.0030118369495185293,0.005710914287721754,-7.63025394909415e-06,0.02572354339732275,0.08881800603351925,0.0001448561544638157,-0.000870604369156502,-0.001692385770336475,-0.01072911342559157,0.001580173667256347,0.0805556583002909,0.011520769915621896,13.042609779806831
5149,0.0008631090088258705,-0.0014754568069278331,0.22015658215029346,-0.002364787181659094,-0.003159018098380141,-0.006141021763546672,-0.013552264388831461,-0.020819716477270513,0.20417461192230102,0.015264755056228282,-0.016911782721304783,0.02076231827335906,-0.0029661296733690342,-0.0003341063964615524,-0.19913703066966648,-0.008937203043537569,0.027001735132821277,-0.008057964863345455,0.0014637780321904222,0.0001452878620783571,-3.5248116517069927e-06,3.806681493424044e-05,-0.009208732172210323,-0.005138678640626736,-0.009525866115076293,0.00252786541011769,0.009814166196840531,0.002711897871379223,0.0006608203635242282,-0.002247143104590195,0.0014580686100255226,-0.000808319942647884,-3.0481910799102928e-05,-1.7902542066512128e-06,0.0002638188526420366,0.0001642182623810407,-0.0009340279837982646,-0.0030052267092872107,-0.0004918320357845374,-0.0008282133549480003,0.002386621835000059,-0.05859397744019644,-0.10960940095357395,-0.0002578545223296971,-0.00037261324690302097,-0.005913153568388704,-0.00761976273324775,-0.001603566977320445,0.05244929154608333,-0.0016377342505786972,13.042609779806831
10015,0.0006698744400322529,-0.017224177758144006,-0.12844947043765542,-0.004331828618248262,0.003636553757909262,-0.001601209399361732,-0.009009733177614743,0.09911638903491671,-0.09467537120488101,-0.01436819829752805,0.000936336889133577,-0.013979641521725176,-0.0023844315964243294,-0.001004414560327881,-0.24908103831659986,-0.010935038009523097,-0.030400902513382018,-0.005342402101063924,-0.0006909041988893537,-0.00048472508566377396,-3.1728179320569856e-06,-0.007928666936301707,-0.008246916125442871,0.0016399502549495676,-0.0008664001424692033,-0.0014810571572195282,0.007292576944840517,-0.0053267042690851914,0.0032360027838899364,0.011565546894165064,-0.0034162347733045903,-0.0021031341406240384,0.0003096989498568716,-5.661265053846037e-06,-0.003185901180271055,0.00633832671405066,-0.004206701330343958,0.0013704867037694828,-0.0014294546676666478,-0.0003678813582941291,0.0002386101255245167,-0.07293541297126366,-0.08632687503387294,-2.0926835182946764e-05,-0.0001419874398348182,0.0015986689823289958,-0.004423943503291569,-0.01666567954072531,-0.02758897016890881,0.003718327036734814,13.042609779806831
7524,0.0025560416960118348,-0.00821760695114142,0.08679536500263026,0.0015425799220217242,0.0033697698482584755,-0.0025476895867576,-0.016578865547637153,-0.019153566753899242,0.014183232182674102,-0.010976607108067278,-0.006157671356671488,-0.0014069548403081403,-0.0037127675445751108,7.262403301728596e-05,-0.010483582812049745,0.04873153264463964,-0.015986751395572513,-0.00472201144234303,0.000543993535372318,-0.0012597357435297856,-3.7625021742603873e-06,0.0003825036076199481,0.001501598665411945,-0.006125229972493873,0.009441958795360894,-0.0004898587749636983,0.015166362006075938,0.0033027793979620245,0.007819674860740705,0.0021403431820919026,0.0017443134593021035,0.00029148965278573294,-0.0001588417518635385,-3.238900849235783e-06,0.00016556884884846366,0.00026375486735215944,-0.0009616757483173315,-0.001414505888503893,0.00033139678083379446,0.0015233156151045414,-0.0006956626225970803,0.05854595996106497,0.06039581169646596,0.00017020265247388356,-0.0004235259948662841,-0.01652972916480949,0.0061301395685268625,-0.007551637009902071,0.025188940910392976,0.0003501233084028253,13.042609779806831
11549,0.0005518045586088097,0.005547046061682604,-0.1206377092621192,-0.020127494225092895,0.008550692058137447,-0.001637569073619987,-0.008675199975515677,-0.016701574307729214,-0.07931570806216505,-0.019804795475159245,-5.123608296034492e-05,0.003627228963049395,-0.0038950610212265847,-0.0009208337286153119,-0.1600457124774443,-0.013109983641210897,-0.02954069780091628,-0.00209374610100114,0.0004266757530645156,0.0027301319713270954,-5.61574043402633e-06,-0.0003656862454184644,-0.009703771331330446,-0.0044419509710434705,-0.0012821548522922838,0.0017228593200876354,0.00478750390399079,0.0011213513571941976,0.0021016282360161675,-0.004288816301572953,-0.00012201880281890717,0.0005330199059776782,0.00022517172714714016,-3.2628463888164725e-06,0.00023641462793453434,8.596070473191719e-05,-0.0008219301474616684,-0.004158788084124153,-0.002049505526424319,-0.0006998770788473119,0.0007240146083036617,-0.05534752184804196,-0.08793786015712816,-7.965594130864192e-05,-0.0004295032339079168,-0.0007784269118018518,-0.0035187582299418445,0.006476793172071785,-0.028212029621367395,-0.0016909890165174408,13.042609779806831
10864,0.0023587046789901272,-0.018533227136744886,-0.17493237123139813,0.012972110090526902,0.004151494528519834,-0.001822915610128148,-0.012532770132099694,0.021538439913793568,-0.14634450228655943,-0.010970650926554512,0.0007813899731503541,-0.02517489032392431,-0.0022675851293104832,-0.0015839862069115182,-0.27231413602899235,0.007067824157792674,-0.02515826660852849,-0.003647837787233556,0.000472780520876817,-0.002942360379499271,-5.9596638945203255e-05,0.0003749385089676672,0.0009461049443852622,0.012624288592972556,-0.003334821171025005,-0.0014841812104182538,-0.004921160645547753,-0.010789103504883176,-0.005126609295046493,-0.0027821913609289914,-0.004542497139037078,-0.0008300585336622386,5.4175508624926806e-05,-2.457838731525864e-06,5.247067798605601e-05,0.00020359107358928238,-0.0015470196319975825,0.0028840391752235975,-0.003064904194404584,-0.0014898382555062768,-0.00033779006129515073,-0.09379081168036843,-0.0980493814192358,-0.00013497193388181984,-0.00019151116220017745,0.0012980992272947729,0.0008023522474701212,-0.008772450301854914,-0.03951923347111894,0.002785396188669255,13.042609779806831
11175,0.00251611357720773,0.009992249412406184,-0.013992205380863347,-0.003684581029902205,-0.0010322123723393794,-0.0020099948594216968,-0.00840136716246877,-0.018705006705689253,-0.08592674854260392,-0.013957713164444269,0.0008748798970336268,0.025147542851927874,-0.0033274601668206493,-0.00027426427233896695,-0.24740798147689338,-0.013057134644899217,-0.019739707321754073,-0.00729927678027475,0.0003101822571910264,-0.0005337243565261285,-6.200785182009498e-06,-0.009898970405931363,-0.006925653222572773,0.002446168442325315,-0.0030890618922532623,-0.0015130981574886034,0.0031609506140694073,-0.0036740262496477156,0.003017975378627605,0.00358172201677605,-0.004656537344197519,-0.0019634649530777507,0.00035781225344480865,-5.661265053846037e-06,-0.003958845352063734,-0.0015283062933162189,-0.0021227662326212043,0.0012171250115979321,-0.0030554587712176406,-0.0001847451425317444,-0.0007182033373486452,-0.07731026952742412,-0.0899851432183956,0.000173417686240022,-0.00019437157396003183,0.001015568934567033,-0.00037660633472269003,0.006704065712018203,-0.0013385371051746983,0.0028659516700805542,13.042609779806831
1529,0.0013075336756559735,0.000591287439034226,0.14655736208501058,-0.005066269371936228,-0.0020381114988081103,-0.0038265025881040068,-0.018403342632812823,-0.019917846186701293,0.18970476476461515,0.038197488764545776,0.0013495255951296932,0.006973183547505666,-0.0034658126156639564,-0.0005817028774548519,0.07783071469687274,-0.03271756466763257,0.033230013063708215,-0.003385276905196526,0.0002577896919930674,0.0003760439529798673,-5.61574043402633e-06,0.00014568030873893668,-0.010236798792680087,-0.008061531082012302,-0.0014559126501800758,-0.0009148509420973894,0.004663375179629528,0.0019568836177288025,0.0034512254435274435,-0.000858328033436175,9.799879578018401e-05,1.1598807001319407e-05,-0.0007782993053084751,-1.7902542066512128e-06,0.00023714521498903088,0.0003147722713347226,-0.0009397230920681689,-0.0008619546572871453,0.0029446508402222104,-0.002343421165674889,0.00013946727085840664,0.04231648223875147,0.030051265094851707,-3.793237061771555e-05,-9.3382677227283e-05,0.0033296137072143066,-0.003620353871800236,0.002648736329204754,0.03379522565322623,-0.0016842526540305851,13.042609779806831
7233,0.000868709482027943,0.009135509520857253,-0.0628283886193849,-0.00346053819680541,0.004417717750846004,-0.001965297353124316,-0.010107713282802367,0.02227941945370229,-0.08609841004025864,-0.016415514108548763,0.000378981822160975,-0.020706569036328035,-0.002375074051768308,0.024295145338835335,-0.14413610022523915,-0.009135128516554611,-0.021445404015729294,-0.0037447368632859725,0.0005712722243903676,0.00012611094370706664,-5.61574043402633e-06,0.0002691049485507157,0.0014822967411071948,0.007980012041029539,-0.0015056754274719256,2.183727380109006e-05,-0.002479934763950636,-0.0028762441376336645,-0.004109078068033489,-0.0021637330411256846,0.0015348617175033503,0.0029181494512429107,-0.0005445485056775905,-2.457838731525864e-06,0.00010759882779555532,0.0001358932874699076,3.8981905537526804e-05,0.0008005621514118901,-0.0019629193702168277,5.656254467101774e-05,0.0007476730559542186,-0.07920823850311969,-0.10159052352416592,-1.3453972305177924e-05,-0.00016205150236743256,-0.0005787793442386306,-0.002675407446319877,0.009636927614893424,-0.018220213932636536,-0.0016051690028444417,13.042609779806831
1046,0.0007751730062937879,0.0025650550062241524,0.044433803575796606,0.0034431672707728508,0.004384394503863853,-0.0019461806689270748,-0.014790412011740408,0.026668547045555973,-0.003934029891524662,-0.017191321306323237,-0.005859311763238383,-0.023149039867811163,-0.0028765720519937383,0.0026044356283616223,0.000966514109062383,0.015292947071460632,0.01667015496637021,-0.005252036034918872,-4.020554962804665e-06,0.0006157022438471295,-3.5248116517069927e-06,0.0002647819619981276,0.0015194465698107496,-0.005457902994131925,-0.006614906707034014,0.00033748153769357894,0.0011167148624337772,0.0023959608306218703,-0.002073380829745309,0.00011051091925756422,0.002497775304233703,-0.0013531643096002508,8.753345403632646e-05,-2.457838731525864e-06,0.0002700993590885193,0.00010258864903635083,-0.0011784384364516053,-0.001394537959514493,-0.0007313073395236845,-0.00042892203437080014,2.4249780260303906e-05,-0.004474291922470637,-0.030887612823758136,0.00011894498100197684,-0.00023145699896408628,-0.009684366883976236,0.0005515556854357309,-0.004045028846580107,-0.00019563528147126672,0.0013948323258706188,13.042609779806831
12776,-0.0042836157599886815,-0.010286581523532689,-0.13223209772426187,-0.023287754675487406,0.0052091046865548885,-0.0015599260694098272,-0.013495935091298194,-0.020777469872114932,-0.16450743654134872,-0.015199510227910168,-0.0020934321588133285,0.02878815259472102,-0.001626884058058248,0.0021981780380564745,0.23940726267203327,0.014466557202575505,-0.024950170250038598,0.050266470288942613,0.0011580073971116213,0.0007524112955631691,-5.9596638945203255e-05,0.00022849648971820258,0.002373800052689223,0.014170458528035263,-0.002794193268967717,0.004008848190210715,-0.004047918262571353,-0.0006257745222197333,0.000555547241150432,0.0007007402800286533,0.003927607920039203,0.0006665357806743285,7.894327824562993e-05,-3.654618188514535e-06,6.048919632083547e-05,0.0001399472771811096,0.000533983078356632,0.0010550032381174664,0.007382166740554247,0.01060452354149469,0.0002800653969625394,0.08426978620750432,0.05720117751721826,-0.00019248580072185674,-0.00016227854914827275,0.004743912635484551,-0.0068192040876299855,-0.0023555263680187745,-0.031092746708946267,-0.005066021648169867,13.042609779806831
16095,0.0007855321804389857,-0.00016969103342235104,0.1660267506624975,0.0024358376592699743,0.0057161453082820715,-0.007566829850042937,0.09523407145275342,0.02638019962641977,0.18942190039571613,-0.011799701158746156,-0.008052565524144096,-0.027693360103871464,-0.0037671342220112506,-0.0004122132723557246,-0.21161952289513214,0.0024396064886356736,0.06918494611593334,0.01892640645781634,-0.0009899306905806957,0.0005079758805385078,-3.5248116517069927e-06,-0.00026201720879495856,0.004021048368809426,0.008517540642462273,-0.013448750661963346,-0.001949803704101914,-0.013522040908569103,-0.008571552225536457,-0.0022571616005032016,-0.006938774309493615,-0.0005894680772940804,0.0017549749881422378,0.00013525476552962305,-1.4518482416225084e-06,5.866675181688285e-05,0.00012440844093073298,-0.0006255740725560635,0.0011995084441688568,-0.003350646366319376,-0.0005949576928375132,0.0024436303302638415,-0.08957937408931749,-0.13929874821780122,-7.8532731782203e-06,-0.0006060874959965713,-0.031832524997902546,0.009593480746331559,-0.018051088632697238,0.03854291748696156,0.0019086638978277996,13.042609779806831
21137,-0.005089977887219963,-0.006817647911362538,-0.15723253170081863,-0.10951609441359703,0.00031292775022604785,-0.0015750781035075714,-0.010581381894948593,-0.01646030111245858,-0.10299432794873446,-0.030181573694106494,-0.0034465763187580614,0.06470260965339597,-0.002681897136030482,0.0008672229495023344,-0.03505268539180394,-0.034091834049784005,-0.03137599124341855,0.004744381137164902,0.0005652230449640504,0.003096697584898954,-4.038026442952091e-06,0.00027082460542182305,-0.0041577432568571,-0.0036184998474753836,-0.0014986261199431007,0.001454320109150028,0.01091683861418762,0.018689984339663776,0.007533144924568273,0.001342545426329196,0.0033676090367037045,0.0026498216003469147,0.0005300351513829143,-5.661265053846037e-06,0.00022232223460272885,4.728830906646848e-05,-0.0004982433874511971,-0.00046314222278479473,0.002521038000843945,-0.0027121101717506478,0.0017037041277385761,0.05559160008629043,0.046506932507105046,5.496523798173055e-05,-0.00011897340749040211,0.0012296662667755304,-0.004837163244855413,0.007893371546435315,-0.04020108468072852,-0.029723610737629268,13.042609779806831
410,0.0006407994577848861,0.011565554132641995,-0.044119684686675806,-0.0006370738597869116,-0.0016468615451837511,-0.001978172199284635,-0.010471838899872953,-0.018664668979666267,-0.08264191843452053,-0.013997180832966371,0.0004984877577280581,0.011849437838667017,-0.003192395123627718,-0.0008378324929998761,-0.17114270554722746,0.00017929087118310425,-0.019663397161518492,-0.0031576700571295017,-0.0005195097151990836,-0.00030332933961144375,-5.61574043402633e-06,0.0003195592527392543,0.0025045149612016415,0.0024331148988907497,-0.002340884831350367,-0.00034525514330595156,-0.002361855964836818,-0.0106051904669055,-0.007354774353104226,-0.0012267547890171147,0.0022300381069471947,-0.0005436081856295409,-0.000987068977127366,-2.457838731525864e-06,0.00014976968574816822,0.00015508293454146469,-0.0011948129171188207,0.0006972749661887042,-0.0022538691687804496,0.00012982776396701538,0.0009732577109136879,-0.08116369064318746,-0.09345479928597074,0.00018170233574819252,-0.00029318103952002066,0.0024397343926075813,-0.0008388940469539853,0.010937046703156981,-0.007332945374682882,0.0010260713358042415,13.042609779806831
8495,-0.0009051723827686156,-0.009451885817453425,-0.19645514871804529,-0.004676093723283272,0.004813469547367905,-0.0017522325835059908,-0.011348378924591684,-0.03095150839250435,-0.17994399236280206,-0.016547123971133382,-0.0036844669928070214,-0.002916637043155604,-0.0037281967502042932,-0.0007601189469640372,-0.025287912449816163,0.03836048028609845,-0.036355908494870005,-0.0011334854279210608,0.0009414177333177176,0.003009204647088751,-6.099634249063436e-05,0.0005109491156609913,0.0011636208201457896,0.003673539552175964,-0.001815542746696668,0.0056678068183278925,0.009801161676587487,0.02153827839772653,0.006339196076463424,0.0031423476830146307,-0.0012185465581873829,7.289631966923741e-05,-0.00012792242935868704,-4.062527278505596e-06,8.851529501837945e-05,0.0005057696871779265,0.0028184972175100014,0.0028639116445731065,-0.0026228938280092847,0.0007194952545256756,0.0002425838605142705,-0.04529500195216763,-0.03285567131042877,-0.0011973153300760765,-0.0001844931316361098,0.0011500731496439911,-0.0015766886885076436,-0.009351715186822549,-0.03284024648714257,-0.00251784741373268,13.042609779806831
1597,0.0006728288171112243,0.0024150646751851137,-0.01967639595868769,-0.0016718251700049535,0.003862704812928976,-0.0017304326749542811,-0.009889044496325319,-0.02252581284017063,-0.09607034846303314,-0.010816952196916743,-0.0008159069642773042,-0.03294455198640247,0.03757827915244333,-0.0008717354293411648,-0.04210061860726195,-0.02246331893578039,-0.01815328089873395,-0.006755818091589068,0.00045478732341770387,-0.002180862908534162,-6.200785182009498e-06,-0.0002865468236020199,-0.004878732441424357,-0.009809291978388803,-0.001046554162729021,-0.013296695637609659,0.008246371674394013,0.004585987860600963,0.0074994699882333276,0.0010263372065595494,-0.008373700991120617,-0.005683913682149038,0.00024101496624941125,-7.897451262550597e-06,-0.005499206153231706,0.0002094411611482935,-0.0024447890854544635,-0.0036557662097434613,-0.0004941888607690352,-0.00021549561197856159,0.001416053197763291,-0.06086426208566336,-0.022872171099622234,-0.00011426744079053791,0.002961340891964665,0.00029777405939597474,-0.00337380746625301,0.00631479711010636,-0.0038079312860001754,-0.001175118049507546,13.042609779806831
20524,-7.84049508956779e-05,0.0022809675582292285,-0.13172494878316526,-0.08026332432861699,-0.014890542886290353,-0.001657989050724227,-0.012835469000935337,-0.0143380294279428,0.1841466519675491,-0.019550016958138638,0.0002143382807134654,0.05990672678401957,-0.0021171442425643792,-0.0015987503920559002,0.13627089034749038,0.02683509701026185,-0.028042064761061865,0.008462108312778287,-0.00010220630665581882,5.763798443206817e-05,-4.038026442952091e-06,8.618674531210895e-05,0.001524318236354003,0.007074026027898126,-0.0049242907977260905,0.0002489747668621398,0.0015800677504916815,0.005993186133960495,0.002454918954916423,0.0020756541072886343,0.005288941260033659,0.0026899864970282195,0.00016245433843869937,-3.238900849235783e-06,0.0002583096084213969,0.00014896680325446885,-0.000517702125393226,-0.0008708246810833586,-0.007011095585454416,-0.0003875540246805146,0.0007557171870027498,0.06111488858013321,0.03746791555079844,-3.6427994255147724e-05,-2.2062521704791812e-06,0.004904119399025606,0.0015063867619423987,0.010164196234005994,-0.052729133768399626,-0.023258635461464762,13.042609779806831
18801,7.091483357598986e-05,-0.009270042277463132,-0.1878763484438873,-0.004670970359157745,0.00451604473779901,-0.0018024107200377306,-0.014756395079460317,-0.11706496733116363,-0.12402083096865323,-0.017274129827990998,0.007282328265091989,0.00011040133223730864,-0.003258876826798506,-0.00036077942362521513,-0.0562556036188279,0.00048392703155697897,0.004880765447278715,-0.0018878744292342685,8.347568814519378e-05,-0.0018760474944049576,-5.4784926216738956e-06,0.00044601207138356537,0.0030156638333768376,0.003625238918503779,-0.0037310729317909493,0.017589513156529017,-0.000805810284909043,-0.011612679766370239,-0.0010908071211033438,-0.0007063488892169208,0.0025782673220124588,0.0016950240536655306,0.0016778373653283897,-3.654618188514535e-06,6.637621725641295e-05,0.0005761220680325614,0.011465152067275629,0.005477666688935644,-0.003953686189378262,-0.005193885241321759,8.74897459123182e-05,-0.07998300532751805,-0.020086514473543246,0.00012967890336488175,-0.0001624583678862577,0.009018484877056381,-0.0007205210612612076,-0.004972004523555743,-0.04150346150180626,-0.0012309119297611655,13.042609779806831
5273,-0.0004378100298926881,0.0029927704465951242,0.037650776305387545,0.0007657484950462163,0.004567264105632749,-0.006451909458244623,0.12417355264280118,-0.0253788858758747,-0.1102703721800813,-0.017728090545629238,-0.002483022966982377,-0.02107846098752642,-0.0031404201542197955,0.018759442849374384,-0.1405037998186336,0.002769772903940657,0.05323802985688728,-0.006495363719455891,0.0015643745999097051,9.39846652449066e-05,-3.5248116517069927e-06,0.0008609316410557858,0.002524760479692513,0.004427013226810421,-0.004592777483315202,0.0006568756682010545,-0.003575173265965731,-0.002612459539142715,-0.008188449050116172,-0.00170913113324663,0.0008278215942060691,-0.0014597710247810085,-0.0012786974095253137,-1.4518482416225084e-06,6.008631380707834e-05,7.572667124971254e-05,-0.0023047202076993015,0.0018477618247202832,-0.004621388345643269,-0.001108786988042074,0.0007240598241095911,-0.08322735580961957,-0.10642550605783456,-1.529421767901836e-05,-0.00033919703960239624,-0.0032258273417120403,-0.008189317560741158,-0.02676955818865073,0.0032500290409495677,-0.000983243209619565,13.042609779806831
8567,0.000586392504622838,0.006156787267339188,-0.05486943421371991,-0.004955177737293244,8.51255255757327e-05,-0.0020857619509168307,-0.010715560101875694,0.008343638159965054,-0.08208727691100984,-0.013478098671128761,3.684775500118595e-05,-0.009080508459851387,-0.002852111909839672,-0.07269927410611336,-0.2484108748573913,-0.026546924241678208,-0.02156757451016896,-0.005172123654792495,-0.0009138685561079345,0.00037282610844460625,-5.61574043402633e-06,0.0002823303103913734,0.00159196360591713,-0.003826811341627636,-0.003006934511418958,-0.0008452302412832951,0.002125704440945097,0.0015459013795404342,-0.004480984742506008,-0.0014051698755537627,0.0023408746547820347,-0.001372249071436336,0.0001171816090443653,-2.457838731525864e-06,0.00011676411301154952,0.0001589886549698149,-0.001737223091504688,-0.005540667871642792,-0.0018676516417803987,6.577771268701668e-05,-0.0005587267013850117,-0.09490303713733729,0.017029435966592333,8.183660830832158e-05,-0.000450661744583665,0.0011546285566826628,-0.004330140197389701,0.007931125980229865,-0.007545799222464912,0.0011340805756134976,13.042609779806831
1684,9.926440738430561e-05,-0.0032006834576201034,0.0026897165178651522,0.016707304774513706,0.004367927440010392,-0.002419559196291459,-0.01240038919898731,0.01931282555608339,-0.007676309863951467,0.00468127615431128,0.0005692230119905676,-0.03550099643961982,-0.00316076036400969,0.0006476387669394555,0.13229883939004858,-0.05387008172043806,0.05281206762059972,0.005650927388774919,0.0015815530451452238,-0.0014704134624400214,-6.200785182009498e-06,0.0003889212183138919,0.003335510345626002,-0.004632692580226501,-0.006911790948169579,-0.004956066204667046,0.016179707070336075,0.007668654420967464,0.005713751967995111,0.0016683366685369143,0.002900842486086854,0.00037115899648807854,0.000175443848020221,-1.7362314208617246e-06,0.00023006528170408874,0.00020286087150477367,-0.0006871039547086037,-0.00131752965055184,0.001986046394531561,-0.001961881572142517,0.00045226425780615264,0.07715364981356922,0.10902481379164917,-2.8483724734521468e-05,-0.00034489463724456077,0.003398943091150537,-0.0007505018481890947,0.003538583733717609,-0.0012554391631182291,0.002868106806319807,13.042609779806831
950,0.0013247595724957635,-0.010379988291059844,-0.09363866681738595,0.009571946019589612,0.004736471236949025,-0.0017408520504734915,-0.013214978260637004,-0.04088058014817968,-0.19107554422120096,-0.009008552972741338,0.0013866277568470686,0.02079763181567861,-0.003019941308394692,0.00020719456803508946,0.04940069098224782,-0.0002988212175068498,-0.024221744866875023,0.004267337614078797,5.261566737862865e-05,-0.0006565147169050735,-6.115997062367551e-05,0.0004763395485531896,0.0012439949916559678,0.003129838434241591,-0.0036941845836026468,0.017752105988296258,-0.006448580549382338,-0.006946983734135913,-0.002369406438397459,-0.0004749519899990302,0.0023307916258007845,0.0023989307634045753,-0.0002586696264889653,-3.654618188514535e-06,7.811953350243929e-05,0.0002515864757661231,0.0047394169637110985,0.005032186091391517,-0.01220579321736236,-0.00242337745488179,-4.2746764078272516e-05,-0.08166235078597334,-0.033354192650515965,-0.00015033832126746437,-0.00015179352313952378,0.006585100754882845,-0.00805444289842333,0.006017147065333198,-0.02716749586428932,0.001383295287779275,13.042609779806831
19184,0.0008580628532733811,0.00014165688258788913,0.1556079494333369,0.008381581188072787,-0.0013952539841544022,-0.0046647928769317235,-0.015009677668647817,-0.0167391148375833,0.17141174808563026,0.03158017632064304,-0.000925596802688982,-0.04447015225990931,-0.004306904703109218,-0.008912603493748412,0.132621397576403,-0.028402536999388807,0.03051671894091037,0.00034908671588461507,-0.0002304676632427183,0.000327986464512895,-5.61574043402633e-06,0.0003810981175562815,0.0036146178364535745,-0.004214084803433949,-0.005669488602317138,-0.0002480307583352542,0.0015925403732588448,0.0012954275658006212,0.00022218580040865089,-0.0007345464402377511,0.0013896728155707303,0.00013896520748135445,-0.0003334348439734629,-1.7902542066512128e-06,0.00032635718525161005,0.0003103978873515565,-0.0011572357049184953,-0.0008850947892450751,-0.0008334787418647831,-0.0012303055382979033,-5.609656030328437e-06,-0.04964195253805357,0.021495132434721967,-0.00013642490088764777,-0.0007272316220830017,0.004545381699499747,0.0027088965871463846,0.0017948857155526703,0.03099071278408764,0.003291706075744566,13.042609779806831
18431,0.000689140616482371,-0.0005832636599045352,0.11153680279300472,0.0027220614088166914,-0.0026748624180645193,-0.0026680748055168037,-0.017119704161855057,-0.022378122252085707,0.013760655681822293,0.02172324285935614,0.0010031592962347184,0.022961551661752778,-0.002985856032124028,0.0007332628562353043,-0.02016680987831498,0.020486547343438275,-0.0031460948032386435,-0.0040958828800459444,-0.0005068278117516542,0.0005329413835239683,-5.61574043402633e-06,0.0007178851832933238,0.003035055404273919,-0.00617517589519006,-0.0061725016077002915,-0.0003695874356417624,0.0007106792958842377,0.003664042853271295,0.004532228607593239,0.002342036249300026,-0.0013932865537992247,-0.0009967924706271037,5.755573837732e-05,-3.238900849235783e-06,0.0003290543849859483,0.00018755751941351814,-0.0009967736754459197,-0.0013942226046345424,0.0010178777755156662,-0.0005931922623979055,0.00039883997295889505,-0.06041368648429438,0.03251181724360115,-0.0001164578918139036,-0.0003386367042499083,0.002831733773442778,0.0004927806472135586,0.005190957426352152,0.02508298346607915,-0.0029292751463681666,13.042609779806831
13976,0.005895710647406677,-0.0007172708266064353,0.037252474697117996,0.009927379168792503,-0.0008312436361896959,-0.0022702407583952504,-0.015938782671798907,-0.019768808796348986,0.008204944488855972,0.024211693731955378,0.00034177000128597537,-0.023770537881879553,-0.004242362201575667,0.00637889344162831,0.1222284755414814,-0.023263798313361336,0.0005096939934007626,0.0033822562079323876,0.005702738346581203,-0.00031039972481874863,-5.61574043402633e-06,0.00031386125386948356,0.001062090821560697,-0.005842485810410165,-0.0013655662072146032,-0.0003366976779944041,0.0032740004831539283,0.001937776147052312,0.008675994932273735,0.0020087304552902333,0.001991873758272865,0.00047458132723909857,-0.00014084195697303055,-7.221421019045806e-06,0.00023558914247617742,2.5354375235430755e-05,-0.0007986708452085969,-0.0013551167127638165,0.0014055068867478567,-0.0014765844791494332,8.449715499162172e-05,0.0611705810618414,0.03896297653994134,-2.6889260326583877e-05,-0.0003663297517625013,0.004132919191316683,-0.0009210549122467416,0.0022960565176141307,-0.00016369862973091912,0.0037205902803813143,13.042609779806831
9731,0.0006766432353054222,0.01067425110697081,-0.009147026562470113,-0.004125881769191718,0.008620906838113295,-0.0022345294731405114,-0.011440106459929477,-0.01808801561034101,-0.08147270218786942,-0.01763585770768793,-0.0024362286611771668,-0.012626039086229593,-0.0038400466270849362,-0.0010377883791311633,-0.16174292453371902,-0.01637597094359999,-0.027909102520887692,-0.003138164177452166,-8.35661403593808e-05,-0.0003760718905053519,-4.626459233421365e-06,0.0005208910026273717,0.0014576180467844042,0.0022582410745027332,-0.003997393732768393,0.0010732904807877002,-0.0032140965493118226,-0.013580054304202508,-0.008556258762473791,-0.0010060381208192293,0.0018141209390107724,-0.00019666978258070497,-0.0010704966367243414,-2.457838731525864e-06,9.274029178224918e-05,0.0001862032857045466,-0.001201800194463698,0.0021806689433577445,-0.004545263202147412,0.0002710428222728389,0.0013651551162782345,-0.07816264882793128,-0.09152127807969734,-1.1543471396985277e-05,-0.00035095844635269434,0.0004411721844284191,0.00010813026647951034,0.011545027071392946,0.003192354397718347,0.0010799923864240695,13.042609779806831
10042,0.00034842128303392666,0.010046598514848754,0.008729259034462653,0.002494799679426921,-0.0015496488486048908,-0.002240906405253728,-0.009847018453578289,-0.01587481730189442,-0.09070383134691395,0.004802597829329024,0.001612096177091755,0.022395359256067865,-0.003618793404485277,-0.0006862156917494668,-0.22156652412286046,-0.0031765386502657458,-0.01713865453824776,-0.006730400756693516,0.00014522751085469397,0.0009150509066425354,-5.61574043402633e-06,-0.0003964940482710959,-0.004599812277838101,-0.003612552797871598,-0.0036580243286448034,-0.0015959572265038502,-0.004516945792237434,-0.0011177128768909625,-0.011293992376180681,-0.0013538600869870828,-0.003213015106177724,-0.0006126578166279542,0.00045549024778013974,-2.457838731525864e-06,0.00011070920993901348,0.0001448278275628638,-0.0017554934134441922,0.0010845750933400904,-0.0022763742830692554,-0.00038302651736015663,0.0004203160549666023,-0.08559442761373137,-0.10080557271826263,0.00017290918137478784,-0.0003328642633331333,0.000677978821440549,-0.00020907268192742778,0.007505259589417899,0.0010879233479920774,0.0003897324367076165,13.042609779806831
2822,0.00022283562429450477,0.0036872217247753652,0.06230293310995475,-0.015258531609829555,-0.0016934867465800733,-0.002253869407676166,-0.011356926796810787,-0.030599183286544714,-0.09358004355001386,0.01738830840403218,0.00029373292525034314,0.012401141167063142,-0.0029786956346225346,-0.0006086771587953807,0.06721790503824807,-0.015786973953484187,0.05047392522737606,-0.0010065579637663238,0.0064848789275354195,0.0013225000940823362,-5.581125389967299e-06,0.002266933934151646,-0.004910353861704843,-0.0015540156742991783,-0.005026837257893377,-0.003669271828940363,0.008150741041864687,0.009958854457759509,0.007351759197813613,0.0038015770411546734,-0.005124309108890923,-0.003761242069421933,0.0035087959550701045,-2.4029116778398554e-06,0.00023641462793453434,-0.0010380389805337764,-0.0010847948742571817,0.0003045036149692283,-0.005916834936780143,-0.0004448133961423572,5.970930110619567e-05,-0.04564265988096882,-0.04873745981544937,-0.00013378453831605776,-6.360555493918035e-05,0.002761051784696107,-0.004241483364476134,0.007201481859880358,0.007893202790139024,-0.005170069844223673,13.042609779806831
7053,0.001011941940498598,0.0013039403855664643,0.1344982827975269,0.006149812035546684,-0.00320469887442421,-0.004398135679469043,-0.02577019994191912,-0.02095680311703939,0.28243287180636567,0.03469485960360469,0.0008877608582554959,-0.0006453075320127697,-0.004032190993212594,-0.0010338951064639663,0.12833347549090646,-0.0342357105128128,0.020806047112139667,-0.005334785456951578,-0.00031877298008229916,-0.006219294414159664,-6.809756164343423e-06,0.00015603785824253524,0.0038839408798255538,-0.009067792015720309,-0.006301562511555226,-0.0007205558638013018,-0.003277216946372263,-0.002002159223829388,-0.0019062495466293915,-0.00037749604870956406,0.0004090271576422304,0.0018649583010514994,-0.00031091407279200037,-2.5782456438389804e-06,0.00016333731298072483,0.00021607898815480047,-0.0006921701816143549,-0.0008721362853892341,0.004353487913231828,-8.203820228206061e-05,-2.156896370339392e-05,0.04105233470367341,0.030329393252414648,-2.060572411556139e-05,-0.0002335281272851702,0.004135543925052096,-0.0010065588392986929,0.003676919958565092,0.03950414638588304,0.003800348480859363,13.042609779806831
13280,0.0023992775758578306,0.01134392788502823,0.21954643287837164,0.003496098820700748,-0.0013246637751678576,-0.008668863625787,0.06905545353311736,0.018110396940696282,0.4266447072433255,0.013228855438421377,-0.01443977683559259,0.031326736298167915,-0.0036794134715037517,-0.002890440855372468,0.13233438896440639,0.058044203951406186,0.04219461592266607,0.006796805201383603,-0.00019720290813255069,-7.522585671593009e-05,-3.7625021742603873e-06,0.00026080954182706735,0.0052088502612300715,-0.00685906625813153,-0.014588724816408936,-0.00269884827369742,-0.004512624258755978,0.007455668568334149,0.004805390062139696,0.005038339789284351,-0.0011939069664117505,0.0004171771550208832,0.00039436956952665966,-2.049756503454215e-06,9.740248707607794e-05,0.00021609087815812974,-0.0017182614559428937,-0.0016753842728230803,0.0018458344778449834,-0.001704837908891515,-0.0006089532481246925,0.11411178257927912,0.08199043509694687,0.00011681447327687953,-0.0004241185008243982,-0.013353980809665836,-0.015143018333968476,0.003414899024789377,0.05089125631628027,0.004679460789401397,13.042609779806831
4276,0.001998060307613848,0.007141774061790066,-0.07448935202081003,-0.003552202475419825,0.0034961428323513695,-0.0020646338652226433,-0.011575709744347603,0.021237618587534795,-0.08720789828535302,-0.009441012925700527,-0.0002786293588523482,-0.03061240565722407,-0.0025996339074786704,-0.0007707316027006503,-0.20308058965164535,-0.019662900451716092,-0.028951235580158385,-0.005354680243793008,-0.00012731951422572505,-0.0003088894880136074,-5.61574043402633e-06,0.0002681296449075538,0.001469037699585232,0.0023724934446782394,-0.0013589505260002519,-0.0013787947218748243,-0.0014519650921149567,-0.010183507159975628,-0.005060470970719425,-0.003265599126299361,0.0014044617628258525,-0.000722449477169744,6.0347148125119006e-05,-2.457838731525864e-06,8.998629147444083e-05,0.00019741790325037074,0.00011334271516180121,0.0010534633493953969,-0.002067660142598549,-0.00040873712139794226,0.0006416122576979131,-0.08023489723519804,-0.09552161745359522,1.0117706724579987e-05,-0.00025354839446426993,0.001178766399237061,-0.003782350070740075,-0.014573711160695984,-0.017222938360569297,0.0019457205351720752,13.042609779806831
6056,0.007055392300524833,0.001673230101916703,-0.09310249100378044,0.005860967698277749,0.002533533247179415,-0.0017332435130561553,-0.010829889176697891,0.017293521545748106,-0.08755246697931031,-0.0018617417906294737,-0.000569800945781801,-0.03630288818564156,-0.002510939995483952,0.004270582275619148,0.17229262046122165,-0.05510382299536003,-0.023416368423592925,-0.002447803370601982,0.0004773762217223171,0.00043304523588105586,-5.61574043402633e-06,0.00014324368190958797,0.0018305100607981354,-0.012649595513608985,-0.003649472243114342,0.0006678312326312985,0.0018630024771441127,0.006698197381862374,0.004467860800017208,-0.0005456663727965253,0.0023484073320844587,0.0010687031473907399,0.00010140377984932786,-6.440358901335884e-06,0.00016128928629812803,0.0001799343021302826,0.00010893791921255237,-0.000819303965721546,0.00037688593887950337,-0.0011074923049808607,0.0003423285162358933,0.06257994644801491,0.03925136538479731,-2.6464498163406227e-05,-0.0001540844250815597,0.0017418875376774682,-0.005937084612756634,-0.0065071332419963535,-0.030306641566132556,0.003979848613690996,13.042609779806831
11667,0.007036769676377536,0.0002916625035431924,-0.06225265992120362,-0.017642941632482877,0.0013127594356118406,-0.0016705930157847099,-0.008952415974916555,0.029116682435003077,-0.08881614286150612,-0.005557140216566988,-0.00011289172453088418,0.017683119655274564,-0.0020347194149175824,-0.001457689538847305,0.25047618080081113,0.05031966232716522,-0.011798431834472168,0.01277776608136638,-0.0001265798845780935,0.00026251081124124235,-6.809756164343423e-06,0.0001473323646332428,0.002358043217611711,0.006444309838258733,-0.0032713074712500626,0.0011611053377224958,-0.002171853712568161,0.002091534051205204,-7.381492797522418e-05,9.79328377202961e-06,-0.0005521260783341362,-0.00036482450078768853,3.1119182107698814e-06,-3.654618188514535e-06,0.0001496947586141081,0.00019523612956888367,-0.001586701009637219,-0.0015664156602611344,0.00048676250636793235,-0.0012373175842372473,6.326712947269125e-05,0.11948866405634997,0.09399372513841843,-1.541199112016146e-05,-0.0001288652882388646,0.004817160040773021,-0.0002509333442238393,-0.010800218745461389,-0.01788426733836022,0.002061047616857056,13.042609779806831
13437,0.00036780873221751715,0.005265953974263962,0.001891971257242254,-0.00129470838576173,0.003466240123843625,-0.001728101646547601,-0.01264221814998634,0.034149022780490396,-0.08668455602586442,-0.014645906944166986,0.00012904267136958102,-0.018656065621086446,-0.0019143583293494393,0.00045135846179111144,0.1851643211481815,0.01997008853999952,0.0088178236154833,-0.0005684268691977312,-0.001854531197547468,-8.482789580627865e-05,-3.4489312137080308e-06,0.00014911138066512616,0.0021054135541759143,0.0066284591902831215,0.004459490492384872,0.02486760675468032,0.007424688995873517,-0.0020354444190895295,-0.001065514827119442,0.0009807387235885566,0.003206575119471871,0.0010067658804487538,1.4225523689307575e-05,-2.457838731525864e-06,9.333998651359787e-05,0.00013274607863510108,0.013560184168501958,0.0068079330301549544,-0.004392494820875357,-0.0023663602554733773,0.000790101259647504,-0.0815106253274859,-0.02191299247983829,0.00012967890336488175,-0.00019708314457519085,-0.01719912642824457,-0.0038557865731239814,0.0102408428421978,-0.0033410919335506812,-0.007949312804732725,13.042609779806831
12757,-0.0034406157711439856,-0.012016617885056997,-0.2573668320277901,-0.05386026906447541,0.004688565855316367,-0.0015628423569673468,-0.009240470410358137,-0.018536430925397,-0.21265742590904863,-0.06529519678616906,-0.0008814659235929295,-0.027209254271998926,-0.0026689066955263283,-0.0023896959800929376,0.18698236140244986,0.046619576368790466,-0.023362757134071967,-0.0008929837743001928,0.003424302550119237,0.0002377208319054937,-6.099634249063436e-05,0.00025471939802825064,0.001247369373786173,0.011101738452771074,-0.0031061736158277085,-0.0006973417651712872,0.004664347719748376,0.014925319142794387,-5.089403427394689e-05,0.0016032029181242862,0.0031326251978490254,0.0034396040249611627,9.41603019801606e-05,-4.062527278505596e-06,5.8010083730942226e-05,0.0004899803904152933,-0.0021442340613729996,-0.0003247628336284048,0.0013126358246948876,-0.0009158438330788272,0.00041647902828962166,0.10085766050428044,0.06572178566398619,-0.00023536274593466367,-3.4284186425081866e-05,0.0031399921310325315,0.023324428457889897,-0.006486771562650226,-0.07178601349931299,-0.025861214058035674,13.042609779806831
6409,6.216990093296852e-05,-8.263776403582105e-05,0.09534572049341902,0.006355249703462096,0.0038806440688827744,-0.00524206013498644,0.0649760548037918,0.03299187387582157,0.013970059892743539,-0.016397884659400567,-0.013266240278362306,-0.007719232758490954,-0.004215770574085644,-0.0011093042140018145,0.10796552302845604,0.03167915631888927,-0.014708047864755191,-0.0004417483419134323,0.00047342393208933247,0.0008715826477643283,-3.7625021742603873e-06,0.00021264148947199105,0.0037076363805161523,-0.006009767108345148,-0.0037456043099564104,-0.0015881594508018126,0.0042103777049752175,0.006499012500574671,0.0031092341525909718,0.0005677379327468832,0.0031227558326574084,0.0001915675822578804,0.00012789986176114105,-4.062527278505596e-06,9.899935527159166e-05,0.00020993012032438312,-0.0012732659089621826,-0.001641195503454037,-0.00044228675324971343,-0.0005721296110057545,-0.0015526760160439045,0.05044008315597039,0.04844711813661203,0.00015798166991398525,-0.0002165638124393043,-0.02586742618039977,-0.001884438465432134,0.0002371370180783695,0.028204408988634137,0.001926486979503371,13.042609779806831
18985,-0.0006422785718424547,-0.008524597255832723,-0.17756061504480883,0.0017409734183107717,0.003128690960768774,-0.0014553532083468631,-0.008667246143367467,-0.017710844175092083,-0.09931813116086433,-0.03828765933544009,0.010192329260065611,0.004759840875009578,-0.0031377563351512824,-0.003240175863111245,0.21358158355648946,0.008806045039004133,-0.03770303692441396,-0.002696784084685288,-0.003321258467866488,-0.0008580703222823766,-5.744850035126559e-06,0.0002445169780706634,0.0020384009436675713,-0.008876860508155135,-0.0042274314447875725,0.00020623427173884905,-0.0003788614036969592,0.0011663087830363376,-0.0008766791605331325,0.00042373089007419836,-0.004406023988829977,-0.0008006025503850926,1.3424916587443903e-05,-3.654618188514535e-06,0.00015786979473564222,0.0005283571117270532,-0.0018948171737900067,-0.0008767681664999188,0.006211878882480641,-0.0012059388858550366,-0.0022830294189718457,0.12041410754077835,0.08954696509593756,0.00013771491396825057,-0.0001565063510368463,0.01795608236338719,-0.009903682452273034,-0.005291328088204336,-0.03239883255889693,-0.003897230727604169,13.042609779806831
5348,0.004096063991342193,0.001408811204161458,0.03763638191053935,-0.01001760982591168,0.0019359805091855246,-0.001838835738170019,-0.011978548880999066,0.024027847476081155,-0.09614278881973526,-0.013435912092209906,-0.0034597912934183853,0.00127420730165533,-0.002537656520418275,-0.0014941291312391138,0.21869673999665326,0.03734112150247699,-0.02249647959998864,0.005624861628144262,-0.002024167073503768,0.00021939917300700873,-4.007220822214023e-06,0.00018920231606734162,0.0019406511649963998,0.004625066803991782,-0.002410536898756487,0.0003458050063110888,-0.005655201458152118,0.0027278329029031927,-0.0003473323712675388,0.0012449835238002218,-0.0021297531381129315,-0.0008753114300049156,4.4581501766404353e-07,-3.654618188514535e-06,0.00014393329333058644,0.00012291112165858483,-0.001740135025989763,-0.0015180074866979498,0.00040012789992686167,-0.0018396764614064954,0.00013605297842876222,0.11573407560888424,0.10217027879288958,0.00013778516950260284,-0.00023200107158813165,-0.01597658013491211,0.003415639064206801,-0.01195171409454802,0.015149857426343814,0.000974589101372956,13.042609779806831
9081,0.003771793638567866,-0.000530877970585781,0.06643738919716874,0.04864186288403757,0.003510892675624578,-0.0024826552146607205,-0.01639734978625405,0.027845142295653172,0.013444892029840491,-0.012183204206815134,0.0021924324788234056,-0.017078170759417317,-0.002240923012075471,0.0009897127168084954,0.09512499972349168,-0.02849718308797826,0.06558652528032602,0.0058678255988190665,-0.0008866316003029208,0.0017944745113006714,-5.61574043402633e-06,0.00043029918449655343,-0.015572210395941503,-0.008425482768079565,0.002396620966859426,-0.0044262029524734505,0.0022245242372134996,0.0016003318842790324,0.005127124301816427,0.00020564782069258186,-0.0032122013085395165,0.0009267891803038318,-0.00047502207140685327,-1.7902542066512128e-06,0.00017465522217077824,0.001630427955305616,-0.001784585288545367,-0.00035668914972408403,0.002078958893700661,-0.006506551838262685,-0.0003025714974187114,0.05062309830849625,0.03587284335787744,0.0001474826199332019,-0.0003350235394644465,0.01169567874607649,0.0028170132166249417,-0.009667836038155702,-0.001987256937941765,0.010603364360300018,13.042609779806831
5192,-0.00027577145296362176,0.0007090226667609276,-0.0019198049809886096,0.07745902870253253,0.006065901832063403,-0.0024571888252348266,-0.01425647366068996,-0.02089067028215497,0.0099836983917284,-0.010055322903937677,-0.0026620987297163337,-0.035502196728345335,-0.003839522127935173,0.007536018241294996,0.12386760446548256,-0.012785084725172957,0.044046568790815754,0.0016829272318308506,-0.0007382333717041622,-0.0004247250209332593,-5.61574043402633e-06,0.0017858489420573005,0.003534731797951305,0.002945600625234782,-0.003941097286527617,0.00047909231906582484,0.00023927520207973644,0.0008028502190586254,0.0001099474114466079,0.0007628720479948128,0.0049215890063878335,0.0009286306286712151,0.0005981355417674968,-1.7902542066512128e-06,0.00019408089049583285,0.0007074702080880653,-0.0010274793048494267,-0.001361467268508692,9.145582857216122e-05,-0.0011691325329091955,-0.00014683219723362814,-0.0418775807189137,0.03438927415666347,0.0006010826724534506,-0.0004906842552736594,0.003325784983334409,0.0020757523764295127,0.00020192121280903234,0.001961346956055575,0.018402937701714125,13.042609779806831
8694,0.0011392157485590176,0.0024924205197938126,0.055190186571223945,0.003644258704646658,0.004438656343973671,-0.005456287921235968,0.10239236771320344,0.020473863464655163,0.0008348943909367319,-0.011347381203122425,0.0002041161517538261,-0.024153736348723993,-0.003313221863776682,-0.0033207837053833376,-0.16110113521610495,0.0026333463458176076,0.04283577751126098,-0.013625118104618493,-9.324856889783228e-05,0.00013531050336722822,-5.61574043402633e-06,0.0023366013851231875,0.003379266464523834,0.007005441279982139,0.0032853428242010504,-0.000386609146520232,0.0017862187992064107,0.0011466788005091463,0.025397982541261906,0.006646217575116725,0.000808754865917496,0.0020959118223807757,0.00021697450338069627,-1.7362314208617246e-06,0.00010881739598140707,0.00015290541726570766,-0.0002926055508652635,0.00023608624983199644,-0.004331012329066152,-0.0005196404913118355,0.0011466155923791383,-0.03078318734273806,-0.020646927584722776,0.00047859539035721195,-0.0004094499284354898,-0.005265786186456262,-0.0043549397641117135,0.00147196254487552,0.014689378262768145,0.0017897010389218621,13.042609779806831
13144,-0.0029079547874092063,-0.011777658847193692,-0.15731127260554809,-0.017819925371429058,0.00228014904533445,-0.0016306477366041586,-0.01000418564142669,0.030549825332695055,-0.1583302037354642,-0.025425662195204382,-0.001340112312173235,0.013858574254678301,-0.001537865194097785,-8.315066235468744e-05,0.17356200190611648,0.05397982209677124,-0.0019552438195866995,0.0005770915223055991,0.0026778934070121594,0.0005429546848861079,-5.9596638945203255e-05,0.00024703562085125923,0.0013686294474138745,4.431018242958837e-05,-0.0026072230542541117,-0.00084548996247796,0.0009068919202677581,-0.0012067624114956907,-0.0009708761723977523,-0.0006712155627084591,0.002348710737053583,0.004196128986812679,0.00010889776136497154,-3.654618188514535e-06,9.099080630285854e-05,0.00029151154696264536,-0.0014706719385440949,-0.0023146217420553857,0.0016023460057886325,-0.001383857724953688,0.00029996737878724495,0.07531727376446708,0.06086810617479194,-0.000232602377873903,-0.0001038235616995045,0.004606890070667738,-0.0018886375919767908,-0.0028450958869242517,-0.03722516716705702,-0.010362442453216221,13.042609779806831
5930,0.0011086145717469815,-0.0032172398373109803,0.03184458495950175,-0.0025917665575645133,-0.0026416099454501353,-0.0022327089287972122,-0.014237530333540234,-0.01823946333769205,0.009874934547202915,0.015637308367216118,0.0006842589115432214,0.0168687461503385,-0.0033744917155100152,-0.0686964453574205,-0.259408990981717,-0.000932138567259296,0.041985623423653674,-0.007717994250397603,-0.0008022902415604859,0.00018303464219390813,-5.61574043402633e-06,0.001832577507492801,0.0017402671609464337,-0.0013945248500404758,-0.005828528141216617,-0.00021045421169253156,0.000650761045188762,9.085389057308294e-05,-0.003266438246771045,-0.0022979889833809443,0.002708883514349417,-0.001899321819652668,6.186788066962125e-05,-1.4518482416225084e-06,0.0002133170055795129,0.00011281195867732578,-0.0018141231068545787,-0.003004078895845659,-0.0010764074180957298,-0.0003435551272528748,-0.0007497586099979814,-0.059615558916719505,0.00460870807911987,7.81429732191491e-05,-0.0005064897274354728,0.002068688051330967,-0.0017163994432267808,0.0031595523930665445,0.0018640418270341299,0.0010673322276805756,13.042609779806831
10442,0.0009382826501622713,0.010879463298822181,-0.044885301050933774,-0.016599929323902363,-0.000374620284805875,-0.002091142234340607,-0.00913230319505377,0.01863076520045873,-0.0963293918896787,-0.015276674868888783,0.0012941195273986517,-0.018003550138280897,-0.0027857615892732863,-0.0005508246238972375,-0.2748663249923578,-0.002225349192792722,-0.0284934192167422,-0.003520970062329715,-0.003287315391152026,0.00012795279460816355,-5.61574043402633e-06,0.0001577272476411796,-0.0029944347965442882,-0.0043237668802160074,-0.003230156141291438,-0.0017910652794595053,-0.008761635662192983,-0.0032448929602492873,-0.009383292209680203,-0.0021278002850129204,-0.0034032945527204643,-0.0017715965605027268,-7.245289125262938e-06,-2.457838731525864e-06,0.00010659827399936753,0.00010961992686146748,-0.0030319444624182265,0.001385879452886231,-0.0031716628520084686,-0.0001908403459782479,-0.0002900884297662489,-0.08469108879388772,-0.09854697395585806,-1.953604113186635e-05,-0.00022103447264620093,-9.786238886960178e-05,-0.0024395870191787116,0.009627033990940257,-0.01770043967605959,-0.0064290473479603405,13.042609779806831
17880,-0.00129018196386922,-0.008876302477082779,-0.19742277627270258,-0.004586557089727798,0.004597541436511237,-0.0056346116589502445,0.0839813891919274,-0.03091179357186231,-0.10629293101891706,-0.020378882336523883,-0.0031248264342483055,0.019306169857029588,-0.003186493954925596,-0.0010106790317650348,0.0836785902055764,0.05001707646349756,-0.03613939942596542,-0.003061412446036995,0.0013143921144886327,0.0003196664949368036,-5.610005148240405e-06,0.0005889280775771089,0.002524402138266015,0.0029767807987572063,-0.002453652183308365,0.0051193274169989925,0.0027048348192787383,0.0053996246216289345,0.003658094424740675,0.002721364983047078,-0.0001669925501699993,-0.0007825330640715979,-8.463284263978402e-05,-4.062527278505596e-06,8.27654686081833e-05,0.0005051737704033847,0.0018878551274456106,0.001644499077507746,-0.010865425279886518,-0.0006356005233834057,0.0003064586423024042,-0.06212293945358595,-0.018519505091304487,-7.879027125264006e-05,-0.0001465135286243724,0.0013126628815217545,-0.00048409705188545623,-0.006101505686026717,-0.045756075383618304,-0.005785211069849835,13.042609779806831
17972,0.000420054021454776,0.0019469653488833488,0.017648262380942484,-0.007950500445811257,-0.0018859645238550069,-0.0025555404385945554,-0.01521253813035136,-0.018241345692450173,0.17534322725432439,0.01971337617359911,0.0009906666217634863,0.0128181214375322,-0.0031731003517156686,-0.0009383426644027341,-0.1734774009994644,-0.012795027515352064,0.036482535297798956,-0.008484818846401215,-0.00029292573125856036,-0.0001028415843111397,-5.61574043402633e-06,-0.002809750715501624,-0.0050941762356587145,-0.00999745871565791,-0.00310503033447492,-0.00042494714769687465,-0.006194037279957684,-0.0023009796603215378,-0.0050687490518620745,-0.005606870665040623,0.0015537579209751184,-0.0013021929838281363,-0.00030499825241342193,-2.5782456438389804e-06,0.0002564017270536428,0.00020311193959606885,-0.0013370047430971304,-0.0020005466424210206,-0.0018667019739465303,-0.00013736496430937956,-0.0003110498516219531,-0.0372576554722112,-0.06273238793215385,7.81429732191491e-05,-0.00019302673406917817,0.0020285799979078345,0.0036486373421278045,0.00735865493967718,-0.005500011644109808,-0.002738082761906017,13.042609779806831
2922,0.00041140043181352995,-0.0003782819526969526,-0.017377836773837287,-0.006709454618749609,-0.0011180788570470594,-0.00231319191705245,-0.014014425906394344,-0.0238281566961918,0.012924411981253341,0.016423452277029786,-0.00018054075127151524,0.0035102018497332106,-0.0038269980676516034,0.008254344615554602,0.14452938822611436,-0.009997146554887518,-0.00575569000770883,0.0005996739132281296,0.0004167772117192775,0.00024787822310948395,-5.61574043402633e-06,0.00045061405811676477,0.0016603348552332656,-0.002177573075989226,-0.005273583816132054,-0.0006955400142396981,0.0010430134152675126,0.0010877575615389407,0.0005512273440099687,-0.0007092937073473867,0.003694584642146438,0.0010341519144223715,7.760181587910415e-05,-3.2628463888164725e-06,0.0003297304272070766,0.0003225990494273421,-0.0014168433028903097,-0.003077514260495727,0.0001927223952806644,-0.0008388446274376154,3.952212128277717e-05,-0.05739489581864783,0.043935357587729096,-0.00011843765123316337,-0.0003074273676535467,0.0032675418866753296,-0.0014340518053274922,0.005987335622316436,0.0010817030861918337,-0.0030430672113826193,13.042609779806831
980,0.00016976353991216483,0.0054119288558377035,-0.01588918903831199,0.0038266056990679067,0.004154725634361195,-0.0019395301675255987,-0.01373568090399189,0.023883962855244443,-0.01259143652662304,-0.021636262019074187,0.0009334765255652854,-0.024095631332656766,-0.0030142838600436517,0.02317573614402677,-0.16252032991179738,0.015154883360503904,-0.015442712271486097,-0.006432627366966697,0.00022624118376429492,0.00013250154351147298,-5.61574043402633e-06,0.00026980402883344687,0.0009687037434442183,0.008103360694753158,-0.00414160117775277,0.0008167697097403373,-0.0024768696023004283,-0.000753173198745595,-0.009849529195521565,-0.0010569076872007203,0.002985703064707997,0.003224880998941061,0.0001832336071338433,-2.457838731525864e-06,0.00020004078442387282,0.0001000122381192769,-0.0012387922860465999,0.0006572104328625042,-0.004574122651200289,-4.795499760013639e-05,-0.0012267076992711903,-0.08522220878872241,-0.11516739288901053,-1.3383716770825714e-05,-0.0003283786900799605,0.009819801305874199,-0.005297590819138978,0.007423241194579766,-0.0002666127164060258,0.002161285750513256,13.042609779806831
15883,-0.003251860536998091,0.0033291108295001822,0.00436757583528963,0.02338957958967399,-0.0020652058981407697,-0.0019686020071532423,-0.013624415860714337,-0.02334136723366903,0.012793498259876766,0.009342396267322318,0.001143371128153533,-0.004456146281775306,-0.0035045636705738742,-0.0008713845833872921,0.09329373189209555,-0.025625963543764164,-0.004967773582296041,0.0024570536267505124,0.005443489510936835,0.0027101564963024263,-6.200785182009498e-06,-0.001101188331623339,-0.010483874520028847,-0.002742168272875374,-0.004327074635986374,-0.002959751159477002,-0.0014260747475127516,0.005821877395441155,0.008651999174843954,0.0008392545375888318,-0.00908994820879386,-0.002659448885956024,-0.0002981037494825579,-5.661265053846037e-06,-0.007588227223898394,-0.008892355263491825,-0.001530345306160776,0.00777203826396765,-0.005352398730937053,-0.0006853972545949193,0.0055669986184158915,-0.061143988584088454,-0.04409097805768531,-0.00010219696427371263,-0.00013744999155109947,0.0031718176296989292,-0.0052399329604555615,0.002806684397502289,0.0007738582335681786,0.004758793494247744,13.042609779806831
9098,0.001233255141956941,-0.002090385987961786,0.025879052731289143,-0.011429888188834024,-0.0025675363092365513,-0.002450357414481265,-0.019168403242776844,-0.023048259118615664,0.18754742160132423,0.018371569140839712,-0.001136752739072796,0.017685794475224666,-0.002884389063641769,-0.00022459265720621671,-0.019260747586023867,0.022815477023658253,0.024160347146059847,0.003336228164508695,-0.0015868076696800247,-0.0005198810715879861,-5.61574043402633e-06,0.001880930738990955,0.0015084805500226064,-0.0072765522336754,-0.012072404845797132,-0.0020975323505240803,0.0024666422514858116,0.003949107752016385,0.00530506249918018,0.0031883089244657383,-0.0017249806666754899,0.00014451855670390853,-3.243894628415513e-05,-1.7362314208617246e-06,0.00032718911280470517,0.00018203120671060288,-0.001010496329426664,-0.0012318263931378496,0.001895412882430313,-0.0016643099014654248,0.001182905558250151,-0.06404326152342688,0.02075257479085874,-0.0001337845383160578,-0.00018165786089284787,0.002573170499006024,-0.001724227762084689,0.004992838314568016,0.0096154374313379,-0.001461372594329586,13.042609779806831
8022,0.0015725917806490848,0.003309368275319859,0.06500227324878285,-0.017354587696617806,-0.0016329077904613958,-0.002310849947068784,-0.011573519692303667,-0.016901025080952925,0.002614694290759423,0.015549416534943048,0.000946007191371222,0.020820880370769144,-0.003355818224156856,-0.00043255474469150164,-0.1966077974392671,-0.0002778268644486318,0.034266622547640214,-0.010987961196485868,0.0010042895389909435,0.00017173166034792318,-5.61574043402633e-06,-0.0026087781979055097,-0.006814680213999877,-0.002644323215209397,-0.003044165359358832,-0.00039309414709886133,0.0017468703415688147,0.004417054645022001,0.004489909323029487,-0.0026553291757270415,0.0010228338685422658,0.0011193511896723772,0.00010938476348765454,-1.7902542066512128e-06,0.0003288565845628517,0.00019611070304665992,-0.0018566243939812414,-0.0017012759540068227,-0.00033630027267029025,-0.00040818796671994705,-0.0002977009552811524,-0.05723368741817168,-0.08537664420352342,-7.84900376558189e-05,-0.0003526030806267324,0.0016269499279551415,-0.003997501619431593,0.004670452359511083,0.020699402897425626,-0.003716219805651388,13.042609779806831
20792,-0.005492473331733431,0.0009369650415991809,-0.11637851353912367,-0.08618420944418033,0.0008165752142363882,-0.001316302686892433,-0.008348580283037392,-0.01243716073955279,0.002513486952966144,-0.039258433446671494,0.005515075892587732,0.09555214941505097,-0.00208165272751265,-0.0019880144312028106,0.219574483684442,0.019639778812212762,-0.0313546903165651,7.528209075060171e-05,0.0013202462691286807,-0.0016621595897984144,-4.16438766658567e-06,0.0001270327219821495,0.0021141162471234294,-0.008250549111689712,0.05577897255702439,-0.00039179276314567075,0.0050069534065706875,0.010828899138471603,0.005708496079882371,-0.0018504846918105304,0.005561559013241874,-0.0016361209694055133,0.0005079351524396744,-3.238900849235783e-06,0.00018692821964079036,0.00020614855094903015,-0.0012521675149632296,0.00013914691194110335,0.006094427891600877,-0.0004114762737882227,0.00031453368922794564,0.0930082664480873,0.10041232417746591,8.394693199061841e-05,-6.607386146032417e-05,0.007338444849487776,0.006502002785448876,0.003916049293340308,-0.018422409865757643,-0.02090113913136492,13.042609779806831
4618,0.000875675906866858,0.014339327994435375,-0.007482915406059688,-0.013967360985700313,0.002423074129833855,-0.0023547381695051,-0.01316747537317636,-0.026256370342110175,-0.18224590099159257,-0.014650865269522017,-0.00011760258690664754,0.012477236517448233,-0.003298928060428138,0.0023097840850715826,-0.006181119792449909,-0.00483508504469569,-0.023859479094995244,0.0008869293672108916,0.0014821944341303548,0.0005237803553310651,-6.115997062367551e-05,0.000508408954199396,0.0017313211227341354,0.006218057348959811,-0.007665577189970178,0.0020073646025551297,-0.004228987231463851,0.009384699906595883,0.014678553721758317,0.001515316090584459,-0.0034926661487337174,-0.002682534803219188,-0.0012387020123492013,-3.654618188514535e-06,8.055482044598405e-05,0.0004718382796414612,0.011812489018252798,0.003456737990254074,0.0016105348346827709,0.0007821613195431671,-7.462250711001836e-05,-0.07554805076166321,-0.0929383652061412,0.0007972355130841477,-0.0003902935542023371,-0.006564781190321418,0.001424972370925799,0.0066111068505164,5.159175039657789e-05,-0.0030479735333476484,13.042609779806831
4248,0.00274290850621356,0.004104492901989516,0.12622437132737896,-0.008688235038086183,-0.0011587446280566464,-0.002878005346701621,-0.015822568941045,-0.01795952844792612,0.010586790359387243,0.0337170547503839,0.0013069682309095473,0.03681307408253114,-0.003496135103821616,-0.000626658111159435,0.10015880585579301,-0.02294115535220981,0.03010810363405628,-0.0005743876557335759,-0.0002531153882997682,-9.349406588241417e-05,-6.809756164343423e-06,0.0002498350799844686,0.0020717947173279254,-0.0062645092262978725,-0.0004726224593383965,0.00010846809558342492,-0.009750836210097358,-0.001818741904676307,-0.0015342050279870169,-0.0006108707560358136,0.0031825138812640293,0.003068463974137118,1.6461986094992252e-05,-2.5782456438389804e-06,0.00029963332805930053,0.00019125848623133618,-0.0006351392090856706,-0.001186901751570051,6.946287101679784e-05,-0.00042586466488847823,0.0003745922570659549,0.06235813790910923,0.052696296455657335,-3.246155636668276e-05,-0.00031324235947588177,0.0010676144500167562,-0.0009915333828206662,0.004408520458307495,0.03826887163609664,-0.0028046657238323188,13.042609779806831
16150,4.1186840435297184e-05,0.0031675533298015078,0.1403515729383039,-0.012629414382753118,-0.0012788316046093672,-0.002640642770793127,-0.013520008712922606,-0.03028884751038925,-0.09238187849036844,0.017954351109701904,0.0002017968714581852,0.007912226998962943,-0.0030351999253677812,-0.0006950640688268665,0.027517970032763402,-0.028281037918156567,0.03401474192599774,-0.00016525274243527736,0.007540926157994184,0.0016783392292669661,-5.581125389967299e-06,0.0008865813402088343,-0.006526007412742604,-0.0021180173682977597,-0.010758023578869118,6.567746246860854e-05,0.010583545266687892,0.012219523149713111,0.012250310273045923,0.0035804231599569037,-0.01407259937268634,-0.0032199660179955476,0.0033359280031435624,-2.4029116778398554e-06,0.00023641462793453434,-0.0010326898815310897,-0.0011308689827023261,0.0004790687963497223,-0.0006372809420597578,2.3804047436215035e-05,-8.274726854781842e-05,-0.0355668504398795,-0.0574137502404722,-0.00013378453831605776,-7.736672796691291e-05,0.002881396252041747,2.8913216895379535e-05,0.005796269368335542,0.032794922999381686,-0.002776831673074659,13.042609779806831
17990,-0.0013207497768377367,-0.012853325548611372,-0.18300069240321323,-0.09739341137265095,0.002288648862212427,-0.0015886680749873472,-0.010060341707386343,-0.0171195140365388,-0.11549867692248797,-0.033860363470668155,-8.745341643555605e-05,0.02369335483200811,-0.002487358996390944,0.008526653841823618,0.22264080725231078,0.04142882871864926,-0.018502088491141145,0.0008351956188794355,-0.00018885550534031845,0.001534967922911795,-5.4784926216738956e-06,0.00035643692923368134,0.0020966800015386703,0.007757058808756628,-0.003525998989030909,-0.0013584223340758865,0.00425927976994146,0.007289652982746707,-0.00023827879667808377,3.6033055415274195e-05,0.004721257811408904,0.003352806667238539,6.397219665160136e-05,-3.654618188514535e-06,8.030072574953126e-05,0.0005263854323725708,-0.0016702918599376714,-0.0008742411288236868,0.002593448240493232,-0.001489316899434857,0.00030620973101400524,0.07872184818303132,0.04792661948611445,-2.2159581609833556e-05,-3.4284186425081866e-05,0.00249719793921772,0.022181230772240677,-0.012338951587666552,-0.04880634966146377,-0.023627830434894467,13.042609779806831
12328,0.000400230791261249,0.005302010706115012,-0.0218884266794069,-0.003276488270146407,-0.002105017206118224,-0.0017789560456841374,-0.015703212095162383,-0.01603657794858845,-0.003979300836262536,-0.0037425321343575245,0.0011802568810382835,0.013056678010434869,-0.0031040554333898957,0.0001399472558282815,-0.24702160198903814,-0.009052072365382689,0.022259615133816402,-0.010248418654244662,0.0005532360289372098,3.9020614163528386e-05,-5.61574043402633e-06,0.00040914666056391145,0.001987313517100888,0.007815301124219886,-0.005516164168795286,-0.0002789472043538612,0.0020908392365768516,-0.005704545700602273,-0.00884964896856575,-0.004589619084517543,0.0015710135612279448,0.0007235995581331479,8.054082289886293e-05,-2.457838731525864e-06,0.00010876606506054069,7.197959545754019e-05,-0.0012424404835508114,0.0006489210907803088,-0.002008655871255864,0.00011010665509676497,-0.0006073015750410422,-0.08564995412877795,-0.10186033881082948,0.00017616703842004505,-0.0003168866914803389,0.001656147261270484,-0.012678224741656495,0.0047824932253186766,-0.000767528529967448,0.0015682848535630894,13.042609779806831
14711,0.00019302770956008608,-0.006863968245126788,-0.08393048128655693,0.014343677079102468,0.0037807267403167895,-0.0021115282868896484,-0.010129775882558818,0.07402557702826493,-0.07777184694997424,-0.006277178764162274,-4.1163470607889794e-05,-0.022458303746418093,-0.001601911291752818,0.007077461157522582,-0.1344691137210867,-0.011447108859858137,0.043438333380007285,0.0015018713926710236,-0.00012119086492609037,0.000711161875610974,-3.575120445353126e-06,-0.00013064677280820463,-0.008905869673497168,-0.0026411745722745143,0.0009876549462715504,-3.384138527641439e-06,0.010525119646217697,-0.0012325333319539184,-0.0023205685231425088,-0.004486126466823028,0.0033185070289761384,0.001004524137286375,0.0017881410055171983,-2.5782456438389804e-06,0.0001739246351162817,-0.00020716426832856572,0.00024805407020311675,-0.0006846302544863377,-0.0015193110604939434,-5.259550436899549e-05,0.00031749376544268137,-0.0271644519434262,-0.04298054177680508,-0.00010974754505388651,-0.00015016922620452822,0.00013540122578940947,0.0007781250382540855,-0.011699744227493493,-0.024018992575447755,0.0036483179743949127,13.042609779806831
13969,0.004003961412113926,0.0017286805754179934,0.06941696890999535,-0.00020239183224332643,-0.0005503206489786815,-0.002308103974728629,-0.01946435145228707,-0.01811281972125676,0.014696276069489101,0.022998496783563253,0.0008782025387589541,-0.01179142871657876,-0.004165703537790453,-9.139041259897871e-05,0.11891299793594182,-0.036097694755897816,0.008444829084358589,0.001570628345222832,-0.000600237418269366,0.00016378922327641029,-5.61574043402633e-06,0.00020552385807850367,-0.0076328700119487275,-0.008967897348419561,0.0018349192132007081,-0.0035108140636406567,0.007721513912750186,-0.00019637120663006008,0.006202760092639952,-0.0006073723957900093,-0.00011508992404325521,-5.0072695046626e-05,-0.0002686271170191165,-3.2628463888164725e-06,0.00023801905763325566,0.0002049861781651307,-0.001069440110759178,-0.0007350650494477833,0.002805806063448897,-0.0023903283148316774,-0.0002515664354320121,0.07045705407791954,0.03982082005523415,-6.344796575370437e-06,-0.0002604169823908573,0.005794559955798322,-0.000547138125935385,0.0037359708344907264,0.03086529487644352,0.0022158984235757014,13.042609779806831
5878,0.0005960797529806854,-0.0016199789829936223,0.025792522511600306,-0.003936693755503812,-0.00233762785158076,-0.003105761261999216,-0.014917389439090453,-0.01827581882171407,0.16886868866309337,0.01800065031339934,-0.001985394106269189,0.012863914076586123,-0.0034549851829739804,-0.005206972732409663,0.154322447689345,-0.02416279487790366,0.02673015396332096,-0.002435208101017732,0.0005443429874692329,1.3308871682057514e-05,-5.61574043402633e-06,0.0017343374892153896,0.0016924280453626394,-0.0019740938398324663,-0.007459074211250126,-0.00010270774403101789,0.000891734030934772,0.0009832858645965035,0.0004929060480697043,-0.000976828281066828,0.0025986692771544405,0.0005151583722842853,7.484306256816121e-05,-1.7902542066512128e-06,0.0003297304272070766,0.0002334790968349219,-0.0010257724243916593,-0.0009688885369435235,9.490912806412063e-06,-0.0008365392067645682,0.00020866931835519548,-0.05241195162184044,0.0200499469150636,-0.00011843765123316337,-0.00016563473445057597,0.0036273570013827705,-0.003959731882727925,0.0049339040475780615,-0.004014792101280931,0.0001557998158181286,13.042609779806831
3857,0.0009157183832660811,0.008846466933606037,0.022552981810221907,0.002008428332560978,-0.0010800445422779177,-0.0020868176020561124,-0.015014571303974178,0.03893104157358787,-0.12484663328407643,-0.010415825888467135,0.004794032885174245,-0.0028764393402842593,-0.0032173366899967805,0.0001515585947577919,0.050174037166280494,0.01403776536935529,-0.03861990028995375,0.0020899836777924083,-0.003003951246716084,-0.00012834380201241652,-5.61574043402633e-06,0.00024305974349825282,0.0018642659751595438,0.006705875030206541,0.001563074813362668,0.012881796277022224,0.006823159156836605,-0.007554120551685618,-0.002181792364588846,-0.0005108502705498674,0.007514084055717567,0.002977107308444966,-0.0003339690750550746,-3.654618188514535e-06,0.00010594506828130557,0.00019503532481872276,0.014100772841625196,0.007596222786001464,-0.005309222423446866,0.0005969950015126285,-0.00023183384956961822,-0.08159813296263935,-0.02707087092904214,8.027566404293116e-05,-0.0004367528521279627,0.016022093766646518,0.0039554320544212635,-0.0002206823157137722,-0.0038699314000498735,0.001623566362480687,13.042609779806831
9716,0.00751394203957137,-0.009749874988325788,-0.13252181796575271,0.0010117746266925228,0.003410887549316334,-0.001466173776612223,-0.009019042435855435,-0.018764049503919394,-0.09906276262816385,-0.025656869543164033,-0.00114280516817831,-0.005894353813332433,-0.0031198520886312744,-0.0028732643630641833,0.21846053465974793,0.016506100863973173,-0.02896901406974292,-0.0003943490394352381,-0.0028156961343698433,-0.0019184079130599397,-6.809756164343423e-06,0.00023958385193592488,0.0018903578021638792,-0.001953224111732904,-0.005249114264899682,0.0005489543221593258,0.0011689992949022816,0.00334738086113644,-0.0006362992806111648,0.0005466349672698314,-0.0036052817475446352,-0.0016355947501835752,3.699018042040455e-05,-3.654618188514535e-06,0.00015786979473564222,0.00017797395592149918,-0.002154823345550914,-0.001026963518834932,0.00639987247587659,-0.002628669387587683,-0.0023147469830011626,0.11992645771704483,0.09216344558615458,-3.152828933827096e-05,-0.00016801113586813573,0.0027113572920419993,0.014916315595970743,-0.015836437948082486,-0.036256411962528524,-0.0023146401857244126,13.042609779806831
20465,0.0012324774189774717,0.0006434115682111349,0.13516495782704532,0.002769718755469395,-0.002894329031524059,-0.004137204544061989,-0.015337569649018673,-0.01841369048084898,0.20025036844572974,0.04324931337989747,0.000699505017351809,0.013131051119768361,-0.0028770244619904773,0.00881257136288843,-0.06325517340674972,-0.005262084563906289,0.04156471214204322,-0.0025431584598249804,0.0007573266802761602,0.0005413299202427588,-5.61574043402633e-06,-0.00022990658856433832,-0.0062525858948597225,-0.0028682933941663316,0.0033200671332481763,-0.0003294969988093546,0.009636075097538471,3.821193189142287e-05,-0.00037376264226468336,-0.002483080941639782,0.002811945352990605,0.0012302020922127592,0.0018501705307597956,-1.4518482416225084e-06,0.00037173193527998197,0.00015330756138081013,-7.39387836913106e-05,0.001351408036978066,-0.001638917549296933,-0.0004380603930102228,0.0014212730141973434,-0.02981584037929425,-0.07003446014337512,-0.00011537193227120016,-0.0002338858270623376,0.0035921909865559167,0.001984070697195994,0.0059912832522785705,0.03582000115967632,-0.0011067296000419162,13.042609779806831
2558,-0.00047307794706473867,0.003975587659263149,0.04555836666678144,-0.007328702837395724,0.00416994735677892,-0.00195804910058143,-0.011361223742152898,0.026770144405412966,-0.08484135931234865,-0.004879490644084653,-0.0023824698263375747,0.010497455645370798,-0.002813420238294103,-0.0021180707091287953,0.18529354959170038,0.03414189228072446,0.06399676323355184,-0.0013960612705616773,-0.0007497691076146516,-0.0007257678503213041,-6.200785182009498e-06,0.00047807781419429584,0.004341872477832949,-0.005431591736161328,-0.006084437705743125,-0.0016328337850728203,0.010005971800929889,0.006471613859141539,0.008209754391563977,0.0017861272645951056,0.00024651470113280305,0.0004541562183944596,9.200122410650766e-05,-2.049756503454215e-06,0.00016184890448358783,0.00022960073961923125,-0.0016833294318186584,-0.0005537945325136965,0.00031811772225167397,0.0006343427114517016,-0.0002873010568904968,0.12517543704990935,0.09861883869177569,0.00013854274086357206,-8.309311866259537e-05,-0.003914024315582181,0.0003057159563663821,0.007797874215737436,0.0007293376760154192,0.0017983898831710058,13.042609779806831
18338,0.00016549976673517705,-0.013974916563796947,-0.12961222435838346,-0.012829967802306823,0.0034349135492411937,-0.001736306660511481,-0.009448476100363005,0.03463737512008516,-0.1763231055663589,-0.02933678637709656,-0.003479713445701561,0.035260299390714886,-0.001211808963336837,-0.0012270744994165098,0.013833867524506233,-0.036511893667709294,-0.03561279904888102,-0.01137214639728272,0.005660880154940763,0.004506253908084476,-6.956549048473147e-05,0.0003735987676301875,-0.00836148212090593,-0.004605412547291719,-0.00240843197067367,-0.006307830027897637,0.014110289251260934,0.02187523092251416,0.009119158861025243,0.0012036949405136678,-0.005888690493036633,-0.004103742924593944,0.0005227825407333056,-7.897451262550597e-06,9.845893814363393e-05,-0.002504926585622376,-0.0012758263642177678,0.0012330605087589083,0.0004161306092469396,-2.928178220953545e-06,-8.784439696271078e-05,-0.03777456618668508,-0.03531985368604717,-0.002078103668805998,-2.063723664156228e-05,0.0028549698690614775,-0.003802438305034759,-0.012704607600989706,-0.03345224396208306,-0.008726900437448837,13.042609779806831
15971,0.0009687990614119375,0.002078457088520022,0.0016530209113507209,0.008169648520838468,0.0025293324200477453,-0.004350100452114647,0.09910664727134919,-0.015797002624278005,-0.09017022904419578,-0.01923566597916012,-0.005240670717814211,-0.022739956996866012,-0.003440265972537639,0.002612279605117544,0.14535873604541966,-0.030913965327849832,0.023745682542063513,-0.005409334223430843,0.00038912626750230275,0.00047640643784089187,-3.4489312137080308e-06,0.00023456141964172522,0.0024824440087698805,-0.00659899965441266,-0.0014410604897540965,-1.3068887792804237e-05,-0.00022654438301469886,0.002294687670994751,0.007878795367685123,-0.0008632682682805831,0.0016774333680365438,0.000960350414918789,-6.309791017360601e-05,-6.440358901335884e-06,7.97486700518365e-05,7.762681818159592e-05,-0.0005671950804990362,-0.0008665667725490661,0.0019202135297741916,-0.0002784649504240375,0.000288192889052377,0.05539736023531181,0.03998842327198333,0.00014557211902500923,-0.00039769612824674114,-0.02516591168206567,-0.010301510579765668,-0.017655609254275624,0.003400995735999668,0.0042080586303315645,13.042609779806831
21010,0.0005005603759948934,0.0051177104151631765,-0.0024096472471768827,-0.06634176144367081,-0.0011379459457762134,-0.002337980821533045,-0.016197438057869502,-0.019607671882486147,0.19680278917118996,-0.039296982757814854,0.002354064406507049,0.06947875073404795,-0.0020468314776353512,0.0038930903174993585,0.14808756779473414,0.007054248406329942,0.005198960227273737,-0.013614587359533315,0.0011098665679646744,0.001957713171494097,-3.4489312137080308e-06,9.242874545616108e-05,0.0029994752454916246,0.004767263073748407,-0.0008719578279368666,0.02614613064733449,0.007215895528078022,-0.0012839316205258229,-0.0011352575106294974,0.00251589104530899,0.003436181123931957,0.0016889324577993787,4.2820205399612805e-05,-2.457838731525864e-06,0.00024217823652524986,0.0001790762449105454,0.006984990835477415,0.007979636060693825,-0.011402967515004898,-0.001984539080978892,-0.0021125860049001216,-0.08415717648185911,-0.034613951520425526,0.00013158940427307443,-0.00016105672996284903,0.0029212701373027405,0.012554919988226249,0.01752893123935583,-0.01233829002940509,-0.012557109034350663,13.042609779806831
5874,0.0038403051640723694,0.0012662495539521104,0.0041328562613251974,0.06783979060403604,0.006660349894451336,-0.0017527284095222512,-0.016987082518749575,-0.0265195121526039,0.009676234151101436,-0.01615541791480934,-0.0019391831189439256,-0.008645573718436198,-0.0023034573193048058,-0.00011523055084104933,0.03249850169575679,0.009736395773490832,-0.0005887085844226466,-0.0012409043847556639,0.00012664158481274617,-8.257640265072208e-06,-5.61574043402633e-06,0.00046106292748876736,0.002079192621842469,0.017166120998445368,-0.0024986948403355773,-0.0006427372176669456,0.0027514150474774297,-0.005905390461423829,-0.003240104652076192,-0.0004922812641843809,0.001374853276405337,0.0006224973961009024,0.00016378286974270018,-3.654618188514535e-06,0.00018925386331543985,0.0007191047877604045,-0.0004843964831213326,0.004556333167063695,-0.0025223633447222817,0.008122073079342025,0.00016143710326565208,-0.048470320367716854,-0.005217270545219756,0.0004193039417192903,-0.0009300758892414927,-0.00447409205335422,-0.0008681546448825241,0.019637648443824384,-0.004834647518595798,0.01889516594238051,13.042609779806831
6334,0.002009159733383901,0.007746068386009896,-0.018266823125585484,-0.004571991836973798,0.0025614038169649946,-0.0017974441501124607,-0.011604855546312439,0.03881896622919617,-0.0799278804866815,-0.018557188090019123,0.0005902360618522188,-0.013663644476052296,-0.0017897274004557246,-0.0003914848997946309,0.14489778828954555,-0.0068245426728936005,0.014886557309306435,-0.002478403536846843,-0.0002707987908335696,0.0001538044068787979,-4.757971759987875e-06,0.0002785696718748093,0.0019570036801319054,0.011457680024053158,-0.0013769619260683725,0.003090659352533889,-0.0028408701273623777,0.010592366646731874,0.010461566788527882,0.0021059829915615618,-0.008299798170797295,-0.00301108444822461,2.175729200693111e-05,-3.238900849235783e-06,9.333998651359787e-05,0.00018760564668565268,0.00987649252824453,0.0020015042179412435,-0.006487390960269986,-0.002156121777420589,0.00047554333548417206,-0.08714820869788964,-0.10170908038077861,0.00013711984786567982,-0.000222104917813784,-0.013918549435406916,0.000334428204728982,0.008632185868910833,-0.00031016805491851737,-0.0012955054489629378,13.042609779806831
7203,0.0007617499167285582,0.0027108473814910095,0.11504768472822453,0.01314090727495049,0.00040729032915909184,-0.007219501060409736,0.26950944114650877,0.07925820104595606,0.333275300886385,0.021172824929462663,0.0008165418788380648,-0.01876981733348249,-0.0029004529092331198,-0.001200581965001252,-0.12690156820735163,0.04339163943580457,0.03373506258473699,-0.009195586218134322,0.000943245053345382,-0.00019509558957610208,-3.575120445353126e-06,0.00044772610579999156,0.009956025940394145,0.013276686195126213,-0.0011966282733318764,-0.0013824291171100566,0.0007273327809311225,0.0005438143786476322,0.008554474415417174,0.014234149962495914,-0.0009827424849366444,0.0017067041397812197,0.00045232082559485255,-1.7362314208617246e-06,0.00012285313022869152,4.4841146862160365e-05,-0.00040641120621648266,-0.004392947302760684,-0.008562207553676421,-0.0023537366591445397,-0.0014835056192545315,-0.02395026700623415,-0.07505695033589214,0.0005644115311555495,-0.00024959154145546674,0.006284052958532441,0.007545474565098862,0.013021798846065585,0.014409128325398486,0.0025303322667117336,13.042609779806831
19325,-0.0009903647646966208,-0.0031253933772375795,0.08958885492747472,0.027088868549136214,5.307606506332918e-05,-0.0068210360384788945,0.08964961588066722,0.03969011889118887,0.005614420202900911,0.02012768181706309,-0.00044897392086520004,-0.010110360844085774,-0.0028481490440650523,-0.0015956273507965742,-0.08389716492950716,0.020036863235489862,0.035157779998904765,-0.0038015912106239558,-0.003975130574934816,-0.00043765533006853973,-6.200785182009498e-06,0.000349408317373554,0.003127177039656861,-0.007044231136674243,-0.005441388637597791,-0.0035115967259165587,-0.002753166493135299,0.0008758058230449969,0.004593044553072252,0.0010973248537710382,0.000894243843876169,0.0007625928055887452,0.0007301339689329637,-2.049756503454215e-06,0.0001515528388943974,0.00019046311704315794,-0.001695087080734801,-0.0014536937237331713,0.0005466395018557191,-0.0005797168837242314,4.511239070816312e-06,0.046988523626268,0.030663866875092465,-0.000690750642443576,-0.00039496765055603745,0.0026677652411342934,-0.009478411708199762,0.004539649860737942,0.04999491580587342,0.007390263862799104,13.042609779806831
16579,0.0005578615600961472,0.0052349599284291755,0.008605022622044347,-0.00546995855066258,0.0030959907948820697,-0.0019414448622412407,-0.013144416760780396,0.023882229664288483,-0.08575074988080797,-0.012947034349352831,-0.0004762164887927153,-0.01612245139360815,-0.002329348851123774,-0.0015540168871277197,-0.16444399240461613,-0.019493073576593127,0.006560561686338839,-0.003268602648389424,-0.0016416011496866467,-0.00026288545711319634,-5.61574043402633e-06,-0.0005295561226013687,-0.004679397169094289,-0.0032126381885154245,-0.0028114919255991674,0.00015219965858306961,-0.006304742180016078,-0.002479126915439089,-0.006821812666755671,-0.0023732189906533045,0.000883181808627306,-0.0013052430207463924,-0.0011448699407113742,-2.457838731525864e-06,9.213083917106596e-05,8.199580225974718e-05,-0.003423159038610112,-0.003671547791796567,0.0004286521458582854,0.0002856838164953635,-0.0006523639747410304,-0.044048788202014334,-0.023979424874529667,0.00047592731808805005,-0.00020626573358263888,0.008725794776485997,-0.00266562411615903,-0.01240454251121829,-0.0017476590489259036,0.0010366230125347135,13.042609779806831
558,0.000513282114887534,-0.007287836942849778,0.11869923810902483,0.005969568852055127,0.001043056840732767,-0.0029012418269819917,-0.0190034041799236,0.018218698558080507,0.005645126195287671,0.01968262420553063,0.0006135513272290613,-0.0338769353742429,-0.0032809245910858133,-0.003278881606339257,0.1568925501790569,-0.036572838073556095,0.003680388002375882,-0.0002642014979864788,-0.001230588140993455,-0.0002565238241873422,-6.809756164343423e-06,0.00019123517280440858,0.002577332195791983,-0.009770778493175418,-0.00177684887037545,-0.0013094864630808925,-0.01342770741035547,-0.0027747245141459057,-0.0015050976056118776,-0.0006982871768136134,-0.002180142238951769,-0.0016918943871724098,0.00010177809667470034,-6.440358901335884e-06,0.00010355391870699746,9.658774650564589e-05,-0.0015278866482398119,-0.0009203891179859371,0.0006742063744981608,0.00024849299968090805,-0.00017323799498683418,0.061069128063667905,0.049541444627795674,-2.370413010264557e-05,-0.0003376521784587045,0.0021643757207299476,-0.0034230016890187927,-0.019344228939837258,0.03363990713600243,0.0033079200291331267,13.042609779806831
19397,0.000611883937330069,0.0016013661590763965,0.05933762242639221,-0.012009589940631048,-0.0014990892296866843,-0.003407333237580446,-0.017457733364616018,-0.01511023242502899,0.18579969738700364,0.022040224793625048,0.0007882575183587889,-0.0013291595251579648,-0.003888397489061898,-0.0014921999269509746,-0.27961584503810055,0.005219328584377862,0.014525542255138836,-0.013673985708960949,0.0010457556650679057,0.00028600750172169583,-5.61574043402633e-06,0.000264524366604502,0.002347315879579785,-0.002460394062500358,-0.00724771355684447,-0.00042423838961265416,-0.008883269518206631,-0.006492038431372241,-0.003119949461088332,-0.005911282945162336,-0.0006658157452428744,-0.0010569396698417992,-7.350949634344642e-05,-1.4518482416225084e-06,0.0001235531140618288,0.00017945549382934864,-0.0006441436355084617,-0.0015267665427529343,-0.0017431155988435782,-1.2362531756497074e-05,0.0006374108805917335,-0.08670947404340468,-0.12304442326846972,0.00017930443075524018,-0.00043559129347188415,0.0019982795341117452,-0.000860500613743122,0.003204145212693812,0.010256401367641086,-0.001944254411455603,13.042609779806831
5181,0.001314362822244467,0.005233611903198374,-0.13056799186180246,-0.07045130608960219,-0.001956219948607235,-0.002074999255848251,-0.014119463640500244,-0.018393458425441125,0.20293617416938609,-0.026029461982392164,-0.002857437340514597,0.021239378825782813,-0.002842864930818781,0.012554988331668973,0.06869654869635144,-0.024397696563950168,-0.018453100300494282,-0.012610710226238957,-0.0008540491888331679,0.0009028687334670055,-5.61574043402633e-06,0.00011635078672931846,0.0011549590659824627,-0.00791863417643191,-0.005484077849579586,-0.0009164089402061546,0.0017990609430320803,-0.0018491732643089627,-0.0007317862537146413,-0.0009886652533234344,0.0007326030576678632,0.0020942931781280432,0.0001291451627506553,-2.457838731525864e-06,0.00019006247368058525,0.0001680195751618843,-0.0005420200944472609,-0.001558746284042532,0.0015965661909118443,-0.00041195418158820467,0.0008374279038487677,-0.003995021482877373,0.030729306494287623,-2.2738176049112793e-05,-8.313408670793006e-05,0.003078570768291297,-0.001100488860718912,0.011010320603311098,-0.05036036099454299,-0.02367056909137324,13.042609779806831
12312,0.00016030297615730337,0.0005425532252532392,-0.07993399423522567,0.00838597466263751,0.005025499829536228,-0.0017739849380330565,-0.011208843554139087,-0.023239627014387098,-0.08712617914302327,-0.015034919815311663,0.0019249397877345346,-0.022403756454790022,-0.0026217430688210436,-0.00034802581843443883,-0.001152950260489905,-0.006465835645000343,0.02100019711086263,-0.005388598670318474,6.626323812507493e-05,-0.0001650406231261256,-5.4784926216738956e-06,0.00036476998830247564,0.0016544234205465825,0.007796755555250211,-0.0017554280691165652,0.0018459605470668833,-0.003537500087476823,-0.005554534845902226,-0.001779738203496623,-0.0009322367621479105,0.0042700796463381865,0.0008823011656639666,-4.070212970900434e-05,-2.457838731525864e-06,0.0001090549447426787,0.00038000947401684726,3.112110786076976e-05,0.0037493149011074665,-0.0023174208706281036,0.004496302852961988,0.00022911970343252543,-0.043882385671316845,-0.019309472829496934,0.0003901605869476504,-0.00020552857883128828,0.003447522229216432,-0.00282295913894018,0.0036100074773956466,-0.017119537257337857,0.0021943291771116787,13.042609779806831
17202,-0.0006327506837146208,0.003676809712178808,-0.11113961371223997,0.003039309093078129,0.003987798863714914,-0.001582018517715575,-0.009760084449603582,0.022871555704496917,-0.08834940856144351,-0.014504541813627848,-0.0008210144196848333,-0.025917282518208816,-0.0025945216527532722,0.0035887802627038376,0.08657889859332406,-0.04235475572357257,-0.03431816571358143,-0.0015678324290300707,0.002574243812490741,0.00025157743876419187,-5.61574043402633e-06,0.00014337321291319236,0.0015356499487254973,-0.005522625705426339,0.018023083011105986,-0.0001261668957400571,0.0008582392601592766,0.0016962197701580065,-0.0003782400664008148,-0.00017087452162327875,-0.0009574884918426535,0.0013176766791047662,9.856441442321791e-05,-2.457838731525864e-06,0.00021628570241108124,0.00017492368913005739,-0.003133945550105418,-0.0014690485698813987,-0.00011311410990278131,0.00019161721833963757,-0.00021588013582487665,0.08449157325168874,0.0461984423089414,-2.6464498163406227e-05,-0.00015482525710664035,0.0018071466916105812,-0.0068069022330142955,0.00424044936449271,-0.035084357020454995,0.002365936562444984,13.042609779806831
7188,0.001832038469972123,0.0018895753034873872,-0.037204489244634105,-0.004372394426707167,0.004425017165243326,-0.001747856332777038,-0.011886600255383389,-0.024479883869318073,0.014151765567945104,-0.0304858434937698,-0.0028265498130318318,0.030866328395182836,-0.003485118411323025,-0.0018575955562121957,0.2013689687894896,0.037193516233156414,0.06506613172255074,-0.00047869374712559694,-0.0010169725570172285,4.496509614995257e-05,-5.744850035126559e-06,0.0004581435744376942,0.004056172450343661,0.02600610026135576,0.000165592449264712,-0.00015741980730312445,0.010247118479875158,0.004541917338430901,0.0047412661555994474,0.0007069183364066259,-0.00018098058632487078,-0.0035690615598245614,-5.532629511990216e-07,-1.8704740146678528e-06,0.00016185044675994979,0.00024895081187689883,-0.0017023866090221816,-0.001671742918158936,0.0035141908223349327,0.007816296006862688,-0.0002296581127119233,0.08417190088699243,0.11401481863056706,0.00013587466859441016,-0.00024239606164643167,-0.02316939934344085,-0.004360287035963093,-0.014334912220730684,-0.004676679556855833,-0.0010240573889539197,13.042609779806831
17751,0.001282660589141729,-0.021425145673248876,-0.19237790230075297,-0.011025673833180418,0.0034425345061571268,-0.0015995751600660494,-0.010314770499003572,0.08425613296558633,-0.1473932615576314,-0.013308835339529246,9.619144394640195e-05,-0.02715741106952434,-0.002524522968333761,-0.0014123119072083743,-0.2163914271083076,-0.02096213644751275,-0.03817967308743981,-0.006496597085263925,0.00030899107122744093,-0.00240463087851336,-2.003965845365348e-05,0.00025900126718559046,-0.0038490934378080603,-0.005920217213344849,-0.0008401231486361744,-0.0028275072748963773,-0.005968970399742358,-0.008150267729273618,-0.005883590887770806,-0.003145441451028725,0.0027905288618434755,-0.0005545053283423488,-0.00024202875673029367,-3.2628463888164725e-06,6.591329189548133e-05,-9.273155015505076e-05,-0.009134343521623133,0.002196494210872197,0.006154858707338168,-0.00046572780042001497,-3.633337307957101e-05,-0.07823490929419938,-0.09824503294307008,-0.00024016975265736784,-0.0002081992952737978,-0.00019484313206036274,0.027955503790393736,-0.008120749979212156,-0.0470585654612215,-0.007817757968789365,13.042609779806831
11805,0.001603757671439905,0.0008283041161426265,0.10487944511441447,-0.014346857255578934,0.0005563873103553235,-0.0020507216819210194,-0.01503185349271551,0.022726715146316512,0.19178504827982937,0.024931851251851884,0.00013028443920682457,0.03336590820409382,-0.002353079638217187,0.0011332968027572446,0.18964199640791626,0.03629452154531249,0.0018506774063273132,-0.0032341363368491014,0.006386840977369797,0.0036330024178666217,-6.200785182009498e-06,0.00027672439764554426,0.0034502864683284497,0.017850366268576136,-0.003225310361097883,0.00011024799144874763,0.018390440572358717,0.01208085449711356,0.0023838185458116817,0.003333535458980654,-0.00027817053011041623,0.00366320035960442,0.00013113040912617733,-2.049756503454215e-06,0.00016858126625632954,0.000204263949598949,-0.0012026268601345801,-0.00039931942208228067,0.0006408697440044263,0.0008532757833791746,0.00032790135593838095,0.10137953044070834,0.1514986951618806,0.000138776934456592,-0.00012017799501222615,0.006012288278610832,0.0005597703739239081,0.0031391372774732195,0.030448523767790052,-0.006129669627870195,13.042609779806831
19408,0.0007391956909932508,0.008856074923788919,0.023973170589107175,0.010793231852898183,0.006195859100356001,-0.002089190746638712,-0.013664239032327264,0.027088721905302822,0.013429262895250971,-0.017298311034870006,-0.002220127176551983,-0.02841926977267687,-0.003176936197260253,0.0037559527007475107,0.08491881716650519,-0.020516137949785414,-0.00647186225138451,-0.004413130627918061,0.0004937835858544798,0.0008060206719437503,-5.61574043402633e-06,0.00048636867939150344,0.0018815045049488483,0.0009343041458612603,-0.0019004225784966088,0.0004476701879951592,0.00562368845541542,0.001067272965395539,-0.0023492209886926112,-0.0016729207715185299,0.0023660768654717263,0.00047425234149033854,-1.1417105256345988e-05,-2.457838731525864e-06,0.0002679523805993969,0.00013391355942819676,-0.0006982582522630333,-0.0036451773086412565,-0.00779827573731561,-0.0010141889779767233,-0.0001519097390668811,-0.050100387535874175,-0.03734159298768249,0.0006010826724534506,-0.0005229030954491005,-0.000812474806537559,0.0020931024377473795,0.0010160542484616611,-0.004205041627116247,0.0021406686401059345,13.042609779806831
20651,-0.0009402101062715309,0.006072829318865318,0.17581034084006708,-0.0024722265361760225,-0.0018474926368440452,-0.005306921490347936,-0.015913560699115235,-0.018250094731784395,0.20094642732452542,0.05128620502993698,-0.001324536176462773,0.054830013143404466,-0.001880668965804926,0.001824437970593371,-0.02367459587275598,0.02041951174233173,0.020151063266816278,-0.008265517101655422,-0.00023391533049363426,0.00032218354562175554,-5.61574043402633e-06,0.0005723275509919823,0.0015635525555804176,-0.003763219507052115,-0.013233601504914556,0.0003594956656257674,0.0007380616320123982,0.0011297868448837001,-0.0007526130565130001,-0.00031838532601142377,0.004693346664860873,-0.00038834584290691707,-6.644113479445416e-05,-1.4518482416225084e-06,0.00038247500374195104,0.00018797566107221794,-0.000606401311234217,-0.0006195784611745992,-0.0013619173348654158,-0.0009731871596002632,0.0013528111184295565,-0.03511208453494489,-0.05270240890556943,-2.033305982091212e-05,-0.00020901006651441562,0.0009520653971546549,0.00014915365282957722,0.005526656380279601,0.04684297499337734,-0.0002876618425247955,13.042609779806831
954,0.0006175107201308631,-0.0019944346046639663,0.13675213675155118,0.008623370980393029,-0.0028160823776304873,-0.0048219513472093295,-0.025258279954535452,-0.02065719085883839,0.26744143138049936,0.030522525926132815,-0.00013948346892389836,-0.004453561807591328,-0.003651017758248496,0.0026998166053208233,0.11578165683375792,-0.032109862826063484,0.02856236427944783,-0.004861490323369731,-6.564359738838566e-05,0.0003669476818996455,-5.61574043402633e-06,-0.00013518391628059077,0.0036783031790080154,-0.0035077821758703375,-0.005194367371457043,-0.000644396140119403,0.000996257364046043,0.0029089109163360715,0.001055881424294244,-0.0001694450154308262,0.0028795152409526893,-0.002724113979001823,-0.00036971866211244376,-1.7902542066512128e-06,0.00032635718525161005,0.00034287639308377504,-0.0009763139486995764,-0.0013031714218076059,-0.007322051643561571,-0.0013004998321288904,-2.5562513259592356e-05,-0.04249052661311912,0.014455918941914319,-0.00011537193227120016,-0.00015834603319187074,0.004341692780561746,0.003492445808816136,0.003927711116983888,0.03546920175158634,0.003984519645934998,13.042609779806831
3159,0.0007379209424880324,0.004325126601771167,-0.043958297871420776,0.00598093437304541,0.00431250070811767,-0.0020890755523761953,-0.011285626095790488,0.03118311595500356,-0.08921342176018919,-0.009617070430125278,-0.0002745013376652586,-0.023441922064589477,-0.0027386691542404173,-0.0019918753153409076,-0.14130391553272845,0.020226070128501056,-0.027145781255381064,-0.003747746120361743,-0.00015260816869416426,0.00034759615460778175,-5.61574043402633e-06,0.0003269039208275031,0.0017339438516299753,0.007642432442203082,0.0010549320798730179,-0.00017738817249394787,0.004325175120686427,0.002776432606520328,0.02217126600600711,0.0038441539235786098,0.0004487649505966397,0.0006986998443889169,-0.0005085102145432602,-3.238900849235783e-06,0.00017830597226036737,0.0002369033631247887,0.00041951014126230616,-0.002117734075790135,-0.0064687693568571585,-0.00021595128216264254,0.0008175565781856701,-0.043784538440228074,-0.03022328599333432,-9.766666182976461e-05,-0.0004377411787695588,0.00034289848804865857,-0.0019719657507723336,0.0067043462732724445,-0.009948659696913734,0.0030490399486069364,13.042609779806831
16023,-0.001402757108263775,-0.010190942822654243,-0.1298008184121909,-0.01126950117010683,0.001862609843234609,-0.00159281211125515,-0.010844482163746333,-0.022725915550930148,-0.09867358027018981,-0.02201657103898246,-0.0013552083235918997,0.021131268218107728,-0.003028082520882133,0.013875534172072452,0.19341621283390636,0.042291506741917693,-0.016404853768876244,0.0035149272935478468,0.0007515146533603947,7.322923199157185e-05,-4.626459233421365e-06,0.0002494964617817309,0.0025491506909084776,0.0011753544656959768,-0.004208908458465543,0.0009537013179518278,0.0015087089322850546,-0.0006339794735697943,-0.0011285139004372094,0.0001270028147558807,0.0033047779689780793,0.0013180378329902258,4.974726404944165e-05,-3.654618188514535e-06,0.00015833068603614365,0.00017411049586250028,-0.0008845849653953874,-0.001309719291028808,0.0037406475957509,-0.000533624758329035,0.0003490715471553763,0.07854495509205495,0.043854183778831955,-2.2159581609833556e-05,-0.00016178162786249377,0.0029862753619681512,-0.0036922378158532744,-0.009472568455438132,-0.030046092726052638,-0.0015046480869440925,13.042609779806831
11308,0.00010966609848824809,0.004105409227152157,0.047679607671887274,-0.01718255839885885,0.01096231506235916,-0.00197890209327477,-0.012515505439062382,-0.017459557976496544,-0.09331242956071946,-0.009546087683573281,-0.00034089874960321133,0.027711477774866076,-0.002715771472389424,0.010655647308465244,-0.11003739346550975,-0.008534923135596785,0.026349266022853122,0.004134216047387439,-0.00016551167143577945,0.0003193264714608519,-5.61574043402633e-06,0.00011138039335637346,-0.0036885947284037166,-0.0028702967335830125,0.00745673720827291,0.0002178320370951476,0.003578785481825535,0.0009662053622789235,-0.0038345582746247423,-0.002327371448094031,0.002684640508203222,0.0017852858326909157,0.0035015930569711395,-6.440358901335884e-06,0.00027928997865166454,5.3512494463310735e-05,-0.0006312003464045539,-0.002285531531248479,-0.0011632238638195132,-0.0001203476008405562,0.0014844737315631957,-0.03590188012013581,-0.044563973190959054,0.0004090220310842768,-0.0001665633454952725,0.0023739807668208997,-0.0034198104037442105,0.0069150888538479826,0.003669879346298749,-0.008771081244813383,13.042609779806831
13439,-0.0010258204858783946,-0.0004034154111744602,0.009364003772402554,0.1092530529547714,0.005472183309988058,-0.0022181920947574084,-0.01185629642661697,-0.023818930960351953,-0.08776319992688991,-0.009147754463358207,0.00013021951872984128,-0.0426947608051048,-0.003881130746096156,0.009488235956652233,-0.10529141430512451,-0.01489268430112173,0.01266444660565349,-0.009992546457321555,0.00043946122024183734,0.0012021215066556881,-5.61574043402633e-06,0.0001954568291324542,-0.007593129464314028,-0.0008155027980184657,0.004963845614610586,0.00013775823900872108,0.004303206139858378,-0.0012943584341044273,-0.0039031351617063318,-0.0015883038024891707,0.002319559186152697,-0.0003172656077292465,0.003342251603179496,-0.000468335626853251,0.00023370802939000907,0.0001591511667802525,-0.0007184220867877236,-0.00019361849022480633,0.0005083724854285714,3.153921188244043e-05,0.0003985249888441514,-0.03991284073660262,-0.039553415448403385,-9.344165580446342e-05,-0.0004497476106021099,0.0003220856747445538,0.00167959883184332,0.003394095293655665,0.006990002791991696,0.018467688874903555,13.042609779806831
16052,-0.00038800512468889286,-0.008748077003169017,-0.10315506680077573,-0.009256705217308252,0.0017522640021951966,-0.0014606478626002831,-0.009079025789916966,-0.02337299275466557,-0.09808612445915735,-0.018238412524586328,0.0002154893821188108,0.014200707782296875,-0.002457620901097698,-0.0022545104813447184,0.24995653607674903,0.019256823800318658,-0.032497475406948105,0.008156866790606222,-0.00242349454224411,0.0009696232322229336,-6.809756164343423e-06,0.00024096336236797237,0.002901906558130459,0.006951168981366812,-0.0033088055488660253,0.00023591345575289303,-0.0004091864347199783,0.001950478127367589,0.0009518808349678829,0.0004766294378807588,-0.002675938791417781,-0.0009103901852158572,6.790666447033384e-05,-3.654618188514535e-06,0.00015134564317287354,0.00023099679107042569,-0.0010465751170033464,-0.0016388399093111563,0.0045895340457999725,-0.00303053826737902,2.1349834199707248e-05,0.12517174177466842,0.09163943213268716,-2.2159581609833556e-05,-0.00016129880299870593,0.003026255069314489,-0.004089701511678541,-0.014156581351878108,-0.026312888575757386,-0.0042730538773005375,13.042609779806831
12523,0.0012421126853174866,0.0023497743430936245,0.12344682908926359,-0.02631357397364328,-0.0012102816266592222,-0.003033953978422258,-0.016724000555748884,-0.020724643751830158,0.01542140745419943,0.019666316371707356,0.0007093055828015146,0.019762083380522516,-0.004321927841884699,-0.0013647586900814178,-0.22499039875762025,-0.005690605889864799,0.03142877295952535,-0.008517473620844021,-0.0004391568941748475,0.00017227570572311834,-5.61574043402633e-06,0.0003067364509187394,-0.0020270567998808054,-0.0033482455193233097,-0.004748770246733936,-0.0006570590937327012,-0.006375720622313025,-0.0044024202316799935,-0.006053855741625546,-0.0016052399623439047,0.002915630221963931,-0.002147805476801969,-0.00023347121575638662,-2.5782456438389804e-06,0.00020489887961172785,0.00019279798566490763,-0.0025951795637887717,0.0005151101728090712,-0.0019236154706032287,-0.00047959468888525517,-0.0015311774741032871,-0.07492677564863108,-0.10189848150105699,1.736213004252329e-05,-0.000356156100907185,0.002244418638193273,0.003588694756015383,0.003799433278657252,0.030163919788894225,-0.008881663752257364,13.042609779806831
2497,-0.0006679401828186888,0.011210811184564018,0.05646140925190367,0.0017975143176204207,0.0019356668920066746,-0.002420962905032039,-0.014172069430864576,-0.015710686162238995,-0.08518565458464211,0.016037552209277817,0.001195592045384357,0.00985460735629999,-0.0030506458583033948,-0.0008695140177413424,-0.23296012620947507,0.009334490890151186,0.019425156580669477,-0.0056374057150150505,0.0024899867843199293,0.0002134292508882638,-5.61574043402633e-06,0.00042158315784200965,0.0025570858632360718,0.013638278523758898,-0.005722611895717666,-0.0008774447335320277,-0.004301954468429684,-0.007907932266289754,-0.009879908566351039,-0.004446699345100889,-0.003533783887210523,5.846364436671325e-05,-4.9344267358950145e-05,-2.457838731525864e-06,7.657272812894766e-05,8.628417677861796e-05,-0.0020099506827894664,0.002595839997498615,-0.003917749842083728,-0.0004551839460100396,-0.00012739796603148567,-0.09895514830205239,-0.08946699169919795,0.00018446270380895319,-0.0004113537180054737,0.00022855389281443717,-0.014493055960501175,-0.009600395019712323,0.026849913747317142,1.6307568197081153e-05,13.042609779806831
19200,0.000743151997459984,0.000986506874942585,0.04864449404446683,0.03749877339651355,0.013700798187510315,-0.0023417254366413964,-0.017709051381764953,-0.027419029321875663,-0.1050025676058558,0.025636227318635102,0.002835095410185842,0.017525263390565374,-0.003363848175018178,0.016246558705740353,-0.046443137680586395,0.04323874441703036,-0.014006230095518503,-0.006236980106537716,0.000455440687792555,1.4527339122958195e-05,-5.61574043402633e-06,0.0005143681773285334,0.004003093218829608,0.009985051717976867,-0.0029088691309671457,0.00025682205898409357,0.0008270464641024558,-0.0011160305316887957,0.00748800876015944,0.0032306004635461838,-0.002551669987366279,-0.0006794723740899172,-0.00015881279121426257,-2.457838731525864e-06,0.00010900316519067601,0.0002005135676277785,0.006702795019043278,0.009723631821001576,-0.0009448690401037748,-0.00013006336633718198,-0.00018857226247838917,-0.07789979403749718,-0.08701016258130351,5.0452805081875465e-08,-0.0004710217333724095,0.0036360414707120683,0.005111333587885133,0.012033768886858656,0.004693713673351018,0.009086392861759897,13.042609779806831
18933,0.0009053965946499738,-0.017119758554743434,-0.041972743861673815,-0.005964053783282363,0.0031486070709915944,-0.001995701281795442,-0.009148583191330908,0.013204772316930463,-0.0911970536618638,-0.015600927134171008,0.0018742105082814068,-0.02136241945375179,-0.002790683887784332,-0.0007954836775346498,-0.24133590779337835,0.0034735982731680377,-0.025724408816255054,-0.0040267326360895785,-0.0014583206824414915,0.0005276470360945112,-5.4784926216738956e-06,0.00030706350281979133,-0.002619298082879002,-0.002377919370105007,-0.0029075200885588953,-0.0013274834183500126,-0.005122394657341718,-0.002259652115050438,-0.008561257566392366,-0.00035681210332323774,-0.005658979289737308,-0.0009431128094412015,-0.00010860796145390583,-2.457838731525864e-06,9.21465277270713e-05,0.00013832863055830388,-0.0046511756373293816,0.0024187703870861433,-0.0017143388660976393,0.0017243326635287702,0.00013940921276035171,-0.09355876209386857,-0.10020006624559376,2.4167510941641858e-05,-0.00024716966721331107,-0.006744340431145875,-0.0009335098993872359,-0.022319140198377743,-0.015021637007345438,-0.0005553470968589719,13.042609779806831
19823,0.0007935889078249585,0.016906633776433352,0.28968877443973223,0.0037687284820019993,-0.0026936704220198913,-0.0058642386049000085,-0.023188284234990336,-0.01683541986845696,0.41747997366391865,0.05280266491032131,-0.019325822114855975,0.0252359247168081,-0.0036508290483990994,0.011257437616493244,0.1827701905081192,0.06254664766885634,0.013228329453786245,-0.0238608414057249,0.0006286222066917831,0.00012578336924527834,-3.5248116517069927e-06,0.0001595792299684399,0.002699563195819979,-0.000957445323530331,0.08832913138559483,0.0010936090518074216,0.006405647411224656,0.006729125484117963,0.003940616502469329,-0.0022984052779285178,0.0003483218336272454,0.0012280943536473578,2.8225675655642087e-05,-1.4518482416225084e-06,0.00017588778947166467,0.00016921946647996554,-0.0010435724857297199,-0.0021040407353139783,0.0010573876958256453,-0.0017699522522054386,0.0009150713013447004,0.1236888836088368,0.11590514886652155,5.7146245506262934e-05,-0.0008957519706184876,0.004017343078783103,0.010428120939708683,0.005484665003930485,0.07789837253111037,0.0060184645183950685,13.042609779806831
10879,-0.0001511884098253081,0.0038931051065003897,0.03199509771394747,-0.0006144627959769208,-0.0023138707105848986,-0.0018558419276715815,-0.012867855211176614,-0.016898053982554468,0.01145633626808033,0.00034067147324221453,0.001066441307241311,0.006002716648501078,-0.0033688987072395676,-0.0003068850483209973,-0.06465765974585654,-0.018479477034460016,0.02280121166073836,-0.003031562528995844,0.0006365442665627152,0.00211658702577663,0.00061387773301894,0.0008297440406179975,-0.004441078428196392,-0.005785474515055553,-0.004980496624411313,-0.0006297390737604113,0.00542163161348719,0.007231837408488372,0.021078715422603114,0.007117119376952355,-0.002801214997034725,-8.836387322624422e-05,0.0006267310075715475,3.925143770666588e-05,0.0003276608801276935,0.0002687198311160346,-0.0016778059473823333,-0.0011366987008176622,-0.003006235687965711,8.100907625019958e-05,0.002415280392807351,-0.044965934284201155,-0.049681392153888594,7.705701367644565e-05,-0.00022036179747617415,0.002906088428854248,0.003094898951854603,0.0052557265650289165,-0.001940266007551545,0.00040144234763813915,13.042609779806831
1693,-0.008971451700745025,-0.02490962914514547,-0.20768114204187024,-0.13238875593274677,0.006771583469035415,-0.0016880293507889087,-0.010074734853179957,-0.02381443332465991,-0.10176256168167958,-0.028722729562238557,0.0005801655531960285,-0.028600778242068012,-0.002458968880093979,0.004384121976188558,0.0076523071029564755,-0.06014388990224582,-0.03854280350949113,-0.02125586797469212,-0.0008336885342076062,-0.0006284428269953963,-5.4784926216738956e-06,0.00031137057768060674,0.001102731739826148,-0.011686347611645758,-0.0024154405545734788,-0.0033571126389893105,-0.0004236518830065452,-0.005966792676083959,-0.0012104486376668922,-0.0033610228739506995,-0.0006286670355227721,0.0017366939268385509,5.899245982508527e-05,-2.457838731525864e-06,6.74460304802376e-05,0.00042995951267143275,-0.0007668239184756224,-0.0015602328952767776,0.0005608768179340351,-0.006206169768652108,0.00033355453885646906,-0.012888222991667054,0.049007763325465574,-3.152828933827096e-05,-9.508181762780507e-05,0.001024974293002933,-0.0037529119231215335,-0.01142017459397281,-0.04777897616234891,-0.045317119503239654,13.042609779806831
14271,0.0019387639577382505,0.0033921342013581834,-0.03571327918883338,-0.08876308278299862,-0.0009477333379035833,-0.0014681835939808275,-0.009773325860246332,-0.02640329241509128,-0.08553216685085084,-0.015059277175555314,0.0008465331515250853,-0.005578073474441792,-0.002881719060595678,-0.009071374166692979,0.17593331595469322,0.02812042853361916,-0.03969006918772446,-0.002370484449059777,-0.0002329640376387437,-6.986758854236412e-05,-4.290559769590714e-06,0.0002101288321550069,0.0018923991477466436,-0.01086762969578226,-0.00554480815107895,-0.0018610760362006325,0.0007238569440142022,0.007515783426027162,0.007922306117326151,-0.008842187970038867,0.0016728398774848306,0.00023797888548275766,8.13011739253905e-06,-3.238900849235783e-06,0.00010183990165129829,0.00021760160043497568,-0.001127236707295598,-0.0011175290050025417,0.002066128556172459,0.0015916292149188132,-0.0025769722103937435,0.10864437204509204,0.06969664020837679,0.0001340911272321343,-0.0001077702428484422,0.005234789462735187,0.0018370865352986077,-1.4034810076300105e-05,0.0008647171017582277,-0.017661106885684993,13.042609779806831
20821,0.0016922013007090965,0.004122291534004753,0.1288313275631557,-0.006405750322699476,-0.000344951679845078,-0.0028967022591290634,-0.016517080157062422,-0.020471716747582306,0.011505630459183248,0.031185496857792348,0.001085052797986708,0.035163376684961736,-0.003037606307706207,-0.0006647163182659823,0.1247675361775927,-0.026445067349517577,0.039349002396535944,-0.0013203206473371295,-0.0007591803174596914,-9.79139368019293e-05,-6.809756164343423e-06,0.0002539624439616185,0.0020262344504940457,-0.006135389229469016,-0.0015201981161270292,0.0002447204749001754,-0.010335142558979863,-0.0019125232872125276,-0.00173679634839752,0.00048580400626438994,0.0029763640972726682,0.0030677041089622894,3.059267408761377e-05,-2.5782456438389804e-06,0.00029963332805930053,0.00010280580109714537,-0.0004674825854157689,-0.0008052330125517919,0.00017375671978855372,-0.0009684089004254195,0.0004450101684793101,0.06263726698782268,0.050592456725508744,0.0001692108875198942,-0.0003098736290558993,0.004761010798110476,-0.0022712530086495676,0.0005362797887429193,0.04581859380771084,-0.0021218942985882696,13.042609779806831
6441,0.0005175281504437435,-0.012461775819118448,-0.08184953281661615,-0.0003214305306683714,0.0099874994709586,-0.00174112097456951,-0.012742658864011715,-0.023959987772479888,-0.08322404653977089,-0.01623321297474533,0.0014699014914224878,-0.01002793478673602,-0.0031088850009028824,0.022754695171365035,-0.14480588608244532,0.006560903571479334,0.027631584411318178,-0.0006936543305856977,0.00038135886631379326,0.0010783721172352675,-5.4784926216738956e-06,0.0007371079458427308,0.0016705458809735836,0.008281649151569676,-0.0013398705521929098,0.00021021603031997195,-0.006000539040895488,-0.0052294622798470525,-0.0034504420393362857,-0.003078227024578599,0.001361298618649104,0.0017886091541424128,-0.00016679319299775684,-2.457838731525864e-06,9.423273302634348e-05,0.00016938850191607267,-0.00010002775510023835,0.0037093942059219956,-0.0024712115332909453,-0.00045697555680403667,0.0009615669101756757,-0.09136164506926414,-0.0827873016506752,-1.529421767901836e-05,-0.00018547546659775584,0.01707666003846226,-0.0019293654412569931,-0.024418653458429074,-0.02342243843316223,-0.0014663843267028744,13.042609779806831
11923,0.0004560779134064716,0.004193381739130614,0.08657390773296501,-0.021736932074035615,-0.0011643544457562577,-0.0021749987352122674,-0.013473659132889476,-0.02227610242617943,-0.08262503226536994,0.019025248593766454,0.000933140173108688,0.02777083065596643,-0.0033295742410402,-0.0012808244175055948,-0.176932316282506,-0.007882045110039967,0.036321885359875475,-0.007811945955391237,-0.00029521143854906444,-4.462140856523507e-05,-5.61574043402633e-06,-0.0030362831727999526,-0.004744979886202647,-0.00481366701800386,-0.0023524528568358446,-0.0004152059458321749,-0.009808366821674958,-0.005808010603192805,-0.0037555158496256954,-0.002615751501156035,0.002313230532756963,-0.0019290645650016655,-0.001461971293135088,-2.5782456438389804e-06,0.00016395977042532538,0.00016390327071585223,-0.0011112216831616292,-0.0014957691845127524,-0.0005948400517365947,-0.00012642978811468872,-0.00033475702218037687,-0.028312764621605455,-0.04048310718983129,-9.166500565330639e-05,-0.00020454292745862012,0.0016120870783995359,-0.0027989841495962772,0.008717810291492115,0.02736473266924715,-0.007117317203197514,13.042609779806831
10429,-0.0015382683415312538,-0.0019585273482937565,0.028522299876344068,0.006993979126222188,-0.0012667042709736418,-0.003484845529448424,-0.026125308800556434,-0.018499174445878373,0.2649429610249486,0.01938244614835343,0.001403566422924508,-0.01225493256454792,-0.004277406065955196,-0.0006457755201020679,0.10239739056537335,-0.039409484034196404,0.02264375276570857,-0.006112420808939189,0.00016111413154788664,0.0005523372282050258,-5.61574043402633e-06,0.0003878740527585385,-0.017051588151311862,-0.010252526556036137,-0.0025654283201180664,-0.004665460159462913,-0.0021439324915394943,0.00022401396148676524,0.005139400237790022,-0.0004678776478948154,-4.1618760624240954e-05,0.0025215484191859223,-0.0002960639578591091,-1.7902542066512128e-06,0.0002357921704899338,0.0003555100127871658,-0.0013820653673666428,-0.0006249544800266317,0.004449867413423384,-0.00216019334832187,-0.0001224840965183421,0.041826851965113584,0.029890780158338737,-2.060572411556139e-05,-2.7149270059154002e-05,0.00412194911026773,-0.00564066308807755,0.004060387408403122,0.015444776440016171,0.002386761564957178,13.042609779806831
17718,0.00047991142663062863,0.006969819721546384,0.007855775071072985,-0.020344396552738814,-0.001690655607166533,-0.0018190087258982363,-0.01274420464958036,-0.019607186779317422,0.016958149782321637,0.0013838523725778298,0.0012963813415869509,0.018030793259397,-0.0033161066342416758,-0.0011200134869539398,-0.0971819490432086,-0.014882691390247131,-0.01562071220510933,-0.005081335405041979,0.000861354283648949,0.0003536187388130042,-5.61574043402633e-06,-0.00017353507233098205,-0.0035011463300594374,-0.004890716679826338,0.01536876318628933,-0.00016866721223756393,0.004227552914047811,-0.0002608489024385035,-0.004444684199867188,-0.0009231379351773762,0.002565155195190972,6.322259449290659e-05,0.0009294125972684397,-2.457838731525864e-06,0.0003288565845628517,0.00016758031527893162,-0.000873440440596419,-0.0007659398577108368,0.00028147923817244765,-0.00013973894705153757,0.0010582043825349827,-0.03580820537302865,-0.039130801319473205,-7.740407811311546e-05,-0.00021221442512162013,0.0008315082627058588,-0.003586815343121458,0.006776481675707143,0.005544265048806595,-0.004340215588940142,13.042609779806831
2650,0.0015076224097938142,0.003432449206722777,0.03504564549531053,-0.03249081155641851,-0.001644255109877675,-0.002063444166598707,-0.012486190247732454,-0.02074119375599123,0.006346574775840045,0.019200031485575367,0.0016655979367848509,0.025234974552353982,-0.003138201710102448,-0.0007405406114239579,-0.28105271339218985,-0.00038546010325372085,0.0356693366515642,-0.02166966231557628,0.0003934486497679792,0.0003077730504612888,-5.61574043402633e-06,0.0004902980034914244,-0.0015426162657955424,-0.00410617487338495,-0.005209852489801767,1.4481043765453397e-05,-0.005231593229121347,-0.002115427542289728,-0.010662116228170551,-0.004490500221565416,-0.004504461838882621,-0.0008520381151218896,-6.779421613511227e-05,-1.4518482416225084e-06,0.000247774230328858,0.00015963818678811056,-0.006271615379838048,0.0013539045684076885,-0.003253561755737991,-0.0005853045622014007,1.89125444522258e-05,-0.09059364842213857,-0.10301773105874742,1.736213004252329e-05,-0.0003101600060668908,0.0004762687910245781,0.0077665082473378135,0.004362345349974762,0.0008062900807159698,-0.004622918130076782,13.042609779806831
4662,0.0009246668490597986,0.0017061173312909483,-0.01615418574101966,0.001555993600096552,-0.0002967663508397386,-0.002065456327168364,-0.013028216915771383,-0.020916303835493685,-0.0915298286061483,0.008340771457750005,-0.00012762618172809274,-0.021760573939817836,-0.003716282756319588,0.002620307051187968,0.02287912647411822,-0.014283483945119382,0.01033557111523754,-0.004054076556833026,-0.001140201346322953,0.0004129825558101093,-5.61574043402633e-06,-0.00457672070038055,-0.0021271369209017767,-0.005090740353367833,-0.0008590106189100141,0.0011356480294732088,0.00098097630756407,0.0035007284745794853,-0.0013910472744806538,-0.0009017845190548411,0.0020786465407062137,0.0020284073019437624,-0.0003438841379822729,-2.457838731525864e-06,0.00022039663835072716,9.272098173267723e-05,-0.0019210382447884173,-0.0013615883011850593,0.0007192141852869529,-0.0004822291483982026,-0.00014040329041623773,-0.005365069818344327,0.03885316015830221,-2.370413010264557e-05,-0.00038516467644030325,0.00037231252989574,0.0008329833131266693,0.005001484117155764,-0.0008041777470861189,0.00114881929759499,13.042609779806831
13034,-0.0005438851045955694,-0.017883214212990207,-0.18902857733232983,-0.00985828373803931,0.0041672196779567044,-0.0014772555182928845,-0.009249031297686857,-0.027388676096878135,-0.18690310767971727,-0.020369881127053003,0.0003872134573016561,-0.010304266264179008,-0.0030337580826307305,-0.001275550623950543,0.08616751287721518,0.01972671963963957,-0.08764674746353708,0.00044143994551288366,-0.007956127909221934,-0.0006840070828954013,-6.245696408678724e-05,0.00023459361473380128,0.001259650508520264,0.003490315798921167,-0.004078791285459872,-0.0005063521840486841,-0.004230927708896023,0.0051844685675539685,-0.0007866454105848701,-0.0006519444346915541,-0.012120605739904792,-0.000412168992788632,0.0005845790356737933,-3.654618188514535e-06,8.104716317760408e-05,0.00046602142445962647,-0.0015013765481932178,-0.0022930466644000666,0.001426936090615964,-0.0036953205298819983,-0.0013989778954627326,0.1103631902036377,0.08326627035811744,-0.00023760251809498608,-0.00016801113586813573,0.0016719886152135926,0.014264908914022791,-0.010656751651013065,-0.04639098761360394,-0.003905877848775871,13.042609779806831
5788,0.0009402717848386878,0.0022812901592926516,0.10552280726827178,-0.005642914414012979,0.0030385293696322774,-0.00531197621950993,0.13111950970134975,0.016580831683760074,0.0020286399463954005,-0.007396401658360424,-0.0024928743277763503,-0.014334939319507413,-0.003980658758143107,-0.003262882737984218,-0.2439103611114234,0.009389688810311327,0.022348341969942696,-0.01381744249949925,0.00046064914446795186,0.0003474051292068822,-5.61574043402633e-06,0.00024632452864601013,0.003200429399223476,-0.004065169009983512,-0.008146410422204223,8.34019668573531e-05,-0.006183025606073652,-0.008371213277217938,-0.007545466754861235,-0.0025867986595034666,0.0004847500330013958,-0.0012269251586613577,0.00033893391292507037,-2.457838731525864e-06,6.284637972224192e-05,0.00012010339459966669,-0.0009821569433060902,-0.0018468600086535523,-0.0014872079375450305,-0.004736952538370305,-0.00015152908591669001,-0.06676159243656392,-0.1066383328750695,-1.3231861250271068e-05,-0.0003164217117009436,0.01681566377493363,-0.0047211765069775395,-0.006734558544677365,0.025468805042003797,-0.0004040425891873277,13.042609779806831
18139,0.0016752160753493912,-0.0015670831597975,0.08134277694336567,-0.008299269055731104,0.003156977843822564,-0.002728400230212544,-0.015230522797332904,0.027955219109799076,-0.10731030776779474,-0.007994761548369795,0.00012324389098033886,-0.004115158957155925,-0.0027253411464751003,-0.0001177215336994596,-0.02446659933867617,0.04265737020485646,0.019763941097450305,-0.00254292822804458,8.508513595216886e-06,0.0007832222860476673,-6.200785182009498e-06,0.0008669260131968325,0.0016894359527369653,-0.0037494893482054857,0.005228059256975936,0.00030686575664944424,0.007749562765716075,0.005991813138797343,0.013829464868105766,0.011211124293746027,0.0026600408637721695,0.0007302352043106159,-0.00014178249513602045,-2.049756503454215e-06,0.00014836990667337126,0.00017533787603153412,-0.0012429404698467103,-0.001088524070620385,-0.0008013194987770607,0.0017662880972911103,-0.00034246598420559015,0.04965545790160182,0.0541407149390221,0.00017020265247388356,-0.0002138211875800146,0.0023775186867636246,0.00010819315993305297,-0.006055565877493985,0.02337011637477876,-0.001326267862380976,13.042609779806831
5407,0.0007254235602351435,0.0015094319642882147,-0.1384620625452476,-0.00522575573270117,0.005008376678861475,-0.001722124803405277,-0.014026472494984265,-0.025960919648355615,-0.11611569830750264,-0.013609383049469147,0.0016695732981705826,0.03703132257932419,-0.0030231979083669286,6.454088637191822e-05,-0.0976429782342039,0.00817237243060873,0.028077045430757137,0.0064307077047412375,-0.0012826007410667625,-0.0018695406499156966,-5.4784926216738956e-06,0.0005696580710998056,0.0018981290378885054,0.00351102132634902,-0.0011546541061061258,0.008166381706101214,-0.00372806401089718,-0.008964596899762343,-0.0015756213412455122,-0.0029211712642233183,0.0021859499109751898,0.002095145505489193,-0.00029439159892021856,-3.654618188514535e-06,9.684659747719456e-05,0.00028434861508582973,0.010576346042085146,0.0028892222689872993,-0.0021947906651583068,-0.00553324170008978,-0.0001514946032312462,-0.07065775717393205,-0.017314059138223283,9.825318534759037e-05,-0.00017379926081071865,0.01327780967974319,-0.0031820444061084335,0.003322155498446124,-0.04024013786331797,-0.0006521412177691582,13.042609779806831
4148,-0.0015553655364069863,-0.008489891665515168,-0.17989939603577804,0.005090472789514782,0.004378644115168993,-0.0016369102803149617,-0.010991099812073265,-0.030271363665834466,-0.09601757606023056,-0.022450855218535362,-0.0031865249499401917,-0.005103373721414078,-0.0028389164833661547,-0.0011295447608085968,0.14065133512386557,0.02735227717342518,-0.034141313996710346,0.01693309812264681,0.0004556169647376044,0.000389607367144113,-5.610005148240405e-06,0.00030292339877313666,0.0019026632459449929,0.003333531066094574,-0.0034365745094684535,0.0035935879923437663,0.0034770547342646996,0.0068735009927329595,0.0021514437113905787,0.0016397770400016372,-0.0028570739711379993,0.0002975381232079548,7.742440528809148e-05,-4.062527278505596e-06,0.0001550781328371239,0.0005053811084472517,0.001748977494169983,0.0014729066090551338,-0.01254970740153703,5.466761268204104e-06,-6.0845235493408076e-05,-0.062177131867971795,-0.027460593639462523,-8.708241023512415e-05,-0.00016572225416849735,0.0021997559649986516,-0.0004327527772347343,-0.007350657576999725,-0.04458826856310065,0.0012450289783923344,13.042609779806831
15072,0.0012749036247606343,0.0004911704569125004,0.16956476753489783,0.01946712377788947,-0.0002334066557941349,-0.004300992885870594,0.07678103190106111,0.02395578991985942,0.29259814012878094,0.03088947753316807,-0.004798679734163801,-0.035170642045272885,-0.003802364237954374,0.0315603825012889,0.16292140393873283,0.07714191082326127,0.09380699828537226,0.01225060547374349,-0.0004560832482760604,0.0006464949059868737,-3.5248116517069927e-06,0.00019135155367263606,0.00625892896711115,-0.003103787794814725,0.06690582035568277,0.000927902402511268,0.00022761398300776396,0.011568363316061613,0.004328491068527324,6.443334502366687e-05,0.0010166282536916234,0.008288650908032914,0.00019930168326223147,-1.4518482416225084e-06,9.792459975106754e-05,0.0001480722773621917,-0.000978558050137171,-0.0011124078053376919,0.0050805771939127446,-0.0006815582475751501,0.0010017466124673745,0.12867470595364625,0.1478186467588806,0.00015698990495999568,-0.0004339321927687256,-0.0007814420954485398,-0.009503773640423164,0.00206301966905036,0.04847347811406775,0.009034629480104394,13.042609779806831
723,0.0007753177008883579,0.0073098371629557206,0.031159790746086477,-0.04118689988310629,-0.0010460457049287037,-0.0020696912446236644,-0.015558284537815563,-0.017389682617948463,0.00324307493530076,-0.006674137837469817,0.004016448691034413,0.026153028802792567,-0.003536258419009183,-0.0010815416829786614,0.1632305657668456,-0.034319469584402795,0.028490473443307945,-0.009091709122919745,-0.001003855652476688,0.00033332525821242744,-6.809756164343423e-06,0.00038457797093401406,0.003149471234691678,-0.012770838663242096,-0.000866377316617833,-0.00032464725111841714,-0.005798590577294212,-0.0012706535534087158,-0.002887729368120949,-0.0003255795303344503,-0.0016707857601667962,-0.0009231067381662949,6.555587250360263e-05,-2.5782456438389804e-06,0.00015628682179493224,0.00018359990027770737,-0.001026374211356815,-0.0016394682022750134,0.001951178248395408,0.00018634820643887972,0.00022391750667314676,0.06952336167777347,0.047621089355979494,0.00013149331049732468,-0.00023881550972913165,0.002487178172944415,0.00027378632005432043,0.006722998517407937,-0.00036407922164882,-0.01443715159475821,13.042609779806831
6073,0.0011230714148094813,0.0013884256620580152,0.1388904382036957,0.012686641153424851,0.004678401108117067,-0.002142193729181794,-0.018077413032954966,-0.01743425560624307,0.014712185987505563,-0.015532899411688396,-0.015211315377806076,-0.029174375207238545,-0.00398939632281961,0.029531340303131086,0.19579147303374464,0.05561917169984567,0.050343799742628585,0.004280305069267112,0.001347509086685059,-0.00010928718536891419,-3.5248116517069927e-06,0.00014966924115615915,0.004770087050506426,-0.0012581736445398816,0.06359512433407587,0.001319366800397877,0.025375893423108174,0.013834390899405474,0.005151911611265795,0.000211137506192043,0.0015096824953978226,0.0035320550792302483,4.019553868752646e-05,-1.4518482416225084e-06,0.00016306944953722202,0.00021417962603682505,-0.0012117450842821023,-0.00016494890788762453,0.0011537624283695666,-0.0004654668977852558,0.00012297860724310702,0.13730392378846898,0.16035631641065168,0.0001474826199332019,-0.00034295973558540747,-0.029147026665913404,0.004901838559548916,-0.013274803524195808,0.04683000951094755,0.005134279005509965,13.042609779806831
12411,0.0026384298818542596,-0.014656293819289056,-0.09459846664770687,0.005652104493811938,0.004210987019198424,-0.0016467834744417808,-0.010090804045718793,-0.019620453146469274,-0.09502757460269165,-0.016047264494683636,0.0012910618827590347,-0.02402684912648684,-0.0038801038001222265,-0.0007587184225486868,-0.23106902150600064,0.004291052094181057,-0.04412927219135261,-0.005741871665292354,-0.000203540774743003,0.0003833515577750646,-5.4784926216738956e-06,0.0005941190639352378,-0.001747453112673264,-0.0020775518573029586,-0.0027561497771697945,-0.0003980298722765795,-0.007757850347599518,-0.006095377913317861,-0.005994838440147071,-0.0014864550550482854,-0.00398284982234278,-0.0010784162172079307,-0.0001856223034437815,-2.457838731525864e-06,9.311730409503443e-05,0.00016478329784079548,-0.0029253695157033343,0.0012512652173545787,-0.0028215267177599855,-0.00011273399595823547,0.00015342987816778207,-0.09525401021230331,-0.10066285260060161,2.4167510941641858e-05,-0.0006005780692592647,0.009045892290252034,0.0006293557418662963,-0.004277714753940048,-0.028646311795648534,0.0005228608380348833,13.042609779806831
8445,-0.003317982746485395,-0.008455667195105534,-0.06544110963248066,0.002943586064178693,0.0035747964434041084,0.2077036054861886,0.22224609067576107,0.021386020885079442,-0.01821055379938226,-0.035411294710926466,0.0017964289544308337,-0.0246470026233717,-0.001730980409306361,0.004916777996628941,0.15381335152526646,-0.03089360043585073,0.0510946570012448,-0.01014499118811279,-0.0007827649031757815,0.000570656194348442,-5.61574043402633e-06,0.0017272710532171812,0.0035037036788336112,-0.0019854571728331097,-0.004715959192598701,-0.00011220566888637363,-0.0019863363705410887,0.0017253700545947978,-0.00024344397344865722,0.0004170634980462197,0.00506960766838808,0.002183541525746353,0.0018783307416847773,-1.7902542066512128e-06,0.0001777246926074373,0.0002473422156863988,-0.0013383656718328881,-0.0008891453305271994,0.0019472043432012375,-0.0025041997419547775,-0.0001780757365226473,-0.03605685748242914,0.05010141029298081,0.000622810940040143,-0.0001803268765313103,0.0022564007922038546,0.0009765334074537162,0.002595822477368125,0.004921850701860796,-0.005211380722232341,13.042609779806831
13153,0.004209563359981968,0.0020162498028858645,-0.02723330110448126,0.01049202943435595,-0.00014610621365177651,-0.004832059078190819,0.07645706830795557,-0.026974078951275654,0.010642465407784634,-0.0021693699080379608,0.006436734269972725,0.04120383649675482,-0.004038000617976024,-0.0012991321611776577,0.21305150724187877,0.049586764121047795,0.10059449084630423,-0.002201808866174115,0.0030290392537063245,0.00010340970327143738,-7.059152657254587e-06,0.0004692982133100502,0.00273564826188906,-0.0022943716530445584,0.034183936383405715,-0.0017617980110789483,0.02441511994325341,0.01215911341416384,0.01098861800444002,0.0023188210760615945,0.0008216557640673936,-0.004642070068325054,0.00034839496619659075,-2.049756503454215e-06,0.00015763251937808728,0.00021517471475290763,-0.0030999485295647505,-0.0010056250326615352,0.008371908573806689,-0.0017138795906995582,-0.00015081081518380403,0.12565288878400013,0.11961893880727785,0.00011414640100771785,-0.00048615538778846545,0.00794916205412191,-0.008878765738322919,0.0018063982713882865,-0.004901614111028487,0.001994420340933624,13.042609779806831
1737,0.002084901173909022,0.015377561631452128,-0.01393194634150004,-0.02040219132456972,0.0027044806697059482,-0.0022406859268055794,-0.00994903266331965,0.019211621262009378,-0.15321838756257697,-0.025738905290907978,-0.004470790164096227,-4.438968081231898e-05,-0.0023311303218113044,-0.0009747266900561805,-0.29244737883792477,0.0060854624386657815,-0.03678659077449313,-0.016221630996099464,0.002113115821397522,-5.7821683893761515e-05,-1.9544134106756287e-05,-0.00012445721746341695,-0.0031076049582515275,-0.011508969334122519,-0.003618343718358887,-0.002164214940273907,-0.0031826917020860075,-0.004353147045062945,-0.01359233360138756,-0.0018615207504168489,-0.0025305632899184772,-0.0016466740721220931,0.0001058121836016662,-3.654618188514535e-06,7.249563249257663e-05,8.721250846424817e-05,-0.005249843016687683,0.002663623292173255,-0.0021312151101991104,-0.00046444993255904986,-0.0017564778043018302,-0.08446329219405307,-0.09858598893163574,0.00110675780647151,-0.000198297361703075,-0.02769204934933082,-0.008646109882896663,-0.012624532492543982,-0.005577174991609015,-0.00724292577541548,13.042609779806831
13872,-0.0005458468171281695,-0.0013165559308898058,0.0011416970461437042,0.07405264369493361,-0.0014221130533970435,-0.002565194681034964,-0.013287302153395493,-0.01284162805076801,0.009766010702950825,0.0056984643460971105,0.001692237483503531,-0.002256232932260513,-0.0031355925981753647,0.002956785565495012,-0.10599768768839289,-0.014861909605852229,0.017557834327261355,0.01303827926227817,-0.002131552080724739,8.31220071803444e-05,-5.61574043402633e-06,0.0007023910229014983,-0.008601062964385913,-0.002941702676492993,0.003464412858506224,-4.46419837721121e-05,0.0017776832727826285,0.0038866885680315095,0.017598383397141155,0.0017049356551767857,0.0007560596147755454,-0.0012898749164797086,-0.0008416625760826775,-0.000358930864652937,0.00016941401714937567,0.00019395114719177343,-0.000741139958904578,-0.0015867248291975772,0.0023184853402812146,-0.002816038078884336,0.00035998926325543634,0.03649807237191235,0.03894558434039907,0.0001718232218320844,-0.0006213818153234838,0.0031207173822058146,0.0005487506770883947,0.0020433576046175912,0.003198288761876578,0.01698823476951419,13.042609779806831
18321,0.0032068330094528388,-0.026486483825393984,-0.12961424289482107,0.06779383070705738,0.0034292849846918674,-0.0019484162330297423,-0.009932995149427162,0.09753689488347549,-0.15186692270312366,-0.012648242253682414,-0.0008457383630904891,-0.023106933761760866,-0.0015541373270933627,-0.0007806417388768372,-0.2270053928271343,-0.0098690405607368,-0.02406937787746887,0.009057306362669671,-0.0009480285839403519,0.0010812183329616113,-1.6411278212678853e-05,-0.00738197518190103,-0.009763461826414424,0.00043731133035041566,-0.0032701712167644897,-0.003668186224832062,0.009910934777236886,-0.004671393680710401,0.0021015148798911813,0.009900685776308546,-0.0031661966276385683,-0.0029189374442009663,-0.00046389364969500233,-0.000358930864652937,-0.001900229068090073,0.014461608679747155,-0.0039752186650769804,0.0023350891197036275,-0.004904613160772516,0.001085025174996379,0.000518278512224281,-0.07591765051597289,-0.08643673602116886,-0.00023296409585495383,-0.00016406717738212402,-0.001559405788296492,0.004786366904799405,-0.012467271627588702,-0.02890191117452734,0.015106993937834034,13.042609779806831
12734,-0.0002258350478914597,-0.01258057431395086,-0.019270844577670528,0.005642449357186285,0.004698415279695476,-0.00220171830165119,-0.01756127040387374,-0.03921726554854894,-0.18874663155293525,-0.012839725093039298,-0.007940171224669515,-0.018245839705238905,-0.003798044774109137,0.00010750419586449587,-0.09685731782934942,-0.009421917601225358,0.027889232618832464,-0.008437332812276384,0.0013221146604820702,-0.0002025337725653715,-1.9544134106756287e-05,0.00013585576969697645,0.0028482111985387673,0.006068774309425285,-0.0042064311946272,-0.005974881959171462,-0.0046936044871668655,-0.015613518285578302,-0.008227626533637844,-0.0046686178469548985,-0.0012547688602886652,-0.000780307332004021,-0.0011307892747081754,-3.654618188514535e-06,7.1575299764415e-05,0.0003494092751004954,0.008808252706384669,0.0030780158068055303,-0.0023108282038310207,0.00037074149947854626,-0.0018049128695477152,-0.08592986091815237,-0.09960309455303426,0.0008743774783210272,-0.0006390546735091993,-0.03111958387761859,-0.003260692395285034,-0.018784977133127503,-3.5717570788275576e-05,0.004156793680361131,13.042609779806831
19996,0.0030180106919975515,0.010155895784846805,-0.07497915042702899,-0.0896125720435754,-0.0002558525517313545,-0.0015650024852798274,-0.009925271861640834,-0.02164660436885826,-0.08805758449735025,-0.02405579165728101,0.0043790518870469265,0.003521891612615125,-0.002697483759860576,0.001057578931807469,0.06124529629583362,0.009693190436506937,-0.03266290083155616,0.010105709950595133,-0.0007200114610735538,8.272271787703748e-05,-3.6225837044524444e-06,0.00015509773536484528,0.0012522363273342629,-0.0073004863235251,-0.004176048929932852,-0.004629169832429384,0.00015450093198892873,0.004168070727832733,0.003908346741184843,-0.005851149541884969,0.0026976771560297016,-0.0018337238056908972,-5.408145445086519e-05,-3.238900849235783e-06,0.00014506960932272813,0.00015322413107937254,-0.0014676610294021904,-0.0013641327242523158,0.0022098986136510883,-0.0043788664542717196,-0.0023751314419402673,0.06628049195040624,0.04787843157150944,0.0001334854113917197,-0.00011751309958620094,0.004913508064774757,-0.0022248738912988546,0.005892613821255818,-0.019604282049582714,-0.02768921097006434,13.042609779806831
15273,-0.0004772046405375889,0.004835184424566938,-0.05495198508420566,0.013148134927933132,0.01433050363004572,-0.0021065863407216815,-0.011031089039175228,-0.0206127042335558,-0.08288753665233459,-0.01697201242243347,0.003287505204157817,0.0020612559252769693,-0.002722324414673867,-0.0003578030688293456,0.06002362183452073,-0.09482368775322675,-0.0037358966931706084,0.005649663154998391,0.005140940507683421,0.003629500212322089,-5.581125389967299e-06,0.00031632421618637424,-0.004355009936819708,-0.0020743057211143117,-0.004101430283904252,-0.0029720268392238345,0.007472196420075135,0.008515629622164097,0.006237290139693634,0.002459190182925284,-0.011641282177760172,-0.004429585433178427,0.0034382922408651025,-5.661265053846037e-06,0.00023370802939000907,-0.0014032915078292176,-0.0006632864881790943,-0.001276155422306191,-0.006808225920017221,0.0002620602732780647,0.00012344203615887312,-0.06117373005787851,-0.041373073355639944,0.0005104832782686323,-0.000109998885963961,0.003211811001368678,-0.0023540021776946576,0.005119516285519904,-0.013326712697939577,0.0027863941335266314,13.042609779806831
2227,0.00037442913051665284,0.006360914919439489,-0.07473894845759615,0.009126132505270883,0.004753872052930044,-0.0017581688716000494,-0.010816750777528665,-0.025198772251649227,-0.08994519280108403,-0.018107166958278763,0.0030631884125638504,-0.024109953402621287,-0.003028272989373272,0.004066508298678634,0.056534104756523006,0.0156370746227517,-0.02554067587537234,-0.003728201414179548,-0.0006121916801011657,0.0005148801235654067,-5.4784926216738956e-06,0.00028750384430093937,0.0017686003881594412,-0.003392023444132313,-0.003769402815856927,0.0008201709562458435,-0.0003353455282566274,-0.0016751276763435372,-0.0008478367517050785,-0.0007645874524478885,0.0007401255539337395,0.0016277653832540836,-4.5112462958082065e-05,-2.457838731525864e-06,0.00016130495143280282,0.0003513013854451517,-0.000747424870335607,-0.001157683785273738,0.0008346895235833598,-0.0006112164918614636,0.00029400607951023897,-0.01068901673440468,0.04210097346559626,0.00014741236439884967,-0.00020803867639651518,0.008438489957240555,-0.0013234381271376224,0.0034794399013343257,-0.018360361747668925,0.0010078789922590013,13.042609779806831
1574,0.0007798421955881291,0.005103673358990359,-0.017360187153493113,-0.01653304619385255,-0.0011136998309706533,-0.001765230830185203,-0.012592518920886394,-0.021445751186449022,-0.004598486286803877,-0.004519032598202619,0.0009595350110939542,0.01570600667158391,-0.0031822224575706274,-0.0007408060030495594,-0.22152988239442575,-0.01358472811342858,0.0411064538130601,-0.006292949760867445,0.00016554427272285463,0.00027724278856943515,-5.61574043402633e-06,-0.0006573408341011376,-0.004613752092735023,-0.003528514730513728,-0.003324219132368457,-0.0004392421884789783,-0.004631752118225199,-0.0028247334409909545,-0.008717467502419354,-0.003446261298196142,-0.0025645030197599433,-0.00018290335423005725,0.00011144794214881973,-1.4518482416225084e-06,0.00020489887961172785,0.00013743962573984018,-0.003668200662099804,0.0010872605309314252,-0.002839770552556227,-0.0005920290212379512,-0.0011513601668993135,-0.08102820960112973,-0.10091944594321495,1.736213004252329e-05,-0.0002916831778465532,0.0013977152523578726,-0.0040488529102988,0.005368012270694051,0.001311999358088079,-0.006305936638486102,13.042609779806831
7126,-5.430795311551187e-05,-0.012366544554818547,-0.0986252707031415,0.005215606288215234,0.0041469237652816395,-0.0016735954509216357,-0.011376087381756014,-0.020534837242120844,-0.08251499804036458,-0.01396962980730174,-0.000459574210639922,-0.026243589665098058,-0.003383455255380119,-0.001919492425878803,0.1769162731412887,-0.0457874512610789,0.010808072760828657,-0.004313854200375581,-0.003449651962968957,-0.00024321789300899309,-6.809756164343423e-06,0.00023046771915033985,0.0027243631674606183,-0.012789244203495977,-0.004846269924645105,0.000921454694071619,-0.006090164830412937,-0.0018546122327569364,-0.0008267954966862594,-0.0007215044316665064,0.0010388330817209816,-0.0008884882402985556,8.862232050174853e-05,-6.440358901335884e-06,8.825842620436265e-05,0.00023164008146193003,-0.0009754318507982651,-0.0014272287360585115,0.0020372191304915584,-0.0006444532913903287,-7.72059487953557e-05,0.08389103716801234,0.04187307036926807,-2.370413010264557e-05,-0.00017399028759273937,0.0015372874217675146,-0.0025696596289563603,-0.00637743936046156,-0.031810521796901546,0.0044109879316402,13.042609779806831
16364,0.0023664239563014667,-0.000556975320073681,0.02489845333405753,-0.02196771863845346,-0.0012937264193207502,-0.0019080707264032166,-0.016714511261713343,-0.016698955643739632,0.17687782643836053,0.036032646329896785,-0.0027305959942848265,0.029567093621581043,-0.0038527188850730615,-0.0016764952903517765,0.19213176721140124,0.015313129619758517,0.05139508950693393,-0.005207150043265492,0.000640096872299636,-0.0013880871410977247,-5.61574043402633e-06,0.00042524525924108117,0.0020884409523029652,0.015866921301567014,0.02288816400285522,-0.0034525248061561065,0.015139616570843407,0.013026784870118316,0.008836356829315085,0.003302717214288831,0.0011186771701402912,-0.0007537034778695768,1.0995346968136106e-05,-2.049756503454215e-06,0.00018576905094313157,0.0002426829910441841,-0.0010911425498033407,-0.0006917795826233124,0.0025775485357325397,0.00018313473099631835,0.0003536107454635765,0.12593912080886252,0.12118250969724866,0.00014331561309520807,-0.0004547773532993009,0.007356752111075481,-0.00351984915631567,0.004006901496821924,0.01109593085469526,-0.005028914952680961,13.042609779806831
5918,0.001552274231579233,-0.016614907273703166,-0.12923454499990958,0.0011535303124950989,0.0033031462074893784,-0.001643015889609035,-0.010026965177325391,0.021368255498872016,-0.10069158802108177,-0.014436249431846704,0.0025790094321601217,-0.019837777522892504,-0.0025570034067579,-0.0009464294726047737,-0.2760627171749129,0.009066411275794354,-0.030226721790956087,-0.005534126524276095,-0.0004582078331668485,-0.0020718533119617323,-4.626459233421365e-06,0.00024714263998963686,-0.003673311814649665,-0.00018507337462122297,-0.00027396562084553924,-0.0013397987449329093,-0.007753743454137731,-0.005425352393529457,-0.005559046299419787,-0.004205869909297658,-0.0044263020871874925,-0.0010466720984093163,2.190148193348417e-06,-2.457838731525864e-06,7.863372559429198e-05,0.00010840579743793303,-0.004930396114068166,0.0015120794955832287,-0.002565761213601661,0.000378193428530604,0.00020097890195487313,-0.09419837668847808,-0.09711270292764938,2.2578193795871276e-06,-0.00017952698612947723,0.0006108692271248746,-0.004213312266108282,-0.018738027718260008,-0.03604498275051808,-5.962245084483505e-06,13.042609779806831
20704,0.0009375935240834585,0.003426467529939007,0.06442108345683879,-0.005975950190439335,-0.0008214725590338275,-0.002273177227127811,-0.013853842537538049,-0.019693953458954177,0.018684273529187813,0.02493807838737926,0.0008770585444468273,0.045963400853959356,-0.002329540240427479,0.00043408095338035,-0.03276083068581847,0.022024158357646692,0.0433323160352948,-0.006606253122943151,-0.0007256062265376479,-4.7726891682223044e-05,-5.61574043402633e-06,0.00228093503773184,0.0015467337065483806,-0.009973255661382206,-0.005028899037283697,-0.0021157046463933476,3.923870927600989e-05,0.003611199529272573,0.007848596907790127,0.0014684979346790655,-0.00020070791311832176,-0.0013463677284640454,7.07960326236157e-05,-1.7362314208617246e-06,0.0004637995551423303,0.00010626940213540841,-0.0011275631433548153,-0.0007895601534366702,0.0008458372978723687,-0.0007004590993483127,0.0006902525444114323,-0.058957714632508984,0.03529616980098948,-0.00011618522751925433,-0.0003189453615224985,0.0016598964717378188,-0.000623541336432119,0.00731714977856674,0.00564143665862374,-0.0019169785772597317,13.042609779806831
9591,0.0017350490076570512,0.004438585635711977,0.02886039825791564,-0.01762875094888503,-0.0012849893338799493,-0.0021912826750738064,-0.013360336057805464,-0.020892397382660795,0.0009314068241228523,0.002894421174729379,0.0009679956535519409,0.01908322064258696,-0.003093894190510356,-0.0013734024106449878,-0.2346400184262057,-0.004559142262063575,0.03959821370429722,-0.008516148223474013,0.0004689966766219799,0.000387835050027395,-5.61574043402633e-06,-0.0006594050231254043,-0.0037501349761298306,-0.003479245469185305,-0.003826902123828453,-0.0004453594569146227,-0.004529277689875278,-0.0023039669147743753,-0.010942600547871023,-0.003253241930403584,-0.0029642906523380664,3.7375659934593945e-05,7.527504085218887e-05,-1.4518482416225084e-06,0.00020489887961172785,4.302376947687223e-05,-0.004717630902109114,0.001296941658343195,-0.0029037220208008425,-0.0005671395720617032,-0.000696482639477515,-0.08654786011415447,-0.1054889659757716,2.1055765131695748e-05,-0.00032171425295212465,0.001724771823095706,-0.005070211321515022,0.003975091570534848,0.0009619514371769415,-0.005957473517767869,13.042609779806831
2701,-0.0012732355502686403,-0.023655686915361507,-0.21417709383986788,0.00262763727260002,0.0032786573671759823,-0.001628807278552037,-0.01134250980085494,0.07434518044600262,-0.16317424091963534,-0.024859472604554598,-0.0005708430576094475,0.024321127636931002,-0.0021528058691662106,0.03135577520392109,-0.16173342617762132,0.012171834095052713,-0.009288119759268399,0.004194539673204359,-0.0001123384900158266,-0.002513126206523231,-2.003965845365348e-05,0.00029580802214989753,0.0012955897912784594,0.022624024555283197,-0.0014897199223422616,-0.001961266996639139,-0.003553409920525391,-0.006054516820719315,-0.006389565267558593,-0.001447588804837036,0.0034420418546592547,0.004025758876746382,-0.00013563929530309486,-3.654618188514535e-06,6.563040138171708e-05,-5.958281195231401e-05,0.0019759298682544895,0.006543335605365324,0.00017294061272876574,0.002154489706615564,9.927988826213844e-05,-0.08291935194306381,-0.10578322988660165,-0.0001508404114365958,-0.00013929171163420148,-0.0007111208490607067,-0.00016532509659332307,-0.007797536081574147,-0.062244232132867096,0.0024495857454145523,13.042609779806831
16108,0.0009926386647398683,0.01498521718371175,0.09868398842173834,-0.041610282245017755,-0.00047272302904974767,-0.0019856076207027005,-0.019693769893175037,0.025243045374884424,0.016347546444020346,-0.008466215634868077,0.0007783703520148311,-0.021628856501315383,-0.002573018783894044,-0.000249280145879904,0.07286999010286868,0.004031552935659451,0.04909438920233978,-0.019663130313603488,-0.0003521160798276132,0.0003783273574748643,-5.61574043402633e-06,0.0017351700389271031,0.0016916240611898363,0.015256093673819669,-0.011158460523320085,0.0017921224679687843,-0.0015708638051303366,-0.005865649119559504,-0.002912136185102718,-0.0007623363362697474,0.002730113592248844,-0.0011800892286556986,0.00012237131512246642,-1.4518482416225084e-06,0.00017252923110891986,0.00014702861198720923,0.00025743808606936975,0.0020130356097337303,-0.0014014711526672556,0.007135842431272315,0.0001782951316400552,-0.034243008217283724,-0.021728086568465647,0.0004505394943327766,-0.00021185386790466986,-0.0013070033837784814,-0.010596076552528581,0.0069814389698426285,0.03238479908249515,-0.010162839880670578,13.042609779806831
8333,0.003178610307249816,0.0005975139470610693,0.1414398504601828,0.06271422183567871,0.004239111546451623,-0.0027038132373483743,-0.01494607992004772,0.01566067154334314,-0.0021350585189381798,0.009684935895283691,-0.010671074398082703,-0.03447395132453967,-0.0035833227197924473,0.001034450705201936,0.13741862526479814,-0.04162191810069551,0.03164771436062312,0.005030466972910252,-0.00020022270614142212,-0.001979704907350974,-3.7625021742603873e-06,0.00022747607441549292,0.0013687489078933828,-0.00610413738182566,-0.0054502590263550916,-0.00539124224762928,0.011816134817444422,0.007569125213366206,0.002176547605083945,-0.00037540834194939326,-7.75210536643248e-05,0.00043743882771302226,0.0002676969432539418,-2.6933696628143918e-05,0.0001505287672911011,0.000586387738879753,0.0004643891523219421,-0.001529717924456558,0.0006103186103895858,-0.0020444385525725823,0.0005447002535290437,0.05756957287008144,0.12488200665335583,0.00014804432314494505,-0.0005188890127459217,-0.0005294907751169178,0.0020855682468730644,0.00401148739723003,0.04356510046038854,0.018330945784955914,13.042609779806831
15143,0.0006588813608600993,-0.015077912187749537,-0.019548778101513245,-0.002999414628907858,0.0015093680612411314,-0.002007505988793018,-0.012452926673710901,0.01886548937311715,-0.09822169434868513,-0.008874352290773279,0.0009055877279718662,-0.02850916542135525,-0.003055287336359999,0.0004691149003400036,-0.23553203612297705,-0.009786034604684,-0.023545412422271202,-0.004974434899137651,0.0006848084779120677,0.0001841173303059904,-5.61574043402633e-06,0.0003134995659892042,0.0006295612692904927,0.003842785366462264,-0.0041657079718445495,-0.0014541370482652812,-0.003368003070688406,-0.004138402681593804,-0.008826115475697713,-0.001109540584906825,-0.00014967440921116173,0.0004068488050424063,-6.989201030034021e-05,-2.457838731525864e-06,8.792776676714415e-05,0.00011944844155188025,-0.0015558910480636943,0.0032855736316786716,-0.0025658810235491725,0.0038645361424097346,0.0008341621898841855,-0.08931195481673726,-0.1021466885427843,4.582409396432523e-06,-0.00029246854392585547,0.0013031495031747015,-0.0141033781297371,-0.02531733152048899,-0.0006053873903688958,0.0005150241404709191,13.042609779806831
12609,-0.0006325116949287925,0.013969526969494989,0.27634001485571236,0.02050332137676649,-0.0035208696154196023,-0.006650296027695219,-0.019120066652213146,-0.019636194231533892,0.20303029888056356,0.047087048886543734,-0.013491950396742303,0.05602937573935781,-0.0032206185760256887,-0.0016622252540021646,0.16986759033364104,0.05874880743449637,0.018949058350021062,-0.0033490117006981747,0.0018618326807307447,-0.0010570363817909256,-3.7625021742603873e-06,0.00018040628496943085,0.0028246241436191964,-0.008680702807365347,-0.018897975877519044,-0.0017402110433859229,0.0040914575881176455,0.003763442359215921,0.003991317228773395,0.0022930477809152963,0.0019847849819188195,0.0019387120144638904,2.650830880063223e-05,-1.7362314208617246e-06,0.0002959964612028828,0.00018751528714956158,-0.0011566473665916678,-0.0010291306966419389,0.0005099258035910898,-0.0002732705249678607,-0.003942438160139771,0.1356568019129564,0.07544277986252193,0.0001577474763209649,-0.00027005689850028455,-0.0009187787904483697,-0.005190031911982094,0.00438172691112733,0.05532773646294791,0.006968377510594984,13.042609779806831
8193,-0.00010434998951863539,0.00819670843889364,-0.09826362382274632,0.01601599287172033,0.007819102527745684,-0.002096988020027471,-0.013147522476971693,0.030903644631823938,-0.15779553280387448,-0.022749751374037935,-0.00022032837254963743,-0.018612625759902444,-0.002335546019964696,-0.0005255466018830612,-0.07962873833122804,-0.01252300962197433,-0.010491524596201809,0.004085063166384083,0.00022163412999781415,-0.0017953675265785839,-5.9596638945203255e-05,0.0004366899164112911,0.003268211228506714,0.00678952313912555,-0.006978234830687453,-0.000605461712945194,-0.004607982884547969,-0.012208439243359546,-0.0047381509534323,-0.001378412846127145,-0.004062864856737835,-0.0018175960093898636,-4.7975510490408647e-05,-2.457838731525864e-06,7.592258996994884e-05,0.0001650052146712849,0.002208989950815303,0.006372771433481102,-0.0033847867820348395,-0.0001214072745193078,-8.441630811947418e-05,-0.08448362572128328,-0.09313513511997978,0.00080795508946435,-0.00018232089612556278,-0.02293255574064115,-0.007861463750459102,0.0060720431401226,-0.028109002426116952,0.0001384798061125152,13.042609779806831
11001,0.0012074174261324023,0.011563118094708873,-0.04089342928490288,0.0037879630176191116,-0.0017183306810724104,-0.001970428100230863,-0.010257990836656648,-0.021905437570265373,-0.08198034742521079,-0.014261711049961994,0.0009682922765650608,0.018146775684396516,-0.003108547916508753,0.019704249177270663,-0.14462047264608693,0.004523834919608611,-0.013518156547938944,-0.001352758157621431,0.0006320538982550548,5.577794761682365e-05,-5.61574043402633e-06,0.0003144690295785679,0.0021701204405828144,0.008239593365133776,-0.0015248387272297351,-0.000168875522678698,-0.00288063376222621,-0.0015227761825908255,-0.007030927529459518,-0.0011722365440750262,0.0007234445886797348,0.00017316657723121854,-0.0010686452679217432,-2.457838731525864e-06,0.00011170976373520127,0.00010853870011871335,-0.00021135762362935946,0.0005816002877742375,-0.0042987482675603105,5.356899583990984e-05,0.0006212714050759889,-0.0821871174142498,-0.09449474218898407,0.00018446270380895319,-0.00020486919856486067,-0.001811741345539741,-0.0034440980013890226,0.010970698283940485,-0.007685686658082358,-0.0004260539175051119,13.042609779806831
9150,-0.0005447676745365236,0.000663411679556875,-0.09519963117887234,-0.0016090336277424678,0.0039048604805975097,-0.0016405419445088085,-0.009780227949806474,-0.023204052062127983,-0.09378948455637434,-0.010654994715065022,-0.0005166216963776196,0.00024266108982236428,-0.0032511563108246675,-0.0023689348929798342,0.21708237642297812,0.01591427090866968,-0.035555510930777794,-0.0029579148349127824,-0.004105399654774977,-1.0555923637629275e-05,-6.809756164343423e-06,0.00020692830607823862,0.0024153662275139677,-0.002331567901577509,-0.006634475297562194,0.0002551607413488196,-0.001035759031886829,0.0013832838532410715,-0.000822968662333188,0.0005278974837233421,-0.0007878975991397951,-0.0010307863995049212,-4.5050531722276564e-05,-3.654618188514535e-06,0.00021920093391556895,0.00036933783799256837,-0.0016036654534920865,-0.0009215966162319014,0.0026225676328329476,-0.0021162193344642184,-0.0005513741268963302,0.10080427608895341,0.08634660387915231,-1.8172359180922114e-05,-0.0002180736322690087,0.0033216584404158096,-0.005421877406595944,0.0019761315847282445,-0.017634931696463796,0.0010620543349128188,13.042609779806831
12343,0.00039392384472483334,-0.010314385755603025,-0.047159050433406936,0.002568529368250965,0.004419007608626789,-0.0062089920444144174,0.12043943727283075,-0.014774572474677174,-0.08864890927781624,-0.004272753856815618,0.0018311084718575716,-0.015895551190115178,-0.003441717349346694,-0.056054251968720575,-0.21167791506803155,0.017317627527146915,0.07121937379476775,-0.010534361791075069,-0.0004446881426067488,0.00018326888194751003,-5.61574043402633e-06,0.0008819818497930684,0.002683995580164402,-0.0013544853064587142,-0.0051953082543663796,0.000311445535119247,0.0021653994548412607,0.0021895051019631424,-0.0045881147220200634,-0.0026409206563407766,0.002126034377152102,-0.002890199923086262,-0.00013427683778538443,-1.4518482416225084e-06,8.024948026457138e-05,0.0002500821226659337,-0.001274908319024303,-0.0025610134364011574,-0.0022067296866567043,0.00013416861929159112,-0.0007170671104629481,-0.09069577685419125,0.028325805056783795,0.00047592731808805005,-0.0005669016051093738,0.009254801098445545,-0.01143774553872917,-0.013740632643103991,-0.008813631389008642,-0.00015882418289561294,13.042609779806831
13246,0.000270405273211457,0.010805542832135175,-0.04232720998495674,-0.017555179331511687,-0.0011758854855222262,-0.0019690118711815697,-0.008655826438649846,-0.018040574187506545,-0.07681792347691394,-0.013441004360798123,0.0004558108268183124,0.02423509899424563,-0.0032824899827053307,-0.0004462767136807366,-0.18227055834778616,0.0005546486926413098,-0.006262018442103104,-0.005924534681006857,0.0009304671791862434,-0.00030232372571295155,-5.61574043402633e-06,-7.76944172778363e-06,-0.007986179665854312,-0.004056156205179897,-0.0017475228550106097,0.00010214035843201696,0.0052102761455116225,0.005379740548200342,-8.759869534604375e-06,-0.0012583119505546725,0.0001788023068716158,0.00013799995918398515,0.0004813734456890129,-3.2628463888164725e-06,0.00018491178049261938,0.0001651175886813372,-0.000824198754895359,-0.00364029983115854,-0.00018983422623475196,-2.9442133840192462e-05,0.0012237125710585397,-0.05517622923275111,-0.08859431376667741,-7.849003765581887e-05,-0.00045589914180380834,6.24368213417586e-05,-0.002529451089001646,0.006864036919123822,-0.008258831045988877,-0.00409305376499133,13.042609779806831
6341,-0.00024129182590962227,0.003803286269753408,0.04166161710746582,0.006318488747158702,-0.0023714805386030172,-0.001857189654230407,-0.012749614124933152,-0.016698097620683517,0.011397303375199095,0.0003161527082934865,0.0017202606644081439,0.005671697379665968,-0.003363584431883148,0.0001351701166060086,-0.06690798784546183,-0.0197034109842212,0.044151913846840765,-0.006221774035701058,0.000701668949357155,0.0021147097325251193,0.00061387773301894,0.002240560316664694,-0.004482576314957956,-0.005992579549311053,-0.004973731182001245,-0.0009189022532667641,0.005207829182366435,0.007292623608094902,0.02102172409851357,0.007136887118620285,-0.0028855020543507846,-8.367543509791295e-05,0.0006009117003501056,1.6660187633023e-05,0.0003259131670832966,0.0002549895460444858,-0.0013935620251803401,0.00033124223799940294,-0.002843763206098749,2.3176839659182857e-05,0.002142245156116315,-0.03988073173962,-0.04753277343882162,7.705701367644565e-05,-0.00022036179747617415,0.002823640325904571,0.003353601713201895,0.0051985833308628385,-0.0015488008055938693,0.0021348704355621593,13.042609779806831
14750,-0.0005103280046979534,0.0006416802826193491,0.09143603095875237,0.14803783529561418,-0.001123879788690413,-0.005075979757070226,-0.011696283053842947,0.023288272835207742,0.148016040142646,0.04799131061977895,0.003562770648858856,-0.029481363769263472,-0.002391466232301087,-0.000573216282879233,-0.20971653145354535,-0.011353414202994737,0.02050274289336875,0.008880539962215897,-0.0005964983119137537,-0.0009067782763656823,-5.61574043402633e-06,-0.0007258191857572901,-0.008962564391740693,-0.001014622223234453,-0.0060608600825979055,0.00015036187891383785,-0.004242206569762516,-0.001499413150443046,-0.0010015141081414292,-0.004380904367300617,-0.00691880835874746,1.9307237003072248e-05,-0.00214231562567686,-3.1639094496837126e-05,0.00010481467897120215,-0.000696464281463145,0.0005527891644183735,-0.0001974963567694205,-0.0014959660242878264,-0.0004662350691106051,0.0011607780263520656,-0.06452862922250666,-0.09842929079291558,0.00017290918137478784,-0.0005713389017304487,0.001339105201596576,-0.007131691213502627,0.019518126462524144,0.01971517634818885,0.03546239866062961,13.042609779806831
5238,0.0014959252420343055,-0.0016995232678944034,0.059565784371279934,0.07033328404377133,-0.0019681360503222174,-0.0023886673828138745,-0.014295549318521372,-0.02164503900495886,0.007189627781000125,0.019104561452154344,0.0014024300390772402,-0.018459680628911047,-0.003659684547038722,0.0016640757340049515,-0.003331692794907608,-0.008529586500990737,0.04565142629239632,0.016495574734946627,-0.0001414795261206463,0.00035625151832864316,-5.61574043402633e-06,-0.001920533089420765,-0.005379553271348507,-0.005824596170390236,0.0006237953590015743,0.0015253760816388588,0.0010417941729551966,0.0005420259046775598,-0.0010914865240209534,-0.0004318285905694279,0.0012483155512313681,0.005078383104962023,-0.0003411568745249673,-2.5782456438389804e-06,0.00023449039599650833,0.00041388173596553824,-0.0013777792786908367,-0.0009774852377194025,0.0009516645555391146,-0.00014162934300222273,-0.00030864784672774413,-0.00824769708453244,0.034226252070245704,-1.5269268646047393e-05,-0.00038005919345074287,0.002201012097201629,0.000991266076076509,0.0007882468858684272,0.002511132362276708,0.014108985065133476,13.042609779806831
5949,0.0016430067415825964,-0.016579444474221626,-0.1552638617090898,0.01382331811438703,0.004240720642713615,-0.0018394046543603402,-0.010860197660841162,0.037633000686037164,-0.1001175163887109,-0.010582095490676808,0.0005894024592579281,-0.014603811963383232,-0.0021338382777179,0.0002353389369488893,-0.15859264349971214,-0.004024255108495822,-0.03273801171300126,-0.008059846102317287,0.00010168432316905242,0.00426863577911295,-5.4784926216738956e-06,0.0004306390951736408,0.0006810740483322268,0.0052266853672259675,-0.002665525675309764,-0.000924036432012734,-0.008335572815294602,-0.003693488501904816,0.0036868765387976584,-0.0028787766429688604,0.0008118686483814659,-0.002538715463235641,-0.00031155464270481555,-4.062527278505596e-06,7.739194958039942e-05,0.0002594770807770077,-0.00024187407257237372,0.0030760109426385255,-0.002166615421277024,-8.890066616579425e-05,0.0004533779892384164,-0.09189436422165648,-0.09921380858051383,1.0117706724579987e-05,-0.00018403904905400285,0.0022783226526567656,-0.009993700814260851,-0.02176308985241203,-0.03604862398887783,0.003181888235284387,13.042609779806831
15485,0.001010606666103396,0.007409470578558464,-0.07890364440392372,-0.006069553221589745,0.004787300349586499,-0.001776058263415273,-0.012004722908884408,-0.021007074755016678,-0.09030828686591198,-0.01388694994485998,-2.4826545152321894e-05,-0.03076588057379634,-0.0038290032945275886,-0.000945067725956799,-0.17255757071503147,-0.01635705804111317,-0.031479401872703476,-0.0018501275863769923,-0.0009020841632980256,-0.0005223077370398638,-5.61574043402633e-06,0.0005878238350347386,0.0015147186204585072,0.002811389556084745,-0.0015287357494000184,-0.00011464591953075728,-0.0027735880128500227,-0.011542486460563434,-0.00479736170054083,-0.0030883129556542395,0.002060690778955769,-0.0006452286729740798,-0.00017741424027000613,-2.457838731525864e-06,0.00014976968574816822,0.00022819140879125967,-0.00048051170205017226,0.0009359683677309962,-0.002042757293187491,-1.8805766283085657e-05,0.0011212476379674446,-0.0752919379920537,-0.09333824584498063,1.0117706724579987e-05,-0.0006593245078114382,0.00092720371646294,0.001400380806863444,0.006915141450621745,-0.02566432562137987,0.0015879914331856032,13.042609779806831
2865,-0.0027310553013863586,-0.012066611205519669,-0.24895801221306293,0.0040549423739703475,0.0017620685494126429,-0.0014810770507598615,-0.00785269288688609,0.020928098992888985,-0.10603225533658421,-0.04438202832604377,-0.0021084046914975345,-0.006237839860770531,-0.0024875702264121847,-0.002807927765635308,0.21221180169878737,0.010380868263754603,-0.056956889494561305,-0.0012262921892401146,-0.0009396200543837692,-0.00023045628443252723,-5.744850035126559e-06,0.00017002140973529744,0.0016528798409702796,-0.011814053082384812,-0.00466636456523063,0.00017064810534781483,0.00013101426825330947,0.0007377557343876441,-0.0012926919674903293,0.00023288920784369471,-0.004843788634216683,-0.0006408646506768224,0.0001642710410997317,-3.654618188514535e-06,0.00015644385483018952,0.00031372185449930415,-0.003205325532054892,-0.0011038167042876693,0.002159556661052176,-0.0027774009013957243,-0.0003793162740024994,0.0908017963136779,0.08097648648721456,-5.380218453159968e-05,-0.00010850853199505916,0.004020897511618155,-0.004215119040460752,-0.00765887079953272,-0.08195178522675167,0.00047956554140686,13.042609779806831
8955,-0.005440480652858712,-0.010276730154397224,-0.011131181553822644,-0.002872299294629664,0.006406928792343453,-0.004783664207772,0.1378070492146605,-0.024271286928978467,-0.007774474342630589,0.00642057045886711,-0.0003621543360552201,-0.04026393399516642,-0.00395673099007181,-0.009064627332056822,0.13815506845577952,0.04882780339126006,0.0497532342119581,-0.0006840630743225782,3.4534632203900706e-05,0.000447136018186276,-5.61574043402633e-06,0.0004499368456582598,0.0045384342088749235,0.0008777580853959277,-0.004658352332469697,-0.0010510097619102514,-0.0009899324968485757,0.0003835315166371638,0.006744930756736884,0.0017881166468700952,0.001482941353789623,0.0001599972520817866,0.0004909999864674455,-1.7362314208617246e-06,0.00015882822381324546,0.0004815296256842783,-0.0017336929422625599,-0.0017678598243667388,0.0004004724341028371,0.00032428388061734524,0.00015441874476291814,0.060821387850422154,0.04963816550154089,-2.8862403156358577e-05,-0.0005000548748960152,0.0026937406467906913,0.013933830211385428,0.01001351555257449,0.0035126225970866553,-0.0020082887028722613,13.042609779806831
317,0.0001852212493862647,0.002906703768675479,-0.01997970468773868,0.1126404477427157,0.00767653651495187,-0.002558063215716276,-0.01180703913594077,0.01520379233031185,0.006458940016442884,0.0007716875730297313,0.0027160675082587814,-0.00722412041641966,-0.0024316049958740473,-0.00014259611183817667,-0.1734462900785858,-0.004580631704816809,0.03774021657093869,0.020174265862840345,-0.0006964738225636184,0.0005952622038618486,-5.61574043402633e-06,0.0005959075662228214,-0.001270260101271196,-0.0034484089421384996,-0.0025662683075964583,-0.0007794503424060283,-0.003035988998380065,-0.003381373683535651,-0.009381439400846672,-0.001272684898804425,0.00156206688295509,0.0003244882678936192,-5.300884382244042e-05,-1.8320768237968243e-05,0.00010481467897120215,0.0003967512596190011,-0.0023737596671945978,0.001451168028153987,-0.0015004698018163134,0.0003641840193417174,-0.001935194296476286,-0.07296516707273767,-0.09243765567436876,0.00017290918137478784,-0.0003802609013022839,0.003833217993227763,-0.0048418054650154465,0.005488628096003966,0.0034509785501142154,0.03738605219595925,13.042609779806831
11773,-0.0033870386868884252,-0.018359539320311508,0.03290729725429062,0.0008066569838938573,0.003622487799533645,-0.0017348575616669836,-0.011879806385485907,0.022594507680560705,-0.18014416366750227,-0.03382131573624623,0.0006185319086591248,-0.022910210206232386,-0.002084144145344633,-0.0009007913339440989,0.08674979732885126,0.01806563854905231,-0.03296584185006812,-0.0022704737417126846,-0.0026634797698960014,-0.00037044563328659803,-2.623240443551505e-05,0.000162060047431134,0.0018791862833393992,-0.003397908372710922,-0.002708827305675182,0.0011766395635583373,-0.004627776491073728,0.0002497543594049278,-0.0015161794859008886,0.0007514133136773177,-0.004863668558254772,-0.0038034659867824954,-5.538912237395893e-06,-3.654618188514535e-06,8.200575573863707e-05,0.00019485526285312673,-0.002160160051832734,-0.002096422719739123,0.0010776387786809256,-0.002571107409353706,-0.00045871537873849917,0.10230241952254172,0.09499558681660332,0.0011679831592857606,-0.0006380288144157121,-0.017994375435711026,-0.015481229966421718,-0.018393198571916704,-0.0013756910780277007,0.002177116828454625,13.042609779806831
12852,0.0017979355853955494,0.013981583114631912,0.023281185588498985,-0.006113866031221232,0.0070851054221448,-0.002103176606810394,-0.012348510641664135,0.015929012062537624,-0.08688780660574032,-0.014991082289920328,0.0003592238355652257,0.009592141655276103,-0.0028353110232101283,0.002942691281232679,-0.19970569778745906,-0.0020848386746977828,-0.02836745404828131,-0.0023310274327527536,0.0012863998255029506,0.0006343749730889645,-5.61574043402633e-06,0.0005407385809996601,0.0007259768785707166,0.007489519041632807,-0.0036908445998732635,0.00015034937000636916,-0.002404587267911277,-0.0044315986021587345,-0.009063774357884627,-0.0003820492393976056,0.0006126448533983154,0.0011381481490369595,-4.504979918415878e-05,-2.457838731525864e-06,8.834070892461697e-05,7.687860329958719e-05,-0.002527375279586572,0.005795749722490769,-0.0012440596619418718,0.0071792529819382726,0.0008254686695305366,-0.08663638731889658,-0.09377028292405683,-0.0007274479813826239,-0.0003359362528683261,0.004965070132059348,-0.003791648747129394,0.006833414197418061,0.0027225336610413346,0.0011341399674666358,13.042609779806831
5887,-0.016273723620640907,-0.011268510738939454,-0.2487010997186799,-0.007507882316224081,0.004092102808617343,-0.0015698353366219754,-0.010604957488536928,0.02002567332120615,-0.22598241001705804,-0.05685073263472445,-0.0023285788971543174,-0.019717014395850257,-0.0029966628701832967,0.010967118453042147,0.11550882201021805,0.016400752877104973,-0.05104162211332903,-0.0020545787536196073,0.0006910624954472067,7.48488694085759e-05,-5.9596638945203255e-05,0.00024159048231479644,0.0012006123852356236,-0.00516184185618912,-0.0055554742813692945,-0.0010928062698442773,0.003386643607451392,-0.0017349846762670866,-0.0010860862518105347,0.0006850097330714352,0.0030962383885055366,0.0032961970799055295,0.0006554997411863319,-3.654618188514535e-06,0.00014666326463694,0.0002949766377611244,-0.0022965017692895924,-0.0013505987745950575,-0.00020567063359390973,-0.0018462070335132123,-0.0019237370670566283,0.08436219224001937,0.0612602700780524,-0.00023877356871978764,-0.00012624687962792516,0.0016095749195723212,-0.008293305649732291,-0.0032064816675445628,-0.06523043667763259,-0.004202407942837745,13.042609779806831
11264,0.0015698964256376379,0.004728738380253509,0.031450647885243814,-0.028848115746219784,0.0030994932807568098,-0.001685755930226652,-0.012714833302561186,0.10344049340287234,-0.09511767081398156,-0.018759748590171727,0.007564628484530066,-0.0012676092511546778,-0.0014385455955370605,-0.00011678673315127706,0.18627721617413873,0.020312971696798035,-0.04381132222646938,-0.0027196829258329903,-0.002726745751468286,-0.00018055626021082694,-2.528819692205388e-06,0.00011396775520038527,0.002515928745355584,0.004990461305406979,0.00773994405877172,0.02002909502579132,0.009685616119129431,-0.004173018770424667,-0.00277734675731548,9.257696709905549e-05,0.0030848522776183726,0.0024525774965320846,2.6923778642915714e-05,-3.654618188514535e-06,9.333998651359787e-05,6.274361479624509e-05,0.013966701380517121,0.00811976451001001,-0.009650824106347274,-0.002168085830100088,-0.001127011292626831,-0.07755526005951023,-0.03070083125464394,0.00014351864127854711,-0.00022932345048286035,-0.019057223886009222,0.005283809108429309,0.005230500427491388,-0.004204863910373434,-0.01388391008187132,13.042609779806831
5258,-0.0006825693571921883,-0.007381289528808521,-0.15353504473825053,-0.0043632373132914066,0.0017742266092684847,-0.004629757331067975,0.07296035924357755,-0.01752919443955408,-0.09613750856405034,-0.026149499700776117,-0.0018085129763213887,0.019734660775801865,-0.003075022902563724,-0.002410276352464536,0.20029412494361207,0.02093402000062434,-0.029164863403538573,0.004435769194404596,0.0005351406068413605,-0.0010906584663712125,-5.610005148240405e-06,0.0002844870766540388,0.002679375257628087,0.008464031495853312,-0.006637339057142186,-0.0009343286056444194,0.00027033407478516076,0.003007907191721637,0.001802886767497496,0.0010457182912117587,0.002184887109566994,0.00035201176565180064,9.34257010752042e-05,-4.062527278505596e-06,7.877074220665988e-05,0.0005018162960312168,-0.001265337737428037,-0.001088114130061875,0.004591836881484341,0.00014461322612527902,-1.2678636906692437e-05,0.11639292945667593,0.054272295354297805,-2.2159581609833556e-05,-0.00013747477030970036,0.0036257601201245293,-0.0014924530648460711,-0.013824545233117594,-0.03489061928047146,-0.0019828562624993875,13.042609779806831
13404,0.002462568528556325,0.0038219340365920795,-0.06031823865747105,0.0037322431711327517,0.007097972274909562,-0.001579967468881189,-0.010221384000693898,0.01854338356690278,-0.07621069368129577,-0.022953409906389163,0.003838080897680909,-0.019480746321786375,-0.002375175435474721,0.005355296860284419,0.15779213936616251,-0.056224736308993835,-0.03629971174738712,-0.003947380810477042,0.0006857175369038988,0.0005649347659160657,-5.61574043402633e-06,0.000240237524264318,0.0015144950320664077,-0.008951262385746702,0.02565528017190305,-0.00035992042186740853,0.00015767682005084942,0.0015499741376135813,-0.00033744926159175073,-0.00021438820391802516,-0.0007756717736758068,0.0018838301061471522,1.996332085600632e-05,-2.457838731525864e-06,0.00021426689368706197,0.00014055366175394637,-0.003149753753213813,-0.0019257989224871557,0.0009619315150403471,0.001175676821789334,-0.00018117709601106393,0.08301229087676465,0.047422264859932874,5.707598997191092e-05,-0.00016156522390216687,0.0050093455047784,0.0008864991444079859,0.007388685951408904,-0.022507868810733328,0.002325840093527858,13.042609779806831
1571,0.0004964958250763969,-0.01173826924586975,0.006144771860449673,-0.006057952366138971,0.003417185953554545,-0.0022169037525895286,-0.015296892880289655,0.020940869122516328,-0.09328751561789064,-0.014641369663103244,-0.0006652123007006544,-0.026160162477850902,-0.0027925402753282633,0.0027888214759580507,-0.20099249292268054,-0.008725077500800853,0.018770932761594784,-0.0027000560526742844,0.000627025315882348,0.0005577467286262442,-5.61574043402633e-06,0.0003291978285777222,0.0011591607951219542,0.004096664615377897,-0.004406588043630561,-0.0012359480613835885,-0.004282747098314752,-0.005442811549180917,-0.009869343930433741,-0.003337990734877258,0.000284689160030801,0.0006997516216777805,-8.744378682598063e-05,-2.457838731525864e-06,8.446124808482442e-05,0.00013340426808464834,-0.0020899577497459263,0.003746099640375125,-0.002589981419789695,0.0034979713134085447,0.00027411013683619926,-0.09047264930800802,-0.08993162995456447,-9.763774086412948e-06,-0.00027403423942100097,-0.00268588470166785,-0.004860655273528412,-0.015049832253376598,0.001173748915294312,-0.0002613908714701641,13.042609779806831
20056,-0.0017917565888251037,0.003444432214596767,-0.12530522885721707,-0.0762340119077875,-0.0010075242316997294,-0.0014635480717033926,-0.010059214724744038,-0.015450816313922805,-0.008312914830574647,-0.033293336086605056,-0.0009527454297643623,0.0019529242642219726,-0.0027126537642250246,-0.0020169999765107466,0.1934017228869482,0.015251205727466926,-0.031704783566091806,0.004737698016908949,0.003029991130033413,0.00038581449380139865,-4.035686390516079e-06,0.0001990582717616004,0.0017287390001616957,0.01331241364742633,-0.0035840415125268886,0.0009140680266139018,0.00034184808399665594,0.00504515564783261,0.003328557025826089,0.000843507714990587,0.003094267791931208,-0.0003691551529406108,3.930487805822987e-05,-3.238900849235783e-06,0.0001345662513671579,0.000128131614801987,-0.000737172888774407,-0.0011982087807480089,0.005573158425484851,0.00020247527541275112,0.0005128894425990412,0.09434844387969711,0.048689281025307334,0.0001334854113917197,-9.332975193122279e-06,0.004054778130112963,-0.00864717650056798,0.006287515194590808,-0.030074034562770496,-0.02807158473277995,13.042609779806831
11500,-0.019885674196960107,-0.012175309467042055,-0.24480613768959522,-0.04460359814206891,0.004972754993960522,-0.001720329546936801,-0.010209137849954208,0.03017137701253901,-0.1972115390350716,-0.050517918462117714,-0.004492711977646158,-0.001956980175079797,-0.0025838820893324564,-0.0015095548712136613,0.06433423831064891,0.04846708118989647,-0.029196616372743733,-0.009243010686286631,-0.0012993860468977852,0.0008245191695699728,-6.099634249063436e-05,0.0003432837370089007,0.0007812602890447811,-0.005863962709543089,-0.0028179174552722033,-0.003936478415177861,0.0023924977434201158,0.024797471741116964,0.00184002832103742,0.002559148308512453,0.0019741933922913226,0.0038899648590529005,3.2624884878060336e-05,-4.062527278505596e-06,0.0001281620670773921,0.00030320778977650895,-0.001520622375155088,-0.001143459611662099,0.002261504776016714,-0.0015372475041941615,-0.0010894964217659949,0.07522862095782003,0.05860315401149324,-0.00024967771336355623,-0.00010102725360761876,0.003085611430497544,-0.00255075936192393,0.001474553699462056,-0.05855008287028218,-0.009329809387429333,13.042609779806831
9798,0.0022383642486184844,-0.018848417871916455,-0.10428168474984068,0.0033714367178574985,0.003100343602022727,-0.0016109947220692821,-0.012033232305321035,0.07843291295701017,-0.09119068082969312,-0.009577304628154561,0.00041940821767056,-0.02389895098997651,-0.0022069326940633857,0.0011942684987173737,-0.2478721566919888,0.003888833735700275,-0.037938821875536204,-0.010639704693081077,0.0005394812984477064,-0.0013689349925823924,-3.575120445353126e-06,0.00021854816140731638,0.00015775137371825063,-0.0013770236489130574,-0.0032471403318030958,-0.0006120222507271908,-0.006493392840885366,-0.009031582701245761,-0.004670482735788169,-0.003996495211710941,0.003478795815745014,0.0008129155244235339,0.0001783295759041578,-2.457838731525864e-06,7.985881578438032e-05,-0.00010754957967029531,-0.0002871041376770096,-0.0025924097189206487,-0.00320547895003219,0.0005567963015330739,0.0002939126227420915,-0.08803579858589049,-0.09234302206683745,-1.3869040042927037e-05,-0.00022197712505690918,0.0020210979685895136,-0.008288112657136385,-0.011571803140519634,-0.027220552859959172,0.0010213983319326263,13.042609779806831
10595,0.0003928349094443128,-0.000596950337182301,0.002004023445203641,0.10350202234985212,0.015708564600668096,-0.0019924646097694396,-0.01081111729365389,-0.01972514042255983,-0.0771948781585777,0.0011945371918165107,0.001786486501997115,0.039241982051131684,-0.0027900499952369182,-0.003203727541567897,-0.1464270629584312,-0.006422089947570098,0.017936564550723167,-0.00519457752795087,-0.0018043597774678767,0.0006023935409546562,-5.61574043402633e-06,-0.0009694477726692616,-0.00803042731901047,-0.0026332457493478544,-0.0027364342385143687,-0.0002751332341518152,-0.00843913212283014,-0.0055940994423645755,-0.004752754825529711,-0.0004736343889796926,0.0005289818725980264,0.00037970473240948264,-0.0029206423194971846,-2.457838731525864e-06,0.0001612531718808001,-0.000150273255490912,-0.0014252884462390134,-0.004647648331925419,0.0002310433317404991,0.0006555205886826876,-0.00031997182805577776,-0.039315222661479354,-0.03411521523429246,7.814297321914912e-05,-0.00020463667606045215,0.0011269322605576085,0.0019506483010158554,0.005269074221852918,0.012919127165215077,0.02060252790886957,13.042609779806831
19456,-0.00016203150675048975,0.0054458179342116615,0.028020696210341898,-0.004707505033088686,-0.0018087621517538567,-0.002221083399270617,-0.013270093030630516,-0.018611927653730435,-0.08905510545959444,0.016954148860640138,0.0007682234049162271,0.018496050948695518,-0.003709343539765352,-0.0007577211368750485,-0.19136920341753846,-0.007681662396144112,0.026464027820097522,-0.0015623324019888329,-3.760985624788515e-05,0.00045703953267423655,-5.61574043402633e-06,0.000396020651217978,-0.002152096811700521,-0.003334858418534782,-0.003002606900062599,-0.0013126034853945358,-0.005965483804536181,-0.005501694762026356,-0.009872767102595232,-0.0033224523838550693,0.0029830235885387212,-0.0005712448027836646,-0.00036678531426277076,-2.457838731525864e-06,0.00011050774491738458,0.00021974901706048287,-0.0028038806392038447,0.0005441018414513595,-0.002196989165473975,-0.0002932880278864071,-0.0006137229534377538,-0.08508471460678119,-0.086556701844336,0.00017290918137478784,-0.0006794669099405698,0.0023113084535368892,0.005726324485107349,0.009088321334611262,0.006506604623594362,0.0036436054767524126,13.042609779806831
951,0.0016340894822289502,0.0016739531737361808,-0.14699031495551465,0.004083810045203782,0.005886973757858546,-0.0020615742937568613,-0.015487969784139652,-0.01534696858889281,-0.013064172938546805,-0.02281155604318925,0.0007604984718342136,-0.023506670505392742,0.06740294930643398,0.017090140828309845,0.0976585823839865,0.01719156724450282,0.04543955912899548,-0.00022009704881353879,0.0014397867998046593,0.001091062792048812,-5.61574043402633e-06,0.00019574566769284341,0.00128402131885411,0.007108898464491529,-0.0009106849333809923,0.0011471283365193086,-0.0037336049343628204,-0.003078065739682694,-0.0007869373872304119,-0.0010780370167602351,0.0035289158475475435,0.005053314685309815,0.00015147171720914762,-1.4518482416225084e-06,0.00020434952078661524,0.0003270488489895309,0.0004895378627091432,-0.0009928372177962445,-0.002798275398521286,0.00015032859528429313,-0.0002958773029732744,-0.025767959768636814,0.03959063439453069,-2.807756816037209e-05,0.0028897825660430814,0.002309624450674728,-0.006786627434466687,0.005215895568841878,-0.03576086883441123,0.0016909431085839768,13.042609779806831
4174,0.0017634558627943814,-0.015486481545016827,-0.0036324602163802493,0.0030649734303258894,0.0013295378475756522,-0.002034366678519601,-0.01492598598822048,0.048054118187687705,-0.10040806269542134,-0.015862600273913112,0.0004690475433744002,0.00468310529955678,-0.0022298424874466036,0.00012867263734362048,0.11133073107833366,0.04625412378922833,0.015481294087645939,-0.003579759364482984,0.0007964561073309253,-0.0019125501791913402,-6.200785182009498e-06,0.0007440929384179708,0.0014160993910527027,-0.005317437527527359,-0.0045588736816436805,-0.0008944902188143168,0.007989109736156382,0.006058313067785662,0.007392849695219524,0.004198652629398748,-0.001610598376970846,0.0006983350993197757,0.0002954540801663967,-4.062527278505596e-06,0.00016041544365390326,0.00011560614597806071,-0.001394554288136591,-0.0020333808165670605,0.0019327800364500984,0.001688756510191703,-0.0013010012165148707,0.07717237625542378,0.037458823600384064,0.00013843307878430076,-0.00015343724080108396,0.014684368320958688,6.789740384560215e-05,0.028662029649116988,-0.0058729180703876735,0.0016355893537406507,13.042609779806831
4298,0.0009222980866171936,-0.0072380108857490275,0.09087894411991665,-0.05050024559741209,-0.0008826299890707615,-0.0019023915790230379,-0.01649947610630069,0.031412003319835985,0.01524080882682176,-0.0157130926290858,-0.01752308325363265,0.04963299990325741,-0.002583132586305406,0.014864434842257806,0.2151993522439069,0.04122239109184811,0.06912224586798499,-0.000893516563259752,0.0003028396035821851,-0.00018185699085555927,-3.7625021742603873e-06,0.00042078925653485355,0.004192934243335283,0.011611319711202833,0.0008472120215090881,-0.0014764497061674868,0.022976041006437534,0.011849463000007755,0.0004834017870002333,0.0027588754056149466,0.002498590933401211,0.000982000973871428,-0.000243415533138795,-2.049756503454215e-06,9.234126784797096e-05,0.00018360403909118057,-0.002225969547753171,-0.0005368244011764179,0.0012431523629683372,0.00920687659905155,-6.354611203002721e-05,0.1035357954598423,0.1393655593309349,0.00014805002589036604,-0.000262193478637782,-0.003285009197929139,-0.0048690760468853905,-0.011847453509031674,0.027146496569987633,-0.013131918716965297,13.042609779806831
6657,-0.004599861028404794,0.0038520142530680617,-0.12890582323684743,-0.08744002656199407,-0.013462634232322307,-0.0014622056574224104,-0.010292000211150473,-0.017833021671389566,-0.005555938910398305,-0.024147625234196137,0.0006357503209973555,0.007538186456014683,-0.002502038954732924,-0.0018189574469367924,0.21261198590409713,0.01635930313645367,-0.040704909955605266,0.007068527695082888,-0.0020102585112095708,0.0009667571542465284,-4.550693533442268e-06,0.0001718673880284688,0.0019466126628672443,0.01523078736820561,-0.005837164889242097,-0.0002702419318359259,0.0036985735524819137,0.006174488114899278,0.00028549306231159967,0.001151373148581639,0.0015015160022049008,-0.001940401229483468,7.642005995047697e-05,-2.457838731525864e-06,0.00010617303081907551,0.0002104738061027003,-0.0013366452768461925,-0.0006996247346296228,0.008040509274454486,0.008934318345736174,-0.00086754961241319,0.07940206446091355,0.09550314704189422,-2.7465910678795166e-05,-1.7936983137167433e-05,0.0050242819888912,-0.0033492558892362976,-0.004247680637548775,-0.032920533743165295,-0.02574694301961408,13.042609779806831
1019,0.0013618356948399521,-0.0036666622809741847,-0.02367999533869606,-0.010474492402110359,-0.0009521059586320703,-0.0020049519654017534,-0.013369109299630397,-0.017755835695202605,-0.0006370739108464745,0.017527876718550196,0.0006018450394383441,0.01648539030804803,-0.0034587556684547343,-0.07739030456796327,-0.23426467613705837,-0.00254111119575763,0.003174814424440221,-0.00963597936476384,-0.0006093392409520584,0.00021111607270781697,-5.61574043402633e-06,0.0004927915636500896,0.0010878834193749562,-0.00283324119646561,-0.006276752716349614,-0.00033839607800685887,-0.0003151023945561448,-0.0003949317924924232,-0.003968424138963901,-0.0022606418058547617,0.0023481866743028613,-0.0010189140044823475,8.860090366897549e-05,-2.457838731525864e-06,0.0002133170055795129,0.00011311358075300782,-0.0020991059199843044,-0.00333603344117236,-0.002541447982208928,-8.713342516712588e-05,-0.0006992922657877434,-0.0890626389581833,0.009993478849504423,-7.3710443023943e-05,-0.0006001568901416268,0.0022401967724553487,-0.0005762418655211779,0.004631839004518699,-0.0005173811978695748,-0.0006211293827711044,13.042609779806831
12125,0.0011629107454235786,0.005432799020627846,0.08160325129754847,0.04673653091395968,-0.0017056586112692525,-0.0037418662712326526,-0.01458065083768808,-0.014792385182598289,0.020833609695832395,0.021585603396234183,0.001033435730094586,0.019682408573507316,-0.0031682682767494694,-0.0007319735801275915,-0.18689004421157557,-0.00906415181214461,0.04529096375293676,0.027431749477081692,-0.000537389265727234,-0.000283127299253921,-5.61574043402633e-06,5.50283916615502e-05,-0.0016898706371982293,-0.00391291009291002,-0.00684918404028761,-0.000435636989932687,-0.004369366944839417,-0.004566282277216245,-0.00612976376906701,-0.0026079237710980893,0.0021830568143552916,-0.00014321256812194796,-0.0003361784462074823,-1.7902542066512128e-06,0.00020219228106720257,0.0004083205747248703,-0.0053586254565092745,0.00033033633563472577,-0.001382416171833226,-0.00040317677225013536,-0.0017781536254988402,-0.0866141018546834,-0.08298210999277603,0.00017290918137478784,-0.0003461817269752289,0.0034298943116454457,-0.005306591471772034,0.001820845357986178,0.026204075716393452,0.01720590887160363,13.042609779806831
13261,0.00034072831410253624,-0.019309704700647936,-0.24497750364295592,0.0016772291357364357,0.004820306190119862,-0.002012035408186286,-0.012150514255488389,-0.035273207526998376,-0.17757998117897353,-0.02168568571408027,0.0003785699043327882,-0.020917356647864812,-0.0033551450076386505,0.0008331450690277888,0.10009805290958948,0.011364337967853456,-0.03162894641870068,-0.002613623339186173,-0.00017062394204690965,0.0021653065625788,-5.9596638945203255e-05,0.0006816502340587009,0.0029356633845231627,0.013605580967017184,-0.002977437748213432,-0.0009046128428072877,-0.0013218024611737066,0.0044463287309447755,0.007006275532595701,0.0029382401964742257,-0.0026081472477253943,-0.002712601524748505,0.0002911725957050917,-3.654618188514535e-06,6.457468739595729e-05,0.0005723859029349379,0.00710059050141244,0.0032975981932151415,-0.003367432560618517,-0.0015485743039742315,-0.0002195945161354278,-0.09050311549016385,-0.09240418866629624,-0.00015863406166356211,-0.00019180204236275583,0.0003906733066277042,-0.0097310725865227,-0.015887735279725135,-0.07001295725913532,0.00046138495798488273,13.042609779806831
6213,-0.0005855665477818197,-0.011133688297249558,-0.2069424617020334,-0.0059164887450032485,0.0036435516275558433,-0.0017588686309102416,-0.011009710900857122,0.03938263576515498,-0.17771013625582238,-0.023591298685480256,-0.0033325328547584524,0.01315168306237411,-0.0027846927073402195,-0.0007779017783480541,0.012538281453800376,0.033143721845625404,-0.05287348329755316,-0.0018947413753540453,0.0005779330148297974,0.0012473339143309321,-6.099634249063436e-05,0.0004092071467266808,0.0010692136201438309,0.0030307053711267178,-0.002364299391019964,0.007911539894864119,0.009111497190094436,0.03183432488094851,0.006601213360729403,0.0036476120458031865,0.0003843267374843666,0.00015643031689408667,0.0001447176299146541,-4.062527278505596e-06,8.6864410459614e-05,0.00030930475658214426,0.0016330691304331402,0.0039010500042695063,-0.0028543767446999567,-0.0014309462265840785,-0.0003873136383486886,-0.03961587805487277,-0.027743665537771817,-0.00118619917207905,-0.00010564956093620367,0.0027119838638301045,-0.011038022612640449,-0.01157999958643811,-0.042338644400201776,-0.002007445442161655,13.042609779806831
7546,-7.061024387263835e-05,-0.009616440740096143,-0.09710601562614174,0.005612754164542455,0.002817225287476308,-0.0015798621154459094,-0.00796125707869922,0.02927660298064382,-0.08321810693226121,-0.00621395623158594,-0.0012142551729231164,-0.01590145151092644,-0.001749912975477077,-0.00047722933579794096,0.010439632020544334,-0.028469986815618537,-0.02504325264191687,0.0047636061059303314,0.0027877219907244447,-0.003046222386883502,-6.200785182009498e-06,-0.00014369194144902937,-0.005958646353903031,-0.008068767212061583,-0.0022711955700523805,-0.01004697278850134,0.0017243239669067084,0.006615360130811394,0.003575174325441739,0.0012467780942435425,-0.009162676987542638,-0.0007110142051063775,-3.903605010998218e-06,-5.661265053846037e-06,-0.0038191219018143636,0.00010087386648611792,-0.0032927863739733183,-0.00432980845388033,0.002094940748999708,-0.00025644920092631943,-7.775643517335938e-05,-0.05012962881973467,-0.028201893340917737,-0.00012441583654298328,-7.426796892990582e-05,0.0001900226412344037,-0.003050473772264488,-0.005652285532364719,-0.033154518539125453,0.0019572723334885704,13.042609779806831
5808,0.0004702621858489537,0.005556908055341798,-0.1099663170968254,-0.00036385322806121783,0.0047132950075887475,-0.0017062331918339972,-0.010302117394641633,-0.021761802404532307,-0.09228686926268297,-0.01269670097066016,-0.0007669795597803854,-0.02429220868313896,-0.003348427505477197,0.0038682166870427385,0.05260036574095128,-0.013927287956571175,-0.0284787216985841,7.394866788424931e-05,-0.00025117565876642365,-0.0001285724533970513,-5.61574043402633e-06,0.0002693894641407118,0.0017079947982871567,-0.0041406942038012175,-0.0030527845783948665,0.0007064144385580677,-0.0007499086457193379,-0.0001367683229009711,-0.00046497478262663076,-0.0008016027469236006,-6.735214435291966e-05,0.0014223920352557397,5.859523955604967e-05,-2.457838731525864e-06,0.00016415757084842187,0.00023007883702721237,-0.0006996400767525667,-0.0014405565219328435,0.0026109625693886626,-0.0008853025652631314,0.0007750076494122094,-0.0030227129513493317,0.03557531032386235,-2.6464498163406227e-05,-0.0001913577500111288,0.0008924824704524955,-0.0015977083411401914,0.00425440510137333,-0.028003559582456275,0.0021984828046423908,13.042609779806831
8493,0.0009779788826136803,0.0058217766357724285,0.01372807008069085,-0.016293899884663374,-0.0009103826248374879,-0.0022672032613561236,-0.012149955184062847,-0.017825450747916794,-0.09070387288289547,0.004965092740816259,0.00040929255623817196,0.048998134080159454,-0.002982793365128452,-0.0006784858469212856,-0.2093050743922813,-0.01095488881820951,0.04182834114182302,-0.005758649806922254,-0.00017937184661087375,9.556689426621124e-05,-5.61574043402633e-06,0.00048613510814302915,-0.0019076568600021478,-0.0037166532919981326,-0.0031470746198078415,-0.0012715840691576233,-0.006061126405710464,-0.006970202807618601,-0.009642291807836864,-0.0028447692093379663,0.0036895159481143726,-0.00037375240114321867,-0.00028507927361826985,-3.2628463888164725e-06,0.0002437604614629497,0.00011031315165822443,-0.0021767915789049092,0.0007034645771446559,-0.0023487153380110162,-0.00029667585766320997,1.5687967382912627e-05,-0.0838000852067502,-0.09858984051652794,-1.677567307110568e-05,-0.0003243227309254839,0.0018081933821827757,-0.0026046446370541483,0.006869278287279331,0.004127315528737297,-0.006185841217360836,13.042609779806831
9493,0.0018306563900205262,-0.013610658178610945,-0.041816464448729336,0.006804711686152806,-1.9925064923074156e-05,-0.0017453216593452633,-0.013012753365719963,-0.019097831671551952,-0.09191821340832988,-0.012559195591225246,-9.299124974287123e-05,-0.0198147383972015,-0.003492366194315977,0.005948904889498834,0.16664866965474182,-0.06529692262326443,0.00621044846391674,-0.0066094286186627,0.0005192371251780389,0.0004218286251256658,-5.61574043402633e-06,0.0002059463029511559,0.0017472574657110304,-0.008083490088666212,0.021097276298218483,-0.002262390786631559,-0.0022414988940436917,0.0003607501630724627,-0.0010220486401066474,-0.00026379894862760386,0.0005159488621996644,0.0014316132096599777,-4.511459733224921e-05,-2.457838731525864e-06,0.00015941150922014615,0.0002541386295855311,-0.0012711359598715096,-0.0014948182070357297,0.0011957689053563232,0.00286284672192733,-0.00019190347860610114,0.08619464676423053,0.04621249588488967,-2.370413010264557e-05,-0.00021274358246075253,0.0014235822336796844,-0.00033983761278167426,-0.011364395469502176,-0.005331083512809017,0.0037890133330002,13.042609779806831
7161,0.0011368097679927967,0.011548096400616712,0.08773741087422483,-0.018399642542168065,-0.0031596744443779206,-0.003233049578231867,-0.02178878294354407,-0.018048115882711744,0.17781416472755607,0.02685270449765694,-0.003795993606071779,0.015480041249562608,-0.0032660216868005453,0.003463978747928341,0.02746493720623169,-0.02191166905852462,0.0008073922345362503,-0.008508872331470537,-0.0009682476606371668,0.00028202410332345073,-5.61574043402633e-06,0.0005345685688482915,0.002884665004580241,-0.007314565041195553,-0.009340915300505258,-0.00038080724751875597,0.0010489159931738963,-0.0016199845980316469,-0.0014833204284564465,-0.0009071294184857,-0.0020506323827742664,0.00034671349180565985,5.512359563709617e-05,-2.457838731525864e-06,0.00025659952747673936,0.00018355249984780867,-0.0006859375590532489,-0.0012820212867886132,0.001708382125195495,-0.0007231789506870329,0.0003582264400164231,-0.018886681796937397,0.025534573778982834,0.00014100059552411845,-0.0002085500839222752,-0.0012465235132731916,-0.011846725400020594,0.0016835649958418521,0.0187624887358194,-0.005693849160581099,13.042609779806831
10989,0.0014568675687301066,0.008913893872907832,0.20492460250932445,0.18042603291448234,0.015332559197692646,-0.0062190529297886194,-0.012207340324643304,-0.013130631701149443,0.1830932961948556,0.037527508962593215,-0.021507759747967925,0.05127589782069119,-0.0020236107880542494,0.00019685099206143548,-0.12175256484084288,-0.015712068962121076,0.010268543945382458,0.005889234266565658,0.0006876553192397875,0.0005902616563986873,-5.61574043402633e-06,0.0030598373816538207,-0.01125019424911436,-0.0037758449120302994,-0.00791702671156245,-0.0006140668819330193,0.006693792225435303,0.0011458405932450741,0.0022790259780766805,-0.0030645929674882623,-0.00042843058544111463,-0.0019462281112984528,-0.0003819168821673888,-4.102709937111069e-05,0.0001805855720921931,-0.001452329039767058,-0.0008891009232608243,-0.0020274452137176977,-0.00033335056139512163,-0.0007704000640052621,0.002445135519313079,-0.05348177445753444,-0.09225201450386333,-0.0002578545223296971,-0.0002842795288852774,-0.0014141439673498008,-0.00023275423840699028,0.010236839478226074,0.058197100154477724,0.033513627101974156,13.042609779806831
8613,0.0018365874832405448,0.001910828840771488,0.09751760120001306,0.006560383261752991,-0.0018541759642641492,-0.0033650010648854783,-0.014467775951834965,-0.018463408850860823,0.16815644978344355,0.041037770973620644,0.0001720090548851552,0.0022317207689304397,-0.0025452821497497363,-0.00035922085559347063,-0.011308054023157984,-0.02623175332882543,0.02971969901543846,-0.0022979072454884443,0.002602351548836209,0.00022477744113066846,-6.200785182009498e-06,-0.00013992496875811676,-0.004331030517730788,-0.010914023843778356,-0.0072092594391826165,-0.0031192128451427996,0.006753004261034369,0.0028383099458371337,0.0032117704738089583,-0.0006341877448005813,-0.007735337360072003,-0.006347131442482997,-0.0001408033654856213,-2.4029116778398554e-06,-0.0076730573641208225,0.0002154584353348021,-0.0019985405900553037,-0.0020514121487896085,-0.0008629684542805504,-0.0006985480483799682,-0.0001495599040774262,-0.053679246693775114,-0.08376643691154019,-0.00010219696427371263,-0.00010699175238521657,0.002946984334717097,0.0043068575183985575,0.005026734185917472,0.02813230236519955,0.0018251880817429004,13.042609779806831
12004,0.002171469042710222,0.000302696784310088,-0.039107531331490135,-0.06096185154739355,-0.000438292768383296,-0.0015635635681818924,-0.012328887684089495,-0.021885030747752863,-0.09573970028015141,-0.010893064737160018,0.0019876795536743234,0.011035208464814152,-0.0024126683055242797,-0.0020174830859580853,0.22982941743746566,0.05582482468372687,-0.025101522167676357,0.003926422684040263,0.0007074275318896659,-0.00038731979571569506,-4.038026442952091e-06,0.00024607924162026824,0.0024230791981263997,0.008638580250968789,0.02507491760337043,-0.002060125361044209,0.011215726082012925,0.012979005930416917,0.008755384417426734,0.002436781087949529,0.003133180913511571,0.0015673139206243453,-5.3891171806184266e-05,-4.062527278505596e-06,9.023578085895843e-05,0.00038576577823186425,-0.0010648605256677519,-0.0005250653024448952,0.013059104006002421,0.0006649180692334798,0.0003131928330334875,0.12846334753460256,0.09877925856892932,-1.9105626209333917e-05,-6.759662145988377e-05,0.0065361590388257436,-0.001385875101981742,0.001962236162486955,-0.019927380356228583,-0.013313355474450304,13.042609779806831
7937,0.0008092455920929219,0.01262400035654209,-0.07775301073417708,-0.012614184381507389,0.004547498630329053,-0.0020080235037506244,-0.011180553711702637,0.08059110473827855,-0.1651537203879445,-0.02455762122032551,-0.0004234855989052809,-0.004514692861738057,-0.001944954890895913,0.0037141066197966055,-0.015958043126737036,0.0024769931562829257,-0.026415775691905462,0.0016114981377539726,0.0010213414235363421,0.0006622355633579706,-2.003965845365348e-05,0.00024134084650509285,0.0016142002431145633,0.006395273959236249,-0.0028980035065330548,0.0017718375852562296,-0.005603769890969366,0.011031823167642061,0.014100858533891019,0.002554265780518508,-0.005134450174728224,-0.002888269803640053,-0.0005843924360726723,-3.654618188514535e-06,7.862918851447409e-05,3.0592984187372476e-05,0.0081055644676023,0.0039331885072195275,-0.0007177218446547918,0.0006553328785733187,-0.00011201780656148764,-0.07341334756981265,-0.09098509748166196,0.0008067187888753654,-0.0001858910623670067,-0.010240358282638154,-0.0032886920282004404,0.007727709456577802,-0.03034196715148016,-0.005016744759970387,13.042609779806831
21369,0.0015215886390669774,0.0030158845861582287,0.14805718181247374,-0.013986045408688908,-0.004075085879098106,-0.0023127200904773534,-0.016791563609481443,-0.015694845930774096,0.028087320722025192,0.02002547447923493,0.0013560040544081128,-0.07402491850870853,-0.0026703591208260707,4.2079974994626655e-05,-0.11582459389007595,-0.014781012733817996,-0.003458358967695629,-0.002365326213736017,0.0003479508235549288,0.00023844285177918864,-5.61574043402633e-06,0.00025279953314975764,0.0016002179866869363,0.0023036550817149494,-0.0027428786603304243,-6.2072522095626e-05,0.007861912489295925,-0.0008301842871237784,-0.0011340917963966824,-0.0016837332144560185,0.0017449981964962394,0.0005219081802631308,0.00031786258401897427,-2.457838731525864e-06,0.00046016012304239104,0.00017702263299551837,-0.0006476398851479472,-0.0008786281754963925,-0.0008560055149311996,-0.00013028494708819489,-0.0005139191759092921,-0.04836199565648838,-0.05194487105897684,-0.00011523551631591689,-0.0002298009757469027,0.0012185393097479428,0.003133604961858578,0.007695910050564812,0.04067658687997228,-0.005723059156459183,13.042609779806831
6627,0.0012692908206572379,0.009416386005918485,-0.08874488212056376,-0.01029142455235693,0.006966017036089382,-0.0016042552504773257,-0.010111452393473252,-0.09779715650915657,-0.08585892746956882,-0.021555250424397418,-0.00011799072289433955,-0.0019052135035299263,-0.003333384091781138,-0.000625835344730584,-0.24802947754762006,0.005784156335654161,-0.04419266122916955,-0.013948475752167152,0.0039768287399511975,0.0012480620470356409,-5.61574043402633e-06,0.0005575412130972875,0.000118364663514524,-0.010634209246633199,-0.002043868929641656,0.0038498408794067967,-0.002493557995979415,-0.0038132808961887435,-0.005186485734501953,-0.003047586998099542,-0.004172554426183967,-0.0007434532931290832,0.0021983013125021203,-2.457838731525864e-06,9.872876033682984e-05,5.991414213369264e-05,-0.0030656405917125185,0.002683121481703449,0.0050788824217712965,-0.0004061169136931377,0.00025601559361435977,-0.08774882734683555,-0.08516538877586965,0.00017384244840319964,-0.0002503586795551774,0.0014857142846113364,-0.01364881766351782,0.0027353435120550415,-0.02694143014489602,-0.0014313688813623001,13.042609779806831
16584,0.000624942446652775,0.007002334344554577,-0.03861101156422024,0.0059212928261572605,0.004118032630158535,-0.0016950891073649079,-0.010911026635662428,0.02307882342246801,-0.08792813005832224,-0.01942319314671599,0.003062467581786696,-0.022391740059023592,-0.0021996375876650654,0.004699784666066956,0.042786341526747984,0.016216861602863897,-0.029110461826843587,-0.00424853635202806,-9.483304755848316e-05,-4.280772547041232e-06,-4.626459233421365e-06,0.00021679143282834142,0.0017090753927673423,-0.003134344195303308,-0.004023409142240897,0.00046845065578728497,-0.00029121822003050867,-0.0010060180925098444,0.0006959319804149391,-0.0014972818833898604,3.204713427372801e-05,0.0008105828896189511,1.497958883633449e-05,-2.457838731525864e-06,0.00015576937170243935,0.00015609089512315122,-0.0009505060357378105,-0.0016658874185981247,0.0009329317918906062,-8.156521640938367e-06,0.0003143671616555833,-0.012384844016667739,0.04269076012518295,0.00014932286530704235,-0.00015923924742930706,0.004725586581577253,-0.0001086032210431523,0.006223477764789924,-0.014760858961253173,0.0011644676501822396,13.042609779806831
4492,0.0020458069879243698,-3.446513963785598e-05,-0.01066114975772916,-0.0019923944688421996,0.002891825179023069,-0.0016676609007842545,-0.009187057134000191,-0.025022374614740717,-0.0840782602425575,-0.012944960409679443,-0.002763894702271091,-0.016455782248069657,-0.0033903099790010215,-0.0007240149757601222,0.12385661494908194,0.004825287017228571,0.025509988813807265,-0.0026516627612075756,-0.0013978718627829438,-5.412139289271994e-05,-6.809756164343423e-06,0.0002693891700891291,0.0034695259197086337,-0.002210641308664698,-0.0025130462127056583,0.001194287343822775,-0.012075109161214589,0.0014823399812602328,-0.0019727962696601616,-0.0002651002389587422,-0.0023413866359270914,-0.0029522597080451985,-7.337161601691379e-05,-2.457838731525864e-06,0.00016578148774850344,0.00024634380254147056,-0.0017155963601105085,-0.0007938908855291283,0.0014120608413999418,-0.0025109702215552606,-0.00027221757157869274,0.10421411293814346,0.09514864146738775,0.00017283083020430692,-0.0004136251089250379,0.004946790332317928,-0.004297311802133588,0.0025723366905935664,0.0029351149447215787,-0.00017167721217515615,13.042609779806831
956,0.0018609148847299013,-0.013267475483998654,-0.014959995079571475,-0.007404978211804315,0.0014410673667865001,-0.0018497172979716084,-0.010619304941746826,-0.025946221567580266,-0.09923096767724257,0.02745974795596915,0.0005138249695756718,0.01661060673007052,-0.003530877975855238,-0.0013802696276156183,0.2243216615067561,0.04605483632990832,-0.010999382052121344,0.0031795924346356102,-0.0006309745000557012,0.0003259505618131843,-6.809756164343423e-06,0.00037263308741274185,0.001822729079859717,0.004472963630792608,-0.0011137675326459249,-0.0005107311566067486,-0.007405476244311729,0.00028380867083732105,-0.0015813866562584952,-0.000388277027101237,-0.0009050874717578005,-0.0002051716007743944,-2.9992423696778617e-05,-3.654618188514535e-06,0.00015134564317287354,9.942740960978413e-05,-0.0010997303655354655,-0.0017104503005251062,0.0020705582298934017,-0.0014956028662327352,-3.0881209439896976e-05,0.12888441115989707,0.11148394104790696,-1.541199112016146e-05,-0.0003362358968098437,0.004811512910099189,-0.003369150219743156,-0.015032011161712197,-0.003955334246450921,-0.0011401930268457837,13.042609779806831
3142,-0.0003927550257409959,-0.017506831256615292,-0.0862448486215898,-0.0003419342749627185,0.0020122792179515423,-0.0016567150916636526,-0.011734184904164374,0.015492390273045706,-0.08311175239910042,-0.03894573866095404,-0.0022073211020339463,-0.02572689999038493,-0.002752150655414772,-0.00042396241819170664,-0.2789207693048291,-0.0010678723642682682,-0.03345606254803955,0.001607659542419852,0.0010757679847557824,-0.00019064824248312374,-5.4784926216738956e-06,0.00020576785039833013,0.0012768472082020194,-0.0034599061454362655,-0.0038254083210734835,-0.0011166836174720891,-0.006884989740088628,-0.012305858454873368,-0.007314614851996421,-0.0023395216044883,0.001978129779029506,-4.997736879826184e-05,0.00011056070736589512,-2.457838731525864e-06,7.395785603882228e-05,0.00014025260179836486,-0.0009907894014066683,-0.002543411474918638,-0.003628541154874868,0.0014080881277018947,0.00010481304198343253,-0.08122267139387516,-0.10029091505325123,-1.139161587643063e-05,-0.00019125669295351537,-0.011537403847851324,-0.0024724692465771304,-0.008176431185228745,-0.02625110954756132,-0.0004832301483041569,13.042609779806831
1072,0.0008363219674917323,0.005535066168900164,0.11697456083365901,0.013344135398026114,0.006086268537209433,-0.006634205836275717,0.22940587947428184,0.013006608866566148,0.1860000086956754,-0.014819688093593988,-0.012204112939752916,-0.010712866335037536,-0.0039573287604143526,-0.003845821924311911,0.12045432668115298,-0.03386519199583332,0.07571051975177273,-0.009583116680746125,-0.0007345517182745369,-6.215584528807928e-05,-4.007220822214023e-06,0.0001714623034119683,-0.003334112928203765,-0.0071610352857165065,0.002191058766304087,-0.0010132005463782056,-0.003967213439544343,0.001592819122417868,-0.00038751857330542635,-0.0004058026548436522,-0.0018990295198658795,0.0017505782580536648,0.00024463905666969015,-1.4518482416225084e-06,9.960444772497788e-05,0.0002162554476872087,-0.0013910363273725935,-0.0011038214968110709,0.0014973939886839605,-0.0036021948233274127,-0.00077341808143263,0.049820072096145515,0.09091314065869326,0.0001474826199332017,-0.00031272608323368957,-0.01000789404168841,-0.0024097556813749243,0.004701969258414438,0.025473029298534268,0.005370349851046431,13.042609779806831
7745,0.0012305866895743034,-0.014590625418139847,-0.022673073539489174,0.0051465001843316715,0.002220069087876873,-0.0021502021598073916,-0.01191162844778278,-0.030518986178694366,-0.10919039614033621,-0.012753168266476739,0.0008373987590478562,-0.016387383153862605,-0.00374417796100299,0.0028676920416464127,0.06611356384607761,0.010456048208855886,-0.026483214168359772,-0.001049923531284182,0.0002678958236044027,0.00021931302806211343,-5.61574043402633e-06,0.00047754996225762283,0.0016408699758292556,0.00581514485380422,-0.003017191737739961,-7.88608323743507e-05,-0.006880917899389473,0.00798362280775242,0.011253434102902112,0.0002098050381871108,-0.004114363148070258,-0.004592082571435023,-0.0011778670068221348,-2.457838731525864e-06,9.423273302634348e-05,0.00019489522252116555,0.007430419532138457,0.003263208655795736,-0.007319697296074785,-0.00017705335687919394,-0.00019193182957942585,-0.10068369930859375,-0.10118930384226463,-2.2591833247324808e-05,-0.00019234627286995477,0.0022826861762821255,-0.0036782103664648957,-0.021862628942099786,0.0017291958852189212,-0.0002248789022469418,13.042609779806831
15573,-0.0019550866404219073,0.006616136234596702,-0.0468411168511944,0.0015120624245104459,0.0050680057353822035,-0.001744112675637003,-0.011916113932609738,-0.025694014411032376,-0.08864897177922827,-0.013490156550035388,0.00299591960529317,-0.022774168643362274,-0.0031258952649860696,0.008420047233721894,0.0975928111559247,-0.0011564054637707671,-0.011356118118935003,8.342928515371558e-06,-0.00033510295445463587,0.00041516406685698955,-5.61574043402633e-06,0.00021653912448656737,0.0012363790632968757,0.00532162938930345,-0.0037288163845576898,0.0007216942533316739,-0.003978633642523951,-0.0017526315011881254,-0.0009631575249568388,-3.3615748293755324e-05,0.003466710526310304,0.003273614862791101,-8.467677246147037e-05,-2.457838731525864e-06,9.443053344944e-05,0.0001887151681575449,0.0005592098568946784,-0.001507832655803864,-5.054387601067238e-05,0.0007568225408564323,-8.713598652967369e-05,-0.01991093048238915,0.04292225925572377,0.00015110256261761465,-0.00020544535267682016,0.008501305210783816,-0.002496912152870154,-0.011991555851056625,-0.011508710539759062,0.002422688226166535,13.042609779806831
8162,-0.003185952887440559,0.0020514042491801693,-0.06384659010114944,-0.007141503823307162,-0.0005719888175465301,-0.0015559621303224648,-0.010197560875153241,0.024932687527917996,-0.07313229935091388,-0.02143091880490971,0.002128096846772624,-0.013424026705989215,-0.002418068499716713,-0.001323514961590156,0.1852716230917184,0.029884564108258693,-0.038198542011523264,-0.0024714184312560846,0.0017454216812538338,-3.584488483304808e-05,-6.200785182009498e-06,0.0002164782456581112,0.0030252990317900068,0.01816859460944405,-0.006239487559209234,0.0003238556491077881,-0.0014526634935562864,0.005884309740336958,0.0042075843411227285,0.0013580446699401128,0.002664709969362854,8.273756984360845e-05,8.201698481093722e-05,-3.238900849235783e-06,0.00016403569572095715,0.00018717090722216703,-0.0012902676311724566,-0.001072306279565281,0.0012433868421064293,0.0024702595610803027,5.479104942172029e-05,0.09732470883673826,0.04737031833134208,0.0001340911272321343,-0.00012267261627578295,0.0036600588316307247,0.003586468843075887,0.007779239114293593,-0.017811120371931013,-0.003062953334131051,13.042609779806831
16988,-0.000824438023881456,-0.00021314056611595003,-0.04375224776957966,0.0026428579064263057,-0.0017970716357073118,-0.0025021241451208425,-0.016210535167249213,-0.018482350160697193,0.1934786341439178,-0.009816406816982665,0.0006263454444261049,-0.0282746577723862,-0.003988984628782972,-0.0023733743723619223,-0.2676480928095181,0.01659660642780486,0.01941952853101106,-0.010883224191991484,-4.985384859616927e-05,0.00072861889830336,-5.61574043402633e-06,0.0006365613923588979,0.0020226672569641094,-0.0069733165916119385,-0.004866107121019018,-0.0007609150970800487,-0.009294062397445662,-0.007189315299062091,-0.006956756337451268,-0.006135367018208241,-0.0011672337726809613,-0.004065386796062218,-0.00016922749112099485,-1.4518482416225084e-06,0.0001235531140618288,0.00014386455700982146,-0.00058066399640707,-0.0011240335892113117,-0.0025223510745012194,-0.00045403477141227675,-0.002065243788788844,-0.0888490762162396,-0.11567662806200128,7.719801731627639e-06,-0.000549411745821311,-0.0006886329726390867,0.0009922450974649436,0.006366296733741444,-0.009353758633280581,0.0025089604013023687,13.042609779806831
8804,0.0015515647513453775,-0.0013992269221066319,0.0780180419493952,-0.02848999276659124,-0.0013530410717759497,-0.002715566150055861,-0.023678205340204588,-0.017300951535541884,0.21080014367294747,0.018409107799046375,0.0005508013334855408,0.01575847861794501,0.05109282330726215,0.0015352319640580224,0.18101895124193876,0.04394389712826086,-0.016276394968901008,-0.005228378580895165,0.0002398135390513509,0.0029020111079966888,-5.61574043402633e-06,0.00012919118606625056,0.004994192838823043,0.035054875517733265,-0.004243759067518327,0.002323045311640765,-0.0026220451028188562,0.00020895051957389686,-0.002021624334029499,0.000323749294760014,0.0012466645061971898,0.00045554494578407383,0.00013114170963355416,-3.654618188514535e-06,0.0001002373446867665,0.0003567047954684763,0.002865315983560036,0.0007392082917305788,0.0025222427497539317,0.003544904567256804,-0.0015667372623225362,0.044288131449835524,0.03760405431865454,0.00010993949827049867,0.005593168489107459,0.0055004029105059984,-0.0034694154991379606,0.004530698851658613,0.023724591576574156,-0.00864387493573622,13.042609779806831
14584,-0.001192288258627782,-0.010097322115590664,-0.08193786728060345,-0.0053839964753920055,0.0032562734884216595,-0.001590882103286351,-0.011027959968556057,-0.024579041022828277,-0.16251139208472923,-0.020275702650202523,0.007788557229372648,0.01989287849599186,-0.0028338923439730932,-0.0027872915320958946,0.1652770922772987,0.038722585985513404,-0.018714238030986152,0.001351480784792156,0.00171084848781349,0.0005766893718132579,-5.9596638945203255e-05,0.00034643371088973103,0.002041009157078442,0.0026747501858685224,-0.003885680679508546,0.0002960712909901866,0.0011346350484356584,0.00442931093489104,0.0041501478153107415,0.0007528267469226873,0.0031783726747648196,0.0007298105907950223,3.0073387913081514e-05,-4.062527278505596e-06,9.725117568237385e-05,0.0002514206810087496,-0.0008950834718439084,-0.0027145786980820514,-0.007957488660657005,0.00024605491285361583,0.00032560899446075774,0.057826976088612765,0.04804294036274322,0.0011602778097495566,-0.00016467682620514571,-0.0003773843239722935,-0.004861550149084821,-0.010143914286281542,-0.03543142524616873,-0.003465785734980669,13.042609779806831
3332,-0.003956282767056953,-0.021957113282917686,-0.2579086160171635,0.017246279961501455,0.0037696836441715167,-0.001999278261772642,-0.012743642208456439,0.0282415783100072,-0.14453846436814125,-0.00847535490193801,-7.866077109079364e-06,-0.03409824595150879,-0.002750686476817455,-0.0014219517257079272,-0.24530804415594065,-0.009911628955792522,0.03496616468884915,-0.0017477177906255954,0.00036682241047653665,0.006548153563245362,-5.9596638945203255e-05,-0.0007158615679818761,-0.0026734157388720757,-0.0034317767836413602,-0.0008482095155529013,-0.0031158527936232814,-0.010530168251871955,-0.009432853596239896,-0.007187959760950383,-0.0054653514684401905,5.911726410631476e-05,-0.0008702323718883958,-0.00011094711258782735,-6.440358901335884e-06,6.320669335095608e-05,0.0001032875333761683,-0.0019180440366348367,-0.001820660215392894,-0.0015001251233412976,-0.00013240658394597017,-0.000108056065784985,-0.07430546881124352,-0.09135838802902647,-0.00020818497688448228,-0.00018203417940503678,-0.0021662595807374107,-0.0022291180157473296,-0.013329971295232628,-0.09075035373143553,0.005071669548001247,13.042609779806831
11097,-9.4893537195464e-05,0.002888460333062439,0.035110843168302486,0.003901083062821273,0.005292586018171239,-0.0027334880697999055,-0.01663984141249721,0.02667922944315037,0.019536371691332037,-0.015846421410729714,-0.005539542490247256,-0.021225466275010256,-0.0025123386411350927,-0.0012619081148988825,-0.19162572490706808,-0.008005227969804483,0.062004801407076794,0.029677103254865455,-0.0005293057015528706,-0.0004485822715422365,-3.5248116517069927e-06,0.00039860680081463604,-0.0035295274176977477,-0.0038270343655608173,-0.0033249285975036043,-0.00016144001718435393,-0.006386655644466319,-0.002777202456962518,-0.010471595183520872,-0.003315099775510917,0.004226239709609044,0.0004031553792930298,-0.0009891101426511531,-1.4518482416225084e-06,0.00018312181685793897,0.0010092450285439794,-0.006653701631778281,0.00027804041420714717,-0.0030643053124216365,-0.0004188613975833017,-0.0017322830718775922,-0.07940847409072078,-0.0955749384570307,2.423776647599407e-05,-0.0007390034158561024,0.0039168997622047695,4.0345575121836474e-05,0.02307683775798864,0.000662329629953596,0.004348849682484914,13.042609779806831
57,0.0006054487069909575,0.0036645020872107465,0.06358184965700382,-0.024115425238500604,-0.002115086791339039,-0.0021607749044091984,-0.014596789048755542,-0.020377110990085084,0.014222752791066303,0.018991694140257975,0.0008742968071671856,0.017389736475763428,-0.0036988701500938973,-0.001392087216360609,-0.22002313064548593,-0.007537802414931078,0.04458581426173412,-0.010050748612135983,-0.00030344744961213565,-6.923708522455586e-06,-5.61574043402633e-06,0.0004602319429742731,-0.0018152893977212115,-0.003686399632899491,-0.0038495295995088796,-0.00012833519153768633,-0.004409199142792653,-0.00202272677878551,-0.009385017182453341,-0.0023070657386797975,0.0029255451989272196,-0.0007161278438920073,-0.0002596794051020233,-2.5782456438389804e-06,0.00020489887961172785,0.00022227980701410108,-0.00568118548368404,0.0008545265573007297,-0.0036071208994538813,-0.0005167786780808991,-0.0015256306670068498,-0.08352273803300189,-0.09440039916764174,3.1012025023323364e-06,-0.00034897532454667817,0.0014469612303753736,0.003957778757698102,0.006489277467363539,0.024455070811625953,-0.011704940320152771,13.042609779806831
16616,0.001150149808080601,0.0004995751207315194,0.022668634193687413,0.07697436320949029,-0.0020813897532908064,-0.0022088663251212514,-0.012998157401527813,-0.021042159644894323,-0.07800947082334202,0.005690749388235251,0.0006811754987304129,0.0038825689274025366,-0.0028824358392036367,8.907755176082284e-05,0.007731269337583538,-0.01609883733023616,0.022396273656168086,0.008838919793969887,0.0021323761255575063,0.00038932284773897884,-5.61574043402633e-06,0.0004883576857247069,0.005165186237778187,-0.001982758119364066,-0.003786607221665832,0.00021311935051327807,0.0023485281140478453,0.0016329954716959101,0.0005769940157210222,-0.00032598776184617644,0.0016832584975014174,-0.003289273826052175,0.00037684521544427017,-6.768359377591413e-05,0.0002337598089420118,0.00045019144090231906,-0.0013413595737131923,-0.0016296280883817027,-0.00035906230343525414,-0.00030046898669146884,-4.567238525708809e-05,-0.05342613405029312,0.030703174766308513,-9.74173696418367e-05,-0.00021213249774746154,0.0022608890362804017,0.00039491881665651543,0.0024122711528275923,0.007315196897275029,0.020625740155118574,13.042609779806831
4494,0.007666065462393789,0.005199136434019781,-0.08530035032675765,-0.007353208517362967,0.003910747567790054,-0.0017059725053799979,-0.011279821552819803,-0.033554460538885056,-0.2510225224055193,-0.0067940667530512686,-0.00019894168494553362,-0.023070918444233493,-0.0030912538723253907,-0.008772298097664378,0.13502894705792023,-0.06671181849977756,-0.01422090570653342,-0.012592294144801884,0.009202017860474724,0.0011698401214670258,-7.61148456322701e-05,-3.212886819333773e-05,-0.01514084239861604,-0.009251499908863694,-0.004122974736149312,-0.0074785732253666954,0.0034773431880805077,0.01323995206589327,0.006681435925876563,0.004361921309647848,-0.021537517223448974,-0.005548375660820106,8.579240942244302e-05,-7.897451262550597e-06,-0.002786861097439415,-0.008352820756983233,-0.0019809715780615736,7.324412684799351e-05,0.0023064507888673385,-0.005380755676454002,0.00013091678084466198,-0.07165631348879374,-0.0921612496838283,-0.0020765092043980604,-8.735991481492997e-05,0.0001564806497497657,0.022493781298520994,-0.007174531248558866,-0.036595623092794315,-0.0039493044909167255,13.042609779806831
11927,0.00211380892609007,-0.003986282910327696,0.2422162351293912,0.028972636745853552,-0.0018845349222790357,-0.01026407476573837,-0.030165474555847307,-0.01758809232523905,0.29465741597933315,0.10071016565703157,0.0023152007069274444,-0.014054400755716632,-0.0038343401547845327,-0.002165742690918594,0.12066893723681024,-0.0611536251220626,0.027050401780035788,0.0006346139225116674,-0.0021120446771741666,0.0006875220942875657,-5.61574043402633e-06,0.00017426619003805527,-0.017665940157977785,-0.009097637733059943,-0.014322421312057361,-0.0029906526635742384,0.0031528047285835675,0.0043187242880240746,-9.501258574938543e-05,0.0001016873543216917,0.0004839442660935337,0.00048235413854680846,-0.0007459150252145068,-1.7902542066512128e-06,0.00016265378743910257,0.0001595226178858928,-0.0008960845600326009,-0.0008042260978357842,0.0026919019204177993,-0.0016616376188315187,-0.0010780681190509591,0.017902126818427806,0.02644780147948922,-2.060572411556139e-05,-0.0005438752407010628,0.002827913478461972,-0.004481293846735971,-0.006285705859484462,0.06373534088401611,0.010074292131708164,13.042609779806831
3980,0.0021712237729756023,-0.006200047521258411,-0.02296856770534499,0.002167918132154861,0.0022729065200539963,-0.004364594726475782,0.06796258670432313,-0.02207886494049936,-0.09549254358793757,-0.005726802674060777,0.005509644182070952,-0.0021163533888395015,-0.0031637623053768684,-0.001326536051503234,0.21884484062623064,0.04218167207279156,-0.010279304645987123,-0.0019730332596779687,-0.004036435917503882,-0.00038640933976506373,-6.809756164343423e-06,0.0002510819793890564,0.0024131176691806564,0.0003056524864567231,-0.006884472414897747,-0.0014426669436215065,-0.009641871025020572,0.0009180953624006488,-0.0016850470687182133,0.0007200938454492951,-0.0024709211173880637,-0.0031352141851926493,-6.310943479883535e-05,-3.654618188514535e-06,9.20555929558121e-05,0.00010920768593212536,-0.0013499360138696718,-0.0035989569503942043,0.003155468841436421,-0.0022230001853565506,-0.0005367484649290357,0.1129976615190505,0.08686059307862558,0.00011414640100771785,-0.00031384892016462037,0.01242255510761663,-0.000320600565099235,-0.009559974171437583,-0.0015157613026457962,0.0006427591434443211,13.042609779806831
2299,0.0003500129535422068,0.009212623647282552,-0.07920843581405594,-0.0023263128156350635,0.008622981635999494,-0.001762431426534096,-0.010694141776435722,0.018250041039546968,-0.08327872519066606,-0.014968592543171521,0.001983918977762174,-0.01538485157577913,-0.00246450282933123,-0.0009390775678406771,-0.1713348254947836,-0.024665847420253045,-0.0303105257492497,-0.0032092798976475915,-0.0012355900884986448,-0.0003712014588441232,-5.4784926216738956e-06,0.00047836653145190926,0.0014131542283355807,0.0033225980036115164,-0.002498549480429312,-0.0005599061584469341,0.00017953068387086582,-0.018122042064329977,-0.004345353042894531,-0.002399946177836332,0.0018855912949202792,-0.0006291950045873708,1.3952473705685127e-05,-2.457838731525864e-06,0.00014565874980852227,0.00016195370175787083,-0.0010982089095265787,0.0023131603101141343,-0.0014746038182105474,1.7951007589769767e-05,0.0014216610085415855,-0.07250697237654162,-0.09542578511974642,-1.3453972305177924e-05,-0.00022626722373859744,6.63517794046947e-05,-0.0015076124729533815,0.005894571091906862,-0.023900468111311083,0.0010488955331079135,13.042609779806831
17805,-0.0010069472316595503,-0.0100505734492535,-0.09949930344992726,0.004312283657440771,0.004245834784931551,-0.0016117894702980765,-0.014121099479682838,-0.2583082031604721,-0.12235021164462606,-0.01899237895375182,-0.0007996361054809577,-0.025343203970198146,-0.003510077079362878,-0.0022807316465116158,0.1392820798545125,-0.04424067315805809,-0.028820498348034525,0.008078918518413707,-0.0033455685753433577,-2.6877758262304525e-05,-6.809756164343423e-06,0.0001416276337589526,0.0007217720851286973,-0.012847097920099889,0.0001748114246205175,-0.029277972515416386,-0.008075440355020681,0.004887250302933981,-0.0014614454918333822,-0.0004284625359434752,-0.0020551386041599913,-0.0014627042420712426,0.003471525519586876,-2.457838731525864e-06,9.544850259644798e-05,0.00016132812778371042,-0.0015098094398346127,-0.00227416256480921,0.0017163647418659996,-0.001886289354512086,-0.0003998333204149609,0.07285399615908544,0.07381319659613962,-2.6464498163406227e-05,-0.0002102593089591282,0.0018446452671327593,-0.006874732452377694,-0.008058906800501996,-0.03501082489041147,0.006078165244055271,13.042609779806831
1999,0.0017099917594864719,-0.000956250421895771,0.05830151484207449,0.011364874896053295,-0.0007319512884648413,-0.0028981550947364907,-0.01842396983081758,-0.022933332556026944,0.173548511366861,0.018852159085150425,-0.002005355637672782,-0.037115672315148764,-0.004215537784617514,-0.0008662962587177647,0.14711106502807947,-0.024326108523280463,0.03180875284239369,-0.0066510874081671745,-0.0006936389793134719,-0.00018566445184173763,-5.61574043402633e-06,0.0004212638105599391,0.0031990351926192233,0.01728122212958166,-0.007227961112050747,-0.001293319111256315,0.00041382626302732454,0.002865067902162454,0.0036418151234676086,0.002750802019510962,0.002170536035932485,0.0001045770673240892,-4.169831336405205e-05,-1.4518482416225084e-06,0.0001835421637998097,0.00017263500739472158,-8.11592659968006e-05,-0.000713644367131656,0.0012726702551377719,-0.0017346476626535206,-0.00010693653539037263,0.03972463820472237,0.03752162998655488,-2.7397765191818022e-05,-0.00037077876355439315,0.0039229890377138095,-0.0028093501960692814,0.0027026903632427256,0.015440504856320737,0.004805398628246351,13.042609779806831
8350,-0.0013023567219527853,-0.016256506783746127,-0.1252452544540251,-0.011615034830430311,0.0052246156260220685,-0.0018863458926355926,-0.012423057584477572,-0.029108981853686614,-0.11336114847677135,-0.020341902917529468,-0.0008671064242122237,-0.0030921704215028057,-0.0028067470714359262,0.0019916481733233886,-0.007200005131526203,0.008736843693473925,-0.03471496720042113,0.0003145385162920887,0.0006622473875281938,0.002968385046188769,-4.626459233421365e-06,0.00041512599230877044,0.0011448183087509,0.006865694932089419,-0.004031492604587752,0.0004935410555325927,-0.008504062473906514,0.0028845591026675104,0.005701808669786841,0.00618357469865741,-0.006346056355410883,-0.0022587997462154945,-0.0002523240287479313,-3.654618188514535e-06,8.174943268369013e-05,0.00017492419464888855,0.010459039392641638,0.002809371829744271,-0.0023583043375199663,0.0006387680058166712,-0.00022113628937108843,-0.08386076216243396,-0.0861657070112093,-2.8826675046991106e-05,-0.0001588821219763699,0.001006529457437839,-0.0004734559919986934,-0.0074170622922137995,-0.04535066679411397,-0.0071022046758236765,13.042609779806831
17714,0.00032724378480458233,0.0038527560613981467,-0.0748052735265358,-0.0046347014966521055,0.004355048420942034,-0.002052902085467696,-0.01213405497789961,-0.022236456556844596,-0.08781988996035399,-0.011185307585639945,-0.0006103481785352688,-0.042886573200143656,-0.00370946928112825,0.00016688040969946733,-0.22486442583659463,-0.025304755529421626,-0.025735693374057334,-0.003679937509591602,-0.0003187057668128496,-0.0002170241016666065,-5.61574043402633e-06,0.0005882416302249028,0.0018468818459855343,0.007430861501656053,-0.0029158209517324667,-0.0014086725359711621,-0.0029382706880529855,-0.009527610436591326,-0.004655356778405397,-0.0024161080697204487,0.0016334519006099841,0.00022378747017089343,-0.00012204992654896454,-2.457838731525864e-06,8.64116638295573e-05,0.00018021617586030573,-0.0010046182169612904,0.0009422604829151469,-0.001784505725953884,-0.0005704078652002385,0.0006003288948748293,-0.0818280347648354,-0.09397037551769266,-2.3272346465775174e-05,-0.0007354109918001761,0.0001417854907157778,-0.002123508634177126,0.00568956576801792,-0.020732569112251062,-0.00028060905316527727,13.042609779806831
20892,0.0008887794576734489,0.008581116122628797,0.3031345554937157,0.10453923475563545,-0.0025931455557964586,-0.00777168763602012,-0.01994213657492086,-0.01966953623200637,0.3280557860615751,0.04611417644221723,0.005801083320344194,0.04950775675193933,-0.002677732404111522,-0.0013721447966804595,-0.2144496061067254,-0.0131891324544594,0.04850326685454697,0.0053732801557195686,0.00379689186322309,0.002045727285713601,-3.5248116517069927e-06,-0.0020019886466051584,-0.0014902673229215328,-0.004041233767667053,-0.018341992972680826,0.00012887434123558445,-0.006452793352476951,-0.019350194913309873,-0.0009099651291814483,-0.0019706122263266025,0.0025943397606451634,-0.00016475254049356334,-0.0004888802526636747,-2.6483370053677158e-05,7.976197495676243e-05,0.0003623693487610658,-0.0021476034003932807,0.0015522898547380463,-0.0038290034795864466,-0.000844700369208009,-0.0018760760745516769,-0.07429802889266308,-0.0927638545283653,-0.0007120162780616887,-0.00031208083631122265,-0.006522320041937086,0.039575640065961086,0.01046600260501861,0.06244816784285778,0.031457200977351385,13.042609779806831
13974,0.002515036676409944,-0.0017898144233884185,0.05876768874216945,-0.012096903307423716,0.0021993393076915136,-0.0057981267868448235,0.07870968891740739,-0.018592636761533308,0.011936439720200625,-0.0002499244576531161,-0.0018143216336062977,0.03202430777721055,-0.004250438977244497,-0.0018722349072029425,0.1968719721850701,0.030239504747494955,0.012716910761847552,0.005540806557301352,-0.0012961709449901947,2.71261505023657e-05,-6.809756164343423e-06,0.00033967266747309514,0.004635316632580766,0.003676881316179113,-0.003287386133536025,-0.0015441525227805092,-0.008073807032767135,0.001747780485271996,-0.0012135923980383183,0.0005210743357048786,-0.0009148426103510412,0.0013734888324043282,0.0001771131471507301,-3.654618188514535e-06,8.338189016388463e-05,9.254141091802998e-05,-0.0013142149410342813,-0.0015655194055934456,0.0005254177357110486,-0.003337800635752105,-0.0005981901214250548,0.09843033573672597,0.09206794660338603,0.00013854274086357206,-0.0005253368940232035,0.007928479458268663,-7.959126406679315e-05,-0.012165263337378142,0.02595935661087699,0.0008523217711433791,13.042609779806831
15809,0.0014977582205771848,0.003466340526394701,0.12663294680592282,0.006155389488276322,-0.0013001994241660494,-0.0025643240517162205,-0.013762014001404716,-0.018156700280772695,0.023472202946887597,0.021604966807391497,0.0005824483593600204,0.016734476069927066,-0.0024426356224145217,-0.00043611994885440456,-0.027513192227832897,-0.021672617852482406,0.0355425890792556,0.012347813138297975,0.0027102030486981163,0.0008332683826316581,-6.200785182009498e-06,0.0015389484552951029,-0.006060846068016208,-0.01056662173566891,-0.0023568501684541844,-0.003422013987472496,0.006936601895354831,0.0030966128597547313,0.005311662441077671,0.0008819439448761306,-0.0060792246670136035,-0.004027586430911274,-7.905771325872111e-05,-2.4029116778398554e-06,-0.007626598474648243,0.00021606559079624454,-0.002114002398631304,-0.001845532813245657,-0.00027241319784339433,-0.0005454283130206479,-0.000581721715217185,-0.04839518427220608,-0.062473798297996735,-0.00010219696427371263,-0.00014519516668736756,0.0026286395655768678,0.003708023124763096,0.0032629473973787393,0.03664240296172772,0.0023475596991087517,13.042609779806831
7527,-0.005813507301618499,-0.0035651070131911947,-0.12462509741326203,-0.08431076821583315,-0.0013680662762413998,-0.0016566716295713306,-0.010761615865690643,-0.016762055221929927,0.000807268886297605,-0.02033378532135314,-1.4079410454405592e-05,0.021031962279631163,-0.00281354229740622,-0.001288310568797644,0.06573770706057774,-0.04011687980631279,-0.031234583395492045,0.0006167527717097968,0.0009641140074689383,0.00018088801213490133,-4.038026442952091e-06,0.00018444454253386126,-0.0052583628924154,-0.007895864491207395,8.461610573008177e-05,-0.004065245984319211,0.0039049903029200104,0.0057355690696945984,0.00375629734587544,0.0003595912358990112,0.0015544680674411248,0.0005857762158754528,-0.0002878150201602226,-3.2628463888164725e-06,0.00011869580919765028,0.0002724361386653624,-0.0009859520587116746,-0.000631923581380528,0.007230779121320875,-0.0026284890760113807,8.408798536818773e-05,0.05974237039232954,0.04191533551351142,-2.6431811138285257e-05,-0.00010988178934482854,0.004437941939527993,-0.0051958543305100045,0.004337886457737687,-0.03568208918307371,-0.023240048678077028,13.042609779806831
1088,-1.2094156867800138e-05,0.007163818516675296,0.19843136162583738,-0.002948490941199465,0.0038115512100737607,-0.003338881164695857,-0.015044401853278296,0.026973577430646958,0.008275310188085482,0.04054790708019165,0.0006719797736819388,-0.032756326897907716,-0.002803152542755845,-0.000920449746436456,-0.19394134844938687,-0.007712447267562877,0.013062024494498569,-0.015444504791144962,-0.0008000155314551505,-0.0001588017854932182,-5.61574043402633e-06,-0.00039297469796559286,-0.005500220352186213,-0.009280336230156519,-0.0042388126903543395,-0.0025562319402374174,-0.009718082261478942,-0.0035123940371329207,-0.0032770477452642344,0.001135089490504144,0.003135492001203084,-0.006294677925736862,-0.000511384920608252,-1.4518482416225084e-06,0.00016921852666922058,0.0002295923659990545,-0.001611179123631122,-0.0010123146312003893,-0.0010548451344026763,0.0010076113653895897,-0.0021162136998901042,-0.02931345175918271,-0.043177799552771276,-9.344165580446344e-05,-0.0006085217401765836,0.0005588295641333604,-0.0021897532423239587,0.01823081971071165,0.04431862840950674,0.00047514178519872364,13.042609779806831
9884,0.0007456594859882613,0.003938547164668752,0.07082017834042155,0.0024105284093050463,0.004562986305433853,-0.005984993985381358,0.11779651064023881,-0.018289666662410022,0.007454931818507637,-0.007665106170689772,-0.0015332629896230073,-0.020149262582126213,-0.004342666804390052,-0.0013489197764955084,-0.2309907096708284,0.01126254114563455,0.05614764080620715,-0.016305816773712067,0.0010557697584638293,-0.00023755742800143142,-5.61574043402633e-06,0.0008373547386433852,0.002912468300075952,0.005592909599289739,-0.01058995562726731,-0.0006022091467777629,-0.0021063910830264746,-0.0064060778250115665,-0.009406479491398978,-0.0030570998808467768,0.0014558284221137803,0.001488444397719128,0.00016332703470997527,-1.4518482416225084e-06,6.543073008831365e-05,0.00020583456818098366,-0.004258939694548829,0.0005385917436440049,-0.0018160840758062954,-0.004357269564373888,0.000625172252767316,-0.07744212453174565,-0.09687777707879958,-1.3383716770825714e-05,-0.0005365041625559558,-0.001630710633161239,-0.0024523164375095737,0.0028088210389204827,0.022298822928926324,0.0006876196249126274,13.042609779806831
10705,0.0004825323516680496,0.006723350088670193,-0.036577419170522006,-0.015139996136455683,-0.0013922339170919734,-0.0019971857373015257,-0.012711747556712298,-0.021528967019132185,-0.08276824440143264,-0.013193487681772411,0.0002693351188811621,0.01143407981873529,-0.002884532310152968,-0.0010881277824805835,-0.1760736749038213,0.012563758784194107,0.020588645896364,-0.001627833764398182,-0.0007527334884315815,-0.0002087775430441051,-5.61574043402633e-06,0.0003474835840910829,0.0023800483211937284,0.002090750684641665,-0.0025757123497611406,-0.000666137226347811,-0.00258624449303532,-0.010549159424182357,-0.0073931007246114,-0.0030822792029629245,0.0024219226895415987,-0.00034710508406892636,-0.0009821743869273599,-2.457838731525864e-06,0.00014976968574816822,0.00017762639959753443,-0.0011309347096212427,0.0008342914171915486,-0.002895391043008232,0.00020642407232600334,0.0009250196013754317,-0.08716842197967042,-0.08862039290316201,2.522201738751615e-05,-0.00025209685221937677,0.0025896940274998345,-0.001433334868264957,0.01054599996611891,-0.006491651870626637,-0.004337059748845085,13.042609779806831
7904,0.0011997655567787062,0.0033987377360567956,-0.046656560380604575,0.017412912367603874,0.006945788443851272,-0.0021971499654549415,-0.009263234599031053,0.01897410110280194,-0.08464057217764588,-0.01715909044180352,-0.00011759431339598236,-0.017609550538077515,-0.002402915456341825,-0.0005123354062518809,-0.27619605746891984,0.004249037542302578,-0.028704697535548954,-0.006724210354049231,-0.00022769335801924254,-0.0001237022248673619,-5.61574043402633e-06,0.0004472471392481292,-0.002154646245281299,-0.004471452785243386,-0.0028751701831292494,-0.001688327106430578,-0.006228580931330131,-0.0031464940637879074,-0.008428039305337186,-0.00143925532639064,-0.004604476023047179,-0.0010994696791719293,-7.867357249407058e-06,-2.457838731525864e-06,0.00010563938849923922,9.106552503756214e-05,-0.0030161365334630814,0.002152897477359847,-0.0020538735699090717,0.00017464414224523865,1.1797338414725065e-05,-0.08911231467352562,-0.09775920419332558,2.2578193795871276e-06,-0.00024265787447302399,0.0012232229141131083,-0.001853174950955481,0.004312637020809701,-0.014363779038451535,0.0030067634731319763,13.042609779806831
17783,0.00045929995125388397,-0.017354488379729135,-0.11805772085685044,0.0022233456550048883,0.004010129422263887,-0.0016672197411942693,-0.010971362824892313,-0.025811521414938764,-0.08990650315357018,-0.014231104940555449,-0.00042115914148080954,-0.02267675271015158,-0.003253096335263689,0.0034581366582056346,0.061791221013573094,0.021659417390311905,-0.03409106559055263,0.0008782020151251637,-0.00040485749130555375,-0.00017978434525662315,-5.61574043402633e-06,0.00023867936418143937,0.0017540546335247046,-0.002908417419966802,-0.003592385299334656,0.0007047738822515429,-0.0014872123306781417,-0.002527482576213237,-0.0009260638386943733,-0.0005152635044070741,0.001080935301225273,0.0019311929388135362,5.0060122674409414e-05,-2.457838731525864e-06,0.00010602506113345994,0.00017937789746041332,-0.0008334036210752351,-0.0014356035999913374,0.0026840843946658336,-0.0006673292436285965,0.0002720902113774725,-0.01584201834466486,0.03783212163985873,-2.6464498163406227e-05,-0.00018301374499210985,0.0008523264908636533,-0.003439681483016176,-0.01700010385699772,-0.028313012080909132,0.0007771714395620013,13.042609779806831
6148,0.0015723720932911854,-0.014813552367706755,-0.1675006527546534,0.00410027441531675,0.0029267269501518983,-0.0017272757923845635,-0.011247414326564316,-0.02893135237715921,-0.1707285665992467,-0.014711937271757923,-0.0004639084010896978,-0.016676386313950724,-0.002707860088808909,0.00258341140912545,0.007822207519212795,-0.005154959741167449,-0.024024720793780097,0.0005583491021785333,0.001507579631748515,0.0006683011441241527,-5.9596638945203255e-05,0.000327380493831355,0.001008898274016297,-0.0008411812216153129,-0.0018040157966461461,0.007643076074988733,-0.004305632049796123,-0.004334457386422355,-0.0011909230063216509,-0.00024635421401413905,0.0023977510362147405,-0.00027448411747131856,3.9235600317062986e-05,-3.654618188514535e-06,7.907361404759899e-05,0.0005049944147473039,0.0004772504764757962,-0.0021935840915114488,-0.003998903431331769,0.0006963147764855775,0.0006441937265377432,-0.08099243331702696,0.052792674567945286,-0.0012082984395053065,-0.00019883599794668413,0.0008122938678243516,0.02888271210207456,-0.018341716233543408,-0.04167784169635206,0.0011466167182465094,13.042609779806831
13510,0.0013771440589275307,-0.018303622383070536,-0.18470555803718247,0.0007197597179469149,0.0034271815852387295,-0.0016785250891347392,-0.012402574144555907,0.021476138023287513,-0.14763279371792357,-0.010107885401803244,0.0015943051070400143,-0.03034076644315669,-0.0025896837566644028,-0.0011196599527908133,-0.27993586848403057,0.013728513686646602,-0.019011836251269666,-0.003400394998936344,-0.00011455022593416685,-0.0007816565138913373,-5.9596638945203255e-05,0.0002119127856333206,0.001061264307896009,-0.004586293656285798,-0.0033861716277704735,-0.001817985089812064,-0.006900238251661039,-0.010764643559768375,-0.00625650398978458,-0.0017625008081473075,0.0016406923605169928,-0.0008713225209714984,0.00013725247185707748,-2.457838731525864e-06,6.011424874477937e-05,0.00024015288352517922,-0.0016079769952965055,-0.009389535605181786,-0.0026540762913501155,0.0032371375894162837,0.00031192651378884135,-0.08642186707002246,-0.09658359856228353,-0.00013895915631073128,-0.00017952698612947723,0.0005322716822000871,0.003735376420150931,-0.005697896245506841,-0.04688852760865441,-0.0006351738338830616,13.042609779806831
1358,0.0015694203363969394,-0.013900162648721116,-0.1250765076442892,0.006971915170074461,0.0030202876962738593,-0.0017039549618857622,-0.010710193279226822,-0.02415963129364161,-0.10843211793451461,-0.013409792197441598,0.0002877481428399381,-0.017782588389333904,-0.0024179557908904,0.002569366261668171,-0.008396387742366299,-0.004649258165359851,-0.026453866584926437,-0.007222027930072725,0.0010940444152276057,0.0009132479174732735,-5.61574043402633e-06,0.00031144533498317367,0.0010750909183810994,-0.0014702690664956091,-0.001781791586169598,0.0015767656292128055,-0.005994470683549022,-0.0031960626696689266,-9.921551664828071e-05,-0.0006708699089577221,0.0029690142688145443,-0.0006984159516356665,4.313399200156113e-05,-3.654618188514535e-06,9.068914137518749e-05,0.00015164172721311033,-0.00011336973608291386,-0.0023148050536757267,-0.0035570457016093036,-0.0016403144585331792,0.0005847127758780445,-0.0674382879492183,0.043553321792497955,-8.537022760619586e-05,-0.00020459934154478727,-0.00013284107425090336,0.022343829089039712,-0.022104998763353156,-0.03256206353322414,0.0022366662403706205,13.042609779806831
7959,-0.00479414731541149,0.004397706346462861,-0.10881853819759926,-0.011410978499276811,0.01353415965657501,-0.0016223029299041191,-0.011392876944851528,-0.018703635834314787,-0.08699448015374307,-0.017319314774863512,0.001320108114959463,0.013190170065394436,-0.0022026791064981774,-0.0013703609746112313,-0.24907305677065852,0.006778848175568545,-0.02044408680876595,-0.0016780764145634126,0.0007406874748759686,0.0004042434565074622,-5.61574043402633e-06,0.00034705987020154384,0.0024885626632739,0.011173284548560324,-0.003397802343494623,0.00028514283925735844,-0.004105336109458063,-0.009440502967740383,-0.0028250543891312524,-0.00330101516413028,-0.008955998222951816,-0.0020149988118601716,2.247311246119956e-05,-2.457838731525864e-06,8.64116638295573e-05,0.00016565215006167155,-0.0006671103821949265,0.006921453027901547,-0.006498905246913444,-0.0004971003997123893,-0.0005212271757944954,-0.08810028644684373,-0.094416236590102,0.00017800870065902004,-0.00020476604634262025,0.002677366588990438,0.0023954286317445293,0.008807427562709738,-0.028134672854114504,-0.003469132908650458,13.042609779806831
17934,0.0009077772529352686,-0.012908311530306131,-0.20188401582332927,-0.004177119539487925,0.004546662111930805,-0.0016860813312199272,-0.011107135842874595,0.03359956709975353,-0.1611263435449563,-0.012385966275882227,-0.00017207941332035104,-0.02795937286042521,-0.0027522008476504214,-0.003992539726972308,-0.15735189631364419,0.020484562517189296,-0.030079055948667076,-0.0025627342336916174,0.0004542250211697454,0.0014638194992296592,-5.9596638945203255e-05,0.0003457144930160869,0.0012919386542319528,-0.0006030790147822172,0.0032859004960319946,-0.005254937775000265,0.005148269191556827,-0.00022285725754423097,0.005573066871621909,0.004038206238529573,0.00027734755754572123,0.0005385133450504423,-1.0585800229588537e-05,-3.238900849235783e-06,8.6864410459614e-05,0.00032237267161508,0.0005846859507181908,0.00289146448492598,-0.0019973434298346873,-0.00120377909016074,0.000771419298779668,-0.049316832008680506,-0.03572948736464287,-0.002056881118042524,-0.00021672377225342437,0.0026579863681659714,-0.0015506392901437703,-0.014020933497405512,-0.04903321001330728,-0.0003282787049117061,13.042609779806831
2512,-0.0023869693813856467,0.004599384276833058,-0.11750304733576765,0.15154998349560483,0.009808265588083889,-0.0015230769633442947,-0.007799501701122449,-0.011046325734213195,-0.0633125906005542,-0.018045036977329856,0.0008435606624206029,-0.01929590535865379,-0.0020498800323080863,-0.0008179318230985552,0.0355380103547263,-0.03091220867342868,-0.020682729135049156,0.003912802286327627,0.0013655791771798832,0.00019168871575636623,-6.200785182009498e-06,0.000146069526431574,-0.006132706368712571,-0.0035244242773121116,-0.0032191722562279375,-0.010689385679948366,-0.000709103923523063,0.006180120547803744,0.002265481781593224,0.001475319554505089,-0.007833560732898178,-0.012686918722579805,-0.0013007588344682963,-9.998860491450932e-05,-0.0034961748415949013,-0.0017092886095747997,-0.0012247308212322153,-0.0034815347461887875,0.003627833320524042,-0.0007341014555636383,-1.6320864594946504e-06,-0.04655406742682278,-0.026971287920349904,-0.00012441583654298328,-0.00011013874306301724,0.004872084146250407,-0.004419002700074169,0.0026634851591446043,-0.04219698445768459,0.04930812589837011,13.042609779806831
1225,-0.00016003676454333197,0.008520675790887628,-0.046262747473590694,-0.00053490058209759,0.005509501358314628,-0.0017383385470475343,-0.010886692178837209,-0.023137859675287642,-0.09382307154059295,-0.0249843832282193,-0.001014764468154852,-0.022960634011674967,-0.003950609193907247,0.0026512659966100717,-0.030027071571081938,-0.00702489693433128,-0.034057807575159964,-0.008657571522434036,0.001877506137927789,0.0007819806037770824,-5.4784926216738956e-06,0.00028077257146550696,0.0014579178488218446,0.00038125284070908297,-0.00204848662744507,0.0015131139528501518,-0.00352639531798908,0.0015848085576183188,-0.0022622087495781347,0.0004492657279175791,0.0023371702282214135,-0.00016470890947011858,-0.000122195770122303,-2.457838731525864e-06,0.0001052629047012598,0.0001913878596037295,3.8685766267230453e-05,-0.003809764499727908,-0.0007998218124720699,0.000349893137791542,-4.229752237729044e-06,-0.060988631045092556,0.04648245345761913,0.00041219851135298037,-0.0002232951817766515,-0.007989242283009932,-0.000996706572117046,0.007275614766253766,-0.017548931265286883,-0.002519883326243378,13.042609779806831
515,-7.959588587712614e-05,-0.009730680662150649,-0.12366632962506288,0.0025275236632089216,0.0037400686843590664,-0.001648849265009175,-0.010548365409959225,0.03288085403601105,-0.10021211456716735,-0.014535831677739836,-0.002601410353988076,-0.014225079753999299,-0.0014406606746825684,-0.0005590710791841531,0.03482471404366972,-0.004351624800762805,-0.027675802085275834,-0.00038363174039354275,-8.202860085826844e-05,-0.00039645527235511474,-4.626459233421365e-06,0.00027285546043134834,0.0014328293641859722,0.007734173583755807,-0.0016002237414499284,0.0009576795574174593,-0.002213442721753958,-0.005458746433969781,-0.001882154696471268,-0.0007784338189221822,0.003194556725883231,0.0010770811427218143,0.00010335192026535157,-3.654618188514535e-06,8.029634854802119e-05,0.00014291733480538822,0.0003313614163147855,0.006590179364898641,-0.004123845898996728,0.004558132948713429,0.0009413652107537546,-0.0425996636781947,-0.009362149501938612,-8.678882289538517e-05,-0.0001346528230897001,0.0004939271719629061,-0.0017860855967154715,-0.008444150569117551,-0.0371857662320672,0.0009025729072159862,13.042609779806831
1662,0.0008315843924969809,0.003637369606795868,-0.06557939043466414,0.003833337744465558,-0.020880816778344066,0.2182313527422017,0.2111087519955283,-0.016066751620878866,-0.010648175150903137,-0.009906268013095491,0.0025516662123692847,-0.015222796809113339,-0.002772463088885932,-0.00799869431156214,0.16405224653733363,-0.029007039723158965,0.04343456304077693,0.0069209744756223695,-0.0009033291835372526,0.00020452415683702116,-5.61574043402633e-06,0.001728076076335498,0.0029460204658415673,-0.00027811253753872453,-0.006527095048893524,0.0003963593452629,0.00045068612206404247,0.0010373916614322561,-0.0007180826708154345,-0.0015171593426917722,0.002544422784223952,0.0008360381797835767,0.0017934791125717932,-2.5782456438389804e-06,0.00017960874140376143,0.00016833843401844472,-0.000664271514424105,0.0003193220184253154,0.0009403576379350552,-0.002309172966111213,-0.000348467919649608,-0.04056986816231626,0.05424030103118537,-0.00011947175077367329,-0.00015063371017672006,0.0016472072386127302,-0.0006818194736024155,-0.00829109944042532,0.0004088776156796038,-0.007070596345924967,13.042609779806831
17354,-0.0001271264295436801,0.007977936057347413,0.14688572958547522,0.00994575135669816,-0.001056334353193,-0.005602038376631623,-0.01346040947030774,-0.01574355552208253,0.21129830310277284,0.02270779662850259,-0.0019065501046674552,-0.019264027236940828,-0.0027880987981961517,-0.0004298753198701788,-0.1858633870327491,0.009595313329707757,0.004138626768146112,0.02194842698237354,-0.0005175731746188737,0.0009554595240562449,-5.61574043402633e-06,-0.00014451541361680854,-0.008157780131390775,-0.004716181028629168,-0.00484490273987124,-0.0012041279180310485,-0.007840209835307674,-0.0014678829213504105,-0.0032377152883122143,0.0004041808303793,-0.007222056360307585,-0.0011831291230346036,-0.0017191439910294933,-2.457838731525864e-06,0.00018865739658830243,0.0001525815478882085,-0.000643257561149012,-0.0012750835945891954,-0.0021727310361059457,-0.0006558266220741266,0.0004429766164406695,-0.08649127890047859,-0.12003320943518968,-0.0007120162780616887,-0.0007836393999300435,-0.0019425099344383646,-0.002755439862344902,0.02960701374113352,0.04535491421922161,0.005401778685853693,13.042609779806831
15369,0.003705462880529369,0.005366688714781659,0.11380532324577512,0.01169815229782106,0.004204675325134763,-0.002495842598281196,-0.019014029271830893,0.09295655466245545,-0.005551712787460482,-0.007702985008708028,-0.003118968328177345,-0.02076143959993801,-0.003177502463812594,0.005199394422459401,0.1151536508953869,0.05217857913330081,0.012838512207972472,0.0014028463741277777,0.001821378744742492,0.0009411440755541636,-2.5774715153455755e-06,0.0001811178422058201,0.0033569429377246695,-0.0027284724186097354,-0.003367547930564902,-0.00026704782954993294,-0.001052172942534963,0.00042426395105940265,-0.0011833586697560566,0.00025235429716816637,0.0028011765521722995,0.00034008368585869967,0.00023849109990488272,-1.4518482416225084e-06,0.0001783879895146984,2.0360155268821775e-05,-0.0013342306598144611,-0.0014533054503166637,0.0003836763415328878,0.0004925519427312063,0.00017012909945580463,0.052985217353130304,0.04988448769698542,0.00016753215881528248,-0.00020130355390238282,-0.015701334000892953,0.002990885990106089,0.007369262663226026,0.04157642422082876,0.0016911123944867022,13.042609779806831
10657,0.0006553831424444378,-0.01419963026905025,-0.10973230575562531,-0.0031474321094226514,0.00403068135000733,-0.001711626550591922,-0.011055712206909043,0.028432284915246082,-0.09170173718931628,-0.015752854311556423,-0.0007079849066801519,-0.021350553216781174,-0.0023381154242174207,0.018202852539400106,-0.16465559136502358,0.011718426271444532,-0.00933176427261729,-0.002966612788793816,0.000825498952021242,0.00032827892589419166,-5.61574043402633e-06,0.00025696764156555023,0.0021901975677218214,0.007084065068248182,-0.0016703964845202778,-0.0010846177788990943,-0.0028481007069370953,-0.0040828826051664815,-0.004874890871971518,-0.003086678616429305,0.0016378227862867026,0.002761471444667419,-1.5245744550874248e-05,-2.457838731525864e-06,9.258184846757803e-05,0.00020621388082118139,0.0002491111720281871,0.0011664818902605738,-0.002577249077302085,-0.00010627742818722966,0.000728088034952995,-0.09295048088507077,-0.10529885800740635,1.2878074785340643e-05,-0.000165428997770507,-0.005671637099410035,-0.004625232172074076,-0.009893402535454258,-0.022539889526650873,-0.0019346978897839806,13.042609779806831
20658,0.0006146741434056755,0.0008856375855201524,0.16184580247504013,-0.00553563078627913,-0.0030706734134788123,-0.003985205782743152,-0.01308115421058141,-0.018483899079652106,0.20956778696193826,0.03654572533333932,0.0006099744392250862,0.04660682473523219,-0.002354035306103322,0.006032375348603376,-0.0971245394162491,-0.00577912306365155,0.0438218160046675,-0.002959545401024619,0.0002796407299389208,0.00037116327477624937,-5.61574043402633e-06,-0.0002595023768173365,-0.0062795421809714366,-0.0023827226032247235,0.007638138932112691,-0.00048019957938969773,0.0076043660728082885,-0.00045228867222035286,-0.0004539559810859545,-0.0035944955378071812,0.0026656179019264054,0.002161244717049234,0.0009111290859849484,-2.5782456438389804e-06,0.00037173193527998197,0.00015888059985627495,-7.449935610291118e-05,0.00037197578738431994,-0.0011749274673999559,-0.000630223100258713,0.002115676138828755,-0.027364116425821504,-0.07665158594226706,7.81429732191491e-05,-0.0002034719789101168,0.0011360723144355112,-0.0014216714175281746,0.008022344195482336,0.03927624253357874,-0.003159745640008941,13.042609779806831
17242,0.0006008500727400204,0.001857315153007595,-0.10794653688401136,-0.08710555122129805,0.0001439785429201087,-0.0015002652871117142,-0.012063249221856929,-0.01334736291897304,0.1724765804245294,-0.050878132551366806,-0.009208569520021302,0.0704515914511904,-0.0024890976193464136,-0.00542703239710693,0.19039856833056143,0.007547316320448173,-0.04090383433597357,0.0027089620237927925,-0.001815834428661414,-0.001980553139897832,-3.6225837044524444e-06,0.00010195239637386537,0.001987850058029617,0.006983577334768755,-0.0009665702847458558,-0.0015253809788448676,0.006505157153035462,0.012919437477264597,0.0027452042280205597,-0.00366779441742626,0.004851393995993079,0.0025786095746461435,0.00012754434700327296,-3.238900849235783e-06,0.00018669305668140657,0.00014620993544876948,-0.0008804628387504583,-0.00011797769900654515,0.0011897417631407821,0.007951728528965847,5.28949288174502e-05,0.0969886139762414,0.08226511555604517,0.0001371352581149703,-3.668123627636172e-05,0.0032777364439577367,-0.00037242042120467036,0.007199820992605586,-0.01218213247536315,-0.01813574197406283,13.042609779806831
16652,0.0030326421567191133,0.007575015952425589,0.10968324616460114,0.08842422523929244,0.005048522360885405,-0.004139760376283612,-0.013802019366885639,-0.029693982079612158,0.016024743418969107,-0.019545078232728216,-0.01540300895950183,-0.055017577536960995,-0.0037255795352656297,-0.0008406936113189074,-0.21222128554104402,-0.011206500544132055,0.02536457968497818,0.014810854263110098,-0.0017225556875191718,-0.0001321834218478818,-3.7625021742603873e-06,-0.025718648169797787,-0.014253823935699366,-0.0008363912428793232,-0.009937209798934402,-0.0002542978362484852,0.003427213463541733,-0.002776852108931443,0.0014877838224629924,0.004057725237079132,-0.0049480512156459,-0.0008948809160260482,-0.0016503218506227486,-5.7040508127635125e-05,-0.003590038633020329,-0.003297730415273895,-0.001306899297833405,0.0004932594346936755,-0.0011118609747304024,-0.0009857694760865,0.009332447378827989,-0.0659264644390645,-0.08046964093064307,2.4799469687737228e-05,-0.00040433411756203705,-0.012750747686569317,-0.002371069208619637,0.00019753647261888815,0.015010222774566926,0.02776012854637679,13.042609779806831
16860,0.0011058728542345023,-0.00045354768566743646,0.05740992583594426,-0.009203654675053357,-0.0012509375692085472,-0.002369640095097007,-0.015515516295466705,-0.024221027227868414,0.013449067475740827,0.0210263718591307,4.88151232084502e-05,0.012078581000492883,-0.003995135722542989,0.002994079140638168,0.14135559345359264,-0.00956007474873224,0.029545935280418014,-0.003271704078045847,0.0005133504621257028,1.6661499945690758e-05,-5.61574043402633e-06,0.0018058063754067696,0.0011458450232482132,-0.0032138013702145865,-0.004945132305540123,1.8985271390988477e-05,0.001652322082300935,0.0006783263960594796,0.0008431465707952408,-0.0002923081601906059,0.003002475323452243,-7.13717648051749e-05,5.293304637926569e-05,-1.7902542066512128e-06,0.0003297304272070766,0.00023431074058987233,-0.0007580785824514153,-0.0015897525666427406,0.0003807496768345757,-0.0006154375226459744,4.481364601194539e-05,-0.047580825372762266,0.043172900714845724,-0.00011843765123316337,-0.00030790034227624164,0.0031987513938466165,-0.004513378259513902,0.005273974000264256,0.004995073074048951,-0.003087730558042767,13.042609779806831
18532,0.0007343778926940855,0.006290117393202726,0.11051354682627094,-0.00882947799392356,-0.0020010994770630042,-0.003132445889216972,-0.016564995399488996,-0.027026802398577517,-0.08736361546339232,0.021488957564368798,0.0011684095431343197,0.025030076654195814,-0.0040949977409628965,-0.0009303293508486429,-0.19598586410633115,0.010298277827476485,0.02889620180602369,-0.006132437994816035,0.0002632149034600775,-6.26727304689303e-05,-5.61574043402633e-06,0.00031432865565391045,0.002996213774728114,0.0018799671253819448,-0.006341114474562759,-0.001740662083112656,-0.00737097405807255,-0.008390565324673423,-0.006680539205455588,-0.00225914351201005,0.0017919328438076654,-0.0012702155956588266,-0.0011621534755647687,-1.4518482416225084e-06,0.00014976968574816822,0.00022395563602027032,-0.0016431185359496525,0.0016550556519510054,-0.0014070022910576691,-7.938122199994637e-05,0.0011377984429751613,-0.08325142265410977,-0.1119111239229185,0.0001807690687197807,-0.00036755560821473995,0.0023956039409574028,-0.0001912534606198217,0.007187491426645699,0.02639768654601398,-9.994024854913063e-06,13.042609779806831
8994,0.00038400855262037863,-0.01521791642518088,-0.07954735886313818,-0.009567494426572728,0.00912606461401097,-0.0016022644496372764,-0.0112954672820607,-0.018464069581720286,-0.08203719073346394,-0.020701374951904744,0.0023129135493812373,0.0032253249656171395,-0.003312058619995039,0.005503228670713891,-0.16095024657556514,0.00935659386537418,-0.030720350499685783,-0.003476908137293073,0.0015524393568088007,0.0009420589363259116,-5.4784926216738956e-06,0.0005633832430554236,0.0009715398890439993,0.006003529728973147,-0.002766796489238882,0.0005888091568397278,0.0010915876575078873,-0.010186819943986175,-0.0021691953248695922,-0.001034229615697712,-0.0002809764080883066,0.0004157332095999816,-0.00025272593175606307,-2.457838731525864e-06,9.283441358127017e-05,0.00013684761350484277,-0.0011058776252157955,0.005486865396514772,-0.002606461231575257,0.006685095983545904,0.0008941343865849883,-0.08669107926852627,-0.10263593201835584,-8.226976021714375e-05,-0.00022632274306328068,0.011699180876997117,-0.0014531647357706675,-0.011290489575578285,-0.0242826202189281,-0.006931992112867736,13.042609779806831
13762,-0.0006725476912119357,0.0028559613181429857,0.2626007764549563,0.1244956174056291,0.01588017896238485,-0.004825199301928485,-0.011923291430147316,-0.015351015760503663,0.008064572763828786,0.02635115213617962,-0.029306829902906305,0.022670854773566,-0.002490150241472487,-0.00032496410991681346,-0.04268241303719286,-0.051981770216619975,-0.029106530863034316,0.020190082111326765,0.001453678253445083,0.004118206718528823,0.00037248771525177834,0.00016564607849550595,-0.003633610991719992,-0.005065430736899549,-0.004732154456424569,-0.0017453396611188537,0.004250831348953385,0.005262327386225215,0.004378753888289089,-0.001205727895877136,0.0011082139567941773,-0.0045277959890945,-0.0004500742850090229,0.0006932543274072645,0.0001793898676570349,0.000314584722027931,-0.0007610769046730282,0.0004305300222930892,-0.0015749822805030168,-0.0014752158589882108,0.004000812616049581,-0.041830481569052315,-0.05523902970123196,-0.0002560142769558566,-0.00025681906117334307,-0.01347130403667245,0.027064221936891095,0.0003701158262294238,0.060012563810674,0.029683347086950602,13.042609779806831
14909,0.001314022100405922,0.007216894029839187,0.0013315886650664,-0.045547615628859034,-0.0006151759258573992,-0.0017612130277174268,-0.012934370886697764,-0.014336755302458915,0.003968606368196191,0.006324670763839905,0.0017080060716442218,0.02880636503453754,-0.0029732411948110073,-0.0017423770935754844,-0.15412248033299764,-0.01229313582906861,0.008854697664611628,-0.011986813440278398,-0.0009523415408873562,5.353421673066623e-05,-5.61574043402633e-06,-0.0007492615920243526,-0.00327099855447518,-0.004823623446700465,-0.004078581196312095,-0.000523641468491676,-0.004391893057499753,-0.003215966538167398,-0.006292376231026128,-0.0020561391921534856,0.0015513077554237288,-0.0005251371406699143,-0.0004313561700386735,-6.440358901335884e-06,0.0002417692220627495,4.714209689968605e-05,-0.0015076293246174296,-0.0028902125991555425,-0.0010219167533442738,9.422803071120385e-05,-0.00041524401180129404,-0.04074235215420453,-0.04544206866366586,-7.3710443023943e-05,-0.00019295809426238503,0.0017542219262707299,-0.0003561677499841973,0.007749417230053875,-0.0017172937617310146,-0.012350494574194404,13.042609779806831
4023,0.0003284311008828223,0.023824510182446187,0.2631927754165969,0.008936613674144622,-0.003178894492655664,-0.010408411814326324,-0.0259766668538582,-0.021565087935192576,0.29856763651480944,0.06163137103901266,0.0015624896170169278,0.02173775206714933,-0.003412256121073279,0.0023382392693604005,0.12129761109091862,-0.049348840574558926,0.05513539483953526,-0.0010050388487186572,3.903236108457528e-06,0.0007837550104758674,-5.61574043402633e-06,0.0002182731891954479,0.001733597478221193,-0.00352779383641489,-0.019862505763354854,-0.0005142701904482607,0.0036047985591836293,0.0026340331529116044,0.0002440922802949939,-0.0001833426397324982,0.002516889142259235,0.001358615665673157,-8.706151306280169e-06,-1.7902542066512128e-06,0.0002450326338512308,0.0002718776536243374,-0.0008446761843885377,-0.0014514550900795401,-0.0023594649763118685,-0.0015555106963457373,-0.000693876114611252,-0.051703747756890864,0.01381647532761298,-0.00010111100473100919,-0.0002393825541562771,0.002914962371795719,0.006327331816241363,0.006611107477957893,0.053604745370164006,0.003247957722519693,13.042609779806831
8727,0.0003467919326924756,-0.0015424135527920297,0.04080220031887715,-0.03220345037815162,-0.0003829884466469354,-0.0025413623980094905,-0.01862565040539861,-0.01641484999033623,0.17933641821755283,0.029439297846113252,0.00021435215705036987,0.10681538949222416,-0.002302309221790514,0.0033567552003172445,0.046106878093904756,0.020428512631648545,0.03363051305004094,-0.0010868893146953004,-7.115474338953219e-05,0.0001911352327874003,-5.61574043402633e-06,0.0006861436547170968,0.002843884395406672,-0.005983586345114965,-0.010208858038764495,0.0006914775622321523,0.0013810392061006178,-0.0022731350996346967,-0.0010890338890762702,-0.00025168910923933647,0.003980921452132844,0.0007147473849587676,0.0004080057227446981,-1.4518482416225084e-06,0.0003767121926422281,0.00017485357512682733,-0.0020677279023804942,0.000538653483410644,0.0009493808315844054,0.000870997890458082,0.0011270950914113124,-0.025802461154214418,0.021699961000017316,-4.672248390687371e-05,-0.00017272034189840118,0.0023492974363928357,-0.0013041191426230911,0.010939521700385507,0.011393568177350622,-0.003305779323272562,13.042609779806831
3717,-0.0004377301290355514,-0.01853579089774481,-0.20512605806575868,0.01999885371859907,0.00486897534958987,-0.0017235383287750182,-0.011912097718898437,-0.1670616413093738,-0.10683161146818046,-0.013909370376513693,-0.0013714165183623343,-0.025487697104273278,-0.003425866792015125,-0.0015624395731068939,-0.23021007370770005,-0.019617508970990186,-0.02320476661242485,-0.007573798832066135,0.00017343006850560125,-0.0030547604159352256,-5.4784926216738956e-06,0.0007783377837463946,-0.012112646449903952,-0.0019996567323242215,-0.002232768919439603,0.0008525224374840967,-0.0028747954259277213,-0.010997234159422744,-0.0030695988701020744,-0.002776320975179318,0.0012426709825566686,-0.0038598756917579665,-0.00898187438020574,-3.654618188514535e-06,6.635498248484798e-05,0.000530160203030481,-0.0037925553582540917,0.004901747342814797,-0.003423175828569921,0.00022160363577788337,-0.00025009981634698447,-0.08728602906138949,-0.09216260005673786,2.2578193795871276e-06,-0.0007344116143144744,-0.0010099849315078596,-0.008941730862960849,-0.0035389083273813537,-0.05236429309863865,0.011566368007492838,13.042609779806831
16412,0.00232154270708859,-0.0012760458021945653,0.13543968830719488,0.002007637299935196,0.00013316677197906438,-0.002311347524312588,-0.016690856043772958,0.02293925490225611,0.004277681256350213,0.04052075833940911,0.0014068102281820066,-0.02720526172718813,-0.0033550910874180382,-0.006744511353117347,0.11631348022088642,-0.04213425035440312,0.01708849272564931,-0.006606519065615126,-0.00188098837102915,0.00023655873680967,-6.809756164343423e-06,0.00019010793406781215,-0.0025586741552856476,-0.005614180762827206,-0.0015707821952398908,-0.0004268344631896178,-0.013783029216322889,0.00361160986507055,-0.0006208960658374799,-0.0006451185264605346,-0.0025641398203161596,-0.0016091993895321543,-1.9254221529206477e-05,-2.5782456438389804e-06,0.00017577282956901777,0.00011695183859470496,-0.001320364305689175,-0.000563883987904055,-0.0012443891701487944,-0.0017613642928450677,-0.00034315230840924405,0.05442596517135362,0.10257970256668414,-2.739776519181803e-05,-0.00035768157828141645,0.0025806481447912376,-0.0007988990133581903,-0.005412071411561433,0.03475254585373454,0.0016749739314029055,13.042609779806831
1590,0.00014876808816971417,-0.0006170377055739899,0.05549539993211379,-0.008227021502825239,-0.0014228834422267934,-0.002387400105740512,-0.015727052093805767,-0.025712309482245704,0.016599085534070853,0.019436856609499183,0.00013959710802210684,0.013837029638302871,-0.0038780341752881345,0.001964087107790274,0.14224269222703417,-0.011361011015724232,0.030619453447264335,-0.002485509505943394,0.0007959085413020671,-0.00012485276387742218,-5.61574043402633e-06,0.0018031757084715687,0.0019013268931012941,-0.002562473990857855,-0.004998637332816126,0.00019567869649573524,0.0015271984283480532,0.0006503913412952182,0.0007678735454589296,-0.0003216570387736758,0.003051055591142249,-3.7820432174145145e-05,8.464521288841656e-05,-1.7902542066512128e-06,0.0003297304272070766,0.0003140019726163852,-0.0007943631403092292,-0.0015579497049370114,0.00010295573876076821,-0.0008925305480179033,0.00012244486238183023,-0.04952300707297866,0.04079152445298326,-0.00011843765123316337,-0.0002779090771135975,0.003458468184930164,0.001800448826724364,0.004940039875118071,0.004794046911774371,0.0010437419712843057,13.042609779806831
153,0.0008313108452806215,0.0182225945471307,0.3332188382530737,0.019423590643746522,-0.0028460495853345836,-0.013140843458193087,0.1012798239780933,-0.018309190334163762,0.4524506509468661,0.0405707805686885,-0.018126175443001956,0.01782067472537422,-0.003978649080321781,-0.0026272436832160523,0.1262243086842056,-0.03932972493391291,0.029064410108924566,-0.01875545560325242,-0.0010732509033540949,0.00010254174185266164,-4.007220822214023e-06,0.00016841510671701225,0.0026417868232125902,-0.00663956653067988,0.002988591832202381,-0.003436352711542095,-0.0015556920398138363,0.0033427679308711657,-0.0005737108393825379,-0.00397159208640329,-0.0009814507683212487,-0.001580639942794495,-0.0005107317712404971,-1.4518482416225084e-06,9.890031446458796e-05,0.00021283493390213964,-0.001206218091856486,-0.0017468135183737186,0.0011060123675426577,-0.0016324380775893039,-0.0006161079321595856,0.03582088673188614,0.07541565707185534,5.7146245506262934e-05,-0.000897462241693417,-0.02346637621905416,0.02419692270038354,0.004462185521515163,0.0648182546931804,0.011981748261295047,13.042609779806831
9784,0.0007732158704096941,0.0021921381552776837,-0.05970525805490322,0.0021107337071403884,0.0015346287894706077,-0.0016630021824909909,-0.009741200701903707,0.06343142215424052,-0.17180839039813198,-0.010591087342448194,-0.0006822507297032956,0.0013389066952850801,-0.0015170842875136762,-0.0005509789957719764,-0.030156298518696806,-0.029737484160754717,-0.010468612506109186,-0.005339128315838965,-0.0020605775622092037,0.0031886882565349424,-2.3712301491199898e-05,-0.00015954121705956468,-0.005509330646055072,-0.00600237593570192,-0.0015329471461618504,-0.010624023083337064,0.0038187714597984986,0.0032602688696624057,0.007194354556971028,0.001571918735706922,-0.00950357953740094,-0.0030278505196162965,0.00015948254448729855,-7.897451262550597e-06,-0.004202645515077417,-4.0009159492016764e-05,-0.0028698220837884004,-0.013017806774314024,0.00034058807020032793,0.002370200685709578,-0.00013652877554945744,-0.06223250852866834,-0.04970491228016952,-0.002073181054542354,-0.00010851240072329406,0.002173525216303769,-0.005787923022091616,0.006004934547237012,-0.018619584158992435,0.00245988157674251,13.042609779806831
1098,-0.0007290438101315813,-0.009216449068034722,-0.2120242738358919,-0.13471241952111432,-0.013411036303686976,-0.0015165357596980443,-0.010288032612644655,-0.03027876816681924,-0.09525641950193059,-0.0251392615994023,-0.0014090675383679689,0.00246938290291372,-0.002184015695793645,-0.0020378134712834596,0.05469048958785381,0.025546599886618733,-0.02107675544235114,-0.0037569254502096694,0.00039784309132205223,-0.00036378700798413773,-3.958568243759943e-06,0.0003488141710411513,0.001197704181654098,0.011187818401425475,-0.0016319502531182532,0.002650744993832756,0.002788713239932889,-0.0045468414265784655,-0.0017447719309163887,-0.00022696947212588796,0.0025769241310254296,0.001910070102044641,7.146986807946664e-05,-2.457838731525864e-06,7.219154429815391e-05,0.00030825314016014063,0.00022780494777840596,0.0041300214187250505,-0.00387469688417566,0.006392049506006578,0.00029681863573316583,-0.051583689649008495,-0.013968237477752637,-8.426857060879607e-05,-8.36531338493841e-05,0.0018888681135851451,-0.008099850905088513,0.005762188761613086,-0.047418159876123404,-0.03291877850864121,13.042609779806831
5573,-0.001324311362850262,-0.008241121497295192,-0.12171671406448004,-0.010700177403468694,0.0024385118283217285,-0.001701273722525613,-0.01198741775120463,-0.03332184664248429,-0.10718035549029854,-0.02118667759450118,0.00743730665448674,0.001960028124539796,-0.0025171532650962165,0.0018580499130259707,0.17838762295254293,0.0007860711577217554,-0.026631616804563444,-0.0001943917738274153,0.0008704565390217522,0.0010600778430188405,-5.4784926216738956e-06,0.00028036091940108874,0.0022033740691663004,0.008973237391979243,-0.0024710742725504438,0.0011172377278914325,-0.002967234755175671,-0.00039168183760422595,0.0036064948710105757,0.0012099658963634584,0.00020968280228543905,0.0006066563746543677,6.579796923815167e-05,-3.654618188514535e-06,9.474413447309828e-05,0.0004093419859939155,0.003998195521611405,0.004643531160558266,-0.0065232676953321305,-0.0018944950236425664,-5.2415721529977156e-05,-0.0760452800840512,0.040992903884710406,0.0004329492007617989,-0.00018476085628937766,0.014620446910334123,0.0007421184346037929,-0.005856115910011063,-0.032373193018488275,-0.008774931917780721,13.042609779806831
5668,0.001726472949913788,0.0028900036235863635,0.1791347906668966,-0.008141541282020411,0.003437970249133344,-0.005655902286878961,0.12495358090237091,0.024654102935811675,0.012088438003053948,-0.01172945532041652,-0.005785982864382992,-0.030204287330141088,-0.004482984872036224,0.0013146949300172608,-0.2030621190169145,-0.01076001462634648,0.062391113318374526,-0.011198040468525529,-0.0003627252400345195,0.0005596877074096878,-3.5248116517069927e-06,-0.00019513489106448684,0.0035915757586995993,0.008905854664797822,-0.008600173739090191,0.0018230928457516923,-0.008334281739098505,-0.010767675642851061,-0.004700612024491351,-0.002146319267325105,0.0006906654157553414,0.0015909329426723453,0.00032788419201882876,-1.4518482416225084e-06,8.697565634518008e-05,0.00014237437858772951,-0.0017907406862140594,0.015474414346532357,-0.001239052429159992,0.0052081862332633054,0.0024256972517280985,-0.06884599664601133,-0.11422815581671979,8.808433278755579e-05,-0.0004043993433855034,-0.015204485464749659,0.003585425622107008,0.00596536019746434,0.0359829096847991,0.005456207523516448,13.042609779806831
7763,0.0020633486795948114,0.00120481011783295,-0.029190655860906498,0.009518811326748124,0.0036368707582081056,-0.0015023402172037344,-0.00951450152469685,0.02150670113858115,-0.08340895829756811,-0.029381118802041837,-4.655691234049525e-05,-0.024936057719928767,-0.003210503585151646,0.010533903448235328,0.20883706692303644,0.020575760594192336,-0.04616230081312137,-0.005473806141191172,0.002348978980482495,-1.4398510397092564e-05,-5.61574043402633e-06,0.0001932875359856783,0.002283920881785071,-0.0022001331411651637,0.034048513389211145,0.00047955878877523517,0.009045528700238656,0.012943266504113874,0.008163106428176284,0.001019169846487888,0.0016347175147735453,0.001959883676907587,-6.378741254432843e-06,-2.457838731525864e-06,0.00015989076753110455,0.0001395318939154706,-0.0010671476616381907,-0.0008511093796454694,0.0028436731697648343,-0.0011245902903359042,0.0006113730711037914,0.127273410497011,0.11128972195123497,0.00014932286530704235,-0.0002395423862754037,-0.006478509209259171,0.004262230294511891,0.00541528620341263,-0.002117576837832126,0.0015619870867246484,13.042609779806831
6200,0.001860843455580283,0.008576442335043524,-0.018292069542769986,-0.003923009793697344,-0.0018146732224116723,-0.0020509196361741173,-0.010784012385774144,-0.018386935912735117,-0.08400972936580875,-0.009733641755105393,0.0007097380941813974,0.013491428916034293,-0.0032481585825347714,0.000840801670574498,-0.10429329199632338,-0.01098286472739343,-0.027859384742154377,-0.0031635152132013385,0.0004454558175096162,0.0001535649972536404,-5.61574043402633e-06,0.0005160618313900795,0.001794612799753656,0.003229939829096462,-0.0014513635108871614,-0.00022333730342470918,0.004615176881610662,0.002671931630779486,-0.004331506046719564,-0.0008700613931974809,0.0011051087439010053,-0.0002285705360992904,-0.001037790685427331,-2.457838731525864e-06,0.00023641462793453434,0.00012037142265746156,-0.00053944275679725,-0.003767700025370987,-2.347833329356535e-05,-8.310301137645256e-05,-0.0003190584430241065,-0.05199534786855985,-0.03684519686213457,-0.00010017773770259737,-0.00020381188503020847,0.002053712467974249,-0.004257916505164903,0.009252459067617512,0.0015317683858985152,0.0014937054798707333,13.042609779806831
1503,-0.0035454083166540588,0.0044767300440503935,0.19340433081603167,0.009851800935819307,0.001035066029434865,-0.00814114860641103,0.16452105724378346,-0.02460790648890817,0.005727927284253831,0.006258049009193547,-0.007738231852963097,-0.01749079401955642,-0.004935290411906649,-0.0008334381098519446,-0.0961162368801788,0.010610930212936968,0.0009339168092038166,0.002780049730704643,0.0013382093089886226,0.0008895406465104626,-3.5248116517069927e-06,0.0006204266653099535,0.0036197053602801117,0.0012172421879838196,-0.008981374010181595,-0.0011607558192703732,-0.006549803728336813,-0.003734662586395544,0.004720429573852488,0.004257399873234543,-0.0022863028623170303,-0.0012669077792480726,0.0009708718457950827,-4.062527278505596e-06,8.1468015617889e-05,0.00020563952588553705,-0.0004426260132746171,0.0029724149196389306,-0.0009072439385041175,-0.008488827950662109,-0.0005644474736150356,-0.08944982710305101,-0.11182334598726851,0.00010986113668638211,-0.00039623654734419623,-0.0021254549607180773,-0.005990062691269101,-0.021220987708262976,0.06368047859771007,0.0020592122331855186,13.042609779806831
17788,0.0011853749166353567,0.0044895014702894176,0.002131446972839704,-0.01980997376027189,-0.0006268217321089033,-0.001766878928103264,-0.012860237549427542,-0.016943746804117595,0.006890299111623438,0.004511006026469689,0.001105973220658402,0.02657895833546093,-0.0028492781372944287,-0.001592426487553156,-0.15573127690867192,-0.011858251756099942,0.008709207712932172,-0.008108728175921407,-0.001113294221918861,4.921285437428481e-05,-5.61574043402633e-06,-0.0007492615920243526,-0.0035452659795579084,-0.0055590133908852484,-0.004284506022061544,-0.0004776167991863346,-0.005187762449328134,-0.003231697786656859,-0.0061278038252860255,-0.002174278467752181,0.0016663816670031847,-0.00046690432095236486,-0.0004313561700386735,-6.440358901335884e-06,0.0002564017270536428,4.714209689968605e-05,-0.0015694840124076113,-0.0034319759546478797,0.00033498615664440454,9.100448118593513e-05,-0.0005458309864560764,-0.040562347772611716,-0.0437663983523939,-7.3710443023943e-05,-0.00021221442512162013,0.0016074740077618073,-0.0017255197228499737,0.006514840487791222,0.0007109939801559608,-0.007056382218742996,13.042609779806831
19432,0.0012209747090478832,0.003386272987442766,0.1486003077517891,-0.011984080412733487,-0.0009498691885590563,-0.0028238404330165837,-0.01331629715479924,-0.026769494706775827,-0.09387102917071939,0.04119658047805454,4.830179941814174e-05,0.008085168871649227,-0.0028956402982654415,-0.0005964798389165796,0.025246251950583047,-0.015608381213155395,0.046955736711367574,-0.002151093659003126,0.007417176755965912,0.001320160192328046,-5.581125389967299e-06,0.0008121821671906535,-0.005718802661498641,-0.0017520208082641897,-0.012311938311186548,-0.0009223480931178078,0.010947517984519302,0.012460148517526779,0.012316310086641477,0.00398549863301599,-0.013380189100533455,-0.0037067854928366124,0.0034832164380678883,-2.4029116778398554e-06,0.00023641462793453434,-0.000979893809618256,-0.0011701892088636756,0.0005792210406034265,-0.000986007924244104,-0.00011573608180390323,-3.680512679743822e-05,-0.03604245540425271,-0.057117291322571005,-0.00011952361077586679,-6.360555493918035e-05,0.003212929579743583,0.001066243401746464,0.00575313208524774,0.036005063797548024,-0.001095522832249134,13.042609779806831
16381,-0.004376172121574781,-0.013380871642062161,-0.2217052801792408,0.015436053808933302,0.007090254434793481,0.19940823575107425,0.20134457770672595,-0.03447165121033401,-0.10859875903401929,-0.01596961525180375,-0.0009993371751745202,0.004040423088372389,-0.003001395887766309,0.017293535336971085,-0.08737856043791384,0.11824935793446417,-0.04463613786794132,0.009090046714525811,0.0014513055232548428,-0.0026158641088390657,-5.4784926216738956e-06,0.0005439233172251835,0.008397538450459423,0.021479134249071528,-0.000354794523647528,0.0018830605895123482,0.0071599762611282295,0.00022535790279258532,0.003380738668337827,0.01070636977562053,-0.0015612281283802546,0.004530418908639986,0.0029336094461728116,-3.654618188514535e-06,7.886651797140329e-05,0.0007218436233362518,0.007805084865849681,0.001999797915095788,0.0016698342923948952,0.0005563139657740695,0.0014522752993407985,-0.06668232759909494,-0.0808333521535473,-2.3762883872126372e-05,-0.00045992001770697293,0.00034542941281403205,-0.02111932860256937,-0.00797308102740795,-0.05678992008222295,0.0017625829647215658,13.042609779806831
10571,-0.002918304686725848,-0.010411773289948308,-0.24231978539352175,-0.007070567480721767,0.0027173699733483033,-0.0013636003567218385,-0.008010370727025023,-0.02618905222588392,-0.09412695043046837,-0.047744167251882914,-0.0014320647482371762,-0.03921389720406162,-0.0032018622312188884,-0.0035470073163441232,0.20131962803232797,0.0022873845853517384,-0.038914641596263025,-0.008597852009876093,-0.00041677507849099114,0.0011829494735605007,-5.82125039764418e-06,0.0002681943101848255,0.0019461730748668456,-0.005244959198376486,0.03855539517557882,-0.0007665441455055208,0.009485344864257752,0.010505139285353106,0.005318541067482789,-0.00014561484046767784,0.0017657396320313859,-8.786221054130049e-05,-0.0001595410962529016,-3.238900849235783e-06,0.0001585458369567705,0.0004544879271327075,-0.002078121742263001,-0.0016481367257990998,0.005450263864553012,-0.001738287217185602,-0.0004365126526907716,0.12126804694099083,0.08727258702277607,-6.491834252862611e-05,-0.00014329244047472567,0.001873351232684892,-0.0069969957204217715,-0.005879746046879388,-0.0598437760811376,-0.005417039309962626,13.042609779806831
11530,0.0006438191244356057,0.0038467612225066886,-0.043539815881089516,0.002520464017699413,0.003979303447732026,-0.0018050054934764853,-0.008480291711528438,0.07474662438440104,-0.073263780230127,-0.021797511055926203,0.00363539238343389,-0.02581352757910326,-0.0020876509289018247,-0.017482607948318147,0.18076217779463838,-0.03853496519308055,0.004501082248330506,0.0022931889514035434,-0.00021167446953905672,0.0010701930986578992,-3.0977456050292927e-06,0.0002076556953547256,0.0026801483042250994,-0.0008794669003216393,-0.004810253480787503,-0.00046628384964645785,0.0020026496720539307,0.0011254508108706597,0.00024918260107025886,-0.000709144327628828,0.004893745141247723,0.0003742739914528898,0.0001083034148927331,-3.2628463888164725e-06,0.0002331775346391132,-0.00027352826502540493,-0.0008993719526656073,-0.0018260473138204097,0.002434651807006168,-0.002221029873942049,-8.304228620279987e-05,-0.06497814625776209,0.04890456505913416,0.000620374639974562,-0.00014960376124633322,0.012561380692038994,-0.005217441017350382,0.007937184447976081,-0.008643974991259431,0.004155957955922614,13.042609779806831
2464,-0.00033575451067959416,0.005102097431799749,-0.11809030356183334,0.029773321240249596,0.013503998920713283,-0.0017179415957975948,-0.008044449277005823,-0.013199374697102941,-0.07630327510956589,-0.018441287885076638,-0.0005746978688445152,0.005141391377734092,-0.0028491210481359696,-0.0007979397359820785,-0.03694054846309383,-0.0444364982417061,-0.023848844266146325,0.017925789543741417,0.001459414657272576,0.004068613398531137,0.00061387773301894,0.00046039351678599347,-0.00409119427285982,-0.003422504483449673,-0.0012225078469276205,-0.0008405213663695639,0.011853698478753076,0.021934849100943364,0.005967464651930334,0.004584222781702931,-0.0023288963540898685,-0.0011128474563775602,0.0031729998369445602,3.925143770666588e-05,0.00022002902461219756,0.00010109221879469734,-0.001152960151536204,0.0013986133696669613,-0.0007003532807648351,-9.511008185303871e-05,-0.0013601983043906155,-0.03563461445230403,-0.019647223472025792,7.589111002362263e-05,-0.0003261718269644692,-0.0005540050721600643,0.009156530196008546,0.006696856027704875,-0.03202359892993724,0.006336911526272354,13.042609779806831
21087,-0.0027598798875367453,0.01404834466821068,-0.18509590641667095,-0.04945044293249107,-0.0014951807371775343,-0.0015543437090693058,-0.011814182401017859,-0.016673360622505858,-0.08765422188433587,-0.021228041753049924,-3.734563693771098e-05,0.05397022378777454,-0.002302751047993736,-0.002506359332763893,-0.19885823340514786,0.006361127299677721,-0.021158249983034935,-0.02201305603438224,0.0019540750649196348,0.0007687701111229523,-5.4784926216738956e-06,0.00031318201939501875,0.001723840467556176,0.008500338090777826,-0.002562617043029891,-0.0008444537861285162,-0.004247533684484114,-0.009122520815021573,-0.005055769706871778,-0.0022086557482060907,-0.015383085648284755,-0.0018735955774074947,5.742869423599226e-05,-2.457838731525864e-06,0.00019259983394296617,0.00020898799135187906,-0.0017210391819143407,-0.0034583117781556974,-0.005186834945501068,-0.0005231883962140537,2.4500645367269925e-05,-0.09419109895019916,-0.10824801046758897,-1.1676153786873477e-05,-0.000270022230379509,0.000776052558150059,-0.0028968736068187262,0.0024335923159061273,-0.050630905547106995,-0.014000724152183897,13.042609779806831
5604,-0.000261404118183386,-0.01639447104720279,-0.12453878378289489,0.000391132478420137,0.004887542059955116,-0.0016760039794131117,-0.01011135498182897,-0.019004951022485877,-0.10182507653886191,-0.01341615291850012,6.311988637975455e-05,-0.03252515422984586,-0.0034278600302525327,0.01879734841136556,-0.11911282976418938,-0.014531016369448316,-0.03325621054780318,-0.004014256330022871,0.0005251258267626756,-0.0013065865431944506,-4.626459233421365e-06,0.0005209185128422528,-0.0047920192673834554,-0.0019662079755206397,0.0017639466427811126,7.717850709933286e-05,0.009602681291168374,-0.0018448454120176484,-0.0020451771608547085,-0.0011581850615715442,0.002528399981122433,0.00018515207448054817,0.002156671827071898,-6.440358901335884e-06,0.00016579881787691906,7.436251040226542e-05,-0.0004807605284951914,0.0003354669620122486,-0.0021291231014770894,-0.00021987508418716298,0.0008236152006418392,-0.03713252698949722,-0.02897347210589075,-9.250838877605162e-05,-0.0002632083370692866,-0.0018398805616388206,0.007049338937366855,-0.02043837755073165,-0.0371718597721885,0.002963833155199886,13.042609779806831
19972,0.0008225137472073202,0.01397961227800616,0.21202030794365168,-0.020313213126143335,0.0006270322241236418,-0.0032429318316727824,-0.017560785296377186,-0.017177551525117345,0.025059298128997078,0.024864763250736367,-0.005300671755602703,0.12465166796705895,-0.002882236427918278,0.00048375225243334045,-0.2626440359769242,0.011549541402840889,0.03643139613136087,-0.008406144873315102,0.0003282188366292863,0.00023245967645994935,-5.61574043402633e-06,0.0002284347605545764,0.002330151454326434,-0.002457988288373706,-0.01130560083611122,0.0005545426126949844,-0.009077538965325595,-0.00798750500188382,-0.002758155065787735,0.0020297588993052197,0.003562471421410966,-0.00296759644831201,0.0005684648262824393,-1.4518482416225084e-06,0.00024132176806246792,0.00015713703218714052,-0.0015309470335971044,-0.0015499074364812074,-0.0012140962047367677,0.0027001800814699275,0.0021018523761922696,-0.08620833465049874,-0.11573529197520231,9.039661381153776e-05,-0.00033353777274564966,-0.0014913055585289068,0.0046547599859048695,0.011272040924046812,0.05223349959697906,-0.004455076583225862,13.042609779806831
21606,0.0009567869647013806,0.01449772166328502,0.18086632852654927,0.011774148640540258,-0.0020836133565020534,-0.004723430141701789,-0.019057569139241923,-0.02101754977861236,0.21983980606295186,0.02411589274094816,-0.008824549915800997,0.0590392117081482,-0.0028021461332950097,-0.00031527362823341107,0.0919354097433492,0.05101242992180877,-0.0005631346092522703,-0.0024980580666236476,0.0031380742287341924,-0.0005399781907236771,-3.7625021742603873e-06,0.00015635078156383633,0.0027831402623537892,-0.009321685855113929,-0.009456333614536535,-0.0016917849010768698,0.0027814780177295743,0.0041950279981931675,0.0016793483075997588,0.0005672200787011541,0.0014609701696548711,0.0016740230177888754,5.878801058916824e-05,-3.238900849235783e-06,0.0003150293073015047,0.00017790469883824188,-0.0008572087661866568,-0.0013726870606005832,-0.00024814905907704433,-0.0004896605633535058,-0.0005694187043847504,0.048287350180413136,0.03985022181652013,0.00015798166991398503,-0.0002720128607476099,0.0032169056900739797,-0.00012065721198934858,0.004596503551601083,0.045021072873175486,0.002602056302797702,13.042609779806831
10324,0.0012578822736576153,0.004364991659968402,0.02505968367219023,-0.0005792703313384388,0.009446636351886532,-0.001727215301171364,-0.014726704109501205,-0.020975167598510414,-0.08798681515304287,-0.01596757061435079,-0.004109952107226684,-0.002281153468525194,-0.0029590691934338873,-0.0004253134338870126,0.07448795751753626,0.012947191422983395,-0.0055417021793512464,-0.001102341166603202,0.00013689489896971457,-3.6857548682908044e-05,-5.61574043402633e-06,0.0005639806940837208,0.0017098588808399933,0.012827626044396597,-0.0020981557356600793,0.001047342401414356,-0.003543462503381906,-0.0036287439300573096,-0.0028025362578622814,-0.00032483555188217986,0.002437617931230305,0.002335343094462405,-4.9728322661662866e-05,-2.457838731525864e-06,9.522076761228816e-05,0.00021866010173588135,-0.0001384883647952928,0.007172897557381935,-0.0016052805058606237,0.0038146517131663884,0.0002993425366966689,-0.04666058553968296,-0.012582672352117684,0.00032820999593138206,-0.0002620697767037457,-0.00441228918310797,0.0021213415469147263,0.0072652450338967335,0.0014410647181741126,0.00040554403082342235,13.042609779806831
16966,0.0026262984890305452,0.001795178006406146,0.014052837719031527,-0.06890225144225946,-3.0288503293120432e-05,-0.0019469256158026655,-0.014913007861432202,0.03536984215156195,-0.11477030938494341,-0.002791550956885466,0.0020660363700763943,0.008965308654566172,-0.0014860423085859009,0.001668421798312461,0.22773220685409476,0.021783356408266417,-0.004367622376299672,-0.0028302300210472746,0.00034206670563716955,0.0012241787627602623,-5.61574043402633e-06,0.00019897764305265168,0.0024259021597493723,0.01076227196391555,-0.000287816153156755,-6.047358303417627e-05,-0.0010998667357162662,0.0019261577108127,-0.001764453921613449,0.00016861992671415765,0.0012027444987635287,0.00039997105591710157,4.1585570402404525e-05,-3.654618188514535e-06,5.970983152688583e-05,0.00018537076351749044,0.0014356877547890318,0.0020581209748687965,0.0019942609617798683,0.00448021721254898,0.0011837492060751324,0.06100178296957808,0.054457658352228246,0.00010016368625578302,-0.00013075519356750093,0.006205493705586004,-0.0002902364955799426,0.005474102678900947,-0.005113979792266383,-0.01260580550375019,13.042609779806831
837,-0.006319022710448045,0.003147033036661499,-0.12008385686588802,-0.008594500425346431,0.009231501354016562,-0.001681965550736209,-0.010128125278084339,-0.020498523790515154,-0.0006452691056348586,-0.025304655266693336,0.0011980281913296165,0.020491152931247612,-0.0024830135042568403,-0.002563911835465885,0.062333458020222395,-0.024299033981363273,-0.029534707483444427,-0.005448939694911734,-0.001291628829160859,0.0004042272347284991,-5.61574043402633e-06,0.00013777190702266468,-0.0065757444713524385,-0.008188476759954601,-0.000626130580556703,-0.007592778100784292,0.002914012207649699,0.005248762891423833,0.00048222851733274274,-0.00021717722934220683,0.0015062501160035488,0.0028553165725098465,-0.000207258379141571,-3.2628463888164725e-06,0.00023614731097696922,0.00017798008286456024,-0.0017660201246783797,-0.001605924966518295,0.006388707669301735,-0.001758629543848872,-0.0005542521942276281,0.0579852130839487,0.042666326102749515,-2.6431811138285257e-05,-0.00015729516243888662,0.0025457039223387447,-0.0009324214608865143,0.005144520373627661,-0.03521444608585455,-0.006542760458729525,13.042609779806831
15300,0.0004805658987689131,0.006547162802669241,-0.024961831662494896,-0.015740054837621916,-0.0013675750717917186,-0.0019544105538419863,-0.009909943147870633,-0.020448526701491186,-0.07117795878552506,-0.010866616935056162,0.00045078877605781136,0.018765398238788967,-0.0033810028298102307,-0.0001238772554624825,-0.1797509183506513,0.002678231803939482,0.0599045304930741,-0.004397808793989571,0.0008060808032692991,-0.00032181023297684003,-5.61574043402633e-06,-0.002708727258468985,-0.008437386109605758,-0.0035018113898742337,-0.002579767684827096,-0.0003293897111968247,0.0037950398214955917,0.009712907731685006,-0.0025726363664079024,-0.0033468754761128436,0.0006187561173138274,0.0008040864133598436,0.0004714471467122647,-3.2628463888164725e-06,0.00018491178049261938,0.00016624855118574605,-0.0009386447277035757,-0.002240647715934759,-0.0002533248331599079,6.800053407785876e-05,0.0008478338613910844,-0.04293997190098819,-0.08721460637849976,-7.849003765581887e-05,-0.00044430598463417084,0.0007080442053951675,-0.002226044628719727,0.008177214573226068,0.0036352839205649372,-0.006383853916777679,13.042609779806831
17034,-0.001561512733696571,-0.0014627525546390284,-0.11584277742227683,-0.00885759143169026,0.005385415783017558,-0.0015909553682994903,-0.012281274657553699,-0.024618638346603848,-0.16951648395229166,-0.02592914879005884,-0.001760678270698384,-0.012565686940108668,-0.002748156846054152,-0.0017915904781645696,0.1967660237076493,0.01569441830536409,0.02715071796323116,0.00014661887717894,0.00325965082092816,-1.635675553158925e-05,-7.61148456322701e-05,0.0003313001558727835,0.002660778430474558,0.009823469791114113,-0.005592550730814672,0.0007572607452876645,-0.00456001705243203,0.006688414208274056,0.0029618353973638904,0.0007153985679353125,0.003872021331211784,-0.0014298402351684458,0.00011457229184831745,-2.049756503454215e-06,0.0001024576364860834,0.0004033214512272788,-0.001162837432210574,-0.0012913924558475838,0.004179945932253855,0.0006218954540910345,-4.464252001298957e-05,0.12011234830116235,0.05058623725897715,-0.00023377342849870456,-0.00017854992645613687,0.0034463848018770203,-0.00201676562225986,0.004084865693280702,-0.028126323278293966,-0.004710481115426657,13.042609779806831
20370,0.0007521180646498293,0.0010717031195036867,0.18711375051237794,0.017311880028986593,0.02019424263716193,-0.0028418021876791127,-0.0144210064438955,-0.018690629295915705,0.23943168330980805,-0.012990044071911304,-0.007158223741352777,0.04630340253392323,-0.003519227142380464,-0.0011436427507418622,0.13112246993667329,0.03263703132417805,-0.03391152158699358,0.0001546383561839777,-0.0026341790021093717,6.723022672392246e-05,-4.007220822214023e-06,0.0001458073075556898,0.005464261984168702,0.015577332370901089,-0.004691536980875862,-0.0004454216236713801,0.0004285166945085305,0.0014101699384269591,0.0003961169921921303,-0.0003381082253734621,-0.0006737038399611356,-0.002172857696480344,3.8531475245983084e-05,-2.457838731525864e-06,0.00021346367238806916,0.0001839827055743332,-0.0012653487941351141,-0.0019831988256822338,0.0006257020963688078,-0.0025133336452556766,1.654143750954652e-05,0.08576952380825575,0.11546458091607768,9.801088447391835e-05,-0.0004777433986035625,0.002114595343771769,0.005042568340031955,0.0074558671006755,0.0401335663609221,0.0027875663547521487,13.042609779806831
19052,0.0026638703572032392,0.010537573809004509,-0.127176826177429,0.0028222946587570454,0.0037240986774961047,-0.001744572813107559,-0.013450683178136323,0.082982267442927,-0.11042738450017389,-0.007406637111845262,-0.0005215544144277831,-0.0178614451246356,-0.0015279929486533375,0.015382327605808472,-0.12700937275779386,-0.005970281267306812,-0.031088620784723624,-0.007333886002773719,0.0010538922835208765,-0.0019548105022003472,-3.575120445353126e-06,0.00031465585519489423,0.0012090237810022124,0.00371852697314466,-0.0028544065566543883,-0.00159022433002956,-0.007604290626878034,-0.0031822894477166546,0.0023924281132233394,0.010011962146419537,-0.004273969072160408,0.002407201507484545,5.400620377380195e-06,-3.654618188514535e-06,8.009854812492467e-05,-0.0003848370273165524,0.0025159885396743814,0.0024116004465608992,-0.002789825311913213,-0.0006617930424330373,-0.0001176456611156266,-0.08707750073164729,-0.08624007855752544,-2.3100620198333383e-05,-0.00016669108510980064,0.0037028479505432244,0.00652022579674866,-0.007821489009749537,-0.0346144679516407,-0.000957754008412593,13.042609779806831
9278,0.0009628028160367768,0.0009657424057889604,0.024134068587921186,-0.06553226379782631,-0.02572947404489692,-0.0075614028762873,0.16054955153557626,-0.020160845437643404,-0.009191438600991836,0.03334952987339719,0.0029302573150513465,-0.004099210403360191,-0.0034510119901616735,-0.00167173211529436,0.19021296486380485,0.03435369778844121,0.014269490236109732,-0.004624393261748917,-0.0010521577070882492,0.0007467334937237312,-4.550693533442268e-06,0.00025773490158353707,0.002898691849225225,0.005804364354592013,-0.005503590184228299,-0.0020965178776867653,-0.0057876712296529055,0.002056455484375468,-0.001457213545701608,-0.0009655748641686833,0.004146961255748753,-0.0016028733800161512,0.00041776925744857116,-2.457838731525864e-06,7.569411394830966e-05,0.00019958592360844047,-0.0011052454875341104,-0.0051853400307403,0.003009980907938344,-0.0028430188309473414,-0.000771029329867665,0.08449504289328073,0.106240785225734,-2.5563461803588617e-05,-0.00018155650597560647,0.010890519517846425,0.00020249177997341947,0.002330224704261707,-0.00018275273376397233,-0.006831667275904359,13.042609779806831
7939,0.00012086499448196008,0.004436146240653638,0.0338399956971204,0.010972655151837148,-0.0014544809619074486,-0.0017941973797422199,-0.013003620673335896,-0.015460755635764978,0.008697367983615839,0.018495604672124338,0.0018175450736420855,0.009599343952888147,-0.003162543319571999,-0.0006808011518763553,-0.15296158203494972,-0.008058219317940658,0.03766474556716651,-0.009570624250357438,-0.0003610831329054305,-0.0004078609443932846,-5.61574043402633e-06,-0.002999938754770003,-0.005199936873761424,-0.009551343190740089,-0.004332461723878536,-0.0002719010482131674,-0.0055941723229975425,-0.003245887506497036,-0.005941690971140478,-0.002108896276653263,0.0017675814840712933,-0.0016794531916049724,-0.0007083193143494838,-2.5782456438389804e-06,0.00025369512850911753,0.0001489090244720821,-0.0014475781433225584,-0.001519330221122724,-0.0018528194767073794,-9.29275028300633e-05,-0.0002674986962714703,-0.030416316886860997,-0.046736159404851874,7.81429732191491e-05,-0.0005157389210099342,0.002474405862198668,0.00411780211944995,0.008433444487971124,0.0030939245794557556,0.005713588915722249,13.042609779806831
15826,0.000899303003568805,0.0019006776841963805,-0.2105754594961584,-0.14469247013946238,-0.0016257989096975867,-0.0016027601924783782,-0.00967126924151667,-0.02886529256722915,-0.08688191685728298,-0.029405761556666677,0.00993198407317793,0.019306379508887434,-0.0030587921578299573,-0.002329096668031573,0.0272330982828425,0.02234425135541075,-0.020388812649735574,-0.008802554121383283,0.001831736135632075,0.0003997321555985911,-4.035686390516079e-06,0.00041088010208998216,0.0011633991426512,0.0004443139991858968,-0.0009852420160585242,0.0013081317758371878,0.0008229127410252329,0.008089087214752624,0.0027641465978146445,0.000770690399526762,-0.005554618765296137,-0.0025353101903072563,-5.48225706044388e-05,-3.238900849235783e-06,0.00021718834163910274,0.00032029527759695417,0.002456254822010258,0.0019912812322532124,-0.013435113554664736,-0.0005183577406819596,0.0010207153471902006,-0.05051791119627832,-0.025522059263512593,0.00034787430502087994,-0.00011331264379581115,0.014770697116821729,-0.01800650684131522,0.005139546260099662,-0.05091086326775331,-0.03502229002587959,13.042609779806831
7766,0.0009922656528227102,0.0023807719406918858,0.1416448188755658,0.015829936310709763,-0.0030193519750528093,-0.002914197660785615,-0.017623313861531355,-0.021852553740439987,0.17808012495545708,0.03340025589489931,0.00028827612425652837,-0.0048196493597003525,-0.003738286208475747,-0.00257644962236057,0.09921477842975523,-0.06383535065737163,0.04713448107256343,-0.007137066305299177,-0.0022581208072686636,0.0001552980673193393,-6.809756164343423e-06,0.00017793786045167698,0.0016540778458076389,-0.008021624789601563,-0.001900055011897715,0.00018586992939008485,-0.009557295717618992,0.003113258279040647,-0.0009772717205664954,-0.0007079348122908767,-0.001611336401033867,-0.0011862329927626422,-0.00014647358903260063,-2.5782456438389804e-06,0.00023345011124263108,0.000250286694408318,-0.0009870753430412072,-0.0007170546469685018,0.0023941723850384893,-0.0025630788291738575,-0.0006355229417424554,0.0469094818940585,0.11070883724681503,-2.060572411556139e-05,-0.0002711394453185017,0.004787677700412117,0.0015829765767742597,0.0058312713993589095,0.03548806874290253,0.006299277051235721,13.042609779806831
12246,-0.0011772615120191562,0.003909373936154508,-0.10430756069044714,-0.0004563101293788651,0.01588053367428111,-0.0018164174405803377,-0.012199942114411043,-0.01872497028071264,0.006698851323625586,-0.016767499358364142,0.0014802704620524982,0.02661148775409003,-0.002594066552309794,-0.0016618774956515038,0.08108948512519178,-0.03241240993644094,0.002709153292564573,-0.002334695315465741,-0.0001898755630566301,0.0022216470739595726,-5.61574043402633e-06,0.0001368097962760219,-0.006332046772677377,-0.007458538032831451,-0.0009158367248689833,-0.005324070089030625,0.002949635076584527,0.005296620929382539,0.000418138551587375,-0.00038811676488922334,0.0016758322709437823,0.004671446263010879,-0.00024113045502819388,-3.2628463888164725e-06,0.00023614731097696922,0.0002024910118227515,-0.001759196242013893,-0.001669107214274144,0.005694260849022285,-0.002436464792346099,-0.0006049588138162925,0.04899912192773687,0.044537861903624645,-2.3671443077524602e-05,-0.0002452867589428264,0.004035744490086762,-0.001076850646620777,0.005649155365921808,-0.03639413190829181,-0.0022239362662090324,13.042609779806831
13963,2.040934347379756e-05,-0.018670745604151145,-0.07711259740969091,0.012518436040444775,0.001891069029095364,-0.0020939581593852966,-0.0161258075032289,0.031711730347527535,-0.15962012275435836,-0.01179688560899883,0.001339257969766126,-0.012989305626139107,-0.0027878263223961516,-0.0024251483790934023,-0.22537012148684424,0.004386098722458653,0.02765138517917822,0.008396471154857912,-0.0010346959254141663,-0.00020511304170876653,-6.115997062367551e-05,0.00017043843801191417,0.00245999041239216,-0.001142574126242709,-0.003460563159726397,-0.004124224439944764,-0.008706519950765313,-0.011687885646482555,-0.00596025832015287,-0.0048905687649594696,0.0019270422085111098,-1.3618710233974937e-05,0.0002639417278694946,-3.654618188514535e-06,6.26840704966475e-05,0.00030089307553927513,-0.0008658811961383845,-0.0036683519862834657,-0.0020946552545454424,0.00039977974105894024,0.00018345737981864145,-0.08339446787805185,-0.08714819714115642,-0.00012401390871742335,-0.0005343453401190917,0.0010222294593403005,0.00661615427704779,-0.006903307700557135,-0.028646911580743353,0.002456725570576803,13.042609779806831
16518,-0.0017614430241768746,-0.009541649435423774,-0.18802651138245052,-0.08203856932499427,0.0033696119619290132,-0.001647456306104667,-0.010801661569005359,-0.03157310583147086,-0.16824036715810595,-0.03007475364076885,0.004008884195616708,0.0007209727686557579,-0.0030840939617585083,-0.0004444986214468648,0.18789273752945146,0.017589290066574476,-0.020341470828783608,-0.005054710339554019,-0.00017845253324086827,-0.00028613836354209434,-5.9596638945203255e-05,0.00027910627586259865,0.0020158596417336437,0.006745193618001163,0.004654689195630899,0.019863253256753408,0.006601902369176562,-0.010046579354867432,-0.0007548039549677528,0.0007378986530890428,0.0042722394572520745,0.0021052000419280147,3.308800539945804e-05,-3.654618188514535e-06,5.581545905055927e-05,0.0005227148541507727,0.01045836890709301,0.005212091639942046,-0.011087700538020336,-0.0018271946622889538,-6.504073182989608e-05,-0.09349172482158466,-0.027472316420953543,0.0007945674408149858,-0.00012103240744899921,0.015354083373691563,-0.00906880669138305,-0.01144789344652679,-0.04322371108768924,-0.02226581729703788,13.042609779806831
15554,0.00013731954174797472,0.0024329714080902655,0.04775109098695253,0.001478455659521859,0.005140161921786443,-0.0035645376598019613,0.16991109451539402,-0.01917673139375859,0.003074602188679991,-0.004080203061860506,-0.0002519043264215475,-0.02548076682193619,-0.004835567321978955,0.004529158585999515,-0.2016517571540868,0.01525467402758218,0.021111423577586552,-0.007997838940227792,0.0009539335308650874,0.0003795619318188506,-5.61574043402633e-06,0.0006071076215810822,0.003250385356730436,0.006514606039515788,-0.007448384328813366,0.0033862758281487534,0.002216002846472269,-0.00046341417698748233,-0.009406618417443653,-0.0007856169133056321,-8.759136888713771e-05,0.00018209022211048407,0.00039911491763865273,-2.457838731525864e-06,9.425894911994048e-05,0.0003214094380243875,-0.0026730648062683543,0.008622859259520034,-0.0011883078818754381,0.0063313442975756725,0.0010689983555004698,-0.07671099264088506,-0.09761744916802455,-3.876431744031738e-06,-0.0005827303319998886,-0.003232623183507936,0.004453131615090135,0.0033162262648043775,0.020641821173950164,0.00019951872204714962,13.042609779806831
20881,0.0035739127137429986,0.001617084130195976,-0.023445716689849423,-0.045706490438435804,-0.004049074492720236,-0.0019820968187041167,-0.013259128354440245,-0.012417531172811629,0.19350358778680604,-0.012435592696916754,0.0020380134247928077,-0.10979910765286417,-0.002351100841148948,0.011357948976555883,0.1741813480580849,0.02441741726643888,-0.03021263643590057,0.0068951623358704415,0.000595475652576456,0.0007797685030686236,-4.038026442952091e-06,0.0001039349597925343,0.0016909047632382194,0.009068344407547385,-0.005205555838832089,-0.00011934414840320768,0.0017467675710505595,0.0017834819578692938,-0.0009884279629819642,0.0010814450890475771,0.0030036116931024034,0.000820360439295252,0.00011010203173137638,-2.457838731525864e-06,0.00025405111108311063,8.551482352466196e-05,-0.0008233388928131215,-0.0006383410148859131,0.0018787004782980317,0.0028345614481008843,0.0005211931135773314,0.07610218333907086,0.04196122007534146,0.00017120298841428907,-4.503092265078202e-05,-0.0005192994335943886,-0.0023449943422742697,0.003350536295982552,-0.014497824538586503,-0.015763558484716698,13.042609779806831
1131,0.00029979988557956677,0.0051767207758956464,0.11516250304676902,0.007991230975379205,0.0035662470237677146,-0.002863405839937327,-0.02053851732111497,0.021551435537639378,3.2610602735484266e-05,-0.009479710252237804,-0.011020203035436847,-0.0405113610503848,-0.003963435024789274,0.005903784449667777,0.149660470377069,-0.03052710490325555,0.00836169435403135,-0.0020647419580671813,0.0001960733494815524,0.0002937416038159854,-3.5248116517069927e-06,0.00014183300596609864,0.004545359976027437,-0.008175880274577997,-0.002079088018280591,-0.0007527310916980244,0.0002650357103505602,0.0019407690472573369,0.004824676337050912,-0.0003610988326695065,0.003430163320939788,0.0007310075330364525,0.00015212884626014927,-6.440358901335884e-06,0.00017906403173582669,0.00020066035957200934,-5.930665763904063e-05,-0.0006114352904823406,0.0006465482340720868,0.00022349163367699275,0.00014514828011242991,0.041746201911065664,0.03870004275217469,0.0001474826199332019,-0.0008230987686427488,-0.014199546329971965,0.0011035467989179866,0.012770327813806272,0.03927660808345263,0.0037455696213063595,13.042609779806831
4547,7.722682179790076e-05,-0.02223814644689015,-0.1281188586571217,-0.007437120624687378,0.005002777095655552,-0.0018066417354695194,-0.012226377415322677,0.03575317978495214,-0.1715358565384496,-0.017437341360716885,0.000549680790790252,0.0005936110548777029,-0.0019396042876957012,0.04357744382241414,-0.159454118902034,0.027532443475323812,-0.029266397651762463,3.966837450964072e-05,0.001172512081940887,-0.0011802474931523223,-6.115997062367551e-05,0.00028351670887045955,0.0008618345191847015,0.006466207350363473,-0.0008439092296746998,0.00021012787466872067,-0.003273543251423352,-0.0006124520030887574,-0.002953962178591314,-0.0027593334311235224,0.0016044110836357017,0.004610339246324932,-7.519445250249897e-05,-3.654618188514535e-06,6.563040138171708e-05,9.053635635937986e-05,-0.00026035356559564644,0.0027223690609911103,-0.0010012933553672277,-0.000167885551565131,0.0002786391417514181,-0.09361504589021886,-0.1070464195470432,-0.0001434098642359245,-0.00014577027001273042,0.003113601109527731,-0.001932342864688783,-0.01608352848413506,-0.03486302079546159,-0.004907472937811189,13.042609779806831
1279,-4.192284703784129e-06,0.004672810604907727,-0.05685877470419906,-0.010339742615007903,-0.001223439310419414,-0.0020097082239759465,-0.011539028627396412,-0.027775540457693412,-0.08946540221853848,-0.010536014513465291,-0.00024898538093031666,0.008052169066650586,-0.002765039827145096,-0.0005258762422391439,0.006537132988727005,-0.0352082537449802,0.02160036497656402,-0.0027339999480549973,0.004718780555263494,0.0008901281782512163,-5.581125389967299e-06,0.0007246848068161665,-0.004719245430008092,-0.0020379513599057784,-0.003530213165378221,-0.0017935421025511912,0.013986694878116605,0.010555968342104656,0.015870947254707553,0.002642136465529185,-0.007561219456557819,-0.004983224726245913,0.0034961229864424177,-5.661265053846037e-06,0.00023641462793453434,-0.0007117299998223818,-0.0006500128370670845,-0.0022003261640633847,-0.004542727289129734,0.00035582750293437814,2.973335794640401e-05,-0.04843766970901257,-0.044683501753695926,-0.00011952361077586679,-9.752727293052863e-05,0.0021548506764869644,-0.001390288959575812,0.005886480288641912,-0.00501565989769537,-0.0018206727938093064,13.042609779806831
19258,0.0003484994740138028,0.006381694372678517,0.06730468989550284,0.0019611552734261593,-0.0021858510053099057,-0.006729907110333075,0.05538780850090119,-0.015700513566506546,0.25910042577370945,-0.010208425838216142,-0.004225225405824917,-0.023722778156051713,-0.004984225021195352,-0.0016161059377845387,0.1369719364657312,-0.04031351241047987,0.03418787067048109,0.0007768297907836349,-0.0003919464742695617,-0.00602298733441045,-6.809756164343423e-06,0.00019196784139557924,0.005907342713948113,-0.00951349600879713,-0.007115802967960622,-0.0009780290352876802,-0.0020501732269247266,-0.0014741075720161544,-0.0021484736542150837,-0.0007086941942618847,-0.00029978495538079795,0.0028355524922046007,2.832364339792955e-05,-2.5782456438389804e-06,8.180590915722027e-05,0.00020486130465087723,-0.0011270256101606484,-0.0024164897303351977,0.004843141787454317,0.00019479026389790423,0.0005192034571490562,0.040723799980170804,0.03657272817515382,6.665353053305691e-05,-0.00044838933800599694,0.008438146605476298,-0.008186708384548061,0.006961207434670924,0.020764674196289436,0.0036782848010650125,13.042609779806831
14586,0.0011641047792045184,-0.002380054811445339,-0.1704598503822824,-0.11784118406636264,-0.0075546662130774956,-0.0014958814199883352,-0.012543821692102929,-0.02139190149086434,-0.00746688290175667,-0.03087760007002798,-0.001856162472085497,0.029883232983306408,-0.0020951822046606154,-0.00142714110068949,0.07233675701906246,0.01368281446288435,-0.033484115066165346,-0.009015468512754895,0.0011500529587191283,8.934263016865405e-05,-4.038026442952091e-06,0.0002442083529367411,0.0012197113753715301,0.010093204328318627,-0.0022597225584733774,0.0016445334319425762,0.00044058489681564274,-0.005333122740866012,-0.0010477255419367752,-0.0012825515112984578,0.008203962384616261,0.0010790287076870816,0.00012989115361045788,-2.457838731525864e-06,0.00023434315022854253,7.723022823430167e-05,0.00027612941068912454,0.0039055258047889186,-0.008709826428700251,0.007966287976097691,0.000543193782208793,-0.037744106716321446,-0.009160149694953906,-5.447834554583581e-05,-0.00011346517032351722,0.002532655570003998,-0.005381939366577199,0.008412294258828081,-0.03776369825505735,-0.031058108214839873,13.042609779806831
1117,0.0010849259010615897,0.006017200117300742,0.18539370687468365,0.008884559477741624,-0.00201505756763829,-0.005510007247129232,-0.013414217574256627,-0.017293163571511883,0.19881368890512663,0.055048792025749776,0.0003860912005343624,0.005236741892038025,-0.002250883978013226,-0.00044579454134705774,-0.01599039527646274,-0.028367919566364207,0.040132492733300204,-0.0029088320843577266,0.003137795830177053,0.0003252776317771798,-6.200785182009498e-06,-0.0014121641448326956,-0.0027151693112741,-0.0077700762902405095,-0.008787049131649816,-0.003514004495522163,0.002777667470303,0.00277148113096336,0.0024368799892642494,0.001207237987069631,-0.005508213962184634,-0.010989520346475582,-0.00036268589083003253,-2.4029116778398554e-06,-0.005661683805723324,0.0002208372531705612,-0.001510195150823453,-0.00186517343080064,-0.0008561961087734539,-0.0012527648905403235,-0.0002994097940249368,-0.046556400968848714,-0.07849183551168426,-0.00010219696427371263,-0.00016392041945889095,0.0026456379002280186,0.0038348695406839805,0.0038057171619489943,0.0426254651452703,0.0034386893572806443,13.042609779806831
6864,0.00019148026677334905,0.004209125473811352,0.05715730881721209,0.003231267346896959,0.00496825842315075,-0.002098675496187517,-0.01812311243751552,0.028434603259381373,-0.0006951010083488623,-0.019623827412836237,-0.0063448042943661615,-0.03387656212919178,-0.0033483673602509156,0.004739168030697616,0.09136043587672277,0.014458665547312186,0.014825056867561758,-0.0034072122251614526,-0.0005798874433074764,-0.00019285057346889387,-3.5248116517069927e-06,0.00019571662842213531,0.0019896416475283433,-0.003928094785736374,-0.0030897116694285584,0.00010256602844732848,0.0004346880235069151,-0.0008937058207296419,-0.0015256022350729156,-0.0018800104696302083,-0.0006659518913049729,0.0003072818395244648,0.00012386540258129935,-2.457838731525864e-06,0.00019577922939806723,0.00015522389748794677,-0.0011986089882891418,-0.0015935926509391095,0.0013637215740874616,0.0004627840792103402,0.0003228335779107927,-0.01355025454291171,0.04172039314242143,0.0001474826199332019,-0.00038130000425420376,-0.01687789931288146,-0.0011372086469527034,0.0087726381413869,0.0026970870626291006,-5.112505727321888e-05,13.042609779806831
20492,-0.00437195547319904,-0.0008985459361470061,-0.10895197093532916,-0.08932412134190575,-0.013622592693461706,-0.00428294294138704,0.09880988547109458,-0.015405280606297532,-0.00807597018704929,-0.013990150858293042,2.7573398785656056e-05,0.015332521279883611,-0.0026246080515632286,-0.0017839245516038723,0.21320947717603408,0.0071874064366708006,-0.04509451383094896,0.00019700210512439096,-0.004134395455825331,0.0006893399463345939,-4.550693533442268e-06,0.0001820662828696922,0.0028289332562311496,0.005761301806522398,-0.007232142078465974,-0.00039731079970411977,-0.00039477303788671813,0.00017572493026683596,-0.0009713396601131761,0.0007023034828756854,-0.0008489845341558108,-0.0012753525756427123,0.00042789928508260176,-2.457838731525864e-06,0.00010307820739510886,0.00022160139014595461,-0.0013436162091615752,-0.0015854495959567155,0.002891627941789502,-0.0037347109313210355,0.0006534249163273547,0.0795881742913811,0.08587138423378132,-2.8323829864349273e-05,-0.00017300483568224637,0.005541109809737419,0.0071393253347398185,0.005980957406537145,-0.020475482436061673,-0.020942563901294613,13.042609779806831
10206,0.0006742454079181373,0.0019962126187955155,0.04984655173259965,-0.020388876265388097,0.0034392674493906425,-0.0061648516596704015,0.11532483688050335,0.018869426782640874,0.005001063839308765,-0.02131191210981852,-0.00552040548020594,0.02965046583351195,-0.0023889360549492287,-0.0017551396258168503,-0.07673905957944988,0.012830383030358269,-0.002067027239300686,-0.007527204195187555,-0.0014348247598861199,0.001131328686624095,-3.5248116517069927e-06,0.0005593821817054571,0.0033019296433046286,0.002805302439727494,-0.003590699955363092,0.00046290123062674935,-0.0026196306141666637,-0.002545766359690959,0.007542395487754444,0.005369944986530795,-0.0019229823665544484,-0.0021750160257106945,0.0004098431669436012,-4.062527278505596e-06,8.244641731595171e-05,0.00013830687132182005,-0.0011353334908339957,0.002399913244556052,-0.0038359782091054377,-0.011988205898550961,-0.001432840810476887,-0.07868658730716031,-0.1078830393469384,0.00010016368625578302,-0.00017907524366564403,-0.01970756991052494,-0.00528734216389503,-0.01585822519968351,0.0007467121627886107,-0.005367031066645615,13.042609779806831
1727,-2.761235720419539e-05,-0.001935306222278056,0.08527375068591425,0.01902725329457134,0.01270729853942983,-0.004242593396976443,-0.013965588826427755,-0.01520765943200099,0.1708183727807866,0.019547897030059054,8.356073616066438e-05,-0.0016697691018424487,-0.0034769901417164807,-0.0002642933468245911,-0.19618290765654192,-0.011056971528315506,0.02996294786013578,0.0027039671657601103,-0.0008654484853064262,0.0002623881948009415,-5.61574043402633e-06,-0.00015621173079191416,-0.0119920336682907,-0.0018111067169902606,-0.0032138152201877865,0.0024595435043731884,0.008846746931603224,0.0021191927724847417,0.0013447167754332397,-0.004696505578523793,-0.000821026527949726,0.003857094587934245,-1.3052054630561285e-05,-1.7902542066512128e-06,0.0002746471385764115,0.00010896291115327314,-0.0016109629458141924,-0.0018473216019941827,-0.0011263558864995373,-0.0003049281479542313,0.00043376038658329423,-0.048531207333549174,-0.10645546646025872,-0.0002483472373029031,-0.0006800025232356121,0.003940399400411451,0.0068021595576110636,0.0031063276668021576,0.015353422697794005,0.005668814662918921,13.042609779806831
10010,0.0008061402773379188,0.0042283520030608176,0.041668731427626435,0.00700585380261292,0.007435172161910901,-0.00217888128569685,-0.01576092860711281,-0.02119555851985525,0.002657820005033257,-0.01156916673916073,-0.0021491641132521536,-0.020147224235215276,-0.0032918206585355065,-0.0009785041103991515,-0.0019430045797135785,0.015417873461071442,0.03210458078396403,-0.002149679351710004,0.002464544843471239,0.0005959177872092336,-5.61574043402633e-06,0.0018758540733141884,0.0015516797555940615,-0.0023764963982344815,-0.0032888414605228918,0.0027277244061786002,-0.003712580802515581,-0.00023661875110166477,-0.0017396736177873189,-5.314828444451468e-06,0.0015543845421960708,0.0002695224952835854,4.5659312467109917e-05,-1.4518482416225084e-06,0.00020032746189405472,0.00021631514977067898,-4.2550261479168156e-05,-0.0007656669428128013,-0.0009437427385958027,0.0007193162646428816,-0.0002597585550289326,-0.053553378299314426,0.04888535409928813,0.000390008731427096,-0.0005389002460898592,0.0036297052586985418,0.0013964961645127234,0.0048039714600034995,0.0034237054386221004,0.001190375936743244,13.042609779806831
15689,0.0004324274941451036,0.002461596233898706,-0.059817781990121256,0.008365584548792805,0.003913548956069805,-0.0019425361297400767,-0.013491200123320038,0.017944399904353533,-0.007699930594034533,-0.02518493274239939,0.002068940207564997,-0.024613925240804323,-0.0026394298842801114,-0.07133405058371031,-0.241701038786819,-0.02378412334396826,-0.0073146777554862165,-0.013221417568352302,-0.001250673039932934,0.0007033458418117362,-4.626459233421365e-06,0.0002553386951465,0.0016350315755755632,-0.002491899651680283,-0.003097683916544336,-0.0003567074389524735,0.0024184717124087996,0.0017492380657833575,-0.005009226334427192,-0.0026384335158776053,0.0022665243558911458,-0.0009074016879699516,0.0002064056840020494,-2.457838731525864e-06,0.00020725689157384113,0.00015760380297096996,-0.0017528129328555923,-0.005772354146651115,-0.0021484711992392847,0.00021891523279034294,-0.0005374568970494925,-0.08820067652628862,0.01563331804753585,0.0004778378189962427,-0.0005658531788160609,-0.0038389505449979043,-8.274364798676494e-05,0.0062935208961678295,-0.00868720133184626,0.002671299048247429,13.042609779806831
2334,0.0009558058630608348,0.007440771175393924,0.01736624939777109,-0.004224492277871094,0.0050471394706191955,-0.002342774961464516,-0.015152684770515899,-0.021680726042496334,-0.08286917592711583,-0.019016601141069372,-0.0007479202728289166,-0.03407240605323971,-0.003293233434604274,-0.0010758560455068464,-0.1760249244296439,-0.019725546544152994,0.010991642071214738,0.0002107320854721647,-0.0009656279140920109,-0.0005761951203652719,-5.61574043402633e-06,0.0006946922852244537,0.001882743257662627,0.0016820378860260058,-0.003297089983091563,-0.0008295727180034318,-0.003024404349384096,-0.006084750411786386,-0.012480444869316742,-0.003112473925484397,0.0016763598493913028,-0.0004965561683800972,-0.0011753395600638786,-2.457838731525864e-06,9.274029178224918e-05,9.176536115104374e-05,-0.0016286560759127646,0.0007131159590426871,-0.0020984097249583207,0.00010537493416683208,0.0006311580083339999,-0.08443282576620352,-0.08640718822481938,-1.529421767901836e-05,-0.0008188167230463824,-0.0009810358623038831,-0.0004513685758256139,0.008376086149928661,0.003095519469462286,0.00125354958112011,13.042609779806831
8234,0.002370742349116981,0.0040235968853995,0.023218878221677862,0.011709745358178208,0.004109321570765062,-0.0020928210545688216,-0.012729240154479122,0.02356969387160514,-0.004419320322318377,0.010907998894325366,0.001440917327779071,-0.03255338389603187,-0.003420463229366238,-0.002884483229639629,0.10763947400847504,-0.042676264776419504,0.0062512242535276595,-0.0040026037145696304,-0.0024008285608336567,-0.0005039841919620622,-6.809756164343423e-06,0.0002589134979401777,-0.006337260341710871,-0.00537625342452089,0.0028121230803155968,-0.0007619960360835031,-0.007585263590738769,0.0002789568286999685,-0.0020774498327600205,-0.0011791298715997493,-0.0033921643329234935,-0.001860468269008238,-2.251516818266954e-05,-2.457838731525864e-06,0.0002298580824708051,0.00016640642212388288,-0.0016692087550575524,-0.0009834993499409181,0.001498094518496159,-0.0022859387682410185,0.0004727636329325112,0.0776283032916444,0.10494059411101993,-2.370413010264557e-05,-0.0003527636219339029,0.004074016456863926,-0.0011607233402171908,0.0043340249749932456,-0.00304801369252382,0.0036429282945646736,13.042609779806831
20790,0.0014042093410776399,-0.0002219688294348973,0.06630312742708426,-0.01902037738951536,-0.0002523245008646188,-0.003528945023210874,-0.012833848756069058,-0.013758793857932302,0.18842596699813538,0.020238861305092434,0.0015516932716193245,0.08905817760560236,-0.003040631903019339,-0.0013910401098599999,-0.2821261400629531,0.0019057183343357334,0.020341877032669382,-0.009789565683082188,0.0004967471905701976,0.00020940864741593,-5.61574043402633e-06,0.000569424024650948,-0.0049004288831335455,-0.005164493156124285,-0.003319353285588096,-9.289411410098815e-05,-0.008073453074971976,-0.0017302382920138541,-0.0031779580952133383,-0.004307381599387343,-0.006813153776073107,-0.00010044490273106026,-3.816577185112108e-05,-1.4518482416225084e-06,0.0003362024180912672,9.913583318662879e-05,-0.0007323136178806618,0.0011579213820360093,-0.0015354685260686538,-0.0005566932011419261,0.001077634666384122,-0.08323037721866038,-0.12051672556016683,-2.0469308160278138e-05,-0.00028450954749147724,0.0009275107692287644,0.0012023046806786284,0.005180133330577968,0.009903452727716111,-0.006432905999289442,13.042609779806831
8696,0.0004353870956154178,-0.00931524725333394,-0.12516316946920425,-0.007406456012913175,0.0035802832305531747,-0.0017951224232965587,-0.013263737125463429,0.039831173081681694,-0.10395293287000275,-0.01329508588960493,-0.0019261096901216589,-0.016233744152415495,-0.002024278849644927,-0.0003079825704513931,-0.05863427571416923,-0.0012587429014131167,0.0004149221496566255,-0.00029686117911450897,-0.0030050425676862997,-0.001333145295184727,-5.61574043402633e-06,0.00023545853381749912,0.0011015091565292558,0.00501765055684095,-0.0014606294162866937,0.010428341214466747,-0.0030017173839520946,-0.00890731031338811,-0.001534346350664681,-0.0010346753796105707,0.002534248706439464,0.000570055902185535,-6.065032146031283e-05,-2.457838731525864e-06,7.867843999754082e-05,0.00012701610159507472,0.00963338952006042,0.003636622242895144,-0.0018994083826487627,-0.005780687383408335,-2.468736118239536e-05,-0.07258341631783184,-0.012097928571525642,-2.0908033932517444e-05,-9.026025226775196e-05,0.0023892127973929164,-0.006592557769604186,-0.009098048124594828,-0.0353518582207029,-0.0031009319427238494,13.042609779806831
17710,0.0024941257070821635,0.00018042555106479285,0.08424227321476532,0.014030758559526164,-0.003360747255017322,-0.0035243614332549273,-0.01598481786577444,-0.022375079814448376,0.18896543529583643,0.021247812975341285,0.0005204129513148182,0.021509329810388965,-0.003786060065315025,-0.0008590954240543756,-0.26475505259177545,0.010507118177669141,0.02979217391485317,-0.01484698969642657,-0.00011334364428922461,0.00019791044057672835,-5.61574043402633e-06,0.00022442342832644383,-0.00045041574726225654,-0.0031521292534952817,-0.0068912485000826645,-0.0009352361654855089,-0.006984973648479214,-0.002003077399978208,-0.002780878527556629,-0.005285042369305258,-0.009188737453278119,-0.0015995617861517283,-0.0009805220009370286,-1.4518482416225084e-06,0.00020219228106720257,0.00018275772593417898,-0.002118141573658541,-0.0009193525824659479,-0.00245536681103357,-0.00047209685119765476,0.0008423176035492342,-0.08669496368551595,-0.13000311164559683,0.00015864825383459687,-0.0003781104194628545,0.002107108476079587,-0.0021942652966455657,0.008642608988008872,0.010685207828677361,0.00025559628003609227,13.042609779806831
13931,0.0017190263005586225,-0.000508632403450993,-0.02328178801467871,-0.013528394960133486,0.0012038562629604968,-0.0016227548788119606,-0.008662316204671169,0.07619438485738092,-0.08243056232629753,-0.004002671304728068,0.0011196731402109076,0.015146515273346203,-0.0016275243181303179,-0.0013350743924089208,0.22098064914048088,0.02381638946790088,0.0026664063902846306,-0.0010583356366851756,-0.0027108286271690565,6.883919271830516e-05,-4.069659405336147e-06,0.0001884652775614796,0.0027308978430189567,-0.0031633086704530968,-0.003889801495073873,-0.00043773985894544513,-0.012174339516126842,0.001250780146090581,-0.0015258726819657288,-0.000604277278815497,-0.0010406741396524815,-0.0006905978791924032,-1.5727332237909944e-06,-3.654618188514535e-06,0.0001603772974298111,-2.482425567996484e-05,-0.0016149995714269574,-0.0011172085664413632,0.0026203050250008285,-0.00269168711074303,-0.0022409473837198234,0.1066296359975987,0.09159991273767733,0.00014596366022604241,-0.00014797314124950656,0.004681960445188443,-0.001718662510680909,-0.009767506653864489,-0.0018057517700152328,-0.004280252763697066,13.042609779806831
16450,0.0012188330092293919,0.005625496535602282,-0.013686563637364563,0.004466551859582021,0.003974166745057107,-0.0019049732257141272,-0.01354576716143523,0.026176661039415874,-0.0011254405381330866,-0.017767998895445145,0.0007764923526845594,-0.025039986214319625,-0.0027445940866853494,0.004506979947294487,0.037113975066766614,-0.014361494848356767,0.007124347802243653,0.00033577822594616684,0.0002312236559028007,0.0008414217839063536,-5.61574043402633e-06,0.0002546874492265577,0.0008784208369397484,-0.004617688714172482,-0.0044984154287697345,0.0008892908875741195,0.0022646465978613606,0.002532556702027849,-0.0019817042704766176,0.00034550423291884345,0.0019339436535265602,-6.114654952035512e-05,7.639823642084443e-05,-2.457838731525864e-06,0.0002700993590885193,0.0001240345732149723,-0.0008054867884673496,-0.0016394000311933288,-0.0006351742686354677,-0.00041771044140145685,5.976568168210022e-05,-0.0019626172482656522,-0.01460180504047889,0.00014557211902500923,-0.00029908140039569634,-0.0057356775707045685,-0.0015975272020376926,0.0064166719355619895,-0.0009351767773078988,0.003303764040193551,13.042609779806831
20452,0.004321806056585617,0.01734420816243453,0.37241714624728534,0.19161820756166584,-0.0036618045521039705,-0.00813434964463552,0.06897282552924043,-0.014140302084740802,0.5054558561162682,0.235532963192656,0.0024892648746496953,0.03580169061287797,-0.0022014563618370643,-0.004995604759305795,0.12178538459150703,-0.08007740631192764,-0.015108359426051541,-0.009835146007026013,0.009686992527219742,0.00040262078353971734,-6.200785182009498e-06,0.0014247365070223748,-0.026399325855540275,-0.009346713461628393,-0.008986764269520822,-0.004702672977824174,0.003523666018267511,0.004235106227416298,0.004344052278079152,0.0030752061723377283,-0.0035770454860072913,-0.005347664534961619,-0.002635124636266984,-9.998860491450932e-05,-0.0024330441841552953,-0.0002527021142722449,-0.0011170117242201563,-0.0016570938026010769,0.0013703265969923597,-0.003762119481660323,0.0015494933153923193,-0.0582245151979192,-0.09765082430678407,-0.00010495733233447329,-0.00016278145802448474,0.00486628019582383,0.007234757465972209,0.006324926167733406,0.08506826167918091,0.052155382732397046,13.042609779806831
5568,-0.0016472023801273195,-0.010084327651575704,-0.18500039564398685,0.0004621910944577853,0.004359135352963161,-0.001791180292916595,-0.012261597123316634,-0.02319526718515885,-0.17167715935568195,-0.036355809599368495,0.005299723989154868,-0.016435133247226744,-0.003653512411870039,-0.000641551848277635,-0.017548792185767464,0.04569785139622427,0.01250421772697877,-0.0014005218342980918,0.000689206802195193,0.005010885739940275,-6.099634249063436e-05,0.0009158082826727214,0.0012791641791968704,-0.00450759996133201,-0.00024116336973140746,-0.0017534271028579868,0.012821192651014177,0.03183022905804313,0.00491689743628476,0.009589397577083705,0.0007142282273187241,-9.921832105449728e-05,-2.5242136652221372e-05,-4.062527278505596e-06,9.244389043852749e-05,0.0005718341545307593,-0.0019330882191243553,-0.0020209424756347377,-0.0005128784782550572,0.0012691317826762506,0.0015942262547488826,0.055665724440820616,0.048515586871096354,0.0011589336181368594,-0.00013377390219357872,0.00863948782733124,0.003435472443301612,-0.0032200042474863034,-0.04756889433832276,-0.0011460139704059394,13.042609779806831
7395,0.00030762381015638434,-0.010927904419691681,-0.09693596801856463,-0.0055319859407632,0.003466552198587242,-0.0018092568580584814,-0.01235406977427635,0.03024148188507253,-0.09090306473018264,-0.00982532799969244,0.0013623583768857788,-0.02401690550769661,-0.002308820671885926,0.0012137881977064811,-0.12544117384451745,-0.003162222686941474,0.001305584686741937,-0.0018561138811700878,0.00020134743164185295,0.0019955246748752722,-5.61574043402633e-06,0.00033850804450214286,0.0014825354576978107,0.0006914762338317122,-0.0010369304042660446,-0.0003033321002893135,0.00498796710012534,-0.0003712522491546505,-0.0016922171678384085,-0.0013211682342008475,0.0014946816821655713,-0.0009911921830131492,2.4508285580136304e-05,-2.457838731525864e-06,0.00017663123366080697,0.00022034831321925377,0.0006162685457976487,-0.005717953378883802,-0.0027300158495792213,2.3256317400694888e-05,-0.0006204370001062178,-0.05783475442569893,-0.03025527813237105,-0.00011847033825828431,-0.00017801235356131877,0.0020127874636794376,-0.005361783108355413,-0.021884269486163694,-0.02749103130570435,5.883827929680915e-05,13.042609779806831
16039,0.0004072473754443711,-0.006221328362169147,-0.0030880350128976142,-0.0005005102706728641,-0.00248666658462076,-0.0026671415845744193,-0.015851770301153638,-0.017764809428816728,0.18045334822303663,0.014405341340687394,0.0006974434896081285,-0.0003075110030381611,-0.003702771078271908,-0.05938523036851058,-0.23265475984752432,-0.014325418001663221,0.026083716785753924,-0.009652256630500376,-0.0008088141693298463,0.00017985704054888132,-5.61574043402633e-06,0.0018277655442570449,0.0019339057726270985,-0.004503496685192114,-0.004812144868756921,-0.00012206404914520153,0.0007432482280354343,0.0004945944810319058,-0.002887815811482349,-0.0054821944953893625,0.001780357652684907,-0.0021528941425832254,-0.0008560599243207,-1.4518482416225084e-06,0.0002648198530214278,0.00021273224526905936,-0.0018234079501983514,-0.003185116005216195,-0.0011732084514845234,-0.0005638427206757254,-0.0006783551012725957,-0.055124522807150494,-0.003063754784609147,7.81429732191491e-05,-0.0006646666729942463,0.0023227038056697577,0.004180365201571937,0.006366269372941684,-0.007864026171409999,0.002602479051152165,13.042609779806831
4428,0.0010287079929011196,0.018371042875997976,0.274296961282065,0.05313376790563147,-0.0013873793308463351,-0.0060466295522991756,-0.02386450158110178,0.01749151332302791,0.38569678762661114,0.10893240709362768,0.0016044375411866177,0.009084461417491595,-0.0028163187799821036,0.009730245914197647,0.14340629601984936,-0.06343937016476284,0.07738905748271785,0.007625534724136163,0.00047011262469796465,-0.002353573179514582,-5.61574043402633e-06,8.120551390157011e-05,0.002542353020992108,-0.006256633503282376,0.06118262236712697,-0.0004833271207366591,-0.0018976081805752033,0.00642437544705219,0.0033121925509057484,-0.001775865613982513,-0.0004660396764733254,-0.00015080645270318155,-0.00043226784954890184,-1.8320768237968243e-05,0.00021658910353543405,0.0004093345880270427,-0.0005542693431120323,-0.0009686373766013013,0.0009948271222731645,-2.829696978317421e-05,0.0010733154247400086,0.11909416372420502,0.11585841960272195,-2.060572411556139e-05,-0.0006705119110698072,0.006820988013454492,-0.008242063264550771,0.0006933755546983282,0.060825530902281245,0.015362325643752322,13.042609779806831
13125,0.0005286136873841151,0.012370713646954804,-0.029459190170371543,-0.018202062173690983,-0.0017281065580379061,-0.001990102722494968,-0.010483135455946561,-0.017505194864279337,-0.0832846928235069,-0.01076116999505621,0.0005462335530919698,0.004890684286749113,-0.0029090879811448553,-0.0010262534240190484,-0.18382044863670505,-0.011710713548657055,-0.009820658132222609,-0.0076193545289187465,-0.0009287713631628569,-0.00017332618120020335,-5.61574043402633e-06,0.00037092044898681285,0.001007462124779866,0.0021572824711602896,-0.0014796311505636411,-0.0002667988336984516,-0.003578827826307815,-0.008644311545858733,-0.0072535957361527775,-0.0012662402126369008,0.0020886701169025856,-0.0007648356716820467,-0.0009947212690483657,-2.457838731525864e-06,0.00014976968574816822,0.0001729257518867433,-0.0014263999073502835,0.0009001634392917259,-0.002963345653787122,0.000165836380181834,0.0008911348404565284,-0.08029802598856282,-0.0946621852570547,2.522201738751615e-05,-0.0002609389559714323,0.0011754188065138027,-0.0009561992548041563,0.009065603167534004,-0.0023230552898691435,-0.007326637711062181,13.042609779806831
1178,0.0004606480305270836,0.012671156269961462,0.16953240784619292,-0.006390460804352903,-0.001113200984844125,-0.004340283945899061,0.1449414125044556,-0.021146532180513062,-0.11148765062972911,0.012232602971510815,-0.008839167669223404,7.028594099686158e-05,-0.0034750314351748236,0.0022755901109367273,-0.19505760845297426,0.014326461217484413,0.007221086288854042,-0.0062482215720549026,0.0001303239565723565,0.0008497088397006179,-3.5248116517069927e-06,0.00033199319069446314,0.0012295888898118028,0.006151174182685847,-0.006404794348529063,-4.194742469207615e-05,-0.0016248919490394792,-0.0026620241741209475,-0.005236319418367463,-0.0011552363205334709,0.00024050711280125376,0.000810132237400367,-0.0008055242004441162,-2.457838731525864e-06,7.092806924310399e-05,0.00021668952357744315,-0.0014451368919093906,0.012041045248217813,-0.000994898542906619,0.009822486872952908,0.0008383891303224229,-0.06796590012840967,-0.11504946351712826,-0.0007401304762817145,-0.0004206425107016368,0.010322836070704002,0.0033484356354446174,0.006304098556740983,0.041205450955119204,0.0002103453922806435,13.042609779806831
20601,0.0003362315998800052,0.007101665815115688,-0.038883578412840195,-0.006537215820191971,-0.0013462735761688204,-0.0017501758993047206,-0.010159782134068866,-0.017559372796235432,0.00896446316584408,-0.01689829782192808,-4.751706371531324e-05,0.023602551834391236,-0.0027857503599811708,-0.002321397852440689,0.06419010873402707,-0.02314637011778368,-0.026002505766109116,-0.0020767847340271064,-0.0005830489881877586,0.00023796359834256977,-5.61574043402633e-06,0.00016896183301804403,-0.006018618766576366,-0.012377121953497348,0.004092009291720533,-0.004600393631076337,0.0025427608067309913,-0.0008665845802634351,0.00010407476609965871,-0.00026626984870618885,-0.0008112483769513485,0.0018008208897575407,-0.0002595460452975054,-3.2628463888164725e-06,0.00028120477118904477,0.00022999927754267262,-0.0017088032153555544,-0.0012379856916915274,0.004681140922329073,-0.003390273317079454,-0.002285989215431951,0.05798339094166435,0.04022122787713042,-2.6431811138285257e-05,-0.000287256667314466,0.0035596434345633917,-0.00032008773639523216,0.004469842407657815,-0.004781414969119148,-0.004334427310075388,13.042609779806831
15129,0.0018619256662716116,0.0067955103447206264,0.09625690298020419,-0.02777424977022879,0.002415074531989636,-0.0017523886286353045,-0.00984737792350549,0.07347980957672777,-0.08575474844908015,0.0005676475661223353,-0.003070363261092341,-0.0014507285181629397,-0.0024580507626357703,-0.0005988200608431129,0.2069908674867214,0.0068916939448336574,0.00770619953412491,0.002640973262580522,-0.0006476736625299208,8.86761352833121e-07,-2.8314705892589967e-06,0.00014085429241680826,0.005597090576395067,-0.004047329750099064,-0.004905301055270173,0.0006031374829242453,-0.006832279861711932,-0.00038997499002442417,-0.0007677809485464832,-0.00038253908411873925,-0.0015870067555203134,-0.0005097512480020452,3.971356636521729e-05,-3.654618188514535e-06,0.00016117286226245955,6.697712159270489e-05,-0.001289204597635556,-0.0004952873702625464,0.0008583038498011166,-0.0023676030042343896,-0.0006461633323939377,0.0915293063912664,0.11364819759881004,0.0001534046047268405,-0.0004528805104873824,0.0004875653532125521,0.0021118241905999507,0.006935993670958289,0.022681247552864,-0.012952140959565966,13.042609779806831
13338,0.0006576755123693979,0.003293303288609603,0.03428256701268602,-0.010846472361175082,0.00525875550473451,-0.0020217856936266113,-0.012793025367246757,-0.02929023092645278,-0.09195539790525153,-0.013664114267138847,-0.004483180997413941,-0.027596015647896124,-0.004191093692963591,-0.004291222312816929,-0.12909033553124302,0.0073473622355635666,-0.034659133192158804,-0.005971713747883909,0.00010594499764370444,-0.0003533301641223416,-3.4489312137080308e-06,0.0003592485183531829,0.0017731466010934376,0.002901372105830437,0.011891522970778308,0.00023347268613435368,0.004805900032902345,0.002104280585059944,0.02500376628735424,0.00015350382518901937,0.0005682667116063648,0.0014439164275747503,-0.001211466893669923,-3.238900849235783e-06,0.0001674778246984006,0.00030037783255286156,-0.0005181085516280795,-0.0005639648953540183,-0.004211302140953455,-0.0004431075098080714,-0.002144115510909514,-0.03767395087633108,-0.03988783737309851,0.0005739511099256528,-0.0007464886983032617,-0.025616248090595217,0.00484765248560344,0.00397485108100817,0.009365302554613522,-0.004334706696882143,13.042609779806831
4240,0.0015953108676168269,0.007887277059099744,0.13067665167469017,0.02139515194149643,0.004122577988132302,-0.002304938954651417,-0.017951766537391507,-0.009252980717556598,0.00919746882929519,-0.03572988373795532,-0.018728494810972794,-0.02344473647743773,0.08672114453954764,-0.007412711144914763,0.05321763127724019,-0.04010142418947825,-0.012510871197141728,0.0011530578348070998,-0.0012946432073566055,0.002101592925505166,-4.007220822214023e-06,8.625546529384837e-05,-0.001905302970900372,-0.0038827482903249417,0.0005058514625944087,0.0011383031859419613,-0.010917327675096468,0.0023732049281544186,-0.002408631086767631,-0.002295325004727856,-0.006262438541816271,-0.00960746352165078,-0.0008661494402013944,-2.457838731525864e-06,9.874784991746821e-05,0.0001058805644049962,-0.0016132416161971966,-0.0006657346493844586,0.0027800807288558328,-0.005099137650056466,-0.0003531263602970986,0.05971129475124027,0.09652958120977431,0.00016433814414543575,0.007059567180079353,-0.026713324480149587,-0.01449322204176189,-0.018763527834370537,0.040537673045333684,0.007529669500397463,13.042609779806831
13519,0.0011807305582547606,-0.02028488410400397,-0.0734546300701131,0.031422891260860855,0.00352881586083815,-0.002156535727669474,-0.015482093364951773,-0.039754911205701765,-0.23364680497501675,-0.007369233561142248,0.0016840447553559668,0.002368458614115546,-0.002959987288285281,0.007030082944878689,-0.12124448697207577,0.006112745061456916,-0.03709340585127714,-0.012664554449211163,0.0017350686575464708,-0.0005588334332544491,-6.115997062367551e-05,0.0007858957000728883,0.0018596456054402767,0.0010603581236487568,-0.0032894314674834333,-0.0030547449222209076,-0.008007155472628064,-0.006316993592796337,0.00038576403884764155,0.008430851055524968,-0.004253778252578929,-5.224782665388732e-05,-0.0010357827277679699,-3.654618188514535e-06,7.781540821711007e-05,0.00018792306284081808,0.001757820907864373,0.0022674699797381815,-0.0033466552169822885,-8.504796830901533e-05,-0.00035981692630721556,-0.0872724393384072,-0.11019653797337588,-0.00015432554369637581,-0.0003797305410289896,0.003712001636216464,-0.008767117567154445,-0.021037380437904443,-0.014948565858887774,0.0071986451887846945,13.042609779806831
16134,0.00012529972329062476,0.0007416923710987342,-0.020475257638664358,-0.006593007516952414,0.0029765499552715236,-0.0017175878621662323,-0.014015945178799546,0.01864278698417413,-0.0015692571193003568,-0.007576085663664493,-0.0011031164769080312,-0.031020699881059773,-0.0028827662424911276,-0.001129665950310278,-0.17188220644252503,-0.01233515097593743,0.017230653694273308,-0.005727616741971454,-0.001446858830801052,-2.119065187470383e-05,-5.61574043402633e-06,-0.00047072381106932264,-0.0054596769630096695,-0.004949501410793926,-0.0028445689254100776,-0.0007902342420444461,-0.006855521654552459,-0.00344681948593256,-0.0055935593636713835,-0.0021863170404535716,0.0014460324981407557,-0.0010274841280186013,-0.0004755505387596398,-6.440358901335884e-06,0.00025229079111399686,7.150285939550813e-05,-0.001956000351653435,-0.003548285976201092,0.00010539330464924383,0.00023597466526447007,-0.0008242947304983542,-0.03741374712800038,-0.03290655268144286,-9.344165580446344e-05,-0.0003204249839178793,0.0012759059155335241,-0.0014489381225059107,0.006237361106056093,0.00190581489779318,0.0008131715414561047,13.042609779806831
3179,-0.00445693847554766,-0.009579694071324545,-0.15710767941420772,-0.007330096788307755,0.0032022982186696936,-0.0014595715663309082,-0.009170244252007447,-0.019391947436150882,-0.0968006906289847,-0.026730629403846122,-0.002007255814422497,0.04098222232944422,-0.002597428023429127,-0.0025918060322129544,0.23514407232505877,0.02914013397235255,-0.027441325008881037,0.0039448629476529365,-0.0016983387337542438,-0.00019164673125244275,-5.744850035126559e-06,0.0003156799353080216,0.002514591077769604,0.005192256779497527,-0.002151761325673256,-8.784792647574108e-05,0.00010568762945310935,0.00042110501260920693,-0.0006927665170341165,0.000484450300084321,-0.00154877971605186,-0.0009389764038489475,4.894255943153806e-05,-3.654618188514535e-06,0.000147412200573252,0.00017608753155569243,-0.0016239692220069567,-0.001410435726641711,0.004213907555544208,-0.0010797437112901416,-1.944909995515429e-05,0.1260743297291533,0.08919449119230985,-2.1865994270094572e-05,-0.00016235611653335813,0.0028734475310111776,0.0001902027088626872,-0.004070069521500247,-0.032340654970724234,-0.002003323868196876,13.042609779806831
16080,-0.0003689668778871248,-0.007769371421614403,-0.10687218332312245,-0.0078031607295102135,0.004151458270453363,-0.0017130898446850857,-0.011645939806446213,-0.0435771595929478,-0.17148143684585687,-0.013275304169030732,0.005428524761887295,-0.011797677858500282,-0.0030359493782335903,1.1657230069344571e-05,0.16066855671100158,0.02157661085463011,-0.005239365435128046,-0.0020294667375316527,-0.0017431811623939452,0.0003720579773916244,-5.9596638945203255e-05,0.00020733853064371766,0.0025665979342365816,0.006270863629853294,0.0005467522421018193,0.018807365885937812,0.0033283652433081126,-0.007522528153431488,-0.000480593755632986,0.0005775016113189151,0.005842794239607957,0.001226065992010496,3.064976967407413e-05,-3.654618188514535e-06,7.691760343386536e-05,0.00033932849881743453,0.006542802542771749,0.005095975597366409,-0.009692509759294551,-0.0023982294273228615,-0.0013226486222735838,-0.08770226652355155,-0.017660188094956744,0.0007946376963493381,-0.0001624583678862577,-0.001079318516486425,0.0031209419603367835,-0.009500381415331207,-0.02971355727621523,-0.0010807307167362613,13.042609779806831
20116,-0.010669245831254457,0.002133749790747681,-0.1220532239141007,-0.09249650463180929,-0.0018338214038768315,-0.0015440619313323862,-0.011403986195650872,-0.017381937847124287,-0.005244813024421439,-0.03424576202170075,0.004480690069664711,0.010692185781020424,-0.0025334603449018397,-0.0032673331364970934,0.1263926685015247,0.019953077678157884,-0.02616848073628723,-0.0017874590754378523,0.00047104031570737755,0.0012309972339982767,-3.958568243759943e-06,0.00019943250336655795,0.0014669605663195874,0.0024945794648779584,-0.004167759286443782,-0.0004006704511434244,0.0011661345740689624,0.004892369618713163,0.004457913251986237,0.001627235391510234,-0.0009342076184928614,0.0007867363307507085,7.668875241224183e-05,-3.238900849235783e-06,0.00015083254875136937,0.00021248493053129523,-0.001029782219440176,-0.0031343744663345193,-0.006104918291828506,-0.0002578290201646363,-6.416724993107234e-05,0.06914256882809712,0.04402107325642896,0.0001340911272321343,-0.00013640338011865758,0.0030915826814466884,-0.003382600358019624,0.0009057257787346357,-0.03875298684965334,-0.025501468238816695,13.042609779806831
5187,0.0016949992346620688,0.001561294815087582,-0.026333643059379578,0.0010938869330317433,0.003146006903365802,-0.0019367766628870218,-0.011175480426668737,0.0747779971041184,-0.09027349277327758,-0.004396037704313727,0.00031472422789095644,-0.021833252076763662,-0.00206375934247154,0.0077855748374758655,-0.12879790124993906,-0.01989869799781884,-0.011423624351157935,-0.007366720590326271,0.0007062383148021594,0.00045642280536689503,-3.575120445353126e-06,-0.00015785623196058632,-0.0050787527875422725,-0.0016394945783937602,0.009292123072389663,-0.0003314877200359944,0.0028804479318423866,0.0004616798635042751,-0.004683856215250746,-0.0014341538663443182,0.0027758750989748645,-5.4164593013733325e-05,0.0011882124838121795,-2.457838731525864e-06,0.00017488352061641,-0.0002145129799254031,2.1992797240213742e-05,-0.0009220832722626664,-5.477098507613231e-05,-0.00010997066253000603,0.0008186861026111974,-0.04678394023629467,-0.03163316030095629,-0.00012296634763820432,-0.00017199157902093176,0.0009031589885392394,0.0026422248269050066,-0.01386583783331748,-0.0018477796917040407,0.0031464731826633258,13.042609779806831
4229,-0.003985980765259071,-0.010553840935877325,-0.14365551572146706,-0.00014660995953636694,0.004865405886671498,-0.0014800024698023231,-0.00944630330148323,-0.019780747211511265,-0.09972809571632024,-0.025835330722623107,0.011463554310573248,0.004263729020869462,-0.0027597801678406315,-0.0015416635989411362,0.0762573842064891,0.021039474835641784,-0.03421219669543147,0.0003352760720262096,-0.00443883947281174,-0.00014925272425314427,-5.744850035126559e-06,0.00022154318878695923,0.0013559162505259283,0.004546510070184358,-0.0036807133997657326,0.0007980307915655371,-0.0005351054665206344,0.0030960686653629214,-0.0007751496700537424,-0.0003525916417250156,-0.008511257908427588,-0.0028257097528443516,1.8738226098693156e-05,-3.654618188514535e-06,0.00014673615835212372,0.00027870843243567957,-0.002059255205785851,-0.0015216119880941596,0.0014037844682090745,0.000362708300814414,-8.026393987020905e-05,0.10405737231971052,0.0760136286890739,0.00011865471865072018,-0.0001575636645714985,0.006984241222379125,0.0016065749462884713,-0.0008147182361507789,-0.03503381671965887,0.002557372257705914,13.042609779806831
14995,0.0006355443222349701,0.03051172154171708,0.28076846660846433,0.10577959870376023,-0.0027344812878048884,-0.010253936458041084,-0.022499081516741695,-0.023045423590125985,0.41478638527508693,0.08329344659658867,0.005147312414578997,-0.006796235212402378,-0.0027021999627205705,0.0023628475898135296,0.033229292545251456,-0.029977456279498944,0.0636750344329923,0.00797366034526695,-0.0010267556687007559,0.00022126749931896522,-5.61574043402633e-06,0.0004302904479059616,0.0033178401685825354,-0.00170422010402042,-0.02832729144000413,0.007398404749662921,0.0021897214533641313,0.0013457978865160012,0.0007053333828362661,-0.0015685435435283549,0.0038939088304529414,0.001873803756774011,0.001626815631573709,-1.4239233494447913e-06,0.00017349034525518509,0.0019096438938313953,-0.0005299339191304838,-0.001194230454327974,-0.0009767022108506979,-0.0008895853487232441,-0.00030290886409613114,-0.046342045826927046,-0.001736597480270306,-0.00010111100473100919,-0.0005645665489769148,0.0035290802494906976,-0.012851728935011275,0.01192914395036369,0.07179680017406852,0.029678364623789692,13.042609779806831
2360,0.0007656785144002803,-0.016517209124313703,-0.16214850074012488,0.00010600154939958989,0.003599189853337322,-0.0015443124349668717,-0.012514314143202835,0.07830256683003582,-0.09202057192185331,-0.008209485827144454,-6.62096017700474e-05,-0.025511453976921863,-0.002131621740737704,0.0009420412116669578,-0.22149501794943158,-0.0077275161718347056,-0.025801841222461958,-0.002553341896272985,0.0012912263588402023,0.0008198531311702084,-3.497794023262894e-06,0.00030330426827225934,-0.00017640706290822275,0.004548573388808259,-0.0026025450914014536,-0.0008586827910631448,-0.005662670173170259,-0.006095949285331419,-0.004316217754792415,-0.0031887095083015745,-0.0008806282844972468,0.0005641712048651314,-6.168471062255718e-05,-2.457838731525864e-06,7.544446642449079e-05,-0.0002555232109662398,-0.0017246771543670892,0.0031393911672326275,-0.0017955836605415064,0.003924398314251035,0.000757874602844736,-0.09069090956766927,-0.09796616520669814,-4.327187080437076e-05,-0.00023450469066301538,-0.00033790066548642137,-0.006280293611519175,-0.013988598384716342,-0.039188488383871664,0.0003371929233100655,13.042609779806831
20187,-0.005275156255581958,0.0012056208045145974,-0.18903692379626572,-0.08093180191635296,-0.007335314970886444,-0.0014588419891652308,-0.010246663782426793,-0.016686275695210633,-0.019292666940901055,-0.0345941441302546,-0.0015815364655838156,0.005207728999436706,-0.0022719850984421323,-0.0019570944563201296,0.1807830099597636,0.028593640951753097,-0.030838745258728942,-0.00316106293758961,0.0027720926373133907,0.0009442440761805214,-4.035686390516079e-06,0.0002472305512716442,0.0017210351923424582,0.012516346244767407,-0.004634515329966909,0.00039872600693751097,0.000759161588510743,0.005012305572776244,0.003351776904727729,0.001433099673765019,0.0027825195452643365,-1.393142810614991e-05,0.00013257433482506226,-3.238900849235783e-06,0.000134076887352696,5.214536332299417e-05,-0.0012531898902073233,-0.0009977100019229134,0.005127172536763741,0.0002786411914845978,0.0003257411103596775,0.10217347667280909,0.051169588775981864,-2.8323829864349273e-05,-1.1707475131525529e-05,0.004804910409344509,-0.00506335776021237,0.0010766917424095742,-0.04317612696697781,-0.023370835745880482,13.042609779806831
13788,0.000359738731701306,0.004566205801703877,-0.10805309436419708,0.006822125443606666,0.004573191166457357,-0.0017419777383074285,-0.010734438936580291,-0.02611989770445827,-0.089485172584031,-0.015093315007284294,-0.0005452544555877924,-0.02530137304226288,-0.0030306234172917564,0.003535677596029377,0.0764268337567788,0.01828679720173953,-0.011004507304876458,-0.0037912546266810083,-0.0005206165086241007,0.0001191718181989236,-5.61574043402633e-06,0.00021280688653329134,0.001293370875440371,-0.003948228392316464,-0.0037776758268088235,0.000787155979009072,-0.00026143657762952,-0.0017417844824599736,-0.0011568462166379908,-0.0006741602821484455,0.0005125226491404726,0.001732957403909922,6.155026722854113e-05,-2.457838731525864e-06,0.0001621387621244026,0.00024290183764437396,-0.0007583225814003968,-0.0011256515237063358,0.002771944965553905,0.00010445788950221416,0.00019231695822887,-0.01303271516645079,0.040770417804279306,-2.370413010264557e-05,-0.00019318140174466925,0.0018075895105004974,-0.001833623233062738,0.0031168348254542884,-0.032177649521101796,0.0018633228043534538,13.042609779806831
237,0.007729124824114069,-0.008932415967912222,-0.009149670387000194,-0.016712495048748947,0.0023629130231967443,-0.0018724227715724486,-0.01363757947252412,-0.02235506868225021,-0.11637508779879592,-0.004177298873878609,0.006349043075083927,-0.013351598461451621,0.047375373299631277,0.0018749533595159968,0.2029308496333061,0.007557756305179537,-0.027002035830327786,0.004339017455022473,0.0008311332360716892,-0.0005045095531549818,-5.61574043402633e-06,0.00021842574674019543,0.001956552441992125,0.00917203646375546,-0.004685445061394729,-0.0024135956031649053,-0.006462137238490245,0.001730517549665349,-0.0002473207033521396,0.00012597488021731583,0.0033728573922103757,0.001192232927609192,-5.21381811743177e-05,-3.654618188514535e-06,6.509344601771795e-05,9.153481208815204e-05,0.0013173712404138103,0.0016099121134081683,0.0020771033100021093,0.006017948698418787,0.0003710384877056397,0.0706456012908969,0.04971042990723337,0.00013212927819638334,0.003202445952631804,0.007141882341094585,-0.009882280856486833,-0.011733528810095678,-0.007062876430264195,-0.007623048864520286,13.042609779806831
6841,-0.0005753221313922893,0.005847408091614027,0.1744134220939324,0.008371341348658485,-0.0033332998366914167,-0.0058004820466487205,-0.016107282535584237,-0.018049175556202984,0.22950133118162863,0.056796174565455805,0.00017379279560888496,-0.0019175004719753901,-0.003217865332547252,0.0022988570498005574,-0.025437611063419418,-0.017984284776571456,0.04156852744507499,-0.0041236365140748035,2.6856705005815508e-05,0.0002351999018913593,-5.61574043402633e-06,0.0003350914406313535,0.001374603608341642,0.0017260648901734005,-0.004739967270727354,-0.0007117055693066006,0.008790589732550196,-1.4931885885494093e-05,-0.0013864143119645927,-0.0022203407047056535,0.0020303903616921905,-0.003823673773937776,-0.00024141812541657589,-1.4518482416225084e-06,0.00024753203316247246,0.00022094172136505783,-0.00045724765824426545,-0.0017074295698104175,-0.0016543579078073158,0.00074761941336567,-3.8912791485651856e-05,-0.036137839734869594,-0.07206431134683464,-0.00010111100473100919,-0.00025258278521152807,0.0037567284434559312,0.004358167678334794,0.002824270623785969,0.0477647036163658,0.002282707163663,13.042609779806831
5329,0.0008246379211248829,-0.000847210185317042,0.031178597546933667,0.05721074814967881,-0.002269093744118487,-0.003100571390571279,-0.015413806565825444,-0.02304239825213524,0.15583492663964654,0.016733123332422252,-0.0007030773476392666,-0.01895940550899177,-0.003072208220216224,0.0006166926051279662,-0.0217248692805606,-0.012201345643820421,0.0252523418382657,0.016912644653106507,-0.0006658125756711143,4.477165352530468e-05,-5.61574043402633e-06,0.0018360519894100832,0.0025120239411254696,-0.00284906298629921,-0.007795623003756771,0.00047999420962288684,0.002156528545667482,0.0010797615938123518,0.0005630822184932516,-0.0004989243126431693,0.0013178084022166527,-0.0018707677181664742,0.00019862774482624546,-1.7902542066512128e-06,0.00032620176557032917,0.0003910409806180621,-0.0009297869423881381,-0.0010814981667619681,-0.0007482847559251009,-0.0005257255301178117,-4.406371875067832e-05,-0.05085781399225662,0.013639601847489777,-8.898250818523854e-05,-0.00024056710733667271,0.0024849443886879397,-0.0002600983641107576,0.004908978816543969,0.013501557034830637,0.011889224234000876,13.042609779806831
2640,0.0001331888306801429,0.0010770022298602344,0.053066992306065576,0.008439728407994918,0.0041149352793598114,-0.0022226125523377434,-0.016438533925691456,0.02262404487973619,-0.0028625849796558613,-0.011434817876057376,0.0026778280541678986,-0.03411480112756252,-0.0034733246534456876,-0.001061479303611625,0.16337566916507704,-0.03552810468750108,0.03798686173165822,-0.0031323819735408704,-0.0010257047705991193,-5.892404218900544e-05,-6.809756164343423e-06,0.00034991008769403567,0.004023691776339358,-0.008160432534560542,-0.0015412436976374219,-0.00036174431187069946,-0.008979753322798543,-0.0007288521346680604,-0.0017317187206864406,-0.0022326067916863092,-0.0023736218592094235,-0.0017092717421536099,0.00016477978207104068,-2.5782456438389804e-06,0.00015808002222893433,0.00013072982585744257,-0.0012427217268267028,-0.001389024423361224,0.0009088440080649246,0.0006935748125008612,-0.000124305319400775,0.0629032829501545,0.046601830356813694,0.0001474826199332019,-0.0006048787541131385,0.010096147357938682,0.002629936851883938,0.006365685976249113,2.956807110526283e-05,0.0044793103112855314,13.042609779806831
6691,0.005005995879469608,-8.93447780666131e-05,0.25626966064646656,0.15779218834001016,-0.003113756088990528,-0.007124436462321988,-0.023541292232941796,-0.01460090917460969,0.5197956456039355,0.05489414445328697,0.006274929618857348,0.03652097051072351,-0.0015267468111598097,-0.0005610223140779167,0.06758339060730176,-0.06616312262972061,0.014344609476533774,-0.023621021773006252,0.005629624338655937,-0.0015511792443464569,-5.581125389967299e-06,-0.0017860551197661813,-0.006601925197872219,-0.0016447540497407862,-0.025642940685617833,-0.003667395009895127,0.0073743453768171895,0.007168570918584339,0.0031525784159381074,0.005446201459004837,-0.015306919165589447,-0.011099993082643022,0.00044396706529309214,-2.808478326266928e-05,0.000265183282279402,-0.0023424247486392735,-0.0009919482803982603,-0.0006803571725586639,-0.0005758160691049938,-0.0010688225981763315,-0.0009552930483706447,-0.044507860125894,-0.05265109830163313,-0.00012324993289016025,-0.00016089370143879112,0.004188877248414885,-0.0017716199970622185,0.004529247280858904,0.058205908475177884,0.03817918103861163,13.042609779806831
3013,0.00116473362679204,-0.015980255927424063,-0.18828881369040787,0.0013307934961039724,0.005303966981068594,-0.00171954114944775,-0.011748630600083248,-0.027991763734495623,-0.1607404466438756,-0.012099164845661054,0.0012173909662124966,-0.027687009047156416,-0.0036981216920858786,0.00040742116186668237,-0.18879742115091153,0.002404213295115848,-0.007263736748882529,-0.005628577604984929,7.732119755170819e-05,0.0012249051740517208,-5.9596638945203255e-05,0.0007265483997222076,0.0007848047985045557,0.01704021853911242,-0.0019054970056969086,-0.0015645615155553173,-0.005057138959505457,-0.0076523037177527765,0.001010148491266627,-0.002641247087547607,0.0005792192587643036,-0.0011509846508329575,-0.00029718800017096246,-3.238900849235783e-06,6.728128594048255e-05,0.0004814469363146439,-0.00021194758731018696,0.003477704256358626,-0.0032017224544903422,0.001881454235919368,0.0008226069798205304,-0.09592964044244331,-0.09528617140042732,-0.00013497193388181984,-0.0003638695954890811,-0.0015252992223444908,-0.0017850662252862546,-0.011216457922069791,-0.04703614140586522,0.0010207469272515203,13.042609779806831
5478,0.0011005011048045488,0.002755891767939331,0.05585413899789752,-0.006405724322805849,-0.0010229948094433808,-0.0020302091723318817,-0.013187842799944187,-0.016441486836307043,0.00226752076227742,0.01352026848965613,0.0013940918037022893,0.02220669518364375,-0.002943082515665856,0.0010772320497913607,-0.19843025342132126,-0.0011738722955490723,0.026672560374010786,-0.0075834779083270775,0.001504859527905034,0.00032397418222633145,-5.61574043402633e-06,-0.002646488548496855,-0.006381252021344491,-0.001458562402224081,-0.003371293782992335,-0.00022592470463054276,0.00373010597104211,0.003688800014928773,0.003010908797593632,-0.0027338668718489972,0.000628438720879413,0.0005654609255221093,2.6433613541101973e-05,-3.2628463888164725e-06,0.0002594124376776341,0.00013039351414415224,-0.0017168409274646022,-0.002425291847902827,-0.00030230153881947275,-0.00039404252136152935,-0.0004380932373342035,-0.05602583535230262,-0.08575653137844862,7.865147808438326e-05,-0.00031729230844214845,0.0013206337562213638,-0.013208848476983726,-0.012153347442817382,0.005712338333664814,-0.003255266233526863,13.042609779806831
3309,-0.0027214870793612444,-0.012424002442615815,-0.2445913508479044,-0.06420428103497003,0.0034195172625337577,-0.0016143757609026314,-0.008979588861975071,0.01607077259071222,-0.16288485131356037,-0.0810133027120601,-0.0006894079137719719,-0.005465551467513524,-0.0023412380162142377,0.007625271307461292,0.20600959172919178,0.02580805134640141,-0.025536534179008377,0.0015407645287631919,-0.0002647996011743121,-4.9376392529742796e-05,-5.9596638945203255e-05,0.00017332437886350527,0.0009107071251858419,0.005988091652529344,-0.0022860057215674306,0.0006054703223078889,0.0005697655848376537,-0.0006999056117956725,-0.0006240334628493638,0.0003433866818758754,0.002395218212107827,0.003548074583368183,8.292884025192292e-05,-3.654618188514535e-06,6.122418384673152e-05,0.0002927442923088757,-0.0017704405854127826,-0.002001437374374706,0.00022804013685178505,-0.0002639306626443391,0.00015482319072966216,0.08554499452181955,0.05960246936572676,-0.00023536274593466367,2.4731193272559572e-05,0.003856827704853925,0.002159228986605008,-0.006246038869441643,-0.07751877931478507,-0.021654950806082485,13.042609779806831
7958,0.002500576155623244,0.007740796606991709,-0.11955727731577015,-0.004632349490674918,0.004259890648732891,-0.0017507660390037694,-0.011343514533133179,-0.01255471972337763,-0.11325779383654558,-0.019861101993561038,0.0012640701868923418,-0.009157507426044592,0.10277312260113311,-0.0009097356383617644,-0.10910203976701699,0.006641587782272336,-0.0154120207935165,0.0001976554493887733,-8.853491699821871e-05,0.004182133956011541,-5.61574043402633e-06,0.0003186795571157615,0.001365163799670012,0.005327175892130686,-0.0007488624295770071,-0.0007152225154864395,-0.005150277979591828,-0.0030771182118780153,0.00258317115787102,0.00934116043963833,-0.002441571449642931,0.0016729573277492183,-0.00010565636151949288,-4.062527278505596e-06,8.542912374660125e-05,0.00016633908309759746,-0.0004461356167626933,0.001421056323527545,-0.0038317521526592944,0.0014001672211872635,-0.0014128736376573013,-0.0917315842372793,-0.09719728964025016,-2.5946663267894057e-05,0.0069962339249095545,0.0020340535107508527,-0.008646864582523785,0.007970301075217078,-0.03449676366263102,-0.0026133856508139936,13.042609779806831
14576,0.004638979759459008,0.0004612678450621014,0.07273657028382725,0.06812620026668798,-0.0015457325015752954,-0.0024220684871517325,-0.019876191095525617,-0.019581710103278988,0.006743089038798748,0.02333784021192441,0.002370208980541938,-0.02223557858429157,-0.0046832785022093175,-0.002620314207553743,0.12956437102274626,-0.04122751377039873,0.016521632850406826,-0.0034275882313744236,-0.0009499544459677732,0.0016805785379939474,-5.61574043402633e-06,0.00034670501408081073,-0.015961837572682155,-0.008082917218537026,0.0018983489464818636,-0.004942963548246787,-0.0011101283578645268,-0.0003156447179957668,0.00010286100606181369,-0.00020602562708475804,0.00012694250205059983,0.0004682930015932518,-0.0004398883120616849,-1.7902542066512128e-06,0.00016842551194750112,-0.00012251292556724085,-0.001110784249307546,-0.0005870383429692643,0.002185386636580256,-0.006013349971001131,0.00026539668125950973,0.04989457135815735,0.03361329786873469,-2.739776519181803e-05,-0.00035050961590298924,0.00423883535599313,0.0008610484597431909,0.002051091752981415,0.026591313034582495,0.020777186013396794,13.042609779806831
18220,0.00021231616266451304,0.010936353176114619,-0.10101930159111368,-0.004695614344728414,-0.00035617606034627625,-0.0016228003001075972,-0.009374044869594514,0.018672522376349605,-0.07710023377774752,-0.01767564495378249,0.00030287507186041327,0.006154717273258799,-0.00273366271835144,-0.0006462660831816659,-0.19224307622315984,-0.002977602305534737,-0.03809238774009773,-0.002475342558760797,0.001010727717164372,3.448752840414057e-05,-5.61574043402633e-06,-0.0003838358825470431,-0.008897254272061554,-0.004565923638573088,-0.0016437720822166286,0.0016595871194006043,0.0036885862279925755,0.002939535880458466,0.002320311469574727,-0.0032131033096785286,0.0006115336560412488,0.00047213133931066576,-0.00010314753200863309,-3.2628463888164725e-06,0.00018080084455297346,0.00016798926058685755,-0.0010888573800120805,-0.0041943261215137756,-0.0008630336752473368,-0.0002925375868131224,0.00040144625649791716,-0.053212359718422954,-0.08595911806095001,7.589111002362263e-05,-0.0003673625084810925,0.0010074877295845636,-0.004148045447291973,0.007764354021079694,-0.028877467236664796,0.0005368107486130874,13.042609779806831
2043,0.0008319534657937382,-0.01793065842866731,-0.12476984421102848,-0.006197436090177103,0.003791819271792832,-0.001747041059185994,-0.00929324505816343,0.029407968375421072,-0.10117714847613639,-0.015922108224891894,0.0011277356326397274,-0.02458725849016412,-0.002587618677242663,-0.001102315570414413,-0.24945029698613932,-0.007954806407396814,-0.03461180298269823,0.0011944021685424103,-0.0007536317579757022,0.0011527832687507004,-6.200785182009498e-06,-0.009941365573564872,-0.007462887228616613,0.002135879789949292,-0.0012130150721770742,-0.00160262725818113,0.007217077794904928,-0.005321980632134207,0.002854231947251208,0.009276004490545496,-0.0039370083774594245,-0.0014914258964603716,0.0003870592978502083,-5.661265053846037e-06,-0.003185901180271055,-0.0033375959795685596,-0.0039017546872725023,0.0015059383845519617,-0.0012106627457701424,-0.00016176106253532844,-0.0002885653752083902,-0.07852068298976807,-0.08732701906005938,-9.273108443511779e-07,-0.00014047671458721335,0.001385696591726811,-0.0035997146908450873,-0.021399912836948764,-0.027412256062199936,0.0015913591672632027,13.042609779806831
21317,0.002053214292718392,-0.0003643405452117361,-0.09498096930961102,-0.09035744755704823,-0.0037441545158422742,-0.0016310471183057713,-0.01554001455104569,-0.016075427741446265,0.1920829108771091,-0.009809009921981285,-0.0006833272116930447,0.046499677162038316,-0.002619686775475529,-4.7383756600372486e-05,0.22003756147929865,0.036200899370691916,-0.0316684999306301,0.001521015929583975,0.0018149719855038377,0.0001148269614600434,-4.290559769590714e-06,0.00011310325691667179,0.002070470675358181,0.007023758581495946,-0.00031291270141506843,-0.0011821816775253436,0.007692349479096332,0.01390265731508977,0.004658419740774357,0.0037805352317028806,0.003658606477756241,0.006444995622797584,1.2256733704153012e-05,-3.238900849235783e-06,0.0002455097831938988,0.00023660190123960169,-0.0013115328368796587,0.0012722474574182873,0.0028074929717298433,0.008919844376806397,-0.0004630529059801899,0.09884246736149113,0.09812018749077649,-9.348215382459625e-06,-8.224104970918211e-05,0.008109896735448449,0.004101515130129723,0.00035340615288172677,-0.009716979485897403,-0.01676349561344058,13.042609779806831
2532,-0.0010085981472885467,0.0068180430060493635,-0.086785863733638,-0.010967484197093027,0.004482812070658856,-0.0015454472022021382,-0.010514937122730193,-0.026998783072653822,-0.09484537670666417,-0.02237004986804574,-0.0014474685450459597,0.028326616370512425,-0.003108509508896589,0.011502789481435634,0.16510067425541342,0.03321087527329449,-0.02237843646079663,0.0016251247973640445,0.0007239777429743854,0.0004962587409911332,-5.61574043402633e-06,0.0003008402074274266,0.001426344209953922,0.0020515949270240265,-0.003353180460419043,0.0005799766146395634,0.0008928700929578461,0.0015994542604962434,-0.0014373880950340054,-0.00026883242984464863,0.003898042863546243,0.0027704349176290656,6.0148740121532536e-05,-3.654618188514535e-06,0.00022039663835072716,0.0003454209875402993,-0.0006509667093130583,-0.0010399122633414774,0.003944545316901508,5.979426846728577e-05,0.00031669798995776096,0.07223691700737006,0.04621420900197158,0.00013977727039699787,-0.00017270016095962502,0.006915649099419855,-0.0051236927989796585,0.001363559624176811,-0.027603239387605005,0.0031962483256004724,13.042609779806831
16589,-0.006432217972125576,-0.008827442410860541,-0.22646406387029186,-0.11825755129274534,-0.015238938710570925,-0.0013967126986908197,-0.01031592045883289,-0.01898916712340409,-0.016470258879033552,-0.04112692546077422,-0.00011773429138505512,-0.0045849699472558375,-0.002285454128356445,-0.0016836591700858403,0.038494585353325166,0.021499409973012612,-0.0515911799901329,-0.006792780215556463,-0.00420665901034677,-0.0003066473423497351,-4.114218554666882e-06,0.00023055505260441436,0.0012701962181593017,0.0003747434125822229,-0.003131464422654075,0.0007284215512131377,0.000304646679054293,0.0004359871543877367,-0.00036946946498642505,0.0002049418460344505,-0.0033905231855759516,-0.0027991226117551806,0.000115384919300304,-2.457838731525864e-06,0.0001227413454432469,0.0003043561891553404,-0.0020015462995957773,-0.0017426883267418229,0.0009154088694587941,-0.0019419306588038536,0.0003316469846216947,0.09300227683145587,0.08780146072562134,0.00025607103574623276,-0.0001340355499600281,0.0038263003865948585,-0.005429957019570422,-0.0008532271919922731,-0.057411365182005715,-0.040367997077474974,13.042609779806831
19681,0.0011224087530041608,0.03047354466489633,0.2691774724461466,0.022472439253187093,-0.0015646693929115192,-0.004512686427630839,-0.021855841516370184,-0.01437391492773795,0.3390996407699208,0.09322382247867059,0.003935107328340272,0.08380918144129061,-0.0019265366563695075,0.011131964641861914,0.17499310509374935,-0.0031333492185270104,-0.008785553449741194,-0.006402648840140818,0.0004158526095087103,5.765895796682884e-05,-5.61574043402633e-06,3.3099821582655244e-05,0.004343792354759816,-0.0049790896919601245,0.08143957208006017,-0.002005530758463732,0.005335629469285645,0.00573780051737082,0.004704082426604749,4.430010628824607e-05,0.005360047318548664,0.0023027800801127644,0.0005063337897556052,-2.457838731525864e-06,0.0003169628379077715,0.0001547750615314641,-0.0008684160314976011,0.0002346893701771217,0.005270690636552746,-0.0014796292159757044,0.0016433698315270816,0.13126886429536166,0.10678885226600476,-2.7397765191818022e-05,-0.0006965746726899671,0.005314583673176389,-0.010160725526201422,0.01439664050596996,0.0700918300244154,0.008283714010306885,13.042609779806831
3056,-0.002824346429909255,0.00043127006978651216,-0.15898945966132902,-0.009614788080888765,0.005223004223819392,-0.0015297013179444356,-0.010432371765190915,-0.023236088091952444,-0.09747629162530172,-0.0240478931650044,-0.0014291337408407346,0.01570364817627933,-0.0031867513068971386,0.017204561655831067,0.20283208315175524,0.04757295817479454,-0.023169440875159257,0.0019053399150516068,0.0007713725292813772,0.0005695830874320138,-5.4784926216738956e-06,0.00038750595909557446,0.0021156687917852136,0.0021127963966543106,-0.0034043832548254255,-0.00022860485404082022,0.0024137306540421583,0.0016661853792522877,-0.0009975896372732848,-4.456495725431032e-05,0.0027268673866497582,0.003107642206184663,7.657892588671182e-05,-3.654618188514535e-06,0.00021646319575110558,0.0006230236660242545,-0.0010841539970629832,-0.0007234263858948012,0.0035334748061709807,-0.0006371155246719822,0.00040062518080652925,0.08342594167411378,0.051842341783139984,0.00013977727039699787,-0.00017749261292148466,0.0031913943286253333,0.0039636235455614,0.00022181133420365591,-0.03525181524763444,-0.002829092718474343,13.042609779806831
13921,0.000819368459886086,0.003073634254270501,-0.09059335659389152,-0.0557968932328716,-6.601320198243529e-05,-0.0017366607367396405,-0.013210029338049692,-0.02428153838266696,-0.0005127143077251399,-0.034354229239288006,-0.001772159624944647,0.023879950284231403,-0.0025284597496150357,0.009556866495287678,0.16274323040000263,-0.00694470004740849,-0.014378302788129948,-0.009204672510420061,0.0010436152141353287,0.0005468591616344588,-5.61574043402633e-06,0.000252653072645101,0.0017855504073994726,0.013519450627722963,-0.004110537980948798,-0.00036563174741708406,0.00022782408909168027,0.0015583849485735057,0.004516459234456206,0.0006864570934792519,0.000983951027768169,-0.00011902323503852449,6.00739415500809e-05,-2.457838731525864e-06,0.00023173428371327405,0.00017060203252799422,0.0035942979417675795,0.005270333129791074,0.0004338923417710468,-0.0017889523285990441,0.00027920912423169664,-0.06819666763084489,0.046516743056694385,0.0004061770036068566,-5.0529321320725375e-05,0.0028801940551220614,-0.005571139776525685,0.011256010758785212,-0.01765348598052686,-0.01092531493750883,13.042609779806831
18763,0.0005175788849625838,-0.008724499573484321,-0.10493229289907115,-0.021217772673951706,0.0031749837994779445,-0.001712150724727505,-0.011996534381728274,-0.04100075631850504,-0.1839618978187964,-0.008544251676868264,-0.0007901366252227123,-0.012369838196757996,-0.0024766571750426524,5.3132190918514815e-05,0.11785132760051271,0.010524323300004182,-0.01792815043399308,0.004419367796154833,-0.0004180530808428048,0.000504729077258994,-6.115997062367551e-05,0.0003573481987104604,0.0010711624687584935,0.005102057892887453,0.002204950949842518,0.013895361547987074,0.0006651218115853002,-0.004554869369622855,0.0014632612656048922,0.0008476219703997032,0.0050734526609191475,0.001710414986949867,5.436463570667163e-05,-3.654618188514535e-06,7.811953350243929e-05,0.00023100144562234457,0.006128262255673216,0.005170005184136933,-0.010909565261952418,-0.0017083345546150357,-0.0006817042792312226,-0.08506552049154043,-0.024922134486350916,-0.00015540211244232912,-0.00015179352313952378,0.00468318258629786,-0.001799391755328562,-0.01543497280628096,-0.029600446876287084,-0.010668669587337571,13.042609779806831
15857,0.0006979512961112384,0.006864800728034597,0.1733885992366777,0.00508686814867949,-0.001874003020338423,-0.005162534438147735,-0.01377635419824428,0.029423695926537576,0.01827205022435298,0.041311777102260014,0.0013876788548738827,0.03331923396833705,-0.003211280075392829,-0.00038513540071617665,-0.25656451522669244,0.00907791720963807,0.021420658751585223,0.014303169256281341,-0.0009683493133335683,0.0016383251097962781,-5.61574043402633e-06,-0.00047945845741010414,-0.0008175137679085467,-0.0026804576383400603,-0.00880645916809868,-0.0009960694368698845,-0.009483861102973954,-0.0021908457176094396,-0.00626103997580012,-0.0036514656171631435,-0.0026057394824097434,-0.0010053597601515408,-7.575112182411285e-05,-1.4518482416225084e-06,0.00019808134512755665,0.00010449454853160377,-0.004244862621731859,0.0017805108984037554,-0.0012569232841833885,-0.0020177032069729917,-0.0004838189974572573,-0.08639583869474143,-0.11005808323365404,0.00015864825383459687,-0.0003235490661395587,0.0018743285267957955,0.003250727020057052,0.0033016230255078077,0.047382202697442664,0.0010132734329615061,13.042609779806831
19600,0.004899703497188548,0.0033564074405321625,0.023250908686815036,0.03617163948532005,0.005927483921218383,0.20844902960948436,0.2690329999715721,0.06678980313906413,0.2007553497777466,-0.009449227365539471,0.003693695855827593,0.031794709966154806,-0.0011557081949636976,0.041616022654925706,-0.05133195112528585,0.05002828963648584,0.06434360572771346,0.00947309453951027,0.00233499918221375,9.507667098689836e-05,-3.575120445353126e-06,0.00038714002526448263,0.010502376087204014,0.015888977413475322,0.00028186383902763197,0.0014280385166987393,-0.001239991243485077,0.0010554927141791307,0.0040815168995769185,0.03309753770725204,0.0071992144107210585,0.0014934090345382154,0.0015874770423377044,-1.8704740146678528e-06,8.744141463576927e-05,-7.77777814812196e-05,0.016980543741116072,0.006551195033921822,-0.005029591274299889,5.024172774867618e-05,0.0003441574470207876,-0.06360236229736929,-0.07561196644513284,0.0001299106755684627,-0.00025554173082164417,0.007045072209204581,-0.004520538088561799,0.01456053841498512,-0.020311122413067866,0.011724716700132372,13.042609779806831
2718,-0.002444170653794169,-0.010925156786816097,-0.215054247407347,-0.005832905552316628,0.0033777909831946497,-0.0015882150969224178,-0.009829469510255396,-0.02900251733545604,-0.1074495894633222,-0.025640987799717838,-0.0014556862534231716,0.02484134730975887,-0.0027340802394936257,0.009497541611869203,0.16378025621424974,0.047105438171127285,-0.0162088415519647,-0.0013491021746251648,0.0011993259645849737,-1.2375642085099915e-05,-5.4784926216738956e-06,0.00033222106593224296,0.0012739246103320345,0.005529215158854137,-0.002331223989356285,-0.0004457214989510759,0.004391121588778866,0.0008596884194860609,-0.0012145016547927977,-0.0008315567983243812,0.003403415280807643,0.0019006301529923013,6.149152690103098e-05,-3.654618188514535e-06,0.00015833068603614365,0.0005235956101873541,-0.0018722838667140766,-0.0013574269495998871,0.0006718620801734159,-1.0321471069347722e-05,0.00032278054420261136,0.07848268237768637,0.04743882838945839,-2.2159581609833556e-05,-0.00016178162786249377,0.0020280803845811914,-0.0024012582838063017,-0.003540175062609976,-0.07785696991872657,-0.008271247078197838,13.042609779806831
3128,0.0002516632729335364,0.003142120989614337,0.10171145554462264,0.01395152676587218,0.003970404953801784,-0.005336654226383367,0.14068211394348853,0.03689298127685391,0.041475440990760996,-0.011810217154759599,-0.0020884470441403964,-0.0011303788225928903,-0.002965605413399651,0.05559855902928661,-0.08213681267124319,0.024530301709080184,0.02959883966868235,-0.006887181794021131,0.0019345754957489213,-0.00015641957400582576,-5.61574043402633e-06,0.001346765215449256,0.003954036268798804,0.012089887226809204,-0.0055776641881911965,0.004043145726190164,0.00024170103450461106,-0.00242054062142316,0.007812574138797629,0.012865909896700032,-0.0013153639151080615,0.0019430370327052624,0.0006666195457341751,-1.8704740146678528e-06,8.677419132355118e-05,0.0001694407621045541,0.014299279943416583,0.004585704885935902,0.001224742267940998,0.007921629921502771,-0.0007530912316369259,-0.057713924816599906,-0.08503286151452949,-1.2626145409856464e-05,-0.00026160393696227904,-0.005508615643785014,-0.005366856934810795,0.005081676220761552,0.02986879420792105,0.004595112790075602,13.042609779806831
1448,-0.0005959724480713347,0.03393900285063826,0.45441541926413875,0.027440045260302408,-0.0022727196166385326,-0.005286738703058805,0.1702627070588074,-0.013370400206839703,0.5678426378361318,0.24922572527240125,-0.0064214436763082635,0.08110168069958465,-0.002234866496572794,0.02123108891423162,0.18037990365970658,0.117236276045067,0.1116989586295107,0.0215467607370734,0.0006162193601173729,-0.001137222743086535,-3.5248116517069927e-06,0.00010575777954383093,0.008418324884194773,-0.0035118701399379578,0.09006710103215189,-0.0020193802605970486,0.003247505559364943,0.006386757797538258,0.007040412329495392,-0.0004635194617375976,0.007739328506696044,0.005943283025165499,0.000375698802920257,-1.4518482416225084e-06,0.0002315263185720636,0.00015609368412090914,-0.0009349167612917994,-9.996515930418045e-05,0.0011827063570536615,-0.0007143138976503638,0.001287250610303595,0.12608019127192036,0.10848905712881009,0.0001474826199332017,-0.0007620965525356231,-0.002952486338197445,0.026830256260587076,0.014001073961589722,0.11001553449191952,0.013289752754922142,13.042609779806831
21088,-0.0003497496628952273,-0.002088788615550371,0.16562378590072407,0.01689108043149545,-0.0008393274161263587,-0.004789720099113859,-0.030436504062313664,-0.017410245932049703,0.3180252697012898,0.033369518601428685,-0.00596978873987388,0.09539151507236245,-0.002538574654227019,0.0004199321680341125,-0.2795025266787908,0.01655129377069917,0.010630416461921468,-0.007041233402108579,-0.0013934068196878057,0.0002891167369767672,-5.61574043402633e-06,-0.00031286487055209763,0.002864825344334631,-0.005885936811743901,-0.02212891958360482,0.0014034860799166232,-0.006338079396783157,-0.03219747473184699,-0.015085703545816684,-6.746060761955856e-05,0.0023028404037711814,-0.004429386621925602,0.00043019514105377296,-1.4518482416225084e-06,0.00022195613691581786,0.00015321892455076502,-0.001824973814485504,-0.0011062589366442408,-0.012676206643661713,0.0005945428566440005,0.00019541698911165962,-0.0835835202029388,-0.11828073531470897,-3.1188603830625897e-06,-0.000358599810782012,-0.00029666993555632886,0.00017089831438407417,-0.0017653307943796782,0.040735613955427914,0.0034332229579212134,13.042609779806831
3433,0.00046879018642978997,-0.00990214574716927,-0.14476396035158104,-0.020341900926398836,0.0020302744536846444,-0.0016233578527974867,-0.01120352473430033,0.036878493424236124,-0.16999594679984575,-0.015198514290051405,-0.002693118354249368,0.019632146779578922,-0.001875612528760433,-0.00038696485112441655,0.21633258427069038,0.02530743027255408,-0.03532421245982044,-0.00318056551346693,-0.0009399465216487073,-0.00022470848909744346,-5.9596638945203255e-05,0.00022174145621772982,0.0014128082796604207,0.006196738194720151,0.0016907686687876607,0.01695392018533837,0.0012659098414612598,-0.002883667854538672,-0.0005844741653143953,0.0007749009956246476,0.005206334120893264,0.0013577215124199991,0.00010882944828160532,-3.654618188514535e-06,6.590585618128322e-05,0.0001286442738936261,0.0101702304025556,0.0058357597553612755,-0.003731550813788348,-0.0020740170149840527,-0.0013112478020049613,-0.08258964414406053,-0.02415119361442286,-0.00015540211244232912,-9.277814344188229e-05,0.005520459412370167,-0.007527982280895296,-0.011731197316221091,-0.03788430916628291,-0.00814256831381433,13.042609779806831
10568,0.001135581431509472,0.013733636327643217,-0.046365994846479006,-0.04276146000707858,-0.002442166182237353,-0.0021070006936322193,-0.01056812915459086,-0.027483994588933493,-0.09805195303774232,-0.013240192680809233,0.0010995362424923052,0.024777404709543756,-0.002712452485736134,-0.0005877819457797901,-0.13116294698052777,-0.003053868654034912,-0.024626872034033367,-0.0017628337280385454,0.000286913476118357,0.0009244049411754087,-5.61574043402633e-06,0.00027393814077705033,0.0008126386068878113,-0.0016106763683489084,-0.0011451841442045062,-0.0008592569341352651,-0.00015673956005707415,0.0006190505162927333,0.002661933739601879,0.00345615401623806,-0.003223463629994523,-8.060774544484785e-05,-0.0012948386102525414,-3.238900849235783e-06,8.462289140167325e-05,0.00014781385315362452,-0.0002302574252029128,0.002352793318470377,-0.006322090923747196,-0.0011261565298713281,-0.00016187649116517714,-0.08927056347787408,-0.1047536891626727,2.615528441592796e-05,-0.0001802515662347468,0.0019464143073210157,-0.006488272788237725,0.01124608305967787,-0.005917181223442874,-0.015804132023703694,13.042609779806831
12565,-0.006890935585032486,-0.021032712764815824,-0.23898109537908113,-0.007534095411551779,0.0033369525032037736,-0.0017814013366148273,-0.012236275268291508,0.045580115198791175,-0.22763825435378082,-0.023655264660692562,-0.0002006719096569756,-0.01120568199107566,-0.0029149927972979715,-5.429699255428678e-05,-0.16868487080251557,-0.035739414436137366,-0.0935854214324216,-0.017352981553844973,-0.0006350625362708732,0.004858581601830338,-5.9596638945203255e-05,0.0003472193678923068,-0.00012796117468131022,-0.00242132682043577,-0.0006994269486602446,-0.002128228715590081,0.00828768434839594,-0.006379002944361531,-0.0035547873640495026,-0.0007885309114951117,0.006617968488903339,-0.0007715146864962035,0.00010060100039140759,-3.654618188514535e-06,9.845893814363393e-05,0.0003155706679889423,-7.554485566747262e-05,-0.01194004084579187,-0.005961300904464698,-0.0026608023825574504,-0.000438355003310171,-0.04592364381672227,-0.05306298089134826,-0.0020818268048027567,-0.00014577027001273042,0.002542924412276901,-0.0035464413353363516,-0.01696316874448938,-0.06302600824165659,-0.005425814268001179,13.042609779806831
3591,-0.0011154547625228507,0.008119017555476594,-0.0917724181687001,0.0008493233246932082,-0.0005037559014411252,-0.0016582621935941615,-0.012074297461607281,-0.023664905509639136,-0.07943960454830667,-0.005665848826357638,0.0002607307418527428,-0.017564009798260543,-0.0028071052529612932,-0.0014885628805623521,0.12800689922035371,-0.05175042071401714,-0.0014075821542634368,-0.0011578314859431319,0.00030184671816804547,0.00018527995811840167,-5.61574043402633e-06,0.0002441407566062284,-0.008845983220079526,-0.011086514895129773,0.0006819011098878338,-0.005268855570380096,0.0038718032088130364,0.005763020009916586,0.004397757343566279,-0.00042871148365008225,0.0017849142355316283,0.0006574863567048855,-0.00026034259190088664,-3.2628463888164725e-06,0.00022107268057185544,0.00023477331224583696,-0.0011162153395640941,-0.0007207863709230524,0.004450200297570356,-0.0033431757725563916,-5.3915605696657e-05,0.050858121672778644,0.041192960506234146,-1.9977807988352144e-05,-0.00011839858049910933,0.0029623054802693605,0.0016841234893704394,0.00724492555771889,-0.0321663532041793,-0.000249030984045229,13.042609779806831
3204,0.0009638194292732903,0.004559436003017985,0.2718012843959242,0.040780854521698405,-0.0031006833192817433,-0.011273038354380495,0.142496427255479,-0.015007791480015551,0.4053515041758408,0.04489107618100357,-0.0034875480831534447,0.03256428867062019,-0.00357657859762428,-0.000926852752522749,-0.2748140695258748,0.025597227503711295,0.05423748312664701,-0.020990550061925684,0.00023332798606791487,-0.00024313135439992144,-3.5248116517069927e-06,-0.00018503740953644085,-0.015608753207768397,-0.006554757250694181,-0.022724904362527488,-0.00023839223562535528,-0.008138080494702684,-0.0021388987156208874,-0.003010182799662954,-0.0022641193567459533,-0.006986014344545788,-0.0025494414528737354,-0.0003465417476825957,-1.4518482416225084e-06,8.226426953586045e-05,9.858306142329218e-05,-0.0008628005467258492,0.001827156224841029,-0.003877550256299693,-0.0015847446246440551,0.0006403704328876483,-0.07367002930063678,-0.11815102955361037,-0.0007120162780616887,-0.00033799231916146257,-0.006683630383356679,0.007013936804325557,0.009467327246680257,0.04959356442865293,0.013570013357225874,13.042609779806831
11897,0.0006488092407326074,0.003995912298071618,-0.021370754859895875,-0.031656066934650236,-0.0013395763430405362,-0.002197949430044259,-0.013895356256829522,-0.016041642722618238,-0.001180272529124358,0.002005683886064918,0.0004009827984933654,-0.016669584106444972,-0.0038596196274513607,-0.010244346077403396,0.1368462557695754,-0.03719113562473896,-0.00556289678457417,-0.003141822950809368,0.00021771327279863326,0.00016833042587662317,-5.61574043402633e-06,0.0003755906673257766,0.0016837856744474314,0.008464708954314601,-0.005409357011142786,-0.0004997027939550925,-0.00022741416573453122,0.0019418914955914139,0.007826881418575848,0.0037831705299824804,0.002594700646533559,0.0001641053430489591,8.716621578564985e-05,-2.457838731525864e-06,0.00011963652526299337,0.00020577061460135,-0.00020976863223038622,0.0011749682411274825,0.00277463250384126,-0.003579738102089193,-0.00014696852644118522,0.06291184007338303,0.03921426203678902,-2.3671443077524602e-05,-0.00021093531962547595,0.0031099682116273292,-0.0038478613534605128,0.004392799791268671,-0.0017622946215989387,-0.012388987084490873,13.042609779806831
8969,0.0007898288200586594,0.00896863173848186,0.10155907121122054,0.06861445766523955,0.020387846374839102,-0.0038410140890779735,-0.014784443266790013,-0.019983729096125988,-0.10252795643690715,-0.013949734867897245,-0.0073371237402275425,0.05227566864322046,-0.002974510603703742,-0.00276108610402747,-0.1810894131183446,-0.009938731466339806,0.018448161384541178,-0.012206285276005065,0.00012621513631112802,0.000693523433378001,-3.5248116517069927e-06,-0.0022184632592753403,-0.0051453799970161114,-0.004179011640545594,-0.007336117791948089,-0.0005154188363520836,-0.005526994497208836,-0.008451347533052319,-0.0008986853528500126,0.0007113342500240609,0.0006587141096189725,0.0006048917581767188,-0.0008056973345409088,-0.000468335626853251,9.260549216113148e-05,0.0004069280130886635,-0.003054135373363703,0.0017879250640111077,-0.0015546719168469695,-0.00117584914706249,-0.0019272717232681565,-0.07512636461853764,-0.08400161524423785,-0.0007025089930348947,-0.0004541196381322358,-0.0051475976050363356,0.0003823819864813277,0.02249361370918612,0.03003302462984124,0.019627322703119628,13.042609779806831
15980,-0.005212929937878015,0.005068979431110932,0.16921946030028925,0.10810931386286153,0.008162229938943914,-0.004080013922540033,-0.01133873081204775,0.04781741701046183,0.0048939823749647735,0.008372888446228702,-0.014114723416009998,-0.034230247711029387,-0.0026829816116261548,-0.004995951407614184,0.10304325364497105,-0.03772790270997957,0.030586892114761,0.006453434991900792,0.011918312572177682,0.0012246934141780011,-3.7625021742603873e-06,-0.0003897497457978071,-0.027043630848052735,-0.007819810088048456,0.0005121528288834821,-0.004134721146618489,-0.0014563077818474462,0.012134968723768399,0.004720553204156696,0.00010417675621036302,-0.004005121831980674,-0.002920702619979766,-0.0017540583350255108,-2.808478326266928e-05,-0.0036680056676446637,-0.00600800585832197,-0.0013902131627678196,-0.0012268814703422228,0.0015481422270313722,-0.0006562687352496649,6.259365803901331e-05,-0.04662922595632291,-0.11113383917254431,0.0006016443756651938,0.00017226365082564522,-0.0007322764014555849,0.0033732879569715137,0.005162477543209717,0.0419475334081865,0.0350816462198515,13.042609779806831
2965,-0.002773120164361583,-0.009150911116479445,-0.22863698913356476,0.010586416450589282,0.0034694765218612976,-0.0014756615995452998,-0.009664625534844179,0.0764055659670849,-0.13957885812978246,-0.04011146035438484,-0.0016938373804920978,0.002268687651199299,-0.002060669976223995,-0.0038163244294788738,0.18020590358227936,0.053310368951162646,0.005776820605887914,-0.005556358397505226,0.0057379929850571365,0.0008155651144135904,-2.058609281927922e-05,0.00023191659465745948,0.0018827712096507123,-0.003743867054421214,-0.00463169407103568,-0.003386840919767326,0.010635276864568246,0.008456382834818693,0.0041715110570900325,0.002646282176555264,0.0011003038388551969,0.0002806577346849115,9.896015522233734e-05,-4.062527278505596e-06,9.143090187679817e-05,-4.193426844759442e-05,-0.0021360051809464907,-0.001209797764407106,-0.0014363778820129624,0.0005147034645435595,-0.00013240503034753895,0.10569343269139812,0.06564224441603836,-0.00023203459607895827,-8.5999151125129e-05,0.0019705685845656045,-0.006938299667004219,-0.007358742651235786,-0.07930775915768834,0.00455014263399188,13.042609779806831
6568,0.0016356857860240646,0.009600369449524042,0.07486685136791879,-0.0007996867910880617,0.003691223116760995,-0.0019039184505685771,-0.023282457189841992,0.07198301636227954,0.0023037126910230446,-0.020624641409399316,-0.003102277821803223,-0.01458218329722523,-0.0016664763786228612,0.04030470997518381,-0.07699005076049102,0.0545846731000127,-0.02887542522470406,-0.0033576164776895224,0.002319260717086048,5.4413700278601216e-05,-2.5774715153455755e-06,0.0003737600074949495,0.0018210826624634408,0.01665455306541133,-0.006423892454610023,0.0007362857288144346,0.004206091382079041,-0.0009699409443319078,0.008196148079331242,0.00506768282881012,-0.0009524634001816135,0.003085682882052454,0.0002527868897173771,-2.457838731525864e-06,0.00018553929188599915,-7.17989085003063e-05,0.015548432777647635,0.003477627118853763,-0.0032608221432931673,0.00032509965515753095,-3.084137548426524e-05,-0.07790987326753028,-0.09041441431358051,0.00013175092094230313,-0.0003361882220386407,-0.009084389674745093,-0.005923130716899844,0.00931515716732031,-0.006743339623743179,-0.0004931238495903834,13.042609779806831
12285,0.000939037290096395,0.007097674715621811,0.03044279477497872,0.003123513920669872,0.005794249727870535,-0.00182035024507883,-0.013010380733354759,-0.021637987728899417,-0.0881990810986195,-0.014200846430686342,-0.0044543601083033065,-0.022023116683235523,-0.003715535784491411,0.003836925756291108,0.030240562041586636,-0.010831765057284936,0.009948692269346146,-0.0004991942130786658,0.00038732556458435924,0.0007131305404969418,-3.5248116517069927e-06,0.0003301631342785699,0.0013608883919056384,-0.00288104768257002,-0.004037876252959713,0.0005889935225406148,0.0023636935025431187,0.003845610709857633,-0.00240971744443083,-2.6195274527215192e-05,0.002368299546861766,-0.0020427942739558724,-8.001963242084826e-05,-2.457838731525864e-06,0.00017958303439171176,9.83599876140658e-05,-0.0010338798681000926,-0.0015660494343207787,-0.0007821632743060647,-0.00022738785594430993,-8.405736936094455e-05,0.005214272609858432,-0.02327157367659112,0.00014557211902500923,-0.00042785551917821544,-0.0022915931135375827,-0.0018126146980420206,0.0064815062255854355,-0.0004124390836047384,0.0031661937004765356,13.042609779806831
2395,0.00085294838815981,-0.004694460967329983,0.03344304228091554,0.016817385578648595,0.0054048844428470025,-0.0021323847434755365,-0.015008665199511781,0.023081396437281857,0.19079592583558375,0.03320863931947259,0.0007178468408278284,-0.016936887209725877,-0.002561618631275794,-1.3346582280205762e-05,0.07269470017066343,0.043031567377825035,0.018238781904210084,-0.003244434318388692,-1.1984473608235936e-05,-0.0006733958270648954,-7.059152657254587e-06,0.0004676718288823048,0.0016838766955973269,-0.005986658035931895,0.050658016092836725,-0.007431940711975064,0.00729667218274651,0.014551417551839684,0.004655701546284063,0.0005715202956431898,-0.0006288241062988493,-0.003877966324063743,-2.7448516350521004e-05,-1.7362314208617246e-06,0.0002298580824708051,0.00015917358146470196,-0.0009364578899088714,-0.0007991604487091714,0.003942755348220354,-0.002516353609587003,-0.0004645907546643679,0.0874444074852723,0.11022564549734983,-2.7397765191818022e-05,-0.00022315841239788734,0.004134283736366801,0.0009560709006952933,0.004306857358809764,-0.01017120242559747,0.0007637957909863233,13.042609779806831
484,0.0015078323829796332,0.024887717024405037,0.29219428155795185,0.11337331482975341,-0.011683625717145922,-0.008642268686459195,-0.014811339297187724,-0.019410890545367005,0.1952866399475344,0.08929705959146936,0.004130922969175581,-0.0323734816653503,-0.002358993636107068,-0.005944323312744124,0.1262338481434847,-0.0444421881922172,0.05991516672697939,-0.02000136950602391,-0.0024660844384765106,-0.0003154186939934028,-5.61574043402633e-06,-0.00013356142572621457,0.004018162561967621,-0.0009440712582938785,-0.02935844344958397,0.003330861179017678,0.002290228568563655,0.0007251433049689271,-0.00019430598770886346,7.975373265717048e-05,0.001432848034413888,0.0015258259719580195,0.0017057955278117736,-1.6677947785120514e-05,0.00017414072816752555,0.0019134721047283176,-0.0009124646557102693,-0.0013676613245761583,-0.00016318882460401494,-0.0014609626494598582,-0.0007308680544190222,-0.04605641724471511,0.02242190908220053,-0.0001021451042715191,-0.00012457154718478806,0.004972446209210174,-0.00034511053775973424,0.009868343974763199,0.06370807889813705,0.03739112356007973,13.042609779806831
11692,0.0027217349984075484,0.009107080964399572,0.1127859131325301,-0.00939561025393304,0.0016816966632648084,-0.0017222197426660993,-0.015323884911362978,-0.013974723141778,0.03345527952625064,-0.005519475905012313,-0.0009591086497929264,0.030459135654721314,0.06163488508405439,-0.00038217480275664565,0.1870715489323759,0.019246011201676835,0.003458475104638567,0.00433478048943793,0.00010013009785075485,-0.0005666965335557648,-6.809756164343423e-06,0.0002696125220094497,0.0037117820927440805,0.020911252893939462,-0.004263351529467279,0.0022813976230149084,0.011866435959519375,0.004831122763395828,-0.00016126172896562766,0.0002015994477322291,0.0002506507048444934,-0.0005058159174318103,9.068237694879677e-05,-3.654618188514535e-06,0.00017269220219597546,0.0002214123304557707,-0.0014015483011438094,-0.0005163846142675577,0.002370183212850656,0.005206700337581334,-0.00038646371374037635,0.0703654228715801,0.13902670961880736,0.00015309142510992402,0.008974928592099791,-0.0012190834180376162,0.002217209461492706,0.006432368236252625,0.027655957177917256,-0.00924499803327982,13.042609779806831
19357,0.0003236268359547513,0.008626443030751217,0.24867241688465583,0.06901646355807799,0.00725795145908403,-0.015039300675206252,0.23395410067668349,-0.026483667168777147,0.37674658424896734,0.010322278298444428,-0.042510114830474344,-0.02222285099154387,-0.004051552730932594,0.0017433067531233916,-0.024212800436226145,0.05086423174332448,0.022852445720812364,0.011659679435525438,-0.00031469433705913876,0.00046229110057593634,-3.7625021742603873e-06,0.00030632138887862876,0.009736455818977535,-0.006450520359239394,-0.016204870984474595,-0.0029317662180826974,0.004614571446088738,0.0023904346333750255,0.00243933970458351,0.003851466744557041,0.0013951801692611494,0.002158267430961554,-1.3980918252433135e-05,-1.7362314208617246e-06,9.77299403192854e-05,0.0007476094143642884,-0.001265636330945071,-0.0007927000063153564,0.003944765009147916,-6.221867980068198e-05,-0.0015709682688327003,0.02693651853464672,0.055668431001942575,0.00012920983738973985,-0.0004548705557591085,-0.02305653217750363,-0.0054905817932570395,-0.0009471747923453638,0.06251152786928199,0.014281288533898661,13.042609779806831
545,0.000999310658944499,0.0015572129910239344,0.14662797071310774,0.04348478361832641,-0.0027100069982973125,-0.005562039990114139,-0.02538118043746667,-0.020383415101962846,0.36053346589247526,0.04014815667372597,0.0010815752182081614,-0.015334717176768238,-0.0029463410364888765,-0.0011233405753470007,0.04590510329115013,-0.02797930365637813,0.058078966591203,-0.0011017395395171332,3.8056282270595274e-05,-0.006704760475948756,-6.809756164343423e-06,0.0002766286389767136,0.003947864833731827,-0.00704567170005717,-0.003851231923582694,-0.0005975697806111947,-0.002579279742176733,-0.0009296074107758991,-0.0018087104996240614,-0.0024010150173958684,9.3297817477989e-05,0.003415872715775735,-0.000238748871997732,-2.5782456438389804e-06,0.0001481419480330165,0.0006660237158263108,-0.0005922082276314235,-0.0009170045866316021,0.0030131532214649663,0.0007393329658030285,-8.573341854063753e-05,0.044423248737557715,0.025129040337252384,-2.060572411556139e-05,-0.0005102154311249353,0.0023572422527223464,-0.004278742474166661,0.003542278988419992,0.03405808902313571,0.010319859380593105,13.042609779806831
1919,0.0018719572269084131,0.003037240765401367,-0.022281952399431246,0.0023258766308932866,0.0030461606496339005,-0.0017101595629469431,-0.01099483000804136,0.07758408021416362,-0.09565590329161851,-0.007790875435654698,-0.0005624014789883558,-0.01604076428480495,-0.0015059747619449613,0.00011729289584013462,0.010759770730330307,0.01125302704392104,-0.028781136286936362,-0.001003983261014029,0.0001080637606513405,0.00013823389500226498,-3.575120445353126e-06,0.000491906070598405,0.0011812308533991926,0.00443948596359327,-0.0018600323346590765,0.0014806134681283776,0.0030109432409065554,-0.005603262593752744,-0.0021255401232972712,-0.0010154905259163946,0.0024964852850839258,0.0009322661585396996,9.827874978950552e-05,-3.654618188514535e-06,9.277964889067455e-05,-0.00018380212113470402,-3.2976998690041408e-06,0.004768227331227464,-0.0030042476549723735,0.006258025484214519,0.0003361160429464531,-0.053438367489044535,-0.01046724478884921,-9.157841961504418e-05,-0.0001430591586994461,0.003210735920784625,-0.0033130726799919692,-0.014560541669589902,-0.0025304097918465358,0.00335626626856424,13.042609779806831
4515,0.00146639906520536,-0.011232210628039002,-0.08117182186625914,0.01239866989938095,0.004646807472057829,-0.0022309213194399323,-0.012434339753250753,-0.03085913128594412,-0.1176775604426755,-0.01722499040332198,0.0025651672099142654,-0.019523523173377574,-0.0031294642959195625,0.011164249469049327,-0.14309050567692183,-0.008058239520552157,-0.04233525356362492,-0.007860632499432866,0.000858748933388437,-0.001254075236266068,-5.4784926216738956e-06,0.000708462371125281,0.0013140619415645952,0.0027423941477043925,-0.001936234130720559,-0.0012351353250381633,-0.005288922103845582,-0.0032754443996674326,0.0020131146750528234,0.004549995844762054,-0.0027149847311707703,8.423885664943397e-05,-0.0011729134025212536,-2.457838731525864e-06,9.228355496031765e-05,0.00019520817529485347,0.002702496135940276,-0.0020810160087428075,-0.0017677510179203687,-0.0022968627981465664,-0.0004835714279124464,-0.08609492260607665,-0.10368880956638835,-1.139161587643063e-05,-0.00025302992874068467,0.0006757608986439104,-0.003360222549854648,-0.014526514880497129,-0.020705566935407697,-0.0010818254882257875,13.042609779806831
12979,-8.726067358056657e-05,-0.0020441900337038145,0.1776766839529422,0.017224597252700403,0.022957384857586773,-0.006287569720209158,-0.02602363777687514,-0.021001817165136553,0.3317356084047483,0.016930248948608336,-0.006170347267271607,0.03922745846489927,-0.003411273245890601,-0.0007797018753381681,-0.20196190725196117,0.012802474794863397,0.04412041842429983,0.0195399714314997,0.0013113175702658354,0.0010897570744683054,-3.5248116517069927e-06,-0.00040939202506266924,-0.001260706870020935,-0.0022765088472098084,-0.023420206784733576,0.00011820482246304081,-0.00728752704853726,-0.0015250090506039385,-0.0015589535789958563,-0.002121052550079811,-0.001551243726792205,-0.002568566489986399,-0.0007962112717843241,-1.4518482416225084e-06,0.00018504744878944886,0.00018635848844632337,-0.0020875971610769093,0.0010801245270082571,-0.006026529463700853,-0.0026811188579993262,0.0009178213300302996,-0.07978338884657644,-0.11739518916852522,-0.0007120162780616887,-0.00041476345519904427,-0.005867866741120793,-0.008959344189217894,0.0006807035301408066,0.05230961553678695,0.004842050874104002,13.042609779806831
18045,0.0001846710548039586,0.0011882088144935135,0.11295140317817777,0.007746592306170152,-0.00013620492939242357,-0.007496176334253308,0.0940524025227021,0.03394643310714154,-0.11794539247809904,0.020207936366886465,0.0005226501623773489,0.023837036233581577,-0.0029406305491403305,-0.00024190413109827536,-0.15584112216510704,0.012773361608650153,0.015290324398976063,-0.0076390147856831465,-0.0004640480257068712,0.001019720803077165,-5.61574043402633e-06,0.0004986284573165786,0.005041808452435606,0.0032554266611315055,-0.008262385438712785,-0.0004933083081345481,-0.008244988740062615,-0.0019261709881858494,0.0035039809950776404,0.004875006702385636,-0.0048749636489191644,-0.0027736881733671503,-0.00035825418897678953,-4.062527278505596e-06,6.217040417811162e-05,0.0001293258713062295,0.003088706512795829,0.0009494410705136438,-0.0007523806904969565,-0.0087370756004478,-0.0002944205431843769,-0.07840683770062741,-0.10736448235577571,2.2540369853517026e-05,-0.00018736956992238877,0.006665996006797528,-0.00503413708006044,-0.023817255484891418,0.03365380624004979,0.0018728056190253379,13.042609779806831
13794,0.00018751065999958116,0.013841901536797397,0.13048717798145196,0.014210115126003222,-0.0004296947849337646,-0.003957282278392109,-0.017624686951984082,-0.027266847746751737,-0.12288239735813693,-0.01520148083779093,-0.005430792006591272,-0.03371176987806904,-0.003314622889275783,-0.00013653593183720258,-0.09163347036760956,-0.0010464708041899944,-0.011660320500982762,0.00444093133767535,-0.0015317531727762185,-0.00022287347498145985,-3.5248116517069927e-06,0.0003716277725154272,0.0061041417112025044,0.010110915957175734,-0.009738992615859827,-0.005566719889959432,-0.007848428111670327,-0.014544846183314166,-0.0052511448486102265,0.00020855109568445435,-0.003344858447839149,-0.00305950644304009,-0.0010318336034149283,-3.654618188514535e-06,9.231636864466639e-05,0.00045017007775103397,0.005938036948127123,0.0070296388819931785,-0.0021465883408305474,0.0005652765235494757,-0.00054804626822348,-0.07337343801898999,-0.11805312367629654,8.396586226169614e-05,-0.0008296881319390275,-0.0021815469346885097,0.024822969929616263,0.015318572977853157,0.03476493491157424,0.001752508892990531,13.042609779806831
14648,0.0009967555735954175,0.009871835216920727,-0.018065184399770583,-0.04222228739226463,-0.0019172162807298068,-0.001953219845764752,-0.010014897892663518,-0.025788614405732723,-0.08540741956126155,-0.01312164205614016,0.0005183673228727251,0.023385872280594185,-0.0031433478085236676,0.012215350996320961,-0.1581358853979755,0.010487716172391788,-0.024481021418142547,-0.007113765898092208,0.0006877078278962374,8.862523883439581e-05,-4.038026442952091e-06,0.00028623763243919694,0.0007469335376923615,0.003327562618097479,-0.00342921901641461,-0.0004190107364996645,-0.002416538204085989,-0.001325299663132477,-0.008882496138481463,-0.0009506251608671749,0.0007483247040199318,0.0007029439533923364,-0.0011468566720515385,-2.457838731525864e-06,0.00011170976373520127,0.00011191688799626484,-4.679167595108273e-06,0.0013007907376826786,-0.005388406933266412,0.00017273661729810377,0.001106510314745194,-0.08662132291804335,-0.09287053194824164,2.24616493267555e-05,-0.00016378501126421678,-0.002172329928046045,-0.003853679877076457,0.009901431005942879,0.0015697860529728402,-0.012586232674557243,13.042609779806831
19210,0.000555267121999486,-0.00015225775256804018,0.017504343214174007,-0.0016234978253408484,0.0020155088991217424,-0.0021895999955790523,-0.013872166621415634,0.031085306681878925,-0.0911146230312123,-0.012482156317208079,0.0005641775745214054,-0.028466584307396722,-0.0027678250359986756,-0.00231835340581434,-0.13816529612752235,0.017215776179251827,0.046587228232007144,-0.011049499899468808,-0.0016259472315848593,0.0001441646844365696,-5.61574043402633e-06,0.0023705858727979335,0.0020140961923972326,0.005485008098172495,0.009799026327470291,-0.00024609593879951387,0.005584401061276015,0.0015027997890948957,0.03138431881432371,0.01042183084456804,0.00011748673540735355,4.7470457471722773e-05,-0.0005222103700060438,-2.049756503454215e-06,0.00016328899293239008,0.000140195257984094,0.00033921832744236436,0.0013492835673663153,-0.004338240883541193,0.00010087313494435149,0.0009768437339358691,-0.03756763231888517,-0.03049281243385179,-9.37352431442024e-05,-0.00023581849742136554,0.0012598735931376554,-0.017595283209974468,-0.02163194399581193,0.0068789765052294696,0.0009862942267743404,13.042609779806831
7894,-0.001988240176492663,-0.018317167056295675,-0.17806626636081546,-0.004362381473152037,0.0034283983574870396,-0.0016976310108341045,-0.012440411339459797,0.02679880348024105,-0.09844363171846521,-0.02074394347490114,-0.000307089900191363,-0.018080112845868367,-0.0026459584461399773,9.690002953338305e-05,-0.2370636820909898,-0.015225738134651903,-0.008065175700330466,-0.0002179870879625048,0.0004651022261071462,0.0005767436950311092,-5.4784926216738956e-06,0.00028748214539404173,-0.001944174668915315,0.0032253808214335305,-0.0027910947692170707,-0.0010329712653245585,-0.006939406493537653,-0.007795250896814066,-0.004570003150312364,-0.0025151568024108432,6.593395952820382e-05,0.0011518010401942779,5.849016085710547e-05,-3.654618188514535e-06,7.544446642449079e-05,0.0003171049877712822,-0.0009185747018494325,0.0027971964311354846,-0.0012859152370019126,0.004023957894701043,0.0005154265960698193,-0.09284715926308289,-0.10261744675171608,1.7938339553781363e-05,-0.00027073846731014075,-0.0015125313868409637,-0.0074639933527588355,-0.0035008177014418827,-0.046879784057389545,0.0002115799672914692,13.042609779806831
10887,-1.1600570704284192e-05,0.004676609153904276,0.09220646415525145,0.008917131300768915,0.004527791362092194,-0.002102016626918222,-0.014658537930453982,0.02436908013595594,0.004845128226437414,-0.011907994270041116,-0.0005735393351818678,-0.032541163781132275,-0.003363666989340986,-0.0017830193092280096,-0.15990144028049533,-0.010857911845598645,-0.012443764768522252,-0.011194100071754979,-9.387013232099225e-05,0.0006551855237064536,-5.61574043402633e-06,-0.0002204502714163985,-0.0051112523367445985,-0.004019256105351636,0.011908421833350936,-0.00043024122712129545,0.00794860194326625,-0.00010754810444410616,-0.0028776975602430926,-0.0004457151729384387,0.0038804104224041164,0.0010116694957519729,-0.001491597625643776,-6.440358901335884e-06,0.00026861960391161505,0.00023974222445656315,-0.0006756270049101133,0.000208727990783434,-0.0009518825602042017,-0.0001943788185893972,0.0002510400854884238,-0.030011542090431133,-0.04802874314800385,0.0004873451040230367,-0.0006473008866368888,0.007702484874836627,-0.0007946532310892866,0.007143343007693719,0.02587284677386905,0.0019607498995809765,13.042609779806831
1602,0.0024505265412776557,0.0014577828437626374,0.046037509157593144,0.0031179856165265635,0.003694082150414569,-0.0048848641863181155,0.08177792921035751,-0.1606124050162645,-0.11516507991371959,-0.015763772886710416,-0.0068177033440216086,-0.015264365991683296,-0.003997361215716569,-0.0010290197482674282,0.1227339846157808,0.03897254148476019,0.055286210855300784,-0.00982094663104266,-0.0015772460629557823,-0.00029013642933666976,-7.059152657254587e-06,0.0004931253772991217,0.004675352522193566,-0.007569918092994092,0.03310912569640306,-0.02938339169450757,0.016388019110779934,0.005241303255415085,0.004152333305211771,0.0008334807080401308,0.0009928761147084896,-0.006823037090809965,0.002825207538717829,-2.049756503454215e-06,7.304647106186492e-05,0.00022613048316201932,-0.0011368732584280954,-0.0009524655250099846,0.0008193479940321859,-0.003381538258429863,-0.0005463297619454657,0.0995482490228428,0.10215117444544201,0.0001474826199332019,-0.00027515942650963796,-0.0053213007750815425,0.0029566275357711005,0.005688550578800084,0.013413949991705882,0.0006995754114089746,13.042609779806831
16949,-0.004335025151581238,-0.01722341550993489,-0.26265735282599223,-0.020203241433357454,0.0036070344425847716,-0.0017172245912710667,-0.010398991029826273,0.0707044694417279,-0.19212097091630642,-0.018719144436573732,-0.0002689446574706037,-0.016542888492496046,-0.0022593689263712825,0.0006427390237780629,-0.15708469110934156,-0.028639310233375948,-0.022945140795085455,-0.004741621658151741,0.0009520118285025549,0.004044991625515897,-2.003965845365348e-05,0.0002945455033078768,0.001056432547322408,-0.002129816018108917,-0.0009595504306604254,-0.0020705880459782537,0.00744394437285106,-0.004661883529186741,-0.003727768867977859,-0.0011196191820289352,0.00317424896112754,-0.004136169747844138,2.03651248778364e-06,-3.654618188514535e-06,9.845893814363393e-05,-6.378746692496788e-05,0.0017630507158938433,-0.01072994320513937,-0.0028712128140943286,-0.0013012419901267075,-0.00010181737034137439,-0.044287918954368566,-0.05228939504740579,-0.0020821183033257378,-0.00013929171163420148,0.0011796155388468755,0.000193536704291173,-0.014768123519114648,-0.0748778689610345,-0.008854008226659313,13.042609779806831
12357,-0.0074904830895778565,-0.002120667651812132,-0.09095305120051891,-0.01794195006662501,0.004561544210288072,-0.0019062101385606393,-0.013409590162247208,-0.018969803473613368,-0.005692618598804708,-0.010407843595059198,-0.00045396248581837617,-0.057350083828128194,-0.0033025000686120734,-0.005295115039929243,0.17251806392950883,-0.051451912954545084,-0.002365913235880518,-0.006679413088252506,-0.0035232807521451376,-0.00026940707724468064,-6.809756164343423e-06,0.00020121682516696714,0.0017426141467058681,-0.015694975729591953,-0.00560760906980662,-0.0001523403051006025,-0.004539222937185975,-0.000781596677356996,-0.004151931457811533,-0.0004967176402962455,0.0004220352488873623,0.001011797406846257,0.00010699961140844141,-6.440358901335884e-06,0.0001655642001240467,0.0003944775713740083,-0.000922977505927213,-0.0013461204461499999,0.0009470132797204509,-0.0006952022189254639,-0.00020908668802874353,0.0672362360385396,0.04904646571515705,-3.246155636668276e-05,-0.0004260150537731759,0.0010171274259404,-8.523972154674313e-05,0.0005514418741217619,-0.018385603290043795,-0.009909515404685187,13.042609779806831
12849,-0.0005912884587666013,-0.011249001255687,-0.21101205938921425,-0.0026287772384788765,0.004648710267923493,-0.0017947408637390403,-0.012465157672497217,-0.16919545822071752,-0.20984737553510857,-0.017867618545544826,-0.004137193042435424,-0.03609960194179924,-0.004071131883702757,-0.0007241230445206921,0.0020386406276014664,0.05608024933254012,-0.018894079722683955,0.005241660019202733,0.00015596746667836516,0.0011994612278989501,-6.099634249063436e-05,0.0005233720270466887,0.0034081223388647422,0.005659007513014718,-0.0017288384296077354,0.01059376344003207,0.008218087134123262,0.0326583322322171,0.0004171895562993344,0.002682069505360907,0.001000515428575283,-4.544240407728846e-05,0.0014052687988537799,-4.062527278505596e-06,7.129984647197694e-05,0.0004979243357926042,0.0050534812380423665,0.004480110050041598,-0.004763809523051128,0.0007368987065550114,0.0003038483611900334,-0.04245978599244969,-0.04502931770614265,-0.0011839593999187275,-0.00016466494063384514,-1.0932711314101221e-05,-0.010124504651585106,-0.0011270574520938956,-0.037823143175510235,-0.0007484467405490351,13.042609779806831
5025,0.0016985159221916744,0.012794769879485043,0.23908022308001373,-0.020569814582386537,-0.01206570169663621,-0.005331194472352759,-0.016557843103354217,-0.017452946104052264,0.005207274226156727,0.07014737632386718,0.0014326817868545337,0.10877859802381346,-0.0026048476587728795,-0.0008746240874003264,0.16971369161791855,0.02445251211819124,0.002211284821948419,-0.006954608777310726,-0.0015159055580997538,0.0011749401424063458,-6.809756164343423e-06,0.00013978634953138542,0.0037768496674139332,0.003280075218910112,-0.012875339263901149,0.0009697744880331046,-0.004177430213231434,-0.00037897078735395424,-0.0005940422667218638,0.0011730054712069317,0.0024696767557678668,-0.0001180488257097345,0.0005338509336232751,-2.457838731525864e-06,0.0003064395516551621,0.00016046770717702483,-0.0009848173166021662,-0.0013636371454768875,-0.0001330180121586084,-0.0026079420865377564,-0.0006289883015810144,0.10384117641096276,0.12038294366746952,-3.435357509274678e-05,-0.0003765253849192673,0.0045412167244623216,-0.006295870136587053,0.01058816237809714,0.07514925252629741,-0.003219929067010418,13.042609779806831
2950,-0.000556733443063054,-0.012258241434477048,-0.09719481929869744,0.005762797742148547,0.004890944375672609,-0.0016016122370631956,-0.012086725682604181,-0.028582696396780335,-0.09894589332228824,-0.0073865696818554505,-0.0002807890719579097,-0.019399104925558543,-0.0026674944153174222,-0.0004229834307207457,0.02397325604917098,-0.002872775881254068,-0.031206850775638242,-0.006024202393948232,2.3394214411739682e-05,7.202055693602111e-05,-5.61574043402633e-06,0.000278598638685218,0.001424358271802959,0.0073977513814419095,-0.0015552524748145469,0.0015867466949255845,-0.002789642442793664,-0.006329296222806627,-0.0017982456335443374,-0.0006954244122644945,0.004228749510782772,0.0020518595607347248,7.215851662320545e-05,-3.654618188514535e-06,9.443053344944e-05,0.0004226079863470955,0.0002370904181967977,0.0037857501321211184,-0.005096070807222398,0.006935190871169638,0.00032615929410055843,-0.04870312453736421,-0.008085658110904713,-8.678882289538517e-05,-0.0005550500908861435,0.0006914471960753876,0.004494360288777025,-0.007790020707646458,-0.029292400510072363,0.002522235018621865,13.042609779806831
12871,0.002224434590961293,0.0008480559735321219,-0.023607560905445826,0.0038145483585791122,0.0034981529240215707,-0.001608704461367709,-0.01206189048520954,0.018157647273222548,-0.012002522008989453,-0.027221071190218042,0.004107089888067,-0.0259260445529722,-0.0028270532574487923,0.01357384436466377,0.1583220731040545,0.011789135116705029,-0.016375784634715694,-8.437385624004973e-05,0.0012494331889988041,-9.302522082823977e-05,-5.61574043402633e-06,0.00018199885262366658,0.0014085065385567985,-0.0016055628737346756,0.03360227538980778,0.0010868981359850787,0.016932303661274135,0.012199885315284292,0.008702826763263302,0.0005275573669340296,0.0008414624420142664,0.0027890603979829434,2.217353951918793e-05,-2.457838731525864e-06,0.0001654719151247253,0.00012943843933161138,-0.0011914853078216034,-0.0009204131179452416,0.0021609000789655853,-0.0008198451245203048,0.00036767006189355973,0.12397041697936749,0.1126477144286137,0.00014557211902500923,-0.00023546610525503747,0.0014373443608824807,-0.009537748133788188,-0.006479224975575924,-0.0030732088576907518,0.002687572035941919,13.042609779806831
8043,0.000672773612794344,-0.0017651329259239647,0.12863084537907266,0.02097937538267894,0.0056047544303829844,-0.0030685163020117883,-0.015976320592718276,-0.025951537053211245,-0.0015014795330156622,-0.01491434723485935,-0.014175668682883143,-0.03977899588366556,-0.003710862527111236,0.00026747102949328236,-0.03777486268791896,0.018078875824616387,-0.02801522016439564,-0.007040106216663508,-0.0029879174776367497,-0.0011210332660046883,-3.5248116517069927e-06,0.000650700756532801,0.003764763067534494,-0.004796935804621705,-0.005130193023637661,0.001967110384321107,0.000752248401459419,0.0032196587125537805,0.00417421162327495,-0.0007485475084880035,-0.0031027525424256247,-0.001998667325350596,0.000176935041082089,-3.238900849235783e-06,0.00027000618229600993,0.00043658212649664533,-0.0012134317739593999,-0.001425058292789639,0.0008683269063231717,-0.0004547792896006975,-9.052182692687668e-06,-0.05963779863086709,0.03222268748179429,0.000574946982107809,-0.0009315173257124072,-0.014216524317652423,-0.01860083616213781,-0.00316343641107639,0.03703889925719114,0.006259482079792215,13.042609779806831
11312,0.0006810561147456342,-0.014814597211518886,-0.17240407740030467,0.0043688233873313016,0.005460883546699015,-0.0017045846714125882,-0.01018223191849287,-0.022145416060704377,-0.16782369812330708,-0.009455154384567382,0.0012864951054768954,-0.014240169828211767,-0.0029248019486308994,0.001568965614969561,-0.01215706639401881,-0.006151465023790544,-0.012683933663132627,0.0024512241043935434,0.0013907263578475553,0.0012265401241438457,-5.9596638945203255e-05,0.00030111053698495807,0.0007547262276787846,-0.0031713154510799543,-0.0021598564351489984,0.008009492609103039,-0.0025340280218826157,-0.003353289933534228,-0.00118651920724801,0.0007287903776086722,0.002257864192229189,-0.001279929413169872,3.880512014161937e-05,-3.654618188514535e-06,7.907361404759899e-05,0.0005181238024770793,0.00017854130495168489,-0.002165856140868419,-0.004091525231093428,-0.0003837609902683385,-0.00020670891290164707,-0.07594872111703183,0.05236358252770553,-0.001209525873116885,-0.00020459934154478727,0.0004995752123999509,0.00016647007097609647,-0.012521515279035703,-0.04281353542021955,0.002974582208518421,13.042609779806831
4366,0.0014058380401221777,0.007372541773920986,-0.03840708763871369,-0.01091510925477218,-0.0001454769009009749,-0.0018615931560694483,-0.012420041767485445,-0.017978180061265996,-0.001883673961089662,-0.00866757492585746,-2.6818593693517416e-05,-0.03392121254786796,-0.004390965175878139,-0.0051896602785488745,0.16255470809844938,-0.045527313102073835,-0.004759019101822587,-0.004350112935736544,-0.0008597183640778671,-8.727549535769676e-05,-6.809756164343423e-06,0.0002385290908004549,0.0019686807567795735,-0.011413135602354348,-0.0022745919286869115,-0.0002589821591041502,-0.003180158132274316,-0.0020162972190298166,-0.0017935234640632277,-0.0006189053415008825,-8.853034756179339e-05,-0.0015539270082972733,8.899830407469532e-05,-6.440358901335884e-06,0.0001655642001240467,0.00017125801393331157,-0.000852358795742699,-0.0013229257423198967,0.0011675567251694546,0.0006143773380409263,-0.0002518557588752553,0.07391842064941018,0.04993764605585618,-3.246155636668276e-05,-0.0003188122893846539,7.489951885977887e-05,-0.0010165933838562808,0.0019178285663978686,0.0001096093691403872,-0.0064091763482054176,13.042609779806831
13087,0.0004348243377967563,0.011125646877041448,-0.09604008663840295,0.0015470414004317798,0.004793050586056034,-0.0019958048529493586,-0.013965291326674695,-0.03120773815259035,-0.11374385581907916,-0.0089487422173676,0.0026548893554586422,-0.015249263797452698,-0.0031103067765434053,0.0028569931246394224,-0.03815169500999608,-0.008819020624958623,0.026077993750636585,-0.0003156682532894562,0.0004760401118158022,0.0007460582299887997,-5.61574043402633e-06,0.0004587435903644804,0.0015705031376432085,0.004148261862540595,-0.005747992530368888,-0.00034097529840590896,-0.01004310963527196,0.014914901631111798,0.006306451774457593,7.521323376433323e-05,-0.005189422781149167,-0.0031501117490371363,-0.000274198587891181,-2.457838731525864e-06,9.423273302634348e-05,0.00029870678765447304,0.007963299870114428,0.002763418851301497,-0.0036296398907802075,0.00010821429171976606,-0.000255927248555912,-0.08071053637800747,-0.08754338381249326,0.00011001299220693676,-0.00018029725753146637,0.00855193436323883,0.012786533018600412,-0.0219689376438733,-0.038026209234771666,0.0007127798239237787,13.042609779806831
7487,-0.0003318340345583841,-0.0020817765343945113,0.025974463614142452,0.11033192600037298,-0.0032768781485677536,-0.0029878344281849736,-0.013933497158910044,-0.025809087619871544,0.14440038917506098,0.01614920927817618,0.0030905930388521485,0.00014216909533722497,-0.0026898706833307965,0.0006364280849059219,-0.0469356227143409,-0.0144209030666719,0.024985783147604877,-0.004028460414928029,-0.0005610958417627025,0.0002726561276607174,-5.61574043402633e-06,0.0012812862321796863,0.0039392272086087145,-0.001662106762720176,-0.007465974475516088,0.004568919322233715,0.0015675473051206463,0.00042741790211996,0.00025775802700810026,-0.0007443327654722653,0.0014370176238771412,-0.002692979874241944,0.0005724940918519542,-1.6677947785120514e-05,0.00019392547081455193,0.0019386112086980443,-0.0011862997374534011,-0.001135540154893426,-0.0003913616331024735,-0.0006506548117846517,-0.00036150183888466385,-0.048620599613073676,0.01154358553179558,-0.0001032434357254295,-0.00017136857226221686,0.0030287624346715994,0.0005673855340191924,0.011471981248980249,0.014395168196493125,0.03341365315196446,13.042609779806831
8539,0.00013359978258813327,0.0019662549681831207,-0.07384923948172999,0.008137623154520105,-8.373844258203674e-06,-0.001556270149626664,-0.016261689427445648,0.019722139082576345,-0.011506552950160573,-0.016931286382433623,0.0007474173770902865,-0.02548505098347207,-0.002830264949653393,0.020464646279357825,0.19146556002348133,0.055158538040122856,0.06413759846998102,0.003540464595154088,0.0019938987428543046,0.00024673331599114944,-5.61574043402633e-06,0.0001726696036596526,0.004081409852168383,-0.001941577259202943,0.06374850494476361,-0.00030814282507710784,0.018970695100321632,0.01221011818138655,0.008279342430230242,0.0006656180023606037,0.0017604849927437129,0.0033475757149536785,0.00011172278359773104,-1.4518482416225084e-06,0.00023168123455028788,0.00018141021793418138,-0.0008948675440953391,-0.000603976136877604,0.002940596964890081,-0.0002961957551004876,0.00032135161606635423,0.13859634448163757,0.1266196183493226,-2.370413010264557e-05,-0.00019946638816654218,0.0067062501992906955,0.0009909692254246624,0.004266416812336521,-0.017942212564885082,0.0037308928722101196,13.042609779806831
10006,-0.012171565022279977,-0.018829672746381802,-0.20919954127039356,-0.008498906063659196,0.0033279712200185887,-0.0016843582054381766,-0.010585421391164281,0.03491232383410177,-0.20813870553515376,-0.027766986617905033,0.00018043716790411553,-0.015535980266135483,-0.0031473158207405284,-0.0017339497432663788,-0.2987938158443916,0.004921941447983398,-0.04920613328693876,-0.005090164066381211,-0.0007823749122640095,-0.0033775921504000015,-5.9596638945203255e-05,0.000269613150693294,-0.004027885861851016,-0.0018752241504809556,-0.0015071711342677099,-0.0033574763835994797,-0.014660177658945473,-0.01051942727450272,-0.004862161793711079,-0.001657488480544181,-0.008164691833490874,-0.0007091966823250138,1.5668149895241686e-05,-2.457838731525864e-06,6.591329189548133e-05,0.00021215196885418565,-0.00908814859250911,-0.00014126481836388544,-0.0016462370514996165,-0.000613056026081679,7.129011989394785e-05,-0.08468246095842737,-0.10927214544659762,-0.00021094534494524295,-0.00014980279375501916,0.00027327483381604014,-0.003870765676323836,-0.0065882721263001666,-0.05638200103684026,-0.003369265780830914,13.042609779806831
12277,0.0012611394956988692,-0.0016593315429466848,0.15661339503079183,0.005252857268778486,-0.001020247647733162,-0.002739018119982445,-0.01663734156652939,0.019168482479155084,0.17460369934066852,0.044571372584121804,0.0010036401326932614,-0.03089947434542056,-0.002656062045088695,-0.002618131392453062,0.10998264795169661,0.05534328791397763,0.04517998722393543,0.0029777405938171066,-0.0022360265489162422,-0.0014036675644527692,-7.059152657254587e-06,0.00017711041940903662,0.0018761754333514796,-0.008264168923473265,0.05372336566403962,-0.0030733465200227877,0.0063201437044847885,0.004625299386980719,0.002760600953879956,-0.0014449671812693612,-0.0002847793027645334,-0.0024648273347611487,-0.00030133930334299164,-1.7362314208617246e-06,0.00023006528170408874,0.00013327595191353392,-0.0010903305587371369,-0.0011472323618019471,0.0029801754833988755,-0.0013853064981761845,-0.00047153917963623003,0.06930152137311325,0.14748008072288166,-2.060572411556139e-05,-0.0004339169829718499,0.003606078677046378,0.0003664462772536742,0.002403968923295038,0.036464769225866514,0.003329295583248371,13.042609779806831
14571,0.0020879014596284413,-0.002312166393815772,0.16854677612025518,0.016573016642563304,0.004059413645822122,-0.01028103288492294,0.09315174873527064,-0.00942143912930564,0.21616801572892053,0.021279713994954305,-0.0023497179819949895,0.06207934559185143,0.08309118038574365,-0.025769476590257776,0.14259967139469137,-0.028303936933891192,0.06804759787040877,-0.0030394192007279293,0.0007293324779168431,-0.0006921863681265343,-3.5248116517069927e-06,0.00041410743598626395,0.0023796736109270725,-0.004608799689468776,-0.007655115683167447,-0.0009118972420790182,0.0015162980502132241,0.0013373989323725438,0.000719786927715573,0.0013930201340509106,0.005175474013841881,-0.0029319333871552127,0.00032554400121253136,-2.6908251758765013e-06,0.00010762337658086067,0.0003928477755123544,-0.00087983599746808,-0.0012323269570022222,-0.00030292174455082615,-0.00274131872567168,0.0008801993179810053,-0.03933950251974868,0.021227532317476167,0.0005979302645833798,0.006889563490309357,0.000424261618946245,0.008528378810439228,0.006597805777830279,0.05076366576203334,0.0054925760971348036,13.042609779806831
10572,0.00048781902012505246,-0.01196427420480793,-0.10745113285859849,-0.00412964968106958,0.0040962729117735965,-0.0017321385535223556,-0.011633697908236047,-0.025057353862205024,-0.09750890377235391,-0.014478980335148653,0.0020256046091290973,-0.012679313467559624,-0.0027689617904768033,0.005258992339104674,0.05059953845367076,-0.0025248004946005487,0.010653862835530237,0.0005006549564329251,-0.000718468647590672,0.00018739288513443914,-4.626459233421365e-06,0.00032468081898077473,0.0012767794856890888,0.005479378037652611,-0.003050215829228151,0.0007457384754130518,-0.004114154524738858,-0.0027628698088152702,0.0014476820924090837,-0.0005468954246363918,0.0037008619557059416,0.0050473890761705996,3.4105180355976206e-05,-2.457838731525864e-06,9.443053344944e-05,0.00029743871358769373,0.0002097567594159922,-0.0012107105640157085,-0.0034306990832047987,-0.00019158954267593792,-0.0004884785410951075,-0.011475954853574086,0.0341201692382664,0.00017283083020430692,-0.00015335397919435657,0.00892072080521878,-0.002147141965038418,-0.017928258400157424,-0.02841465952919166,-0.003906315335792746,13.042609779806831
5984,-0.0008040630792266056,-0.012682139029214435,-0.170721120586356,-0.001973485009059316,0.004179904582780663,-0.0016771411394570126,-0.011021063514562406,-0.02040647639023643,-0.1326253606451642,-0.013694067017338368,-0.0015503341214578227,-0.03971861913825377,-0.003390474381724009,-0.009633020018195394,0.1745418208837594,-0.03928111184989531,-0.02250427516185032,-0.0011274809655358485,0.0008853539199973906,0.0007985833087377383,-5.9596638945203255e-05,0.00023105068101560194,0.002527488067351304,-0.011285897574848703,-0.0013876468221189666,0.0019632735587658463,0.00355874084627798,0.006142817638038524,0.003595190352151501,-0.00017472071755272398,0.003752123493673182,0.0009021110515076238,4.672405710790507e-05,-6.440358901335884e-06,9.33177330827523e-05,0.00048109499951868613,-4.5931200009333675e-06,-0.0014557763837219587,0.002625251279809134,-0.0013845925209224825,0.00027860234071010875,0.07552321994387527,0.05345440540225884,-0.00023966766248823636,-0.00018903583101553137,0.0013018965512948037,-0.01085077853734096,-0.011159710570392199,-0.040783222272575366,0.005859094065381161,13.042609779806831
20207,0.0013303297844642625,0.002892872049154075,0.06830480766972395,-0.017959468501788527,-0.000643320847899339,-0.0021095430644334024,-0.013085166028836604,-0.015381146766194396,0.013381265861591132,0.021452500842235753,0.0012260186061396829,0.09513021437904286,-0.0028572209503815054,-0.0008997534186639079,-0.21480263774442587,-0.009420164116792556,0.030262966170166456,-0.008899407202266243,-0.00011779395790581779,0.00014734000936453176,-5.61574043402633e-06,0.000170915832057812,-0.0015759284600220204,-0.005297571297205119,-0.003771166583784666,0.00013727093708359222,-0.004896918667736473,-0.004102889634236033,-0.009537755404177181,-0.0013510502516391593,0.004385892241294894,-0.00038317910961174523,-0.00017471886996695595,-1.4518482416225084e-06,0.0003362024180912672,0.00015716079443718546,-0.002621613018028389,0.0007918931471303226,-0.001301762609360114,-0.0007105573348985266,-0.0018562536860582668,-0.0860165761521008,-0.0967238938698201,-2.0469308160278138e-05,-0.0003344618279536428,0.0014870459365368498,-0.0042506574072951565,0.00748155136648295,0.023460656605299685,-0.005002009184938907,13.042609779806831
18382,0.001620029025253472,0.0038748380305403817,0.13348882164361484,0.004913066227074853,0.007241784762914193,-0.013734205278907268,0.258352043988926,0.019056866166040874,0.33568954959198144,-0.018631560209314394,-0.001244749055179552,-0.02155318488307787,-0.0044247433947452045,0.012484952335542691,0.14615212778985162,0.053594958854217445,0.04366098623284624,-0.0031826108496063963,-0.0012557178579573759,0.001834420261826935,-3.5248116517069927e-06,8.317301345520933e-05,0.010771441474256823,-0.005679173349802613,0.045367515012035974,-0.000789883027646464,0.0010732275295433887,0.0017846620783104352,0.00043970731422210104,-0.0018692242576395547,0.00014777671187217968,0.00673079075266456,5.379246819691411e-05,-1.4518482416225084e-06,9.76463107724946e-05,0.00014471561649300526,-0.0013331660544915996,-0.0032598386383510185,0.006203729230114653,-0.0013664678060298853,-0.0007550245463527614,0.04707317918901562,0.04884465027392933,0.0001474826199332017,-0.00043369543819470524,-0.012818546253000641,-0.0049020762583690475,0.019733739546864287,0.03441902556952143,0.0006603852607382807,13.042609779806831
5421,0.0006977443193857343,-0.021849495785172004,-0.20972999849992885,0.004524684817257658,0.0046006862574967155,-0.0015893926399156012,-0.010574238427143313,-0.007994695378787423,-0.12916904939221519,-0.011450095511501966,0.002423859764896555,-0.025627905684081694,0.12915115772471003,-0.0014566109874611433,-0.1976970510408055,-0.02176331718878924,-0.042103587598023684,-0.003879616679716703,-0.0007618952319846688,-0.003926123665920549,-5.9596638945203255e-05,0.0002795879127190853,-0.003599286349447298,-0.00814644441561103,-0.0005305915852868498,-0.002559374081708636,-0.00674740787761349,-0.010387797337260316,-0.0048187880556492205,-0.003014178023410973,0.002979770830949096,0.0017667194818519565,-0.0001675520088548755,-6.440358901335884e-06,6.125445713117123e-05,0.00048527610499356254,-0.005490095814337126,0.002756217824181384,-0.0008112822030019612,0.0003166002588617796,-0.0006813938541378246,-0.07892480638100174,-0.10393896740546245,-0.00023054531833053174,0.008853348837752097,-0.0018346147544958948,0.015599408783886775,-0.014226235763699567,-0.04921611445031795,-0.0002168999675952207,13.042609779806831
6972,0.0023075659546163536,0.004141742256116122,0.15261594313750587,0.013358198573365976,0.0038352038672182726,-0.0027366977387032533,-0.017338822016604014,0.02081616676337549,0.002844176651510476,-0.019927637643078814,-0.010765892169598005,-0.027698382536444632,-0.00366595168155044,-0.00395167972451126,0.11387211748455406,-0.03809651735251073,0.03482566961859532,-0.005416177102580629,-0.002582585774573814,0.0005817614796781416,-4.007220822214023e-06,0.0001160086497337222,-0.007018617302305277,-0.00645109590477965,0.001792359630564713,-0.0003174678774082695,-0.016722886748489627,0.002787117857696502,-0.0014053950960336821,-0.0014034088838911637,-0.003077912456891065,-0.001801567656277887,-0.0007426810909348895,-1.4518482416225084e-06,0.00016194392824021885,0.00013873952466673175,-0.0017555977728368239,-0.0004905718665723507,0.0010603349436508265,-0.003402393452140458,0.0008668698127234783,0.0553727929289863,0.11319401616498308,0.0001474826199332019,-0.0004427474488814793,-0.02182933909490749,-0.002336482150058751,-0.009865606519087888,0.0465093476627644,0.0053918806226395935,13.042609779806831
14413,0.005520880148767738,-0.0004272027079410642,0.06811385299770867,-0.0007022024541647242,-0.0004171678171033731,-0.0022952581726670062,-0.016335146531716957,0.02000242033792858,0.006525974449449414,0.025265687179570725,0.000560326167403837,-0.01828311921341589,-0.0028437629183141844,0.005581656991811506,0.12877462390489292,-0.029481154000303413,0.013864317246753943,-0.00028259904714167275,0.005241015074963268,-0.00015314915619488086,-5.61574043402633e-06,0.00047511975094421054,-0.0018081741938121647,-0.006785338917220864,-0.002196642942016646,-0.0006494920824973144,0.003956886966818364,0.0023795732139469195,0.007667632593744759,0.001836053890684151,0.0013795594816476712,0.000508637585593118,-0.0003859626753668334,-2.4029116778398554e-06,0.00023390812169360974,4.118175717094609e-05,-0.0007962043630720633,-0.0010648329549452485,0.0013854623533129395,-0.0015728758352226452,0.0002932135659759088,0.0527986794290845,0.037626741244126724,-7.430756118073877e-06,-0.0003198928107571223,0.005127730034734761,-0.0030662145186380143,0.0033703609809463604,0.0015109643703799078,0.0025742350302510168,13.042609779806831
17479,0.0042799967461443515,-0.01130659053135126,-0.11637510717432675,0.09307199031231286,0.004936685615600965,-0.005832239182478554,0.08841002457604144,0.04485763263062079,-0.19995634025153577,-0.01574760761914609,0.001162698695050347,0.023724986378420583,-0.0007763828174456156,-0.00041668298394419346,-0.010536454213052658,-0.026028400831777602,0.042565001359236736,-0.05080886111002987,0.002100087249495127,0.0023450803112100775,0.004314985343674644,0.00019980599320780756,-0.005905807436862438,0.002188581003095041,0.0005537167732879594,-0.003892090996710292,0.01476855826531212,-0.0036595318387580003,0.007605177353259428,0.0017212149309238196,-0.003104875216065542,0.0012725967272486545,-0.0016882251532789388,0.004153702968739112,5.7133575911075526e-05,-0.001202487275637612,-0.0013787664030723104,0.0029585949079755877,-0.001654459551845135,0.001127363405193135,-0.0009045997622006359,-0.04356700763492342,-0.017514830434772134,-0.002070279509570372,-9.904944520131428e-05,0.003883860013878445,0.00930225992930805,-0.013508333134467717,-0.04505229673262457,0.016396222559224117,13.042609779806831
3970,-0.0048315670949690415,-0.028243119320019414,-0.21786674137391546,0.004436795756816624,0.004291199923384133,-0.0017021685764009602,-0.012367707504425476,-0.03090314515724909,-0.15642938964042472,-0.020950591511335045,0.00026256054113496486,-0.02157050593368967,-0.003630285726274657,-0.0010615210578165286,-0.1623273699274735,-0.009738810261028755,-0.02505762364317313,-0.007697586413823757,0.0008483915756595444,0.0030289643803902396,-6.099634249063436e-05,0.0006383777600963797,0.0014020593369622224,0.005347684245467427,-0.00307037967310191,0.001551503689302115,0.007412608895577798,0.0406119206077925,0.021443801204384393,0.004510341416506805,-0.005035162002773825,-0.0028897210472333544,-0.00024265916398277283,-4.062527278505596e-06,8.851529501837945e-05,0.00048686740019743973,0.0004107446420020787,0.0011023878885275222,-0.002917335380068639,0.005262892760894925,7.752434438419275e-05,-0.07971465208318668,-0.0928032458252127,-0.0002475205283595364,-0.00036651530940441147,-0.0012488778512223042,0.003972307976882922,-0.010670036820717991,-0.06318826305782611,0.0013314112392943597,13.042609779806831
4436,0.0014171251737505163,0.017137873626818827,0.13854181933995702,0.15490760239261125,-0.002609704959794401,-0.005602070330190305,-0.0080218737341351,-0.02288378945768949,0.17841725585772308,0.04732197311766948,0.003350139032545162,0.041700166276720095,-0.0025478598078226768,-0.00044832993654066395,-0.17795455401903684,-0.010948453547563361,0.016417582706676113,0.03958696681821413,0.0008022534723180883,-9.898677898535813e-05,-5.61574043402633e-06,-0.0005948109306066132,-0.006850282991917708,-0.0007750090606657256,-0.006319882084048451,0.004040622472765926,-0.004650637009900323,-0.001917352212413061,-0.0020114292801723444,-0.004679306809588431,-0.003380939179006474,-2.6344150825662724e-05,-0.0007425351091723776,-3.1639094496837126e-05,0.0001089256149108481,-0.0003241742538273587,-0.00041070449240279477,0.0005090829432335641,-0.0013787618073675997,-0.0006493757789609638,0.0002536217871478781,-0.06543842650802219,-0.10679310568165563,0.00017290918137478784,-0.00026808926817777523,0.0032762512617896225,0.007137900850409784,0.025691823938702424,0.029740184860000848,0.038657545196495176,13.042609779806831
11958,0.0013768656148094706,0.0032723536044617727,0.004734853842173486,-0.008024544149207747,-0.0017512525796545477,-0.002240316781500062,-0.012465725211866343,-0.021727256485536726,-0.10107651101295109,0.00404677611539358,4.443438800199423e-05,0.022381352484195746,-0.00309620625961479,0.012466686483733107,-0.03903660329297624,-0.01523583244512088,0.011885763557432172,-0.0010575773844671084,0.0015084263116583972,0.0006750329655193609,-5.61574043402633e-06,-0.0001658891082880749,-0.0032720800769427054,-0.002465404093824146,0.005899478621746685,0.000758545868235444,0.006859739544965344,0.0012007651519588566,-0.005182799931499258,-0.001327723277115942,0.0033368512952240484,0.0010603641529121815,0.0036526276456913254,-2.457838731525864e-06,0.00023641462793453434,4.73301607695777e-05,-0.0008011569762765367,-0.0011332341031320009,0.0002698415617350346,0.0011044860603074476,0.0012077105645092695,-0.04511680174075104,-0.038113308574660026,-0.00011474401614399089,-0.0001361424822240041,0.003329269032197316,0.002270439828387868,0.006805343727193097,0.006658068899656487,-0.001993454658085352,13.042609779806831
3708,0.0016295791451279723,0.01621870526883827,0.30812733423167954,0.10835302239449465,-0.005690477173995625,-0.007909153880960982,-0.015470320504290416,-0.014143823391437063,0.4509046198576283,0.09808471105749443,0.005048641021154406,0.06340708478695938,-0.0020449010024001834,0.00010816017724179123,-0.16334944205278565,-0.019832948950178227,0.061240185350856936,0.02527605770604313,0.0004071915827804002,0.00015602745231167275,-5.61574043402633e-06,0.006165716527940741,-0.012170343338342302,-0.0010686328921366576,-0.01877745186733946,0.0008232866814946916,0.007152643893553245,0.0022716967249839185,0.002954290083190911,-0.002569396444757577,0.0019166991677023073,0.005843476106232328,0.0002922751396600702,-2.6483370053677158e-05,0.000176417863866166,4.9322845094539236e-05,-0.0011387485387829208,0.00040661256729808025,-0.0006970797836454302,0.0003525672108309813,0.002851098852156491,-0.04349377199125019,-0.0916165496322453,7.650021479699607e-05,-0.0003756872244180238,0.001741790820087286,0.026049650245926967,0.00987612406542178,0.07020742543708292,0.026544201840994028,13.042609779806831
9625,0.0011991834695920312,0.004565257976917864,-0.003781705734913784,-0.007826142063913603,0.004876442241114923,-0.0022991222069417318,-0.01433275664886374,-0.025430525134650786,-0.08861202849761507,-0.014709806940189493,0.0005216548769719633,-0.025743439567116944,-0.003084862281186153,0.000520915879450729,-0.16775281005196782,-0.002991297019825786,0.01336282205393959,-0.008807970009185066,-7.924998032740043e-05,-0.0013712925361876725,-5.61574043402633e-06,0.0007413847635170911,0.0014113953378193586,0.004125366671893195,-0.002590972331060109,-0.0012849274543493294,-0.006766482673425766,-0.004376400755717423,0.0030303928098907185,-0.003526945221788114,-0.002975662599144405,0.004299089068411472,-0.0012411561600994762,-3.238900849235783e-06,0.00010900316519067601,0.00021283821047076652,0.0006358009672399633,0.0029117050796452124,-0.005568568675774501,0.0010674181308782938,-0.001249114859256658,-0.08878407094817863,-0.08864521835914241,-1.529421767901836e-05,-0.0004515162744487437,0.02195320139858201,-0.0023361392949956504,0.006643825881925591,0.004100791870267545,0.0013503677325347196,13.042609779806831
6305,0.00035651233853795734,0.007001307766377939,0.011756881832064123,0.046573677141812604,-0.001375643216033259,-0.002275509354735803,-0.01244525768552817,-0.013463411430105609,-0.09786102504769412,0.0066984174075109355,0.0004538077955095391,-0.00792712162582209,0.10989864187425016,0.003152950040065433,-0.10471931011436553,-0.03398985051424129,0.010085395321963434,-0.002564801851757012,-0.002331344709860094,-0.0033614763540707614,-5.61574043402633e-06,0.0007259066971362792,-0.00875960405767577,-0.001978190960658548,0.006249749032422182,-0.00011632304752846729,0.007247138103749836,0.007841110070899828,0.029045588267067757,0.00893186976244293,0.0011310374651671816,-0.00243799786906575,0.0031122029737778415,-0.000358930864652937,0.00015364234092063724,0.0005715354854593605,-0.0008888957856513093,-0.0034341153978966754,0.002866870773950298,-0.0028450076709345493,0.0005105711017441727,0.04242893017427535,0.04637513054811306,-1.936138057681687e-05,0.011082586416744304,0.001613297906945331,0.009502448030287285,0.012206907586771922,0.0013096406034189205,0.008556212932357678,13.042609779806831
8621,0.0025208349571387944,0.002959968245370015,0.04794752219122399,0.009795191568963281,0.003841308642984455,-0.004926286968523343,0.0793286046610341,-0.016407595818542585,-0.002706360390348273,-0.026642924969372598,-0.008208742038025916,-0.019708876872194563,-0.004531368382034324,-0.0016330458391166057,0.10054467429054455,0.0006864649486508647,-0.02099704710316602,-0.002804730979244908,-0.001297482372500934,-0.0003670210831480282,-4.007220822214023e-06,0.00024197706802185694,0.001309907193269902,-0.0039211989578403425,-0.0038502932992147128,-0.0015792972770909477,-0.007317163311992124,0.0023456016554897294,-0.001201438766633464,-0.0008812216389322271,-0.0015161544544029,-0.0014716647139098292,0.00012768797775306083,-2.457838731525864e-06,8.631131352754787e-05,9.37214173156832e-05,-0.0013734876283316177,-0.001627771304095763,0.002666202086928692,-0.0019348136679502154,0.00012378574975217005,0.08321183132452199,0.08961483044010202,0.00015110256261761465,-0.00040211824788615613,-0.014771759279253642,-0.0009455829224007689,-0.007864692834951652,0.004188192282387492,0.0023432847232784473,13.042609779806831
408,0.0005339849705887369,0.005658544433646559,-0.008746190487000871,-0.004261946853559955,-0.0019584930986790237,-0.0020576086118741705,-0.015217194549824967,-0.018143451365192197,-0.000510094914730819,0.003935395398223221,0.0010456570606464416,0.015850265138521908,-0.0028826508180147124,0.018828277666427033,-0.15013611107236444,0.0052063796526285065,0.02489754603258947,-0.003278324714533368,0.0003720692414223401,3.848357735275624e-05,-5.61574043402633e-06,0.00034270526116520053,0.0016850624540120024,0.007007849635644932,-0.003812013079664584,0.000743207878545469,-0.004606554432007765,-0.0029623329265777566,-0.00886102238436037,-0.001997703886201518,0.0012898830574154627,0.0023297477803985206,-0.00018777853377541226,-2.457838731525864e-06,0.00020415172036351875,0.00010308357141851876,-0.00030071101832625463,0.0008093382855226347,-0.004280171418682805,-0.0004919119890546725,-0.0009722412414531518,-0.08563025740918695,-0.1085857308059454,0.00018446270380895319,-0.00021164223688020944,-0.0014346870819433447,-0.004755395102575491,0.007884046861434835,0.0034412242002777446,-0.0009780184801690725,13.042609779806831
14575,0.0008949276340501109,-0.014168736652384826,-0.1701434754795071,-0.0027692432364237857,0.0033907423992468404,-0.0015991458450872824,-0.011161699338660564,0.02435769036357083,-0.16515936521915953,-0.012904201077625315,-0.00021204037561083587,-0.024834214977894137,-0.002409014478548074,-0.0013437763401030179,-0.15993695819392711,-0.024038400166364656,-0.025347967347533362,-0.002781913958468674,-0.0010441842110601792,-0.0017037968707238832,-5.9596638945203255e-05,-0.0002242876991561561,-0.001648029899887816,-0.007325061500878801,-0.0005918938225309233,-0.00574733113359576,-0.005915792190034194,-0.0032505348491590766,-0.0039024393143396352,-0.0010312570744520132,0.0018415941038154942,-0.0015531963828650012,-0.0003917706719560103,-2.457838731525864e-06,7.7224929065737e-05,0.00019781342846779835,-0.003597764655082869,-0.0102422956993572,-0.0015175757540594529,-0.000524319832838095,-0.000652043303115592,-0.047520413495254495,-0.05244824715695798,-0.002052893895613613,-0.00017801235356131877,-0.0012362304405711187,-0.00311753833152533,-0.012641829812826189,-0.036801448150654725,0.0016542265696775766,13.042609779806831
8518,0.007004421274753872,-0.00244604221191978,-0.018485001548849894,0.007008414171726729,0.0022088001099849716,-0.002192127047865679,-0.013010534870785595,0.017864328648362113,-0.09380240003908169,0.016751019284152187,-0.00016693856416394415,-0.03267501138949928,-0.002775471843065985,0.004952288635319245,0.1655512644121776,-0.049372198710751866,-0.02831479695162526,-0.004426640086652323,0.0003137967424216093,0.00041739515975514475,-5.61574043402633e-06,0.00019817431196171416,0.0017322674715373552,-0.006803692341305408,-0.0024987310447020746,0.00020405299585793892,0.0006689311822909496,0.002119261702604632,0.007843067312659673,-0.0003749497227530067,0.001959975335488823,0.0011930130291440653,2.868976793055094e-05,-6.440358901335884e-06,0.00016128928629812803,0.00011930076621067775,-4.402222488067408e-05,-0.0009704454696043696,0.0015194733783535667,0.0004628567970338001,0.0003567129821706326,0.06677844244857319,0.04539437216560304,-2.6464498163406227e-05,-0.00018241457356907168,0.0020991736421168737,-0.0018592139346051918,-0.011942001574327281,-0.0001007681408404858,0.003399067871011616,13.042609779806831
13650,0.0007137379535660417,0.005233480501866917,0.0329134281831485,-0.004793154368064974,0.003929408350524781,-0.002124383020294092,-0.013584575308433017,-0.028992786336213276,-0.1086926751535236,-0.020269897084035676,0.0004665028806377711,-0.01647980549811268,-0.002790843758045874,-4.970336284651453e-05,-0.10575378667268279,0.01186714056670542,-0.01888627672370602,-0.010669200042317247,-0.0010712940388900637,-0.00042572806772586604,-3.4489312137080308e-06,0.0003770329513957305,0.0012924251461849262,0.004103821540036517,-0.0047973741084599624,-0.0024196334633525447,-0.003064052726020084,-0.010555317904705328,-0.004594763955876584,-0.0005990476414390771,0.0027801556702473536,0.0009504748760597917,-0.001237064723325882,-2.457838731525864e-06,8.634249614782226e-05,9.184917692899704e-05,0.008052769185217511,0.0061272403284003745,-0.0016859191123180062,-0.006314202518544964,0.0006166624165453103,-0.07446766506118788,-0.03923536173883049,0.00013342964964691484,-0.00041000464957578075,-0.03219884037903075,-0.000982311884985903,-0.024543993855117137,0.001893621486806882,-0.0034335507848273343,13.042609779806831
15588,-0.0006051958993007752,-0.008321901408748214,-0.18902704846799712,-0.009599409597647872,0.00390862925225345,-0.0017590352671802568,-0.010729680145967984,0.048683596873806925,-0.1718494899117876,-0.030409450219810317,0.0001927289908124578,0.021096814625743806,-0.0025180687172412747,-0.00043202814683886766,0.07419524290213453,0.03535606516631465,-0.027095964224165624,-0.0006310101463241618,0.0008109814484752334,-0.000689623983808714,-6.099634249063436e-05,0.0004128009716509457,0.0013936705902217205,0.004171289309826828,-0.0015725258462683184,0.0045684690280824785,0.0013094285600885114,0.009438028706536693,0.003025214645067471,0.0032256650219698074,0.002319617911208678,7.547642405789139e-05,0.00025026802695626816,-4.062527278505596e-06,8.6864410459614e-05,0.00030520114755931574,0.002877276078213303,0.0034984364006105414,-0.006479649752604706,-0.00020896427617923642,0.00033965737411802355,-0.049587074506339084,-0.028529143155218258,0.005700751681628338,-0.00012470376726246292,0.010637081049431832,4.7286692347109996e-05,-0.008288929121273722,-0.04168949735427545,-0.0016468906592944815,13.042609779806831
1819,0.0012472490292068322,0.001173910121696133,0.09216771135318483,0.006798349355910765,-0.0005534517973270801,-0.0038894864971116077,-0.01662670931206899,-0.016753683914652606,0.16570271723922073,-0.006935562444363301,-0.0025072582949346505,-0.04705086851680512,-0.004777318102881517,-0.020205524595450507,0.13408633806146994,-0.024001713510863127,0.02123307067514107,0.004341023090767003,-0.00048365975362358053,0.0007122124002646965,-5.61574043402633e-06,0.00039683454318734183,0.0033120583857042187,-0.003106533455371567,-0.00524773065710829,-0.00020977449444921625,0.0013606659877921424,0.0006583560514763414,0.0002596169910528837,-8.159092093517191e-05,0.004195294871999672,-0.0004048278208152687,6.551232784826117e-05,-1.7902542066512128e-06,0.0002729377390845445,0.0002885796525849018,-0.0013070631545416928,-9.922647612790303e-05,-0.0008264617670543712,-0.002669801525255522,0.00010290843434723415,-0.045413323343934504,0.014521532150382061,0.0006010826724534506,-0.0008301751101131695,0.012609743943471132,-0.003017937971590911,0.005380321595501618,0.021015893088801064,0.004116042899671173,13.042609779806831
11333,-0.0010463779601570487,0.0019903332802186707,-0.0276288707471909,-0.0034578682417519954,-0.0008642950967716859,-0.0019717048238675865,-0.015667595572173967,-0.017604477489968032,0.0043991415315322545,0.0009615986237865117,0.000637544023694148,-0.014291440228666968,-0.003879718629417028,-0.0010028595588864738,0.11335444543111217,-0.04702007972082863,0.01863717830697095,-0.002600664281793101,0.00015831741359692507,0.0004583977198597105,-5.61574043402633e-06,0.0002787123138164973,-0.009770148572794932,-0.011558269376626218,0.002791720134359246,-0.004527725272925635,0.004626621083142706,-0.0011189685617113436,0.007477075864314685,-0.0007700881232719625,0.0007214611419906136,0.00017388028173296983,-0.00028892340348359014,-3.2628463888164725e-06,0.00023801905763325566,0.00030628100832450676,-0.001214253651457471,-0.0008514011316745384,0.004184820031066963,-0.005570927090005536,-0.00024239727802326965,0.055697199711607116,0.04095260777333918,-2.3671443077524602e-05,-0.000267278590408795,0.005121051499167137,-0.0005877483876772914,0.00379437877619565,-0.0007314738182831066,-0.0029004578645456104,13.042609779806831
1361,0.0017879241606535696,0.004809248756029954,0.3617768630917363,0.0234679504375156,-0.0009791318425703677,0.3067282506334638,0.23269084772281973,0.07351268892605371,0.018684429821318703,0.054730250440977325,-0.01840969009138526,0.03009056255374106,-0.002310876394626043,-0.00039651259137693143,0.17336552463828836,-0.023985553381975895,0.07748631959039365,0.0007761027680831695,0.0006305359480584568,-2.8726254606252747e-05,-2.8314705892589967e-06,0.000179114958713269,0.008069149979091233,-0.0038975727516546085,0.00047683876892344173,-0.00053069399049759,-0.009331934696509826,-0.0013288746495026674,-0.0003783435383421674,-0.0021700518949090528,-0.004841111729886663,-0.0016286232452950326,0.0025205567623235504,-3.1085362747857324e-06,7.580035807526388e-05,-6.795397370548184e-05,-0.00034709458409809394,-0.001263301820299616,-0.00022706877161258654,0.001053964386573135,-0.00011140449271415942,0.03439414779998524,0.0852149278405708,0.00016677458745431326,-0.000374645642822285,-0.003620576617169641,0.001829368066608939,0.01321649235754262,0.06802932792409552,0.01554282377613348,13.042609779806831
6327,0.000512467044036321,-0.002971807196901616,0.16659379729228493,0.007489786133572031,0.008921642520068133,-0.004070917355956462,-0.01916967423630634,0.021565239900683743,0.009360766731827978,0.01369106920852127,-0.01930238366368548,-0.024074169681183893,-0.002065948703856668,-0.0023611489615428076,-0.05265560214566315,-0.00038452372978176524,0.05165134128659506,0.012091578030506027,-0.0010972296791503834,-0.0005579346084654464,-3.7625021742603873e-06,0.0006648691980247459,0.004440238094824476,-0.006972175756698929,-0.0031078920014860198,-0.0034601315776804577,0.0005957578235333153,-0.00019908500854195466,0.004185810047308039,0.0002821490926780954,0.003407141008977841,0.003897381782221774,0.00042790866861639924,-1.7362314208617246e-06,0.00017649041585574232,0.0001266376538010584,-0.001839101239087865,-0.0016342286852952064,0.0006407924157327554,-0.00219156992976156,-0.00031016584668757936,0.04225725215612564,0.03129080714560088,0.00014824019129417113,-0.0008013703279396244,-0.0021514630388290643,0.010929091635068479,0.004172960639769303,0.04697679213673216,0.0023561132894530778,13.042609779806831
15806,-0.009200766214912818,-0.01408359111112525,-0.14323629800723453,-0.006276996295369799,-0.0019241172626966929,-0.0016912124752764689,-0.014160172643696178,-0.0373272131306399,-0.08467996328723844,-0.018566646348740515,-0.003288627499152315,0.01999506881011624,-0.0022744919614388023,0.004477112544483958,0.16322499945677083,0.002491530783778272,0.02468572168216036,-0.0033168881700689746,0.0006634397508647563,0.0007185842335572089,-5.61574043402633e-06,0.0003022139101490819,0.0019406117044410973,0.012118000369284496,-0.002718215919585996,-0.0016757529657282016,-0.0022739232218094026,0.0010785238323480105,0.003146971304194791,0.002506376588228263,-0.0008672133979600098,0.0006819848996528101,0.00010804420244801262,-2.457838731525864e-06,9.973786483930272e-05,0.0001558447806890074,0.008267677358119261,0.004292355911682659,-0.005638856641884496,-0.0018543175686505362,-0.0003743190835234533,-0.06541572643903439,0.03358865385585815,-8.859779810923921e-05,-0.00014590820811165225,-0.0003267518226254853,0.03159355069745078,0.007710180244151535,-0.047427618361628905,-0.003312078029309584,13.042609779806831
10749,0.0021257654117149342,-0.00012319541511932202,0.21449008826865654,0.005438616504050182,0.003614572184132181,-0.006698409631396681,0.048002191060097434,0.023539554538880528,0.19009319049814644,0.004318972604276477,-0.0073929934347857044,-0.019775495957324158,-0.005049732020754778,-0.005911514084672739,0.09985245841113527,0.054018425958025945,0.08900718179436617,0.003256368754563082,-0.0019892716313253613,-0.001340417364862463,-4.135310217424518e-06,0.0001872959851115402,0.0032068601617970685,-0.007607086610994985,0.05080568274407356,-0.007171137343222151,0.0024102665037161186,0.01173607549770453,-0.00011274236134450052,0.0027132178523170654,-0.0006891370180914197,-0.005931340155450328,0.00042985371605406403,-1.7362314208617246e-06,9.623120576951141e-05,0.00018346448354496814,-0.0012766112248416763,-0.0011418196788400069,0.002196324216827724,-0.002455493491488859,-0.0010383989659449944,0.06988318577185403,0.10354087015001004,0.0001474826199332017,-0.0004538067521124381,-0.018635091674315558,-0.012978237605641093,0.0008275587480909726,0.051056986142184166,0.0023531660158020583,13.042609779806831
15077,-0.0015174325447884624,-0.006746410962329915,-0.03159627827351449,-0.016328812999746135,0.0018114430335083324,-0.0015797940218483973,-0.010313449815602721,-0.024573684976113817,-0.09675375621121697,-0.013497732247145252,0.0028161454594615035,0.015291037102691508,-0.0023681318056217693,-0.0013055990920325465,0.21258038741708843,0.03171167270049776,0.06186554788837295,-0.004329971992474175,0.002677212029219194,0.00035195587853858036,-7.059152657254587e-06,0.0005241779448224738,0.003472265812382194,-0.003566175215057682,0.03371534854294384,0.0017793268460323947,0.022545345528872524,0.015529358890654214,0.008811015910810453,0.0009931651840359723,0.002344708441836726,0.0007914400485317196,-8.493486459842288e-05,-2.049756503454215e-06,0.00016247927955639205,0.0002672909750798032,-0.0009963830729042807,-0.001277570927131804,0.005233210874444174,-0.0029884962163923036,-0.0024205888528673093,0.1340987983301488,0.11849575005116467,0.00013587466859441016,-0.0001763758831052166,0.008933897608744015,0.0027687763112403166,-0.01210045975295196,-0.005521066470829785,-0.004152380180294535,13.042609779806831
12678,0.0004998643975620331,0.00936893337549688,-0.01534223384317782,-0.018539252363602782,-0.0011595204083956053,-0.0019915840057980094,-0.008389635374173119,-0.014383566946225036,-0.07412825344364475,-0.0029606057005865374,0.0007328646052973155,-0.004024259027812092,-0.003694210396274633,-0.0008451695589406125,-0.1948013340061887,-0.004973115751816488,-0.02922566340567228,-0.0026883202045463765,0.0006577062354230469,-0.00011529633828328887,-5.61574043402633e-06,-0.0005131796989907649,-0.00823272483575798,-0.004212800451097276,-0.003098756730705871,8.638165143768468e-06,0.0028323244352749656,0.0051218072963341976,0.0032233258934368375,-0.001450898315184421,0.00014675030194277963,0.00030785615266240996,0.00048575187537324745,-3.2628463888164725e-06,0.00018491178049261938,0.000248395015506483,-0.001628612814031489,-0.0030646371942282032,-0.001486389289627223,1.883529168577655e-05,0.0007606607302877382,-0.05346001461236523,-0.08287137248030325,-7.849003765581887e-05,-0.0005103785113765735,0.0002254589813634023,-0.0016910698028002819,0.00831382538680293,0.0005673391204757181,-0.004305614428725912,13.042609779806831
6779,-0.02453902837198596,-0.010077611812622886,-0.2526561053757328,-0.07107660477306077,0.0031493195784827433,-0.00156530704296097,-0.009111046388879378,0.011198082054941627,-0.15971914776935914,-0.06492562591244222,-0.0005346677211288148,-0.0019696047337132037,-0.002150389052316407,0.005708260900937185,0.1510661576679119,0.03912448184851075,-0.04986001807578286,-0.002912535488180711,0.0013603944854901383,0.00019972706813712327,-5.9596638945203255e-05,0.00024281335064378122,0.0009222779316207955,-0.0013254073967579076,-0.002635101630373157,-0.003017297736645134,0.002954357439986073,-0.003055526449986712,-0.0011462779736621913,-0.00023207871459160893,0.002147852588012535,0.003972890537324819,0.00023228477532559946,-3.654618188514535e-06,7.645531869522784e-05,0.0003065487616338038,-0.0020260434446634132,-0.0022108468242677494,0.0012448030791823073,-0.0019365465900683147,-0.0001730828376096092,0.0872088856396901,0.05685132755932346,-0.00023760251809498608,-0.00010699054876869003,0.0024166899894413466,-0.006797382815726219,0.002051887018638312,-0.06774909640714272,-0.02370564683570567,13.042609779806831
20893,-0.0007285108518916727,0.002898306665867127,-0.15786981890450816,-0.08403164906440985,-0.014096189133785034,-0.0014327176215178509,-0.00919334208783128,-0.019401208728974398,-0.010990864421129247,-0.03147248719984514,-0.0013237732477078105,0.006856642999733224,-0.0022686703189660736,-0.001347965797523111,0.07845981273167683,0.005550595992170986,-0.041908638352289175,-0.0017396957466477825,-0.003659921761391687,3.090106353504034e-05,-4.550693533442268e-06,0.0001825456948577659,0.0013738999629869769,0.005155179772312595,-0.004529181273709179,0.0007470745156811779,-9.375277372942913e-05,0.0012738570311329003,-0.000893594566251564,0.0009012260868367386,-0.004172659341048067,-0.0009800324347279251,-9.645582904884354e-05,-2.457838731525864e-06,0.00015041186559178852,6.849244566742273e-05,-0.0014846682312353546,-0.002230627658896496,0.0017012048835969688,-0.003207410348346776,0.00025006414313937203,0.08344633621492696,0.08705570517552493,-2.763788096598957e-05,-0.000125120780180692,0.004614810853911764,0.00032133245951886216,0.0039180014349804665,-0.04125510750285189,-0.02913721977171704,13.042609779806831
18864,0.0007054005194668403,-0.0002240042787981102,0.05166139103972431,-0.0006363687320232425,0.0024618063043124836,-0.006011232248873952,0.15235239042175924,-0.02660061176210807,-0.1087891906141868,-0.0005165641120577295,0.002287701877457567,0.005933922626607622,-0.0032259044976941636,-0.001341292850853914,0.1512510159942596,0.03896676642564151,0.0022623643026720677,0.002063047368934539,0.0004996027100100522,-0.0005501683467102362,-6.200785182009498e-06,0.0004615735083264771,0.0024018393345092886,0.005012787168002822,-0.003506520129214812,0.0005306471341385284,-0.0007319834082125139,0.00019663299102068768,0.007045826200466952,0.0004580253120113925,0.001972741632938489,-0.004503027609391507,0.00010401402745345636,-4.062527278505596e-06,8.877771127126493e-05,0.00010410367649115486,0.006793257781017846,0.0044156184897954495,-0.012467321538384823,-0.000492165905054232,0.00028428297642937666,-0.05452286843056953,-0.021470256401627384,0.00040960649128869096,-0.0003314904295140885,0.004067237145707376,-0.000938065410669407,-0.007670152169105191,-0.004820308090904752,-0.002345373911219201,13.042609779806831
10305,0.000496816267606201,0.002272827625315452,-0.03069949939294012,-0.0007710003779183269,0.004248901297473325,-0.0016875442772215758,-0.015947430382859368,-0.017344824738937874,-0.007967146548766693,-0.018963060058188645,-0.0026379153665589666,-0.027871452421208903,-0.0037088760885800086,-0.004489281285008348,-0.2571191255257447,-7.993716398548046e-05,0.007057092267547651,-0.013061140177786961,0.0002436886940216757,0.00011402413837004153,-5.61574043402633e-06,0.000550513079245951,0.0019910759653959252,-0.0025729982477321433,-0.005650220870719441,-0.0005255589472300028,-0.006989358830702288,-0.008007523814358548,-0.012353240537242807,-0.0029061325056039104,0.0012725170287527163,-0.0005638912185286632,-1.8559628213361525e-05,-2.457838731525864e-06,0.00012180540101743186,0.00012863414531208428,-0.0012465514196965293,-0.0028624826929551316,-0.0020768503831707238,-0.00024053610669379035,-0.001340641911763208,-0.08251199045866812,-0.09655727535662453,-1.3383716770825714e-05,-0.0005474569053176763,0.007461499635834385,-0.0014321748186365561,0.004907009055830721,-0.0017025670443189488,-0.0011944711252672656,13.042609779806831
10279,-0.0021831623071237997,-0.014147427772668102,-0.11421528214369157,0.011982985956139133,0.0035736610328990282,-0.0015537196296476952,-0.010379889109760823,0.02390103440724316,-0.08619508381982931,-0.021001184758717664,-0.001046564975450879,-0.026268380103689034,-0.0021040827594003037,-0.003478250284263613,0.15825896823957844,-0.07062376621174897,-0.029784347488943902,-0.004281235533465192,-0.0010095371430764858,-0.0002457617932341816,-5.61574043402633e-06,0.00017255273845830825,-0.015925887410073964,-0.01794046702532904,-5.3128974565835344e-05,-0.010142696380014249,0.0029725670778231565,0.006094760858721627,0.0001766403804581662,-0.00044657417693082425,-0.000806495399533657,-0.0010474039301920412,-0.0003915600756618802,-3.2628463888164725e-06,0.00015752467801419205,3.2441055553105834e-05,-0.002595431730868971,-0.0013849770827621835,0.002178138737470042,-0.0021085396390653805,-0.0007275844470183793,0.06705741330125892,0.04086103301595538,-2.6464498163406227e-05,-0.0001308957975236448,0.002639259512838451,-0.007177542571348631,-0.023713141323781377,-0.03007372930402436,0.0063000040610062865,13.042609779806831
5281,0.00037213820968929777,0.0011967336320746762,0.07025141453497839,0.11702692953928492,-0.0025748453834721673,-0.0031770096884749925,-0.016834273214159985,-0.022945966826969214,0.14636748106394096,0.029581978449352966,0.006315489257282417,-0.03425100216934107,-0.0033198229975686644,0.0003434283335821609,-0.015023555964252278,-0.006170138615848338,0.022408794370589857,-0.0033184521757953778,0.003746968578627555,0.0003572878987858598,-5.61574043402633e-06,-0.0006505178968658875,-0.003310256472713744,-0.006567775441345275,-0.006518353300803436,0.004792724619526289,0.002220683746125363,0.0006341654886648896,0.0009226766337951139,7.305386211449721e-07,0.0012700758437239749,0.0015809860741682832,4.211562078902033e-05,-3.1639094496837126e-05,0.0001694657967013784,0.0021075118649781723,-0.0019532115354823237,-0.0009759624557897202,0.0013969492531802769,-4.202774218091758e-08,-0.0005719052660444181,-0.023162968615418226,0.021282742599906552,1.0509289274810627e-05,-0.0005152867405985198,0.004005527103873588,-0.007733604415841864,0.009119305391322613,0.017008995954259004,0.0341638010240908,13.042609779806831
7759,-0.0019976963409070185,0.003154684185615083,0.12537975202242427,-0.006358778960275242,0.0003431713119816335,-0.0025920677969768005,-0.014932457264316083,-0.013702874225580806,-0.11423699198209274,0.021993358653312332,0.0024055838273007667,0.019198571665020012,0.13021987094795237,0.008176058505726395,0.09518164279879458,0.010876588332323394,-0.014430787468421854,-0.00586341160848012,0.0007809310206184344,0.0005636181578317323,-5.61574043402633e-06,0.0002293097466917107,0.002712194016657091,0.004142932720703142,-0.0009819769544028105,0.0012684883139151488,-4.258979832046154e-06,0.00039300647872495247,-0.0011074541721555451,-0.0009800158904802658,0.0031716201030404577,0.0038344761278998676,6.063434851825579e-05,-3.654618188514535e-06,0.000156546739888259,0.00037760216750277407,-0.0006921713025436978,-0.0013274011231839966,0.0008760427427232704,0.00045028272439214835,-0.0005437353569874698,0.06364761279393154,0.04957095979586099,0.00015015879825212825,0.005136428409266605,0.003627844100673213,0.0005093758581636117,0.003314428336218766,0.030483727736084768,-0.0028596720491576725,13.042609779806831
8128,0.0005043270140337676,0.003057318902637514,-0.10308448303872743,0.0015987634393671275,0.004745082170797125,-0.0017536840233783376,-0.011157667620482146,-0.024708842901765563,-0.0867567054947929,-0.02012171014359631,0.0026074535531356584,-0.02339264842257288,-0.003237753306316836,0.004781839996037509,0.05985471396267576,0.01855653418006718,0.010110126087813738,0.0016796255203920943,-0.0006282570174077171,0.00013695173525506114,-5.4784926216738956e-06,0.00022195391475669034,0.0017245956209199808,-0.0035033755880434013,-0.0036604580654692525,0.0005308618757047374,-0.0007552900718509951,-0.0018505192441131742,-0.001284592730520377,-0.0009652427291921169,0.0005542253252080085,0.001989210122403737,4.965376758761166e-05,-2.457838731525864e-06,0.00016415757084842187,0.0002789832610329748,-0.0007428585522947409,-0.0010263085751285497,0.0026752709838775133,-0.00047583943075470614,0.00021820858371575727,-0.010409198003371437,0.03857874375347138,0.00014557211902500923,-0.00017300412894082485,0.007942587574312644,-0.0005379914583339924,0.0026370235506823973,-0.02721767429454666,0.0009163822014917282,13.042609779806831
19280,0.007156588576778466,0.002790394599113596,-0.020668649215964226,-0.047597443451454356,0.0023561259894638205,-0.0015939528043417567,-0.008180853359231294,0.01754337250229962,-0.10111353642644344,-0.029502737231718278,-0.001948874899019173,0.001626945631944047,-0.0020573517955601197,-0.0010162189587440429,0.21012183787138158,0.014532068385761763,-0.043387742056537774,-0.00233151229510866,-0.0029909516056721573,0.00022552211786759137,-3.597618194147415e-06,0.00011149570182606232,0.0018889112931922236,-0.0004440910410994785,-0.003498349373868765,0.0009067673540487708,-0.006798878434588796,0.0004207736921579035,-0.001032646343990609,0.0005095707559546179,-0.0002548814858198848,-0.0012278990078991659,-1.5228319010177438e-05,-3.654618188514535e-06,8.156222523301849e-05,0.0001134157096133492,-0.0017798181527763526,-0.0010826023025149426,0.0030233833887033175,-0.003998657882574176,-0.00039352568911692865,0.1026709876765686,0.09614649528927902,0.00015997494942848736,-9.35335363630789e-05,-0.024665741508727114,-0.00447018915591308,-0.019222805808003278,-0.004493404345099888,-0.007181018530456666,13.042609779806831
12737,-0.001304841648837203,0.002754259347916444,0.032636717012502425,0.16097782921504947,0.004702426368656855,-0.002289267136647091,-0.011693547183234574,0.030163472477182263,-0.08960489699414001,-0.018583666294094865,-0.0054548350655417395,-0.032310386417010034,-0.0026886217794543483,0.01177018372712475,-0.08330218769611099,-0.014583782425460063,0.051711477674028505,-0.028904228358948385,0.0011722665618423343,0.002255167053200031,-3.5248116517069927e-06,-0.0016814269482775142,-0.007493254723502547,-0.0017169119444006553,-0.0007797535395732248,0.003112033439956612,0.005441011925120868,-0.00015333514166884334,-0.0015594572712224744,0.00013945511650007548,0.00212614700253269,-9.363656352698086e-06,0.0008281756088160346,-3.1639094496837126e-05,0.00015025140445713207,-0.00023980950986215687,0.0007119781446120804,0.002184213847268096,-0.0015603303993508926,-0.000462532579729407,0.0010981096846156024,-0.02653987119944682,-0.04099527108755031,0.0006010826724534506,-0.00044489177839132307,0.0011398789719152147,0.0016323819683273883,0.012798604211705845,0.004044176569863909,0.026997243182380337,13.042609779806831
19162,0.00025306959841643454,0.0030433955587969306,-0.11006908656885347,-0.08950812854744547,-0.00016785750067863707,-0.0017526643039963295,-0.01010779063070287,0.017808721156461867,0.004364014221354736,-0.015946683195422962,0.0009243665139334196,-0.02290174747973384,-0.002446514013623354,-0.005627483355542435,0.06307314913448786,-0.05865188496708087,0.004394615466137399,-0.0035970609582675664,-0.00390763199297366,9.193906381569806e-05,-6.809756164343423e-06,0.00020386528724474404,-0.00011937770238479377,-0.010297379870754356,0.0015311661618425186,0.002798822262255712,-0.0024052951921281853,0.0060012981370215265,-0.001511966463985978,-0.0015473551102021489,-0.006034248327650734,-0.0018075544364292808,-0.00010923559564037436,-2.457838731525864e-06,0.00011452760652993138,0.00015950052165449496,-0.002433505873029656,-0.0010878988471446202,0.008729211933674885,-0.0024145296669970443,-0.0005228684774580557,0.06843854608893177,0.07597289933115006,-1.9977807988352144e-05,-0.00027959165965999686,0.005776421487193584,0.0022102806586303107,0.007682379822712958,-0.022646641595377076,-0.036474466010331594,13.042609779806831
17504,0.0002841397755409205,-0.011882528735889094,-0.08235914015477265,0.009724491962421613,0.0043381703562426445,-0.00191005444334702,-0.01480372739114685,-0.02758823604448253,-0.09653853938890235,-0.01397977178097239,0.00022977320737636408,-0.027579552164681196,-0.0028544021861177846,-0.00038494635209151794,-0.17406080711331406,0.010890821285868635,0.03146966541039802,0.005163393726383088,-0.0004758602072734801,-0.0009600102877538305,-5.61574043402633e-06,0.0005984534140540012,0.002106980966984337,0.002126834219818343,-0.0018648440738095727,-0.0014031875339702061,-0.006824921418154482,-0.010727052705202755,-0.00407655394653061,-0.004771618880915577,0.003250954318659947,0.0006678874798418491,-0.0001261386307116416,-2.457838731525864e-06,8.985178773275755e-05,0.00033920501482546006,-0.0011353052236614826,0.0017905605524616828,-0.0029080619644042704,-1.4431066383646657e-05,0.0002286758924374557,-0.09315687032136961,-0.07971697684961744,1.2878074785340643e-05,-0.0006375779209677742,0.0004566880050765451,-0.0009435375944752238,-0.025529490269086373,-0.02527779613599183,0.00017703880269440375,13.042609779806831
19498,-4.7258578015390746e-05,-0.022294660106889838,-0.13325878484648948,0.011261235095043984,0.0031698627042759456,-0.00164391647473776,-0.009946905021242654,0.01469540672866211,-0.15851293774623806,-0.020611459104867197,-0.0009130898196082917,-0.017869465312580306,-0.0019908944368340928,0.0019544817228384407,0.012742327269399665,-0.028885420645881538,-0.027520700342612645,-0.004592656696891378,0.00023743950293728304,2.106534970043121e-05,-6.115997062367551e-05,-0.001454884609245215,-0.003494735158015074,-0.00943807690072909,-0.00073948377734435,0.0006143845980702183,0.0024497849418025647,0.000599145670130887,-0.0011245032296613563,-0.000273414191600915,0.0025284451247662484,0.0016478171285384587,-0.0002707231719611598,-6.440358901335884e-06,8.813818688723944e-05,8.167427609729774e-05,-0.0038561684597921667,-0.0027473317779370936,0.0012001303488597106,-0.0035381652217046115,-4.850110938416184e-07,-0.002349270581962411,0.04241148451767113,-0.00023966766248823636,-0.00013840129497080374,0.0008257390766773144,-0.0009125596057595101,-0.023908665675278922,-0.03707792422806194,0.005174989686418935,13.042609779806831
368,0.0014169791463571036,0.00032373682590301046,0.08794364438366231,0.07145642820352106,0.008771595912955277,-0.002805565564549045,-0.0150586974979746,0.021435107546787308,0.0058285491969466766,0.0014259286918534935,-0.002268565408845673,-0.024713331647942843,-0.0026184247133053105,0.006978150965802868,0.11641143987755828,-0.01651699842812443,0.04591397100082788,0.006198127929212962,-0.0008471908959143319,8.12990022523369e-05,-5.61574043402633e-06,0.0018450125756117573,0.003396938973070022,-0.00234675431969736,-0.002950426710021849,0.00022852734690750396,-9.94206726201358e-06,0.0011660128835779666,0.0011824701795350365,7.32053633891507e-06,0.005237418242210648,6.674968913277247e-05,0.00041412577612173957,-1.7902542066512128e-06,0.00018996995455618693,0.00034766889362009234,-0.0010597083496264833,-0.0020790197690981663,-0.0006697869456093979,-0.0009584579376645206,-0.00020697110562012752,-0.03754349219248533,0.038238944579253184,0.000510746298026512,-0.00034919757373754726,0.006453929731645425,-0.0012639220704152366,0.003651281695010553,0.02939134953037399,0.02030483850134301,13.042609779806831
3658,0.00048107897494553784,-0.013672019743378505,-0.1660198421506252,0.007192151241655744,0.0039010095268986597,-0.0016576132695398271,-0.010491479331918492,0.03032734648221772,-0.10508662732404239,-0.013768660719447644,-0.0020702362313284304,-0.02610117320474962,-0.0014253483797095911,-0.0005566740971825004,0.017693186971383525,-0.0016156365587953346,-0.03146852447454637,-0.0002321582608259496,8.301737367014685e-05,0.001738570857191958,-5.4784926216738956e-06,0.0003063112512868053,0.0011987465753958858,0.007427253679489765,-0.0006186305617185797,0.0015107549462755323,-0.002770890526051529,-0.004654972159983612,-0.0017195436978585754,-0.0008574830932888977,0.002107891401090703,0.0011239259139491549,9.674444794072642e-05,-2.457838731525864e-06,7.827753982400196e-05,0.0003189920822108566,0.0005905533842093877,0.002036403439594871,-0.004254490158624123,0.004746833570643441,0.00017313175502554155,-0.05318445463877842,-0.016367231304503002,-8.708241023512415e-05,-0.0001335955095550479,0.0021233013452994247,-0.0036091552924987355,-0.02010786298280713,-0.03908472399895665,0.0017760162366181823,13.042609779806831
7149,0.0007580396863883974,0.001727254280584077,0.08783324401358447,0.007031786024950074,3.248017617895819e-05,-0.0027483205593113944,-0.01860588440648637,-0.022972831245306607,0.0021966590669351524,0.016398093605564244,0.0009402034932506837,-0.03267363393235436,-0.004739369500476764,-0.002365255077053378,0.15479728397203643,-0.024243749590914927,0.008340361831383215,-0.005207688175224816,0.0002346323377791615,-0.00033096996527548223,-5.61574043402633e-06,0.0004692619479701094,0.0019124179278534436,0.0016556244226714014,-0.004981378133471924,-0.0011181945566603399,-0.0005253577589499506,0.0037799131319981756,0.004844099129903021,0.0017262928449877013,0.0028695138024222027,-9.179688676237334e-06,3.8291847168212964e-05,-1.4518482416225084e-06,0.00016586210507719555,5.7117739668255575e-05,0.00012078958644376124,-0.0006933324591065626,0.0008177578870898133,-0.001997172473796654,-0.00020656461673929772,0.045232283063299863,0.04167253247053612,-2.370413010264557e-05,-0.0004977443469475927,0.0036113226490548994,-0.0032229705503367427,-0.005622702151298882,0.027787091072410827,0.004308407455104955,13.042609779806831
19535,0.0009578271357011304,0.0042314257204139295,-0.026011417079508367,0.002361679934597421,0.0038637440421364264,-0.0018240153084558676,-0.013170267180559359,0.07469631926348261,0.0030347533755057405,-0.018912865595472065,0.0005697042970372483,-0.019053172936148752,-0.0023902479952707407,0.005209847957463116,0.08791008575671298,-0.018960291669889703,0.0036767500147124404,-0.004852944406471255,-0.00022593514145375284,0.000575747304340103,-3.575120445353126e-06,0.0004896338563479389,0.001806581040729969,0.0020758926425174006,-0.0013772835022992096,0.0010087044257936263,0.004362786031463744,0.0011023241448247767,-0.0016199088684563006,-0.0021153673320315008,0.0030597844791825576,0.0004802742269037103,4.322333015800261e-05,-2.457838731525864e-06,0.00026990155866542275,-4.7567207393550664e-05,-0.0007122218613908681,-0.0029457619313929596,-0.009460424726407993,-0.0006273435602546807,6.235646945925349e-05,-0.05248641160494007,-0.0326902964581039,0.0006184641390663693,-0.00022702655527129568,-0.002349892042564698,-0.0001881042166580947,0.004845769939659191,-0.002478298641662124,0.0026278912583010726,13.042609779806831
279,0.0008410155682475059,0.0032602923019971514,0.0571870035945118,-0.013251554359831035,0.0042291391447044115,-0.0023089664606881564,-0.019343843997366012,-0.04104946027881067,-0.20085472470050017,-0.021601746821018245,-0.0009528121472113892,-0.04595437120075475,-0.003251511796831522,-0.00015746536558244702,0.009619982419925094,0.017064552002452042,0.007407010243627646,0.004750673485854413,0.00015756934393668453,0.00023226008951541486,-2.01066814361122e-05,0.0003300543621054001,0.0017307290792323911,0.007178184151493672,-0.010485004990648934,0.007053323886468237,-0.0002276836495286995,-0.008971379494189077,-0.0003060492270341913,-0.001504103975363321,0.005715731141079536,-0.002254179593657944,-0.001096261999042034,-3.654618188514535e-06,7.883043107449521e-05,0.00045531399058723496,0.009181394103776074,0.006854997385937255,-0.0017249001407191587,-0.000208251395991839,-0.00012087987736209894,-0.08585686479316987,-0.03293853045323941,0.0008041449813761321,-0.0003425144262070453,-0.027113382677609463,0.003537851853586689,-0.00040028630109261023,0.010035367245493618,0.001671242117017061,13.042609779806831
16592,0.0008939628802612373,0.009961939921086342,-0.028175627885643397,0.00843284161106072,-0.00028800063816065714,-0.0022023328841754455,-0.013698767074715332,-0.026066057857823566,-0.11372995775087215,-0.010671930412732388,0.00664866219489388,-0.0006424285854695266,-0.0032961339027120125,0.002471687066072426,-0.014170189380985356,0.007130401795686374,-0.03434429902652513,0.008892591568323897,0.0003516405936288991,0.0004452638227418727,-5.61574043402633e-06,0.0004200084685149605,0.0015511295051766048,0.007116677783663199,-0.004757922874703646,0.004442958810713315,-0.0069369921450136715,0.012345943355138141,0.019757435116416422,0.0003965852923656458,-0.002928871678078954,-0.005346488589711824,-0.001226727616008124,-3.654618188514535e-06,0.00011170976373520127,0.0003232761503877535,0.007619532576174633,0.0026921713077796075,-0.00026414424459667035,0.0004502825072733559,-0.00020949845493006188,-0.07678339060660418,-0.09621383146720079,8.10332354039004e-05,-0.0003817466090043929,0.004147675799337284,0.00241893464976063,0.00647426130156322,0.0049498076560151455,0.002295822754985922,13.042609779806831
11512,0.001159372982151117,0.00587367657316818,-0.05175337025279097,-0.005545338260868285,-0.0005747119455764658,-0.002099779915980417,-0.01031455028044037,-0.015747139362135752,-0.08351593589809078,-0.012397405855875674,0.0005367633888884617,0.014862583468888574,-0.0035209639869515454,-0.06088403581176154,-0.23113684072131077,-0.02138925279252005,-0.017667156874087667,-0.0065936286606526895,-0.0005578423743791749,0.0002457480260672287,-5.61574043402633e-06,0.0003472825997347863,0.0015612871971083194,-0.0029404162203535028,-0.0030123125479414848,-0.0003920549057946861,0.0034191916632855365,0.0012887994748006593,-0.004310873737453407,-0.0011888269412251914,0.0024587587559449474,-0.0026008881055265103,4.146467348554333e-05,-2.457838731525864e-06,0.00012087504895119547,0.00016397527484634933,-0.0014389374762522253,-0.004234909057645253,-0.0021202497938632727,4.5168239403804125e-05,-0.0005159881221389823,-0.09342477221675156,0.018590668261467037,7.814297321914912e-05,-0.00048787705912013826,0.0017902383585703435,-0.0019794636228101913,0.007971772258308415,-0.0075129781568082305,-0.0001980484248357304,13.042609779806831
14255,-0.01085178514880402,-0.0015634952093680225,0.10285356275675878,-0.02349028599021122,0.0010792565824828647,-0.002156111756180574,-0.013999020038845874,-0.020564106880299356,0.2145048500479067,0.017483557621802738,-0.005454026120233501,0.010642324318105996,-0.0035927534133148573,-0.0009325276192064571,0.19721715625011133,0.008475499710313772,0.04425541222374919,-0.011111280166453677,0.0001814629076263522,-0.0009776086564094698,-7.059152657254587e-06,0.000240451551788563,0.00194121002743534,-0.0065215562048436156,0.059230983067625566,0.004377641873669703,0.014422697805814035,0.013067389571646562,0.0031942979955493127,0.0037571648971516085,0.0001195297028148953,-0.0010075910903507611,5.520913105822575e-05,-2.049756503454215e-06,0.0001673801196372603,9.317628265594169e-05,-0.0013379971806915926,-0.00088730513268026,0.004890793186596581,-0.0016010673154738418,-0.00029020742646007364,0.09712435791107214,0.16552305533676956,0.0001414051121870154,-0.0006750257296770504,0.007736847882902264,-0.009436978822969599,-0.010232964914664223,0.03127063634766696,-0.009709028435605149,13.042609779806831
17709,-0.0019675735646128944,0.002610809223093733,0.12926053928320494,-0.003103466984205578,0.004824200254394413,-0.002241075590451003,-0.014279643504876536,0.0226872544341679,-0.0058932737586677615,-0.0025947672381697647,-0.010016775544485443,-0.026290584449243867,-0.0040833673422497494,-0.0018744568391255794,0.1508260466579689,0.03661123976069256,0.04032380980597872,-0.006078973599900431,-0.00042931056106015045,-0.0012223155263042745,-3.7625021742603873e-06,0.0002462105167146003,0.004531251661258112,-0.007095983149709951,-0.0058153050019304825,-0.0010651201391314877,0.012508554945655037,0.010747965582749184,0.005549429036681693,-0.0009468743547767287,0.00011902553141046101,-0.00037936801917861545,0.00015571749494645517,-1.7362314208617246e-06,0.00017879528154498805,0.00021383469663693218,-0.0015944244290129884,1.2193033465658816e-05,0.000129907950694541,0.0003465201333452197,0.0006811666919260064,0.1039817299214616,0.1154666672449724,0.0001794757439076574,-0.0003957969373743023,-0.01562852784357636,-0.00656797286096417,0.007911594552844148,0.032218819127102026,0.0014255345552202387,13.042609779806831
105,7.804694816074763e-05,0.004856208094414646,0.047016779564213046,-0.0018864421247354515,0.00362293229478546,-0.0017422468312423677,-0.015330951241182715,0.023251486519703504,-0.005905669673586828,-0.022128012222075617,-0.004012943393278406,-0.03072911946686089,-0.0031693076077003025,-0.0016128873279052146,-0.18802909753696548,-0.012455420896327372,0.030801905912720043,-0.011728489285756654,0.0007897312778748765,-0.0005398101489613957,-3.5248116517069927e-06,-0.00280432416219394,-0.004611126572989742,-0.00707143132378205,-0.00220060264294902,-0.00038085023510441257,-0.004276950016918969,-0.003019985489472178,-0.005880601481293295,-0.0028353214951548408,0.0014396990306154505,-0.002339890267040544,-0.0005531428591586594,-2.5782456438389804e-06,0.00019549752309018796,0.0008952395576423988,-0.0014803162874244633,-0.002159050281868569,-0.0019041423092248635,1.1499706420942448e-05,-0.0008085207589200461,-0.0316384492327792,-0.03202902197218799,0.0004873451040230367,-0.0006006548157835899,-0.0048322206485446806,0.00019153047656816718,0.006997622576263832,0.00792240122394996,0.0009210863653198909,13.042609779806831
7463,-0.0008441861315789408,0.0018394433097451513,0.11824322865032587,-0.005301472408337809,0.004212709057752478,-0.0020334478399430854,-0.014375884486667415,0.10679355753650446,0.008054510789239225,-0.005123394154335832,-0.0047614649183615985,0.008597880184668583,-0.00313943241739815,-0.0018194147854754498,0.1700567504059487,0.03223891283902164,0.04323815822104362,-0.00372221673854604,-0.00020932059923858218,-9.343205663852615e-05,-2.703102685639231e-06,0.0002424098888569623,0.004771495714326092,-0.005415764673751352,-0.004583150283736873,-0.0006315649240016463,0.011776693332715244,0.010469414161628745,0.005127527918664137,0.0020526757490951443,0.00015539369682107134,5.898879792058673e-05,0.00012452543611751418,-2.049756503454215e-06,0.00017879528154498805,0.00011713897604999837,-0.0015612267882275693,-0.00014071352498296478,0.00023090923974239698,0.0002536740918607971,-0.0009743245047359945,0.0991070848137055,0.10993241712531686,0.00018956473553928966,-0.000258962148043407,-0.018816174292844417,0.0026526228869427093,0.008380328831775195,0.029274375125659665,0.0016394386747276704,13.042609779806831
2214,0.0008312639577810626,0.006281189473942472,-0.029041628613568946,-0.014607318667467286,0.0016114570294962867,-0.001630512863424723,-0.011638469101048729,0.025165137386033997,0.009115948533179532,0.00037402830494199623,0.0012555891711161463,0.03660155720309281,0.0011533140354208756,-0.0009096487954625025,0.17866547901846005,0.024210190040944147,-0.04629651820908109,-0.0022863637688593586,-0.0003645618162764212,-0.002650418844163336,-6.200785182009498e-06,0.00019449071464373364,0.0019763221662031727,0.016169543734090464,-0.0043961912607384185,7.122822404538151e-06,-0.0012889967129169565,0.002463358945757921,0.006872860842454856,0.0011340689394612744,0.0023607509715268997,-0.00011417085373028982,0.00011943065310696452,-4.062527278505596e-06,0.00018165811500348564,0.0001617347203447427,-0.001222897107841813,-0.0010938503245104135,0.0018806420249237873,0.0007556516294115931,-0.00016498620696781834,0.09911570973599174,0.05462250128906859,0.00014038298623741247,0.005355482571516858,0.003352165250266665,0.0020023441320518296,0.006368200722147323,-0.005701720078488773,-0.000825902171226031,13.042609779806831
16220,-0.0005427657120189392,-0.010302902843517868,-0.1297843663858483,-0.03254528723636807,0.0029662387563710174,-0.0017415460561219138,-0.01234883341280925,-0.03389549019019288,-0.1669158028476452,-0.02647309232185263,-0.0029572268042907185,-0.014510619073107347,-0.002695331211891724,0.003106231506311531,0.17737865462794788,0.007562168298116148,-0.010518341025298254,0.01777118450001436,0.0006014944132706626,-0.0001592046525834641,-2.4287247709037408e-05,0.00031136910287429473,0.00196683002873317,0.009051516095201167,-0.0012992627815396293,0.00448598688189943,-0.0049779938675922255,0.0004998779058826964,0.0030246748869039008,0.0011400715424240314,-0.0006166726037975897,-0.0006948557360660745,4.576780274753272e-05,-3.654618188514535e-06,6.779268738723734e-05,0.00015301598388822778,0.004342720626631671,0.005157921239634618,-0.005597229755777544,-0.002134148968431847,4.189143726857746e-05,-0.07779396218801306,0.04483497806987852,-0.0011855074748179635,-0.00016417771645841007,0.005719309910322758,-0.002621947816667285,-0.012497830116044962,-0.043287875521467234,-0.0121216539287864,13.042609779806831
20237,0.0004449262189580624,0.011375724596458017,0.18690055925177784,-0.01037416820035579,-0.0009982666678498586,-0.003889370022934471,-0.01588708324222508,-0.01894364203357814,0.022063864274682737,0.029404685389201084,6.151822566495946e-05,0.060500906414604844,-0.0027481796487453134,0.0019045626044631274,0.13997306521547986,-0.009873027595480435,0.02916003404510181,-0.0007492498862410807,0.0002631556191735313,0.00012766686162141695,-5.61574043402633e-06,0.000414066690307869,0.0038806667721327246,-0.0008994097216279216,-0.007694858926058602,-0.00024809458223280014,0.00069475389648627,5.1356097839433245e-05,0.0006752455150622147,-0.00040787309734564153,0.005344449573620492,0.0002999545794178446,5.998434386909367e-05,-1.7902542066512128e-06,0.0004766778126184227,0.000300035937793305,-0.0011762302271669215,-0.000701072952007381,-0.0003510025907079874,-0.0019352936813123456,-5.295724902212595e-05,-0.039655777778633744,0.04571098179598332,0.000622810940040143,-0.00034133469009799215,0.0024357852883364825,0.003998805943231512,0.006110288543163555,0.043782602203132404,-0.0036598670492063085,13.042609779806831
7228,0.0008015845650342103,0.008736582488697837,0.02239492295142969,0.008247263082997905,0.003956297282880467,-0.0021692971917365305,-0.011704484259007563,0.02509121886332428,-0.09955792023865098,-0.016753087598655438,-0.00021511684346873423,-0.016250991680008074,-0.0020838619730727767,0.0003404599117274477,-0.017242837634413408,0.021765920909272117,0.0007698692271103784,0.0028643248916696297,-0.0007834038702659328,0.0007778252621702599,-5.61574043402633e-06,0.00047327946299500074,0.001334428104431201,-0.004227025215205036,-0.0022014832815552107,-7.0413014488943795e-06,0.0017496784622415625,0.00513902933471584,0.00892952864302644,0.0018593957660047104,-0.000248888346969735,-5.059625836729859e-05,3.137911213207618e-05,-3.238900849235783e-06,0.00017480478304458282,0.00015357774459812503,-0.001550733979779747,-0.002220275076582338,0.0010072988965021557,-0.00027317017810626264,0.00023641440769739194,-0.06730421111249166,0.03781866288185518,0.0006008196526955709,-0.0002571004030434561,-0.0008688236570109631,-0.0014979760271419138,0.00341527265803254,-0.0028600425583375244,0.0005690740864234285,13.042609779806831
12365,0.002120468541900964,0.0021147721292410922,0.33931662713565547,0.024307132743035125,-0.00047665448143878984,-0.010830312309951627,0.10946747871366751,-0.01877462453335985,0.4772241846063344,0.026790731963862092,-0.023119145052730366,-0.04098555431097922,-0.00539000025335079,-0.0016380888631044171,0.019513340446089666,0.055716683044924845,0.052779399881568816,0.009129674690753134,4.7330688463959645e-05,-0.00018989499347320853,-4.135310217424518e-06,0.00031104898128893484,0.0073229383484868646,-0.0063705765248837625,0.05668522688277551,-0.003318044430775091,0.0022034505196707956,0.0063013556560654925,0.005789760773490452,0.006604171952340058,0.0017846257659172766,-0.0038992814366473386,0.00014560548529676275,-1.7362314208617246e-06,9.720002651208168e-05,0.0002750457570099061,-0.0013816465110975656,-0.0011465437077298986,0.0011764904040417446,-0.0012645162113740962,-0.0018760587648540572,0.06124918878833957,0.08858265516708441,0.0001474826199332017,-0.0004980392200151316,-0.0014922384917162364,0.017778928905404588,0.017758662415542425,0.09145514866863845,0.0028345276270828226,13.042609779806831
8382,0.002141163866384183,0.012011624183157925,-0.040449874504753895,-0.0031127938192575875,0.004072567756203629,-0.0020027456165944294,-0.01112038941971312,0.01760682026490263,-0.09287604930424292,-0.011533455863040021,0.0018750316888053592,-0.02492458548084275,-0.0026929675310205198,-0.0006117446169809763,-0.26295848865739313,0.0037270215969637723,-0.02707935294947774,-0.009378742723326124,-0.00043974665268361026,-0.0003840724180397997,-5.61574043402633e-06,0.00029166790044009663,-0.00015346207015323515,0.014627487250675234,-0.0025151623939529575,-0.0010243919601873968,-0.005795125025332606,-0.006789210844977328,-0.007609419923300785,-0.0015817460949869803,-0.006210657285149659,-0.0011367422814854426,4.1043613342437914e-05,-2.457838731525864e-06,8.055301484551441e-05,0.00017336579383538586,-0.0009598171213342522,0.0028086376263541718,-0.003675320025984285,-0.00021643775850798024,-0.00034974294106155827,-0.08890277013858024,-0.0992621591383501,1.0117706724579987e-05,-0.0003271374347654597,-0.00021310882267054865,-0.00034818784730939373,0.006164402845718125,-0.015735707917817057,-0.0006790376214005096,13.042609779806831
19629,0.0008092337819243376,0.0005598650430020842,0.10766007922796628,-0.015958892861446226,-0.0014434302066798769,-0.0034967619128119373,-0.018247604669060717,-0.01480472637238528,0.19129076610896562,0.022991814151232037,-8.698174946616214e-05,0.0432621281317644,-0.0028387015026530354,-0.06257028387230947,-0.2571560641188124,-0.025200682838808528,0.017822847962994378,-0.010964165818066942,-0.0008270244823066794,0.00015373844724463526,-5.61574043402633e-06,0.0003639137845500888,0.0032918686173612596,-0.004265742999193956,-0.005433265730855417,-0.0005469939045515185,0.001960855123614339,-0.0007436673489530553,-0.0005575674929238479,-0.0037686820388710836,0.002632660876870216,-0.0028668318351047915,-0.0008463162068264112,-1.4518482416225084e-06,0.0003446205440590522,0.00018727698871175518,-0.0026135924514520507,-0.0021109440289269273,-0.0016994550177610358,-0.0009249979968589253,-0.00025978478804990836,-0.050053298038104044,0.003687669666700455,-0.00011523551631591689,-0.00038672490698447154,0.0009733288646682816,0.005391011555975368,0.005340731833405822,0.02607892205420862,-0.007056211913454535,13.042609779806831
1952,0.0002115391106739645,0.00880616463473491,-0.09241754781813247,-0.00032891788559097964,0.0035102462010690107,-0.0016403915823919146,-0.012175657982585466,0.019606562267867195,-0.0873419194080271,-0.016706891416864343,0.0027876508797968786,-0.02430707048488855,-0.002812237477415768,-0.0004390348955601202,-0.28142656480774414,0.03504671819897099,-0.012346044365879608,-0.005070344632041018,1.0702821410579502e-05,-1.059833165701178e-05,-4.626459233421365e-06,0.00020984910818325504,0.0013482907586783355,-0.008286315653654263,-0.0031872617065601652,-0.0012746149889643797,-0.006080368635329583,-0.009684198148572869,-0.007088448282324919,-0.0032614865585582687,0.0017244345232429819,-0.0005908847731052209,0.00010644775790372714,-2.457838731525864e-06,9.359235080240558e-05,0.0001210622332954975,-0.0013160222218417668,-0.0017281488910292418,-0.003051186680825278,0.0017200333166602381,-0.0020627239794435816,-0.07922784362211654,-0.09248453739863181,-1.3231861250271068e-05,-0.00024890868128822364,0.00415097899386474,-0.0018730116709389634,0.003991752870598052,-0.025470440672725032,0.0009643165630087504,13.042609779806831
21443,-0.030015742178054878,-0.015380962755041454,-0.16895993836341924,-0.13639092118840856,-0.003071312470289359,-0.001618893742515949,-0.01210624760918545,-0.023847604311635774,-0.004864794947493186,-0.02622336522463243,-8.118321315488888e-05,-0.0024986537217219877,-0.002320852454602965,-0.0014190430535801848,0.06315923696064386,0.01803551868653099,-0.04259978133597073,-0.012297898279966147,-0.00044592614939966416,0.0003051495982600303,-4.035686390516079e-06,0.0002778438144146234,-9.609626205113304e-05,0.0021416379638521054,-0.0019150915851718548,0.00017372748535205223,0.0019517862830481022,0.005423572837131979,0.004080566304573621,0.0009144719767991292,-0.003946642654350138,-0.005753829461766756,0.00010040976228413621,-3.238900849235783e-06,0.0001244839865188467,0.0001201893171004982,0.004083880480465776,0.003594189674592337,-0.013147977363761911,-6.810937468244702e-05,-0.0007581378795309981,-0.03939902040430585,-0.01947568960286172,0.00040515487765725353,-0.00014613084703773407,-0.002251469560687006,0.01645568710374339,-0.003311794107296147,-0.03980270782040491,-0.02558581123415587,13.042609779806831
12759,0.0019856222520672324,-5.414443059011855e-06,-0.025454713896814554,6.76225159943903e-05,0.0037384183584257785,-0.0020034331180631007,-0.012524012718215613,-0.02778846826283169,-0.0929705343834407,-0.005001641805047126,-0.0012861651595867448,-0.03436175492274751,-0.0039033743601584875,0.00041572814378635037,0.15320260370765373,-0.03415124655883635,-0.024197770246241677,0.003281217882696448,-4.329350143416749e-05,0.000367266038041,-5.61574043402633e-06,0.00026978630708848235,0.0024096640978212803,-0.007242063075073994,-0.00226163938063947,0.0003150613561202442,0.00043285365968869936,0.0020018339920667067,0.007551903379492238,-0.00030625054185548126,0.0023070450464558905,0.001154016103331399,-4.701412709564763e-05,-6.440358901335884e-06,0.00022107268057185544,0.0003154372879843632,-0.00013002790045661222,-0.0005315934136159225,0.0018198696530965718,0.00011173367913492341,0.00047066368529893784,0.06201198387386881,0.044695140883899066,-3.0158133252578685e-05,-0.0003851554771615308,0.002547789036518968,0.0013846301741404824,0.003596561708245442,0.0002717272923930694,0.0034198047290776787,13.042609779806831
19937,-0.0002213749319645185,0.002381557480135602,0.060103886422829746,0.00013783573737408518,-0.00212972591125223,-0.003390653289694856,-0.024094418477737543,-0.024489824862017773,0.21661534499643922,0.01887155004220926,7.932637156551491e-05,0.02913544089953467,-0.003006048545108078,0.019034497440542326,-0.059356228620264774,0.021846883391916826,-0.005188901830163418,-0.008064302594357465,0.0001277741354455816,0.0002066284610604226,-5.61574043402633e-06,0.0002207407286633883,0.0014700980852438879,0.01240868025840666,-0.0056828145604345135,-1.7808720950583724e-05,-0.006976427559374354,-0.001294371322443218,0.0005304847217908398,0.01197188230613595,0.001618831606946061,0.0007854202266096914,8.629111795510268e-06,-2.457838731525864e-06,0.00024702707108064894,0.00015151386647974381,0.006954473367763742,0.007395860088199378,-0.0031384985252036115,-5.0984474235194244e-05,-0.0006781049401570183,-0.07402986942768698,-0.11485993306182003,5.0452805081875465e-08,-0.0001899318595658435,0.0029456724571738867,-0.005283364077164745,0.007283114307262021,0.015181067423247369,-0.001087651645281184,13.042609779806831
4250,0.0004598256000877399,-0.0073593927406695285,-0.029622686254263838,-0.015106926987579735,-0.0017724647500720894,-0.0028859443695212726,0.057264428944916214,-0.016612013846915994,0.18455200008115968,0.03883893725292905,0.0002634295049241554,0.02355747392379763,0.03803497981933199,-0.002884745852672613,0.16420929917503424,0.019630978327736776,-0.032468835923366725,-0.0006370428716260717,0.0023698934302514526,-0.0003429817680300962,-6.200785182009498e-06,0.00020706539493657125,0.003553699985799605,0.01065559917370543,0.0026763528867443684,-0.0025822817629271464,0.0038388653262519047,0.01403705075858816,0.00010545344463977547,0.003724147414102188,0.0012252748295520626,0.002657757902654664,0.0004406856916344776,-4.062527278505596e-06,0.00010657821712312138,0.00025180942708245894,-0.001367430945838863,-0.001087966469350652,0.0013675178243785651,0.00577467270737833,0.0007012842888625321,0.10067339924309837,0.10672537003406549,-3.6204455605839264e-05,0.003311304272350359,0.006981944425472876,-0.002039215101834464,0.005021478299455447,-0.0050803859399359405,-0.008371494106787272,13.042609779806831
15724,0.007487385073560927,0.0007411609502314724,0.06550572476239183,0.003814495645279258,0.003908351682832143,-0.0021823607173530033,-0.017229440409284244,-0.019573560658934872,0.007349203038853956,-0.007482797294770621,-0.0027446712625122265,-0.032401204976890016,-0.004090086545555272,0.00453602870791904,0.1207607858506724,-0.02755404230184682,0.019638427968608072,-0.005627553780944724,0.005491967825843546,-0.0005299127820726204,-5.61574043402633e-06,0.0004724609029050663,-0.003867336128110713,-0.005233507767574542,-0.0013386346265249604,-0.0005335706366782164,0.0026380982221145886,0.0031675170567164743,0.0065396895199484285,0.0017705184889656152,0.0008590026897758208,0.0003279576005456878,0.00013034542763494,-2.8626288230781968e-06,0.00016784101093776172,-2.029230369737903e-05,-0.0007661407817392905,-0.0011285548277961228,0.0008088793342013908,-0.0016887265864563453,0.00017710852169140165,0.05596609652682031,0.0400922187380681,0.00014804432314494505,-0.0005973903218212096,0.00913089438657374,-0.00150762316220457,-0.009549768348987594,0.017209852698682134,0.0023949868854440254,13.042609779806831
20421,0.0013176937679583451,0.011353203787096975,0.20307037248233495,0.1882188073885176,-0.00426681714711487,-0.006352995972330933,-0.019986051151302347,-0.016732767480303525,0.31749207106964616,0.08047396079547875,0.00861312668169978,0.036289832266780835,-0.002032947222817767,-0.0002687605729244487,-0.05966666045212718,-0.034957759978453004,0.013485542743813922,0.008426288347664922,0.0021823695042109993,-3.817762525600235e-05,0.00061387773301894,-0.0020541991941112375,-0.006189653426774837,-0.00707736403440621,-0.00950715329655199,-0.0040080124437085534,0.004153567167556469,0.005733346371337971,0.004644392630855933,0.0018908236691383667,-0.0015429616423273489,-0.003852598881885388,0.000564541590279159,0.0006932543274072645,0.0001789038308223683,-0.0015778336653551263,-0.0009600131614773838,-0.0011851538915009028,-0.005038033736348406,-0.001811287664119301,-0.0025014325044895327,-0.03950419205431808,-0.052925836968486135,7.705701367644565e-05,-0.00025780133652604384,0.005298984202444896,-0.007738435849964497,0.01868891507995144,0.050898531410222596,0.05803423687700797,13.042609779806831
9054,0.0002807020224257425,0.003976596822025579,-0.08785701132711243,0.0036704407560790467,0.005017328368042484,-0.0016416964939112812,-0.009971199603968646,-0.02493707527299608,-0.08526737982111872,-0.008234715592296478,0.00021966086109624145,-0.025975268314629606,-0.003310953559217262,0.005769713139582462,0.01683859094992627,0.01954461711768728,-0.004065398967854962,-0.0035422311435760957,-0.000447607453458827,0.00017448579179772468,-5.61574043402633e-06,0.0002835949636210417,0.0014074892986304338,-0.003470267010962655,-0.004794688178640752,0.0012106472316760174,0.0016174694423273094,0.00215700794978745,-0.0013831678709754804,-0.00026629167724858196,0.004443352744767203,-0.004651287038631132,5.715614026461087e-05,-2.457838731525864e-06,0.00023661242835763084,0.00037389418248998937,-0.0006510210517721773,-0.0015103950937858726,-0.004272529237020351,-0.0008090579144482956,0.0003577767001713217,-0.000520892029271714,-0.01741301420820428,-1.1575633556874937e-05,-0.00021599092622726852,0.0006068940248589906,-0.0028643605096550094,0.0036005014434628427,-0.031888784736643236,0.002426258658143918,13.042609779806831
11116,0.0006008500727400204,0.0017649797633924535,-0.10978712952270796,-0.09221721481359553,6.38017906074103e-05,-0.0015002652871117142,-0.012250207332810873,-0.012748082732942369,0.17257715380825472,-0.05226766714169269,-0.009199434498327127,0.0704952275665328,-0.002490992047184228,-0.0055405694655146715,0.1911103955152624,0.007750644549212248,-0.04078611599428136,-0.0030609382365490647,-0.0015463431750357196,-0.0018802086328630735,-3.6225837044524444e-06,0.00010195239637386537,0.001987850058029617,0.007397308966690361,-0.0009118820796018492,-0.0015552981736706598,0.0038590408304448897,0.012918428132192373,0.00274293127189282,-0.00366779441742626,0.004833276383376622,0.002579207743764726,0.00012754434700327296,-3.238900849235783e-06,0.00018322658452469312,0.00014620993544876948,-0.0008804628387504583,-0.00013458959294575457,0.0015518386995036243,0.007884426757311705,6.173090744559017e-05,0.09524150200810044,0.0822647212250354,0.00017180870425470367,-3.668123627636172e-05,0.004923200748412064,-0.0011631229576513624,0.007401073741685333,-0.012380128675465927,-0.01813574197406283,13.042609779806831
7319,-0.004121540122042469,-0.01526062054806914,-0.1433015370116099,-0.004248538760585053,0.0034615942310814774,-0.001487390427445651,-0.0087471888600919,-0.01618348185540175,-0.1946430686249221,-0.03105276341274878,-0.0005877320900493564,-0.008460102386937781,-0.0028348127968926204,-0.002140678254531089,0.06015991912747916,0.007857939636893184,-0.03558020332757809,0.00045940161497283764,-0.0056502818361149456,-0.00027376346688150123,-9.200118185715315e-05,0.0002048603802402341,0.0013160133992622376,-0.0015592338819086736,-0.0027434890830696002,0.0006456954406249794,-0.001582510066937921,0.002069602632878011,-0.0008584345782761788,-0.0002285586636605663,-0.00329764557331373,-0.0069799991256506,4.6091630500881935e-05,-3.654618188514535e-06,9.611424216074413e-05,0.00043303277982916475,-0.002143675755634841,-0.0017321402488784208,0.003598855281655767,-0.0030835256322546594,-0.00037406938684891747,0.09986494621520357,0.07633793259197742,-0.00026845921178527977,-0.0001852118531810163,0.0016580360198718237,-0.0027535483646628166,-0.003918458041775096,-0.03535997596680383,-0.007004965305125021,13.042609779806831
14752,-0.0016245234443230086,0.005583070854547755,0.16063982340998292,0.003577694728850423,-0.0015981448208580204,-0.003587851725498495,-0.013536866915871165,-0.020208848870700017,0.02770810981938572,0.04308186851303598,0.0005423816841722788,-0.007812014219925182,-0.0035109792098892,-0.00047824219576129534,0.03530477116780415,-0.01422515170324417,0.03603143355523254,-0.0028281264659826963,-3.4575449517238757e-06,0.0004099322330004564,-5.61574043402633e-06,0.000482171892829359,0.001656045695443447,0.0017035017544431781,-0.0029939427180487935,-0.00014351005684360696,0.0035314505999764958,-0.00028463277445193465,-0.0011211569363188975,-0.0010935197712621666,0.004453359210081412,-4.142086759877557e-05,-0.00012233405148795866,-1.4518482416225084e-06,0.0003288565845628517,0.0001896394550100957,-0.0009644650553924784,-0.001259025282764954,-0.0014889819616079212,-0.0007015217555752552,-2.266710331790454e-05,-0.02929653598960996,-0.049395962083870405,-0.00010111100473100919,-0.00022113395605821113,0.0026042672160559123,-0.002367266319964749,0.0037168075291095118,0.05203673203061883,0.002136907413345819,13.042609779806831
17397,0.0008115279861786422,-0.002110659773158329,-0.022479660204851665,-0.005953101262657832,0.004630697948644307,-0.0016535372272538215,-0.008681624110689882,-0.02518442659417621,-0.08151067713994173,-0.024795713307658836,0.0016466449797219362,-0.01820788493344961,-0.003171821160039658,-0.0007606806124950567,0.1944748367213969,0.04130473344170162,-0.0014490158654932035,0.008441033629309052,-0.0005958372300755986,0.00020676470021139818,-6.809756164343423e-06,0.0002731221988920444,0.0032392353021987634,0.00839601008709129,-0.003731631925879416,4.309209752290839e-05,-0.007684704578889551,0.0009706215226236728,-0.0016946398299023382,0.0006462008961818785,-0.0014185018475634762,-0.0014068202542509094,-5.842702516776466e-05,-2.457838731525864e-06,0.00015506978291344694,0.0003431492275944956,-0.0016195526252713768,-0.0014922473551797558,0.0010867010105062608,-0.00144848335994384,-5.986358118843127e-05,0.115773735366591,0.09438780190016711,0.0001692108875198942,-0.0003974817051468096,0.0010586747366520327,0.0008260519625247213,0.002059267657944177,-0.0007763147462173965,0.00045024946017063706,13.042609779806831
21316,0.0008379205052699189,0.024152054624303997,0.26247667827203913,0.0028366533825659587,-0.003890297911427609,-0.004326812980224034,-0.01709532042350469,-0.016460390918976518,0.47030931505180495,0.07353273355117916,0.004303245370085824,-0.07234654920602854,-0.001720121522710956,-0.0009406396504887252,0.16784815319869606,0.03904861586743393,0.004420823200646457,-0.010342178391353055,0.0003143345682253347,-0.0016924160662608412,-7.059152657254587e-06,5.245072365606148e-05,0.004796432104841772,-0.0036280299200283236,0.07324293279200166,0.0003959623954799089,0.006232618212061536,0.012229953271124052,0.004182271300289132,0.004923691123645808,0.001764630699564022,-0.0007407800836515709,0.0004985654645103038,-3.238900849235783e-06,0.0003060904270700454,0.00017314636408417527,-0.0009359520795945122,-0.0005583137397576147,0.011414756198297472,-0.0002986431445474546,-0.004183200755437181,0.12631622078545185,0.12137907808175186,-3.246155636668275e-05,-0.0006887762556630908,0.006623177212554646,-0.02102049044623969,0.010265229865298924,0.07227522770741239,0.00464605061293214,13.042609779806831
13940,0.000940986587796167,0.011123304049576982,0.11912977818412461,0.008153686807909084,8.307212775252019e-05,-0.0032645893110688265,-0.02219657738910071,-0.020915423816222023,0.2778982386398161,0.019868195137344963,-0.007170380579844667,-0.03056560117164878,-0.004677702894938696,-0.0016665454847920196,0.08437030759916642,0.04521407888741875,0.07257407659979456,0.0033815900644626026,-0.0012994193597060063,-0.0011607626877680056,-7.059152657254587e-06,0.00025354070255399004,0.004289047280242952,-0.008320533422831192,0.06123215691788718,-0.003829039184637444,0.011392519971985308,0.015969850285121046,0.0031808460114047493,-0.0015775047910554134,-0.0005954689410873249,-0.0027839061543530183,0.000270026399180652,-1.7362314208617246e-06,0.00018003066507556553,0.00014835848585775915,-0.0009904125344558175,-0.0008325576734319816,0.006159733247357815,-0.0016530563708163706,-0.00024353598268301332,0.05832589282827729,0.13967894716841553,0.0001474826199332017,-0.0003410425692892902,0.0051823690744730675,0.004278680103592898,0.0006106941915075951,0.029165611251460815,0.0015740848811615382,13.042609779806831
3645,0.0004542470114226336,0.0013781378577471706,-0.10474105773635509,0.0017700127516084398,0.003117702523600307,-0.0015124333103051161,-0.011357560446218804,-0.030716881827505062,-0.10237824092220968,-0.024338187024196645,-0.0024073071162632274,0.019564914079413694,-0.002770048193337989,-0.001995298042110489,0.214063075444625,0.051177794511552285,0.004259572795320721,0.0010473114572156323,-0.0009690020163293391,-0.00035166332611833654,-6.809756164343423e-06,0.0002931444965143593,0.0032692452420682292,0.010064634970752781,-0.001829358762424744,-0.0007840854026721923,0.004553935372293136,0.006784434944334352,0.00012207562440514502,0.0002218364829645052,0.0005857394102561364,-0.0029180671134250557,4.238483248166873e-05,-3.654618188514535e-06,0.00016488923128210977,0.00030425331562092885,-0.0012642495193495226,-0.002851939212794965,0.008491271255073181,0.012112893624344742,-6.185635771773884e-05,0.0834135276549561,0.08872396470712472,-1.0348199945296727e-05,-0.0001837221209271266,0.003951310737498558,-0.0034253208967412337,0.002148171210887631,-0.025355563634106047,-0.0019119619456540512,13.042609779806831
17032,0.006303380813504785,-0.014753216123940068,0.05194821342256426,0.01253982039077598,0.003954896569399809,-0.0018244448847684724,-0.012743807872072022,-0.025253082125910688,-0.1681677229503487,-0.02712711629010693,-0.005517286089586665,0.008523520895941184,-0.002719923507305798,-0.0007223748343468052,0.1106400827728018,-0.024425221899828445,-0.02965719791939612,-0.002730770756640464,0.011642259099918412,0.0015594237977098557,-2.309902462012565e-05,-0.0027370428397165444,-0.010841665228895396,-0.0025881674396595125,-0.0018658752808828776,-0.003934659356430502,0.0013300296001767292,0.00850373478104187,0.008795619082384956,-0.0017873660027033428,-0.01367421330561895,-0.0023226670702120845,0.0005270960650513382,-7.897451262550597e-06,-0.002273469047175222,-0.0042236891897062066,-0.001979544268580367,0.005497231262257597,-0.004603519394776728,-0.00089184424432037,0.0005420063877309253,-0.05227134741152732,-0.04946560846398282,0.009955477171704901,-0.0001947806517927849,-0.023607075277438834,0.0015220711397553543,-0.020369312813157944,-0.002317497571938966,0.004852476419298168,13.042609779806831
5438,-0.0004996725822270009,-0.01768820796303692,-0.2618444735242568,0.039380130166692236,0.004542847650000817,-0.0018235994295310552,-0.010826572645256504,0.039826128861276004,-0.15750098094214937,-0.012861716278214958,-0.0017049348620268522,-0.02604684266264262,-0.0019211343529919904,-0.00013751268060310735,0.007578473505881151,-0.02202425302415083,0.026262337691253017,-0.008932086801611554,0.012638554445145339,0.007730546865722986,-6.099634249063436e-05,-0.0029550313240315398,-0.013489280399123758,-0.005362621318363996,-0.00025412938566419293,-0.005920970024151879,0.01637300410264319,0.04431208732863268,0.011960210205912234,0.007313512215184877,-0.0021318431674100234,-0.008410986724008439,0.0003151501355198586,-5.661265053846037e-06,-0.0022044026405134646,-0.01249935305858091,-0.005375948396284216,0.004970260296707852,-0.004633833468620487,0.0012305416127337588,0.0003610607865087691,-0.042735469725623164,-0.03541258937260006,-0.002082040975319783,-3.3695340143502796e-05,0.0017794400324535654,0.012068723054840262,-0.021291623620366875,-0.07107143839920178,0.011221622478593162,13.042609779806831
3210,0.0003080742816366615,0.0007220950433977331,-0.02763192302366548,-0.002957456309431079,0.003258120293815483,-0.0017199207885471822,-0.01241916585540542,0.03426631884452346,-0.09022977033650192,-0.02538975072873521,0.003364414705345045,-0.008147316480019137,-0.0025637331897417166,-0.003245162183221687,0.17169720728927246,0.03614450243771144,0.022020429603386505,0.0011948259629019494,-0.00012874793424678358,0.00022474583627026654,-5.4784926216738956e-06,0.00022793417832912163,0.0014673718306725798,-0.0011871476317624984,-0.004279375524243271,0.003488117254401736,-0.0005686212765846452,0.002904374874497891,0.006928539757289959,0.002174557580271154,0.003437537853843722,0.0010319263919346608,5.942717241481844e-05,-4.062527278505596e-06,0.00021553710084149197,0.00023499178059796763,-0.0011908359826671214,-0.0020274364827624616,0.00010344648818660358,0.0028404880242476204,0.00018501764252983337,0.07633835758937368,0.041855838706111655,0.00013854274086357206,-0.0001375314395501024,-0.0003439080957095667,-0.0009547495274293005,0.002677875278722166,-0.006954215371981199,0.0005932819306645118,13.042609779806831
2621,0.0006649440646633074,-0.013217965722948068,-0.04154762598206769,0.0006830166918383958,0.00249891516966017,-0.0017462791504627162,-0.01267589811579851,-0.023935631949674133,-0.09646936219681736,-0.007893909025832861,0.0029642057922318415,0.02068546940890389,-0.0026148476573599317,0.017028326795883456,0.11266021104380652,0.0030052864332165015,0.000685550102046763,0.00027684928218450706,-0.0007671243626813997,0.0005375128282836242,-5.61574043402633e-06,0.0003219021402187652,0.0014593812728769789,0.005258678123359298,-0.002983518491311903,0.00048230945492098033,-0.004136717441043485,-0.0032615719613601083,-0.0014944499137215983,-0.00015888038897236565,0.0039371271500517075,0.003663617697809025,-6.673783862908994e-05,-3.654618188514535e-06,9.443053344944e-05,0.00024032309490454432,0.00022745977243928203,-0.001501351927454059,-8.299619469375723e-06,0.0007110783673881247,-0.00014353652678929954,-0.007184394944254106,0.044336069545480715,0.00012158734550851595,-0.00016432958781324242,0.007755996555473294,-0.001407597313870806,-0.017768965271924963,-0.012020659003051342,0.0008701035867726877,13.042609779806831
19238,0.0006685770944757217,0.006997556521387084,-0.018697600260818733,-0.012599567171057417,-0.0011679105580057701,-0.0019382523493040205,-0.011859049712815518,-0.0175566208056203,-0.0839767849291881,-0.011308406198327573,0.00017190126330293758,0.05196265691182079,-0.003046770127373096,-0.0008065112303904632,-0.2041517293363169,-0.011163831728339669,0.029320067472508263,-0.006563956994308511,-0.00024928709326292137,0.00015239686991541228,-5.61574043402633e-06,0.0003319468527023155,-0.0022614976179533095,-0.00423577629339937,-0.002661481024626594,-0.0014210416956557906,-0.005735749312720672,-0.006851756106580661,-0.009714212947292156,-0.001978754861500083,0.004098333915441649,0.000363771766602848,-0.0002901220218357023,-3.2628463888164725e-06,0.0002437604614629497,0.0001163693646083521,-0.0020814029791590425,0.0005160330842783969,-0.0026012708746587505,-0.0001317014436577065,0.0005034929952665568,-0.08618548758100124,-0.09579534596611182,-2.0469308160278138e-05,-0.00029599100193203483,0.0019700413012030244,-0.0026662595761879444,0.0074986041961829985,0.002907510246138346,-0.004964222731515696,13.042609779806831
10105,-0.005073215219437418,-0.022786925464975627,-0.1297769477355912,-0.129259957827209,-0.001310185062776663,-0.0016262490251459942,-0.010755183414666027,-0.008727103396819971,-0.0916749802748397,-0.016141087538377993,0.0013617945690802937,-0.011320872732220556,-0.0027704148512981037,-0.002072138942689783,-0.21328347663117284,-0.03801814263191407,-0.019957854284606613,-0.014363001990739225,-0.00017443905112326627,0.00015030417285219494,-4.038026442952091e-06,0.0003311979565082731,-0.0014977822531028724,-0.013768861539816735,-0.002465314615002164,-0.005166610976874351,-0.005499176000194982,-0.00687001557906141,-0.006402960691742283,-0.002843173856514285,0.002783404129341298,-0.0006350464103067007,-0.00023176821375117443,-2.457838731525864e-06,7.090352480617471e-05,0.000185279763910184,-0.0034039737657639052,0.0005727724810788699,-0.0035621624102851394,-6.374063196497461e-05,-0.00014051258966898042,-0.0800280268238344,-0.10561948910667143,1.736213004252329e-05,-0.00029048979611200315,0.0021770259678735838,-0.0052997292695210405,0.014073469266403554,-0.04108757621500296,-0.043208607683610775,13.042609779806831
17778,0.0002918314972633842,-0.0010194265258382292,-0.02146964173283209,0.0163540527667407,0.0038606541499866215,-0.0020170987552829488,-0.014976092677179543,0.015244701297903465,0.00028792223184256774,0.007110488965787565,0.0008418243125045907,-0.01536575997167971,-0.0028652208891115118,0.02231957368789998,0.20934819514929756,0.05917212990904578,0.0629146953008627,0.011850265899226399,0.0023715311245524964,0.00027054808283493554,-5.61574043402633e-06,0.0003300356362147984,0.0042332180976784066,-0.0012718064272948775,0.04503490920380522,0.0003426685683942413,0.02494648073926665,0.015491199801899313,0.008305052191071511,0.0004217104574514695,0.0023470800846977723,0.0039088134769544435,0.00013892627129564466,-1.4518482416225084e-06,0.00023053487973814332,0.00019263420327735533,-0.001367967085139983,-0.0005748768272649466,0.0028356676185125025,-0.0005827765915235138,0.00028701698648424246,0.14776571289788037,0.134399768794156,-2.739776519181803e-05,-0.00021346989105801753,0.005478403378653193,0.002059682144931501,0.0013361236390341065,-0.006488079399645902,0.005126353651473966,13.042609779806831
3206,-0.000608745366840801,0.0034690772664493353,-0.10599116896198701,0.034854853110249544,0.0029247732968699447,-0.0016413517359244632,-0.006676462237868422,-0.014593141221399425,-0.08675513444222496,-0.018937913431800693,-0.0009109670660370578,-0.010180943436611368,0.05820099548095831,-0.01059817882764574,0.05513051771660661,-0.04923909328864382,-0.02517918749657457,0.0008302239235578685,0.0005952946098145964,-0.0038088587756344976,-6.200785182009498e-06,-0.00014797427131513005,-0.014107095382342786,-0.0036185758800750542,-0.0015817500750574065,-0.007718815135536666,0.0015093313517042222,0.011873205324544483,0.005450163812929187,0.00357783598187695,-0.01514926388508659,-0.019025764060956143,7.706579630676429e-06,-5.661265053846037e-06,-0.0042371707562042496,-0.00692104772307478,-0.0009112018759937481,-0.0023026542823602427,-0.00035831802083838055,-0.0009435892793868069,-0.0016656580196273314,-0.0496403706358146,-0.08460665071037114,-0.0001287892746007098,0.002578891542268897,0.0017630714158863353,-0.0017805114778547588,0.005401168562490297,-0.04601761015659059,0.006152461648819161,13.042609779806831
9610,-0.006072914524415292,0.009353902843155824,0.22745940254661717,-0.009302248860189648,0.00027413718467415556,-0.004363400180832897,-0.01674647661600767,0.017261203180999617,0.0015814778299962872,0.04493987117020657,0.0006896997588455059,-0.03339080232135168,-0.002950183712488918,-0.0008021908307104926,0.08536227624363964,0.024064193247130734,-0.011984152598018145,-0.008218313002046352,-0.005426190531593212,0.00018230854971557357,-6.809756164343423e-06,0.0001395241076499922,0.0024674381835504125,0.003782586323894345,-0.014204585957402163,-0.00016295717201770128,-0.0024630955202997835,3.719461742725912e-05,-0.001064851391218971,-0.000244925927547517,-0.014454794549280798,-0.0038471343612171,9.417767712894523e-05,-2.457838731525864e-06,0.00016758344555913406,0.00014840950652315727,-0.0017617971676196743,-0.0009510425367843272,-0.00010718504632821158,-0.0006600619182589955,-0.0003698467023129812,0.09583436723979093,0.11307006930687945,-3.246155636668276e-05,-0.00036386028900221845,0.002440887462894706,-0.003498606728828566,0.0013867053668140128,0.07436805359402308,-0.0004675398783462206,13.042609779806831
4645,1.010838726062506e-05,-0.01310463559823321,-0.16378015201313664,0.0020247669796194198,0.0038406634980163883,-0.0018076870592630009,-0.012018200250124535,0.02680429674481707,-0.10058506332918701,-0.00818719238574497,0.0007162820640814159,-0.028420054346413558,-0.0023157936828825942,0.0015022637009210603,-0.1378665858537252,-0.0265776148385426,-0.003524004651560922,-0.003461493172955675,0.0004077289169238417,0.000508772984686949,-5.4784926216738956e-06,0.00033478680788408407,0.001339931958239169,0.00017609071985253376,-0.0006093458345954707,0.0011822055228546994,0.00984618113078714,0.0014769128215756156,-0.001969756000512302,-0.0013148152930649447,0.0013694004223518106,-0.0010823059743502515,2.592059014567372e-05,-2.457838731525864e-06,0.00016414793331815362,0.00031525290610885534,0.0005729789393091908,-0.003517330122670058,-0.0022074144732813087,-0.0001133306964875393,-0.0007602548245724147,-0.051721351937834434,-0.03198036166284301,-8.974802071529096e-05,-0.00017801235356131877,0.0016630846538633437,-0.002152785233759872,-0.019868137731194068,-0.03363024225163118,0.0009753052492974289,13.042609779806831
14135,-0.00021966588467052612,-0.0013818626129869682,-0.0777553859599312,-0.0027081209508256925,0.0034441554517290114,-0.0023746414366951673,-0.013667954877166464,0.019237702951096915,-0.003380568759479609,-0.010695381467889948,0.00046159005580457,-0.02822212430229403,-0.002320043542595741,-0.00020251288831119003,-0.2145091657468403,0.0006289625950352431,0.024371091368118086,0.018119140191391832,-0.0016311494536556774,0.0012397707052451482,-5.61574043402633e-06,-0.00024091022142176614,-0.006366144950139486,-0.004499685827328951,-0.0018134094542327924,-0.0005991422388064873,-0.008504713401511132,-0.005151106764101246,-0.005169874042289788,-0.006181933948776881,-0.0030026296044966517,-0.0006955207074998139,-0.0001507193787792134,-2.457838731525864e-06,0.00019808134512755665,3.670973041698244e-05,-0.0016270441204019805,0.0010897865168695295,-0.0019938014075459223,-0.0003950633971280201,-0.0009437139876508558,-0.08568361613950644,-0.09442101613973111,5.018187440347782e-06,-0.0004036303269565907,-0.00013395429834716442,-0.005920523342066191,-0.000823067553570084,-0.027224923439042384,0.00024063237662123654,13.042609779806831
11764,-0.002751664132281287,0.011770541428194812,0.09991593808804096,0.0052970177853886285,0.003673425457972545,-0.00279628534471059,-0.01455549261809612,0.011733953066421552,-0.09774627725133357,-0.019411694253565037,-0.01084993975183368,-0.01943711608980473,-0.002568434399886654,0.005083353054798573,-0.015640375430898603,-0.023990026535026954,-0.006386706703228141,-0.003019910388828466,-0.0010403982322066854,0.0007872070408998662,-3.5248116517069927e-06,-0.0015394679718279058,-0.002906140860516138,-0.0052087690246793595,-0.002546737968586894,0.00020130663750381908,0.0029905964225035385,0.001525222050754885,-0.00029538554050853876,0.0002246416435073634,0.001330054417702843,0.0014979231253706765,-0.0006695769798353721,-6.440358901335884e-06,0.00014499687642657773,0.00011936118577256383,-0.003909483387137997,-0.0012367433988815931,0.0002827705588195914,-0.00038444892487423543,-1.1442365222564224e-05,-0.010221497309595371,0.03215182841404465,0.00014557211902500923,-0.0002888605168588202,-0.007185756904415376,-0.0005726435204707007,-0.028210105475893348,0.03786303306554114,0.002901264871111377,13.042609779806831
2704,0.0008969833896275669,-0.0052768849897816845,0.07184414089616717,0.0053875811413514225,0.00011889356220061549,-0.0018999464759225765,-0.019129428376257383,-0.049881928928799134,-0.10339578502641232,-0.003802675518558902,-0.0003396937911898743,-0.013042211669943286,-0.0025718774993359972,-4.90617856304677e-05,0.15960007456885952,0.024552052701370983,0.0002812666201777041,-0.0038292675629485666,0.0006266611815748368,-1.3843102575726348e-05,-3.5248116517069927e-06,0.00021409994372803266,0.0027320914254764695,0.008727967568805005,-0.00544247947524791,0.02147268640862607,0.0022389320763640456,-0.004323766990045186,-0.00017349701540832725,-0.000854609711195311,0.00904851276015175,0.0027532214564868086,1.3657297621374936e-05,-3.654618188514535e-06,9.499414074465277e-05,0.000454210659501449,0.01146374221919773,0.006503188959008923,-0.002003406718923835,0.0004805747608146603,0.00021923350036629947,-0.08310077278912689,-0.028614691388039674,7.843541866909072e-05,-0.0005086334774580284,0.0014550235202214965,0.017279665592706828,0.0063438300677929604,0.030156607846123912,-0.004803827172577658,13.042609779806831
2144,0.0005633045174292055,0.006046444605203175,0.06042253155637497,-0.009806427683687979,0.003241716123925415,-0.0020712526033825666,-0.012643980531486859,0.023929740788057922,-0.08523035722221835,-0.005677122377339951,0.001852882842787348,-0.028868234762026563,-0.0035346271896775795,-0.0020521946682707216,-0.16736451600181615,-0.017865272235562803,-0.026252749233913422,-0.00498340284799348,-0.0013093230147251415,-0.00022080424684538323,-5.61574043402633e-06,-0.00042083124105928905,-0.0044334162217386395,-0.005591802784633564,-0.002221053631173334,-0.0010148541515070239,-0.004866436551914619,-0.005712884772332075,-0.005996370226871924,-0.0009159805692899459,0.0017676251220508786,-0.0017693134230516592,-0.0011094725676600622,-2.457838731525864e-06,0.00015984883448567943,0.00025525963645878376,-0.003316946571936275,-0.003496137946893421,-0.00045373620478428945,-4.857020431281024e-05,-0.0006302521880975499,-0.043298245062466004,-0.04644555723476996,0.000517944886602929,-0.0002237490002772039,0.0009990764580795597,0.0005634718908229906,0.009362483602057449,0.025019087481526515,-0.001158500693124166,13.042609779806831
12512,0.0015360024668047666,-0.015033477656544853,-0.12499443916627866,-0.00467749818945211,0.0032894241921095388,-0.0017665373763173595,-0.012226270074577711,-0.011354693140475077,-0.14799027566082615,-0.01627827738054428,-7.561433461974074e-05,-0.02162695368353537,-0.004284584450751033,-0.04385103185059156,-0.23237001197527768,-0.0305664470534158,-0.015039268255497888,-2.7409802739207688e-05,0.0003423092095820063,0.0011950056575701447,-6.115997062367551e-05,0.0006324901853189607,0.001389873917702347,-0.0015178959600943532,-0.0027127003226484966,-0.0029395410726961104,0.004613027656395909,-0.00023026895963206768,-0.002089027339443511,-0.0010000475840979308,0.0021111122389849005,-0.0012437647652307855,-3.439881389445851e-05,-2.457838731525864e-06,7.14181658100937e-05,0.000116285447045115,-0.0020109313378991666,-0.004862531446733889,-0.003295611353895341,-0.0003356071401220098,-0.0006867784599412289,-0.07689847610307829,0.03357162277219301,-0.002052893895613613,-0.0006721721264221167,-0.0016192173061809877,-0.008297872098152064,-0.016863403609318272,-0.032649805029939936,0.0020772454535132536,13.042609779806831
6564,0.0011118022631121949,0.011268067906289515,-0.04042648606650288,-0.07091815812019009,-0.0013935205017324222,-0.002001723544583805,-0.009860474958767707,-0.032247029974411465,-0.10372312060703967,-0.013153141466536306,0.0004619203150552483,0.010068650941023988,-0.0027364263273815044,-0.0013597527126205235,0.04069899885147754,-0.011188005633158301,-0.02707972265276767,-0.008429857279259528,-0.0006745459702086898,0.00014210063558910615,-6.200785182009498e-06,0.00021866175328565725,0.000707748556871929,0.003889363566237923,-0.0028276068100613508,-0.0003157948305227065,-0.004497782967096667,0.006656550666868373,0.010717055025882128,0.0004808631962475532,-0.010143526380565725,-0.0037659064621103863,-0.0011172032961118351,-3.238900849235783e-06,8.224302548631989e-05,0.00017396473686261737,-0.00011278873968593999,0.002628020195738332,-0.013910246480924189,-0.001942015126273491,-0.004846750720737306,-0.08639125561711566,-0.09278692832488444,-1.8571923793292397e-05,-0.00010358790916804384,0.003060271618870489,-0.0038579823637676976,0.008668324661353803,-0.004749029120308485,-0.011946207662691867,13.042609779806831
17670,0.0033724902502283096,-0.0016495796209434514,-0.009936861499142134,0.007003956080261278,7.662113640125959e-06,-0.0018318793200020368,-0.012804329921668378,0.08453051739213555,-0.008215103294565729,0.019421685391717822,0.00030450852905130466,-0.025162426891898737,-0.0029260632314313563,-0.0027094427251204874,0.13125317489261557,-0.04076059366918547,0.005443252201580228,-0.0017327923664864808,-0.0022137673457280124,7.770691656615035e-05,-4.069659405336147e-06,0.00018944904392998642,-0.0077597376885164635,-0.01013535871499501,0.00320273969745952,-0.0007246518130091872,-0.010108912664296678,-0.0007501663928480562,-0.0020067019310846565,-0.0010343662093789765,-0.003018742459561202,-0.0019355663014213064,-0.0008845147765712865,-6.440358901335884e-06,0.00023343852365955515,-3.9970883318782267e-05,-0.0015488103874459346,-0.0009962430769265807,0.00012075156194324466,-0.0023230083483969785,0.0005065497563367928,0.07158695609984733,0.09526814116278857,-2.8200139482565588e-05,-0.00021630434500608038,0.0040589070081944924,-0.004783471397817223,0.003216013334289204,0.002107557476556033,0.004159624969791422,13.042609779806831
6726,0.0012061408999156512,-0.015525670316514497,-0.04481369019137197,-0.005113643978286085,-0.0004470268404022071,-0.001988685891729542,-0.009445453453070341,0.021025271728734824,-0.09338258062256145,-0.013403638028832517,2.428125481052534e-05,-0.02138875527580415,-0.0027254136582174496,-0.0003166133029097333,-0.2512535264380214,0.0042379741825652704,-0.022750039752477604,-0.006720653179652857,-0.0007395210104201659,5.7348782878910646e-05,-5.61574043402633e-06,0.0002381318488238935,-0.0029229234847619576,-0.0018236727673501055,-0.0025343010646160656,-0.0015109092627236158,-0.005858420095218016,-0.0030064933944711435,-0.008593332091151104,-0.0016341550582050202,-0.004133270579166296,-0.0012139680132568248,-5.985099634814463e-05,-2.457838731525864e-06,9.286473898134229e-05,0.0001309806707687314,-0.0046685553063141065,0.0018340366560646722,-0.002342056111888977,8.381730428455593e-05,0.00012423104618301904,-0.09250570579401705,-0.10111943568321331,2.2578193795871276e-06,-0.00025518603454101986,-0.0012704484547766731,-0.009317527194801814,-0.010135036297014427,-0.015187362276908173,0.00018523731626705458,13.042609779806831
7301,0.00027371560507661685,0.00117293266767762,0.0872694498577598,-0.005540590379815868,-0.0014981099640721833,-0.0036722105881063314,-0.01620044206451552,-0.01753555003518559,0.18496238354090447,0.019057371782461755,0.0003813617953266381,0.006427976573049901,-0.004462777153824943,-0.0010812512153124511,-0.22848783324262456,-0.006558752886719827,0.02620624614282188,-0.010395624447965964,-0.00023813927971044294,-6.115782187779608e-05,-5.61574043402633e-06,0.00025500383750587277,-0.0015928711354603973,-0.004692131515334667,-0.004691403510621756,-0.0009826722171249608,-0.007560820928059456,-0.00304041815910305,-0.0023438238833907847,-0.004348933883732196,0.0011673710219179648,-0.0017495289370540654,-0.00016791231908918562,-1.4518482416225084e-06,0.00020315116656733089,0.00025514825252350657,-0.001636464151286712,-0.0011886092837816529,-0.002059488164267927,-0.0003722672005120934,-0.0019443395892206027,-0.07462465656783387,-0.11248751611559009,0.00015864825383459687,-0.0006385181110610983,0.0023418067642814013,-0.007138027356583203,0.007773004465446052,0.013075100525279458,0.0028524468199902227,13.042609779806831
10141,0.00014375511932577481,0.010639067185553911,-0.08023698181588708,0.015733956818137107,0.0028867638613681136,-0.0020630978310453222,-0.012958285580167695,0.023745141131291506,-0.14999978801806682,-0.00896576799708976,-2.929271104108865e-05,0.015999014902451484,-0.002515009092424492,-0.000497609311322551,-0.23496390953626348,0.02672752895840276,-0.021062447439669386,0.00534244683820231,0.00048737699573490347,4.6976060025046706e-05,-6.115997062367551e-05,0.0002434772335134751,0.003774176600471606,-0.004993029557504776,-0.0033869415859174687,-0.004163928506426682,-0.005995177039361196,-0.010873603028105727,-0.006307876720792548,-0.005785864080359812,0.0018752069334323051,0.00026503999067402974,0.00026635952992299186,-3.654618188514535e-06,7.816531855906966e-05,0.00022337263996180054,-0.002367326317175574,-0.008883593648202641,-0.0026405025545088103,-0.0028459120532938736,-0.0005698909571342764,-0.07749700979213797,-0.09396973693825422,-0.00012560322615338246,-0.00033196047176934675,0.0026247690424901662,-0.0015799627339141238,0.0008587193923563666,-0.028907302835680822,0.002608702308501705,13.042609779806831
12344,-6.972084931400472e-05,-0.008060300788017167,-0.1414451358628524,0.03937361803540784,0.00560510088522941,-0.0018189110445690053,-0.011445780298028587,-0.02022741300199418,-0.00044662982263068724,-0.023573893626862574,0.00029992699318241354,-0.027037746697201,-0.002005495261514376,0.0009005510759741316,-0.017709818638866205,0.022411037642568205,0.0021526254639651307,0.010629671508433415,0.00010854654256643549,-0.00030079232750120473,-4.626459233421365e-06,0.00035240478624499295,0.0018875929823461333,-0.0029908082055167253,-0.002435262660239741,0.0005159157135615716,0.0021815513920708904,0.007160455383153845,0.003947683469678159,0.0030952188839259605,-0.0018176811705567931,-0.009521040088132898,0.00015889390732582644,-3.238900849235783e-06,0.00018856896213439962,0.0001567567408241634,-0.0016212743840684513,-0.002724343143341859,0.003295289660819881,0.002328480808535479,0.00013935641689153416,-0.0815955631430592,0.03519549797154293,-0.00011112143634438958,-0.00020930442067436646,0.00016033324748118672,0.0006905565564871131,-0.0058659831073295185,-0.03745578415320561,0.010231169388252638,13.042609779806831
14601,0.0006851446114735446,0.004438906075229605,-0.0173766315994719,-0.007794162131591801,0.003116755991517223,-0.002074480638486284,-0.014315257015141383,0.021287759168608096,-0.08839196238879206,-0.009837491969591126,-0.0002040680360783264,-0.027173760535230424,-0.002977632841835852,0.0006087770064702665,-0.23788282750280249,-0.009478303147856705,0.014801392206107314,-0.0032169906796679386,0.0004599617468154236,0.00010094202822073139,-5.61574043402633e-06,0.0003781309961310374,0.0022672972750084485,0.005553417338250418,-0.004641154617071296,-0.0012195913662186593,-0.0042337296980089175,-0.007917774383430998,-0.010324565744613348,-0.006219611272795183,0.0014661480819604929,0.0005279501095575756,0.00011777250343366964,-2.457838731525864e-06,7.49218435701822e-05,0.00015806857922231045,-0.001499406477246662,0.0012569447498485434,-0.0018843433568300166,0.00035855194795739165,0.00016825762116222482,-0.08683122270495233,-0.09246607448496579,4.582409396432523e-06,-0.00026771360014712605,-0.0013291913663312704,-0.005711168157480153,-0.009443381421519433,-0.0011365822212554089,-0.00026262283610267636,13.042609779806831
19850,0.0013673813609842334,0.007190794270721746,0.1526109770793635,0.003358974680006232,-0.0014558573867120134,-0.0028865133775974328,-0.013634899130615162,-0.028303828087477754,0.029712928388307712,0.04117003742323895,0.0005895562062153441,0.00296034160311345,-0.003582672751876616,-0.0002475741478804628,0.07825309296712928,-0.01736824150785864,0.04407351954668705,0.0013177287229472142,0.0074633765616913565,0.0010460882240697126,-5.581125389967299e-06,0.0008229344080098061,-0.004801404164356176,-0.0005533728733191479,-0.013062647728175282,-0.0013336394095479717,0.008369618432462747,0.009404376742828367,0.005355153550489316,0.0014061188002484305,-0.013837288895505444,-0.004025405159042918,0.000516784088647783,-2.4029116778398554e-06,0.00037173193527998197,-0.0009427417016616042,-0.0007932475868445869,2.2097607809676432e-05,-0.0022699753291098674,-0.0010870017961653756,-0.00020687928196515886,-0.03620695864366653,-0.064578355815288,0.0005113080012382551,-0.00010891545545830387,0.005238596163551823,0.0015779184715598745,0.0053811306175907715,0.038496272802366685,0.0018848566020087238,13.042609779806831
20705,-0.0034952961439813006,-0.006853175954628436,-0.20420439047084785,-0.09744380400912529,-0.009145507779788804,-0.0014441343014421249,-0.010379602381576454,-0.017947179748474793,-0.02083727374746117,-0.039952815611910726,-0.002025505672396505,-0.008695322628874095,-0.0022849236093014343,-0.0019234724633292275,0.1877571926928566,0.03318101988893316,-0.035281645891646805,0.0003840331418125686,0.00223138774324371,0.0008197998497073562,-4.035686390516079e-06,0.0002472305512716442,0.0017154602129531215,0.011454625502528234,-0.004757999535019603,0.0006548603711612723,0.00031362925201574486,0.00652593120454993,0.002452733506774464,0.0017247832191446602,0.003639847917852684,0.001158505513287507,0.0001297201241137599,-3.238900849235783e-06,0.0001251642174414923,0.00028676995561937663,-0.0012567606371666547,-0.0014203615828157288,0.004697863659489577,0.001233195186437344,0.00026563167500865114,0.10182125268079037,0.05780997147145266,5.619789899695652e-05,-1.9564931376209414e-05,0.004694576392799745,-0.0038197947963542135,0.0026568248489276486,-0.04592266503163057,-0.03533465835244133,13.042609779806831
7431,0.0003947362286839052,-0.016449436403004256,-0.02678174749823498,0.008228933011374584,0.004276092689304366,-0.0018135134721410599,-0.012880520825195491,-0.0248673279231877,-0.10262812918041705,-0.028578083372662554,0.00014403379738085363,-0.01943609351590245,-0.0035726668370909625,0.00390737682075692,0.11336728529436539,0.0012131991237880734,-0.04174511525310811,0.0007237191995514221,3.832463844186439e-06,0.0004641621088689748,-5.61574043402633e-06,0.0002861515163734213,0.0011099776918185368,0.006187195286972489,-0.0027606101311929182,0.000567937692332352,-0.0034772921622695215,-0.0026902208722922377,-0.001504517375069142,-0.00017914469659513116,0.0031341653780855047,0.0013438317778475828,-3.507397929794422e-05,-2.457838731525864e-06,9.443053344944e-05,0.00023215715804995507,0.0001897965517464914,-0.001441910325210421,-0.0001713912523907648,0.00052449716855868,-7.74584561735863e-05,-0.018978661844659055,0.04587872979505305,-6.354818644293383e-05,-0.00023639347150337006,0.002627760206579808,-0.000319708162766467,-0.020752034093650246,0.0016495779729561362,0.0013635032477045932,13.042609779806831
6145,0.00120593177474412,-0.0009327883719877502,0.16549677221520157,0.11602377884323285,-0.003038137555887416,-0.005542492936634224,-0.02369909756918266,-0.019618923043153703,0.27584285339675624,0.04208391842601891,0.0015313924330131571,0.0216861086871749,-0.0030402944004507423,-0.0004936916962617913,-0.19682840929153306,0.017707083974289082,0.040722355737918096,0.0116438153284097,6.438127581811579e-05,0.0009883286461712048,-5.61574043402633e-06,-0.00022527765557071064,2.5665474381764565e-05,-0.004056773998618147,-0.019819023095786117,-0.00057373795828834,-0.008297741386064967,0.0002762350220148675,-0.0011317921639253726,-0.0027651469865209366,-0.003228605514019515,-0.003584336398138739,-0.00017221492280356684,-1.4518482416225084e-06,8.898545258254078e-05,0.0004897029744718308,-0.0012097463390202039,-0.00042759223335080474,-0.006155994155758538,-0.000804755274669043,0.00029448372929659415,-0.0812641761122487,-0.10846438819763045,0.00015864825383459687,-0.0002972006924569569,0.0022144029803790708,-0.004745782297559514,-0.0008631683889162059,0.039725656832157986,0.02352727941484958,13.042609779806831
18586,0.0018124985258116764,0.012260906127153425,-0.1013994193963983,-0.0027554575007091363,0.003930892075266177,-0.001725926602622924,-0.010789640149087017,-0.023788118442913453,-0.0924000757852503,-0.01211204520847212,2.660258999970623e-05,0.004319574038831048,-0.00857816527022691,-0.00011674354175776392,-0.1534771501443409,-0.0010635069313341178,-0.01614597367013866,-0.015126808583801943,-0.0010845852253503125,0.0036275927465391758,-6.200785182009498e-06,0.0006530408778079182,0.0018754494088373094,0.005031088801923967,-0.003289813210963867,0.0015732569748440023,0.005002185581365647,0.02975781623215495,0.008934162787146573,0.005200157310966325,-0.005592912551312788,-0.003285126964795315,-0.00021288202930257565,-4.062527278505596e-06,0.00016668759053555248,0.00021318057108624702,-0.0010176031413684967,0.0025180903154708883,-0.0028921754905823355,0.003799632570537748,0.0019055861325751975,-0.08196432458359434,-0.08675947325087503,-2.0961433877357495e-05,0.006284924068410932,-0.000894300481778455,-0.0011845979029343433,-0.01359024319903368,-0.02432651550000054,0.0013103661270827023,13.042609779806831
9355,5.0615835113969516e-05,-0.013784259200809359,-0.03451656699266321,0.008557389319051286,0.004488560254955147,-0.0021522700538612084,-0.012932952157394624,-0.027134744849361393,-0.10259934997577878,-0.013751795863352524,-0.0003303604411552076,-0.016020852345946354,-0.0033889186964890295,0.0022658537047693028,-0.026762464995403086,0.031212792036446745,-0.022871924710114955,-0.005746578915519783,0.00021588314804933721,0.00041870755362512257,-5.61574043402633e-06,0.00040641009839112235,0.0015809412490637056,0.007058398537946137,-0.0038992844724495134,0.0003657125846308778,-0.01011123477905389,0.008761535927848027,0.020810650906714922,1.9567419061744514e-05,-0.00370903403610142,-0.00473789411602154,-0.00032570909224792006,-2.457838731525864e-06,9.423273302634348e-05,0.00025229139843321543,0.007355435063204213,0.0034765209639062112,-0.0010299943321182762,0.0007878258294524919,-0.00029406818863055847,-0.082292634322406,-0.10100362968769362,-2.2591833247324808e-05,-0.00022634359641511141,0.002542734432008306,-0.0013583567492741124,-0.009593296691778838,-0.013076026799429779,0.0015700924640102997,13.042609779806831
7080,-0.000907124866434914,0.004998020112145588,-0.033599689293083164,-0.0037456981257948164,-0.00044248052118431915,-0.0018147261984918946,-0.014303218961873905,-0.018010266188290675,0.004502327250902109,-0.005512822569238088,0.00037774712686059673,-0.014729157997422112,-0.003944130474073479,-0.0011054449922295554,0.12226635057470965,-0.04896365620684995,-0.00691147220220253,-0.0016295148181080788,0.00025757442041161643,0.00014917198016152266,-5.61574043402633e-06,0.00026850671754438584,-0.009360068160561905,-0.013445500708016441,0.002683556548464438,-0.0047410003508526885,0.0031933700356472855,-0.0005533436051655592,0.0075473980799405085,-0.0003175854565062249,0.001239068690691618,0.0002225749251931083,-0.0002213885671340337,-3.2628463888164725e-06,0.00023801905763325566,0.00023645885187144493,-0.0011913445782808698,-0.0008874325366116531,0.00410159694045999,-0.005572554991842519,-0.0002466734846801836,0.05469300299406384,0.04275966120467181,-2.3671443077524602e-05,-0.00025698576270098304,0.0043040474900703524,-0.001490375330526093,0.0051148855008871326,-0.0006735046052833397,-0.003069727263190556,13.042609779806831
13291,0.0024830999764914445,0.00634735570329977,-0.029036646316685937,-0.06535312023110249,-0.0008544062364210942,-0.0015163606709087843,-0.010094882966324766,-0.021914342701499376,-0.08694559963527419,-0.01244584771129795,0.0016014455430449482,0.020251966319894538,-0.0027965814936921586,-0.0009413708201456957,0.19136699011911248,0.022495709574759153,-0.03889004075070704,0.0008999836308197147,0.00017626358094254937,-0.00018466603342353244,-4.290559769590714e-06,0.00024468339115943664,0.0020190094708593103,0.015502096218165366,-0.004177969552828818,0.0007090681557255759,-0.0008715992694943186,0.0031825801822882305,0.007679363404365152,0.0003249830497719669,0.00336192377961723,-0.0002150362544726862,6.029577718678625e-06,-3.238900849235783e-06,0.00014778602147914128,0.0001018732873498091,-0.0009126199421074098,-0.0012047782720184127,0.002877672320050864,0.0012684130386504521,0.0008159461116388749,0.10805910592637188,0.05205442179794002,0.0001340911272321343,-9.271989008024189e-06,0.0012533604762043197,0.000521352687480473,0.005675412917240976,-0.0031113719763710738,-0.013473767382606338,13.042609779806831
3520,0.0018527583518702917,-0.0012244665169800278,0.011264314217208084,0.07237430934342028,-0.00047885631833518227,-0.0025215316411518096,-0.014344827358447899,-0.02535605022589592,0.00901029122214524,-0.00054811457757804,0.001297864301064877,-0.037671533233154246,-0.004414129382384107,0.007974511722100966,0.1291645977295821,-0.01309686277106592,0.043056544466464446,0.0015996822453275253,-0.0005577176550777113,-0.0004796316086240854,-5.61574043402633e-06,0.0017654822085380521,0.0028587413334430264,0.0009362242575404301,-0.00431927360969564,0.0003076852559138358,0.0005924636447622397,0.0009179698861136426,0.00016302085980808993,-0.000373020368454432,0.004645611465527084,0.0007560853065966855,0.002730762664420174,-1.7902542066512128e-06,0.00017638970426645605,0.0003728853903538453,-0.0011587041874058465,-0.0010760010018125309,0.0002575438708997446,-0.0007346624940658592,-0.00021288993887434753,-0.041140926450228876,0.03719606876420354,-0.00011847033825828433,-0.000505369873169676,0.003636890640674693,0.0005167667167222292,-0.006254711641177304,0.0016891049666040616,0.01870251923869835,13.042609779806831
16130,-0.00021011665179767399,0.0011806475989763249,-0.1609905069065601,0.0046957957641695644,0.003034328866484359,-0.0015021116564356558,-0.00831373386875019,0.02255186102048785,-0.09756870747057059,-0.032914679972117236,0.0016195309632883843,-0.01050085160067746,-0.0026136524327556644,-0.0017150229527658424,0.12665266402504774,0.004633796648731528,-0.03175578694172301,-0.0027357947214815925,-0.0036282019917893422,-0.0003863221851838977,-5.744850035126559e-06,0.00024431312136599903,0.0011454722500124283,-0.0043206672256464775,-0.004072708280901292,-0.0002554738201938449,-0.0005375029164201644,0.0008805629107222202,-0.0017475497123106392,-0.0003196836659611293,-0.003963546109483676,-0.0013341408022215,6.114099608056478e-05,-3.654618188514535e-06,0.00021188266177740508,0.00015572225839410606,-0.002109061960709737,-0.000798470201655106,0.0013906149958793788,-0.0020904322688616223,-0.0002809760679738711,0.09055330995239173,0.07790221072187528,0.00016967239985908643,-0.00015564107558451663,0.008149007109909604,-0.0026620379296759646,0.0018303187227167847,-0.04216786030979754,0.0029260309272864135,13.042609779806831
21497,0.0010666833421863213,0.0023354075240913865,-0.09762971288700402,-0.0905880633171558,-0.0014175108324554545,-0.001644884391788178,-0.0118332345430171,-0.021793637167991833,-0.003580867866870198,-0.022575408705898067,0.002138537564977404,0.012533322817249596,-0.002410942752200257,-0.0006027273567835575,0.07060525840256433,0.012212846233501615,-0.025052706230643335,-0.0056304986360316426,-0.0004012829726235377,0.00011984244620661754,-4.038026442952091e-06,0.00023314313203561,0.0011501345706257965,0.011742275864553153,-0.0037106212708477044,0.0006245608950864608,0.0002682346300351872,-0.004682232889013858,-0.0019933692190988797,-0.0005215933766295024,0.0047515889514443,0.0015174985462059435,5.877502407957238e-05,-2.457838731525864e-06,0.00022116839834564536,0.00017566622222343187,0.0003949885292581038,0.003618986423721764,-0.004069799930732902,0.005051567610696752,0.00026647056611899027,-0.03900984925496101,-0.020473274443986753,0.0004045491618168389,-0.00015249495519698887,0.003143709206648978,-0.002683160809007685,0.010695363524633846,-0.021676544233846386,-0.023779820291266796,13.042609779806831
9573,0.000935106391168096,0.023923795310224247,0.23459748795086066,0.013065325380820806,-0.002706273414762801,-0.00471481189294725,-0.022363328095459697,-0.019365136621032047,0.3333014008046233,0.07623078786021885,0.0015047238109831538,0.027154073096259355,-0.003010099548261688,0.0094499305034151,0.14702710104258532,0.019971443470682557,0.0420195133659188,-0.005011817561620356,-0.00045223431356061615,0.00048439671049122196,-5.61574043402633e-06,0.0001617170282089141,0.003742680341159385,-0.0031554730674631997,0.08607701232159323,0.0006393127434690194,0.004325237261961088,0.009051208591512068,0.004304447177243575,0.00025371095258521387,0.001315366968060947,0.0018176560051586853,3.0401210073696278e-05,-1.4518482416225084e-06,0.00022124718845456594,0.00017834788753758437,-0.000700109644206397,-0.001115236319233771,0.005177545678399032,-0.0003006681466202504,0.00141764172233362,0.1329093098666557,0.12242898215086893,-6.34479657537043e-06,-0.0006985659246195645,0.005022478282583126,-0.004629828766763154,0.0075441402836345026,0.06162830116270608,0.0043993726296645596,13.042609779806831
9302,0.00423942070760405,0.0007437747989478654,0.018805969680381902,-0.0012426809186616304,0.002663695710985105,-0.0018458530895680437,-0.011860597898931909,0.11741984237948719,-0.1009831784300835,-0.026195762404568185,0.007124487433711776,-0.001638066356091097,-0.001830004404943348,0.00022073870806484403,0.10600782481341914,0.035443825596195036,-0.031122154859291186,-0.0049385233162825785,0.000979426895378453,-0.0008885382052563957,-2.5763556498886773e-06,0.00019712645031343958,0.0018510564398083555,-0.0055119146229409355,-0.003315723083817066,-0.0004079056709466854,0.003947773360770356,0.004266353130875928,0.0070625876148288245,0.0019755063081929444,0.0002451283438246403,0.0014770842312153165,5.000730273022595e-05,-4.062527278505596e-06,0.0001476516954191003,3.15101687662654e-05,-0.001749872347005729,-0.0018865941125378288,0.0008382718895269954,0.00044972512813061673,-0.0038257099478758508,0.06980804936780194,0.04280798636989176,0.00015036231578977345,-0.0001725645563768549,-0.019475931838822264,-0.0028432531430660417,-0.00991222526413765,-0.004085799540926467,0.0006256940481455671,13.042609779806831
3767,-0.0007845743227920397,-0.021410530746901052,-0.2836571989138234,0.02289117371439627,0.005679303357752852,-0.0018672760583426646,-0.012636714271214516,-0.03865333164475732,-0.1714480162752266,-0.0014011510681507676,-0.00045577345616703646,-0.029792997068550656,-0.00365745475768053,-0.0015297955010832114,-0.1884145354210849,-0.008804466778998463,-0.03204329997445178,-0.0013698962143022396,0.0008114143677101398,-0.00461620331058445,-5.9596638945203255e-05,0.0009965212286634684,0.0024453269873059807,0.0014466058469145976,-0.004603937145149114,-0.001292703865990426,-0.012195905000732763,-0.010840547943860789,-0.00633653173040788,-0.0014966214279385566,-0.001502410019719581,-0.0031665850826831433,-8.402825678405566e-05,-3.654618188514535e-06,6.457468739595729e-05,0.0004790925255632442,0.003335394196849612,0.0031541712282534447,-0.009430423598704394,0.000133511299474189,-4.999154653153178e-05,-0.09762621431121277,-0.10528462899818998,-0.00013497193388181984,-0.0003701720524011926,0.0008453503600014759,-0.002105631000380027,-0.024524651384158914,-0.08950063381676096,0.006360829747035618,13.042609779806831
17120,0.0004346487612552413,-0.004617636855232349,-0.04050233821683856,-0.021020728325584805,-0.000638490693941882,-0.002619896080736518,-0.014042399449796817,-0.013173428435062999,0.21482286259826266,0.02694010746142072,-0.00012937024028115512,0.05834461082692743,-0.0028204896760883145,-0.05416137848395764,-0.2509569788774524,0.013629019003783457,-0.016536253087481415,-0.00709486896969707,-0.0005359453025608881,0.00032205209307861163,-5.61574043402633e-06,0.0003842952794386328,0.0016571749485689324,-0.0038762516251424893,-0.004973445597103913,-0.0002581547688375769,0.0008759058370151146,0.00017655363380723597,-0.003536415912370873,-0.005959548154182912,0.003429887582736169,-0.000558110237840376,0.0009748151868398063,-2.457838731525864e-06,0.0003446205440590522,8.557069092438793e-05,-0.0020197796280646664,-0.0025068907050500256,-0.0030207188331047696,-0.00034865262763191353,-0.0001114734625254602,-0.0715990083759807,0.002813539458698479,-0.00011154188122674446,-0.0004584701575383513,0.002673114371612274,-0.0069983398621251604,0.007728086750241817,-0.005807803402752144,-0.007514361626538881,13.042609779806831
10154,-0.00010839789207594519,-0.01824722187402386,-0.15494783657033,0.0017953336318898843,0.005132029236352784,-0.0017643353367583498,-0.011809368280886407,0.039277759027526574,-0.14286679680672804,-0.019213902473050038,-0.0010745316919709073,-0.015431405541640394,-0.0020420167349871374,-7.166589900283334e-05,0.11602597821341332,0.00987852041643696,-0.028196007188149227,0.0022900740159443327,0.00022894904714474817,0.0005187870249971919,-5.9596638945203255e-05,0.0004924554379017094,0.0013793500306542219,0.004424623094171809,-0.006644585142453522,-0.0007774957971908304,-0.0033213273783306643,0.005218079740301246,0.00894968699887259,0.0006676121540776291,-0.008073645680426154,-0.0023787920181295667,9.615415944018783e-05,-2.457838731525864e-06,6.563040138171708e-05,0.00028146597953966645,0.0050923299011389105,0.005147668910556852,-0.004655506850403359,-0.00012211686629038198,1.764321168092374e-05,-0.09073632426078962,-0.09021624212214512,-0.00014662850523727706,-8.212751717416698e-05,0.0030387956906762935,-0.004967377103788042,-0.006087332443406422,-0.03833500375677839,-0.0014266252918488079,13.042609779806831
9195,0.0010292070610004795,0.000986002439825396,0.05600944663862999,0.01698102693481055,-0.015007920702192326,-0.011318612374742026,0.22685817119397692,-0.025040650338871283,0.17292303862502187,0.03339863229353093,-0.000447529237509794,0.01991415672516272,0.050864047458218854,-0.0004258582085263395,0.0875656752242737,0.03442587892724974,0.010813040960919331,-0.004635466886986394,-0.0044910901042067835,-0.0022272496161443917,-6.200785182009498e-06,0.0003936496382594872,0.0035182145977721464,-0.00180257909413575,-0.007485013305326779,-0.004501439897500499,-0.001246406309316867,0.0033579828143551356,0.0006734382241807023,0.005641010079719357,0.0009878624820023965,-0.006850694258128201,0.00039206362118704197,-2.049756503454215e-06,0.0001579543811690207,0.00029604207488320933,-0.0010645177962194901,-0.0020021183892368344,0.00044789334943659624,-0.00027055576416494835,-0.003173205012929002,0.05453460747731037,0.05796461177031706,-3.4866252328082814e-05,0.0029580893951321645,0.007011915290043855,-0.0016434756245025796,0.000824493748515762,0.01082588759236955,0.00044796306905746196,13.042609779806831
13550,-0.00011181645770578022,0.0013151779239197615,0.17304196779861403,0.0761088945056633,-0.0024246839738752747,-0.006129408075299844,-0.026973755141607787,-0.018273585945579554,0.30255774889948295,0.04311209621515734,0.002300115939448645,-0.021318455143195088,-0.002867115954241697,0.00023915896127852572,0.020810216613025595,-0.0058165543423958485,0.02548487781429759,0.007302257713574161,0.0007471603176704084,0.0005419220574142609,-5.61574043402633e-06,-0.001299440436400817,-0.005922766060463622,-0.006790168036706167,-0.006782337536816174,0.0007146842712598422,0.001953240973156677,0.0027443858366553173,-0.00021934493443428625,-0.00018729232947330835,0.0013923867303200486,0.005606048202073228,-0.00040640974409339426,-6.73399707410616e-05,0.0001636357867189929,0.00037618413569940506,-0.0014285188418373194,-0.001314698075992984,0.0025289395496128158,-0.0002744561813162886,-0.0002959396068940556,-0.017881948033394976,0.02158227530076169,-6.34479657537043e-06,-0.0005177877465773195,0.0022416741493706278,0.0027534059641514813,0.011926058850291688,0.03890543620446321,0.02113710501394327,13.042609779806831
18899,0.0036764351781276767,0.0018744161487638407,0.07713422918568237,0.06577089238237471,-0.00170309944093719,-0.002556029474948964,-0.016888290092920324,-0.016793730441300964,0.01570043319769501,0.025514858176176908,0.002525217357246704,-0.008165531262471748,-0.004324058290405539,-0.0018987363154787328,0.08982922190477603,-0.03192912530522111,0.02968683353056527,-0.013274941517985708,-0.0007438525826198941,0.0013861764501948875,-5.61574043402633e-06,-0.0002714495967037518,-0.007808028438313459,-0.007283832384031449,0.0044440745857553775,-0.00497152552188716,-0.0006446327063339925,-0.0003820617053372081,0.003309270331855428,-0.0002765512348339878,0.00195846062895079,0.0039531524563617875,-0.0004398104233926908,-2.6483370053677158e-05,0.0001682700922662202,-0.0001300026705076646,-0.0014936726841546617,-0.0007264252115615921,0.002371878385550426,-0.005834564157653269,-0.0012401256887408464,0.051018827908105045,0.032815186455278915,-6.344796575370437e-06,-0.0003436904718436048,0.0039569228090326645,0.0036815799597497505,0.0021762091653075724,0.024139661479151916,0.013953463921697584,13.042609779806831
4934,0.0001418780083848689,-0.0017466000523702265,0.06548239902547624,-0.006921272385231001,-0.0020516778415391123,-0.00349518081783096,-0.015385057334513532,-0.02235972045424709,0.1614211520735534,0.018170355511474428,-0.001992421490393398,0.013362951209561765,-0.0036403090122895084,-0.0033282440364908183,0.1508089234046606,-0.019560291576236448,0.025485677509074555,-0.0023930805743370962,0.00012891679766144937,0.00013605408798702867,-5.61574043402633e-06,0.0017305363482738158,0.002319334442889066,-0.0024304187782348656,-0.006773855957268186,3.259193535481899e-05,0.0011533830888683775,0.0011686300408405201,0.0003730191547675452,-0.000633701222020729,0.0035776179789823686,0.0002361497455651973,-3.193150576398946e-05,-1.7902542066512128e-06,0.0003297304272070766,0.0003140019726163852,-0.0010829651636875101,-0.0010023366341456166,-0.00037605403370137526,-0.000938838368560396,0.00022515755734502744,-0.04596825052046037,0.017699975074527387,-0.00013269857877335435,-0.00015035335045124681,0.003484669647491525,-0.0008664869380239603,0.005152445571286287,0.01686301949567436,-0.0010222332763427978,13.042609779806831
4739,0.00026426468175853933,0.0025803770507505336,-0.04403588834258805,0.007813780055771486,0.0008923487107308644,-0.0054460434786341395,0.09915836210887259,-0.011504570317543567,-0.08472822301294274,-0.014273915311527264,0.0004579482460802586,-0.00450184371918697,-0.0036764283841877973,-0.05762808951088423,-0.23161392617298418,-0.020890753066270935,-0.0013138311871196252,-0.008745334604686057,-0.0006674811731700489,0.00027091072899320686,-5.61574043402633e-06,0.0005522097313250366,0.001525339316921268,-0.0046834507674208695,-0.0032554325662465583,-0.000378902232198795,0.0032190946199345547,0.001596928140539262,-0.004202111891690594,-0.0016398856301314442,0.002522078801055862,-0.003148425655299354,7.403084891851477e-05,-2.457838731525864e-06,8.592025703749005e-05,0.00015673481504854602,-0.001701685250937375,-0.0031745385784649593,-0.002170210590940776,-1.5374950320141524e-05,-0.00010521384495371905,-0.09462606696505613,0.010055128734583021,7.814297321914912e-05,-0.0004920392884322075,0.0040107402400246395,-0.0016940490133357411,0.006898212343873392,-0.002490545934500356,0.003740440952801418,13.042609779806831
5384,-5.750095214613378e-06,-2.1250374786743732e-05,0.009432322326092204,-0.005391880496659818,-0.001580530337462355,-0.002486417048214973,-0.01726708222837486,-0.01841424229134738,0.1869111773664278,0.02005670638169522,0.0007740420606639175,0.013293863071440273,-0.0034538410123027196,-0.00024122082929509096,0.07769026410351396,-0.027161923918445102,0.014005650698240252,-0.00029039036170739924,0.0005364665649150317,0.0003136872450887767,-5.61574043402633e-06,0.00018622457267923533,-0.006414048820638635,-0.006910914271854134,-0.002407605934287419,-0.0023687745787104937,0.004704013892297653,-0.00010311396420797753,0.005653514521251335,-0.0010951458158211006,0.0006236175399728849,0.00024524100753765246,-0.00042115640557447093,-3.2628463888164725e-06,0.00023714521498903088,0.00026842969872076217,-0.000981309583791844,-0.0012109508698846883,0.003450839432902818,-0.002314338632480857,0.00015956668931261186,0.05980425790407542,0.031684004280612216,-2.3671443077524595e-05,-9.033535129835165e-05,0.0035316943227747654,-0.0011545480668864027,0.005914554324399804,-0.007872678486137806,-0.0034202442663256705,13.042609779806831
17965,-0.0019793564992041275,-0.011137001229256009,-0.08071243194277815,0.006343533368709489,0.003484405904829426,-0.0016142285487341348,-0.010970873850809531,0.029330795532225517,-0.09914783190125674,-0.025452510021279896,0.006165267523866042,-0.02221976689450267,-0.002012650589760122,-0.0004449115110142026,0.016275557441846108,-0.005409157625357135,-0.020628976904210974,-0.0032308111026154852,-0.0005243230508299489,5.5477159876976686e-05,-5.4784926216738956e-06,0.0002176954884871477,0.0015950034579401279,0.006203908814580307,-0.0013557395813875567,0.0008851391913191523,-0.0028984261385040623,-0.010721552118828215,-0.0014882183671208174,-0.00047300920448128557,0.0037880793223216656,0.0010645483177248952,7.495586011174377e-05,-3.654618188514535e-06,9.206143763640357e-05,0.0002369526911465689,0.0005642684438445837,0.007425633072397842,-0.0040633909751164885,0.0057232494764274805,0.00019599521830296676,-0.036520410239999815,-0.015696144253487733,0.0004203866157321613,-0.00039925829381654796,-0.011248317901257935,0.006560510066081515,-0.007926941803283316,-0.024757491100055182,0.007593586972207589,13.042609779806831
16286,0.00016380269763246634,-0.000637555515744743,0.05844273488184145,0.02244795107133175,-0.0025824856946060374,-0.0025475858357733834,-0.01466908111852812,-0.02710254396962408,0.018201346771996304,0.01986079975000177,0.0009316356665469753,0.007544800421613876,-0.0039570318256796945,-0.0043024972616879115,0.14607540021178878,-0.024307035038717506,0.057758220066251975,0.007335383200716206,-0.0005839312226212073,0.0003389676324833691,-5.61574043402633e-06,0.0017473779120178137,0.0026530813234080615,0.0006772047481430108,-0.0043118166927191585,0.0007615891742226197,0.0017002683139515768,0.0006325847870951587,0.0006184235823521691,-0.0003989662193866706,0.0028004832143963907,-6.797364456893819e-05,0.00019608563407773536,-2.5782456438389804e-06,0.00032635718525161005,0.00021622859480507545,-0.0010387085975122321,-0.0011357252061065595,5.531800293185292e-06,-0.0011385636554962972,9.13231528762699e-05,-0.049154853004212476,0.04001439435354617,-0.00010111100473100919,-0.00036015054804316077,0.004418528606315075,0.0021748146439549768,0.005691229286848595,0.004300554936551427,0.008498711247999835,13.042609779806831
1814,-0.0034174027109492773,0.0033084620397469695,0.12140349982839685,0.10485269485098181,0.017526440984683582,-0.0026805112916088282,-0.01625780403829451,-0.0236333030917623,0.012751416341212282,0.02529770053637677,0.005375761662055217,-0.0056586980225754,-0.0032637268964584515,-0.000813026298354193,0.08457910405739952,-0.025926217034569037,0.02813631749393551,-0.017732504004578716,0.009154616736724634,0.004732069747756969,-6.200785182009498e-06,5.247960449438441e-06,-0.01532226132976457,-0.006399196940161671,-0.0021129037294847362,0.00021742762275521417,0.002707516012243952,0.0056232412151748035,0.0027161873497858415,0.0005253048045002352,-0.014196370759592533,-0.0018835447429689628,-0.0006188648814863105,-2.808478326266928e-05,-0.004204689030603377,-0.007134107870124422,-0.0014793126250603039,0.011307775181178866,-0.001364403717068214,-0.00033647425590995774,0.005058772477543977,-0.057897611939098974,-0.05873415315799272,-0.0001164578918139036,3.9040814318590935e-06,0.00352055278704532,0.0006109322220081879,0.007691273254065972,0.03950255844198666,0.02874080218599264,13.042609779806831
6806,0.0008691114509570395,-0.016899737785875453,-0.16314631831444695,-0.0009160705126678995,0.003716465798441009,-0.0016660043262908212,-0.011021505429216425,0.02247290654004478,-0.09925104115598826,-0.0075022230472727575,0.00014787521578452786,-0.031759590942353366,-0.0026221155416505447,-0.001337272182248153,-0.21831530356020384,-0.018864243473652058,-0.038732089574708944,-0.0038513795689980954,8.270710932279499e-05,-0.0016996110208635379,-5.4784926216738956e-06,0.0004234531773539905,-0.0029277336669076034,-0.0020963564194626323,-0.000968964317216678,-0.00187723477285341,-0.007847425049312257,-0.0074287890212675406,-0.0049578720430053964,-0.0028346680603908497,0.002464490208035461,0.000890894094771895,-0.00016230910029711395,-6.440358901335884e-06,7.767484009416366e-05,0.0002474607278775882,-0.005117918365055165,0.0011022975672425668,-0.0016391638918794508,-0.000399496396753854,0.0012881976164964674,-0.08245469175767332,-0.09603031327332136,2.2578193795871276e-06,-0.00024691993720091503,-0.0002995516991662792,-0.0042036345811872385,-0.015214201331772915,-0.03740462830401268,0.002749622788952213,13.042609779806831
13431,-0.001907911889369779,-0.010120487462474095,-0.1733194614474442,-0.013356918950259013,0.003419432842358983,-0.0015672426318067301,-0.010055282276484914,-0.016700854347805626,-0.004994214052022477,-0.028873897646823108,-0.001280115120546785,0.015257122158763601,-0.002474976522444082,-0.0024111654989279066,0.14112226475676484,0.009865361600814084,0.00021660931590765741,0.002351186431106639,-0.004240480219654488,-0.0004803057935955422,-5.744850035126559e-06,0.00022779093795198785,0.001220514546191483,-0.0020680026752264743,-0.0035705068002133376,-0.0004009840122997867,-0.002831671473959321,0.0004279241486918945,-0.0007138887396302299,-0.0005205016155935832,-0.001483903968026948,-0.0017109622573785214,0.00012793429633202284,-3.654618188514535e-06,0.00016588110831428497,0.00022687090580821403,-0.002144593990691848,-0.0005605260376701311,0.0054996827086817475,-0.0022575612054931836,0.0006936741815437572,0.10434456224341956,0.0836241941118888,-4.0757221755590876e-05,-0.00019638213166767139,0.003355777410995765,-0.0016116282035231204,-0.002106049649921676,-0.03900243934162508,-0.00821408615009646,13.042609779806831
20230,0.0008495568319415516,0.012266344142734274,-0.06314061723695992,-0.0632455788455345,-0.0008583363002956807,-0.0016256157201455623,-0.012794375023367313,-0.017970335625168463,-0.0014044179646918857,-0.01912815663492461,-0.00023318744258041176,0.03748517139942273,-0.002248916536862042,0.008409499689867669,0.16335027921336506,0.003597585819205047,-0.020260027218146178,-0.001716007303879074,0.0010276872538912479,0.0005702472959151477,-4.038026442952091e-06,0.00025112338799358877,0.0015435288868147993,0.013834449729346306,-0.0037006043104867345,0.0008341013245278757,0.0005418994060512448,0.0013376940946603954,0.007699197998783528,-0.00046296162599846955,0.004106127736435927,0.0016467290667090705,5.232284279600056e-05,-2.457838731525864e-06,0.00032248627403503243,0.00016301106772819535,0.0036058444660692526,0.008610240621516881,0.0011223677899306827,-0.0019034762494695985,-0.000104405889556457,-0.05776182476972372,0.05498318527276624,0.00046246441787089793,-3.615697537994093e-05,0.0039268067554800255,-0.0017665861848721238,0.005566729045793533,-0.01408618103349921,-0.010621798075322262,13.042609779806831
16321,-0.00219579201569869,0.007166134366603997,-0.10512458800864737,-0.07872912152546745,-6.48330665425718e-05,-0.001688864719859669,-0.01151659606581231,-0.015351626362040465,0.0011336337737127009,-0.02827340139666463,0.007373868883647635,0.015952573864310912,-0.0030773975799489057,-0.001527385815570436,0.07037708746640652,-0.02411757915332396,-0.025179872976677235,-0.0033971618805128108,0.0009006733278561071,0.0002085603306493918,-4.038026442952091e-06,0.0001838482762382559,-0.004750585941370478,-0.007730451219391287,3.2895947494702296e-06,-0.0039060958329928,0.0035773983275202907,0.005235419788025198,0.004857167457819696,1.3884715639730225e-06,0.00115492173018225,0.0006516780836230589,-0.00040532514166610365,-3.2628463888164725e-06,0.00011756546786578088,0.00020326489262718477,-0.0008620229961739668,-0.0010136264234526322,0.004940852574978675,-0.0026660238773140534,2.85704573960555e-05,0.05233648722617794,0.043604550831201336,0.0001314230549629724,-0.00012967691898444872,0.001929573160587184,-0.0019514241416975042,0.005708548924790065,-0.020630453713880056,-0.020782452322941118,13.042609779806831
12395,0.003110304072991479,0.0010676544035578726,-0.03171031399941915,0.002631438631355968,-0.00022007723919371217,-0.0019162079134894467,-0.014728280744073324,-0.021732950259341792,-0.006457290135909638,-0.009040879367639245,0.00030315200191085656,-0.030601300847411327,-0.004530363778262622,-0.0038552869504053086,0.15773923671870976,-0.038217348388903255,0.025158468781025387,-0.005061229254178842,-0.0007597048672696985,6.864172571283009e-05,-6.809756164343423e-06,0.00039634907706016635,0.004203154209651713,-0.008435321432698286,-0.002227345751303225,-1.9551556311632194e-05,-0.00995750640937461,-0.0025341890581821107,-0.0016524610149861074,-0.0006068072530211526,-0.003272370894349029,-0.0016410488221842215,6.218498328313592e-05,-1.4518482416225084e-06,0.00016219095816858028,0.00015592100442785253,-0.0007291592444791678,-0.001139387704675315,0.0012430299168229627,0.0005298327833290784,-0.00027227361509667305,0.062144921406109895,0.04972620197984536,-2.370413010264557e-05,-0.0003517322097710398,0.0014391719666541382,-0.0028907771723505633,0.003245685231898092,-0.0021679300860481983,0.0035695689867897827,13.042609779806831
10934,0.0010346565955670448,0.002288638085121845,-0.039039027517800605,0.0013515737960428664,0.012750058869189123,-0.0016519936362866625,-0.01376076263378125,-0.01728751502185454,0.0026288294499768328,-0.016935509645273,0.006226712608439322,-0.0016734218468170867,-0.003117951732435056,-0.0003319446475556545,0.004398661752492344,-0.00656022832649692,-0.011251068761622088,-0.004897610988806645,8.703660265588792e-05,7.281233743938476e-05,-5.61574043402633e-06,0.0007592313696773639,0.0012933747257989176,0.01220374449506016,-0.0022356593916596805,0.0015039240958832022,-0.002313294382147648,-0.0031093932718206994,-0.0022759054325903424,-0.0005322306166213095,0.0034913001273599287,0.00019716289181533948,6.366016977300282e-05,-2.457838731525864e-06,0.00020434952078661524,0.00014915380478938537,-0.00048368095948232763,0.0062907954677802235,-0.002658084062884806,0.003339676029161704,0.00013479374952881672,-0.051421969385654666,-0.01446098633465849,0.0002549981997187423,-0.00018995389211459495,0.0029405901399280152,0.00026431937404748217,0.004762358090138269,0.0011677523584333403,0.0017105556794137292,13.042609779806831
20131,0.0008182873449373334,0.0007736624238816884,0.14524792923344956,0.013717034465624648,-0.0031910025856192515,-0.0036279057698864387,-0.01870210706363251,-0.020116518361043764,0.17706667129947337,0.03393384087064692,0.00016783352753851823,0.02685099891519536,-0.003025026409833259,-0.0012111345381012018,0.14871665096324482,-0.036628759670116806,0.004857445682801553,-0.005530383283670243,-0.0004291893994162528,0.00040176659668767574,-6.809756164343423e-06,9.464680501345924e-05,0.004045676227859743,-0.010675128065080199,-0.006901312796551159,-0.00024273648184319223,-0.0036341526795250433,-0.00012065399879996848,-0.0016863992191711186,-0.0021302988951522584,-0.0002074179421110649,0.0005804854988444065,-0.0003545866416161442,-6.440358901335884e-06,0.00016926395818459139,0.000183834403165529,-0.0007054344219535066,-0.001218872923144477,0.0002601600768721487,0.0001287174514161224,0.0003142116642824826,0.05952669617593968,0.03544166928297948,-2.060572411556139e-05,-0.00021413211486521054,0.003793391970958537,0.0027275294617764402,0.004779210243482758,0.03458426258678941,0.0037649060255462085,13.042609779806831
17724,0.0004236425317646035,0.0012763591680923806,-0.11237777041612786,-0.03892457765916435,0.0022459854692393503,-0.0017595318214344833,-0.01136450020669103,-0.03160242553849176,-0.10832444518910922,-0.008827921539804624,-0.00045855374059164254,0.02568071112287032,-0.002168280884851284,0.004185110940822739,0.18577449937598192,-0.000888926590197958,-0.006471684681501222,-0.0008089715755715367,0.0007976213221424339,0.0006538962905218948,-5.61574043402633e-06,0.0003587400197753602,0.0019163412581112993,0.010755365356261726,-0.00197658123722882,0.0009271344198548236,0.00011895862936842127,0.0016137076111854744,0.0036110936114425885,0.0008416512408855013,-0.0005607729853207304,-0.000551547970112704,5.9831685677588564e-05,-3.654618188514535e-06,8.513429284842804e-05,0.0003596313700008017,0.0038713757071833863,0.004694147968842712,-0.005391051817443127,-0.0012687714842034166,0.000166974723243375,-0.07846353313217566,0.04145765545447032,-8.033834615187607e-05,-6.581592581884863e-05,0.004361132231062882,-0.0043783884286437555,0.0053082232513037755,-0.032371526864119954,-0.014815097827369004,13.042609779806831
4286,0.00012311306448571207,0.008589209395175386,-0.015189266980998579,0.012521158218045189,0.00538799599169065,-0.0020694058512579785,-0.015648563629679646,-0.01504864966195322,-0.0034449974211724016,-0.021999984767340452,-0.0060806064201098485,-0.0008267949489858365,-0.0028261850555012886,-0.001324798953703589,-0.2272026543622862,0.003189809858568581,0.051066531022742216,-0.011420755845147776,0.000911263026290329,-0.00020853308528850456,-5.61574043402633e-06,0.0004944511654992959,0.002551286457301752,-0.0011031054591937243,-0.005454453869044514,-0.00038623798552753187,-0.005468214422372286,-0.008561614739265895,-0.010676411073527918,-0.0009676795780664358,0.0014729259403332548,-0.0013278976922564017,0.00036999106925076123,-1.4518482416225084e-06,0.00010445910371804927,0.00016345288695654968,-0.003970613997840496,-0.0016080171573879518,-0.0020348594790606522,0.00038275131862550616,-0.0012683526123454512,-0.08822550823105924,-0.10022273301679048,-0.0007488801899475392,-0.0004103252577364652,-0.0001915184423728221,-0.0014308741800439896,0.022826102731428804,0.0016177042644397893,0.0022999865437525325,13.042609779806831
9484,-0.0030991321488988014,0.006173358588763917,-0.15080720475606393,-0.09741379626315251,-0.026046784096084713,-0.001540532934098573,-0.010683946495662728,-0.018496540100178104,-0.009947452233167231,-0.02904037839014754,0.0006426994529699439,-0.0038719415704069797,-0.0025478200955666584,0.003962925360234043,0.08425217158748355,0.02954162952588777,-0.025895885077297152,-0.005248319124232125,-0.00030814335704509985,0.00014183338205985224,-4.038026442952091e-06,0.0001924480076398551,0.001206536015385655,0.0007847884676404907,-0.004249583924423871,0.0013138065806967843,0.0016079576695884662,0.0013645035346140514,-0.0011146050795014025,0.00027758153645422647,0.002673639701389719,0.0015599703177030932,5.0197816986937934e-05,-2.457838731525864e-06,0.00010600322555755084,7.917348044885047e-05,-0.00048530137651648937,-0.0017103816401138558,0.00040046841214568224,-0.0016260128287848834,0.000331369120284637,0.06720161677050313,0.05769811365407416,-2.763788096598957e-05,-0.00011889127217505009,0.0020327454009846646,-0.003928499462597426,-0.0015575372759166531,-0.046902203905428014,-0.02874371863944394,13.042609779806831
16503,0.0008767997721825331,0.006704982416756117,-0.03019833558293945,-0.049665960485516,-0.0010360173603862163,-0.0017876287273818356,-0.011232219589722491,-0.01722503972201412,-0.0012554810482859509,-0.008918273341295965,0.0016283447644568694,0.017028794965630784,-0.0033403518291509142,-0.0006966256917501061,0.1851802022356056,0.018004091625571598,-0.03249093885565103,0.0026545627300179294,7.663579989356226e-05,-0.00022102382235726368,-4.290559769590714e-06,0.00023459191921879267,0.0016205482195990075,0.014495998084097426,-0.00439287341544738,9.541040049299536e-05,-0.0021349744718725215,0.002231938719408749,0.008025337035946649,0.00032036122013459617,0.0033940936988216437,-0.0001951670674217879,6.249817697069756e-05,-3.238900849235783e-06,0.00016473239854054153,0.0001544247132324863,-0.0009584803127713808,-0.001190032710089212,0.0028715425297251556,0.0013617990239591711,0.00014989652856234106,0.09929409890606289,0.049961403302791044,0.0001340911272321343,-0.0002116868551448283,0.0033535494569617817,-0.0014474585176663705,0.004719084932515834,-0.0034559366055839816,-0.009135630417857686,13.042609779806831
236,-0.0003900025600087997,0.007665141583202108,0.04105835239017791,0.1223924601740815,0.0029307123372624743,-0.0026705941460750822,-0.010777644906691237,0.04032386606534338,-0.07712382325694593,-0.007887694025741496,-0.007340649946582098,-0.013452455184715039,-0.0016567213807359596,-0.0006107395849211263,-0.13510961494216397,-0.028782314689719427,0.04525758678708036,-0.012053640521962025,0.015240642074104648,0.0027867444808472005,-3.4640570788581616e-06,0.0007829676600865172,0.0009590923318282431,-4.6477052219918116e-05,-0.002108109237809498,-0.004625463622384785,0.0051827826857819585,0.01622717216505557,0.015406286584232891,0.007643271045119091,0.004264073639118867,-0.0027245591201540127,-0.0009272983536141564,-9.998860491450932e-05,0.00015200135054165904,-0.0008448022885173666,-0.0009704155724407723,0.00025649381323643826,-3.3798285403331465e-05,0.0013453960719363638,9.583912394003189e-05,-0.06621136105259365,-0.06492459840291816,0.00011061561048607461,-0.0001954906351328949,0.008730535744005452,0.004033866858736695,-0.0026226500816808876,-0.000640809436009077,0.03925998408027646,13.042609779806831
10757,0.0035405705310663873,0.0013277796256260506,0.12087384923496466,0.08017594535884055,-0.0016958293516940355,-0.0036937463895885566,-0.01876366742570605,-0.017238774017753228,0.16919478832206242,0.03239233201812911,0.0028912995290295406,-0.014065112005472493,-0.0030146495694347818,-0.0031093205389028005,0.10526027463553285,-0.053197600449146024,0.00925760567692573,0.0027679421035670367,-0.0012345619994080838,0.001661203604606066,-5.61574043402633e-06,0.00015631407264104697,-0.020055180115236434,-0.01047574398407793,-0.0035638530750832127,-0.008179608019963857,0.0015725255729238739,0.0017383384495420703,-7.249664648869753e-05,-0.0003632951981593998,-0.004158758647472633,0.0007816985427630725,-0.0008800952719466245,-1.6677947785120514e-05,0.00015146913885278108,-0.00035348468107142104,0.00037353957461759785,-0.0007440884422724366,0.00259070861268915,-0.005975624745732499,-0.0006728230158010168,0.04143663536012352,0.02348303236720984,-6.34479657537043e-06,-0.00019231579837684107,0.004242387001623218,-0.00796531524194235,-0.011044245873974325,0.03393224745987851,0.0168583507592217,13.042609779806831
6988,0.0020014125527283715,0.0005030797149804248,0.02890268648282254,0.01439370500795858,0.004171105297767356,-0.0020430542565306924,-0.016379640834603526,0.021663912660653806,-0.007173410699479907,-0.011279760453907876,8.182332039918618e-05,-0.0312014773000969,-0.0025693413866942918,-0.0022262792673211095,0.15129122996471703,-0.03619909611099903,0.008420970495825682,-0.004933367744127911,-5.4629091077193084e-05,6.120411238506616e-05,-5.61574043402633e-06,0.0002606724626653208,0.0023720842904454823,0.004182578816913171,-0.0052123422821545905,-0.0003385518101971897,9.414841429346318e-05,0.0031337007386682512,0.007854210031728039,0.000589277051522238,0.0021641315620175563,-0.0004888856384203032,9.525596532600314e-05,-2.457838731525864e-06,0.00016087967039198666,0.00013291797081007851,-0.00024392274486470815,-0.0010679185256748447,0.001315616549148828,-0.00448673040641605,-0.00035408148216388153,0.06361670618068523,0.04004281266032958,0.0001474826199332019,-0.0002657976927525732,0.0016820783997094873,-0.0020239896500633013,-0.011943216855266668,-0.0023082747587093062,0.005933965539592557,13.042609779806831
14098,-0.001923309092280139,-0.0069436788022684565,-0.1920760065458341,-0.029520134586047617,0.0023942807694595897,-0.005731479190571188,0.19570822014251782,0.030692791186195514,-0.21690608549096993,-0.02799819562797424,-0.0008069479905902238,0.0017230674903618026,-0.0016566308184989803,-0.005061608389095896,0.14088145476923225,0.04567818608010243,0.012056373163584357,-0.003407244528496518,0.0015256054631192907,0.0004864888060928825,-5.9596638945203255e-05,0.0002010785545617591,0.0015513605630890098,-0.0007282411623718354,-0.005998839861629477,-0.002674414902647029,0.0033951182051119907,0.0030672559418139754,0.0024837134975292515,0.004765190806521678,-0.000323505460110153,0.0011766083720802338,0.0001959871786293445,-4.062527278505596e-06,7.11591579001697e-05,0.00035287761906829996,-0.0013707716423419143,-0.0019172066337766332,-0.0027544978742348168,-0.0001820610262997381,0.00039573197940572674,0.06481559427190593,0.054146108996314196,-0.000232602377873903,-8.623090978662316e-05,0.003817654246375814,-0.0067538020716696925,-0.00015038245378608844,-0.04538498621515574,-0.010878188986096623,13.042609779806831
6170,-0.0003959039015491266,-0.008299705425347984,-0.10279454076002703,-0.016007381246646763,0.0029142824966308305,-0.0014233503030297637,-0.010758611690336409,-0.024483066584226366,-0.09643055526683748,-0.013275277771043691,-4.083614021527006e-05,0.005333018933291919,-0.0023637941051011606,-0.001114947965713333,0.2492980720617152,0.03217032269558665,-0.043794975574308496,0.0016609245468731508,0.0023807148317607657,5.955758867917142e-05,-6.200785182009498e-06,0.0002280143726252137,0.001962417846010187,0.00769078951727953,0.0044555364196987015,-0.003028725772734925,0.010099434621958208,0.007713226843553836,0.002059005318714308,0.0016299022626863463,0.0028750288026378064,0.0037630605636010807,7.23030871315261e-05,-4.062527278505596e-06,0.00015134564317287354,0.00022969793467568367,-0.0011029533762563146,-0.0004905958706871946,0.004047744690675782,0.0001613734994177061,0.00041297545800193997,0.121374654732356,0.09104994789381106,-2.3118618881377218e-05,-0.0001383192336269929,0.003536545387038539,-0.00276886506680636,-0.005458643261706226,-0.030868225833083827,-0.008445881466371355,13.042609779806831
4001,0.0005826041435464642,0.0069421597850190765,0.2184136462488839,0.015158836385597365,-0.0034278783766471385,-0.008792575362291322,0.08110865569391762,-0.021113789438283407,0.19827775780706391,0.026596966716896646,-0.0047440583384582855,-0.025007287625751815,-0.00419535644806411,6.055057758477762e-05,0.11792168809107571,0.04073599358070914,0.05040238788674548,-0.008841650364878207,-0.00042496567071251544,-0.00011277199415649334,-3.5248116517069927e-06,0.00019720966256465768,0.005683883099451582,0.019311556817258175,-0.019090394489358915,0.00041681783869781936,-0.004926024831241135,0.002136658701681979,0.0028339059599679773,0.00033898882571710187,0.0034627043107944627,-0.01959256345014146,0.0004629094356581261,-1.4518482416225084e-06,9.155235057541522e-05,0.00020518963652128158,0.008147488047329765,0.020142233923015673,-0.003654193629375217,-0.0014403741864094102,-0.0004614621865884342,-0.09895482619729766,-0.12329362674730565,2.0282333620412587e-05,-0.0004320474618424714,0.003744387494956831,0.018543444250989017,0.0022152798501791815,0.0651854385917002,0.0022437372445406117,13.042609779806831
3430,0.0014304459282677266,0.00457216926810459,0.036545272080372386,-0.0007319115886699734,-0.000856888373149265,-0.0018966088906527754,-0.011210727704736103,-0.022974725554852776,-0.08169074608354057,0.019372930538360263,-6.4217325789714e-05,0.0139076482008533,-0.0024371119686030147,-0.00036439716640206235,0.03567411126784306,-0.023919049884731407,0.04578361573249293,-0.0012947647191651607,0.0017573788711027682,0.0005369891720088781,-6.200785182009498e-06,-0.00397612843838604,-0.0036358573787031927,-0.00578153913757405,-0.0020400474187324586,-0.009112532791531017,0.004153174114165107,0.0046918702927585855,0.007599287313828947,0.0011530093252318972,-0.0047452542320171555,-0.006247436036598218,0.00036637008041389915,-2.4029116778398554e-06,-0.005499206153231706,0.0001510765934959977,-0.0017082506351699415,-0.0018041434287444573,-0.0005874155939711106,-0.00017577281745052647,-0.00022231767954465636,-0.04839539929449702,-0.03989499758961655,-0.000100602499865775,-9.937331584388357e-05,0.002257978009000758,-0.002839434907677665,0.005776148576204621,0.01031749004601794,0.0008768164222253715,13.042609779806831
4119,0.0006730673926244999,0.003027804344569428,-0.041169886338018984,0.00457157474768102,0.004378986657963034,-0.00178166121123623,-0.01014836365491462,-0.0225725599220614,-0.08930860080653556,-0.020041374855068888,0.0012513131734032514,-0.01831081286792587,-0.0028641735317081213,0.0017063742631792222,-0.038164823853829896,0.01910421635858964,0.004556956601338335,-0.008180212700334439,-0.0014315607302851756,-0.007773338338591024,-5.61574043402633e-06,0.0004104986113842689,0.0012774381511957294,-0.002466645266907892,-0.003466243272792109,0.0010683207238695383,0.0014139930958576297,0.004698554841844725,0.007704362419494093,0.0024347884488899628,-0.0014433753828242148,-0.005854407058333767,-5.320603621338167e-05,-3.238900849235783e-06,0.00017661464646142583,0.00019553127900779206,-0.0008120516420425911,-0.005817642153835136,0.0012445247457203638,0.0016788535994061383,0.0002628682253843375,-0.07433129111683125,0.03818386538782975,0.0005722820137643458,-0.00019791960350430636,0.013723082843799776,-0.004525364750962845,-0.00971384419320721,-0.0040858292743887244,0.0016214587456722998,13.042609779806831
16185,0.0009484669591652966,0.003308607436224872,0.08354329036946624,0.0035983019195069636,0.01357538819058657,-0.0028916873697662905,-0.01765058670372105,-0.02021016609817568,0.18310049101703407,0.03256935249710122,0.0002892100763961745,-0.0199348646928511,-0.0029905129400039083,-0.0003830523002492112,-0.04554111360356813,0.01598734805678635,0.03068132644052087,-0.00805074206459047,-0.0007107380356628673,5.542736762370311e-05,-5.61574043402633e-06,0.0008576889149818929,0.0031699058583914124,-0.009414900918004593,-0.01178652796952059,0.0002935967116780751,0.003078220379368061,0.0034708966224625015,0.0020331071519067143,0.002761971952215404,-0.0013978661004199636,-0.000687445581598713,-1.2088554568742555e-05,-1.7362314208617246e-06,0.00032718911280470517,0.0002191892872861581,-0.0009935797122423654,-0.0007362208531728477,0.0013659723327709647,-0.0006526806437967724,0.00037140661621298674,-0.0607140905594349,0.017322803948747648,-0.00010432939526813295,-0.0005211747331798071,0.002366048669983245,-0.0004795579580262609,0.0067265986506896145,0.010907096258393222,0.0018286555818136712,13.042609779806831
6287,0.001413159147356488,0.010680842807195176,0.22346242427349933,0.1212840194352781,0.026095868520591568,-0.008160826853251214,-0.02299501779092594,-0.01478623166212699,0.3198689763282839,0.013842096478748886,-0.029776967422157966,0.0736204348975385,-0.002338885350684237,-0.00041258134948734176,-0.10514367943832477,-0.011075102512644786,0.016117913485964672,0.015538803705659392,0.0038338887068679155,0.00027564514260216584,-3.5248116517069927e-06,0.0051039721653614225,-0.011889764230236051,-0.00558437061793237,-0.010740352069330236,0.0014178547137133671,0.004617952107124745,0.0033271816291442742,0.0017573683326973706,-0.0016736878961619772,0.0032829271575354865,-0.000928113338134201,-0.0004188881387709456,-1.6677947785120514e-05,0.00017697562429333955,4.051363801596873e-05,-0.001167617481321094,-0.0029948503563398724,0.0007153589810834273,-0.0007220311997460114,0.0023853596375393894,-0.045677026526375425,-0.09917969765192129,-0.0002578545223296971,-0.0002375257051885592,-0.01124747038801493,0.010821327241907666,0.006249042700815409,0.06053153269136201,0.034400186792610525,13.042609779806831
8594,0.000606616499068165,-0.0022218909597904045,0.10136629576006406,0.037256219757168266,0.006553820406889868,-0.005329546584231608,-0.0142214933637886,0.023639077409847564,0.18338924935972897,0.023978914838338077,0.0012049289436699634,-0.0343618212334566,-0.0038590460371233926,-0.0005941000660293331,-0.21362610447037877,-0.015132413885144988,0.021254750654296113,0.015671075433815934,-0.0012025713740079634,0.0009820788158898728,-5.61574043402633e-06,0.00041078214270351643,-0.001068029795448398,-0.003941644494467683,-0.006324049981165274,-0.0004557162601367792,-0.00545518915269383,-0.0030437826582877647,-0.0018560298244131063,-0.004568119875410138,0.0012787901343282427,-0.0015657611156703302,-0.0023407915365201777,-1.4518482416225084e-06,0.00017741734857384738,0.0001432898605168163,-0.0025170651206992446,-0.00038956509620032177,-0.0017668870459935891,-0.00035588015556983657,-0.00035316736360643846,-0.07490278475564556,-0.10782506700210016,2.423776647599407e-05,-0.0007215052602746071,0.012095872751956978,0.009311134196957163,-0.006182205134139222,0.017950895754370297,0.012655369008612485,13.042609779806831
1314,0.0013622533411506725,0.0027760098055385134,0.14495804140785282,-0.022324252883221124,-0.0011539936367140867,-0.0024875045630873465,-0.013381070928037402,-0.019398386603795916,-0.09505727998075517,0.0340766788740454,0.0007304620319513744,0.029528050108603883,-0.0025949790671751303,0.00973783328184874,-0.11635897962960652,-0.006184351391840087,0.021204886388291006,0.006064007259960813,0.0006771973435254171,0.00041688293125942676,-5.61574043402633e-06,0.00010742843341472322,-0.00556292557904298,-0.0020613310881466554,0.006936692419222888,-3.141748883525887e-05,0.007812103251166588,0.0006618464146144039,-0.0018325725995887796,-0.0016028421368577993,0.003780502555794335,0.0020448166044296297,0.0036902464400085312,-6.440358901335884e-06,0.00027928997865166454,0.00013222610657473145,-0.0005457752582479787,0.0003724475697867696,-0.0007935032929231566,-0.0002620399903623937,0.0015162349622367618,-0.028900497313553656,-0.04592652172417799,-7.740407811311543e-05,-0.00020213595327921052,0.0007459772533859457,0.004439475460872456,0.007423247133454111,0.04483629302228797,-0.007733278228061663,13.042609779806831
12128,0.0011749883689655563,-0.007876422748373697,-0.013862878911975735,0.005437982524878604,0.0026642636253465754,-0.0019485008277154061,-0.013642046934718483,-0.020397691981136407,-0.09167159333301342,-0.011186339256931018,-0.0009138108769475638,-0.014803398844887747,-0.002961748767498616,0.006076068205358159,0.03663679046609831,-0.0016063851483822246,0.02061789263869018,-0.004511168647155512,-0.0001808342635741238,0.00021978279444599452,-5.61574043402633e-06,0.0003305468669268135,0.001455391596731493,0.006866565916969772,-0.002565213657496281,0.0007621080579585896,-0.004743247690102966,-0.0026679076502757245,-0.0016004745704156463,-0.00024828865024791784,0.002338888289057823,-0.0009730575130470261,-6.813261799689826e-05,-2.457838731525864e-06,8.798895997511601e-05,4.4197654194835385e-05,0.0005112172548356746,-0.0014139915135626853,-0.0009044018805505011,0.00017264802161224044,-0.00018193478480400967,-0.01782285560769588,0.037863339947913466,0.00015110256261761465,-0.0004155207739483328,0.0038010239080788124,-0.0001656051354294619,-0.014429987293267096,0.0003051348995992361,0.002216658622523442,13.042609779806831
21096,0.0009921557571074835,-6.816250665464207e-05,0.1087670450505174,-0.017629984056647046,-0.001872394603882675,-0.0038775239667200073,-0.01382576921548784,-0.015562838797230583,0.18036762579491403,0.03623614788032698,0.0005727479780300142,0.01678080441439848,-0.0032007390023124135,-0.0005333351200511538,-0.20433951827688746,-0.0045219435787164424,0.02762646208534057,-0.009656213281738605,0.0009487104862692428,0.0001775637831644164,-5.61574043402633e-06,2.5076520371694985e-05,-0.008918569351106513,-0.004065071122129125,-0.003825836553313711,0.0024412832946560754,0.0052915701271931586,0.0025146289824048104,0.0007794221333332156,-0.004303615581316594,-0.0013111790825088565,0.002040733361723425,0.00020678352984328534,-1.7902542066512128e-06,0.000320229087838067,0.00017639664069963557,-0.0014138195611299203,-0.0016742903987573845,-0.0004743436356856981,-0.0008183939573008444,0.0011455596325428712,-0.05430995373567396,-0.1040418992853705,-7.84900376558189e-05,-0.00035677814997288245,0.00177622565740267,0.004723320596504154,0.003884158471067861,0.032075986125540704,-0.004772821423579302,13.042609779806831
2212,0.0028395495919999085,0.00038776713724739635,-0.04344992892259187,0.016156813733876542,0.003353143820865926,-0.001913838116277459,-0.014271842858449102,-0.020481190231968018,-0.004163082578040315,-0.007375685889539395,-2.220276282021156e-05,-0.036607455231172335,-0.0039795908523046234,0.006116832589020192,0.159051554173622,-0.03737632881149444,-0.007301427464479079,-0.003957978629341329,0.00047658894215213095,0.0003675519209294884,-5.61574043402633e-06,0.00020193123673037204,0.0018396846518629489,-0.007961517431656616,-0.004467210669362236,-9.45923548092731e-05,0.000875136807348479,0.002261152604100718,0.008091040116835688,1.282903258245508e-05,0.0025573620255763953,0.0011622297460981716,7.480765216568515e-05,-6.440358901335884e-06,0.0001765133059628273,0.00021872332277122312,-0.00011924084461317896,-0.0011615186331235428,0.0018536208659808281,-0.0002816589172788803,9.052458252876286e-06,0.06150465212813918,0.045779444397483805,-2.370413010264557e-05,-0.0003541313315249871,0.003330771294408417,-0.002069216910057094,-0.005220295802686785,-0.003479410712258847,0.0036140711415005456,13.042609779806831
1036,0.0006028044533907421,0.005716178600949808,0.04634103228523439,0.006025263289110384,0.0031278286262325546,-0.0023181373246416205,-0.018474961610245873,-0.03514485136840852,-0.10623518305264817,-0.015302372628533026,-0.0027330224860471633,-0.02215300925504954,-0.003248339451728148,0.02111031093002687,-0.09590184028256303,0.02668045192313498,0.014301660718255187,-0.00364369836415728,0.0006170274059393503,-7.807739270397085e-05,-5.61574043402633e-06,0.0015749753771668953,0.001619783727232592,0.005121039398430545,-0.0038014633757360006,-0.002581555785257486,-0.0024290168560589568,-0.0043667924403353415,0.005656178797392547,0.013299322210336001,-0.00146019910421774,0.0007038148840335164,-0.00033530531700573193,-2.457838731525864e-06,8.779115955201949e-05,9.584829419652457e-05,0.006733325078054679,0.0026991695781316445,0.00421022776708184,0.000746842909735066,-0.0008388344658431727,-0.08688474718410764,-0.09696382056275002,0.00011001299220693676,-0.00039955034727045933,-0.004550400288671047,-0.00383210772566516,-0.02308785072021552,-0.0039302958371431685,0.0005272532281146198,13.042609779806831
10358,-0.000178219281183004,-0.013315249607868864,-0.17335991001771506,0.011892039624682335,0.0036107408493635026,-0.0016830500313960173,-0.00985215877904641,0.015895259399793568,-0.08789896681795231,-0.02084186345163925,0.0002283870760853653,-0.02178277051207371,-0.0020174667180397855,-0.0012083041581234491,0.14941171669754522,-0.06358677840208941,0.03386743203214501,-0.005050851618501415,0.0028677779776145555,6.2182162007342195e-06,-5.610005148240405e-06,0.00039606005447961824,0.002633101850991039,-0.002553261599805667,-0.002867672559051777,0.0005219195305475831,0.010543481880405275,0.00833867101024461,0.0012807529897042329,0.0029681902893760608,0.0011894548221786823,0.00222659652930023,0.00013101638949224127,-4.062527278505596e-06,0.0001537466550958514,0.00036567077621211847,-0.00021273749190824182,-0.001276402802516023,-0.0005038044896179154,-0.0024552640750084174,-0.0004987336341349623,0.10309944268086645,0.09148330596038094,-2.6889260326583877e-05,-0.0001307717894557021,0.004351428777659681,-0.005307034437881373,-0.020067556693769462,-0.044587212471907556,0.006556585721051195,13.042609779806831
8538,0.0003627554526054273,0.002807401180926607,0.11302908049366396,0.00850143462938991,-0.0019722186871363053,-0.0036170024650456155,-0.015688283946786178,-0.01877492870418882,0.1645697269623948,0.027889183830717718,-0.0010071973793683952,0.006759123384212592,-0.003653602009340674,-0.004929768206668062,0.13816190539770556,-0.02369465324701995,0.023671268132374464,-0.0028717310297442147,3.237049753495639e-05,7.790975977550748e-05,-5.61574043402633e-06,0.00033943895594273205,0.003253637032268066,-0.0029072986672281664,-0.0067913793937502765,-0.0006059067048202583,0.00103552084217658,0.0007314523580690003,0.00019153322634741867,-0.0005743563164898557,0.003102482413907188,0.00020919901588572234,-9.113981614878902e-06,-1.7902542066512128e-06,0.0003297304272070766,0.0003317732428760225,-0.0010229528030585838,-0.0011124243028145934,-0.0006460929663056846,-0.001283180711238486,0.00019643000506924964,-0.04347542403804524,0.024442341777864102,-0.00010111100473100919,-0.0001772560915092379,0.004003389218610585,0.003197728728383795,0.007436844797291479,0.022151913200777702,0.0040324059302834815,13.042609779806831
20767,0.0006184660820006411,0.01331341978950101,0.35747699412781186,0.017090922282634216,-0.018066184580505913,0.371995697538097,0.3030229601517289,-0.01774492987045439,0.40359653013337926,0.06499688661811294,-0.0010343133930239786,0.03719674855372578,-0.0025085617902795795,0.025809779835187514,0.12187211371345563,-0.025047787255437624,0.02917584684150016,-0.005921164415585345,0.001746747285248395,-0.00012109184241970104,-5.61574043402633e-06,0.00014391390003067533,0.010124057107279346,-0.005154070810320507,0.0006930869615258464,-0.0008610791004699939,0.0015117476245837403,0.003643769873501332,0.003961232950785112,-0.0007896714900988699,0.001540450688803291,0.0013255338580928186,0.0005883402267674887,-2.5782456438389804e-06,0.00021053882695870341,0.00018627570877139418,-0.00030623340166300217,0.0003861262214072228,0.0016193226728797492,-0.0005834880012541115,0.0008425186466022252,0.017217826284061655,0.0679324247047545,5.768112457894048e-05,-0.00023475152505473865,-0.007589709737931408,0.0063609046697153514,0.008130193710970485,0.07090766586283634,0.005904308115175446,13.042609779806831
20234,0.01074592677328365,3.198035941323758e-05,0.11625058316725273,-0.0069090519136669765,-0.0013731721019904113,-0.002550772691606226,-0.016911249858810984,-0.023192937957449443,0.01657378450586658,0.03801346249031311,0.0007208904709337121,0.025616637983981942,-0.003817035973779177,-0.0028974143746248278,0.11677807171970886,0.027928810724881046,-0.02002349584503011,-0.002862600552355729,0.0008924385101237413,0.0016784832489037816,-5.61574043402633e-06,0.00020627462346045543,0.000862388819618143,-0.0012411501986217806,-0.006355950143933884,0.0005733556458113268,0.0038594021831205574,0.0010368113450442064,0.005056690288807141,0.0012803241614331195,0.0020385076871876485,-0.0006987574673141592,3.714577990155821e-05,-3.238900849235783e-06,0.0002952787331002953,0.00019526730716653678,-0.0008794591243144703,-0.0012683194800594275,-0.0020862860224427782,-0.0004089752502889754,-0.0002189543427729534,0.06554873617930984,0.046833559460254325,-2.7896449102825805e-05,-0.0003112911915835467,0.0030354901310505585,-0.0017656396334984354,0.002053299344064244,0.034185905661258766,-0.0038278846453016265,13.042609779806831
4164,0.000478671441209227,0.003887524712101965,-0.08784407497364996,-0.020833969886790538,0.005813686227714986,-0.001775952463709742,-0.010098915637882547,-0.01779156624997601,0.007235344124648608,-0.01665100122827274,-0.0007448302954084447,0.01833457673556594,-0.0025587954049381316,-0.0023511118217423516,0.03682529314203726,-0.020496015744612513,-0.02472732254427226,-0.005722727208509879,-0.001239173974129191,0.0010309844149974051,-5.61574043402633e-06,0.0002246521805761533,-0.005561470477564365,-0.010080439323152997,-0.0016483981731828857,-0.006006784724124823,0.002505931051580408,0.004963791016848365,0.00041985632699178464,-0.0002950342501513514,-0.0013012212639274291,0.0028575154175092396,-0.00025395244311169534,-3.2628463888164725e-06,0.00028120477118904477,0.00015200845133066194,-0.0015710884525934954,-0.0014172262187508076,0.003955153794402855,-0.0015801433462604134,-0.0016637223948025189,0.060330572416128214,0.04640635895062107,-2.27381760491128e-05,-0.0002859224731395256,0.0025961271987051293,-0.0028161702641028396,0.004119863371160554,-0.023782411178771574,-0.010061138733826684,13.042609779806831
5351,0.004761342966645064,0.003035316644887668,0.09955278872484444,0.04046531291068413,-0.0015764452074707583,-0.0037136072468439045,-0.015650907845864214,-0.025561784703173662,0.1625536032045972,0.024061846480175637,0.0013426343954110796,0.002150440644226457,-0.0027581052593232316,-0.008051083240834556,0.10253843841437484,-0.03747728591943106,0.027832814642201144,0.007232931844149806,0.00715493439520151,0.0006638405895177284,-6.200785182009498e-06,-0.0009489518815135149,-0.015522200601342519,-0.00777343464947449,-0.0038835976827513593,-0.0035826373518359684,0.0025018174082695145,0.006351946076666612,0.004181149974161394,0.002426719423519615,-0.0159780585926179,-0.005919612802666357,-0.0002764823463565139,-2.4029116778398554e-06,-0.007635258265014615,-0.009874991738670976,-0.0012590695865331903,-0.0014324617476112445,0.0016887717007760489,-0.0001236952236700901,0.0002498887691803794,-0.049593485843862216,-0.11644056164555508,-0.00010219696427371263,-0.00010522857720596665,0.004332295415519565,0.0007102966210797757,0.0032336587949475123,0.02181503974895881,0.01047854380341308,13.042609779806831
7620,-0.0047100331211615675,-0.010518727417000561,-0.08295767290306562,-0.03798853375091654,0.004034393722557366,-0.0015821348253315186,-0.010413417872781933,-0.014727475819962716,-0.09666527446437147,-0.030889268284111104,-0.0003060674862870337,0.026484461853275177,-0.0028694595680260004,-0.0019299590750586776,0.21440901940312965,0.02821889687343716,-0.026576960811743294,0.0019497295351668987,0.0009503133544997101,-0.00112141251240654,-5.610005148240405e-06,0.00030826046403414464,0.002682291275103072,0.015712576616323626,-0.005320813584265756,0.00017454090515904653,-4.94937091186063e-05,0.0040843104018051255,0.0037432494231466286,0.0017688153511546047,0.004292212335817358,0.00024090648595083801,3.9093686784655825e-05,-4.062527278505596e-06,7.809550179728306e-05,0.0004269286220550911,-0.001188969320789653,-0.0012754372287229242,0.004453007687812754,0.001544129807435267,0.00010280990658240871,0.0995337014686762,0.045450078160463085,0.00014038298623741247,-0.00022314452162448454,-0.01346700758320709,-0.0009332600001706076,-0.00788027677972854,-0.025434244816575267,-0.012454426662428875,13.042609779806831
6372,0.0038146798086704896,0.007094657866616653,0.12393526697483243,-0.008523960013222354,0.003976704139684118,-0.0021942636139964397,-0.012276009517166694,-0.024130258496531772,-0.10500107028448556,0.02020585922053741,-0.006302819096330406,0.010830908744844527,-0.0031065979966939283,-0.0011271209014304968,0.19609989143270135,0.00955968087781512,-0.030063636219805397,0.0039450058143857296,-0.001281397537088157,0.0008540762657269273,-4.007220822214023e-06,0.00023454449972744836,0.0035065655196800964,-0.004565658319447918,-0.008585580778152755,0.0014029537729500381,-0.010030171080009262,-0.00046387769581874476,-0.0008727914386177393,0.0001626698181949856,-0.005538712169423787,-0.0006263371316401709,-2.585383017337671e-05,-3.654618188514535e-06,0.00016578148774850344,0.00021339817741486893,-0.0008935074100847907,-0.00015646348640741033,0.0010383769116017972,-0.0018654592752356746,-0.0005044287589891726,0.09283094922046518,0.1249472525594991,0.00016188545033668004,-0.0006507507972598012,0.004036335453749892,0.0010052160290166643,0.00557955055522379,0.03728392534769778,-0.008378385939048019,13.042609779806831
11263,0.00046262891105037504,0.0014711116241935718,0.1506811147207336,0.019900704909155215,0.007616954439174701,-0.006827085340201062,0.0680330225460932,-0.02991950735669588,0.20808213742052392,0.02633890084125605,0.0003077122809256579,-0.03241117645670274,-0.004839011228653794,0.004910789449280714,0.0746128573411655,0.024225783298011404,0.018183021365503843,0.00036523666665841544,-0.0005238093739635035,0.00015286614795536317,-5.61574043402633e-06,0.00023855240022181015,0.0033123662751604072,0.008473756904182455,-0.01938713683883631,0.007186266957227131,0.0011854592794444186,-0.0027525671274711973,0.0006502940016040066,-0.001142906791718949,0.0045163586755789025,0.002844527164449022,0.00018959119988529207,-1.4518482416225084e-06,8.446486358486486e-05,0.0004484637518940352,0.01239345241114507,0.012769210535085875,-0.003748854768597207,0.0008717666738928272,-0.00021985877400109563,-0.09411662749061273,-0.06611675978474503,-1.953787784682517e-05,-0.00039671949362653496,0.008467008469884041,0.009350826597525888,0.004900360632211965,0.022757545563564983,0.002932061632394163,13.042609779806831
11601,0.0031784899672148434,-0.002769509804578819,0.028611094036611925,-0.016012406891229333,0.0030857383115426044,-0.0017529349005979418,-0.011519696565364172,-0.020003170093103408,0.014914424927758647,0.028480983526670226,0.0026279369698068307,0.011388805118253815,-0.003974479971740333,-0.0010845462950358157,0.2033919003990245,0.0029437800734612375,-0.01281400167371752,0.00017131015414768015,0.0014025143146066796,-0.00010878056744557536,-7.059152657254587e-06,0.0003153995707030615,0.0013397040506798294,-0.006471056064713778,0.03971523679042142,2.616001696892176e-05,0.01601366591157143,0.01529623266951973,0.006563220381961656,0.003422718475622161,0.0016645448927475029,-0.00023981411785809227,6.20571898085763e-05,-4.062527278505596e-06,0.0001794256566177923,8.865081678877332e-05,-0.0012691660605397169,-0.001499111697738493,0.007204792936928376,-0.0024706343250308653,0.0005937615667326803,0.12263063759389359,0.13314206605491286,0.00014331561309520823,-0.0004854197519806044,0.007300821552792774,0.00044729276356763063,-0.007028385727085599,-0.0035826183883379895,-0.005392961123473895,13.042609779806831
4576,0.0010283106877818117,0.00640662184676657,-0.028230922932597793,-0.01900603870829659,0.002769780951582627,-0.0030585225071944207,0.13850413281025084,0.015799563911409815,-0.09935400400121146,-0.010077945574190096,0.0015675493108881341,-0.020852997045239196,-0.003305144441051463,-0.0009918374264430985,-0.21649171962843927,-0.005403059129572188,-0.03457566340310204,-0.010448651144389262,0.0007578066372722663,0.00016201172120581224,-5.61574043402633e-06,0.00029433512649235837,0.0024271680335976936,0.0057361310948163486,-0.004341198229078187,0.002187078199377163,0.003218316182295222,-0.0027335507131121084,-0.009483534702902485,-0.0010994808909354687,0.002310853379421408,0.0014742269069336184,0.00026881190888957296,-2.457838731525864e-06,6.760180534193214e-05,0.00014737166958721522,-0.002218664833253706,0.0075561192949106445,-0.0028984343500161706,0.0075776353729908215,0.0005607946493221509,-0.07667436322923948,-0.09613955017566035,0.00010423203825785184,-0.00030487408160313875,0.01447399874024255,-0.0029489541806516357,0.004595866400495715,0.004452339161273006,-0.011130407960740097,13.042609779806831
16451,0.0021683819731058837,0.009665947146108906,-0.0405352275626784,-0.004868599404130324,0.00416564960654492,-0.0017641826883608124,-0.010983438187105185,0.029633936991214756,-0.0779885338096333,-0.023504801387112785,0.00014366021576919417,-0.011411305455563028,-0.0021369469852505893,0.0004388200067233739,0.1454058106920086,0.01249446911442415,-0.021548213786216946,0.0015132249866605897,0.0009156214222227427,0.0004908609031159115,-5.4784926216738956e-06,0.0004010634370567436,0.0010209401944831797,0.006649603848580493,-0.0037473705888988696,-0.000841291729490476,-0.0034377038568004815,0.01248982687078167,0.007140789365790337,-0.0009792437362508045,-0.013658957763720428,-0.0027798885214367864,-5.410708055695287e-05,-2.457838731525864e-06,8.682038318405637e-05,0.00018556138222791096,0.00538613020025442,0.0049497255306008205,-0.005198099270036484,0.0015935753923832013,-0.0008491060897060248,-0.09196207845625864,-0.09949374045575667,0.00013358150516746945,-0.00015760219725161333,-0.012462692196880046,-0.0053893274521849156,-0.012374164006759607,-0.016054380905672492,-0.005198705292153996,13.042609779806831
13706,-0.004740370205954805,0.002808110894159526,-0.1398557146741043,-0.00480686897353199,0.004436319544861113,-0.0015111685003459884,-0.011406782296987923,-0.14905146612693848,-0.11111777219611216,-0.0253731015038169,0.008497748842001517,0.029373041308897053,-0.00313912523376457,-0.002427954211648618,0.17670225017561045,0.034135778644379625,-0.02576133847868964,0.000135510049557618,0.00018665110539679277,-0.00028616822411496357,-5.610005148240405e-06,0.00031942936539613396,0.004586362690616263,0.012217944419597648,-0.00554757324711565,-0.00038813236203305194,-0.0005225896854870831,0.006963667550640777,0.0028770059147480965,0.0018189793479678159,0.0026600173713754553,0.00031796508752437427,0.0015172110248375735,-4.062527278505596e-06,0.00010055565405650389,0.00026633313814800605,-0.0038167213092748322,-0.001628821073768464,0.0027002740294048656,0.00019193073151255343,0.00034879427712293537,0.101451998853351,0.03333887310323162,0.00014038298623741247,-0.00018815745766821858,0.009706887792526037,0.011967953158140428,0.008912425260951642,-0.028968650019264026,-0.0035844056236717173,13.042609779806831
275,0.0006858835225073139,0.002891315535462938,0.11602716547361615,-0.031451415411071604,-0.0013734364366921378,-0.0030636650949553146,-0.018991002362026048,-0.02269498697559553,0.013769412293482119,0.021971618101738335,-0.0008482456791920709,0.02176549298797905,-0.003861650252323877,-0.000854830670873744,-0.20129407832069415,-0.010688773142076939,0.027461246255563513,-0.010031829489681716,-0.00024311773475350212,-0.00015733545538865247,-5.61574043402633e-06,0.00030317755153492273,0.001734412913949785,0.0008217484045056498,-0.007781585065228813,-0.0054722188111819454,-0.007108031733963773,-0.009294275107120662,-0.006711249241637602,-0.001606948498674211,0.002011527810954772,-0.0028113529346072605,-9.920110538837068e-05,-1.4518482416225084e-06,0.00019260531921805291,0.0001953375890585376,-0.001806926659054939,-0.00036292554984501126,-0.004020791331889073,0.00020603601557340567,0.001552624885858796,-0.07524888945325227,-0.11576805894798449,1.0961089847325198e-05,-0.00024942850417984994,0.0008995483075150157,-0.0015432625352862195,0.006751228741735204,0.027916850146080176,-0.011591081698332173,13.042609779806831
3907,-0.0011683617477340495,-0.02139219029872532,-0.20596400858298544,0.001460177825167626,0.0034831643761849074,-0.001735805300061532,-0.012119428146947308,0.07857142505117155,-0.16945016423689307,-0.02439140462418782,-0.000885071136952177,-0.007640020909684388,-0.0023485893045734497,-0.0005369675172810036,-0.1323100435435868,-0.002244137531041754,-0.029154463501268536,-0.008691340893112196,0.0012285699919912876,-0.003977277446065254,-2.003965845365348e-05,0.00039766635308711675,0.0016010396305235674,0.006180317498046845,-0.004127460404627447,0.002386684248051723,0.0024711947295400784,-0.009718102857954927,-0.0063048851292770505,-0.0033091373970760463,-0.003920680176944482,-0.0022489691468320274,-1.8657341834133022e-05,-3.654618188514535e-06,6.388268833732016e-05,-0.0003151869199447635,0.003023976006974306,0.0033195475205091726,-0.001334091216375528,0.00021834814183106853,-0.0007041538294040226,-0.08374147746770783,-0.10414477414724489,-0.0001681902608047332,-0.00016669108510980064,0.004193230956828907,-0.006529569162280418,-0.00951054332107193,-0.04914436391207687,0.0014696501022801352,13.042609779806831
