source_row,modelo,janela,preco_real,preco_previsto
12703,Mediana,1,390000.0,455000.0
13389,Mediana,1,594950.0,455000.0
13743,Mediana,1,810000.0,455000.0
16438,Mediana,1,755000.0,455000.0
101,Mediana,1,555000.0,455000.0
264,Mediana,1,369900.0,455000.0
326,Mediana,1,274975.0,455000.0
377,Mediana,1,275000.0,455000.0
483,Mediana,1,525000.0,455000.0
559,Mediana,1,331500.0,455000.0
1333,Mediana,1,430000.0,455000.0
1473,Mediana,1,650000.0,455000.0
1556,Mediana,1,307500.0,455000.0
1678,Mediana,1,275000.0,455000.0
1765,Mediana,1,390000.0,455000.0
2140,Mediana,1,1700000.0,455000.0
2247,Mediana,1,600000.0,455000.0
2275,Mediana,1,610000.0,455000.0
2402,Mediana,1,322500.0,455000.0
2411,Mediana,1,487000.0,455000.0
2584,Mediana,1,387000.0,455000.0
3230,Mediana,1,511718.0,455000.0
3680,Mediana,1,135000.0,455000.0
3870,Mediana,1,120000.0,455000.0
4305,Mediana,1,315000.0,455000.0
4468,Mediana,1,925000.0,455000.0
4792,Mediana,1,720000.0,455000.0
5389,Mediana,1,630000.0,455000.0
5533,Mediana,1,530000.0,455000.0
6045,Mediana,1,2196000.0,455000.0
6108,Mediana,1,361500.0,455000.0
6678,Mediana,1,830000.0,455000.0
6795,Mediana,1,472000.0,455000.0
6936,Mediana,1,315000.0,455000.0
7003,Mediana,1,513000.0,455000.0
7381,Mediana,1,460000.0,455000.0
7807,Mediana,1,485000.0,455000.0
8414,Mediana,1,212000.0,455000.0
8456,Mediana,1,299000.0,455000.0
8624,Mediana,1,299990.0,455000.0
8656,Mediana,1,440000.0,455000.0
9341,Mediana,1,339950.0,455000.0
10148,Mediana,1,333500.0,455000.0
10223,Mediana,1,535000.0,455000.0
10295,Mediana,1,260000.0,455000.0
10437,Mediana,1,350000.0,455000.0
10536,Mediana,1,901000.0,455000.0
11075,Mediana,1,315000.0,455000.0
11381,Mediana,1,355000.0,455000.0
11583,Mediana,1,306500.0,455000.0
11679,Mediana,1,840000.0,455000.0
11732,Mediana,1,530000.0,455000.0
11918,Mediana,1,447000.0,455000.0
12019,Mediana,1,1100000.0,455000.0
12059,Mediana,1,715000.0,455000.0
12853,Mediana,1,315000.0,455000.0
12890,Mediana,1,400000.0,455000.0
12951,Mediana,1,246000.0,455000.0
13238,Mediana,1,685000.0,455000.0
13772,Mediana,1,289000.0,455000.0
14169,Mediana,1,321500.0,455000.0
14544,Mediana,1,325250.0,455000.0
14589,Mediana,1,1045000.0,455000.0
14777,Mediana,1,299000.0,455000.0
14896,Mediana,1,667500.0,455000.0
14980,Mediana,1,935000.0,455000.0
15208,Mediana,1,155000.0,455000.0
15543,Mediana,1,210000.0,455000.0
15683,Mediana,1,620000.0,455000.0
15740,Mediana,1,546200.0,455000.0
15823,Mediana,1,435000.0,455000.0
15968,Mediana,1,279950.0,455000.0
15997,Mediana,1,415000.0,455000.0
16010,Mediana,1,540000.0,455000.0
16191,Mediana,1,465000.0,455000.0
16796,Mediana,1,278000.0,455000.0
16820,Mediana,1,280500.0,455000.0
17115,Mediana,1,182500.0,455000.0
17117,Mediana,1,360000.0,455000.0
17191,Mediana,1,997950.0,455000.0
17461,Mediana,1,622200.0,455000.0
17522,Mediana,1,605000.0,455000.0
17656,Mediana,1,598555.0,455000.0
17814,Mediana,1,334500.0,455000.0
17924,Mediana,1,420000.0,455000.0
18049,Mediana,1,314000.0,455000.0
18441,Mediana,1,330000.0,455000.0
18522,Mediana,1,287500.0,455000.0
18615,Mediana,1,483000.0,455000.0
18684,Mediana,1,360000.0,455000.0
18962,Mediana,1,450000.0,455000.0
19059,Mediana,1,218000.0,455000.0
19522,Mediana,1,268000.0,455000.0
19970,Mediana,1,600000.0,455000.0
20461,Mediana,1,489950.0,455000.0
20580,Mediana,1,289000.0,455000.0
21033,Mediana,1,1049990.0,455000.0
21370,Mediana,1,331000.0,455000.0
43,Mediana,1,685000.0,455000.0
82,Mediana,1,355000.0,455000.0
114,Mediana,1,480000.0,455000.0
430,Mediana,1,328500.0,455000.0
560,Mediana,1,460000.0,455000.0
970,Mediana,1,532500.0,455000.0
1252,Mediana,1,399000.0,455000.0
1373,Mediana,1,830000.0,455000.0
1624,Mediana,1,750000.0,455000.0
2356,Mediana,1,618000.0,455000.0
2593,Mediana,1,337500.0,455000.0
3003,Mediana,1,259000.0,455000.0
3054,Mediana,1,308000.0,455000.0
3131,Mediana,1,759000.0,455000.0
3175,Mediana,1,520000.0,455000.0
3304,Mediana,1,206000.0,455000.0
3343,Mediana,1,247300.0,455000.0
3469,Mediana,1,330000.0,455000.0
3483,Mediana,1,209950.0,455000.0
3686,Mediana,1,436300.0,455000.0
4375,Mediana,1,352800.0,455000.0
4476,Mediana,1,400000.0,455000.0
4567,Mediana,1,599000.0,455000.0
4853,Mediana,1,840000.0,455000.0
5276,Mediana,1,226450.0,455000.0
5313,Mediana,1,349000.0,455000.0
5629,Mediana,1,350000.0,455000.0
5636,Mediana,1,420000.0,455000.0
5675,Mediana,1,1419000.0,455000.0
6051,Mediana,1,312000.0,455000.0
6096,Mediana,1,427500.0,455000.0
6117,Mediana,1,277500.0,455000.0
6168,Mediana,1,435000.0,455000.0
6306,Mediana,1,313000.0,455000.0
6366,Mediana,1,817000.0,455000.0
6616,Mediana,1,299950.0,455000.0
6755,Mediana,1,350000.0,455000.0
6976,Mediana,1,415000.0,455000.0
7097,Mediana,1,285000.0,455000.0
7133,Mediana,1,445000.0,455000.0
7197,Mediana,1,235000.0,455000.0
7289,Mediana,1,390000.0,455000.0
7334,Mediana,1,483000.0,455000.0
7887,Mediana,1,439000.0,455000.0
8020,Mediana,1,450000.0,455000.0
8073,Mediana,1,270000.0,455000.0
8612,Mediana,1,340000.0,455000.0
8629,Mediana,1,575000.0,455000.0
8673,Mediana,1,1090000.0,455000.0
8744,Mediana,1,490000.0,455000.0
9075,Mediana,1,765000.0,455000.0
9194,Mediana,1,240000.0,455000.0
9312,Mediana,1,370000.0,455000.0
9338,Mediana,1,217000.0,455000.0
9620,Mediana,1,473000.0,455000.0
9713,Mediana,1,1250000.0,455000.0
9753,Mediana,1,246000.0,455000.0
9974,Mediana,1,230000.0,455000.0
10065,Mediana,1,315000.0,455000.0
10144,Mediana,1,245000.0,455000.0
10280,Mediana,1,550000.0,455000.0
10345,Mediana,1,324000.0,455000.0
10384,Mediana,1,695000.0,455000.0
10500,Mediana,1,476000.0,455000.0
11014,Mediana,1,397500.0,455000.0
11372,Mediana,1,292500.0,455000.0
11412,Mediana,1,484950.0,455000.0
11439,Mediana,1,935000.0,455000.0
11462,Mediana,1,290000.0,455000.0
11526,Mediana,1,825000.0,455000.0
12396,Mediana,1,943500.0,455000.0
12563,Mediana,1,845000.0,455000.0
12566,Mediana,1,400000.0,455000.0
12576,Mediana,1,309500.0,455000.0
12620,Mediana,1,669888.0,455000.0
12658,Mediana,1,290000.0,455000.0
13500,Mediana,1,372000.0,455000.0
13527,Mediana,1,940000.0,455000.0
14038,Mediana,1,202950.0,455000.0
14226,Mediana,1,749500.0,455000.0
14278,Mediana,1,769950.0,455000.0
14454,Mediana,1,159995.0,455000.0
14699,Mediana,1,526500.0,455000.0
14907,Mediana,1,740000.0,455000.0
15229,Mediana,1,1395000.0,455000.0
15290,Mediana,1,340000.0,455000.0
15490,Mediana,1,320000.0,455000.0
15578,Mediana,1,369950.0,455000.0
15815,Mediana,1,322000.0,455000.0
16247,Mediana,1,255000.0,455000.0
16429,Mediana,1,865000.0,455000.0
16599,Mediana,1,710000.0,455000.0
16881,Mediana,1,353500.0,455000.0
16884,Mediana,1,547500.0,455000.0
16905,Mediana,1,520000.0,455000.0
17064,Mediana,1,550000.0,455000.0
17265,Mediana,1,545000.0,455000.0
17333,Mediana,1,430000.0,455000.0
17560,Mediana,1,879000.0,455000.0
17621,Mediana,1,450000.0,455000.0
17796,Mediana,1,389000.0,455000.0
17939,Mediana,1,424000.0,455000.0
18574,Mediana,1,397380.0,455000.0
18604,Mediana,1,815000.0,455000.0
18722,Mediana,1,1225000.0,455000.0
18826,Mediana,1,760000.0,455000.0
18891,Mediana,1,391265.0,455000.0
19069,Mediana,1,275000.0,455000.0
19107,Mediana,1,429000.0,455000.0
19526,Mediana,1,1010000.0,455000.0
20144,Mediana,1,1575000.0,455000.0
20219,Mediana,1,515000.0,455000.0
20305,Mediana,1,849990.0,455000.0
20906,Mediana,1,274900.0,455000.0
20954,Mediana,1,492000.0,455000.0
21243,Mediana,1,630000.0,455000.0
21323,Mediana,1,1500000.0,455000.0
516,Mediana,1,308000.0,455000.0
820,Mediana,1,325000.0,455000.0
1146,Mediana,1,510000.0,455000.0
1628,Mediana,1,880000.0,455000.0
1639,Mediana,1,810000.0,455000.0
1676,Mediana,1,2250000.0,455000.0
1682,Mediana,1,390000.0,455000.0
2190,Mediana,1,568000.0,455000.0
2231,Mediana,1,529219.0,455000.0
2687,Mediana,1,385195.0,455000.0
2777,Mediana,1,325900.0,455000.0
3215,Mediana,1,650000.0,455000.0
3546,Mediana,1,436000.0,455000.0
3731,Mediana,1,470000.0,455000.0
3762,Mediana,1,524500.0,455000.0
3875,Mediana,1,387000.0,455000.0
4098,Mediana,1,1055000.0,455000.0
4241,Mediana,1,865000.0,455000.0
4350,Mediana,1,659950.0,455000.0
4417,Mediana,1,299950.0,455000.0
4424,Mediana,1,355000.0,455000.0
4602,Mediana,1,435000.0,455000.0
5075,Mediana,1,465000.0,455000.0
5256,Mediana,1,294000.0,455000.0
5723,Mediana,1,96500.0,455000.0
5820,Mediana,1,653000.0,455000.0
6129,Mediana,1,590000.0,455000.0
6413,Mediana,1,481500.0,455000.0
6587,Mediana,1,740000.0,455000.0
7282,Mediana,1,600000.0,455000.0
7344,Mediana,1,922000.0,455000.0
7419,Mediana,1,393000.0,455000.0
7839,Mediana,1,315000.0,455000.0
7869,Mediana,1,231200.0,455000.0
7993,Mediana,1,342000.0,455000.0
8202,Mediana,1,389500.0,455000.0
8243,Mediana,1,695000.0,455000.0
8306,Mediana,1,549000.0,455000.0
9123,Mediana,1,245000.0,455000.0
9421,Mediana,1,329922.0,455000.0
9606,Mediana,1,608000.0,455000.0
9881,Mediana,1,738000.0,455000.0
9912,Mediana,1,240000.0,455000.0
10973,Mediana,1,595000.0,455000.0
11357,Mediana,1,246950.0,455000.0
11361,Mediana,1,495000.0,455000.0
11573,Mediana,1,680000.0,455000.0
11689,Mediana,1,400000.0,455000.0
12094,Mediana,1,630000.0,455000.0
12104,Mediana,1,1430000.0,455000.0
12319,Mediana,1,795127.0,455000.0
12527,Mediana,1,625000.0,455000.0
13288,Mediana,1,322000.0,455000.0
13425,Mediana,1,1169000.0,455000.0
13797,Mediana,1,535000.0,455000.0
13894,Mediana,1,467000.0,455000.0
13922,Mediana,1,572500.0,455000.0
14231,Mediana,1,815000.0,455000.0
15161,Mediana,1,650000.0,455000.0
15442,Mediana,1,195000.0,455000.0
15707,Mediana,1,480000.0,455000.0
15780,Mediana,1,359950.0,455000.0
16272,Mediana,1,276693.0,455000.0
16597,Mediana,1,376000.0,455000.0
16610,Mediana,1,270000.0,455000.0
16633,Mediana,1,205000.0,455000.0
16695,Mediana,1,221000.0,455000.0
16962,Mediana,1,152500.0,455000.0
17000,Mediana,1,495000.0,455000.0
17384,Mediana,1,297000.0,455000.0
17444,Mediana,1,979700.0,455000.0
17745,Mediana,1,272450.0,455000.0
17804,Mediana,1,550000.0,455000.0
17885,Mediana,1,645000.0,455000.0
18039,Mediana,1,344000.0,455000.0
18108,Mediana,1,290000.0,455000.0
18189,Mediana,1,770000.0,455000.0
18379,Mediana,1,265000.0,455000.0
18572,Mediana,1,299000.0,455000.0
18639,Mediana,1,410000.0,455000.0
19239,Mediana,1,340000.0,455000.0
19421,Mediana,1,610000.0,455000.0
19540,Mediana,1,588000.0,455000.0
19647,Mediana,1,1040890.0,455000.0
19725,Mediana,1,1375000.0,455000.0
19739,Mediana,1,450000.0,455000.0
20119,Mediana,1,399000.0,455000.0
20132,Mediana,1,552000.0,455000.0
20500,Mediana,1,1699990.0,455000.0
20544,Mediana,1,455000.0,455000.0
20820,Mediana,1,452000.0,455000.0
21149,Mediana,1,950000.0,455000.0
21218,Mediana,1,465000.0,455000.0
148,Mediana,1,258000.0,455000.0
493,Mediana,1,669950.0,455000.0
541,Mediana,1,280000.0,455000.0
1240,Mediana,1,685100.0,455000.0
1312,Mediana,1,537250.0,455000.0
1625,Mediana,1,192000.0,455000.0
2209,Mediana,1,1050000.0,455000.0
2312,Mediana,1,260000.0,455000.0
2475,Mediana,1,345000.0,455000.0
3370,Mediana,1,700000.0,455000.0
3432,Mediana,1,289950.0,455000.0
3494,Mediana,1,790000.0,455000.0
3826,Mediana,1,856000.0,455000.0
3902,Mediana,1,270000.0,455000.0
4160,Mediana,1,579100.0,455000.0
4277,Mediana,1,220000.0,455000.0
4829,Mediana,1,339950.0,455000.0
4888,Mediana,1,275000.0,455000.0
5037,Mediana,1,459000.0,455000.0
5198,Mediana,1,813000.0,455000.0
5540,Mediana,1,538000.0,455000.0
5621,Mediana,1,110000.0,455000.0
5744,Mediana,1,404500.0,455000.0
5830,Mediana,1,759000.0,455000.0
6190,Mediana,1,445000.0,455000.0
6561,Mediana,1,1337500.0,455000.0
7271,Mediana,1,1200000.0,455000.0
7423,Mediana,1,935100.0,455000.0
8473,Mediana,1,236000.0,455000.0
8640,Mediana,1,225000.0,455000.0
9398,Mediana,1,685000.0,455000.0
9860,Mediana,1,330000.0,455000.0
9893,Mediana,1,679000.0,455000.0
10025,Mediana,1,230000.0,455000.0
10031,Mediana,1,579500.0,455000.0
10294,Mediana,1,488500.0,455000.0
10360,Mediana,1,340500.0,455000.0
10387,Mediana,1,134000.0,455000.0
10789,Mediana,1,450000.0,455000.0
11063,Mediana,1,845000.0,455000.0
11160,Mediana,1,375000.0,455000.0
11497,Mediana,1,580000.0,455000.0
11829,Mediana,1,1785000.0,455000.0
12419,Mediana,1,214950.0,455000.0
12420,Mediana,1,580000.0,455000.0
12482,Mediana,1,770000.0,455000.0
12581,Mediana,1,478000.0,455000.0
13004,Mediana,1,490000.0,455000.0
13345,Mediana,1,1100000.0,455000.0
13395,Mediana,1,230000.0,455000.0
13740,Mediana,1,750000.0,455000.0
13845,Mediana,1,430000.0,455000.0
14039,Mediana,1,622000.0,455000.0
14528,Mediana,1,294000.0,455000.0
14637,Mediana,1,415000.0,455000.0
14818,Mediana,1,219900.0,455000.0
15322,Mediana,1,999000.0,455000.0
15495,Mediana,1,250000.0,455000.0
15690,Mediana,1,407000.0,455000.0
15852,Mediana,1,395000.0,455000.0
15919,Mediana,1,299250.0,455000.0
15951,Mediana,1,268950.0,455000.0
16084,Mediana,1,465000.0,455000.0
16441,Mediana,1,1220000.0,455000.0
16479,Mediana,1,675000.0,455000.0
16555,Mediana,1,249900.0,455000.0
16702,Mediana,1,704000.0,455000.0
16958,Mediana,1,225000.0,455000.0
17657,Mediana,1,820000.0,455000.0
18236,Mediana,1,315000.0,455000.0
18448,Mediana,1,325000.0,455000.0
18515,Mediana,1,564000.0,455000.0
18590,Mediana,1,194250.0,455000.0
19290,Mediana,1,447000.0,455000.0
19404,Mediana,1,513000.0,455000.0
19713,Mediana,1,345000.0,455000.0
19744,Mediana,1,759990.0,455000.0
19755,Mediana,1,569900.0,455000.0
19941,Mediana,1,450000.0,455000.0
19986,Mediana,1,1465000.0,455000.0
20400,Mediana,1,306500.0,455000.0
20535,Mediana,1,2950000.0,455000.0
20748,Mediana,1,395000.0,455000.0
21133,Mediana,1,613000.0,455000.0
21417,Mediana,1,598500.0,455000.0
1495,Mediana,1,495000.0,455000.0
1700,Mediana,1,270000.0,455000.0
2483,Mediana,1,543000.0,455000.0
2785,Mediana,1,401000.0,455000.0
2845,Mediana,1,1400000.0,455000.0
3160,Mediana,1,485000.0,455000.0
3264,Mediana,1,556000.0,455000.0
3835,Mediana,1,889000.0,455000.0
4345,Mediana,1,230000.0,455000.0
4649,Mediana,1,415900.0,455000.0
5104,Mediana,1,569950.0,455000.0
5314,Mediana,1,635000.0,455000.0
5775,Mediana,1,730000.0,455000.0
6635,Mediana,1,400000.0,455000.0
7057,Mediana,1,490000.0,455000.0
7858,Mediana,1,475000.0,455000.0
8294,Mediana,1,605000.0,455000.0
8676,Mediana,1,380000.0,455000.0
9044,Mediana,1,1348000.0,455000.0
10452,Mediana,1,655000.0,455000.0
10653,Mediana,1,285000.0,455000.0
11033,Mediana,1,903000.0,455000.0
11227,Mediana,1,753000.0,455000.0
13227,Mediana,1,370000.0,455000.0
13228,Mediana,1,150000.0,455000.0
13485,Mediana,1,470000.0,455000.0
14174,Mediana,1,427500.0,455000.0
15562,Mediana,1,730000.0,455000.0
15625,Mediana,1,249950.0,455000.0
16722,Mediana,1,340000.0,455000.0
17209,Mediana,1,1450000.0,455000.0
17552,Mediana,1,515000.0,455000.0
19506,Mediana,1,565000.0,455000.0
20246,Mediana,1,457000.0,455000.0
20263,Mediana,1,575000.0,455000.0
20405,Mediana,1,499000.0,455000.0
21089,Mediana,1,359950.0,455000.0
21116,Mediana,1,474950.0,455000.0
21278,Mediana,1,335900.0,455000.0
21595,Mediana,1,520000.0,455000.0
2924,Mediana,1,353000.0,455000.0
10094,Mediana,1,350000.0,455000.0
13029,Mediana,1,644500.0,455000.0
18148,Mediana,1,399000.0,455000.0
21473,Mediana,1,1750000.0,455000.0
9158,Mediana,1,825000.0,455000.0
25,Mediana,1,233000.0,455000.0
86,Mediana,1,305000.0,455000.0
702,Mediana,1,480000.0,455000.0
1275,Mediana,1,363000.0,455000.0
1528,Mediana,1,555000.0,455000.0
1807,Mediana,1,930000.0,455000.0
2166,Mediana,1,265000.0,455000.0
2191,Mediana,1,605000.0,455000.0
2369,Mediana,1,674750.0,455000.0
2575,Mediana,1,690000.0,455000.0
2835,Mediana,1,697000.0,455000.0
2850,Mediana,1,399950.0,455000.0
3010,Mediana,1,210000.0,455000.0
3388,Mediana,1,637000.0,455000.0
3413,Mediana,1,189000.0,455000.0
3554,Mediana,1,277500.0,455000.0
4188,Mediana,1,585000.0,455000.0
4737,Mediana,1,425000.0,455000.0
4741,Mediana,1,666000.0,455000.0
4797,Mediana,1,369950.0,455000.0
5074,Mediana,1,435000.0,455000.0
6416,Mediana,1,238950.0,455000.0
6634,Mediana,1,612000.0,455000.0
6670,Mediana,1,1515000.0,455000.0
6780,Mediana,1,292000.0,455000.0
6838,Mediana,1,508000.0,455000.0
8086,Mediana,1,650000.0,455000.0
8283,Mediana,1,296000.0,455000.0
9236,Mediana,1,500000.0,455000.0
9321,Mediana,1,290000.0,455000.0
9326,Mediana,1,720000.0,455000.0
9463,Mediana,1,398500.0,455000.0
9491,Mediana,1,365000.0,455000.0
9542,Mediana,1,734000.0,455000.0
9899,Mediana,1,599950.0,455000.0
10024,Mediana,1,455000.0,455000.0
10271,Mediana,1,426950.0,455000.0
10357,Mediana,1,334000.0,455000.0
10517,Mediana,1,313000.0,455000.0
10675,Mediana,1,257700.0,455000.0
10841,Mediana,1,265000.0,455000.0
11138,Mediana,1,825000.0,455000.0
11675,Mediana,1,244000.0,455000.0
11817,Mediana,1,250000.0,455000.0
11913,Mediana,1,685000.0,455000.0
12011,Mediana,1,395000.0,455000.0
12093,Mediana,1,295000.0,455000.0
12152,Mediana,1,375000.0,455000.0
12383,Mediana,1,164000.0,455000.0
13608,Mediana,1,447500.0,455000.0
13679,Mediana,1,431000.0,455000.0
13900,Mediana,1,772000.0,455000.0
13981,Mediana,1,235000.0,455000.0
13994,Mediana,1,370000.0,455000.0
14322,Mediana,1,480000.0,455000.0
14830,Mediana,1,465000.0,455000.0
15532,Mediana,1,750500.0,455000.0
17546,Mediana,1,337000.0,455000.0
17645,Mediana,1,253000.0,455000.0
18499,Mediana,1,550000.0,455000.0
18686,Mediana,1,699950.0,455000.0
19090,Mediana,1,250000.0,455000.0
19242,Mediana,1,435000.0,455000.0
19267,Mediana,1,495000.0,455000.0
19314,Mediana,1,316000.0,455000.0
19741,Mediana,1,660000.0,455000.0
19749,Mediana,1,379900.0,455000.0
19926,Mediana,1,409950.0,455000.0
20081,Mediana,1,599000.0,455000.0
20082,Mediana,1,478000.0,455000.0
20952,Mediana,1,549900.0,455000.0
21242,Mediana,1,452000.0,455000.0
21256,Mediana,1,249950.0,455000.0
123,Mediana,1,445000.0,455000.0
149,Mediana,1,511000.0,455000.0
412,Mediana,1,632925.0,455000.0
462,Mediana,1,230000.0,455000.0
480,Mediana,1,378500.0,455000.0
765,Mediana,1,560000.0,455000.0
864,Mediana,1,280000.0,455000.0
1338,Mediana,1,825000.0,455000.0
1643,Mediana,1,238000.0,455000.0
1657,Mediana,1,400000.0,455000.0
1747,Mediana,1,397000.0,455000.0
1960,Mediana,1,800000.0,455000.0
2050,Mediana,1,235000.0,455000.0
2476,Mediana,1,340000.0,455000.0
2930,Mediana,1,295000.0,455000.0
2987,Mediana,1,392000.0,455000.0
3449,Mediana,1,546000.0,455000.0
3497,Mediana,1,457500.0,455000.0
4956,Mediana,1,611000.0,455000.0
5310,Mediana,1,390000.0,455000.0
5423,Mediana,1,665000.0,455000.0
5804,Mediana,1,272000.0,455000.0
5832,Mediana,1,280000.0,455000.0
6228,Mediana,1,380000.0,455000.0
6278,Mediana,1,241000.0,455000.0
6760,Mediana,1,339888.0,455000.0
7684,Mediana,1,355000.0,455000.0
7755,Mediana,1,390000.0,455000.0
7918,Mediana,1,475000.0,455000.0
8680,Mediana,1,690000.0,455000.0
8915,Mediana,1,350000.0,455000.0
8977,Mediana,1,398000.0,455000.0
9577,Mediana,1,449500.0,455000.0
10700,Mediana,1,274900.0,455000.0
11053,Mediana,1,354000.0,455000.0
11456,Mediana,1,300000.0,455000.0
12608,Mediana,1,291000.0,455000.0
12792,Mediana,1,495000.0,455000.0
13000,Mediana,1,295000.0,455000.0
13806,Mediana,1,325000.0,455000.0
14035,Mediana,1,550000.0,455000.0
14122,Mediana,1,380000.0,455000.0
14269,Mediana,1,349000.0,455000.0
14695,Mediana,1,380950.0,455000.0
14717,Mediana,1,289000.0,455000.0
14807,Mediana,1,410000.0,455000.0
14841,Mediana,1,952000.0,455000.0
14949,Mediana,1,405000.0,455000.0
15052,Mediana,1,429900.0,455000.0
15176,Mediana,1,225000.0,455000.0
15411,Mediana,1,502000.0,455000.0
15535,Mediana,1,1047000.0,455000.0
15992,Mediana,1,509000.0,455000.0
16239,Mediana,1,500000.0,455000.0
16519,Mediana,1,425000.0,455000.0
16609,Mediana,1,275000.0,455000.0
16715,Mediana,1,239000.0,455000.0
16861,Mediana,1,435000.0,455000.0
18161,Mediana,1,660000.0,455000.0
18300,Mediana,1,715000.0,455000.0
18868,Mediana,1,925850.0,455000.0
19044,Mediana,1,290000.0,455000.0
19089,Mediana,1,299500.0,455000.0
19312,Mediana,1,345000.0,455000.0
19593,Mediana,1,257000.0,455000.0
20285,Mediana,1,456500.0,455000.0
20286,Mediana,1,382495.0,455000.0
20438,Mediana,1,530000.0,455000.0
20449,Mediana,1,294000.0,455000.0
20682,Mediana,1,922755.0,455000.0
20981,Mediana,1,857326.0,455000.0
75,Mediana,1,832500.0,455000.0
191,Mediana,1,166950.0,455000.0
315,Mediana,1,305000.0,455000.0
449,Mediana,1,520000.0,455000.0
513,Mediana,1,290000.0,455000.0
523,Mediana,1,235000.0,455000.0
528,Mediana,1,365000.0,455000.0
611,Mediana,1,650000.0,455000.0
1066,Mediana,1,140000.0,455000.0
1101,Mediana,1,631000.0,455000.0
1210,Mediana,1,585000.0,455000.0
1422,Mediana,1,799000.0,455000.0
1634,Mediana,1,415000.0,455000.0
1795,Mediana,1,503000.0,455000.0
1973,Mediana,1,409000.0,455000.0
1996,Mediana,1,194000.0,455000.0
2099,Mediana,1,365000.0,455000.0
2678,Mediana,1,462000.0,455000.0
2860,Mediana,1,929000.0,455000.0
3427,Mediana,1,732350.0,455000.0
3766,Mediana,1,575000.0,455000.0
4044,Mediana,1,269900.0,455000.0
4109,Mediana,1,198500.0,455000.0
4659,Mediana,1,302000.0,455000.0
6005,Mediana,1,300000.0,455000.0
6315,Mediana,1,239950.0,455000.0
6445,Mediana,1,286285.0,455000.0
7063,Mediana,1,319450.0,455000.0
7380,Mediana,1,1070000.0,455000.0
7821,Mediana,1,599000.0,455000.0
7822,Mediana,1,199950.0,455000.0
8005,Mediana,1,865000.0,455000.0
8458,Mediana,1,340000.0,455000.0
8853,Mediana,1,560000.0,455000.0
9031,Mediana,1,435000.0,455000.0
9206,Mediana,1,525000.0,455000.0
9485,Mediana,1,349170.0,455000.0
9824,Mediana,1,372000.0,455000.0
9874,Mediana,1,311000.0,455000.0
10199,Mediana,1,682000.0,455000.0
10213,Mediana,1,649000.0,455000.0
10420,Mediana,1,740000.0,455000.0
10677,Mediana,1,300000.0,455000.0
11052,Mediana,1,398000.0,455000.0
11102,Mediana,1,300000.0,455000.0
11104,Mediana,1,575000.0,455000.0
11281,Mediana,1,710000.0,455000.0
11344,Mediana,1,544300.0,455000.0
11413,Mediana,1,1295000.0,455000.0
11587,Mediana,1,385000.0,455000.0
12300,Mediana,1,741000.0,455000.0
12650,Mediana,1,1850000.0,455000.0
12855,Mediana,1,435000.0,455000.0
13498,Mediana,1,850000.0,455000.0
13537,Mediana,1,200000.0,455000.0
14230,Mediana,1,850000.0,455000.0
14330,Mediana,1,405000.0,455000.0
14733,Mediana,1,308500.0,455000.0
14802,Mediana,1,290000.0,455000.0
14978,Mediana,1,475000.0,455000.0
14985,Mediana,1,635000.0,455000.0
15123,Mediana,1,320000.0,455000.0
15406,Mediana,1,650000.0,455000.0
16396,Mediana,1,616000.0,455000.0
16894,Mediana,1,986000.0,455000.0
17136,Mediana,1,290000.0,455000.0
17563,Mediana,1,512500.0,455000.0
17650,Mediana,1,496600.0,455000.0
18153,Mediana,1,373000.0,455000.0
18618,Mediana,1,355000.0,455000.0
18871,Mediana,1,280000.0,455000.0
18880,Mediana,1,239000.0,455000.0
20565,Mediana,1,350000.0,455000.0
21359,Mediana,1,924000.0,455000.0
21442,Mediana,1,580000.0,455000.0
21500,Mediana,1,443000.0,455000.0
341,Mediana,1,684000.0,455000.0
499,Mediana,1,437500.0,455000.0
728,Mediana,1,328000.0,455000.0
1049,Mediana,1,716500.0,455000.0
1504,Mediana,1,1102030.0,455000.0
1510,Mediana,1,360000.0,455000.0
1661,Mediana,1,331500.0,455000.0
2374,Mediana,1,575000.0,455000.0
2686,Mediana,1,343000.0,455000.0
2724,Mediana,1,390000.0,455000.0
3551,Mediana,1,355000.0,455000.0
4121,Mediana,1,635000.0,455000.0
4128,Mediana,1,245000.0,455000.0
4406,Mediana,1,2050000.0,455000.0
5146,Mediana,1,432000.0,455000.0
5391,Mediana,1,345000.0,455000.0
5452,Mediana,1,299950.0,455000.0
5519,Mediana,1,285000.0,455000.0
5580,Mediana,1,353000.0,455000.0
5589,Mediana,1,1880000.0,455000.0
5703,Mediana,1,395000.0,455000.0
5904,Mediana,1,416500.0,455000.0
5980,Mediana,1,685000.0,455000.0
6241,Mediana,1,280000.0,455000.0
6263,Mediana,1,175000.0,455000.0
6264,Mediana,1,560000.0,455000.0
6532,Mediana,1,500000.0,455000.0
6704,Mediana,1,203000.0,455000.0
7268,Mediana,1,195000.0,455000.0
7622,Mediana,1,481500.0,455000.0
8261,Mediana,1,375000.0,455000.0
8284,Mediana,1,193000.0,455000.0
8318,Mediana,1,375000.0,455000.0
8494,Mediana,1,338000.0,455000.0
8524,Mediana,1,320000.0,455000.0
8543,Mediana,1,445000.0,455000.0
8819,Mediana,1,1005000.0,455000.0
9188,Mediana,1,144000.0,455000.0
9271,Mediana,1,926500.0,455000.0
9665,Mediana,1,195700.0,455000.0
9734,Mediana,1,410000.0,455000.0
10153,Mediana,1,985000.0,455000.0
10717,Mediana,1,555000.0,455000.0
10833,Mediana,1,608700.0,455000.0
11071,Mediana,1,420000.0,455000.0
11079,Mediana,1,774000.0,455000.0
11340,Mediana,1,1078500.0,455000.0
13035,Mediana,1,300000.0,455000.0
13367,Mediana,1,610000.0,455000.0
13596,Mediana,1,515000.0,455000.0
13837,Mediana,1,465000.0,455000.0
14195,Mediana,1,473600.0,455000.0
14225,Mediana,1,310000.0,455000.0
14297,Mediana,1,1500000.0,455000.0
14672,Mediana,1,274000.0,455000.0
14836,Mediana,1,215500.0,455000.0
15626,Mediana,1,390000.0,455000.0
15646,Mediana,1,368000.0,455000.0
15877,Mediana,1,282500.0,455000.0
15926,Mediana,1,778000.0,455000.0
16237,Mediana,1,216500.0,455000.0
16659,Mediana,1,552321.0,455000.0
16793,Mediana,1,465000.0,455000.0
16932,Mediana,1,605125.0,455000.0
17285,Mediana,1,735000.0,455000.0
17587,Mediana,1,428950.0,455000.0
17598,Mediana,1,160000.0,455000.0
17668,Mediana,1,465000.0,455000.0
17730,Mediana,1,515000.0,455000.0
17925,Mediana,1,550000.0,455000.0
18166,Mediana,1,230000.0,455000.0
18959,Mediana,1,315000.0,455000.0
19266,Mediana,1,302000.0,455000.0
19297,Mediana,1,1430800.0,455000.0
20284,Mediana,1,345000.0,455000.0
20614,Mediana,1,308625.0,455000.0
20864,Mediana,1,1275000.0,455000.0
21084,Mediana,1,680000.0,455000.0
742,Mediana,1,740000.0,455000.0
1193,Mediana,1,655000.0,455000.0
1204,Mediana,1,179950.0,455000.0
1442,Mediana,1,352950.0,455000.0
1740,Mediana,1,785000.0,455000.0
1806,Mediana,1,574000.0,455000.0
2355,Mediana,1,1187500.0,455000.0
2493,Mediana,1,195000.0,455000.0
2880,Mediana,1,599950.0,455000.0
3338,Mediana,1,1675000.0,455000.0
3381,Mediana,1,799950.0,455000.0
3496,Mediana,1,697000.0,455000.0
4046,Mediana,1,267000.0,455000.0
4077,Mediana,1,875000.0,455000.0
4099,Mediana,1,875000.0,455000.0
4857,Mediana,1,320000.0,455000.0
4925,Mediana,1,245000.0,455000.0
5416,Mediana,1,785000.0,455000.0
5550,Mediana,1,227000.0,455000.0
7354,Mediana,1,279900.0,455000.0
7376,Mediana,1,295000.0,455000.0
7385,Mediana,1,450000.0,455000.0
7610,Mediana,1,449000.0,455000.0
7623,Mediana,1,224500.0,455000.0
7910,Mediana,1,616000.0,455000.0
8282,Mediana,1,245000.0,455000.0
8402,Mediana,1,248000.0,455000.0
8480,Mediana,1,808100.0,455000.0
9648,Mediana,1,359950.0,455000.0
9965,Mediana,1,485000.0,455000.0
10247,Mediana,1,324360.0,455000.0
10297,Mediana,1,440000.0,455000.0
10564,Mediana,1,195000.0,455000.0
11153,Mediana,1,515000.0,455000.0
11430,Mediana,1,320000.0,455000.0
11617,Mediana,1,275000.0,455000.0
11624,Mediana,1,614000.0,455000.0
11664,Mediana,1,255000.0,455000.0
11914,Mediana,1,429950.0,455000.0
11986,Mediana,1,330000.0,455000.0
12133,Mediana,1,650000.0,455000.0
12427,Mediana,1,230000.0,455000.0
12548,Mediana,1,442500.0,455000.0
12603,Mediana,1,470950.0,455000.0
12895,Mediana,1,645000.0,455000.0
13155,Mediana,1,456000.0,455000.0
13237,Mediana,1,429000.0,455000.0
13283,Mediana,1,415000.0,455000.0
13464,Mediana,1,790000.0,455000.0
13696,Mediana,1,240000.0,455000.0
14008,Mediana,1,129000.0,455000.0
14110,Mediana,1,407185.0,455000.0
14142,Mediana,1,290000.0,455000.0
14428,Mediana,1,980000.0,455000.0
15360,Mediana,1,707500.0,455000.0
15393,Mediana,1,421000.0,455000.0
15432,Mediana,1,660000.0,455000.0
15550,Mediana,1,339950.0,455000.0
15663,Mediana,1,185000.0,455000.0
15703,Mediana,1,465000.0,455000.0
16063,Mediana,1,278000.0,455000.0
16868,Mediana,1,590000.0,455000.0
17292,Mediana,1,379770.0,455000.0
17505,Mediana,1,982000.0,455000.0
17886,Mediana,1,217000.0,455000.0
18607,Mediana,1,1156000.0,455000.0
18697,Mediana,1,335000.0,455000.0
19110,Mediana,1,715000.0,455000.0
19493,Mediana,1,370000.0,455000.0
19997,Mediana,1,287000.0,455000.0
20590,Mediana,1,445000.0,455000.0
20973,Mediana,1,1242000.0,455000.0
21169,Mediana,1,855000.0,455000.0
2790,Mediana,1,1610000.0,455000.0
4920,Mediana,1,450000.0,455000.0
8346,Mediana,1,325000.0,455000.0
12597,Mediana,1,313999.0,455000.0
20365,Mediana,1,310000.0,455000.0
4204,Mediana,1,373000.0,455000.0
8444,Mediana,1,607000.0,455000.0
15676,Mediana,1,346000.0,455000.0
30,Mediana,1,580500.0,455000.0
33,Mediana,1,535000.0,455000.0
446,Mediana,1,1030000.0,455000.0
891,Mediana,1,1010000.0,455000.0
1100,Mediana,1,1570000.0,455000.0
1136,Mediana,1,400000.0,455000.0
1265,Mediana,1,467000.0,455000.0
1492,Mediana,1,521000.0,455000.0
2080,Mediana,1,545000.0,455000.0
2346,Mediana,1,520000.0,455000.0
2350,Mediana,1,350000.0,455000.0
2397,Mediana,1,280000.0,455000.0
2818,Mediana,1,1385000.0,455000.0
3460,Mediana,1,640000.0,455000.0
4439,Mediana,1,1250000.0,455000.0
4466,Mediana,1,415000.0,455000.0
4698,Mediana,1,354000.0,455000.0
5046,Mediana,1,600000.0,455000.0
5520,Mediana,1,700000.0,455000.0
5535,Mediana,1,250000.0,455000.0
5965,Mediana,1,315000.0,455000.0
7047,Mediana,1,390000.0,455000.0
7885,Mediana,1,713500.0,455000.0
8399,Mediana,1,507000.0,455000.0
8534,Mediana,1,898000.0,455000.0
8536,Mediana,1,1240000.0,455000.0
9915,Mediana,1,234000.0,455000.0
10126,Mediana,1,350000.0,455000.0
10149,Mediana,1,373000.0,455000.0
10184,Mediana,1,725000.0,455000.0
10348,Mediana,1,1197000.0,455000.0
11334,Mediana,1,700000.0,455000.0
11425,Mediana,1,277700.0,455000.0
11481,Mediana,1,195000.0,455000.0
11570,Mediana,1,510000.0,455000.0
11677,Mediana,1,218000.0,455000.0
11749,Mediana,1,447000.0,455000.0
12692,Mediana,1,470000.0,455000.0
12733,Mediana,1,1149000.0,455000.0
12823,Mediana,1,145000.0,455000.0
12877,Mediana,1,575000.0,455000.0
13063,Mediana,1,338950.0,455000.0
13116,Mediana,1,600000.0,455000.0
13136,Mediana,1,468000.0,455000.0
13157,Mediana,1,485000.0,455000.0
13339,Mediana,1,210000.0,455000.0
13423,Mediana,1,720000.0,455000.0
13674,Mediana,1,338000.0,455000.0
13879,Mediana,1,330000.0,455000.0
14086,Mediana,1,830000.0,455000.0
14190,Mediana,1,824000.0,455000.0
14444,Mediana,1,593000.0,455000.0
14937,Mediana,1,187000.0,455000.0
15026,Mediana,1,439000.0,455000.0
15039,Mediana,1,2000000.0,455000.0
15136,Mediana,1,425000.0,455000.0
15459,Mediana,1,497950.0,455000.0
15501,Mediana,1,1075000.0,455000.0
15907,Mediana,1,339300.0,455000.0
15952,Mediana,1,264500.0,455000.0
15953,Mediana,1,240000.0,455000.0
16424,Mediana,1,438200.0,455000.0
16545,Mediana,1,362000.0,455000.0
16567,Mediana,1,1260000.0,455000.0
16623,Mediana,1,369950.0,455000.0
16727,Mediana,1,279000.0,455000.0
16914,Mediana,1,425000.0,455000.0
17050,Mediana,1,379400.0,455000.0
17406,Mediana,1,436000.0,455000.0
17494,Mediana,1,959750.0,455000.0
17795,Mediana,1,523000.0,455000.0
18479,Mediana,1,520000.0,455000.0
18816,Mediana,1,208000.0,455000.0
19054,Mediana,1,135900.0,455000.0
19754,Mediana,1,282000.0,455000.0
19792,Mediana,1,385000.0,455000.0
20788,Mediana,1,469950.0,455000.0
20799,Mediana,1,290000.0,455000.0
21038,Mediana,1,370000.0,455000.0
21315,Mediana,1,440000.0,455000.0
196,Mediana,1,423000.0,455000.0
385,Mediana,1,799000.0,455000.0
886,Mediana,1,700000.0,455000.0
1799,Mediana,1,465000.0,455000.0
1893,Mediana,1,915000.0,455000.0
2238,Mediana,1,315000.0,455000.0
2694,Mediana,1,830000.0,455000.0
2826,Mediana,1,256000.0,455000.0
2836,Mediana,1,1324050.0,455000.0
2920,Mediana,1,1125000.0,455000.0
3214,Mediana,1,555565.0,455000.0
3340,Mediana,1,437500.0,455000.0
4113,Mediana,1,462600.0,455000.0
4475,Mediana,1,670000.0,455000.0
4635,Mediana,1,2485000.0,455000.0
4861,Mediana,1,220000.0,455000.0
5562,Mediana,1,250000.0,455000.0
6006,Mediana,1,252000.0,455000.0
6900,Mediana,1,502700.0,455000.0
6987,Mediana,1,515000.0,455000.0
7364,Mediana,1,749950.0,455000.0
9800,Mediana,1,240000.0,455000.0
10095,Mediana,1,200000.0,455000.0
10992,Mediana,1,554950.0,455000.0
11211,Mediana,1,577000.0,455000.0
11966,Mediana,1,550000.0,455000.0
12970,Mediana,1,519950.0,455000.0
13027,Mediana,1,825000.0,455000.0
13660,Mediana,1,399000.0,455000.0
14679,Mediana,1,220000.0,455000.0
15010,Mediana,1,970000.0,455000.0
15869,Mediana,1,362000.0,455000.0
16651,Mediana,1,283000.0,455000.0
16857,Mediana,1,380000.0,455000.0
16908,Mediana,1,457000.0,455000.0
16973,Mediana,1,632000.0,455000.0
16997,Mediana,1,430000.0,455000.0
17183,Mediana,1,640000.0,455000.0
17346,Mediana,1,370000.0,455000.0
17713,Mediana,1,590000.0,455000.0
18111,Mediana,1,1096500.0,455000.0
19299,Mediana,1,174900.0,455000.0
19361,Mediana,1,450000.0,455000.0
20027,Mediana,1,572115.0,455000.0
20426,Mediana,1,998000.0,455000.0
20855,Mediana,1,329950.0,455000.0
21231,Mediana,1,452000.0,455000.0
21336,Mediana,1,559630.0,455000.0
21575,Mediana,1,399950.0,455000.0
201,Mediana,1,297000.0,455000.0
464,Mediana,1,330000.0,455000.0
960,Mediana,1,650000.0,455000.0
1229,Mediana,1,457000.0,455000.0
1346,Mediana,1,620000.0,455000.0
1586,Mediana,1,1150000.0,455000.0
1652,Mediana,1,231500.0,455000.0
1964,Mediana,1,252000.0,455000.0
2235,Mediana,1,220000.0,455000.0
2256,Mediana,1,245000.0,455000.0
2529,Mediana,1,392450.0,455000.0
2562,Mediana,1,493000.0,455000.0
3786,Mediana,1,284700.0,455000.0
3996,Mediana,1,318700.0,455000.0
4144,Mediana,1,701000.0,455000.0
4333,Mediana,1,281000.0,455000.0
4416,Mediana,1,425000.0,455000.0
4469,Mediana,1,468000.0,455000.0
4717,Mediana,1,750000.0,455000.0
4900,Mediana,1,550000.0,455000.0
4903,Mediana,1,259950.0,455000.0
5039,Mediana,1,235000.0,455000.0
5093,Mediana,1,395000.0,455000.0
5802,Mediana,1,460000.0,455000.0
5877,Mediana,1,449950.0,455000.0
6323,Mediana,1,376000.0,455000.0
7326,Mediana,1,275000.0,455000.0
7503,Mediana,1,549000.0,455000.0
8002,Mediana,1,379500.0,455000.0
8912,Mediana,1,465000.0,455000.0
9152,Mediana,1,525000.0,455000.0
9353,Mediana,1,300000.0,455000.0
9627,Mediana,1,765000.0,455000.0
10287,Mediana,1,196700.0,455000.0
10780,Mediana,1,750000.0,455000.0
11055,Mediana,1,399000.0,455000.0
11083,Mediana,1,450000.0,455000.0
11306,Mediana,1,402300.0,455000.0
11540,Mediana,1,950000.0,455000.0
11807,Mediana,1,362000.0,455000.0
11988,Mediana,1,329000.0,455000.0
12035,Mediana,1,415000.0,455000.0
12070,Mediana,1,396500.0,455000.0
12211,Mediana,1,1190000.0,455000.0
13048,Mediana,1,870000.0,455000.0
13134,Mediana,1,980000.0,455000.0
13161,Mediana,1,790000.0,455000.0
13956,Mediana,1,1160000.0,455000.0
13982,Mediana,1,599950.0,455000.0
14080,Mediana,1,260000.0,455000.0
14136,Mediana,1,557865.0,455000.0
14606,Mediana,1,395000.0,455000.0
15087,Mediana,1,365000.0,455000.0
15390,Mediana,1,524950.0,455000.0
15975,Mediana,1,475000.0,455000.0
16334,Mediana,1,745000.0,455000.0
16582,Mediana,1,1350000.0,455000.0
17337,Mediana,1,476800.0,455000.0
17392,Mediana,1,179950.0,455000.0
17648,Mediana,1,805000.0,455000.0
18012,Mediana,1,640000.0,455000.0
18260,Mediana,1,493000.0,455000.0
18400,Mediana,1,1065000.0,455000.0
18440,Mediana,1,357500.0,455000.0
18523,Mediana,1,465000.0,455000.0
18589,Mediana,1,732500.0,455000.0
18596,Mediana,1,645500.0,455000.0
19100,Mediana,1,399000.0,455000.0
19249,Mediana,1,129888.0,455000.0
19502,Mediana,1,445000.0,455000.0
19650,Mediana,1,155000.0,455000.0
19785,Mediana,1,290000.0,455000.0
20250,Mediana,1,1050000.0,455000.0
20586,Mediana,1,653500.0,455000.0
20956,Mediana,1,650000.0,455000.0
21091,Mediana,1,530000.0,455000.0
21177,Mediana,1,663000.0,455000.0
21190,Mediana,1,405000.0,455000.0
21325,Mediana,1,659000.0,455000.0
21354,Mediana,1,495000.0,455000.0
21477,Mediana,1,1010800.0,455000.0
21582,Mediana,1,490000.0,455000.0
158,Mediana,1,247000.0,455000.0
277,Mediana,1,770000.0,455000.0
472,Mediana,1,1199000.0,455000.0
661,Mediana,1,496500.0,455000.0
738,Mediana,1,1300000.0,455000.0
771,Mediana,1,341500.0,455000.0
859,Mediana,1,166600.0,455000.0
1201,Mediana,1,472800.0,455000.0
1215,Mediana,1,455000.0,455000.0
1248,Mediana,1,449000.0,455000.0
1267,Mediana,1,340000.0,455000.0
1603,Mediana,1,703770.0,455000.0
1975,Mediana,1,200000.0,455000.0
1979,Mediana,1,210000.0,455000.0
2617,Mediana,1,210000.0,455000.0
3306,Mediana,1,430000.0,455000.0
3595,Mediana,1,630000.0,455000.0
3758,Mediana,1,205000.0,455000.0
3808,Mediana,1,245000.0,455000.0
4141,Mediana,1,545000.0,455000.0
4603,Mediana,1,305000.0,455000.0
4605,Mediana,1,700000.0,455000.0
4716,Mediana,1,415000.0,455000.0
4766,Mediana,1,490000.0,455000.0
5470,Mediana,1,410000.0,455000.0
5646,Mediana,1,720000.0,455000.0
5759,Mediana,1,580000.0,455000.0
5776,Mediana,1,637800.0,455000.0
6209,Mediana,1,435000.0,455000.0
6282,Mediana,1,270000.0,455000.0
6743,Mediana,1,275000.0,455000.0
6921,Mediana,1,284000.0,455000.0
7468,Mediana,1,415000.0,455000.0
7774,Mediana,1,440000.0,455000.0
8103,Mediana,1,163250.0,455000.0
8221,Mediana,1,506000.0,455000.0
8237,Mediana,1,250000.0,455000.0
8332,Mediana,1,250000.0,455000.0
8457,Mediana,1,350000.0,455000.0
8504,Mediana,1,549950.0,455000.0
8780,Mediana,1,510000.0,455000.0
8875,Mediana,1,310000.0,455000.0
9019,Mediana,1,510000.0,455000.0
9374,Mediana,1,349950.0,455000.0
9549,Mediana,1,275000.0,455000.0
9738,Mediana,1,518000.0,455000.0
9890,Mediana,1,128000.0,455000.0
9891,Mediana,1,210500.0,455000.0
10492,Mediana,1,227950.0,455000.0
10687,Mediana,1,595000.0,455000.0
10755,Mediana,1,400000.0,455000.0
10762,Mediana,1,379750.0,455000.0
10852,Mediana,1,580000.0,455000.0
10876,Mediana,1,238950.0,455000.0
10882,Mediana,1,600000.0,455000.0
10893,Mediana,1,312620.0,455000.0
11021,Mediana,1,315000.0,455000.0
11190,Mediana,1,276000.0,455000.0
11531,Mediana,1,765000.0,455000.0
11783,Mediana,1,370000.0,455000.0
11819,Mediana,1,206990.0,455000.0
11964,Mediana,1,378000.0,455000.0
11973,Mediana,1,760000.0,455000.0
12032,Mediana,1,550000.0,455000.0
12120,Mediana,1,400000.0,455000.0
12281,Mediana,1,471000.0,455000.0
12355,Mediana,1,305000.0,455000.0
12405,Mediana,1,239000.0,455000.0
12709,Mediana,1,425000.0,455000.0
12875,Mediana,1,310000.0,455000.0
13730,Mediana,1,325000.0,455000.0
14060,Mediana,1,397950.0,455000.0
14275,Mediana,1,1100000.0,455000.0
14766,Mediana,1,390000.0,455000.0
15061,Mediana,1,725000.0,455000.0
15301,Mediana,1,314000.0,455000.0
15493,Mediana,1,320000.0,455000.0
15569,Mediana,1,309950.0,455000.0
15791,Mediana,1,400000.0,455000.0
15874,Mediana,1,1600000.0,455000.0
16014,Mediana,1,252500.0,455000.0
16570,Mediana,1,340000.0,455000.0
17308,Mediana,1,518000.0,455000.0
17557,Mediana,1,260000.0,455000.0
17701,Mediana,1,356000.0,455000.0
18465,Mediana,1,799000.0,455000.0
18593,Mediana,1,526000.0,455000.0
18660,Mediana,1,572000.0,455000.0
18750,Mediana,1,465000.0,455000.0
18908,Mediana,1,180000.0,455000.0
19957,Mediana,1,840000.0,455000.0
19990,Mediana,1,685000.0,455000.0
20217,Mediana,1,437718.0,455000.0
20244,Mediana,1,1333000.0,455000.0
20356,Mediana,1,359950.0,455000.0
20573,Mediana,1,305000.0,455000.0
21040,Mediana,1,2900000.0,455000.0
21419,Mediana,1,729999.0,455000.0
21483,Mediana,1,407500.0,455000.0
21588,Mediana,1,414500.0,455000.0
85,Mediana,1,940000.0,455000.0
426,Mediana,1,310000.0,455000.0
518,Mediana,1,2250000.0,455000.0
895,Mediana,1,431650.0,455000.0
1259,Mediana,1,295700.0,455000.0
1828,Mediana,1,460000.0,455000.0
1997,Mediana,1,180000.0,455000.0
2085,Mediana,1,3850000.0,455000.0
2310,Mediana,1,380000.0,455000.0
2408,Mediana,1,1015000.0,455000.0
2915,Mediana,1,455000.0,455000.0
3094,Mediana,1,425000.0,455000.0
3360,Mediana,1,454000.0,455000.0
4165,Mediana,1,523000.0,455000.0
4170,Mediana,1,810000.0,455000.0
4192,Mediana,1,1045000.0,455000.0
4412,Mediana,1,864500.0,455000.0
5338,Mediana,1,303500.0,455000.0
6029,Mediana,1,575000.0,455000.0
6486,Mediana,1,545000.0,455000.0
6654,Mediana,1,358000.0,455000.0
7060,Mediana,1,517500.0,455000.0
7781,Mediana,1,430000.0,455000.0
7798,Mediana,1,488000.0,455000.0
8204,Mediana,1,269950.0,455000.0
9313,Mediana,1,790000.0,455000.0
9595,Mediana,1,236000.0,455000.0
9609,Mediana,1,339950.0,455000.0
10061,Mediana,1,574000.0,455000.0
10236,Mediana,1,310000.0,455000.0
10816,Mediana,1,605000.0,455000.0
11208,Mediana,1,427800.0,455000.0
11509,Mediana,1,156000.0,455000.0
12091,Mediana,1,490000.0,455000.0
12177,Mediana,1,595000.0,455000.0
12198,Mediana,1,260000.0,455000.0
12224,Mediana,1,265500.0,455000.0
12489,Mediana,1,357950.0,455000.0
12878,Mediana,1,284000.0,455000.0
13255,Mediana,1,840000.0,455000.0
13767,Mediana,1,505000.0,455000.0
13897,Mediana,1,223000.0,455000.0
14458,Mediana,1,185000.0,455000.0
14879,Mediana,1,630000.0,455000.0
15049,Mediana,1,1535000.0,455000.0
15185,Mediana,1,490000.0,455000.0
16453,Mediana,1,525300.0,455000.0
16596,Mediana,1,252500.0,455000.0
17061,Mediana,1,272000.0,455000.0
17442,Mediana,1,577500.0,455000.0
17781,Mediana,1,460000.0,455000.0
18052,Mediana,1,247000.0,455000.0
18090,Mediana,1,244000.0,455000.0
18306,Mediana,1,440000.0,455000.0
18345,Mediana,1,280000.0,455000.0
18366,Mediana,1,975000.0,455000.0
18390,Mediana,1,551000.0,455000.0
18989,Mediana,1,370000.0,455000.0
19140,Mediana,1,430000.0,455000.0
19143,Mediana,1,635500.0,455000.0
19225,Mediana,1,199900.0,455000.0
19640,Mediana,1,338900.0,455000.0
19738,Mediana,1,299000.0,455000.0
19750,Mediana,1,335000.0,455000.0
19828,Mediana,1,530000.0,455000.0
20529,Mediana,1,565000.0,455000.0
20607,Mediana,1,805000.0,455000.0
20758,Mediana,1,358000.0,455000.0
21025,Mediana,1,727000.0,455000.0
2734,Mediana,1,700000.0,455000.0
4071,Mediana,1,324888.0,455000.0
10993,Mediana,1,326000.0,455000.0
12368,Mediana,1,336500.0,455000.0
178,Mediana,1,269950.0,455000.0
554,Mediana,1,396000.0,455000.0
584,Mediana,1,268500.0,455000.0
650,Mediana,1,220000.0,455000.0
1256,Mediana,1,265000.0,455000.0
1543,Mediana,1,860000.0,455000.0
2107,Mediana,1,272000.0,455000.0
2135,Mediana,1,185000.0,455000.0
3023,Mediana,1,409500.0,455000.0
3121,Mediana,1,1320000.0,455000.0
3190,Mediana,1,445000.0,455000.0
3816,Mediana,1,239000.0,455000.0
4367,Mediana,1,800000.0,455000.0
4435,Mediana,1,249950.0,455000.0
4503,Mediana,1,295500.0,455000.0
4613,Mediana,1,880000.0,455000.0
4780,Mediana,1,310000.0,455000.0
6658,Mediana,1,554000.0,455000.0
6820,Mediana,1,274000.0,455000.0
7082,Mediana,1,600000.0,455000.0
7667,Mediana,1,220000.0,455000.0
7731,Mediana,1,775000.0,455000.0
7987,Mediana,1,740000.0,455000.0
8093,Mediana,1,627000.0,455000.0
8278,Mediana,1,453000.0,455000.0
8305,Mediana,1,473000.0,455000.0
8477,Mediana,1,339950.0,455000.0
9064,Mediana,1,545000.0,455000.0
9435,Mediana,1,225000.0,455000.0
9566,Mediana,1,540000.0,455000.0
9698,Mediana,1,357000.0,455000.0
9962,Mediana,1,525000.0,455000.0
10479,Mediana,1,400000.0,455000.0
10821,Mediana,1,795000.0,455000.0
10840,Mediana,1,1575000.0,455000.0
10972,Mediana,1,455000.0,455000.0
11050,Mediana,1,427000.0,455000.0
11327,Mediana,1,313000.0,455000.0
11718,Mediana,1,410000.0,455000.0
11811,Mediana,1,375000.0,455000.0
11943,Mediana,1,571000.0,455000.0
12051,Mediana,1,688500.0,455000.0
12326,Mediana,1,925900.0,455000.0
12335,Mediana,1,295000.0,455000.0
12504,Mediana,1,311000.0,455000.0
12730,Mediana,1,577288.0,455000.0
13306,Mediana,1,395000.0,455000.0
13753,Mediana,1,230000.0,455000.0
13789,Mediana,1,302500.0,455000.0
13866,Mediana,1,318000.0,455000.0
13939,Mediana,1,348000.0,455000.0
14041,Mediana,1,805000.0,455000.0
14378,Mediana,1,489000.0,455000.0
14437,Mediana,1,234950.0,455000.0
14506,Mediana,1,435000.0,455000.0
14868,Mediana,1,383000.0,455000.0
15003,Mediana,1,397000.0,455000.0
15167,Mediana,1,230000.0,455000.0
15430,Mediana,1,1311000.0,455000.0
15800,Mediana,1,426000.0,455000.0
15894,Mediana,1,254950.0,455000.0
16885,Mediana,1,264500.0,455000.0
16906,Mediana,1,237600.0,455000.0
17274,Mediana,1,368000.0,455000.0
17295,Mediana,1,600000.0,455000.0
18229,Mediana,1,475000.0,455000.0
18275,Mediana,1,285000.0,455000.0
18766,Mediana,1,443000.0,455000.0
18839,Mediana,1,295000.0,455000.0
19153,Mediana,1,567000.0,455000.0
19376,Mediana,1,440000.0,455000.0
19802,Mediana,1,545000.0,455000.0
19900,Mediana,1,288790.0,455000.0
20193,Mediana,1,614000.0,455000.0
20418,Mediana,1,709950.0,455000.0
20496,Mediana,1,847093.0,455000.0
20561,Mediana,1,485230.0,455000.0
20667,Mediana,1,496000.0,455000.0
20781,Mediana,1,239000.0,455000.0
21097,Mediana,1,780000.0,455000.0
21295,Mediana,1,279500.0,455000.0
21300,Mediana,1,453000.0,455000.0
21340,Mediana,1,417000.0,455000.0
21377,Mediana,1,403000.0,455000.0
648,Mediana,1,157000.0,455000.0
782,Mediana,1,320000.0,455000.0
806,Mediana,1,308000.0,455000.0
841,Mediana,1,320000.0,455000.0
1094,Mediana,1,430000.0,455000.0
1304,Mediana,1,275000.0,455000.0
1359,Mediana,1,549000.0,455000.0
1563,Mediana,1,607010.0,455000.0
1671,Mediana,1,293000.0,455000.0
1721,Mediana,1,360400.0,455000.0
1810,Mediana,1,480000.0,455000.0
2017,Mediana,1,580000.0,455000.0
2025,Mediana,1,719950.0,455000.0
2109,Mediana,1,307000.0,455000.0
2774,Mediana,1,416000.0,455000.0
2864,Mediana,1,3600000.0,455000.0
3177,Mediana,1,450000.0,455000.0
3225,Mediana,1,875000.0,455000.0
3356,Mediana,1,850000.0,455000.0
3778,Mediana,1,810000.0,455000.0
4090,Mediana,1,462500.0,455000.0
4168,Mediana,1,359950.0,455000.0
4228,Mediana,1,509500.0,455000.0
4311,Mediana,1,339000.0,455000.0
4402,Mediana,1,515000.0,455000.0
4598,Mediana,1,643500.0,455000.0
4851,Mediana,1,988830.0,455000.0
5127,Mediana,1,510000.0,455000.0
5489,Mediana,1,751305.0,455000.0
6270,Mediana,1,530000.0,455000.0
7701,Mediana,1,345000.0,455000.0
7838,Mediana,1,342450.0,455000.0
8112,Mediana,1,299950.0,455000.0
8447,Mediana,1,250000.0,455000.0
9375,Mediana,1,1565000.0,455000.0
9671,Mediana,1,905000.0,455000.0
9694,Mediana,1,865000.0,455000.0
10120,Mediana,1,250000.0,455000.0
10242,Mediana,1,279000.0,455000.0
10388,Mediana,1,645500.0,455000.0
10529,Mediana,1,770000.0,455000.0
10577,Mediana,1,333000.0,455000.0
10706,Mediana,1,456700.0,455000.0
10721,Mediana,1,135000.0,455000.0
10824,Mediana,1,598850.0,455000.0
10854,Mediana,1,594000.0,455000.0
10990,Mediana,1,425000.0,455000.0
11038,Mediana,1,250000.0,455000.0
11078,Mediana,1,365000.0,455000.0
11084,Mediana,1,814950.0,455000.0
11349,Mediana,1,490000.0,455000.0
11417,Mediana,1,751000.0,455000.0
11693,Mediana,1,422500.0,455000.0
11850,Mediana,1,688100.0,455000.0
12085,Mediana,1,210000.0,455000.0
12206,Mediana,1,540000.0,455000.0
12659,Mediana,1,158000.0,455000.0
13105,Mediana,1,315000.0,455000.0
13178,Mediana,1,225000.0,455000.0
13615,Mediana,1,210000.0,455000.0
13965,Mediana,1,277500.0,455000.0
14280,Mediana,1,352000.0,455000.0
15110,Mediana,1,268000.0,455000.0
15649,Mediana,1,252000.0,455000.0
15765,Mediana,1,525000.0,455000.0
16819,Mediana,1,505000.0,455000.0
16900,Mediana,1,355000.0,455000.0
17027,Mediana,1,445000.0,455000.0
17419,Mediana,1,219000.0,455000.0
17625,Mediana,1,531000.0,455000.0
17762,Mediana,1,300000.0,455000.0
17867,Mediana,1,255000.0,455000.0
17887,Mediana,1,255000.0,455000.0
18224,Mediana,1,459800.0,455000.0
18263,Mediana,1,475000.0,455000.0
18435,Mediana,1,589000.0,455000.0
18655,Mediana,1,1388000.0,455000.0
18696,Mediana,1,650000.0,455000.0
19086,Mediana,1,774900.0,455000.0
19141,Mediana,1,266490.0,455000.0
19179,Mediana,1,475000.0,455000.0
19431,Mediana,1,565000.0,455000.0
19528,Mediana,1,510000.0,455000.0
19648,Mediana,1,299000.0,455000.0
19773,Mediana,1,399000.0,455000.0
20228,Mediana,1,565997.0,455000.0
21560,Mediana,1,540000.0,455000.0
121,Mediana,1,391500.0,455000.0
739,Mediana,1,233000.0,455000.0
1006,Mediana,1,515000.0,455000.0
1238,Mediana,1,659000.0,455000.0
1800,Mediana,1,206000.0,455000.0
1945,Mediana,1,2400000.0,455000.0
2153,Mediana,1,1010000.0,455000.0
2964,Mediana,1,999000.0,455000.0
3405,Mediana,1,515000.0,455000.0
4512,Mediana,1,312000.0,455000.0
4656,Mediana,1,425000.0,455000.0
4948,Mediana,1,425000.0,455000.0
5050,Mediana,1,249000.0,455000.0
5078,Mediana,1,250000.0,455000.0
5168,Mediana,1,611900.0,455000.0
5345,Mediana,1,365500.0,455000.0
5436,Mediana,1,375000.0,455000.0
6131,Mediana,1,517500.0,455000.0
6547,Mediana,1,530000.0,455000.0
6614,Mediana,1,340000.0,455000.0
6623,Mediana,1,550000.0,455000.0
6645,Mediana,1,378000.0,455000.0
6662,Mediana,1,193000.0,455000.0
6837,Mediana,1,299000.0,455000.0
6977,Mediana,1,690000.0,455000.0
7196,Mediana,1,900000.0,455000.0
7558,Mediana,1,382000.0,455000.0
7656,Mediana,1,960000.0,455000.0
7761,Mediana,1,170000.0,455000.0
8182,Mediana,1,495000.0,455000.0
8210,Mediana,1,203000.0,455000.0
8559,Mediana,1,506400.0,455000.0
9000,Mediana,1,1050000.0,455000.0
9190,Mediana,1,525000.0,455000.0
9240,Mediana,1,412133.0,455000.0
9487,Mediana,1,2375000.0,455000.0
9575,Mediana,1,460000.0,455000.0
9682,Mediana,1,415000.0,455000.0
9691,Mediana,1,601000.0,455000.0
9895,Mediana,1,352000.0,455000.0
9970,Mediana,1,290000.0,455000.0
10351,Mediana,1,465000.0,455000.0
10409,Mediana,1,269000.0,455000.0
10430,Mediana,1,570000.0,455000.0
10463,Mediana,1,519500.0,455000.0
10890,Mediana,1,440000.0,455000.0
11181,Mediana,1,595000.0,455000.0
11192,Mediana,1,355000.0,455000.0
11316,Mediana,1,240000.0,455000.0
11972,Mediana,1,839900.0,455000.0
12340,Mediana,1,190000.0,455000.0
12683,Mediana,1,705000.0,455000.0
13142,Mediana,1,262500.0,455000.0
13176,Mediana,1,667500.0,455000.0
13771,Mediana,1,325000.0,455000.0
14081,Mediana,1,294000.0,455000.0
14572,Mediana,1,195000.0,455000.0
14725,Mediana,1,415000.0,455000.0
15181,Mediana,1,415000.0,455000.0
15202,Mediana,1,710000.0,455000.0
15205,Mediana,1,528000.0,455000.0
15402,Mediana,1,246000.0,455000.0
15901,Mediana,1,315000.0,455000.0
16011,Mediana,1,392500.0,455000.0
16251,Mediana,1,215000.0,455000.0
16273,Mediana,1,185000.0,455000.0
16742,Mediana,1,508500.0,455000.0
16948,Mediana,1,542500.0,455000.0
17418,Mediana,1,290000.0,455000.0
17856,Mediana,1,718000.0,455000.0
17947,Mediana,1,290000.0,455000.0
18083,Mediana,1,770000.0,455000.0
18091,Mediana,1,397000.0,455000.0
18122,Mediana,1,576925.0,455000.0
18248,Mediana,1,740000.0,455000.0
18700,Mediana,1,788000.0,455000.0
18857,Mediana,1,520000.0,455000.0
18947,Mediana,1,313500.0,455000.0
19159,Mediana,1,252000.0,455000.0
19673,Mediana,1,375000.0,455000.0
20061,Mediana,1,700000.0,455000.0
20588,Mediana,1,333000.0,455000.0
24,Mediana,1,329000.0,455000.0
65,Mediana,1,317625.0,455000.0
156,Mediana,1,650000.0,455000.0
233,Mediana,1,213000.0,455000.0
369,Mediana,1,338000.0,455000.0
490,Mediana,1,452000.0,455000.0
656,Mediana,1,3070000.0,455000.0
787,Mediana,1,460000.0,455000.0
834,Mediana,1,249900.0,455000.0
1435,Mediana,1,290000.0,455000.0
1578,Mediana,1,440000.0,455000.0
1730,Mediana,1,1679000.0,455000.0
2435,Mediana,1,355000.0,455000.0
2842,Mediana,1,375000.0,455000.0
2851,Mediana,1,534000.0,455000.0
3101,Mediana,1,190000.0,455000.0
3265,Mediana,1,218000.0,455000.0
3318,Mediana,1,445000.0,455000.0
3464,Mediana,1,805000.0,455000.0
3713,Mediana,1,421000.0,455000.0
4399,Mediana,1,1150000.0,455000.0
4536,Mediana,1,297000.0,455000.0
4801,Mediana,1,410000.0,455000.0
5247,Mediana,1,890000.0,455000.0
5528,Mediana,1,805000.0,455000.0
5680,Mediana,1,1470000.0,455000.0
5821,Mediana,1,435000.0,455000.0
6041,Mediana,1,2385000.0,455000.0
6042,Mediana,1,230000.0,455000.0
6517,Mediana,1,560000.0,455000.0
7294,Mediana,1,700000.0,455000.0
7335,Mediana,1,445500.0,455000.0
7393,Mediana,1,366000.0,455000.0
7477,Mediana,1,370000.0,455000.0
7520,Mediana,1,229950.0,455000.0
7801,Mediana,1,321000.0,455000.0
8218,Mediana,1,490000.0,455000.0
8376,Mediana,1,300000.0,455000.0
9183,Mediana,1,305000.0,455000.0
9216,Mediana,1,340000.0,455000.0
9256,Mediana,1,811500.0,455000.0
9540,Mediana,1,961000.0,455000.0
9984,Mediana,1,205000.0,455000.0
10110,Mediana,1,920000.0,455000.0
10312,Mediana,1,398000.0,455000.0
10317,Mediana,1,524000.0,455000.0
10814,Mediana,1,432500.0,455000.0
11579,Mediana,1,185000.0,455000.0
11762,Mediana,1,350000.0,455000.0
11890,Mediana,1,365000.0,455000.0
12191,Mediana,1,438950.0,455000.0
12337,Mediana,1,749950.0,455000.0
12753,Mediana,1,292000.0,455000.0
12985,Mediana,1,500000.0,455000.0
13061,Mediana,1,496600.0,455000.0
13396,Mediana,1,770000.0,455000.0
13838,Mediana,1,280000.0,455000.0
14076,Mediana,1,294000.0,455000.0
14143,Mediana,1,690000.0,455000.0
14795,Mediana,1,190000.0,455000.0
15270,Mediana,1,457000.0,455000.0
15334,Mediana,1,649500.0,455000.0
15405,Mediana,1,990000.0,455000.0
15744,Mediana,1,560000.0,455000.0
16115,Mediana,1,616950.0,455000.0
16369,Mediana,1,580000.0,455000.0
16565,Mediana,1,385000.0,455000.0
16668,Mediana,1,808000.0,455000.0
16744,Mediana,1,206000.0,455000.0
16859,Mediana,1,202000.0,455000.0
16939,Mediana,1,262500.0,455000.0
17215,Mediana,1,297000.0,455000.0
18635,Mediana,1,179950.0,455000.0
18784,Mediana,1,419000.0,455000.0
19313,Mediana,1,342000.0,455000.0
19626,Mediana,1,880000.0,455000.0
19688,Mediana,1,349000.0,455000.0
19702,Mediana,1,359950.0,455000.0
19799,Mediana,1,385000.0,455000.0
19822,Mediana,1,388000.0,455000.0
19841,Mediana,1,272000.0,455000.0
19842,Mediana,1,418395.0,455000.0
19922,Mediana,1,455000.0,455000.0
19983,Mediana,1,479000.0,455000.0
20266,Mediana,1,625000.0,455000.0
20660,Mediana,1,315000.0,455000.0
115,Mediana,1,740500.0,455000.0
185,Mediana,1,1095000.0,455000.0
232,Mediana,1,315000.0,455000.0
525,Mediana,1,727500.0,455000.0
544,Mediana,1,375000.0,455000.0
1722,Mediana,1,345000.0,455000.0
2459,Mediana,1,674250.0,455000.0
2980,Mediana,1,390000.0,455000.0
2986,Mediana,1,950000.0,455000.0
3207,Mediana,1,637250.0,455000.0
3571,Mediana,1,277950.0,455000.0
3755,Mediana,1,194820.0,455000.0
3789,Mediana,1,533250.0,455000.0
3976,Mediana,1,279000.0,455000.0
4369,Mediana,1,1150000.0,455000.0
4800,Mediana,1,274000.0,455000.0
5221,Mediana,1,600000.0,455000.0
5462,Mediana,1,845800.0,455000.0
5673,Mediana,1,299500.0,455000.0
6119,Mediana,1,289200.0,455000.0
6526,Mediana,1,585000.0,455000.0
6542,Mediana,1,544900.0,455000.0
6881,Mediana,1,715000.0,455000.0
7206,Mediana,1,628000.0,455000.0
7469,Mediana,1,319000.0,455000.0
7654,Mediana,1,640000.0,455000.0
7844,Mediana,1,1646000.0,455000.0
8245,Mediana,1,375000.0,455000.0
8839,Mediana,1,298000.0,455000.0
8888,Mediana,1,405000.0,455000.0
9032,Mediana,1,225000.0,455000.0
9333,Mediana,1,1335000.0,455000.0
9750,Mediana,1,885000.0,455000.0
10118,Mediana,1,319000.0,455000.0
10251,Mediana,1,212644.0,455000.0
10795,Mediana,1,209000.0,455000.0
11205,Mediana,1,470000.0,455000.0
11259,Mediana,1,950000.0,455000.0
11638,Mediana,1,800000.0,455000.0
11648,Mediana,1,250000.0,455000.0
11752,Mediana,1,302500.0,455000.0
11859,Mediana,1,410500.0,455000.0
11971,Mediana,1,395000.0,455000.0
11996,Mediana,1,315000.0,455000.0
12159,Mediana,1,418000.0,455000.0
12247,Mediana,1,225000.0,455000.0
13141,Mediana,1,570000.0,455000.0
13360,Mediana,1,530000.0,455000.0
13460,Mediana,1,475999.0,455000.0
14228,Mediana,1,267500.0,455000.0
14396,Mediana,1,725000.0,455000.0
14938,Mediana,1,450000.0,455000.0
15036,Mediana,1,200000.0,455000.0
15154,Mediana,1,735000.0,455000.0
15375,Mediana,1,880000.0,455000.0
16193,Mediana,1,1815000.0,455000.0
16679,Mediana,1,478000.0,455000.0
17015,Mediana,1,488000.0,455000.0
17578,Mediana,1,219000.0,455000.0
17673,Mediana,1,217500.0,455000.0
17823,Mediana,1,579000.0,455000.0
17936,Mediana,1,390000.0,455000.0
18136,Mediana,1,550000.0,455000.0
18196,Mediana,1,760000.0,455000.0
18459,Mediana,1,305000.0,455000.0
18752,Mediana,1,695000.0,455000.0
18843,Mediana,1,481000.0,455000.0
19015,Mediana,1,581000.0,455000.0
19026,Mediana,1,724950.0,455000.0
19048,Mediana,1,365000.0,455000.0
19150,Mediana,1,476000.0,455000.0
19459,Mediana,1,387000.0,455000.0
20148,Mediana,1,660000.0,455000.0
20297,Mediana,1,333000.0,455000.0
20644,Mediana,1,418000.0,455000.0
20741,Mediana,1,345500.0,455000.0
21052,Mediana,1,1075000.0,455000.0
21072,Mediana,1,637850.0,455000.0
21147,Mediana,1,659950.0,455000.0
21198,Mediana,1,450000.0,455000.0
21229,Mediana,1,380000.0,455000.0
319,Mediana,1,268750.0,455000.0
2101,Mediana,1,643000.0,455000.0
4461,Mediana,1,263500.0,455000.0
14178,Mediana,1,385000.0,455000.0
15415,Mediana,1,1650000.0,455000.0
16608,Mediana,1,245000.0,455000.0
20986,Mediana,1,334900.0,455000.0
208,Mediana,1,180250.0,455000.0
13401,Mediana,1,452000.0,455000.0
14965,Mediana,1,402000.0,455000.0
15647,Mediana,1,599995.0,455000.0
113,Mediana,1,329950.0,455000.0
258,Mediana,1,255000.0,455000.0
274,Mediana,1,331000.0,455000.0
651,Mediana,1,521000.0,455000.0
664,Mediana,1,323000.0,455000.0
665,Mediana,1,331000.0,455000.0
910,Mediana,1,234000.0,455000.0
1264,Mediana,1,390000.0,455000.0
1539,Mediana,1,1300000.0,455000.0
1615,Mediana,1,290000.0,455000.0
1989,Mediana,1,335000.0,455000.0
2146,Mediana,1,950000.0,455000.0
2188,Mediana,1,360000.0,455000.0
2283,Mediana,1,569000.0,455000.0
3109,Mediana,1,158800.0,455000.0
3384,Mediana,1,2544750.0,455000.0
3695,Mediana,1,625000.0,455000.0
4391,Mediana,1,399000.0,455000.0
4449,Mediana,1,379500.0,455000.0
4830,Mediana,1,215000.0,455000.0
4933,Mediana,1,360000.0,455000.0
5252,Mediana,1,589950.0,455000.0
7360,Mediana,1,907000.0,455000.0
8502,Mediana,1,249900.0,455000.0
8790,Mediana,1,415000.0,455000.0
8812,Mediana,1,800000.0,455000.0
8906,Mediana,1,1325000.0,455000.0
9199,Mediana,1,225000.0,455000.0
9676,Mediana,1,315000.0,455000.0
10212,Mediana,1,489000.0,455000.0
10359,Mediana,1,216000.0,455000.0
10458,Mediana,1,774950.0,455000.0
10465,Mediana,1,3120000.0,455000.0
10656,Mediana,1,304500.0,455000.0
10917,Mediana,1,247000.0,455000.0
11222,Mediana,1,450000.0,455000.0
11426,Mediana,1,299900.0,455000.0
11520,Mediana,1,475000.0,455000.0
11709,Mediana,1,589450.0,455000.0
11717,Mediana,1,208417.0,455000.0
11728,Mediana,1,995000.0,455000.0
11896,Mediana,1,294400.0,455000.0
12640,Mediana,1,520000.0,455000.0
12672,Mediana,1,410000.0,455000.0
12686,Mediana,1,260000.0,455000.0
13180,Mediana,1,335000.0,455000.0
13325,Mediana,1,350000.0,455000.0
13326,Mediana,1,220000.0,455000.0
13800,Mediana,1,775000.0,455000.0
13830,Mediana,1,356000.0,455000.0
14602,Mediana,1,720000.0,455000.0
14800,Mediana,1,210000.0,455000.0
15351,Mediana,1,290000.0,455000.0
16491,Mediana,1,444950.0,455000.0
16551,Mediana,1,199988.0,455000.0
16774,Mediana,1,457000.0,455000.0
16937,Mediana,1,240000.0,455000.0
16945,Mediana,1,480000.0,455000.0
17105,Mediana,1,272000.0,455000.0
17356,Mediana,1,905000.0,455000.0
17443,Mediana,1,560000.0,455000.0
17638,Mediana,1,858450.0,455000.0
17760,Mediana,1,325000.0,455000.0
17909,Mediana,1,428000.0,455000.0
18131,Mediana,1,475000.0,455000.0
18323,Mediana,1,218250.0,455000.0
18955,Mediana,1,950000.0,455000.0
18958,Mediana,1,394250.0,455000.0
19008,Mediana,1,571500.0,455000.0
19121,Mediana,1,182000.0,455000.0
19189,Mediana,1,400000.0,455000.0
19875,Mediana,1,430000.0,455000.0
19911,Mediana,1,515000.0,455000.0
19925,Mediana,1,340000.0,455000.0
20210,Mediana,1,570000.0,455000.0
20957,Mediana,1,379950.0,455000.0
21168,Mediana,1,630500.0,455000.0
21305,Mediana,1,495000.0,455000.0
21525,Mediana,1,1450000.0,455000.0
846,Mediana,1,664000.0,455000.0
877,Mediana,1,390000.0,455000.0
1214,Mediana,1,500000.0,455000.0
1553,Mediana,1,299000.0,455000.0
1885,Mediana,1,340000.0,455000.0
2328,Mediana,1,283000.0,455000.0
2882,Mediana,1,700000.0,455000.0
3218,Mediana,1,405000.0,455000.0
3493,Mediana,1,150000.0,455000.0
4178,Mediana,1,790000.0,455000.0
4348,Mediana,1,562000.0,455000.0
5105,Mediana,1,549000.0,455000.0
5231,Mediana,1,635000.0,455000.0
5317,Mediana,1,150000.0,455000.0
5871,Mediana,1,399000.0,455000.0
5943,Mediana,1,554000.0,455000.0
6476,Mediana,1,775000.0,455000.0
6772,Mediana,1,396000.0,455000.0
7202,Mediana,1,500000.0,455000.0
7221,Mediana,1,258000.0,455000.0
7436,Mediana,1,1310000.0,455000.0
7740,Mediana,1,978000.0,455000.0
7932,Mediana,1,664000.0,455000.0
8289,Mediana,1,431750.0,455000.0
8343,Mediana,1,320000.0,455000.0
8443,Mediana,1,2140000.0,455000.0
8630,Mediana,1,190000.0,455000.0
9283,Mediana,1,305000.0,455000.0
9539,Mediana,1,500000.0,455000.0
9810,Mediana,1,616500.0,455000.0
9811,Mediana,1,750000.0,455000.0
10059,Mediana,1,510000.0,455000.0
10284,Mediana,1,218000.0,455000.0
10340,Mediana,1,370000.0,455000.0
10996,Mediana,1,757000.0,455000.0
11753,Mediana,1,1250000.0,455000.0
12079,Mediana,1,216300.0,455000.0
12209,Mediana,1,227000.0,455000.0
13677,Mediana,1,349950.0,455000.0
13799,Mediana,1,592000.0,455000.0
14032,Mediana,1,1680000.0,455000.0
14116,Mediana,1,675000.0,455000.0
14162,Mediana,1,279000.0,455000.0
14475,Mediana,1,488000.0,455000.0
14758,Mediana,1,530000.0,455000.0
14892,Mediana,1,195000.0,455000.0
15188,Mediana,1,473000.0,455000.0
15259,Mediana,1,442500.0,455000.0
15321,Mediana,1,345000.0,455000.0
16061,Mediana,1,437500.0,455000.0
16200,Mediana,1,326000.0,455000.0
16674,Mediana,1,645000.0,455000.0
16904,Mediana,1,437500.0,455000.0
16951,Mediana,1,1225000.0,455000.0
17326,Mediana,1,189950.0,455000.0
17715,Mediana,1,775000.0,455000.0
18676,Mediana,1,455000.0,455000.0
18744,Mediana,1,725000.0,455000.0
18901,Mediana,1,325500.0,455000.0
19041,Mediana,1,707000.0,455000.0
19302,Mediana,1,575000.0,455000.0
19714,Mediana,1,505000.0,455000.0
19993,Mediana,1,439108.0,455000.0
20117,Mediana,1,424950.0,455000.0
20650,Mediana,1,560000.0,455000.0
20848,Mediana,1,353000.0,455000.0
20944,Mediana,1,925000.0,455000.0
21068,Mediana,1,400950.0,455000.0
21262,Mediana,1,559000.0,455000.0
21364,Mediana,1,419500.0,455000.0
457,Mediana,1,705000.0,455000.0
608,Mediana,1,223000.0,455000.0
1196,Mediana,1,357000.0,455000.0
1337,Mediana,1,495000.0,455000.0
2560,Mediana,1,612000.0,455000.0
2898,Mediana,1,355000.0,455000.0
3016,Mediana,1,746000.0,455000.0
3259,Mediana,1,580000.0,455000.0
3603,Mediana,1,933000.0,455000.0
3924,Mediana,1,1495000.0,455000.0
4260,Mediana,1,489950.0,455000.0
4339,Mediana,1,2125000.0,455000.0
4975,Mediana,1,815000.0,455000.0
5040,Mediana,1,711800.0,455000.0
5123,Mediana,1,730000.0,455000.0
5265,Mediana,1,215000.0,455000.0
5822,Mediana,1,207000.0,455000.0
6124,Mediana,1,345000.0,455000.0
6375,Mediana,1,435000.0,455000.0
6394,Mediana,1,324950.0,455000.0
6868,Mediana,1,1555000.0,455000.0
6893,Mediana,1,900000.0,455000.0
6942,Mediana,1,565000.0,455000.0
7167,Mediana,1,445000.0,455000.0
7184,Mediana,1,358000.0,455000.0
7692,Mediana,1,295000.0,455000.0
8044,Mediana,1,420000.0,455000.0
9836,Mediana,1,1730000.0,455000.0
11113,Mediana,1,425000.0,455000.0
11416,Mediana,1,106000.0,455000.0
11921,Mediana,1,525000.0,455000.0
11999,Mediana,1,832500.0,455000.0
12494,Mediana,1,660000.0,455000.0
12748,Mediana,1,750000.0,455000.0
12884,Mediana,1,1610000.0,455000.0
12933,Mediana,1,469000.0,455000.0
15503,Mediana,1,395000.0,455000.0
15777,Mediana,1,699950.0,455000.0
17085,Mediana,1,250000.0,455000.0
17276,Mediana,1,250000.0,455000.0
17379,Mediana,1,563000.0,455000.0
17979,Mediana,1,575000.0,455000.0
18600,Mediana,1,192000.0,455000.0
18988,Mediana,1,140000.0,455000.0
19815,Mediana,1,299950.0,455000.0
20071,Mediana,1,485000.0,455000.0
20771,Mediana,1,650000.0,455000.0
8799,Mediana,1,975000.0,455000.0
20367,Mediana,1,399950.0,455000.0
12917,Mediana,1,226000.0,455000.0
18939,Mediana,1,90000.0,455000.0
20301,Mediana,1,498445.0,455000.0
18794,Mediana,1,1000000.0,455000.0
27,Mediana,1,667000.0,455000.0
31,Mediana,1,280000.0,455000.0
194,Mediana,1,230000.0,455000.0
466,Mediana,1,465000.0,455000.0
1772,Mediana,1,467500.0,455000.0
1838,Mediana,1,1100000.0,455000.0
2122,Mediana,1,405000.0,455000.0
2368,Mediana,1,575000.0,455000.0
2806,Mediana,1,401000.0,455000.0
2837,Mediana,1,490000.0,455000.0
2861,Mediana,1,443000.0,455000.0
2895,Mediana,1,180000.0,455000.0
3337,Mediana,1,299000.0,455000.0
3691,Mediana,1,179950.0,455000.0
3917,Mediana,1,335000.0,455000.0
4087,Mediana,1,515000.0,455000.0
4140,Mediana,1,1210000.0,455000.0
4210,Mediana,1,255000.0,455000.0
4223,Mediana,1,571900.0,455000.0
4317,Mediana,1,250000.0,455000.0
4440,Mediana,1,225000.0,455000.0
4742,Mediana,1,330000.0,455000.0
4865,Mediana,1,268000.0,455000.0
4904,Mediana,1,240000.0,455000.0
5279,Mediana,1,368000.0,455000.0
5609,Mediana,1,575000.0,455000.0
5883,Mediana,1,400375.0,455000.0
5998,Mediana,1,599000.0,455000.0
6107,Mediana,1,555000.0,455000.0
6182,Mediana,1,300000.0,455000.0
6367,Mediana,1,320000.0,455000.0
6766,Mediana,1,350000.0,455000.0
6792,Mediana,1,560000.0,455000.0
7280,Mediana,1,800000.0,455000.0
7312,Mediana,1,555000.0,455000.0
7561,Mediana,1,258900.0,455000.0
7893,Mediana,1,500000.0,455000.0
8268,Mediana,1,425000.0,455000.0
8644,Mediana,1,1438890.0,455000.0
9156,Mediana,1,450000.0,455000.0
9314,Mediana,1,903000.0,455000.0
10168,Mediana,1,605000.0,455000.0
10554,Mediana,1,660000.0,455000.0
10558,Mediana,1,460000.0,455000.0
10574,Mediana,1,253000.0,455000.0
10619,Mediana,1,799000.0,455000.0
10666,Mediana,1,653000.0,455000.0
10737,Mediana,1,1035000.0,455000.0
11604,Mediana,1,355000.0,455000.0
12143,Mediana,1,460000.0,455000.0
12190,Mediana,1,615000.0,455000.0
12391,Mediana,1,385000.0,455000.0
12454,Mediana,1,229000.0,455000.0
12509,Mediana,1,1890000.0,455000.0
12615,Mediana,1,467000.0,455000.0
12965,Mediana,1,672000.0,455000.0
13103,Mediana,1,453000.0,455000.0
13219,Mediana,1,713500.0,455000.0
13233,Mediana,1,910000.0,455000.0
13258,Mediana,1,260000.0,455000.0
13607,Mediana,1,495000.0,455000.0
13741,Mediana,1,775000.0,455000.0
13947,Mediana,1,350000.0,455000.0
13950,Mediana,1,834000.0,455000.0
14481,Mediana,1,645000.0,455000.0
14865,Mediana,1,1520000.0,455000.0
15692,Mediana,1,1637500.0,455000.0
15718,Mediana,1,480000.0,455000.0
15881,Mediana,1,827235.0,455000.0
15998,Mediana,1,345000.0,455000.0
16282,Mediana,1,632500.0,455000.0
16352,Mediana,1,1185000.0,455000.0
16999,Mediana,1,420000.0,455000.0
17003,Mediana,1,500000.0,455000.0
17205,Mediana,1,796500.0,455000.0
17297,Mediana,1,364000.0,455000.0
17314,Mediana,1,247500.0,455000.0
17496,Mediana,1,258000.0,455000.0
17622,Mediana,1,635000.0,455000.0
18005,Mediana,1,1444000.0,455000.0
18076,Mediana,1,427000.0,455000.0
18602,Mediana,1,283450.0,455000.0
18760,Mediana,1,400000.0,455000.0
19457,Mediana,1,342000.0,455000.0
19809,Mediana,1,932990.0,455000.0
19975,Mediana,1,175003.0,455000.0
20296,Mediana,1,950000.0,455000.0
20476,Mediana,1,375000.0,455000.0
20613,Mediana,1,220000.0,455000.0
20803,Mediana,1,536000.0,455000.0
20887,Mediana,1,355000.0,455000.0
20932,Mediana,1,286950.0,455000.0
21011,Mediana,1,515000.0,455000.0
21031,Mediana,1,359782.0,455000.0
21467,Mediana,1,1987500.0,455000.0
80,Mediana,1,390000.0,455000.0
260,Mediana,1,780000.0,455000.0
445,Mediana,1,400000.0,455000.0
784,Mediana,1,650000.0,455000.0
963,Mediana,1,210000.0,455000.0
1617,Mediana,1,370000.0,455000.0
1866,Mediana,1,475000.0,455000.0
1875,Mediana,1,425000.0,455000.0
1917,Mediana,1,210000.0,455000.0
2432,Mediana,1,233000.0,455000.0
2582,Mediana,1,965000.0,455000.0
2602,Mediana,1,343000.0,455000.0
3129,Mediana,1,1265000.0,455000.0
3271,Mediana,1,800000.0,455000.0
3324,Mediana,1,555000.0,455000.0
3598,Mediana,1,270000.0,455000.0
3795,Mediana,1,949000.0,455000.0
4097,Mediana,1,280000.0,455000.0
4444,Mediana,1,705000.0,455000.0
4548,Mediana,1,466000.0,455000.0
4688,Mediana,1,465000.0,455000.0
4816,Mediana,1,475000.0,455000.0
4835,Mediana,1,219000.0,455000.0
4936,Mediana,1,440000.0,455000.0
5200,Mediana,1,792500.0,455000.0
5661,Mediana,1,538000.0,455000.0
5809,Mediana,1,258000.0,455000.0
5810,Mediana,1,450000.0,455000.0
5927,Mediana,1,440000.0,455000.0
6064,Mediana,1,228000.0,455000.0
6165,Mediana,1,382000.0,455000.0
6452,Mediana,1,340000.0,455000.0
6585,Mediana,1,260000.0,455000.0
6611,Mediana,1,549950.0,455000.0
6696,Mediana,1,385000.0,455000.0
6703,Mediana,1,520000.0,455000.0
7321,Mediana,1,355000.0,455000.0
7794,Mediana,1,580000.0,455000.0
7916,Mediana,1,443750.0,455000.0
8031,Mediana,1,399000.0,455000.0
8206,Mediana,1,249000.0,455000.0
8515,Mediana,1,353000.0,455000.0
8652,Mediana,1,244900.0,455000.0
8710,Mediana,1,506000.0,455000.0
8902,Mediana,1,350000.0,455000.0
9042,Mediana,1,505500.0,455000.0
9378,Mediana,1,625000.0,455000.0
10034,Mediana,1,665000.0,455000.0
10559,Mediana,1,516000.0,455000.0
10647,Mediana,1,510000.0,455000.0
11013,Mediana,1,1020000.0,455000.0
11147,Mediana,1,234000.0,455000.0
11196,Mediana,1,209000.0,455000.0
11406,Mediana,1,387500.0,455000.0
11663,Mediana,1,695000.0,455000.0
12292,Mediana,1,550000.0,455000.0
12378,Mediana,1,232900.0,455000.0
12723,Mediana,1,281000.0,455000.0
12742,Mediana,1,135000.0,455000.0
12990,Mediana,1,545000.0,455000.0
13642,Mediana,1,570000.0,455000.0
14150,Mediana,1,290000.0,455000.0
14213,Mediana,1,403000.0,455000.0
14284,Mediana,1,420000.0,455000.0
14799,Mediana,1,725000.0,455000.0
14987,Mediana,1,432500.0,455000.0
15134,Mediana,1,230000.0,455000.0
15219,Mediana,1,410000.0,455000.0
15239,Mediana,1,340000.0,455000.0
15427,Mediana,1,404000.0,455000.0
15583,Mediana,1,436000.0,455000.0
15859,Mediana,1,535000.0,455000.0
16215,Mediana,1,528000.0,455000.0
16986,Mediana,1,650000.0,455000.0
17019,Mediana,1,357000.0,455000.0
17243,Mediana,1,349900.0,455000.0
17431,Mediana,1,410000.0,455000.0
17691,Mediana,1,389900.0,455000.0
17703,Mediana,1,755000.0,455000.0
18061,Mediana,1,446950.0,455000.0
18221,Mediana,1,270000.0,455000.0
18282,Mediana,1,330000.0,455000.0
18284,Mediana,1,280000.0,455000.0
18698,Mediana,1,350000.0,455000.0
18938,Mediana,1,350000.0,455000.0
18956,Mediana,1,320000.0,455000.0
19093,Mediana,1,450000.0,455000.0
19122,Mediana,1,250000.0,455000.0
19201,Mediana,1,925000.0,455000.0
19586,Mediana,1,450000.0,455000.0
19654,Mediana,1,267800.0,455000.0
20008,Mediana,1,759000.0,455000.0
20058,Mediana,1,325000.0,455000.0
20332,Mediana,1,375000.0,455000.0
20611,Mediana,1,732000.0,455000.0
20724,Mediana,1,420000.0,455000.0
21584,Mediana,1,380000.0,455000.0
34,Mediana,1,322500.0,455000.0
145,Mediana,1,921500.0,455000.0
353,Mediana,1,437500.0,455000.0
420,Mediana,1,482000.0,455000.0
925,Mediana,1,990000.0,455000.0
959,Mediana,1,378000.0,455000.0
1205,Mediana,1,525000.0,455000.0
1879,Mediana,1,835000.0,455000.0
2409,Mediana,1,435000.0,455000.0
2661,Mediana,1,225000.0,455000.0
2782,Mediana,1,375000.0,455000.0
2887,Mediana,1,520000.0,455000.0
2988,Mediana,1,590000.0,455000.0
3582,Mediana,1,355000.0,455000.0
3749,Mediana,1,500000.0,455000.0
3861,Mediana,1,2200000.0,455000.0
4421,Mediana,1,247000.0,455000.0
4714,Mediana,1,827500.0,455000.0
5473,Mediana,1,325000.0,455000.0
5642,Mediana,1,560000.0,455000.0
5828,Mediana,1,455000.0,455000.0
5873,Mediana,1,652450.0,455000.0
5967,Mediana,1,2725000.0,455000.0
6039,Mediana,1,330000.0,455000.0
6183,Mediana,1,471000.0,455000.0
6348,Mediana,1,440000.0,455000.0
6381,Mediana,1,675000.0,455000.0
6923,Mediana,1,315000.0,455000.0
7110,Mediana,1,240000.0,455000.0
7127,Mediana,1,1735000.0,455000.0
7148,Mediana,1,738000.0,455000.0
8260,Mediana,1,602000.0,455000.0
8549,Mediana,1,409000.0,455000.0
8632,Mediana,1,601150.0,455000.0
8677,Mediana,1,496000.0,455000.0
8927,Mediana,1,515000.0,455000.0
9210,Mediana,1,350000.0,455000.0
9300,Mediana,1,400000.0,455000.0
9657,Mediana,1,261000.0,455000.0
10537,Mediana,1,500000.0,455000.0
10837,Mediana,1,700000.0,455000.0
10873,Mediana,1,291000.0,455000.0
11238,Mediana,1,260000.0,455000.0
11260,Mediana,1,865000.0,455000.0
11398,Mediana,1,1705000.0,455000.0
11678,Mediana,1,359000.0,455000.0
11977,Mediana,1,501000.0,455000.0
12466,Mediana,1,399950.0,455000.0
12606,Mediana,1,412000.0,455000.0
12959,Mediana,1,245560.0,455000.0
13281,Mediana,1,365500.0,455000.0
13482,Mediana,1,375000.0,455000.0
13886,Mediana,1,575000.0,455000.0
14104,Mediana,1,521900.0,455000.0
14364,Mediana,1,620000.0,455000.0
14852,Mediana,1,345000.0,455000.0
14877,Mediana,1,392000.0,455000.0
14900,Mediana,1,430000.0,455000.0
14998,Mediana,1,240000.0,455000.0
15207,Mediana,1,250000.0,455000.0
15362,Mediana,1,720000.0,455000.0
15373,Mediana,1,762000.0,455000.0
15925,Mediana,1,285000.0,455000.0
15963,Mediana,1,180000.0,455000.0
16546,Mediana,1,227000.0,455000.0
16987,Mediana,1,445000.0,455000.0
17194,Mediana,1,187250.0,455000.0
17293,Mediana,1,340000.0,455000.0
17373,Mediana,1,670000.0,455000.0
18126,Mediana,1,271500.0,455000.0
18388,Mediana,1,474000.0,455000.0
18545,Mediana,1,325000.0,455000.0
18568,Mediana,1,810000.0,455000.0
18820,Mediana,1,474950.0,455000.0
19174,Mediana,1,209000.0,455000.0
19213,Mediana,1,900000.0,455000.0
20222,Mediana,1,550000.0,455000.0
20546,Mediana,1,515000.0,455000.0
20738,Mediana,1,1135000.0,455000.0
21531,Mediana,1,346000.0,455000.0
370,Mediana,1,280000.0,455000.0
537,Mediana,1,595000.0,455000.0
1400,Mediana,1,292000.0,455000.0
1426,Mediana,1,350000.0,455000.0
1660,Mediana,1,490000.0,455000.0
1757,Mediana,1,550000.0,455000.0
2229,Mediana,1,265000.0,455000.0
2318,Mediana,1,429000.0,455000.0
2587,Mediana,1,265000.0,455000.0
2665,Mediana,1,456150.0,455000.0
2720,Mediana,1,320000.0,455000.0
2798,Mediana,1,310000.0,455000.0
2888,Mediana,1,205000.0,455000.0
2918,Mediana,1,160000.0,455000.0
3203,Mediana,1,528000.0,455000.0
3459,Mediana,1,1075000.0,455000.0
3491,Mediana,1,325088.0,455000.0
3679,Mediana,1,527500.0,455000.0
4358,Mediana,1,660000.0,455000.0
4764,Mediana,1,315000.0,455000.0
5614,Mediana,1,750000.0,455000.0
5687,Mediana,1,248000.0,455000.0
6519,Mediana,1,199500.0,455000.0
6758,Mediana,1,295000.0,455000.0
6850,Mediana,1,343000.0,455000.0
6875,Mediana,1,425000.0,455000.0
7062,Mediana,1,560000.0,455000.0
7166,Mediana,1,237000.0,455000.0
7663,Mediana,1,1270000.0,455000.0
7675,Mediana,1,385000.0,455000.0
8814,Mediana,1,350000.0,455000.0
8950,Mediana,1,626100.0,455000.0
9062,Mediana,1,427500.0,455000.0
9699,Mediana,1,390000.0,455000.0
10222,Mediana,1,450000.0,455000.0
10289,Mediana,1,309900.0,455000.0
10380,Mediana,1,268450.0,455000.0
10415,Mediana,1,439950.0,455000.0
10785,Mediana,1,250000.0,455000.0
12109,Mediana,1,290000.0,455000.0
13185,Mediana,1,420000.0,455000.0
13279,Mediana,1,717500.0,455000.0
14125,Mediana,1,875000.0,455000.0
14809,Mediana,1,622100.0,455000.0
14848,Mediana,1,400000.0,455000.0
15002,Mediana,1,745000.0,455000.0
15349,Mediana,1,835000.0,455000.0
15738,Mediana,1,538000.0,455000.0
15797,Mediana,1,277500.0,455000.0
16068,Mediana,1,1250000.0,455000.0
16897,Mediana,1,972000.0,455000.0
17309,Mediana,1,147500.0,455000.0
17329,Mediana,1,209950.0,455000.0
17529,Mediana,1,340000.0,455000.0
18007,Mediana,1,458000.0,455000.0
18187,Mediana,1,273500.0,455000.0
18289,Mediana,1,405000.0,455000.0
18381,Mediana,1,419995.0,455000.0
18397,Mediana,1,306000.0,455000.0
18472,Mediana,1,255000.0,455000.0
18536,Mediana,1,665000.0,455000.0
18789,Mediana,1,510000.0,455000.0
19523,Mediana,1,240000.0,455000.0
20194,Mediana,1,385000.0,455000.0
20413,Mediana,1,529950.0,455000.0
20943,Mediana,1,294500.0,455000.0
18,Mediana,1,189000.0,455000.0
189,Mediana,1,585188.0,455000.0
347,Mediana,1,320000.0,455000.0
1236,Mediana,1,270000.0,455000.0
1644,Mediana,1,299000.0,455000.0
2021,Mediana,1,340000.0,455000.0
2274,Mediana,1,299500.0,455000.0
2278,Mediana,1,625000.0,455000.0
2358,Mediana,1,232000.0,455000.0
2561,Mediana,1,330000.0,455000.0
2663,Mediana,1,356500.0,455000.0
2814,Mediana,1,450000.0,455000.0
2917,Mediana,1,372000.0,455000.0
3178,Mediana,1,325000.0,455000.0
3266,Mediana,1,425000.0,455000.0
3390,Mediana,1,579000.0,455000.0
3402,Mediana,1,115000.0,455000.0
3809,Mediana,1,430000.0,455000.0
4710,Mediana,1,328000.0,455000.0
5203,Mediana,1,675000.0,455000.0
6499,Mediana,1,1925000.0,455000.0
6791,Mediana,1,390000.0,455000.0
7050,Mediana,1,239999.0,455000.0
7230,Mediana,1,438000.0,455000.0
7399,Mediana,1,360000.0,455000.0
8791,Mediana,1,550000.0,455000.0
8838,Mediana,1,1406890.0,455000.0
9322,Mediana,1,2575000.0,455000.0
9667,Mediana,1,1175000.0,455000.0
10084,Mediana,1,1227500.0,455000.0
10622,Mediana,1,692500.0,455000.0
10630,Mediana,1,338000.0,455000.0
10933,Mediana,1,324000.0,455000.0
11313,Mediana,1,485000.0,455000.0
11542,Mediana,1,690000.0,455000.0
11925,Mediana,1,559500.0,455000.0
12271,Mediana,1,450000.0,455000.0
12376,Mediana,1,357000.0,455000.0
12544,Mediana,1,567500.0,455000.0
12631,Mediana,1,495200.0,455000.0
12636,Mediana,1,585000.0,455000.0
12851,Mediana,1,529000.0,455000.0
12958,Mediana,1,690500.0,455000.0
13193,Mediana,1,363000.0,455000.0
13515,Mediana,1,215000.0,455000.0
13691,Mediana,1,405000.0,455000.0
14123,Mediana,1,515000.0,455000.0
14183,Mediana,1,500000.0,455000.0
15812,Mediana,1,294450.0,455000.0
16248,Mediana,1,660000.0,455000.0
16256,Mediana,1,400000.0,455000.0
16618,Mediana,1,369000.0,455000.0
16925,Mediana,1,358000.0,455000.0
17386,Mediana,1,780000.0,455000.0
18244,Mediana,1,464000.0,455000.0
18563,Mediana,1,675000.0,455000.0
19000,Mediana,1,565000.0,455000.0
19950,Mediana,1,743000.0,455000.0
20739,Mediana,1,590000.0,455000.0
21247,Mediana,1,510000.0,455000.0
6767,Mediana,1,319000.0,455000.0
8256,Mediana,1,320000.0,455000.0
13013,Mediana,1,285000.0,455000.0
13253,Mediana,1,760000.0,455000.0
17975,Mediana,1,430000.0,455000.0
19902,Mediana,1,615000.0,455000.0
63,Mediana,1,549000.0,455000.0
3278,Mediana,1,843500.0,455000.0
165,Mediana,1,370000.0,455000.0
240,Mediana,1,225000.0,455000.0
1398,Mediana,1,465000.0,455000.0
1550,Mediana,1,355000.0,455000.0
1696,Mediana,1,440000.0,455000.0
1703,Mediana,1,617000.0,455000.0
1709,Mediana,1,550000.0,455000.0
1910,Mediana,1,400000.0,455000.0
1968,Mediana,1,490000.0,455000.0
2083,Mediana,1,800000.0,455000.0
2304,Mediana,1,290000.0,455000.0
2962,Mediana,1,310000.0,455000.0
3075,Mediana,1,650000.0,455000.0
3456,Mediana,1,508500.0,455000.0
3799,Mediana,1,851500.0,455000.0
3812,Mediana,1,750000.0,455000.0
3910,Mediana,1,408500.0,455000.0
4418,Mediana,1,864000.0,455000.0
4579,Mediana,1,238000.0,455000.0
4877,Mediana,1,849000.0,455000.0
5213,Mediana,1,368000.0,455000.0
5406,Mediana,1,459900.0,455000.0
5811,Mediana,1,720168.0,455000.0
5893,Mediana,1,695000.0,455000.0
6668,Mediana,1,523000.0,455000.0
6800,Mediana,1,645000.0,455000.0
6991,Mediana,1,708000.0,455000.0
7002,Mediana,1,2175000.0,455000.0
7156,Mediana,1,180000.0,455000.0
7903,Mediana,1,475000.0,455000.0
7927,Mediana,1,659000.0,455000.0
8571,Mediana,1,726500.0,455000.0
8678,Mediana,1,399950.0,455000.0
9867,Mediana,1,600000.0,455000.0
10139,Mediana,1,800000.0,455000.0
10436,Mediana,1,312000.0,455000.0
10476,Mediana,1,820000.0,455000.0
10849,Mediana,1,292000.0,455000.0
10851,Mediana,1,500000.0,455000.0
11089,Mediana,1,910000.0,455000.0
11286,Mediana,1,278000.0,455000.0
11568,Mediana,1,258950.0,455000.0
11932,Mediana,1,104950.0,455000.0
12014,Mediana,1,185000.0,455000.0
12418,Mediana,1,244900.0,455000.0
12721,Mediana,1,670000.0,455000.0
12816,Mediana,1,760000.0,455000.0
13043,Mediana,1,174950.0,455000.0
13127,Mediana,1,465000.0,455000.0
13416,Mediana,1,360000.0,455000.0
14356,Mediana,1,1010000.0,455000.0
14442,Mediana,1,697000.0,455000.0
14734,Mediana,1,989900.0,455000.0
15078,Mediana,1,650000.0,455000.0
16751,Mediana,1,208000.0,455000.0
16798,Mediana,1,529000.0,455000.0
17073,Mediana,1,390000.0,455000.0
17375,Mediana,1,492500.0,455000.0
17729,Mediana,1,600000.0,455000.0
17973,Mediana,1,458450.0,455000.0
18035,Mediana,1,326995.0,455000.0
18409,Mediana,1,2630000.0,455000.0
18606,Mediana,1,1315000.0,455000.0
18673,Mediana,1,475000.0,455000.0
18825,Mediana,1,611000.0,455000.0
18855,Mediana,1,405000.0,455000.0
19018,Mediana,1,225000.0,455000.0
19760,Mediana,1,292000.0,455000.0
19921,Mediana,1,315000.0,455000.0
20090,Mediana,1,551500.0,455000.0
20136,Mediana,1,1237500.0,455000.0
20189,Mediana,1,730000.0,455000.0
20928,Mediana,1,287000.0,455000.0
1,Mediana,1,538000.0,455000.0
3,Mediana,1,604000.0,455000.0
314,Mediana,1,1400000.0,455000.0
463,Mediana,1,359500.0,455000.0
576,Mediana,1,266000.0,455000.0
610,Mediana,1,340000.0,455000.0
844,Mediana,1,456500.0,455000.0
1197,Mediana,1,361000.0,455000.0
1731,Mediana,1,337000.0,455000.0
2285,Mediana,1,225000.0,455000.0
2683,Mediana,1,725786.0,455000.0
3531,Mediana,1,495800.0,455000.0
3728,Mediana,1,422000.0,455000.0
3764,Mediana,1,367777.0,455000.0
3883,Mediana,1,589950.0,455000.0
3958,Mediana,1,1145000.0,455000.0
4056,Mediana,1,363000.0,455000.0
4101,Mediana,1,634800.0,455000.0
4275,Mediana,1,1275000.0,455000.0
4693,Mediana,1,173250.0,455000.0
4734,Mediana,1,565000.0,455000.0
5260,Mediana,1,220000.0,455000.0
5368,Mediana,1,1600000.0,455000.0
5634,Mediana,1,558000.0,455000.0
6217,Mediana,1,219950.0,455000.0
6374,Mediana,1,251100.0,455000.0
6695,Mediana,1,490000.0,455000.0
6819,Mediana,1,269500.0,455000.0
6862,Mediana,1,685000.0,455000.0
6905,Mediana,1,465000.0,455000.0
7347,Mediana,1,323000.0,455000.0
7581,Mediana,1,678940.0,455000.0
7771,Mediana,1,276000.0,455000.0
8222,Mediana,1,2193000.0,455000.0
8244,Mediana,1,915000.0,455000.0
8321,Mediana,1,525000.0,455000.0
8412,Mediana,1,445000.0,455000.0
8768,Mediana,1,470000.0,455000.0
9101,Mediana,1,675000.0,455000.0
9530,Mediana,1,450000.0,455000.0
9818,Mediana,1,753000.0,455000.0
10669,Mediana,1,245000.0,455000.0
10968,Mediana,1,535000.0,455000.0
11093,Mediana,1,1295000.0,455000.0
11380,Mediana,1,275000.0,455000.0
11446,Mediana,1,2750000.0,455000.0
11688,Mediana,1,597500.0,455000.0
12445,Mediana,1,592500.0,455000.0
12463,Mediana,1,795000.0,455000.0
13007,Mediana,1,330000.0,455000.0
13145,Mediana,1,417400.0,455000.0
13494,Mediana,1,790000.0,455000.0
13819,Mediana,1,215000.0,455000.0
13945,Mediana,1,975000.0,455000.0
14630,Mediana,1,283000.0,455000.0
14706,Mediana,1,405000.0,455000.0
14793,Mediana,1,600000.0,455000.0
15033,Mediana,1,699000.0,455000.0
15079,Mediana,1,288000.0,455000.0
15103,Mediana,1,348500.0,455000.0
15395,Mediana,1,255000.0,455000.0
15512,Mediana,1,1800000.0,455000.0
15671,Mediana,1,345000.0,455000.0
15945,Mediana,1,680000.0,455000.0
17618,Mediana,1,436000.0,455000.0
18334,Mediana,1,480000.0,455000.0
18340,Mediana,1,470000.0,455000.0
18728,Mediana,1,192500.0,455000.0
18913,Mediana,1,224000.0,455000.0
19237,Mediana,1,306000.0,455000.0
19495,Mediana,1,257000.0,455000.0
20177,Mediana,1,261950.0,455000.0
20359,Mediana,1,279000.0,455000.0
20503,Mediana,1,355000.0,455000.0
20655,Mediana,1,859950.0,455000.0
21138,Mediana,1,398500.0,455000.0
21347,Mediana,1,338000.0,455000.0
21521,Mediana,1,1378000.0,455000.0
60,Mediana,2,650000.0,451427.5
362,Mediana,2,329500.0,451427.5
390,Mediana,2,345000.0,451427.5
751,Mediana,2,950000.0,451427.5
917,Mediana,2,324000.0,451427.5
1009,Mediana,2,280300.0,451427.5
1293,Mediana,2,550000.0,451427.5
1387,Mediana,2,381000.0,451427.5
1653,Mediana,2,415000.0,451427.5
1779,Mediana,2,355000.0,451427.5
2148,Mediana,2,670950.0,451427.5
2444,Mediana,2,3278000.0,451427.5
2549,Mediana,2,276000.0,451427.5
2592,Mediana,2,620000.0,451427.5
2675,Mediana,2,278000.0,451427.5
2952,Mediana,2,250750.0,451427.5
3457,Mediana,2,345950.0,451427.5
3503,Mediana,2,500000.0,451427.5
3926,Mediana,2,775000.0,451427.5
4403,Mediana,2,235000.0,451427.5
4686,Mediana,2,828200.0,451427.5
4711,Mediana,2,572500.0,451427.5
5024,Mediana,2,1060000.0,451427.5
5077,Mediana,2,740000.0,451427.5
5090,Mediana,2,355000.0,451427.5
5124,Mediana,2,245000.0,451427.5
5440,Mediana,2,693000.0,451427.5
6078,Mediana,2,438900.0,451427.5
6363,Mediana,2,264950.0,451427.5
6459,Mediana,2,377000.0,451427.5
6985,Mediana,2,217000.0,451427.5
7705,Mediana,2,760000.0,451427.5
7789,Mediana,2,245000.0,451427.5
7899,Mediana,2,300000.0,451427.5
8215,Mediana,2,733500.0,451427.5
8511,Mediana,2,360000.0,451427.5
9066,Mediana,2,685000.0,451427.5
9116,Mediana,2,399990.0,451427.5
9261,Mediana,2,530000.0,451427.5
9290,Mediana,2,490000.0,451427.5
9550,Mediana,2,661000.0,451427.5
9589,Mediana,2,275000.0,451427.5
9787,Mediana,2,202000.0,451427.5
10009,Mediana,2,160000.0,451427.5
10428,Mediana,2,315000.0,451427.5
10773,Mediana,2,409950.0,451427.5
10930,Mediana,2,357000.0,451427.5
11204,Mediana,2,595000.0,451427.5
12037,Mediana,2,257000.0,451427.5
13021,Mediana,2,360000.0,451427.5
14037,Mediana,2,1075000.0,451427.5
15015,Mediana,2,266000.0,451427.5
15397,Mediana,2,325000.0,451427.5
15994,Mediana,2,465000.0,451427.5
16145,Mediana,2,535000.0,451427.5
16323,Mediana,2,575950.0,451427.5
16893,Mediana,2,125000.0,451427.5
17095,Mediana,2,1475000.0,451427.5
17114,Mediana,2,375000.0,451427.5
17661,Mediana,2,243500.0,451427.5
18106,Mediana,2,176000.0,451427.5
18267,Mediana,2,385000.0,451427.5
18313,Mediana,2,835000.0,451427.5
19051,Mediana,2,299000.0,451427.5
19377,Mediana,2,244000.0,451427.5
19573,Mediana,2,541338.0,451427.5
20407,Mediana,2,929000.0,451427.5
20439,Mediana,2,290500.0,451427.5
20805,Mediana,2,469000.0,451427.5
20835,Mediana,2,533500.0,451427.5
20995,Mediana,2,450000.0,451427.5
21041,Mediana,2,365000.0,451427.5
21118,Mediana,2,834538.0,451427.5
21167,Mediana,2,215000.0,451427.5
21181,Mediana,2,725000.0,451427.5
577,Mediana,2,930000.0,451427.5
579,Mediana,2,180000.0,451427.5
849,Mediana,2,254000.0,451427.5
1902,Mediana,2,485000.0,451427.5
1911,Mediana,2,685000.0,451427.5
2151,Mediana,2,525000.0,451427.5
2478,Mediana,2,275000.0,451427.5
3008,Mediana,2,430000.0,451427.5
3132,Mediana,2,640000.0,451427.5
3182,Mediana,2,395000.0,451427.5
3414,Mediana,2,280000.0,451427.5
3636,Mediana,2,830000.0,451427.5
3880,Mediana,2,357000.0,451427.5
4171,Mediana,2,245000.0,451427.5
5302,Mediana,2,368500.0,451427.5
5847,Mediana,2,565000.0,451427.5
5968,Mediana,2,490000.0,451427.5
6013,Mediana,2,587000.0,451427.5
6274,Mediana,2,549950.0,451427.5
6333,Mediana,2,400000.0,451427.5
6338,Mediana,2,755000.0,451427.5
6974,Mediana,2,275000.0,451427.5
7177,Mediana,2,287000.0,451427.5
7286,Mediana,2,654000.0,451427.5
7333,Mediana,2,449888.0,451427.5
7708,Mediana,2,592500.0,451427.5
7757,Mediana,2,224950.0,451427.5
7851,Mediana,2,335000.0,451427.5
7965,Mediana,2,466000.0,451427.5
8009,Mediana,2,476500.0,451427.5
8360,Mediana,2,354000.0,451427.5
8545,Mediana,2,752000.0,451427.5
9762,Mediana,2,299950.0,451427.5
10243,Mediana,2,225000.0,451427.5
10350,Mediana,2,565000.0,451427.5
10379,Mediana,2,730000.0,451427.5
10741,Mediana,2,205000.0,451427.5
10865,Mediana,2,310000.0,451427.5
11197,Mediana,2,344950.0,451427.5
11230,Mediana,2,725000.0,451427.5
11268,Mediana,2,1400000.0,451427.5
11482,Mediana,2,1125000.0,451427.5
12117,Mediana,2,585000.0,451427.5
12178,Mediana,2,676000.0,451427.5
12308,Mediana,2,429000.0,451427.5
12371,Mediana,2,670000.0,451427.5
12373,Mediana,2,172000.0,451427.5
12656,Mediana,2,676000.0,451427.5
12937,Mediana,2,372000.0,451427.5
13094,Mediana,2,460000.0,451427.5
13346,Mediana,2,375000.0,451427.5
13851,Mediana,2,1795000.0,451427.5
13942,Mediana,2,891500.0,451427.5
14404,Mediana,2,265800.0,451427.5
15070,Mediana,2,430000.0,451427.5
15105,Mediana,2,660000.0,451427.5
15522,Mediana,2,1110000.0,451427.5
15604,Mediana,2,700000.0,451427.5
15732,Mediana,2,300000.0,451427.5
15825,Mediana,2,700000.0,451427.5
16290,Mediana,2,329000.0,451427.5
16403,Mediana,2,305000.0,451427.5
17028,Mediana,2,179950.0,451427.5
18070,Mediana,2,545000.0,451427.5
18262,Mediana,2,148900.0,451427.5
18396,Mediana,2,259000.0,451427.5
19095,Mediana,2,665000.0,451427.5
19133,Mediana,2,1028950.0,451427.5
19595,Mediana,2,300000.0,451427.5
19643,Mediana,2,650000.0,451427.5
19998,Mediana,2,377000.0,451427.5
20105,Mediana,2,399950.0,451427.5
21104,Mediana,2,585000.0,451427.5
21113,Mediana,2,320000.0,451427.5
21349,Mediana,2,608000.0,451427.5
21537,Mediana,2,370000.0,451427.5
102,Mediana,2,699950.0,451427.5
632,Mediana,2,426700.0,451427.5
1011,Mediana,2,475000.0,451427.5
1211,Mediana,2,460000.0,451427.5
1708,Mediana,2,429000.0,451427.5
1809,Mediana,2,415000.0,451427.5
2443,Mediana,2,143000.0,451427.5
2522,Mediana,2,356500.0,451427.5
2554,Mediana,2,265000.0,451427.5
2669,Mediana,2,161500.0,451427.5
2907,Mediana,2,760000.0,451427.5
3321,Mediana,2,95000.0,451427.5
4325,Mediana,2,371000.0,451427.5
4336,Mediana,2,485000.0,451427.5
4422,Mediana,2,475000.0,451427.5
4953,Mediana,2,278000.0,451427.5
5152,Mediana,2,436000.0,451427.5
5477,Mediana,2,836000.0,451427.5
5522,Mediana,2,458000.0,451427.5
6008,Mediana,2,340000.0,451427.5
6181,Mediana,2,289950.0,451427.5
6570,Mediana,2,301000.0,451427.5
6730,Mediana,2,385000.0,451427.5
6872,Mediana,2,439000.0,451427.5
7064,Mediana,2,1500000.0,451427.5
7102,Mediana,2,765000.0,451427.5
7345,Mediana,2,330000.0,451427.5
7426,Mediana,2,1393000.0,451427.5
7489,Mediana,2,765000.0,451427.5
8356,Mediana,2,585000.0,451427.5
8633,Mediana,2,315000.0,451427.5
8786,Mediana,2,287000.0,451427.5
9052,Mediana,2,1205000.0,451427.5
9792,Mediana,2,325000.0,451427.5
10112,Mediana,2,510000.0,451427.5
10315,Mediana,2,402000.0,451427.5
10373,Mediana,2,2983000.0,451427.5
10604,Mediana,2,385000.0,451427.5
11206,Mediana,2,600000.0,451427.5
11518,Mediana,2,420000.0,451427.5
11969,Mediana,2,249000.0,451427.5
12041,Mediana,2,312500.0,451427.5
12894,Mediana,2,285950.0,451427.5
13163,Mediana,2,1250000.0,451427.5
13223,Mediana,2,543000.0,451427.5
13716,Mediana,2,180000.0,451427.5
13973,Mediana,2,425000.0,451427.5
14021,Mediana,2,170000.0,451427.5
14207,Mediana,2,305000.0,451427.5
14240,Mediana,2,862500.0,451427.5
14445,Mediana,2,410000.0,451427.5
14452,Mediana,2,400000.0,451427.5
14744,Mediana,2,420000.0,451427.5
15086,Mediana,2,360000.0,451427.5
15620,Mediana,2,180000.0,451427.5
15704,Mediana,2,322000.0,451427.5
16514,Mediana,2,500000.0,451427.5
16563,Mediana,2,365000.0,451427.5
17905,Mediana,2,425000.0,451427.5
18114,Mediana,2,645000.0,451427.5
18225,Mediana,2,451000.0,451427.5
18878,Mediana,2,220000.0,451427.5
19331,Mediana,2,399888.0,451427.5
19690,Mediana,2,479950.0,451427.5
20430,Mediana,2,659950.0,451427.5
20661,Mediana,2,939000.0,451427.5
20872,Mediana,2,689000.0,451427.5
20915,Mediana,2,303000.0,451427.5
4967,Mediana,2,1575000.0,451427.5
5307,Mediana,2,1122500.0,451427.5
5318,Mediana,2,410000.0,451427.5
9093,Mediana,2,320000.0,451427.5
2534,Mediana,2,358000.0,451427.5
4051,Mediana,2,339888.0,451427.5
4529,Mediana,2,450000.0,451427.5
6624,Mediana,2,242550.0,451427.5
741,Mediana,2,459000.0,451427.5
840,Mediana,2,282000.0,451427.5
1145,Mediana,2,252500.0,451427.5
1191,Mediana,2,220000.0,451427.5
1961,Mediana,2,250000.0,451427.5
2076,Mediana,2,715000.0,451427.5
2084,Mediana,2,1250000.0,451427.5
2268,Mediana,2,403500.0,451427.5
2438,Mediana,2,985000.0,451427.5
2699,Mediana,2,250000.0,451427.5
2874,Mediana,2,499000.0,451427.5
3102,Mediana,2,975000.0,451427.5
3468,Mediana,2,535000.0,451427.5
3487,Mediana,2,195000.0,451427.5
4104,Mediana,2,417000.0,451427.5
4313,Mediana,2,430000.0,451427.5
4373,Mediana,2,191000.0,451427.5
4747,Mediana,2,680000.0,451427.5
5006,Mediana,2,325000.0,451427.5
5223,Mediana,2,852500.0,451427.5
5315,Mediana,2,682000.0,451427.5
5448,Mediana,2,290000.0,451427.5
5618,Mediana,2,435000.0,451427.5
5953,Mediana,2,705000.0,451427.5
6948,Mediana,2,319990.0,451427.5
7031,Mediana,2,424500.0,451427.5
7330,Mediana,2,1245000.0,451427.5
7497,Mediana,2,365000.0,451427.5
8107,Mediana,2,330000.0,451427.5
8217,Mediana,2,364950.0,451427.5
8879,Mediana,2,289900.0,451427.5
9161,Mediana,2,748000.0,451427.5
9266,Mediana,2,347000.0,451427.5
9293,Mediana,2,327500.0,451427.5
9601,Mediana,2,599000.0,451427.5
9922,Mediana,2,429950.0,451427.5
10349,Mediana,2,385000.0,451427.5
10411,Mediana,2,379950.0,451427.5
11256,Mediana,2,199950.0,451427.5
11470,Mediana,2,850000.0,451427.5
11787,Mediana,2,1280000.0,451427.5
12345,Mediana,2,353000.0,451427.5
12586,Mediana,2,932808.0,451427.5
12874,Mediana,2,255000.0,451427.5
13101,Mediana,2,290000.0,451427.5
13941,Mediana,2,269950.0,451427.5
14063,Mediana,2,734000.0,451427.5
14290,Mediana,2,469950.0,451427.5
14519,Mediana,2,500000.0,451427.5
14964,Mediana,2,730000.0,451427.5
15016,Mediana,2,325000.0,451427.5
15781,Mediana,2,517000.0,451427.5
15841,Mediana,2,696000.0,451427.5
15957,Mediana,2,693000.0,451427.5
16094,Mediana,2,499950.0,451427.5
16127,Mediana,2,387846.0,451427.5
16539,Mediana,2,1000000.0,451427.5
17692,Mediana,2,710000.0,451427.5
17913,Mediana,2,292000.0,451427.5
18398,Mediana,2,315000.0,451427.5
18649,Mediana,2,550000.0,451427.5
18688,Mediana,2,625000.0,451427.5
18862,Mediana,2,740000.0,451427.5
19112,Mediana,2,455000.0,451427.5
19329,Mediana,2,242000.0,451427.5
19614,Mediana,2,370000.0,451427.5
19951,Mediana,2,345000.0,451427.5
20062,Mediana,2,675000.0,451427.5
20468,Mediana,2,900000.0,451427.5
20541,Mediana,2,312500.0,451427.5
20604,Mediana,2,256950.0,451427.5
20888,Mediana,2,356000.0,451427.5
20945,Mediana,2,730000.0,451427.5
21115,Mediana,2,425000.0,451427.5
21413,Mediana,2,869950.0,451427.5
21515,Mediana,2,942990.0,451427.5
21545,Mediana,2,405000.0,451427.5
262,Mediana,2,525000.0,451427.5
488,Mediana,2,699900.0,451427.5
564,Mediana,2,638700.0,451427.5
1404,Mediana,2,635000.0,451427.5
2319,Mediana,2,471000.0,451427.5
3232,Mediana,2,475000.0,451427.5
3237,Mediana,2,739000.0,451427.5
4264,Mediana,2,235000.0,451427.5
4319,Mediana,2,432500.0,451427.5
4941,Mediana,2,635000.0,451427.5
5016,Mediana,2,453000.0,451427.5
5022,Mediana,2,425000.0,451427.5
5061,Mediana,2,370000.0,451427.5
5110,Mediana,2,499900.0,451427.5
5162,Mediana,2,1500000.0,451427.5
5555,Mediana,2,434000.0,451427.5
5676,Mediana,2,998000.0,451427.5
6543,Mediana,2,557500.0,451427.5
6763,Mediana,2,780000.0,451427.5
6790,Mediana,2,539000.0,451427.5
7146,Mediana,2,721000.0,451427.5
7279,Mediana,2,767500.0,451427.5
7367,Mediana,2,406000.0,451427.5
7453,Mediana,2,292000.0,451427.5
8404,Mediana,2,315000.0,451427.5
8815,Mediana,2,353750.0,451427.5
9134,Mediana,2,284850.0,451427.5
9137,Mediana,2,560000.0,451427.5
9564,Mediana,2,257100.0,451427.5
10522,Mediana,2,645000.0,451427.5
10599,Mediana,2,422500.0,451427.5
11087,Mediana,2,880000.0,451427.5
11219,Mediana,2,393000.0,451427.5
11280,Mediana,2,500000.0,451427.5
11315,Mediana,2,490000.0,451427.5
11350,Mediana,2,651500.0,451427.5
13138,Mediana,2,430000.0,451427.5
13448,Mediana,2,1045000.0,451427.5
13461,Mediana,2,565000.0,451427.5
13577,Mediana,2,635000.0,451427.5
13710,Mediana,2,2600000.0,451427.5
14662,Mediana,2,850000.0,451427.5
14676,Mediana,2,265000.0,451427.5
14905,Mediana,2,625000.0,451427.5
15162,Mediana,2,930000.0,451427.5
15317,Mediana,2,147000.0,451427.5
15403,Mediana,2,380000.0,451427.5
15587,Mediana,2,1005000.0,451427.5
16030,Mediana,2,375000.0,451427.5
16102,Mediana,2,589000.0,451427.5
16502,Mediana,2,305000.0,451427.5
16656,Mediana,2,324900.0,451427.5
16888,Mediana,2,995000.0,451427.5
17671,Mediana,2,505000.0,451427.5
17907,Mediana,2,310000.0,451427.5
18599,Mediana,2,725000.0,451427.5
18645,Mediana,2,575000.0,451427.5
18932,Mediana,2,465000.0,451427.5
19036,Mediana,2,303000.0,451427.5
19446,Mediana,2,1900000.0,451427.5
20021,Mediana,2,429900.0,451427.5
20469,Mediana,2,664950.0,451427.5
21074,Mediana,2,375000.0,451427.5
21282,Mediana,2,706000.0,451427.5
21357,Mediana,2,1065000.0,451427.5
562,Mediana,2,880000.0,451427.5
575,Mediana,2,300000.0,451427.5
764,Mediana,2,405300.0,451427.5
1195,Mediana,2,632000.0,451427.5
1273,Mediana,2,590000.0,451427.5
1313,Mediana,2,255000.0,451427.5
2011,Mediana,2,305000.0,451427.5
2347,Mediana,2,430000.0,451427.5
2430,Mediana,2,305500.0,451427.5
2441,Mediana,2,355950.0,451427.5
3173,Mediana,2,490000.0,451427.5
3238,Mediana,2,271000.0,451427.5
3939,Mediana,2,425000.0,451427.5
3945,Mediana,2,480000.0,451427.5
5183,Mediana,2,220000.0,451427.5
6807,Mediana,2,299500.0,451427.5
7205,Mediana,2,630000.0,451427.5
7209,Mediana,2,352500.0,451427.5
7305,Mediana,2,445000.0,451427.5
7814,Mediana,2,291000.0,451427.5
8148,Mediana,2,1250000.0,451427.5
8161,Mediana,2,275000.0,451427.5
8499,Mediana,2,336500.0,451427.5
8603,Mediana,2,279000.0,451427.5
9330,Mediana,2,825000.0,451427.5
9451,Mediana,2,500000.0,451427.5
9503,Mediana,2,435000.0,451427.5
9512,Mediana,2,1275000.0,451427.5
9971,Mediana,2,235000.0,451427.5
9989,Mediana,2,388500.0,451427.5
10027,Mediana,2,578500.0,451427.5
10100,Mediana,2,550000.0,451427.5
10175,Mediana,2,495000.0,451427.5
10198,Mediana,2,325000.0,451427.5
10238,Mediana,2,730000.0,451427.5
10318,Mediana,2,800000.0,451427.5
10783,Mediana,2,700500.0,451427.5
10982,Mediana,2,1565000.0,451427.5
11285,Mediana,2,236000.0,451427.5
11449,Mediana,2,228900.0,451427.5
11898,Mediana,2,505000.0,451427.5
11987,Mediana,2,365000.0,451427.5
12164,Mediana,2,290000.0,451427.5
12235,Mediana,2,820000.0,451427.5
12314,Mediana,2,215000.0,451427.5
12727,Mediana,2,642860.0,451427.5
13318,Mediana,2,570000.0,451427.5
13708,Mediana,2,670000.0,451427.5
13810,Mediana,2,415000.0,451427.5
14062,Mediana,2,201000.0,451427.5
15095,Mediana,2,500000.0,451427.5
15184,Mediana,2,340000.0,451427.5
15195,Mediana,2,244000.0,451427.5
15359,Mediana,2,287000.0,451427.5
15879,Mediana,2,330000.0,451427.5
16587,Mediana,2,740000.0,451427.5
16680,Mediana,2,598800.0,451427.5
16833,Mediana,2,465000.0,451427.5
17588,Mediana,2,800000.0,451427.5
18021,Mediana,2,830000.0,451427.5
18998,Mediana,2,270000.0,451427.5
20245,Mediana,2,649000.0,451427.5
21266,Mediana,2,440000.0,451427.5
21396,Mediana,2,685000.0,451427.5
569,Mediana,2,405000.0,451427.5
1004,Mediana,2,245000.0,451427.5
1482,Mediana,2,504750.0,451427.5
2019,Mediana,2,275000.0,451427.5
2293,Mediana,2,390000.0,451427.5
2546,Mediana,2,299900.0,451427.5
3465,Mediana,2,200000.0,451427.5
3732,Mediana,2,360000.0,451427.5
3768,Mediana,2,255000.0,451427.5
4151,Mediana,2,825000.0,451427.5
4749,Mediana,2,319000.0,451427.5
4943,Mediana,2,895000.0,451427.5
6391,Mediana,2,303000.0,451427.5
7075,Mediana,2,350000.0,451427.5
7173,Mediana,2,420000.0,451427.5
7857,Mediana,2,582000.0,451427.5
8121,Mediana,2,175000.0,451427.5
8259,Mediana,2,329000.0,451427.5
8535,Mediana,2,480000.0,451427.5
8688,Mediana,2,520000.0,451427.5
9049,Mediana,2,952000.0,451427.5
9109,Mediana,2,570000.0,451427.5
9242,Mediana,2,650000.0,451427.5
9454,Mediana,2,213400.0,451427.5
9894,Mediana,2,784950.0,451427.5
10021,Mediana,2,465000.0,451427.5
10421,Mediana,2,630000.0,451427.5
10923,Mediana,2,582500.0,451427.5
11741,Mediana,2,405000.0,451427.5
11769,Mediana,2,325000.0,451427.5
11878,Mediana,2,1620000.0,451427.5
12084,Mediana,2,338000.0,451427.5
12101,Mediana,2,348500.0,451427.5
12111,Mediana,2,315000.0,451427.5
12558,Mediana,2,364000.0,451427.5
12601,Mediana,2,288000.0,451427.5
12695,Mediana,2,258500.0,451427.5
12812,Mediana,2,420000.0,451427.5
14265,Mediana,2,229000.0,451427.5
14467,Mediana,2,825000.0,451427.5
14558,Mediana,2,357500.0,451427.5
14690,Mediana,2,565000.0,451427.5
14857,Mediana,2,327000.0,451427.5
15281,Mediana,2,339999.0,451427.5
15336,Mediana,2,276000.0,451427.5
15354,Mediana,2,572500.0,451427.5
15423,Mediana,2,279000.0,451427.5
15840,Mediana,2,1335000.0,451427.5
16082,Mediana,2,210000.0,451427.5
16231,Mediana,2,260000.0,451427.5
16264,Mediana,2,315000.0,451427.5
16495,Mediana,2,735000.0,451427.5
16527,Mediana,2,950000.0,451427.5
17458,Mediana,2,463000.0,451427.5
17942,Mediana,2,623500.0,451427.5
18058,Mediana,2,244000.0,451427.5
18059,Mediana,2,275000.0,451427.5
18103,Mediana,2,677000.0,451427.5
18664,Mediana,2,249000.0,451427.5
19400,Mediana,2,229950.0,451427.5
19420,Mediana,2,557000.0,451427.5
19514,Mediana,2,349900.0,451427.5
20077,Mediana,2,1035290.0,451427.5
20558,Mediana,2,620000.0,451427.5
20577,Mediana,2,825000.0,451427.5
20811,Mediana,2,580000.0,451427.5
21433,Mediana,2,465750.0,451427.5
422,Mediana,2,538000.0,451427.5
703,Mediana,2,485000.0,451427.5
878,Mediana,2,229000.0,451427.5
1096,Mediana,2,241000.0,451427.5
1983,Mediana,2,555000.0,451427.5
2802,Mediana,2,179500.0,451427.5
3035,Mediana,2,1799000.0,451427.5
3383,Mediana,2,430000.0,451427.5
3572,Mediana,2,770000.0,451427.5
3813,Mediana,2,2890000.0,451427.5
4528,Mediana,2,239900.0,451427.5
5881,Mediana,2,268500.0,451427.5
6188,Mediana,2,675000.0,451427.5
6731,Mediana,2,319000.0,451427.5
6737,Mediana,2,269950.0,451427.5
6827,Mediana,2,340000.0,451427.5
7028,Mediana,2,567000.0,451427.5
8885,Mediana,2,309000.0,451427.5
9752,Mediana,2,329000.0,451427.5
11229,Mediana,2,395000.0,451427.5
12324,Mediana,2,280000.0,451427.5
12885,Mediana,2,808000.0,451427.5
13058,Mediana,2,375000.0,451427.5
13557,Mediana,2,311000.0,451427.5
15029,Mediana,2,299500.0,451427.5
15088,Mediana,2,396900.0,451427.5
15278,Mediana,2,765000.0,451427.5
15803,Mediana,2,375000.0,451427.5
16136,Mediana,2,1320000.0,451427.5
16533,Mediana,2,651000.0,451427.5
16990,Mediana,2,296500.0,451427.5
17467,Mediana,2,304500.0,451427.5
17493,Mediana,2,1050000.0,451427.5
17512,Mediana,2,386100.0,451427.5
17707,Mediana,2,633000.0,451427.5
18238,Mediana,2,750000.0,451427.5
18514,Mediana,2,245000.0,451427.5
19047,Mediana,2,340500.0,451427.5
19581,Mediana,2,340768.0,451427.5
19617,Mediana,2,450000.0,451427.5
20647,Mediana,2,539950.0,451427.5
21352,Mediana,2,495000.0,451427.5
1621,Mediana,2,248000.0,451427.5
3096,Mediana,2,285000.0,451427.5
7536,Mediana,2,1320000.0,451427.5
16707,Mediana,2,255000.0,451427.5
17165,Mediana,2,420000.0,451427.5
18258,Mediana,2,260000.0,451427.5
18733,Mediana,2,229000.0,451427.5
1904,Mediana,2,1045000.0,451427.5
19170,Mediana,2,517000.0,451427.5
81,Mediana,2,360000.0,451427.5
715,Mediana,2,250000.0,451427.5
816,Mediana,2,310000.0,451427.5
1156,Mediana,2,350000.0,451427.5
1217,Mediana,2,1875000.0,451427.5
1785,Mediana,2,285000.0,451427.5
1868,Mediana,2,411800.0,451427.5
2089,Mediana,2,750000.0,451427.5
2119,Mediana,2,585000.0,451427.5
2749,Mediana,2,722500.0,451427.5
3489,Mediana,2,210000.0,451427.5
3624,Mediana,2,650000.0,451427.5
3864,Mediana,2,790000.0,451427.5
4256,Mediana,2,261500.0,451427.5
5215,Mediana,2,335000.0,451427.5
5377,Mediana,2,610000.0,451427.5
5765,Mediana,2,650000.0,451427.5
6094,Mediana,2,239000.0,451427.5
6207,Mediana,2,337500.0,451427.5
6229,Mediana,2,360000.0,451427.5
6249,Mediana,2,332500.0,451427.5
6284,Mediana,2,499000.0,451427.5
7809,Mediana,2,266000.0,451427.5
7840,Mediana,2,328000.0,451427.5
8025,Mediana,2,323000.0,451427.5
8417,Mediana,2,520000.0,451427.5
8506,Mediana,2,270000.0,451427.5
8560,Mediana,2,324000.0,451427.5
9087,Mediana,2,575000.0,451427.5
9238,Mediana,2,379000.0,451427.5
9580,Mediana,2,244000.0,451427.5
10377,Mediana,2,570000.0,451427.5
10598,Mediana,2,278000.0,451427.5
10863,Mediana,2,232000.0,451427.5
10915,Mediana,2,332000.0,451427.5
11356,Mediana,2,350000.0,451427.5
12156,Mediana,2,200000.0,451427.5
13175,Mediana,2,670000.0,451427.5
13497,Mediana,2,289950.0,451427.5
13763,Mediana,2,625000.0,451427.5
13813,Mediana,2,600000.0,451427.5
14069,Mediana,2,221000.0,451427.5
14318,Mediana,2,317500.0,451427.5
14329,Mediana,2,340000.0,451427.5
14500,Mediana,2,462370.0,451427.5
15348,Mediana,2,550000.0,451427.5
15934,Mediana,2,745000.0,451427.5
16228,Mediana,2,202500.0,451427.5
16287,Mediana,2,260000.0,451427.5
16709,Mediana,2,520000.0,451427.5
16734,Mediana,2,500000.0,451427.5
17327,Mediana,2,637500.0,451427.5
17803,Mediana,2,705000.0,451427.5
18227,Mediana,2,525000.0,451427.5
18424,Mediana,2,274000.0,451427.5
19103,Mediana,2,400000.0,451427.5
19652,Mediana,2,274000.0,451427.5
19789,Mediana,2,550000.0,451427.5
19843,Mediana,2,465000.0,451427.5
19955,Mediana,2,570000.0,451427.5
20041,Mediana,2,975000.0,451427.5
20067,Mediana,2,633000.0,451427.5
20110,Mediana,2,436000.0,451427.5
20553,Mediana,2,344000.0,451427.5
20685,Mediana,2,810000.0,451427.5
20877,Mediana,2,627000.0,451427.5
20907,Mediana,2,325000.0,451427.5
94,Mediana,2,700000.0,451427.5
373,Mediana,2,380000.0,451427.5
418,Mediana,2,355000.0,451427.5
815,Mediana,2,379000.0,451427.5
1268,Mediana,2,302495.0,451427.5
1372,Mediana,2,330000.0,451427.5
1924,Mediana,2,432000.0,451427.5
2523,Mediana,2,225000.0,451427.5
2660,Mediana,2,523000.0,451427.5
2695,Mediana,2,705000.0,451427.5
3103,Mediana,2,1130000.0,451427.5
3925,Mediana,2,540000.0,451427.5
4031,Mediana,2,276000.0,451427.5
4064,Mediana,2,383000.0,451427.5
4159,Mediana,2,215000.0,451427.5
4881,Mediana,2,285000.0,451427.5
5236,Mediana,2,199999.0,451427.5
5565,Mediana,2,472000.0,451427.5
5717,Mediana,2,405000.0,451427.5
5752,Mediana,2,565000.0,451427.5
6047,Mediana,2,510000.0,451427.5
6520,Mediana,2,760000.0,451427.5
7217,Mediana,2,292500.0,451427.5
7594,Mediana,2,395000.0,451427.5
9328,Mediana,2,334950.0,451427.5
9754,Mediana,2,405000.0,451427.5
9854,Mediana,2,235000.0,451427.5
11710,Mediana,2,219950.0,451427.5
12025,Mediana,2,756450.0,451427.5
12231,Mediana,2,887500.0,451427.5
12503,Mediana,2,450000.0,451427.5
12560,Mediana,2,445000.0,451427.5
12719,Mediana,2,345500.0,451427.5
12749,Mediana,2,515000.0,451427.5
12896,Mediana,2,312000.0,451427.5
13335,Mediana,2,440000.0,451427.5
13466,Mediana,2,1272000.0,451427.5
13514,Mediana,2,515000.0,451427.5
13738,Mediana,2,252000.0,451427.5
13828,Mediana,2,435000.0,451427.5
13902,Mediana,2,539500.0,451427.5
15180,Mediana,2,2200000.0,451427.5
15330,Mediana,2,520000.0,451427.5
15667,Mediana,2,1715000.0,451427.5
15974,Mediana,2,325000.0,451427.5
16354,Mediana,2,575000.0,451427.5
16581,Mediana,2,269000.0,451427.5
17251,Mediana,2,490000.0,451427.5
17490,Mediana,2,275000.0,451427.5
18264,Mediana,2,415000.0,451427.5
18386,Mediana,2,390000.0,451427.5
18394,Mediana,2,325000.0,451427.5
18498,Mediana,2,206000.0,451427.5
18671,Mediana,2,383000.0,451427.5
19621,Mediana,2,235000.0,451427.5
19712,Mediana,2,263000.0,451427.5
19734,Mediana,2,250000.0,451427.5
19947,Mediana,2,395000.0,451427.5
20267,Mediana,2,1042000.0,451427.5
20420,Mediana,2,599000.0,451427.5
20473,Mediana,2,661000.0,451427.5
20884,Mediana,2,270500.0,451427.5
21320,Mediana,2,625000.0,451427.5
2145,Mediana,2,415000.0,451427.5
2301,Mediana,2,370000.0,451427.5
2380,Mediana,2,363000.0,451427.5
3361,Mediana,2,160000.0,451427.5
4083,Mediana,2,246700.0,451427.5
6132,Mediana,2,700000.0,451427.5
6257,Mediana,2,280000.0,451427.5
6843,Mediana,2,255000.0,451427.5
9673,Mediana,2,535000.0,451427.5
9862,Mediana,2,360000.0,451427.5
10049,Mediana,2,439000.0,451427.5
10308,Mediana,2,329000.0,451427.5
10410,Mediana,2,422800.0,451427.5
10579,Mediana,2,345000.0,451427.5
10727,Mediana,2,265000.0,451427.5
11213,Mediana,2,255000.0,451427.5
11873,Mediana,2,650000.0,451427.5
12243,Mediana,2,480000.0,451427.5
13147,Mediana,2,320000.0,451427.5
13563,Mediana,2,715000.0,451427.5
13618,Mediana,2,310000.0,451427.5
13720,Mediana,2,410000.0,451427.5
15363,Mediana,2,319000.0,451427.5
15444,Mediana,2,539500.0,451427.5
16131,Mediana,2,434400.0,451427.5
16319,Mediana,2,500000.0,451427.5
18500,Mediana,2,325000.0,451427.5
18960,Mediana,2,480000.0,451427.5
19024,Mediana,2,1001000.0,451427.5
21551,Mediana,2,1375000.0,451427.5
868,Mediana,2,381156.0,451427.5
1871,Mediana,2,247500.0,451427.5
2427,Mediana,2,473000.0,451427.5
2789,Mediana,2,524000.0,451427.5
2799,Mediana,2,415000.0,451427.5
2941,Mediana,2,123300.0,451427.5
3995,Mediana,2,241250.0,451427.5
4372,Mediana,2,160134.0,451427.5
5207,Mediana,2,500000.0,451427.5
5325,Mediana,2,485000.0,451427.5
5339,Mediana,2,350000.0,451427.5
5619,Mediana,2,874000.0,451427.5
6382,Mediana,2,605000.0,451427.5
6513,Mediana,2,535000.0,451427.5
6896,Mediana,2,255000.0,451427.5
7101,Mediana,2,199950.0,451427.5
7603,Mediana,2,475000.0,451427.5
7638,Mediana,2,250000.0,451427.5
8247,Mediana,2,335000.0,451427.5
9436,Mediana,2,375000.0,451427.5
9785,Mediana,2,920000.0,451427.5
10412,Mediana,2,525000.0,451427.5
10681,Mediana,2,795000.0,451427.5
11596,Mediana,2,575000.0,451427.5
12846,Mediana,2,860000.0,451427.5
13110,Mediana,2,1135000.0,451427.5
13321,Mediana,2,275000.0,451427.5
15476,Mediana,2,215000.0,451427.5
16050,Mediana,2,399000.0,451427.5
16526,Mediana,2,250000.0,451427.5
16762,Mediana,2,449400.0,451427.5
17008,Mediana,2,370000.0,451427.5
17049,Mediana,2,455000.0,451427.5
17435,Mediana,2,353500.0,451427.5
19670,Mediana,2,865950.0,451427.5
21042,Mediana,2,255000.0,451427.5
21194,Mediana,2,375500.0,451427.5
14621,Mediana,2,350000.0,451427.5
15216,Mediana,2,475000.0,451427.5
346,Mediana,2,239900.0,451427.5
696,Mediana,2,700000.0,451427.5
1157,Mediana,2,790000.0,451427.5
1263,Mediana,2,614000.0,451427.5
1424,Mediana,2,340895.0,451427.5
2442,Mediana,2,485000.0,451427.5
2463,Mediana,2,262000.0,451427.5
3426,Mediana,2,515000.0,451427.5
3705,Mediana,2,230000.0,451427.5
3776,Mediana,2,680000.0,451427.5
4032,Mediana,2,2500000.0,451427.5
4324,Mediana,2,459500.0,451427.5
4878,Mediana,2,1151250.0,451427.5
5363,Mediana,2,307000.0,451427.5
5952,Mediana,2,376000.0,451427.5
6602,Mediana,2,1035000.0,451427.5
6877,Mediana,2,305000.0,451427.5
7843,Mediana,2,550000.0,451427.5
7948,Mediana,2,200000.0,451427.5
8291,Mediana,2,315000.0,451427.5
8863,Mediana,2,562000.0,451427.5
9074,Mediana,2,220000.0,451427.5
9200,Mediana,2,250000.0,451427.5
9269,Mediana,2,500000.0,451427.5
9428,Mediana,2,800000.0,451427.5
10723,Mediana,2,238000.0,451427.5
10761,Mediana,2,207000.0,451427.5
11088,Mediana,2,195000.0,451427.5
11150,Mediana,2,399950.0,451427.5
11555,Mediana,2,530000.0,451427.5
11839,Mediana,2,320000.0,451427.5
11992,Mediana,2,738000.0,451427.5
12491,Mediana,2,377500.0,451427.5
12513,Mediana,2,445000.0,451427.5
13727,Mediana,2,472000.0,451427.5
14033,Mediana,2,360000.0,451427.5
14077,Mediana,2,714000.0,451427.5
14932,Mediana,2,920000.0,451427.5
14972,Mediana,2,1425000.0,451427.5
15948,Mediana,2,555000.0,451427.5
15983,Mediana,2,185000.0,451427.5
16390,Mediana,2,302300.0,451427.5
16455,Mediana,2,202000.0,451427.5
16500,Mediana,2,271000.0,451427.5
16573,Mediana,2,438500.0,451427.5
16957,Mediana,2,575000.0,451427.5
16992,Mediana,2,420000.0,451427.5
17775,Mediana,2,515000.0,451427.5
17992,Mediana,2,415000.0,451427.5
18212,Mediana,2,362950.0,451427.5
18747,Mediana,2,275000.0,451427.5
18951,Mediana,2,559000.0,451427.5
18999,Mediana,2,540000.0,451427.5
19254,Mediana,2,660000.0,451427.5
19579,Mediana,2,495000.0,451427.5
20209,Mediana,2,659000.0,451427.5
20270,Mediana,2,577000.0,451427.5
20566,Mediana,2,345000.0,451427.5
20816,Mediana,2,1105000.0,451427.5
20862,Mediana,2,336900.0,451427.5
20980,Mediana,2,495000.0,451427.5
21028,Mediana,2,255000.0,451427.5
21163,Mediana,2,620000.0,451427.5
21213,Mediana,2,785000.0,451427.5
37,Mediana,2,640000.0,451427.5
1013,Mediana,2,538200.0,451427.5
1058,Mediana,2,528000.0,451427.5
1107,Mediana,2,609850.0,451427.5
1484,Mediana,2,530000.0,451427.5
1538,Mediana,2,420000.0,451427.5
2461,Mediana,2,1700000.0,451427.5
3059,Mediana,2,424950.0,451427.5
3369,Mediana,2,189000.0,451427.5
4209,Mediana,2,825000.0,451427.5
4216,Mediana,2,305000.0,451427.5
4782,Mediana,2,260000.0,451427.5
4914,Mediana,2,455000.0,451427.5
5208,Mediana,2,685000.0,451427.5
6100,Mediana,2,495000.0,451427.5
7040,Mediana,2,190000.0,451427.5
7343,Mediana,2,1535000.0,451427.5
7568,Mediana,2,621000.0,451427.5
8072,Mediana,2,350000.0,451427.5
8459,Mediana,2,460000.0,451427.5
8531,Mediana,2,415000.0,451427.5
9131,Mediana,2,250000.0,451427.5
9430,Mediana,2,355000.0,451427.5
9783,Mediana,2,340000.0,451427.5
10254,Mediana,2,235000.0,451427.5
10427,Mediana,2,1200000.0,451427.5
10502,Mediana,2,226500.0,451427.5
10635,Mediana,2,739000.0,451427.5
11026,Mediana,2,469000.0,451427.5
11768,Mediana,2,771000.0,451427.5
12044,Mediana,2,1060000.0,451427.5
12662,Mediana,2,150000.0,451427.5
13455,Mediana,2,230000.0,451427.5
17051,Mediana,2,190000.0,451427.5
17453,Mediana,2,630000.0,451427.5
17753,Mediana,2,160000.0,451427.5
18199,Mediana,2,3300000.0,451427.5
18875,Mediana,2,1945000.0,451427.5
19390,Mediana,2,620000.0,451427.5
19496,Mediana,2,350000.0,451427.5
19837,Mediana,2,1255780.0,451427.5
20171,Mediana,2,550000.0,451427.5
21293,Mediana,2,208400.0,451427.5
52,Mediana,2,600000.0,451427.5
451,Mediana,2,333500.0,451427.5
566,Mediana,2,260000.0,451427.5
1139,Mediana,2,605000.0,451427.5
1692,Mediana,2,825000.0,451427.5
3004,Mediana,2,441000.0,451427.5
3403,Mediana,2,221700.0,451427.5
3480,Mediana,2,1225000.0,451427.5
3633,Mediana,2,406500.0,451427.5
3803,Mediana,2,795000.0,451427.5
4081,Mediana,2,905000.0,451427.5
4882,Mediana,2,240000.0,451427.5
5574,Mediana,2,241500.0,451427.5
6500,Mediana,2,755000.0,451427.5
7372,Mediana,2,609000.0,451427.5
7526,Mediana,2,614285.0,451427.5
7878,Mediana,2,205000.0,451427.5
8393,Mediana,2,582000.0,451427.5
8626,Mediana,2,425000.0,451427.5
9069,Mediana,2,565000.0,451427.5
9263,Mediana,2,315000.0,451427.5
9850,Mediana,2,875000.0,451427.5
12746,Mediana,2,518000.0,451427.5
12892,Mediana,2,209000.0,451427.5
12984,Mediana,2,146000.0,451427.5
13076,Mediana,2,931000.0,451427.5
13152,Mediana,2,575000.0,451427.5
13749,Mediana,2,272000.0,451427.5
15126,Mediana,2,449000.0,451427.5
15572,Mediana,2,330000.0,451427.5
16205,Mediana,2,485000.0,451427.5
16303,Mediana,2,365000.0,451427.5
16936,Mediana,2,397000.0,451427.5
17365,Mediana,2,826000.0,451427.5
17507,Mediana,2,665000.0,451427.5
18433,Mediana,2,261000.0,451427.5
18462,Mediana,2,219200.0,451427.5
18666,Mediana,2,690000.0,451427.5
18935,Mediana,2,460000.0,451427.5
18976,Mediana,2,579000.0,451427.5
19293,Mediana,2,310000.0,451427.5
19375,Mediana,2,509000.0,451427.5
19607,Mediana,2,689000.0,451427.5
19952,Mediana,2,443000.0,451427.5
21549,Mediana,2,327500.0,451427.5
120,Mediana,2,660000.0,451427.5
171,Mediana,2,272000.0,451427.5
574,Mediana,2,263500.0,451427.5
658,Mediana,2,748000.0,451427.5
718,Mediana,2,730000.0,451427.5
1734,Mediana,2,252000.0,451427.5
1851,Mediana,2,500000.0,451427.5
2046,Mediana,2,1568000.0,451427.5
2794,Mediana,2,1289000.0,451427.5
3604,Mediana,2,625000.0,451427.5
4856,Mediana,2,147500.0,451427.5
5321,Mediana,2,475000.0,451427.5
6053,Mediana,2,762500.0,451427.5
6633,Mediana,2,782000.0,451427.5
7597,Mediana,2,825000.0,451427.5
7971,Mediana,2,350000.0,451427.5
8302,Mediana,2,325000.0,451427.5
8872,Mediana,2,408000.0,451427.5
8932,Mediana,2,273000.0,451427.5
9486,Mediana,2,287000.0,451427.5
9711,Mediana,2,510000.0,451427.5
9875,Mediana,2,332500.0,451427.5
10296,Mediana,2,166000.0,451427.5
10758,Mediana,2,520000.0,451427.5
11155,Mediana,2,256000.0,451427.5
11447,Mediana,2,514500.0,451427.5
11515,Mediana,2,475000.0,451427.5
12020,Mediana,2,247000.0,451427.5
12634,Mediana,2,489500.0,451427.5
13412,Mediana,2,829000.0,451427.5
13908,Mediana,2,230000.0,451427.5
14380,Mediana,2,519000.0,451427.5
14530,Mediana,2,325000.0,451427.5
14685,Mediana,2,1465000.0,451427.5
15024,Mediana,2,633000.0,451427.5
15141,Mediana,2,345000.0,451427.5
16077,Mediana,2,500000.0,451427.5
18123,Mediana,2,243000.0,451427.5
18181,Mediana,2,262500.0,451427.5
18245,Mediana,2,476000.0,451427.5
18271,Mediana,2,238000.0,451427.5
18658,Mediana,2,440000.0,451427.5
19257,Mediana,2,675000.0,451427.5
19910,Mediana,2,430000.0,451427.5
21189,Mediana,2,530200.0,451427.5
71,Mediana,2,325000.0,451427.5
130,Mediana,2,212000.0,451427.5
417,Mediana,2,423000.0,451427.5
685,Mediana,2,802541.0,451427.5
1135,Mediana,2,420000.0,451427.5
1557,Mediana,2,937500.0,451427.5
1654,Mediana,2,330000.0,451427.5
1746,Mediana,2,729000.0,451427.5
1976,Mediana,2,830000.0,451427.5
2552,Mediana,2,313000.0,451427.5
2816,Mediana,2,600000.0,451427.5
3549,Mediana,2,652427.0,451427.5
4227,Mediana,2,755000.0,451427.5
4265,Mediana,2,593500.0,451427.5
5303,Mediana,2,99000.0,451427.5
5827,Mediana,2,1697000.0,451427.5
5919,Mediana,2,855000.0,451427.5
6358,Mediana,2,317500.0,451427.5
6423,Mediana,2,445000.0,451427.5
7077,Mediana,2,1650000.0,451427.5
7121,Mediana,2,500000.0,451427.5
7267,Mediana,2,469500.0,451427.5
7316,Mediana,2,330000.0,451427.5
7564,Mediana,2,725000.0,451427.5
7700,Mediana,2,2150000.0,451427.5
7955,Mediana,2,299950.0,451427.5
8368,Mediana,2,362500.0,451427.5
9364,Mediana,2,467500.0,451427.5
9886,Mediana,2,241000.0,451427.5
10102,Mediana,2,312500.0,451427.5
10176,Mediana,2,600000.0,451427.5
11358,Mediana,2,400000.0,451427.5
11735,Mediana,2,400000.0,451427.5
13092,Mediana,2,482500.0,451427.5
13961,Mediana,2,485000.0,451427.5
14433,Mediana,2,276750.0,451427.5
14493,Mediana,2,299999.0,451427.5
14835,Mediana,2,300523.0,451427.5
15131,Mediana,2,135000.0,451427.5
15353,Mediana,2,780000.0,451427.5
15379,Mediana,2,344500.0,451427.5
15652,Mediana,2,419950.0,451427.5
16135,Mediana,2,270000.0,451427.5
17033,Mediana,2,165000.0,451427.5
17303,Mediana,2,317000.0,451427.5
17455,Mediana,2,490000.0,451427.5
18235,Mediana,2,383000.0,451427.5
18349,Mediana,2,570000.0,451427.5
18504,Mediana,2,490000.0,451427.5
18708,Mediana,2,713000.0,451427.5
18726,Mediana,2,707000.0,451427.5
18872,Mediana,2,245000.0,451427.5
19022,Mediana,2,550000.0,451427.5
19543,Mediana,2,385000.0,451427.5
19587,Mediana,2,739000.0,451427.5
20534,Mediana,2,960000.0,451427.5
21196,Mediana,2,1100000.0,451427.5
21391,Mediana,2,269950.0,451427.5
21484,Mediana,2,850000.0,451427.5
469,Mediana,2,342500.0,451427.5
1108,Mediana,2,200000.0,451427.5
2234,Mediana,2,608000.0,451427.5
2333,Mediana,2,555000.0,451427.5
3049,Mediana,2,272000.0,451427.5
3088,Mediana,2,325000.0,451427.5
3454,Mediana,2,665000.0,451427.5
3613,Mediana,2,563000.0,451427.5
4058,Mediana,2,299950.0,451427.5
4235,Mediana,2,700000.0,451427.5
4664,Mediana,2,405000.0,451427.5
5499,Mediana,2,365000.0,451427.5
6346,Mediana,2,430000.0,451427.5
8087,Mediana,2,154200.0,451427.5
8873,Mediana,2,392000.0,451427.5
8991,Mediana,2,214000.0,451427.5
9034,Mediana,2,340000.0,451427.5
9728,Mediana,2,215000.0,451427.5
9964,Mediana,2,335000.0,451427.5
12735,Mediana,2,375000.0,451427.5
12736,Mediana,2,325000.0,451427.5
12785,Mediana,2,537000.0,451427.5
12789,Mediana,2,282500.0,451427.5
13220,Mediana,2,240000.0,451427.5
15090,Mediana,2,245000.0,451427.5
15238,Mediana,2,283500.0,451427.5
15982,Mediana,2,652600.0,451427.5
17234,Mediana,2,1085000.0,451427.5
17324,Mediana,2,1629000.0,451427.5
17506,Mediana,2,248500.0,451427.5
17966,Mediana,2,320000.0,451427.5
17998,Mediana,2,216000.0,451427.5
18576,Mediana,2,315000.0,451427.5
18983,Mediana,2,237500.0,451427.5
19105,Mediana,2,463000.0,451427.5
19208,Mediana,2,265000.0,451427.5
19294,Mediana,2,190000.0,451427.5
19765,Mediana,2,390000.0,451427.5
20022,Mediana,2,459000.0,451427.5
20397,Mediana,2,480000.0,451427.5
20411,Mediana,2,653000.0,451427.5
20437,Mediana,2,344000.0,451427.5
179,Mediana,2,330000.0,451427.5
423,Mediana,2,380000.0,451427.5
468,Mediana,2,340500.0,451427.5
768,Mediana,2,760000.0,451427.5
803,Mediana,2,625000.0,451427.5
839,Mediana,2,332000.0,451427.5
1194,Mediana,2,406000.0,451427.5
1465,Mediana,2,765000.0,451427.5
1630,Mediana,2,180500.0,451427.5
1668,Mediana,2,550000.0,451427.5
2656,Mediana,2,350000.0,451427.5
3541,Mediana,2,326000.0,451427.5
4972,Mediana,2,528000.0,451427.5
5826,Mediana,2,250000.0,451427.5
6176,Mediana,2,354000.0,451427.5
7310,Mediana,2,585000.0,451427.5
7387,Mediana,2,1775000.0,451427.5
7473,Mediana,2,325000.0,451427.5
7665,Mediana,2,285000.0,451427.5
8785,Mediana,2,790000.0,451427.5
8813,Mediana,2,580000.0,451427.5
8852,Mediana,2,291000.0,451427.5
9056,Mediana,2,553000.0,451427.5
9714,Mediana,2,937500.0,451427.5
10146,Mediana,2,596500.0,451427.5
10276,Mediana,2,728725.0,451427.5
10331,Mediana,2,305000.0,451427.5
10393,Mediana,2,575000.0,451427.5
10991,Mediana,2,349000.0,451427.5
11034,Mediana,2,998500.0,451427.5
11486,Mediana,2,390000.0,451427.5
11908,Mediana,2,879900.0,451427.5
11957,Mediana,2,499000.0,451427.5
12538,Mediana,2,350000.0,451427.5
13174,Mediana,2,540000.0,451427.5
13295,Mediana,2,162000.0,451427.5
14658,Mediana,2,320000.0,451427.5
15392,Mediana,2,551100.0,451427.5
15504,Mediana,2,273500.0,451427.5
16156,Mediana,2,445000.0,451427.5
16406,Mediana,2,445000.0,451427.5
16697,Mediana,2,1150000.0,451427.5
16721,Mediana,2,685000.0,451427.5
17080,Mediana,2,988000.0,451427.5
17469,Mediana,2,485000.0,451427.5
17548,Mediana,2,290000.0,451427.5
17562,Mediana,2,261590.0,451427.5
17686,Mediana,2,750000.0,451427.5
18118,Mediana,2,515000.0,451427.5
18195,Mediana,2,605000.0,451427.5
19845,Mediana,2,484950.0,451427.5
20404,Mediana,2,729000.0,451427.5
20542,Mediana,2,850000.0,451427.5
21576,Mediana,2,3567000.0,451427.5
118,Mediana,2,171800.0,451427.5
309,Mediana,2,665000.0,451427.5
456,Mediana,2,496500.0,451427.5
992,Mediana,2,645000.0,451427.5
1360,Mediana,2,815000.0,451427.5
1667,Mediana,2,349950.0,451427.5
2743,Mediana,2,388000.0,451427.5
3060,Mediana,2,387000.0,451427.5
3834,Mediana,2,349950.0,451427.5
4025,Mediana,2,1010000.0,451427.5
4219,Mediana,2,329500.0,451427.5
4524,Mediana,2,875000.0,451427.5
4561,Mediana,2,185000.0,451427.5
4699,Mediana,2,1195000.0,451427.5
5206,Mediana,2,768500.0,451427.5
5410,Mediana,2,899000.0,451427.5
5739,Mediana,2,1620500.0,451427.5
6060,Mediana,2,760000.0,451427.5
6665,Mediana,2,455000.0,451427.5
7394,Mediana,2,987500.0,451427.5
7570,Mediana,2,395000.0,451427.5
8351,Mediana,2,510000.0,451427.5
9991,Mediana,2,419000.0,451427.5
10038,Mediana,2,375000.0,451427.5
10903,Mediana,2,331500.0,451427.5
12862,Mediana,2,595000.0,451427.5
12901,Mediana,2,770000.0,451427.5
13074,Mediana,2,305000.0,451427.5
13626,Mediana,2,240000.0,451427.5
13694,Mediana,2,386500.0,451427.5
13783,Mediana,2,185000.0,451427.5
14020,Mediana,2,425000.0,451427.5
14064,Mediana,2,357500.0,451427.5
14232,Mediana,2,2200000.0,451427.5
16152,Mediana,2,350000.0,451427.5
16970,Mediana,2,288000.0,451427.5
17635,Mediana,2,230000.0,451427.5
17959,Mediana,2,185000.0,451427.5
17994,Mediana,2,320000.0,451427.5
18725,Mediana,2,180000.0,451427.5
19221,Mediana,2,218250.0,451427.5
19371,Mediana,2,224000.0,451427.5
19491,Mediana,2,330000.0,451427.5
20028,Mediana,2,918000.0,451427.5
20070,Mediana,2,524000.0,451427.5
20376,Mediana,2,600000.0,451427.5
20506,Mediana,2,305000.0,451427.5
20942,Mediana,2,375000.0,451427.5
21225,Mediana,2,635000.0,451427.5
1105,Mediana,2,550000.0,451427.5
1517,Mediana,2,610000.0,451427.5
2325,Mediana,2,270000.0,451427.5
3833,Mediana,2,524000.0,451427.5
4708,Mediana,2,323000.0,451427.5
5089,Mediana,2,803000.0,451427.5
5465,Mediana,2,560000.0,451427.5
5741,Mediana,2,629000.0,451427.5
5764,Mediana,2,465000.0,451427.5
5942,Mediana,2,908950.0,451427.5
6023,Mediana,2,700000.0,451427.5
6637,Mediana,2,313000.0,451427.5
7440,Mediana,2,928950.0,451427.5
8775,Mediana,2,640000.0,451427.5
8802,Mediana,2,367500.0,451427.5
8857,Mediana,2,264950.0,451427.5
9045,Mediana,2,600000.0,451427.5
9339,Mediana,2,335000.0,451427.5
9840,Mediana,2,1140000.0,451427.5
10362,Mediana,2,600000.0,451427.5
11535,Mediana,2,3200000.0,451427.5
11684,Mediana,2,510000.0,451427.5
13446,Mediana,2,292500.0,451427.5
13492,Mediana,2,1650000.0,451427.5
13645,Mediana,2,300000.0,451427.5
15770,Mediana,2,520000.0,451427.5
15849,Mediana,2,322000.0,451427.5
16414,Mediana,2,322968.0,451427.5
17977,Mediana,2,311000.0,451427.5
18429,Mediana,2,295000.0,451427.5
18446,Mediana,2,270000.0,451427.5
18580,Mediana,2,435000.0,451427.5
19656,Mediana,2,480000.0,451427.5
19691,Mediana,2,319000.0,451427.5
21173,Mediana,2,880000.0,451427.5
21470,Mediana,2,249000.0,451427.5
12088,Mediana,2,325000.0,451427.5
945,Mediana,2,419000.0,451427.5
2267,Mediana,2,2750000.0,451427.5
2481,Mediana,2,236500.0,451427.5
2550,Mediana,2,265000.0,451427.5
3355,Mediana,2,374500.0,451427.5
3946,Mediana,2,400000.0,451427.5
4446,Mediana,2,344000.0,451427.5
5228,Mediana,2,835000.0,451427.5
5382,Mediana,2,329000.0,451427.5
5818,Mediana,2,338500.0,451427.5
6829,Mediana,2,332500.0,451427.5
7614,Mediana,2,419950.0,451427.5
7741,Mediana,2,530000.0,451427.5
7953,Mediana,2,920000.0,451427.5
8415,Mediana,2,710000.0,451427.5
8671,Mediana,2,385000.0,451427.5
10219,Mediana,2,950000.0,451427.5
11040,Mediana,2,1225000.0,451427.5
11098,Mediana,2,435000.0,451427.5
11871,Mediana,2,1950000.0,451427.5
12379,Mediana,2,800000.0,451427.5
12389,Mediana,2,237000.0,451427.5
12465,Mediana,2,222900.0,451427.5
12738,Mediana,2,287000.0,451427.5
13030,Mediana,2,320000.0,451427.5
13458,Mediana,2,780000.0,451427.5
13546,Mediana,2,415000.0,451427.5
14439,Mediana,2,495000.0,451427.5
14585,Mediana,2,984000.0,451427.5
15525,Mediana,2,262000.0,451427.5
15837,Mediana,2,440000.0,451427.5
15928,Mediana,2,550285.0,451427.5
16085,Mediana,2,449000.0,451427.5
16465,Mediana,2,200000.0,451427.5
16837,Mediana,2,1300000.0,451427.5
17699,Mediana,2,500000.0,451427.5
18413,Mediana,2,359000.0,451427.5
18659,Mediana,2,618000.0,451427.5
18694,Mediana,2,835000.0,451427.5
19298,Mediana,2,565000.0,451427.5
19374,Mediana,2,330000.0,451427.5
20715,Mediana,2,540000.0,451427.5
198,Mediana,2,440000.0,451427.5
618,Mediana,2,175000.0,451427.5
734,Mediana,2,347500.0,451427.5
1288,Mediana,2,320000.0,451427.5
1331,Mediana,2,515000.0,451427.5
1598,Mediana,2,451101.0,451427.5
1878,Mediana,2,832000.0,451427.5
2574,Mediana,2,630000.0,451427.5
3458,Mediana,2,207500.0,451427.5
3865,Mediana,2,635000.0,451427.5
3913,Mediana,2,357823.0,451427.5
5282,Mediana,2,515000.0,451427.5
5671,Mediana,2,500000.0,451427.5
5791,Mediana,2,810000.0,451427.5
5985,Mediana,2,441000.0,451427.5
6167,Mediana,2,460000.0,451427.5
6218,Mediana,2,215000.0,451427.5
7480,Mediana,2,320000.0,451427.5
7676,Mediana,2,725000.0,451427.5
8742,Mediana,2,500000.0,451427.5
9036,Mediana,2,667000.0,451427.5
9097,Mediana,2,314000.0,451427.5
9127,Mediana,2,190000.0,451427.5
9450,Mediana,2,300000.0,451427.5
10163,Mediana,2,769000.0,451427.5
10611,Mediana,2,489000.0,451427.5
10817,Mediana,2,1688000.0,451427.5
11224,Mediana,2,425000.0,451427.5
11495,Mediana,2,455000.0,451427.5
11703,Mediana,2,294000.0,451427.5
13284,Mediana,2,272000.0,451427.5
14120,Mediana,2,358000.0,451427.5
14615,Mediana,2,160000.0,451427.5
15851,Mediana,2,229000.0,451427.5
16024,Mediana,2,579000.0,451427.5
16281,Mediana,2,855000.0,451427.5
16535,Mediana,2,460000.0,451427.5
20080,Mediana,2,635000.0,451427.5
20102,Mediana,2,594491.0,451427.5
20440,Mediana,2,335000.0,451427.5
20656,Mediana,2,560000.0,451427.5
20901,Mediana,2,410000.0,451427.5
21540,Mediana,2,1881580.0,451427.5
213,Mediana,2,465000.0,451427.5
615,Mediana,2,425000.0,451427.5
843,Mediana,2,330000.0,451427.5
1075,Mediana,2,320000.0,451427.5
1095,Mediana,2,435000.0,451427.5
1130,Mediana,2,332500.0,451427.5
2465,Mediana,2,500000.0,451427.5
2728,Mediana,2,570000.0,451427.5
3663,Mediana,2,400000.0,451427.5
5035,Mediana,2,235000.0,451427.5
6281,Mediana,2,760000.0,451427.5
7246,Mediana,2,212000.0,451427.5
7793,Mediana,2,358000.0,451427.5
7914,Mediana,2,820000.0,451427.5
8183,Mediana,2,357500.0,451427.5
8601,Mediana,2,470000.0,451427.5
8627,Mediana,2,665000.0,451427.5
8806,Mediana,2,215000.0,451427.5
9248,Mediana,2,462000.0,451427.5
9808,Mediana,2,1175000.0,451427.5
10424,Mediana,2,109000.0,451427.5
10483,Mediana,2,250000.0,451427.5
11018,Mediana,2,1378600.0,451427.5
11351,Mediana,2,270000.0,451427.5
12199,Mediana,2,1015000.0,451427.5
12774,Mediana,2,290000.0,451427.5
12926,Mediana,2,509000.0,451427.5
12973,Mediana,2,599500.0,451427.5
13184,Mediana,2,220000.0,451427.5
14160,Mediana,2,212000.0,451427.5
14300,Mediana,2,272000.0,451427.5
14681,Mediana,2,1475000.0,451427.5
15371,Mediana,2,658000.0,451427.5
15389,Mediana,2,757500.0,451427.5
15523,Mediana,2,265000.0,451427.5
17193,Mediana,2,335000.0,451427.5
17368,Mediana,2,286000.0,451427.5
17987,Mediana,2,300000.0,451427.5
18186,Mediana,2,343500.0,451427.5
18621,Mediana,2,559950.0,451427.5
18707,Mediana,2,340000.0,451427.5
19253,Mediana,2,680000.0,451427.5
19622,Mediana,2,1150000.0,451427.5
19675,Mediana,2,280000.0,451427.5
19874,Mediana,2,333500.0,451427.5
20128,Mediana,2,675000.0,451427.5
20151,Mediana,2,248000.0,451427.5
20391,Mediana,2,700000.0,451427.5
20696,Mediana,2,554000.0,451427.5
21174,Mediana,2,525000.0,451427.5
21186,Mediana,2,303500.0,451427.5
7,Mediana,2,291850.0,451427.5
215,Mediana,2,280000.0,451427.5
228,Mediana,2,235000.0,451427.5
304,Mediana,2,315000.0,451427.5
802,Mediana,2,422120.0,451427.5
3213,Mediana,2,505000.0,451427.5
3721,Mediana,2,884900.0,451427.5
4254,Mediana,2,271900.0,451427.5
4374,Mediana,2,221000.0,451427.5
4600,Mediana,2,495000.0,451427.5
4898,Mediana,2,245000.0,451427.5
5511,Mediana,2,140000.0,451427.5
5844,Mediana,2,203000.0,451427.5
6646,Mediana,2,265000.0,451427.5
6725,Mediana,2,703300.0,451427.5
6935,Mediana,2,390000.0,451427.5
7753,Mediana,2,460000.0,451427.5
7762,Mediana,2,658000.0,451427.5
8088,Mediana,2,238000.0,451427.5
8685,Mediana,2,275000.0,451427.5
8935,Mediana,2,285000.0,451427.5
9617,Mediana,2,240000.0,451427.5
9892,Mediana,2,420000.0,451427.5
10040,Mediana,2,583000.0,451427.5
10555,Mediana,2,729000.0,451427.5
11125,Mediana,2,255000.0,451427.5
11395,Mediana,2,275000.0,451427.5
13377,Mediana,2,599950.0,451427.5
13445,Mediana,2,465000.0,451427.5
13488,Mediana,2,200000.0,451427.5
14579,Mediana,2,719000.0,451427.5
15115,Mediana,2,715000.0,451427.5
15463,Mediana,2,235000.0,451427.5
15551,Mediana,2,547000.0,451427.5
16031,Mediana,2,470000.0,451427.5
17106,Mediana,2,233000.0,451427.5
17294,Mediana,2,515500.0,451427.5
17599,Mediana,2,220000.0,451427.5
17767,Mediana,2,2050000.0,451427.5
18326,Mediana,2,215000.0,451427.5
19157,Mediana,2,435500.0,451427.5
19638,Mediana,2,834950.0,451427.5
20088,Mediana,2,389000.0,451427.5
20527,Mediana,2,1898000.0,451427.5
21561,Mediana,2,750000.0,451427.5
173,Mediana,2,917500.0,451427.5
1347,Mediana,2,735000.0,451427.5
1670,Mediana,2,635000.0,451427.5
1710,Mediana,2,453000.0,451427.5
1874,Mediana,2,348000.0,451427.5
1899,Mediana,2,330000.0,451427.5
2480,Mediana,2,432500.0,451427.5
2520,Mediana,2,415000.0,451427.5
3127,Mediana,2,176500.0,451427.5
3492,Mediana,2,790000.0,451427.5
4136,Mediana,2,700000.0,451427.5
4153,Mediana,2,435000.0,451427.5
5041,Mediana,2,440000.0,451427.5
5259,Mediana,2,199990.0,451427.5
5757,Mediana,2,365000.0,451427.5
6031,Mediana,2,300000.0,451427.5
6328,Mediana,2,372000.0,451427.5
7328,Mediana,2,345000.0,451427.5
7688,Mediana,2,404600.0,451427.5
8540,Mediana,2,1590000.0,451427.5
8578,Mediana,2,560000.0,451427.5
9085,Mediana,2,650000.0,451427.5
9348,Mediana,2,465000.0,451427.5
9358,Mediana,2,356000.0,451427.5
9859,Mediana,2,450000.0,451427.5
10121,Mediana,2,749950.0,451427.5
10788,Mediana,2,200000.0,451427.5
10809,Mediana,2,218500.0,451427.5
11166,Mediana,2,463000.0,451427.5
11187,Mediana,2,674000.0,451427.5
12072,Mediana,2,605000.0,451427.5
12824,Mediana,2,291970.0,451427.5
15158,Mediana,2,1950000.0,451427.5
15254,Mediana,2,910000.0,451427.5
15438,Mediana,2,278226.0,451427.5
15623,Mediana,2,375000.0,451427.5
15868,Mediana,2,570000.0,451427.5
16009,Mediana,2,775000.0,451427.5
16271,Mediana,2,341000.0,451427.5
16296,Mediana,2,620000.0,451427.5
17353,Mediana,2,919000.0,451427.5
17500,Mediana,2,115000.0,451427.5
17540,Mediana,2,447500.0,451427.5
17687,Mediana,2,479000.0,451427.5
19091,Mediana,2,745000.0,451427.5
19322,Mediana,2,820000.0,451427.5
20101,Mediana,2,550000.0,451427.5
20254,Mediana,2,278000.0,451427.5
20424,Mediana,2,471500.0,451427.5
20961,Mediana,2,389700.0,451427.5
21311,Mediana,2,539900.0,451427.5
21611,Mediana,2,400000.0,451427.5
14862,Mediana,2,235000.0,451427.5
2117,Mediana,2,339900.0,451427.5
3887,Mediana,2,425000.0,451427.5
7769,Mediana,2,855000.0,451427.5
12720,Mediana,2,243000.0,451427.5
14745,Mediana,2,355000.0,451427.5
19701,Mediana,2,657000.0,451427.5
20585,Mediana,2,552500.0,451427.5
921,Mediana,2,342000.0,451427.5
939,Mediana,2,350000.0,451427.5
1755,Mediana,2,545000.0,451427.5
2827,Mediana,2,864000.0,451427.5
3276,Mediana,2,456500.0,451427.5
4026,Mediana,2,290000.0,451427.5
4732,Mediana,2,545000.0,451427.5
5805,Mediana,2,535000.0,451427.5
6081,Mediana,2,670000.0,451427.5
6595,Mediana,2,445000.0,451427.5
7547,Mediana,2,165000.0,451427.5
7582,Mediana,2,299000.0,451427.5
7595,Mediana,2,300000.0,451427.5
7636,Mediana,2,190000.0,451427.5
7925,Mediana,2,537000.0,451427.5
8059,Mediana,2,760000.0,451427.5
8353,Mediana,2,775000.0,451427.5
8907,Mediana,2,259950.0,451427.5
8930,Mediana,2,199950.0,451427.5
9400,Mediana,2,197200.0,451427.5
9709,Mediana,2,348000.0,451427.5
9770,Mediana,2,831000.0,451427.5
10078,Mediana,2,520000.0,451427.5
12339,Mediana,2,415000.0,451427.5
12921,Mediana,2,539000.0,451427.5
13276,Mediana,2,905000.0,451427.5
13406,Mediana,2,538000.0,451427.5
13574,Mediana,2,436000.0,451427.5
13781,Mediana,2,585000.0,451427.5
14109,Mediana,2,274950.0,451427.5
14850,Mediana,2,389000.0,451427.5
15017,Mediana,2,615000.0,451427.5
15659,Mediana,2,420000.0,451427.5
15872,Mediana,2,596000.0,451427.5
16978,Mediana,2,316000.0,451427.5
17148,Mediana,2,204250.0,451427.5
17826,Mediana,2,170000.0,451427.5
17878,Mediana,2,560000.0,451427.5
18188,Mediana,2,1000000.0,451427.5
19182,Mediana,2,279000.0,451427.5
19897,Mediana,2,545000.0,451427.5
20648,Mediana,2,524225.0,451427.5
20719,Mediana,2,440000.0,451427.5
20904,Mediana,2,519990.0,451427.5
21076,Mediana,2,544000.0,451427.5
21489,Mediana,2,352500.0,451427.5
383,Mediana,2,560000.0,451427.5
637,Mediana,2,245000.0,451427.5
662,Mediana,2,475000.0,451427.5
757,Mediana,2,1310000.0,451427.5
783,Mediana,2,715000.0,451427.5
978,Mediana,2,216000.0,451427.5
2096,Mediana,2,383000.0,451427.5
3743,Mediana,2,312500.0,451427.5
3856,Mediana,2,535000.0,451427.5
4135,Mediana,2,625000.0,451427.5
4185,Mediana,2,393500.0,451427.5
4752,Mediana,2,219000.0,451427.5
4952,Mediana,2,452000.0,451427.5
5571,Mediana,2,334000.0,451427.5
5851,Mediana,2,900000.0,451427.5
5997,Mediana,2,152000.0,451427.5
6687,Mediana,2,350000.0,451427.5
8123,Mediana,2,220000.0,451427.5
8209,Mediana,2,621500.0,451427.5
8349,Mediana,2,455000.0,451427.5
8441,Mediana,2,245000.0,451427.5
8835,Mediana,2,410000.0,451427.5
9115,Mediana,2,682500.0,451427.5
9168,Mediana,2,353000.0,451427.5
9342,Mediana,2,340000.0,451427.5
10444,Mediana,2,455000.0,451427.5
11020,Mediana,2,375000.0,451427.5
11502,Mediana,2,319000.0,451427.5
11656,Mediana,2,272000.0,451427.5
11682,Mediana,2,205000.0,451427.5
13637,Mediana,2,439000.0,451427.5
14180,Mediana,2,315000.0,451427.5
14241,Mediana,2,140000.0,451427.5
14377,Mediana,2,585000.0,451427.5
15454,Mediana,2,464550.0,451427.5
15494,Mediana,2,290000.0,451427.5
15865,Mediana,2,464000.0,451427.5
16413,Mediana,2,760000.0,451427.5
16637,Mediana,2,222500.0,451427.5
16711,Mediana,2,795000.0,451427.5
16808,Mediana,2,620000.0,451427.5
17246,Mediana,2,1288000.0,451427.5
17844,Mediana,2,1375000.0,451427.5
18361,Mediana,2,212000.0,451427.5
18620,Mediana,2,270000.0,451427.5
18821,Mediana,2,419000.0,451427.5
19409,Mediana,2,205000.0,451427.5
19707,Mediana,2,885000.0,451427.5
19756,Mediana,2,385000.0,451427.5
19824,Mediana,2,730000.0,451427.5
19936,Mediana,2,541000.0,451427.5
20184,Mediana,2,1312000.0,451427.5
20242,Mediana,2,392440.0,451427.5
20857,Mediana,2,555000.0,451427.5
20953,Mediana,2,427000.0,451427.5
810,Mediana,2,345000.0,451427.5
1027,Mediana,2,315000.0,451427.5
1796,Mediana,2,780000.0,451427.5
2813,Mediana,2,157500.0,451427.5
2934,Mediana,2,380000.0,451427.5
4033,Mediana,2,325000.0,451427.5
4706,Mediana,2,333000.0,451427.5
5271,Mediana,2,657500.0,451427.5
6940,Mediana,2,225000.0,451427.5
7208,Mediana,2,170000.0,451427.5
7465,Mediana,2,305000.0,451427.5
7589,Mediana,2,367500.0,451427.5
7630,Mediana,2,507200.0,451427.5
7877,Mediana,2,360000.0,451427.5
8047,Mediana,2,1195000.0,451427.5
8146,Mediana,2,865000.0,451427.5
8527,Mediana,2,610000.0,451427.5
9717,Mediana,2,400000.0,451427.5
9795,Mediana,2,263500.0,451427.5
10910,Mediana,2,360000.0,451427.5
11103,Mediana,2,289950.0,451427.5
11161,Mediana,2,422250.0,451427.5
11900,Mediana,2,435000.0,451427.5
11935,Mediana,2,260250.0,451427.5
12902,Mediana,2,374950.0,451427.5
12949,Mediana,2,329950.0,451427.5
13187,Mediana,2,626000.0,451427.5
13378,Mediana,2,810000.0,451427.5
13405,Mediana,2,781000.0,451427.5
13936,Mediana,2,372000.0,451427.5
14114,Mediana,2,275000.0,451427.5
14157,Mediana,2,1103990.0,451427.5
14218,Mediana,2,320000.0,451427.5
14309,Mediana,2,577000.0,451427.5
14367,Mediana,2,490000.0,451427.5
14524,Mediana,2,485000.0,451427.5
15465,Mediana,2,610000.0,451427.5
15666,Mediana,2,500000.0,451427.5
16096,Mediana,2,465000.0,451427.5
17471,Mediana,2,650500.0,451427.5
17514,Mediana,2,650000.0,451427.5
18025,Mediana,2,536000.0,451427.5
18626,Mediana,2,1050000.0,451427.5
18663,Mediana,2,535000.0,451427.5
19190,Mediana,2,935000.0,451427.5
19198,Mediana,2,699999.0,451427.5
19473,Mediana,2,370000.0,451427.5
19858,Mediana,2,2700000.0,451427.5
571,Mediana,2,720000.0,451427.5
745,Mediana,2,560000.0,451427.5
1065,Mediana,2,550000.0,451427.5
1385,Mediana,2,250000.0,451427.5
2282,Mediana,2,429500.0,451427.5
2784,Mediana,2,340000.0,451427.5
3508,Mediana,2,695000.0,451427.5
3511,Mediana,2,418500.0,451427.5
3592,Mediana,2,478000.0,451427.5
4043,Mediana,2,580000.0,451427.5
4048,Mediana,2,227064.0,451427.5
4331,Mediana,2,480000.0,451427.5
4845,Mediana,2,261000.0,451427.5
5185,Mediana,2,243500.0,451427.5
5283,Mediana,2,410000.0,451427.5
5450,Mediana,2,259950.0,451427.5
5882,Mediana,2,200000.0,451427.5
6040,Mediana,2,282510.0,451427.5
6155,Mediana,2,239975.0,451427.5
6648,Mediana,2,400000.0,451427.5
6694,Mediana,2,509990.0,451427.5
7248,Mediana,2,510000.0,451427.5
7417,Mediana,2,459000.0,451427.5
9028,Mediana,2,625000.0,451427.5
9586,Mediana,2,563250.0,451427.5
9878,Mediana,2,264500.0,451427.5
10158,Mediana,2,460000.0,451427.5
10632,Mediana,2,563225.0,451427.5
12127,Mediana,2,299500.0,451427.5
12274,Mediana,2,480000.0,451427.5
12924,Mediana,2,782000.0,451427.5
13182,Mediana,2,600000.0,451427.5
13269,Mediana,2,290000.0,451427.5
14320,Mediana,2,495000.0,451427.5
14534,Mediana,2,760000.0,451427.5
14652,Mediana,2,760000.0,451427.5
15528,Mediana,2,615000.0,451427.5
15790,Mediana,2,162500.0,451427.5
17065,Mediana,2,225000.0,451427.5
17269,Mediana,2,625000.0,451427.5
18242,Mediana,2,480000.0,451427.5
19695,Mediana,2,250000.0,451427.5
19740,Mediana,2,585000.0,451427.5
19881,Mediana,2,952990.0,451427.5
20314,Mediana,2,255000.0,451427.5
20471,Mediana,2,1800000.0,451427.5
21275,Mediana,2,950000.0,451427.5
21577,Mediana,2,579000.0,451427.5
15,Mediana,3,650000.0,450000.0
3116,Mediana,3,900000.0,450000.0
5412,Mediana,3,530000.0,450000.0
14370,Mediana,3,615000.0,450000.0
9643,Mediana,3,550000.0,450000.0
12702,Mediana,3,575000.0,450000.0
20814,Mediana,3,312000.0,450000.0
134,Mediana,3,675000.0,450000.0
352,Mediana,3,315000.0,450000.0
1016,Mediana,3,520000.0,450000.0
2121,Mediana,3,594000.0,450000.0
2684,Mediana,3,315500.0,450000.0
3574,Mediana,3,230000.0,450000.0
4489,Mediana,3,716000.0,450000.0
5261,Mediana,3,440000.0,450000.0
5442,Mediana,3,805000.0,450000.0
5781,Mediana,3,625700.0,450000.0
5916,Mediana,3,170000.0,450000.0
5955,Mediana,3,285000.0,450000.0
6050,Mediana,3,295000.0,450000.0
6178,Mediana,3,769000.0,450000.0
6412,Mediana,3,750000.0,450000.0
6895,Mediana,3,225000.0,450000.0
7947,Mediana,3,251000.0,450000.0
8091,Mediana,3,315000.0,450000.0
8137,Mediana,3,345000.0,450000.0
8227,Mediana,3,722800.0,450000.0
8375,Mediana,3,1250000.0,450000.0
8776,Mediana,3,438000.0,450000.0
8779,Mediana,3,380000.0,450000.0
8905,Mediana,3,840000.0,450000.0
8986,Mediana,3,450000.0,450000.0
9274,Mediana,3,1680000.0,450000.0
9678,Mediana,3,432000.0,450000.0
10672,Mediana,3,575000.0,450000.0
10771,Mediana,3,600000.0,450000.0
11382,Mediana,3,233000.0,450000.0
11813,Mediana,3,364900.0,450000.0
11970,Mediana,3,484000.0,450000.0
13554,Mediana,3,252000.0,450000.0
13778,Mediana,3,537500.0,450000.0
13954,Mediana,3,733000.0,450000.0
14051,Mediana,3,389000.0,450000.0
15367,Mediana,3,650000.0,450000.0
15374,Mediana,3,340000.0,450000.0
15624,Mediana,3,388000.0,450000.0
15802,Mediana,3,449000.0,450000.0
16401,Mediana,3,578000.0,450000.0
17481,Mediana,3,440000.0,450000.0
17854,Mediana,3,610000.0,450000.0
17911,Mediana,3,415000.0,450000.0
19046,Mediana,3,925000.0,450000.0
19884,Mediana,3,350000.0,450000.0
21604,Mediana,3,429000.0,450000.0
242,Mediana,3,455000.0,450000.0
276,Mediana,3,450000.0,450000.0
492,Mediana,3,232000.0,450000.0
578,Mediana,3,530000.0,450000.0
677,Mediana,3,188000.0,450000.0
1083,Mediana,3,490000.0,450000.0
1325,Mediana,3,110000.0,450000.0
1894,Mediana,3,1575000.0,450000.0
2001,Mediana,3,280000.0,450000.0
2375,Mediana,3,469000.0,450000.0
2858,Mediana,3,1835000.0,450000.0
3019,Mediana,3,202000.0,450000.0
3027,Mediana,3,273500.0,450000.0
3193,Mediana,3,315000.0,450000.0
3269,Mediana,3,805500.0,450000.0
3392,Mediana,3,122000.0,450000.0
3404,Mediana,3,726000.0,450000.0
3539,Mediana,3,621500.0,450000.0
4939,Mediana,3,359000.0,450000.0
4944,Mediana,3,625000.0,450000.0
5148,Mediana,3,994900.0,450000.0
5428,Mediana,3,680000.0,450000.0
5688,Mediana,3,265000.0,450000.0
5761,Mediana,3,215000.0,450000.0
6350,Mediana,3,270000.0,450000.0
6438,Mediana,3,322000.0,450000.0
6782,Mediana,3,398500.0,450000.0
6815,Mediana,3,473975.0,450000.0
7010,Mediana,3,465000.0,450000.0
8194,Mediana,3,365000.0,450000.0
8463,Mediana,3,330000.0,450000.0
8483,Mediana,3,799990.0,450000.0
9197,Mediana,3,405000.0,450000.0
9411,Mediana,3,678500.0,450000.0
9858,Mediana,3,1100000.0,450000.0
10269,Mediana,3,480000.0,450000.0
11015,Mediana,3,186000.0,450000.0
11167,Mediana,3,750000.0,450000.0
11188,Mediana,3,442250.0,450000.0
11467,Mediana,3,615000.0,450000.0
11476,Mediana,3,265000.0,450000.0
12043,Mediana,3,857500.0,450000.0
12221,Mediana,3,474950.0,450000.0
12240,Mediana,3,350000.0,450000.0
12809,Mediana,3,335000.0,450000.0
14769,Mediana,3,550000.0,450000.0
15145,Mediana,3,600000.0,450000.0
15439,Mediana,3,340000.0,450000.0
15981,Mediana,3,230000.0,450000.0
16693,Mediana,3,324950.0,450000.0
17328,Mediana,3,2225000.0,450000.0
18360,Mediana,3,337000.0,450000.0
19186,Mediana,3,500000.0,450000.0
19784,Mediana,3,679950.0,450000.0
19959,Mediana,3,572800.0,450000.0
19969,Mediana,3,850000.0,450000.0
21170,Mediana,3,235245.0,450000.0
83,Mediana,3,356000.0,450000.0
459,Mediana,3,255000.0,450000.0
496,Mediana,3,725000.0,450000.0
1428,Mediana,3,914600.0,450000.0
2219,Mediana,3,398000.0,450000.0
2844,Mediana,3,282000.0,450000.0
2933,Mediana,3,276000.0,450000.0
3062,Mediana,3,156000.0,450000.0
3198,Mediana,3,210000.0,450000.0
3802,Mediana,3,225000.0,450000.0
4774,Mediana,3,275000.0,450000.0
5218,Mediana,3,260000.0,450000.0
5322,Mediana,3,530000.0,450000.0
5326,Mediana,3,774000.0,450000.0
5666,Mediana,3,1600000.0,450000.0
6310,Mediana,3,310650.0,450000.0
6370,Mediana,3,215000.0,450000.0
6946,Mediana,3,649950.0,450000.0
7293,Mediana,3,279900.0,450000.0
8265,Mediana,3,350000.0,450000.0
8741,Mediana,3,810000.0,450000.0
8971,Mediana,3,392800.0,450000.0
9270,Mediana,3,585000.0,450000.0
9532,Mediana,3,275000.0,450000.0
9806,Mediana,3,357000.0,450000.0
10344,Mediana,3,830000.0,450000.0
10980,Mediana,3,545000.0,450000.0
11119,Mediana,3,592000.0,450000.0
11614,Mediana,3,311000.0,450000.0
11723,Mediana,3,622000.0,450000.0
11744,Mediana,3,400000.0,450000.0
11776,Mediana,3,238000.0,450000.0
12036,Mediana,3,365000.0,450000.0
12306,Mediana,3,196000.0,450000.0
12641,Mediana,3,515000.0,450000.0
13164,Mediana,3,425000.0,450000.0
13282,Mediana,3,580000.0,450000.0
13669,Mediana,3,375000.0,450000.0
14171,Mediana,3,179500.0,450000.0
14321,Mediana,3,691000.0,450000.0
15166,Mediana,3,1755000.0,450000.0
15425,Mediana,3,466000.0,450000.0
15614,Mediana,3,312000.0,450000.0
15705,Mediana,3,276900.0,450000.0
16195,Mediana,3,360000.0,450000.0
17289,Mediana,3,1350000.0,450000.0
17323,Mediana,3,379000.0,450000.0
17666,Mediana,3,800000.0,450000.0
17790,Mediana,3,296500.0,450000.0
18094,Mediana,3,315000.0,450000.0
18444,Mediana,3,358500.0,450000.0
18588,Mediana,3,1100000.0,450000.0
18813,Mediana,3,520000.0,450000.0
18969,Mediana,3,665000.0,450000.0
19211,Mediana,3,374500.0,450000.0
20320,Mediana,3,385000.0,450000.0
20517,Mediana,3,292000.0,450000.0
20856,Mediana,3,399500.0,450000.0
21408,Mediana,3,569888.0,450000.0
1752,Mediana,3,480000.0,450000.0
2544,Mediana,3,336800.0,450000.0
2697,Mediana,3,184500.0,450000.0
2707,Mediana,3,485000.0,450000.0
2755,Mediana,3,410000.0,450000.0
3194,Mediana,3,805000.0,450000.0
3249,Mediana,3,625000.0,450000.0
3292,Mediana,3,875000.0,450000.0
4296,Mediana,3,156000.0,450000.0
5052,Mediana,3,269950.0,450000.0
6105,Mediana,3,440000.0,450000.0
6448,Mediana,3,286000.0,450000.0
6742,Mediana,3,495000.0,450000.0
6931,Mediana,3,532000.0,450000.0
7231,Mediana,3,1490000.0,450000.0
7331,Mediana,3,340500.0,450000.0
7529,Mediana,3,487000.0,450000.0
7634,Mediana,3,206000.0,450000.0
7908,Mediana,3,329000.0,450000.0
8949,Mediana,3,188000.0,450000.0
10011,Mediana,3,530000.0,450000.0
12145,Mediana,3,231000.0,450000.0
12333,Mediana,3,615500.0,450000.0
12574,Mediana,3,184000.0,450000.0
12910,Mediana,3,429000.0,450000.0
13469,Mediana,3,652000.0,450000.0
13571,Mediana,3,682000.0,450000.0
13732,Mediana,3,322500.0,450000.0
13820,Mediana,3,550000.0,450000.0
13996,Mediana,3,160000.0,450000.0
14449,Mediana,3,248000.0,450000.0
14678,Mediana,3,168500.0,450000.0
15264,Mediana,3,675000.0,450000.0
18001,Mediana,3,300000.0,450000.0
18215,Mediana,3,330950.0,450000.0
18380,Mediana,3,200000.0,450000.0
18438,Mediana,3,524000.0,450000.0
19115,Mediana,3,283500.0,450000.0
19659,Mediana,3,535000.0,450000.0
20324,Mediana,3,310000.0,450000.0
20427,Mediana,3,262000.0,450000.0
21239,Mediana,3,332000.0,450000.0
21329,Mediana,3,375000.0,450000.0
365,Mediana,3,465000.0,450000.0
1619,Mediana,3,245000.0,450000.0
2220,Mediana,3,257000.0,450000.0
3187,Mediana,3,1400000.0,450000.0
3420,Mediana,3,465000.0,450000.0
3775,Mediana,3,472500.0,450000.0
6318,Mediana,3,250000.0,450000.0
6518,Mediana,3,1339000.0,450000.0
6582,Mediana,3,536000.0,450000.0
6683,Mediana,3,359000.0,450000.0
7255,Mediana,3,350000.0,450000.0
7765,Mediana,3,615000.0,450000.0
8067,Mediana,3,825000.0,450000.0
8623,Mediana,3,325000.0,450000.0
8660,Mediana,3,318000.0,450000.0
10172,Mediana,3,442000.0,450000.0
11594,Mediana,3,544000.0,450000.0
12155,Mediana,3,667000.0,450000.0
12296,Mediana,3,185900.0,450000.0
12464,Mediana,3,502775.0,450000.0
13020,Mediana,3,2300000.0,450000.0
13411,Mediana,3,2415000.0,450000.0
14152,Mediana,3,662500.0,450000.0
16054,Mediana,3,330000.0,450000.0
16199,Mediana,3,1285000.0,450000.0
16242,Mediana,3,323400.0,450000.0
16773,Mediana,3,1920000.0,450000.0
17636,Mediana,3,418000.0,450000.0
17903,Mediana,3,715000.0,450000.0
18134,Mediana,3,330000.0,450000.0
18251,Mediana,3,339900.0,450000.0
18656,Mediana,3,665000.0,450000.0
20013,Mediana,3,245000.0,450000.0
20130,Mediana,3,252000.0,450000.0
21568,Mediana,3,1700000.0,450000.0
13358,Mediana,3,690000.0,450000.0
18014,Mediana,3,301500.0,450000.0
20158,Mediana,3,205000.0,450000.0
323,Mediana,3,240000.0,450000.0
507,Mediana,3,442000.0,450000.0
758,Mediana,3,856600.0,450000.0
972,Mediana,3,397500.0,450000.0
1055,Mediana,3,935000.0,450000.0
1076,Mediana,3,310000.0,450000.0
1321,Mediana,3,455000.0,450000.0
2102,Mediana,3,279000.0,450000.0
2103,Mediana,3,583500.0,450000.0
2879,Mediana,3,334000.0,450000.0
2899,Mediana,3,3000000.0,450000.0
3330,Mediana,3,253000.0,450000.0
3523,Mediana,3,700000.0,450000.0
3710,Mediana,3,361000.0,450000.0
3831,Mediana,3,399950.0,450000.0
5337,Mediana,3,474000.0,450000.0
5347,Mediana,3,335000.0,450000.0
5552,Mediana,3,540400.0,450000.0
5727,Mediana,3,675000.0,450000.0
6212,Mediana,3,510000.0,450000.0
6898,Mediana,3,336000.0,450000.0
7187,Mediana,3,495000.0,450000.0
7696,Mediana,3,762000.0,450000.0
8065,Mediana,3,287500.0,450000.0
10298,Mediana,3,375000.0,450000.0
10546,Mediana,3,209000.0,450000.0
11172,Mediana,3,592500.0,450000.0
11234,Mediana,3,431000.0,450000.0
12092,Mediana,3,299000.0,450000.0
12259,Mediana,3,359950.0,450000.0
12710,Mediana,3,218000.0,450000.0
12798,Mediana,3,360000.0,450000.0
14196,Mediana,3,490000.0,450000.0
15174,Mediana,3,612125.0,450000.0
15179,Mediana,3,500000.0,450000.0
15474,Mediana,3,225900.0,450000.0
15524,Mediana,3,519000.0,450000.0
16430,Mediana,3,1750000.0,450000.0
16619,Mediana,3,338500.0,450000.0
16753,Mediana,3,277500.0,450000.0
17472,Mediana,3,960000.0,450000.0
17702,Mediana,3,616750.0,450000.0
20331,Mediana,3,442515.0,450000.0
20488,Mediana,3,1289990.0,450000.0
20649,Mediana,3,424950.0,450000.0
20665,Mediana,3,394950.0,450000.0
21103,Mediana,3,598992.0,450000.0
21436,Mediana,3,255000.0,450000.0
1715,Mediana,3,338000.0,450000.0
1753,Mediana,3,368000.0,450000.0
1848,Mediana,3,1569500.0,450000.0
1925,Mediana,3,467000.0,450000.0
2155,Mediana,3,535000.0,450000.0
2260,Mediana,3,208000.0,450000.0
3395,Mediana,3,369900.0,450000.0
3481,Mediana,3,415000.0,450000.0
3616,Mediana,3,280000.0,450000.0
3781,Mediana,3,759000.0,450000.0
3798,Mediana,3,680000.0,450000.0
3828,Mediana,3,205000.0,450000.0
3838,Mediana,3,348000.0,450000.0
4102,Mediana,3,269950.0,450000.0
4571,Mediana,3,527200.0,450000.0
4847,Mediana,3,440000.0,450000.0
5126,Mediana,3,299000.0,450000.0
5316,Mediana,3,321027.0,450000.0
5400,Mediana,3,375000.0,450000.0
5414,Mediana,3,290000.0,450000.0
5544,Mediana,3,587000.0,450000.0
6846,Mediana,3,765000.0,450000.0
7902,Mediana,3,463000.0,450000.0
8160,Mediana,3,511000.0,450000.0
8386,Mediana,3,408000.0,450000.0
8424,Mediana,3,700000.0,450000.0
8772,Mediana,3,895000.0,450000.0
9222,Mediana,3,289000.0,450000.0
11558,Mediana,3,804000.0,450000.0
12408,Mediana,3,311600.0,450000.0
12764,Mediana,3,450000.0,450000.0
12964,Mediana,3,455500.0,450000.0
13619,Mediana,3,427500.0,450000.0
15447,Mediana,3,257000.0,450000.0
15678,Mediana,3,335000.0,450000.0
16062,Mediana,3,575000.0,450000.0
16254,Mediana,3,212000.0,450000.0
17128,Mediana,3,153000.0,450000.0
17336,Mediana,3,600000.0,450000.0
18152,Mediana,3,845000.0,450000.0
18616,Mediana,3,377000.0,450000.0
19072,Mediana,3,425000.0,450000.0
19943,Mediana,3,292500.0,450000.0
20854,Mediana,3,690000.0,450000.0
21425,Mediana,3,1050000.0,450000.0
21501,Mediana,3,1150000.0,450000.0
601,Mediana,3,399950.0,450000.0
1137,Mediana,3,225000.0,450000.0
1391,Mediana,3,439000.0,450000.0
1462,Mediana,3,140000.0,450000.0
1564,Mediana,3,610000.0,450000.0
1713,Mediana,3,300000.0,450000.0
2583,Mediana,3,675000.0,450000.0
3270,Mediana,3,507250.0,450000.0
3586,Mediana,3,1598890.0,450000.0
4389,Mediana,3,580000.0,450000.0
4639,Mediana,3,360000.0,450000.0
4906,Mediana,3,395000.0,450000.0
5009,Mediana,3,419950.0,450000.0
5413,Mediana,3,215000.0,450000.0
5575,Mediana,3,245000.0,450000.0
5579,Mediana,3,485000.0,450000.0
5599,Mediana,3,350000.0,450000.0
5879,Mediana,3,241000.0,450000.0
6243,Mediana,3,1050000.0,450000.0
6524,Mediana,3,254000.0,450000.0
6834,Mediana,3,450000.0,450000.0
7111,Mediana,3,419900.0,450000.0
7115,Mediana,3,715000.0,450000.0
7586,Mediana,3,256000.0,450000.0
8014,Mediana,3,526750.0,450000.0
8057,Mediana,3,550000.0,450000.0
8063,Mediana,3,260000.0,450000.0
8308,Mediana,3,317000.0,450000.0
8913,Mediana,3,370000.0,450000.0
9343,Mediana,3,582500.0,450000.0
9502,Mediana,3,230000.0,450000.0
10048,Mediana,3,252000.0,450000.0
10765,Mediana,3,445500.0,450000.0
10784,Mediana,3,710000.0,450000.0
10869,Mediana,3,305000.0,450000.0
10911,Mediana,3,294900.0,450000.0
10953,Mediana,3,279900.0,450000.0
11810,Mediana,3,429950.0,450000.0
12772,Mediana,3,510000.0,450000.0
13071,Mediana,3,2250000.0,450000.0
13266,Mediana,3,450000.0,450000.0
14384,Mediana,3,476000.0,450000.0
14986,Mediana,3,368750.0,450000.0
15318,Mediana,3,334000.0,450000.0
16146,Mediana,3,437400.0,450000.0
16421,Mediana,3,424950.0,450000.0
17836,Mediana,3,245000.0,450000.0
18048,Mediana,3,548050.0,450000.0
18421,Mediana,3,240000.0,450000.0
19262,Mediana,3,959000.0,450000.0
20355,Mediana,3,657044.0,450000.0
20572,Mediana,3,467000.0,450000.0
21026,Mediana,3,395000.0,450000.0
53,Mediana,3,585000.0,450000.0
207,Mediana,3,425000.0,450000.0
491,Mediana,3,370000.0,450000.0
933,Mediana,3,299900.0,450000.0
936,Mediana,3,378000.0,450000.0
1074,Mediana,3,515000.0,450000.0
1407,Mediana,3,345000.0,450000.0
1493,Mediana,3,577000.0,450000.0
1768,Mediana,3,1175000.0,450000.0
1957,Mediana,3,345000.0,450000.0
3119,Mediana,3,380000.0,450000.0
3136,Mediana,3,390000.0,450000.0
3250,Mediana,3,240000.0,450000.0
3443,Mediana,3,276000.0,450000.0
4558,Mediana,3,160000.0,450000.0
4694,Mediana,3,599900.0,450000.0
5559,Mediana,3,539950.0,450000.0
5561,Mediana,3,1150000.0,450000.0
6539,Mediana,3,442500.0,450000.0
7666,Mediana,3,219950.0,450000.0
8008,Mediana,3,495500.0,450000.0
8364,Mediana,3,414500.0,450000.0
9046,Mediana,3,329800.0,450000.0
9507,Mediana,3,490000.0,450000.0
9703,Mediana,3,449000.0,450000.0
9920,Mediana,3,535000.0,450000.0
10145,Mediana,3,493500.0,450000.0
10302,Mediana,3,464000.0,450000.0
10811,Mediana,3,442500.0,450000.0
10922,Mediana,3,215000.0,450000.0
10962,Mediana,3,271000.0,450000.0
12671,Mediana,3,686500.0,450000.0
12911,Mediana,3,818000.0,450000.0
13077,Mediana,3,385000.0,450000.0
13926,Mediana,3,240000.0,450000.0
14618,Mediana,3,666000.0,450000.0
15198,Mediana,3,426500.0,450000.0
15498,Mediana,3,352900.0,450000.0
15500,Mediana,3,360000.0,450000.0
15824,Mediana,3,359900.0,450000.0
15959,Mediana,3,222000.0,450000.0
16534,Mediana,3,485000.0,450000.0
16750,Mediana,3,800000.0,450000.0
17263,Mediana,3,613500.0,450000.0
17644,Mediana,3,239950.0,450000.0
18047,Mediana,3,240000.0,450000.0
18280,Mediana,3,750000.0,450000.0
19014,Mediana,3,717500.0,450000.0
20274,Mediana,3,313200.0,450000.0
20643,Mediana,3,640000.0,450000.0
20804,Mediana,3,419900.0,450000.0
607,Mediana,3,443500.0,450000.0
1115,Mediana,3,262000.0,450000.0
1134,Mediana,3,303000.0,450000.0
1418,Mediana,3,530000.0,450000.0
2197,Mediana,3,311750.0,450000.0
2634,Mediana,3,590000.0,450000.0
2752,Mediana,3,856000.0,450000.0
3830,Mediana,3,414250.0,450000.0
3884,Mediana,3,440000.0,450000.0
4493,Mediana,3,393000.0,450000.0
4757,Mediana,3,1465000.0,450000.0
4919,Mediana,3,620000.0,450000.0
5017,Mediana,3,219950.0,450000.0
5686,Mediana,3,203000.0,450000.0
5777,Mediana,3,225000.0,450000.0
6010,Mediana,3,455000.0,450000.0
6354,Mediana,3,299900.0,450000.0
6377,Mediana,3,800000.0,450000.0
6392,Mediana,3,800000.0,450000.0
6446,Mediana,3,474905.0,450000.0
6649,Mediana,3,750000.0,450000.0
6960,Mediana,3,475000.0,450000.0
7179,Mediana,3,470000.0,450000.0
7537,Mediana,3,410000.0,450000.0
9139,Mediana,3,557510.0,450000.0
9373,Mediana,3,259000.0,450000.0
9418,Mediana,3,565000.0,450000.0
9789,Mediana,3,900000.0,450000.0
9790,Mediana,3,680200.0,450000.0
9856,Mediana,3,629000.0,450000.0
9869,Mediana,3,176000.0,450000.0
10728,Mediana,3,360000.0,450000.0
10810,Mediana,3,175000.0,450000.0
11808,Mediana,3,225000.0,450000.0
12346,Mediana,3,390000.0,450000.0
12492,Mediana,3,475000.0,450000.0
12497,Mediana,3,366400.0,450000.0
13014,Mediana,3,365000.0,450000.0
13340,Mediana,3,510000.0,450000.0
14305,Mediana,3,848000.0,450000.0
15326,Mediana,3,295000.0,450000.0
16763,Mediana,3,829000.0,450000.0
17058,Mediana,3,637500.0,450000.0
17382,Mediana,3,499950.0,450000.0
17647,Mediana,3,1550000.0,450000.0
17744,Mediana,3,635000.0,450000.0
17835,Mediana,3,555000.0,450000.0
19678,Mediana,3,425000.0,450000.0
19860,Mediana,3,293467.0,450000.0
20497,Mediana,3,599950.0,450000.0
21035,Mediana,3,605000.0,450000.0
4609,Mediana,3,293000.0,450000.0
18247,Mediana,3,270000.0,450000.0
19631,Mediana,3,380000.0,450000.0
287,Mediana,3,405000.0,450000.0
310,Mediana,3,834000.0,450000.0
774,Mediana,3,390000.0,450000.0
946,Mediana,3,260000.0,450000.0
1222,Mediana,3,130000.0,450000.0
1282,Mediana,3,2260000.0,450000.0
2138,Mediana,3,400000.0,450000.0
3475,Mediana,3,417000.0,450000.0
3729,Mediana,3,866500.0,450000.0
4285,Mediana,3,215000.0,450000.0
4300,Mediana,3,340000.0,450000.0
5386,Mediana,3,214000.0,450000.0
5509,Mediana,3,1086000.0,450000.0
6501,Mediana,3,1940000.0,450000.0
6573,Mediana,3,366000.0,450000.0
6809,Mediana,3,275000.0,450000.0
7340,Mediana,3,565000.0,450000.0
7542,Mediana,3,1050000.0,450000.0
8698,Mediana,3,500000.0,450000.0
8774,Mediana,3,835000.0,450000.0
8817,Mediana,3,465000.0,450000.0
9417,Mediana,3,375000.0,450000.0
9457,Mediana,3,411000.0,450000.0
9458,Mediana,3,762500.0,450000.0
9679,Mediana,3,1695000.0,450000.0
9819,Mediana,3,475000.0,450000.0
9996,Mediana,3,262000.0,450000.0
10185,Mediana,3,275000.0,450000.0
10541,Mediana,3,1165000.0,450000.0
10895,Mediana,3,297262.0,450000.0
11267,Mediana,3,1600000.0,450000.0
11567,Mediana,3,315000.0,450000.0
12272,Mediana,3,432500.0,450000.0
12350,Mediana,3,1650000.0,450000.0
12534,Mediana,3,530000.0,450000.0
12726,Mediana,3,485000.0,450000.0
13085,Mediana,3,599380.0,450000.0
13583,Mediana,3,315000.0,450000.0
13765,Mediana,3,216000.0,450000.0
14812,Mediana,3,925000.0,450000.0
14844,Mediana,3,220000.0,450000.0
14846,Mediana,3,648000.0,450000.0
15458,Mediana,3,208000.0,450000.0
17135,Mediana,3,146000.0,450000.0
17518,Mediana,3,265000.0,450000.0
17932,Mediana,3,637000.0,450000.0
18074,Mediana,3,259000.0,450000.0
18086,Mediana,3,925000.0,450000.0
18847,Mediana,3,265000.0,450000.0
19023,Mediana,3,565000.0,450000.0
19646,Mediana,3,348000.0,450000.0
20313,Mediana,3,305000.0,450000.0
20366,Mediana,3,635000.0,450000.0
20631,Mediana,3,380000.0,450000.0
21020,Mediana,3,450000.0,450000.0
21346,Mediana,3,825750.0,450000.0
175,Mediana,3,425000.0,450000.0
489,Mediana,3,1280000.0,450000.0
504,Mediana,3,280000.0,450000.0
830,Mediana,3,595000.0,450000.0
1091,Mediana,3,448000.0,450000.0
1741,Mediana,3,372000.0,450000.0
2082,Mediana,3,822500.0,450000.0
2421,Mediana,3,525000.0,450000.0
2489,Mediana,3,353000.0,450000.0
2846,Mediana,3,593500.0,450000.0
2993,Mediana,3,604000.0,450000.0
3682,Mediana,3,430000.0,450000.0
4078,Mediana,3,940000.0,450000.0
4641,Mediana,3,898000.0,450000.0
5748,Mediana,3,339000.0,450000.0
6715,Mediana,3,602000.0,450000.0
7346,Mediana,3,1525000.0,450000.0
7357,Mediana,3,325000.0,450000.0
7446,Mediana,3,277000.0,450000.0
7884,Mediana,3,278800.0,450000.0
7909,Mediana,3,634000.0,450000.0
8228,Mediana,3,342888.0,450000.0
9026,Mediana,3,565000.0,450000.0
9249,Mediana,3,1115000.0,450000.0
9498,Mediana,3,875000.0,450000.0
9689,Mediana,3,280000.0,450000.0
9702,Mediana,3,305000.0,450000.0
10469,Mediana,3,1050000.0,450000.0
10510,Mediana,3,250000.0,450000.0
10818,Mediana,3,318000.0,450000.0
10889,Mediana,3,435000.0,450000.0
10896,Mediana,3,735000.0,450000.0
11347,Mediana,3,535000.0,450000.0
12688,Mediana,3,610000.0,450000.0
12833,Mediana,3,599000.0,450000.0
12942,Mediana,3,173000.0,450000.0
13011,Mediana,3,600000.0,450000.0
13250,Mediana,3,1075000.0,450000.0
13263,Mediana,3,466200.0,450000.0
13990,Mediana,3,940000.0,450000.0
15117,Mediana,3,345000.0,450000.0
15200,Mediana,3,615000.0,450000.0
15693,Mediana,3,645000.0,450000.0
15985,Mediana,3,447000.0,450000.0
16557,Mediana,3,631000.0,450000.0
17389,Mediana,3,525000.0,450000.0
18022,Mediana,3,539950.0,450000.0
18354,Mediana,3,545000.0,450000.0
18669,Mediana,3,495000.0,450000.0
19410,Mediana,3,620000.0,450000.0
19668,Mediana,3,340000.0,450000.0
20911,Mediana,3,526000.0,450000.0
21112,Mediana,3,542300.0,450000.0
21253,Mediana,3,671500.0,450000.0
257,Mediana,3,315000.0,450000.0
873,Mediana,3,785000.0,450000.0
1513,Mediana,3,190000.0,450000.0
1852,Mediana,3,386500.0,450000.0
1914,Mediana,3,411753.0,450000.0
1931,Mediana,3,598800.0,450000.0
2120,Mediana,3,723000.0,450000.0
2565,Mediana,3,1650000.0,450000.0
2909,Mediana,3,476000.0,450000.0
3042,Mediana,3,362000.0,450000.0
3334,Mediana,3,340000.0,450000.0
3854,Mediana,3,756000.0,450000.0
4123,Mediana,3,235000.0,450000.0
4173,Mediana,3,1191000.0,450000.0
4767,Mediana,3,600000.0,450000.0
4905,Mediana,3,186000.0,450000.0
5229,Mediana,3,760000.0,450000.0
5479,Mediana,3,111300.0,450000.0
6700,Mediana,3,468000.0,450000.0
8701,Mediana,3,249950.0,450000.0
9251,Mediana,3,660000.0,450000.0
10367,Mediana,3,355000.0,450000.0
10658,Mediana,3,417000.0,450000.0
11249,Mediana,3,246900.0,450000.0
11265,Mediana,3,257000.0,450000.0
11463,Mediana,3,199000.0,450000.0
11611,Mediana,3,550000.0,450000.0
11757,Mediana,3,160000.0,450000.0
12087,Mediana,3,249500.0,450000.0
12722,Mediana,3,325000.0,450000.0
13484,Mediana,3,447000.0,450000.0
13808,Mediana,3,300000.0,450000.0
14323,Mediana,3,549010.0,450000.0
14351,Mediana,3,319500.0,450000.0
14517,Mediana,3,345000.0,450000.0
15196,Mediana,3,550000.0,450000.0
15598,Mediana,3,383000.0,450000.0
15610,Mediana,3,140000.0,450000.0
15776,Mediana,3,546000.0,450000.0
16183,Mediana,3,480000.0,450000.0
16261,Mediana,3,380000.0,450000.0
16315,Mediana,3,267000.0,450000.0
16379,Mediana,3,189000.0,450000.0
16449,Mediana,3,822600.0,450000.0
16540,Mediana,3,419625.0,450000.0
17277,Mediana,3,220000.0,450000.0
17477,Mediana,3,293000.0,450000.0
18182,Mediana,3,900000.0,450000.0
18356,Mediana,3,299950.0,450000.0
18391,Mediana,3,230000.0,450000.0
18751,Mediana,3,259000.0,450000.0
18833,Mediana,3,640500.0,450000.0
18876,Mediana,3,1500000.0,450000.0
19287,Mediana,3,316000.0,450000.0
19356,Mediana,3,454000.0,450000.0
19720,Mediana,3,327555.0,450000.0
19879,Mediana,3,909500.0,450000.0
20378,Mediana,3,889950.0,450000.0
20689,Mediana,3,275000.0,450000.0
20720,Mediana,3,287450.0,450000.0
21217,Mediana,3,391000.0,450000.0
245,Mediana,3,363000.0,450000.0
414,Mediana,3,339000.0,450000.0
881,Mediana,3,200000.0,450000.0
1451,Mediana,3,302000.0,450000.0
1569,Mediana,3,797000.0,450000.0
2624,Mediana,3,677100.0,450000.0
2810,Mediana,3,175000.0,450000.0
2994,Mediana,3,570000.0,450000.0
3761,Mediana,3,1905000.0,450000.0
4980,Mediana,3,860000.0,450000.0
4981,Mediana,3,147200.0,450000.0
5737,Mediana,3,325000.0,450000.0
5848,Mediana,3,572500.0,450000.0
6487,Mediana,3,410000.0,450000.0
6698,Mediana,3,185000.0,450000.0
7093,Mediana,3,309000.0,450000.0
7500,Mediana,3,614905.0,450000.0
7577,Mediana,3,363000.0,450000.0
8134,Mediana,3,565000.0,450000.0
8174,Mediana,3,1625000.0,450000.0
8311,Mediana,3,500000.0,450000.0
8315,Mediana,3,542000.0,450000.0
8435,Mediana,3,520000.0,450000.0
9163,Mediana,3,275000.0,450000.0
11072,Mediana,3,290000.0,450000.0
11154,Mediana,3,770000.0,450000.0
11493,Mediana,3,225000.0,450000.0
11637,Mediana,3,178500.0,450000.0
12160,Mediana,3,601500.0,450000.0
12758,Mediana,3,505000.0,450000.0
12767,Mediana,3,452500.0,450000.0
13547,Mediana,3,250000.0,450000.0
13668,Mediana,3,557000.0,450000.0
14282,Mediana,3,660000.0,450000.0
14705,Mediana,3,315000.0,450000.0
15013,Mediana,3,265000.0,450000.0
15258,Mediana,3,3065000.0,450000.0
15286,Mediana,3,1120280.0,450000.0
15669,Mediana,3,570000.0,450000.0
17040,Mediana,3,420000.0,450000.0
18078,Mediana,3,363000.0,450000.0
19320,Mediana,3,746000.0,450000.0
19777,Mediana,3,2641100.0,450000.0
19835,Mediana,3,695000.0,450000.0
20447,Mediana,3,356999.0,450000.0
20934,Mediana,3,880000.0,450000.0
21106,Mediana,3,380950.0,450000.0
21164,Mediana,3,375900.0,450000.0
38,Mediana,3,240000.0,450000.0
471,Mediana,3,868700.0,450000.0
594,Mediana,3,360000.0,450000.0
876,Mediana,3,147500.0,450000.0
1129,Mediana,3,369000.0,450000.0
1511,Mediana,3,390000.0,450000.0
2013,Mediana,3,387500.0,450000.0
2239,Mediana,3,205000.0,450000.0
3066,Mediana,3,400000.0,450000.0
3303,Mediana,3,334000.0,450000.0
3607,Mediana,3,502500.0,450000.0
3685,Mediana,3,641000.0,450000.0
3842,Mediana,3,576750.0,450000.0
3882,Mediana,3,265000.0,450000.0
3981,Mediana,3,310597.0,450000.0
4061,Mediana,3,725000.0,450000.0
4740,Mediana,3,190000.0,450000.0
4770,Mediana,3,196900.0,450000.0
5020,Mediana,3,798750.0,450000.0
6776,Mediana,3,425000.0,450000.0
6832,Mediana,3,428000.0,450000.0
6845,Mediana,3,607500.0,450000.0
7024,Mediana,3,802500.0,450000.0
7392,Mediana,3,584999.0,450000.0
8198,Mediana,3,610000.0,450000.0
8614,Mediana,3,575700.0,450000.0
9175,Mediana,3,1955000.0,450000.0
9490,Mediana,3,328000.0,450000.0
9677,Mediana,3,607500.0,450000.0
9722,Mediana,3,680000.0,450000.0
9914,Mediana,3,1315000.0,450000.0
10135,Mediana,3,338000.0,450000.0
10207,Mediana,3,383150.0,450000.0
10678,Mediana,3,269100.0,450000.0
10966,Mediana,3,411500.0,450000.0
11022,Mediana,3,467500.0,450000.0
11062,Mediana,3,570000.0,450000.0
11216,Mediana,3,435000.0,450000.0
11536,Mediana,3,550000.0,450000.0
12245,Mediana,3,600000.0,450000.0
12273,Mediana,3,432000.0,450000.0
12941,Mediana,3,310000.0,450000.0
13301,Mediana,3,241000.0,450000.0
13703,Mediana,3,360500.0,450000.0
13841,Mediana,3,355000.0,450000.0
14040,Mediana,3,455000.0,450000.0
14562,Mediana,3,279000.0,450000.0
14991,Mediana,3,536000.0,450000.0
15226,Mediana,3,678700.0,450000.0
15280,Mediana,3,329000.0,450000.0
15618,Mediana,3,605000.0,450000.0
15639,Mediana,3,334950.0,450000.0
15855,Mediana,3,312000.0,450000.0
15943,Mediana,3,305000.0,450000.0
16037,Mediana,3,660000.0,450000.0
16071,Mediana,3,340000.0,450000.0
16257,Mediana,3,311500.0,450000.0
17473,Mediana,3,710000.0,450000.0
17600,Mediana,3,1284000.0,450000.0
18373,Mediana,3,655000.0,450000.0
18544,Mediana,3,625000.0,450000.0
19010,Mediana,3,810000.0,450000.0
19081,Mediana,3,560000.0,450000.0
19274,Mediana,3,685000.0,450000.0
19811,Mediana,3,949990.0,450000.0
19853,Mediana,3,318000.0,450000.0
21264,Mediana,3,722000.0,450000.0
21412,Mediana,3,334950.0,450000.0
1392,Mediana,3,325000.0,450000.0
11142,Mediana,3,605000.0,450000.0
13078,Mediana,3,815000.0,450000.0
17236,Mediana,3,219000.0,450000.0
4085,Mediana,3,555750.0,450000.0
7069,Mediana,3,750000.0,450000.0
7137,Mediana,3,510000.0,450000.0
14373,Mediana,3,550700.0,450000.0
18283,Mediana,3,425000.0,450000.0
19370,Mediana,3,199900.0,450000.0
51,Mediana,3,345000.0,450000.0
305,Mediana,3,725000.0,450000.0
1149,Mediana,3,75000.0,450000.0
1427,Mediana,3,470000.0,450000.0
1758,Mediana,3,600000.0,450000.0
1887,Mediana,3,410500.0,450000.0
1923,Mediana,3,315000.0,450000.0
2324,Mediana,3,437000.0,450000.0
2422,Mediana,3,562000.0,450000.0
2854,Mediana,3,856000.0,450000.0
2881,Mediana,3,149900.0,450000.0
3041,Mediana,3,530000.0,450000.0
3313,Mediana,3,428000.0,450000.0
3440,Mediana,3,355000.0,450000.0
3466,Mediana,3,749700.0,450000.0
3565,Mediana,3,405000.0,450000.0
3673,Mediana,3,464500.0,450000.0
5042,Mediana,3,515000.0,450000.0
5230,Mediana,3,532500.0,450000.0
5773,Mediana,3,810000.0,450000.0
6118,Mediana,3,325000.0,450000.0
6201,Mediana,3,275000.0,450000.0
6283,Mediana,3,675000.0,450000.0
6682,Mediana,3,325500.0,450000.0
6933,Mediana,3,435000.0,450000.0
7378,Mediana,3,323000.0,450000.0
7475,Mediana,3,396480.0,450000.0
7528,Mediana,3,290000.0,450000.0
7926,Mediana,3,279950.0,450000.0
7999,Mediana,3,199000.0,450000.0
9063,Mediana,3,439000.0,450000.0
10512,Mediana,3,400000.0,450000.0
10670,Mediana,3,547000.0,450000.0
11077,Mediana,3,630000.0,450000.0
11134,Mediana,3,220000.0,450000.0
11165,Mediana,3,850000.0,450000.0
11171,Mediana,3,319000.0,450000.0
11489,Mediana,3,429900.0,450000.0
11504,Mediana,3,398500.0,450000.0
12289,Mediana,3,156601.0,450000.0
12384,Mediana,3,570500.0,450000.0
12602,Mediana,3,227490.0,450000.0
12887,Mediana,3,340000.0,450000.0
12950,Mediana,3,250000.0,450000.0
12991,Mediana,3,350000.0,450000.0
13091,Mediana,3,915000.0,450000.0
13216,Mediana,3,579000.0,450000.0
13387,Mediana,3,260000.0,450000.0
14146,Mediana,3,590000.0,450000.0
14248,Mediana,3,230000.0,450000.0
14936,Mediana,3,335000.0,450000.0
15867,Mediana,3,257500.0,450000.0
15914,Mediana,3,325000.0,450000.0
16001,Mediana,3,500000.0,450000.0
16174,Mediana,3,425000.0,450000.0
16246,Mediana,3,400000.0,450000.0
16532,Mediana,3,407000.0,450000.0
16915,Mediana,3,137000.0,450000.0
17521,Mediana,3,1200000.0,450000.0
17597,Mediana,3,565000.0,450000.0
17765,Mediana,3,410000.0,450000.0
17935,Mediana,3,590000.0,450000.0
18628,Mediana,3,1600000.0,450000.0
19092,Mediana,3,279475.0,450000.0
19165,Mediana,3,348125.0,450000.0
19245,Mediana,3,403000.0,450000.0
20318,Mediana,3,540000.0,450000.0
20398,Mediana,3,539000.0,450000.0
21528,Mediana,3,585000.0,450000.0
4,Mediana,3,510000.0,450000.0
534,Mediana,3,204000.0,450000.0
535,Mediana,3,358000.0,450000.0
540,Mediana,3,2125000.0,450000.0
824,Mediana,3,431000.0,450000.0
904,Mediana,3,300000.0,450000.0
1302,Mediana,3,285000.0,450000.0
1626,Mediana,3,169317.0,450000.0
1900,Mediana,3,330000.0,450000.0
1920,Mediana,3,265000.0,450000.0
2185,Mediana,3,700000.0,450000.0
2327,Mediana,3,446500.0,450000.0
2770,Mediana,3,604000.0,450000.0
2773,Mediana,3,509250.0,450000.0
3039,Mediana,3,2298000.0,450000.0
3224,Mediana,3,270000.0,450000.0
3525,Mediana,3,277500.0,450000.0
3642,Mediana,3,593700.0,450000.0
3889,Mediana,3,341500.0,450000.0
3894,Mediana,3,422500.0,450000.0
4271,Mediana,3,394900.0,450000.0
4784,Mediana,3,470000.0,450000.0
4807,Mediana,3,437500.0,450000.0
4864,Mediana,3,175000.0,450000.0
5145,Mediana,3,529888.0,450000.0
5268,Mediana,3,495000.0,450000.0
5482,Mediana,3,550000.0,450000.0
5868,Mediana,3,490000.0,450000.0
5886,Mediana,3,1200000.0,450000.0
5925,Mediana,3,450000.0,450000.0
6115,Mediana,3,310000.0,450000.0
6560,Mediana,3,475000.0,450000.0
7314,Mediana,3,295000.0,450000.0
7317,Mediana,3,286000.0,450000.0
7820,Mediana,3,265000.0,450000.0
7974,Mediana,3,285000.0,450000.0
8040,Mediana,3,440000.0,450000.0
8051,Mediana,3,590000.0,450000.0
8104,Mediana,3,444950.0,450000.0
8216,Mediana,3,555000.0,450000.0
9664,Mediana,3,1093000.0,450000.0
9675,Mediana,3,460500.0,450000.0
10128,Mediana,3,290000.0,450000.0
10693,Mediana,3,280500.0,450000.0
10712,Mediana,3,428000.0,450000.0
10950,Mediana,3,665000.0,450000.0
11243,Mediana,3,640000.0,450000.0
11844,Mediana,3,770000.0,450000.0
11855,Mediana,3,1475000.0,450000.0
11881,Mediana,3,380000.0,450000.0
11917,Mediana,3,406250.0,450000.0
12082,Mediana,3,325000.0,450000.0
12369,Mediana,3,685000.0,450000.0
12500,Mediana,3,162000.0,450000.0
12573,Mediana,3,370000.0,450000.0
12653,Mediana,3,320000.0,450000.0
12707,Mediana,3,245000.0,450000.0
13317,Mediana,3,580000.0,450000.0
13545,Mediana,3,896000.0,450000.0
13560,Mediana,3,290000.0,450000.0
13742,Mediana,3,325000.0,450000.0
14813,Mediana,3,554000.0,450000.0
14874,Mediana,3,234950.0,450000.0
15680,Mediana,3,799990.0,450000.0
16383,Mediana,3,415000.0,450000.0
16486,Mediana,3,249500.0,450000.0
16541,Mediana,3,435000.0,450000.0
16706,Mediana,3,213500.0,450000.0
17196,Mediana,3,425000.0,450000.0
17291,Mediana,3,624900.0,450000.0
17675,Mediana,3,325000.0,450000.0
17725,Mediana,3,575000.0,450000.0
17915,Mediana,3,227000.0,450000.0
18254,Mediana,3,225000.0,450000.0
18720,Mediana,3,475000.0,450000.0
19185,Mediana,3,324950.0,450000.0
19250,Mediana,3,260000.0,450000.0
19281,Mediana,3,781500.0,450000.0
19316,Mediana,3,221347.0,450000.0
19547,Mediana,3,945000.0,450000.0
19682,Mediana,3,720000.0,450000.0
19733,Mediana,3,489000.0,450000.0
19882,Mediana,3,622500.0,450000.0
20828,Mediana,3,1900000.0,450000.0
20924,Mediana,3,400000.0,450000.0
21127,Mediana,3,365000.0,450000.0
166,Mediana,3,269950.0,450000.0
1221,Mediana,3,330000.0,450000.0
1291,Mediana,3,170000.0,450000.0
1416,Mediana,3,241000.0,450000.0
2300,Mediana,3,357000.0,450000.0
2725,Mediana,3,298500.0,450000.0
3108,Mediana,3,89950.0,450000.0
3155,Mediana,3,700000.0,450000.0
3389,Mediana,3,895000.0,450000.0
4067,Mediana,3,373000.0,450000.0
4274,Mediana,3,858000.0,450000.0
4541,Mediana,3,700000.0,450000.0
4949,Mediana,3,329999.0,450000.0
5133,Mediana,3,770000.0,450000.0
5549,Mediana,3,630000.0,450000.0
5735,Mediana,3,990400.0,450000.0
6597,Mediana,3,425000.0,450000.0
6757,Mediana,3,415000.0,450000.0
6810,Mediana,3,256400.0,450000.0
6907,Mediana,3,655000.0,450000.0
6943,Mediana,3,650000.0,450000.0
6995,Mediana,3,385000.0,450000.0
7210,Mediana,3,615000.0,450000.0
7494,Mediana,3,841000.0,450000.0
7513,Mediana,3,435000.0,450000.0
7530,Mediana,3,935000.0,450000.0
7605,Mediana,3,518000.0,450000.0
7744,Mediana,3,258000.0,450000.0
7819,Mediana,3,250000.0,450000.0
8203,Mediana,3,330000.0,450000.0
8385,Mediana,3,751000.0,450000.0
8570,Mediana,3,189000.0,450000.0
8595,Mediana,3,245000.0,450000.0
8653,Mediana,3,289900.0,450000.0
8708,Mediana,3,417200.0,450000.0
9135,Mediana,3,570000.0,450000.0
9224,Mediana,3,529000.0,450000.0
9259,Mediana,3,485000.0,450000.0
10020,Mediana,3,435000.0,450000.0
10089,Mediana,3,383610.0,450000.0
10336,Mediana,3,750000.0,450000.0
11145,Mediana,3,877500.0,450000.0
12075,Mediana,3,156000.0,450000.0
12435,Mediana,3,340000.0,450000.0
12691,Mediana,3,689000.0,450000.0
13114,Mediana,3,535000.0,450000.0
13126,Mediana,3,346000.0,450000.0
13194,Mediana,3,245000.0,450000.0
13382,Mediana,3,530000.0,450000.0
13398,Mediana,3,461000.0,450000.0
13722,Mediana,3,1160000.0,450000.0
13835,Mediana,3,245000.0,450000.0
14337,Mediana,3,800500.0,450000.0
14653,Mediana,3,560000.0,450000.0
14770,Mediana,3,110000.0,450000.0
14903,Mediana,3,638000.0,450000.0
15950,Mediana,3,325000.0,450000.0
16211,Mediana,3,260000.0,450000.0
17011,Mediana,3,420000.0,450000.0
17048,Mediana,3,208000.0,450000.0
17187,Mediana,3,531800.0,450000.0
17283,Mediana,3,529000.0,450000.0
17664,Mediana,3,315000.0,450000.0
18144,Mediana,3,760000.0,450000.0
18509,Mediana,3,705640.0,450000.0
18889,Mediana,3,410000.0,450000.0
19434,Mediana,3,710000.0,450000.0
19438,Mediana,3,375000.0,450000.0
20181,Mediana,3,645000.0,450000.0
20337,Mediana,3,550000.0,450000.0
20867,Mediana,3,299000.0,450000.0
21050,Mediana,3,900000.0,450000.0
21422,Mediana,3,386950.0,450000.0
21539,Mediana,3,338500.0,450000.0
21607,Mediana,3,475000.0,450000.0
1038,Mediana,3,380000.0,450000.0
1103,Mediana,3,195000.0,450000.0
1472,Mediana,3,519500.0,450000.0
1637,Mediana,3,440000.0,450000.0
1773,Mediana,3,305000.0,450000.0
2440,Mediana,3,520000.0,450000.0
2469,Mediana,3,290000.0,450000.0
2733,Mediana,3,278500.0,450000.0
3163,Mediana,3,415000.0,450000.0
3690,Mediana,3,132500.0,450000.0
3978,Mediana,3,350000.0,450000.0
3994,Mediana,3,425000.0,450000.0
4326,Mediana,3,289500.0,450000.0
4496,Mediana,3,327000.0,450000.0
4630,Mediana,3,369900.0,450000.0
4921,Mediana,3,690000.0,450000.0
5081,Mediana,3,643000.0,450000.0
5130,Mediana,3,300000.0,450000.0
5134,Mediana,3,255000.0,450000.0
5468,Mediana,3,257500.0,450000.0
5493,Mediana,3,325000.0,450000.0
6061,Mediana,3,199000.0,450000.0
6091,Mediana,3,540000.0,450000.0
6301,Mediana,3,248000.0,450000.0
6824,Mediana,3,220000.0,450000.0
7159,Mediana,3,430000.0,450000.0
7565,Mediana,3,236775.0,450000.0
7785,Mediana,3,210000.0,450000.0
8301,Mediana,3,306500.0,450000.0
8908,Mediana,3,998000.0,450000.0
9212,Mediana,3,205000.0,450000.0
9420,Mediana,3,246000.0,450000.0
9634,Mediana,3,290000.0,450000.0
9975,Mediana,3,234000.0,450000.0
10320,Mediana,3,365000.0,450000.0
10404,Mediana,3,965000.0,450000.0
10699,Mediana,3,705000.0,450000.0
11254,Mediana,3,522500.0,450000.0
11432,Mediana,3,745000.0,450000.0
11522,Mediana,3,650000.0,450000.0
11552,Mediana,3,252000.0,450000.0
11669,Mediana,3,300000.0,450000.0
11781,Mediana,3,265000.0,450000.0
12309,Mediana,3,270000.0,450000.0
12358,Mediana,3,324950.0,450000.0
12362,Mediana,3,285000.0,450000.0
12541,Mediana,3,550000.0,450000.0
12810,Mediana,3,302000.0,450000.0
12818,Mediana,3,1313000.0,450000.0
13036,Mediana,3,413000.0,450000.0
13592,Mediana,3,230000.0,450000.0
13609,Mediana,3,575000.0,450000.0
14808,Mediana,3,1050000.0,450000.0
15549,Mediana,3,565000.0,450000.0
15954,Mediana,3,819000.0,450000.0
16356,Mediana,3,190000.0,450000.0
16764,Mediana,3,450000.0,450000.0
17330,Mediana,3,460000.0,450000.0
17696,Mediana,3,709000.0,450000.0
18719,Mediana,3,295000.0,450000.0
19349,Mediana,3,708000.0,450000.0
19537,Mediana,3,590000.0,450000.0
19787,Mediana,3,439950.0,450000.0
19869,Mediana,3,625250.0,450000.0
19994,Mediana,3,260000.0,450000.0
20185,Mediana,3,429900.0,450000.0
20618,Mediana,3,610000.0,450000.0
21023,Mediana,3,286000.0,450000.0
21071,Mediana,3,1080000.0,450000.0
21216,Mediana,3,369500.0,450000.0
21307,Mediana,3,331000.0,450000.0
21430,Mediana,3,700000.0,450000.0
216,Mediana,3,1505000.0,450000.0
2625,Mediana,3,465000.0,450000.0
4073,Mediana,3,761000.0,450000.0
452,Mediana,3,232000.0,450000.0
6432,Mediana,3,279950.0,450000.0
7363,Mediana,3,269000.0,450000.0
12222,Mediana,3,490000.0,450000.0
14438,Mediana,3,269950.0,450000.0
15231,Mediana,3,467500.0,450000.0
16190,Mediana,3,264500.0,450000.0
18200,Mediana,3,1063000.0,450000.0
19445,Mediana,3,490000.0,450000.0
19892,Mediana,3,390000.0,450000.0
20050,Mediana,3,379900.0,450000.0
20121,Mediana,3,635000.0,450000.0
21376,Mediana,3,365000.0,450000.0
59,Mediana,3,430000.0,450000.0
1797,Mediana,3,212000.0,450000.0
1801,Mediana,3,615000.0,450000.0
2252,Mediana,3,340000.0,450000.0
3977,Mediana,3,635000.0,450000.0
4655,Mediana,3,390000.0,450000.0
4889,Mediana,3,325000.0,450000.0
5136,Mediana,3,690700.0,450000.0
5266,Mediana,3,605000.0,450000.0
5583,Mediana,3,357500.0,450000.0
5653,Mediana,3,350000.0,450000.0
5855,Mediana,3,775000.0,450000.0
5983,Mediana,3,458500.0,450000.0
6137,Mediana,3,325000.0,450000.0
6617,Mediana,3,829900.0,450000.0
6950,Mediana,3,482000.0,450000.0
7554,Mediana,3,322500.0,450000.0
7673,Mediana,3,765000.0,450000.0
7736,Mediana,3,535500.0,450000.0
7866,Mediana,3,615000.0,450000.0
8631,Mediana,3,314950.0,450000.0
8726,Mediana,3,614000.0,450000.0
9027,Mediana,3,359999.0,450000.0
10217,Mediana,3,685000.0,450000.0
10400,Mediana,3,399000.0,450000.0
10514,Mediana,3,342000.0,450000.0
10792,Mediana,3,392000.0,450000.0
10801,Mediana,3,436000.0,450000.0
11501,Mediana,3,328500.0,450000.0
11661,Mediana,3,255000.0,450000.0
12820,Mediana,3,598780.0,450000.0
13504,Mediana,3,440250.0,450000.0
13518,Mediana,3,390000.0,450000.0
14244,Mediana,3,275000.0,450000.0
14578,Mediana,3,335750.0,450000.0
15168,Mediana,3,316000.0,450000.0
15201,Mediana,3,542000.0,450000.0
15486,Mediana,3,335000.0,450000.0
15634,Mediana,3,265000.0,450000.0
16042,Mediana,3,485000.0,450000.0
16101,Mediana,3,637000.0,450000.0
16229,Mediana,3,710000.0,450000.0
16487,Mediana,3,485000.0,450000.0
17429,Mediana,3,300000.0,450000.0
17503,Mediana,3,241500.0,450000.0
17615,Mediana,3,293000.0,450000.0
17690,Mediana,3,1364000.0,450000.0
17825,Mediana,3,425000.0,450000.0
17908,Mediana,3,400000.0,450000.0
17927,Mediana,3,260000.0,450000.0
18016,Mediana,3,340000.0,450000.0
18026,Mediana,3,575000.0,450000.0
18327,Mediana,3,1265000.0,450000.0
18425,Mediana,3,420000.0,450000.0
18463,Mediana,3,455000.0,450000.0
18761,Mediana,3,529941.0,450000.0
19277,Mediana,3,365000.0,450000.0
19598,Mediana,3,400000.0,450000.0
19890,Mediana,3,559950.0,450000.0
19999,Mediana,3,649950.0,450000.0
20095,Mediana,3,335000.0,450000.0
20494,Mediana,3,399000.0,450000.0
20555,Mediana,3,379500.0,450000.0
20624,Mediana,3,635000.0,450000.0
20813,Mediana,3,1325000.0,450000.0
20831,Mediana,3,489950.0,450000.0
20883,Mediana,3,461000.0,450000.0
20913,Mediana,3,299999.0,450000.0
21047,Mediana,3,302059.0,450000.0
21374,Mediana,3,705000.0,450000.0
21609,Mediana,3,400000.0,450000.0
291,Mediana,3,630000.0,450000.0
403,Mediana,3,437000.0,450000.0
532,Mediana,3,970000.0,450000.0
604,Mediana,3,435500.0,450000.0
689,Mediana,3,396000.0,450000.0
736,Mediana,3,588000.0,450000.0
748,Mediana,3,517500.0,450000.0
799,Mediana,3,1100000.0,450000.0
1141,Mediana,3,380000.0,450000.0
1505,Mediana,3,230000.0,450000.0
2608,Mediana,3,450000.0,450000.0
2671,Mediana,3,470000.0,450000.0
2808,Mediana,3,330000.0,450000.0
3022,Mediana,3,279000.0,450000.0
3147,Mediana,3,345000.0,450000.0
3200,Mediana,3,178000.0,450000.0
3241,Mediana,3,350000.0,450000.0
3544,Mediana,3,197000.0,450000.0
4269,Mediana,3,199500.0,450000.0
4880,Mediana,3,265000.0,450000.0
4946,Mediana,3,312500.0,450000.0
5357,Mediana,3,320000.0,450000.0
5518,Mediana,3,815000.0,450000.0
5601,Mediana,3,255000.0,450000.0
5605,Mediana,3,265000.0,450000.0
6070,Mediana,3,671300.0,450000.0
6251,Mediana,3,408000.0,450000.0
6332,Mediana,3,430000.0,450000.0
6343,Mediana,3,260000.0,450000.0
6405,Mediana,3,473000.0,450000.0
6478,Mediana,3,417500.0,450000.0
6640,Mediana,3,350000.0,450000.0
6811,Mediana,3,310000.0,450000.0
6910,Mediana,3,596000.0,450000.0
7403,Mediana,3,269000.0,450000.0
7588,Mediana,3,163000.0,450000.0
8036,Mediana,3,258305.0,450000.0
8079,Mediana,3,522500.0,450000.0
8117,Mediana,3,386000.0,450000.0
8142,Mediana,3,875000.0,450000.0
8761,Mediana,3,270500.0,450000.0
8972,Mediana,3,394999.0,450000.0
9086,Mediana,3,415000.0,450000.0
9108,Mediana,3,420000.0,450000.0
9112,Mediana,3,1360000.0,450000.0
9151,Mediana,3,319502.0,450000.0
9461,Mediana,3,499000.0,450000.0
9805,Mediana,3,284200.0,450000.0
9973,Mediana,3,290000.0,450000.0
10062,Mediana,3,430000.0,450000.0
10314,Mediana,3,709000.0,450000.0
10402,Mediana,3,406500.0,450000.0
10827,Mediana,3,583500.0,450000.0
10970,Mediana,3,868000.0,450000.0
11136,Mediana,3,500000.0,450000.0
11317,Mediana,3,285000.0,450000.0
11364,Mediana,3,875000.0,450000.0
11699,Mediana,3,191950.0,450000.0
12166,Mediana,3,718000.0,450000.0
12175,Mediana,3,490000.0,450000.0
12626,Mediana,3,209900.0,450000.0
12690,Mediana,3,850000.0,450000.0
12932,Mediana,3,850000.0,450000.0
13056,Mediana,3,565000.0,450000.0
13631,Mediana,3,255000.0,450000.0
14090,Mediana,3,270000.0,450000.0
14238,Mediana,3,240000.0,450000.0
14243,Mediana,3,589000.0,450000.0
14325,Mediana,3,365000.0,450000.0
14421,Mediana,3,115000.0,450000.0
14441,Mediana,3,260000.0,450000.0
14832,Mediana,3,396000.0,450000.0
14833,Mediana,3,397000.0,450000.0
15699,Mediana,3,418200.0,450000.0
15829,Mediana,3,499950.0,450000.0
16201,Mediana,3,447000.0,450000.0
16226,Mediana,3,420000.0,450000.0
16327,Mediana,3,1030000.0,450000.0
16367,Mediana,3,139000.0,450000.0
16543,Mediana,3,293000.0,450000.0
16692,Mediana,3,540000.0,450000.0
16981,Mediana,3,229950.0,450000.0
17515,Mediana,3,545000.0,450000.0
18178,Mediana,3,369300.0,450000.0
18519,Mediana,3,1450000.0,450000.0
18567,Mediana,3,515000.0,450000.0
18641,Mediana,3,430000.0,450000.0
19013,Mediana,3,375000.0,450000.0
19061,Mediana,3,540000.0,450000.0
19178,Mediana,3,873000.0,450000.0
19565,Mediana,3,323000.0,450000.0
19909,Mediana,3,598950.0,450000.0
20361,Mediana,3,609500.0,450000.0
20653,Mediana,3,405000.0,450000.0
20795,Mediana,3,450000.0,450000.0
20822,Mediana,3,780000.0,450000.0
21200,Mediana,3,720000.0,450000.0
21366,Mediana,3,370000.0,450000.0
2,Mediana,3,180000.0,450000.0
427,Mediana,3,1300000.0,450000.0
623,Mediana,3,605000.0,450000.0
780,Mediana,3,305000.0,450000.0
989,Mediana,3,484950.0,450000.0
1541,Mediana,3,350000.0,450000.0
1742,Mediana,3,445000.0,450000.0
2269,Mediana,3,235000.0,450000.0
2306,Mediana,3,302000.0,450000.0
2503,Mediana,3,575000.0,450000.0
2572,Mediana,3,439950.0,450000.0
2632,Mediana,3,250000.0,450000.0
2677,Mediana,3,399500.0,450000.0
2877,Mediana,3,195000.0,450000.0
3223,Mediana,3,262000.0,450000.0
3283,Mediana,3,855000.0,450000.0
3556,Mediana,3,325000.0,450000.0
3720,Mediana,3,735000.0,450000.0
4138,Mediana,3,545000.0,450000.0
4591,Mediana,3,539000.0,450000.0
4703,Mediana,3,299800.0,450000.0
5053,Mediana,3,735000.0,450000.0
5161,Mediana,3,822000.0,450000.0
5341,Mediana,3,595000.0,450000.0
5500,Mediana,3,482000.0,450000.0
5724,Mediana,3,185000.0,450000.0
5807,Mediana,3,325000.0,450000.0
5941,Mediana,3,440000.0,450000.0
6065,Mediana,3,525000.0,450000.0
6236,Mediana,3,275000.0,450000.0
6484,Mediana,3,425500.0,450000.0
6631,Mediana,3,340000.0,450000.0
7160,Mediana,3,460000.0,450000.0
7181,Mediana,3,249000.0,450000.0
7190,Mediana,3,380500.0,450000.0
7515,Mediana,3,450000.0,450000.0
8062,Mediana,3,200000.0,450000.0
8069,Mediana,3,319950.0,450000.0
8413,Mediana,3,1110000.0,450000.0
8827,Mediana,3,565000.0,450000.0
8858,Mediana,3,200000.0,450000.0
9070,Mediana,3,274000.0,450000.0
9349,Mediana,3,551870.0,450000.0
9654,Mediana,3,760500.0,450000.0
10098,Mediana,3,1326000.0,450000.0
10299,Mediana,3,529500.0,450000.0
10425,Mediana,3,389000.0,450000.0
10473,Mediana,3,285000.0,450000.0
10597,Mediana,3,580000.0,450000.0
10694,Mediana,3,704000.0,450000.0
11291,Mediana,3,780000.0,450000.0
11309,Mediana,3,273000.0,450000.0
11318,Mediana,3,524950.0,450000.0
11359,Mediana,3,533000.0,450000.0
11643,Mediana,3,491000.0,450000.0
11960,Mediana,3,286300.0,450000.0
12015,Mediana,3,500000.0,450000.0
12238,Mediana,3,180000.0,450000.0
12269,Mediana,3,550000.0,450000.0
12431,Mediana,3,595000.0,450000.0
13133,Mediana,3,906000.0,450000.0
13199,Mediana,3,835000.0,450000.0
13217,Mediana,3,455000.0,450000.0
13351,Mediana,3,235000.0,450000.0
13512,Mediana,3,728935.0,450000.0
15240,Mediana,3,370000.0,450000.0
15385,Mediana,3,450000.0,450000.0
15788,Mediana,3,572000.0,450000.0
16292,Mediana,3,495000.0,450000.0
16525,Mediana,3,1980000.0,450000.0
16687,Mediana,3,396000.0,450000.0
16749,Mediana,3,425000.0,450000.0
17078,Mediana,3,322000.0,450000.0
17245,Mediana,3,1454000.0,450000.0
17456,Mediana,3,565000.0,450000.0
17642,Mediana,3,575000.0,450000.0
17749,Mediana,3,340000.0,450000.0
17846,Mediana,3,700000.0,450000.0
17875,Mediana,3,642000.0,450000.0
18217,Mediana,3,479000.0,450000.0
18336,Mediana,3,285000.0,450000.0
18473,Mediana,3,539000.0,450000.0
18526,Mediana,3,482000.0,450000.0
18539,Mediana,3,562000.0,450000.0
19222,Mediana,3,675000.0,450000.0
19651,Mediana,3,319500.0,450000.0
20060,Mediana,3,379950.0,450000.0
20179,Mediana,3,665000.0,450000.0
20224,Mediana,3,1789950.0,450000.0
20225,Mediana,3,895900.0,450000.0
20326,Mediana,3,2350000.0,450000.0
20444,Mediana,3,500012.0,450000.0
20849,Mediana,3,329950.0,450000.0
21034,Mediana,3,810000.0,450000.0
21456,Mediana,3,450000.0,450000.0
92,Mediana,3,153000.0,450000.0
247,Mediana,3,181000.0,450000.0
1039,Mediana,3,566000.0,450000.0
1430,Mediana,3,470000.0,450000.0
2181,Mediana,3,1550000.0,450000.0
2494,Mediana,3,322000.0,450000.0
3050,Mediana,3,517000.0,450000.0
3051,Mediana,3,615000.0,450000.0
3130,Mediana,3,250000.0,450000.0
3171,Mediana,3,587500.0,450000.0
3281,Mediana,3,1965000.0,450000.0
3635,Mediana,3,251000.0,450000.0
3839,Mediana,3,830000.0,450000.0
3953,Mediana,3,317000.0,450000.0
5774,Mediana,3,310000.0,450000.0
5852,Mediana,3,899000.0,450000.0
6406,Mediana,3,279000.0,450000.0
6835,Mediana,3,190000.0,450000.0
7106,Mediana,3,284000.0,450000.0
7186,Mediana,3,275500.0,450000.0
7607,Mediana,3,430000.0,450000.0
8140,Mediana,3,484000.0,450000.0
8405,Mediana,3,970000.0,450000.0
8599,Mediana,3,635000.0,450000.0
9653,Mediana,3,392000.0,450000.0
10133,Mediana,3,219000.0,450000.0
10195,Mediana,3,690000.0,450000.0
10549,Mediana,3,440000.0,450000.0
11174,Mediana,3,454900.0,450000.0
11772,Mediana,3,615000.0,450000.0
12054,Mediana,3,401000.0,450000.0
12739,Mediana,3,320000.0,450000.0
12956,Mediana,3,269000.0,450000.0
13195,Mediana,3,525000.0,450000.0
13207,Mediana,3,259000.0,450000.0
13654,Mediana,3,267500.0,450000.0
13751,Mediana,3,464000.0,450000.0
13773,Mediana,3,364000.0,450000.0
14173,Mediana,3,286000.0,450000.0
14177,Mediana,3,350000.0,450000.0
14632,Mediana,3,267000.0,450000.0
15312,Mediana,3,190000.0,450000.0
15653,Mediana,3,160000.0,450000.0
15726,Mediana,3,253750.0,450000.0
16472,Mediana,3,330000.0,450000.0
17272,Mediana,3,350000.0,450000.0
17582,Mediana,3,616000.0,450000.0
17590,Mediana,3,303697.0,450000.0
17614,Mediana,3,228500.0,450000.0
17976,Mediana,3,360000.0,450000.0
18253,Mediana,3,400000.0,450000.0
18711,Mediana,3,215000.0,450000.0
19425,Mediana,3,794500.0,450000.0
20211,Mediana,3,347500.0,450000.0
20283,Mediana,3,380000.0,450000.0
20463,Mediana,3,510000.0,450000.0
20991,Mediana,3,910000.0,450000.0
21140,Mediana,3,250000.0,450000.0
21533,Mediana,3,999999.0,450000.0
21565,Mediana,3,341780.0,450000.0
144,Mediana,3,500000.0,450000.0
281,Mediana,3,170000.0,450000.0
763,Mediana,3,374950.0,450000.0
1242,Mediana,3,375000.0,450000.0
1356,Mediana,3,643000.0,450000.0
1499,Mediana,3,720000.0,450000.0
1698,Mediana,3,340000.0,450000.0
1958,Mediana,3,429800.0,450000.0
3025,Mediana,3,367000.0,450000.0
3138,Mediana,3,450000.0,450000.0
3185,Mediana,3,635000.0,450000.0
4569,Mediana,3,140000.0,450000.0
4642,Mediana,3,295000.0,450000.0
4772,Mediana,3,205500.0,450000.0
5966,Mediana,3,637000.0,450000.0
6139,Mediana,3,425000.0,450000.0
6781,Mediana,3,217000.0,450000.0
6876,Mediana,3,435000.0,450000.0
7251,Mediana,3,204000.0,450000.0
7371,Mediana,3,395000.0,450000.0
9481,Mediana,3,780000.0,450000.0
9911,Mediana,3,400000.0,450000.0
10045,Mediana,3,425590.0,450000.0
10131,Mediana,3,309000.0,450000.0
11023,Mediana,3,330000.0,450000.0
11086,Mediana,3,315000.0,450000.0
11492,Mediana,3,499000.0,450000.0
12382,Mediana,3,207000.0,450000.0
13312,Mediana,3,600000.0,450000.0
13670,Mediana,3,369000.0,450000.0
14555,Mediana,3,930000.0,450000.0
15245,Mediana,3,1398000.0,450000.0
16308,Mediana,3,248500.0,450000.0
17211,Mediana,3,275000.0,450000.0
17281,Mediana,3,339000.0,450000.0
17688,Mediana,3,612500.0,450000.0
17850,Mediana,3,620047.0,450000.0
18355,Mediana,3,403000.0,450000.0
19667,Mediana,3,1450000.0,450000.0
19939,Mediana,3,325000.0,450000.0
20508,Mediana,3,394950.0,450000.0
20532,Mediana,3,550000.0,450000.0
20560,Mediana,3,908990.0,450000.0
20972,Mediana,3,370950.0,450000.0
21006,Mediana,3,415000.0,450000.0
21283,Mediana,3,988990.0,450000.0
21296,Mediana,3,445000.0,450000.0
21514,Mediana,3,1865000.0,450000.0
21542,Mediana,3,715000.0,450000.0
308,Mediana,3,550700.0,450000.0
2750,Mediana,3,352000.0,450000.0
5214,Mediana,3,997000.0,450000.0
14760,Mediana,3,285000.0,450000.0
21306,Mediana,3,579950.0,450000.0
9015,Mediana,3,490000.0,450000.0
12313,Mediana,3,624000.0,450000.0
16600,Mediana,3,440000.0,450000.0
18100,Mediana,3,505400.0,450000.0
19176,Mediana,3,534000.0,450000.0
19344,Mediana,3,151000.0,450000.0
29,Mediana,3,719000.0,450000.0
125,Mediana,3,1450000.0,450000.0
1419,Mediana,3,350000.0,450000.0
2179,Mediana,3,1650000.0,450000.0
2474,Mediana,3,858000.0,450000.0
4180,Mediana,3,235000.0,450000.0
5012,Mediana,3,455000.0,450000.0
5364,Mediana,3,404000.0,450000.0
6072,Mediana,3,1100000.0,450000.0
6239,Mediana,3,200000.0,450000.0
6295,Mediana,3,545000.0,450000.0
7145,Mediana,3,410000.0,450000.0
7383,Mediana,3,585000.0,450000.0
8642,Mediana,3,380000.0,450000.0
8795,Mediana,3,265000.0,450000.0
8951,Mediana,3,428750.0,450000.0
10044,Mediana,3,585000.0,450000.0
10468,Mediana,3,2000000.0,450000.0
10523,Mediana,3,310000.0,450000.0
11606,Mediana,3,1300000.0,450000.0
11641,Mediana,3,350000.0,450000.0
11716,Mediana,3,319950.0,450000.0
11734,Mediana,3,245000.0,450000.0
11778,Mediana,3,460000.0,450000.0
12148,Mediana,3,895000.0,450000.0
13073,Mediana,3,469000.0,450000.0
13796,Mediana,3,220000.0,450000.0
14472,Mediana,3,275000.0,450000.0
15457,Mediana,3,365000.0,450000.0
15619,Mediana,3,329950.0,450000.0
16515,Mediana,3,885000.0,450000.0
16580,Mediana,3,1810000.0,450000.0
16713,Mediana,3,455000.0,450000.0
17102,Mediana,3,350000.0,450000.0
18404,Mediana,3,650000.0,450000.0
18742,Mediana,3,247500.0,450000.0
19599,Mediana,3,515000.0,450000.0
19736,Mediana,3,1680000.0,450000.0
20220,Mediana,3,204000.0,450000.0
20395,Mediana,3,395000.0,450000.0
20690,Mediana,3,370000.0,450000.0
21418,Mediana,3,750000.0,450000.0
21522,Mediana,3,462500.0,450000.0
54,Mediana,3,920000.0,450000.0
204,Mediana,3,274250.0,450000.0
229,Mediana,3,516500.0,450000.0
640,Mediana,3,378000.0,450000.0
863,Mediana,3,910000.0,450000.0
1788,Mediana,3,256000.0,450000.0
1829,Mediana,3,753000.0,450000.0
2425,Mediana,3,992000.0,450000.0
2545,Mediana,3,465000.0,450000.0
2870,Mediana,3,521000.0,450000.0
2897,Mediana,3,435000.0,450000.0
3227,Mediana,3,551000.0,450000.0
4214,Mediana,3,525000.0,450000.0
5768,Mediana,3,638250.0,450000.0
6359,Mediana,3,670000.0,450000.0
6553,Mediana,3,498500.0,450000.0
6613,Mediana,3,545000.0,450000.0
6823,Mediana,3,1430000.0,450000.0
6853,Mediana,3,772500.0,450000.0
7379,Mediana,3,713000.0,450000.0
7405,Mediana,3,564000.0,450000.0
7661,Mediana,3,670000.0,450000.0
7992,Mediana,3,90000.0,450000.0
8255,Mediana,3,370000.0,450000.0
8453,Mediana,3,340000.0,450000.0
8489,Mediana,3,674000.0,450000.0
8967,Mediana,3,720000.0,450000.0
9091,Mediana,3,883000.0,450000.0
9207,Mediana,3,425000.0,450000.0
9221,Mediana,3,750000.0,450000.0
9397,Mediana,3,420000.0,450000.0
9740,Mediana,3,259500.0,450000.0
10487,Mediana,3,425000.0,450000.0
11248,Mediana,3,575000.0,450000.0
11451,Mediana,3,647000.0,450000.0
11605,Mediana,3,495000.0,450000.0
12099,Mediana,3,590000.0,450000.0
13342,Mediana,3,385000.0,450000.0
13505,Mediana,3,585000.0,450000.0
13622,Mediana,3,339950.0,450000.0
13636,Mediana,3,563500.0,450000.0
13967,Mediana,3,3395000.0,450000.0
14203,Mediana,3,273000.0,450000.0
14665,Mediana,3,177000.0,450000.0
17047,Mediana,3,247500.0,450000.0
17380,Mediana,3,310000.0,450000.0
18368,Mediana,3,500000.0,450000.0
18503,Mediana,3,359000.0,450000.0
19097,Mediana,3,420000.0,450000.0
19139,Mediana,3,335000.0,450000.0
19303,Mediana,3,315000.0,450000.0
19466,Mediana,3,1500000.0,450000.0
19524,Mediana,3,147000.0,450000.0
19662,Mediana,3,405000.0,450000.0
19680,Mediana,3,465000.0,450000.0
19893,Mediana,3,425000.0,450000.0
19956,Mediana,3,1563100.0,450000.0
20138,Mediana,3,734000.0,450000.0
20708,Mediana,3,305000.0,450000.0
21061,Mediana,3,390000.0,450000.0
21248,Mediana,3,1080000.0,450000.0
21321,Mediana,3,1350000.0,450000.0
21420,Mediana,3,299950.0,450000.0
111,Mediana,3,570000.0,450000.0
162,Mediana,3,900000.0,450000.0
297,Mediana,3,446500.0,450000.0
693,Mediana,3,410000.0,450000.0
714,Mediana,3,405000.0,450000.0
785,Mediana,3,218000.0,450000.0
794,Mediana,3,210000.0,450000.0
848,Mediana,3,512000.0,450000.0
991,Mediana,3,585000.0,450000.0
1636,Mediana,3,325000.0,450000.0
1863,Mediana,3,625000.0,450000.0
2007,Mediana,3,1015000.0,450000.0
2890,Mediana,3,210500.0,450000.0
3188,Mediana,3,200000.0,450000.0
3197,Mediana,3,401000.0,450000.0
3320,Mediana,3,496000.0,450000.0
3699,Mediana,3,632500.0,450000.0
4039,Mediana,3,385000.0,450000.0
4134,Mediana,3,292000.0,450000.0
4187,Mediana,3,400800.0,450000.0
4577,Mediana,3,690000.0,450000.0
4805,Mediana,3,224975.0,450000.0
4811,Mediana,3,2479000.0,450000.0
4869,Mediana,3,950000.0,450000.0
4994,Mediana,3,637000.0,450000.0
5854,Mediana,3,512500.0,450000.0
6294,Mediana,3,265953.0,450000.0
6411,Mediana,3,529000.0,450000.0
6428,Mediana,3,702000.0,450000.0
6567,Mediana,3,280000.0,450000.0
6812,Mediana,3,385000.0,450000.0
6825,Mediana,3,243000.0,450000.0
7135,Mediana,3,1430000.0,450000.0
7355,Mediana,3,315000.0,450000.0
7510,Mediana,3,390000.0,450000.0
7645,Mediana,3,492000.0,450000.0
7709,Mediana,3,620000.0,450000.0
7979,Mediana,3,590000.0,450000.0
7997,Mediana,3,250000.0,450000.0
8015,Mediana,3,606000.0,450000.0
8324,Mediana,3,239950.0,450000.0
8369,Mediana,3,536000.0,450000.0
8679,Mediana,3,895000.0,450000.0
9227,Mediana,3,607000.0,450000.0
9471,Mediana,3,320000.0,450000.0
9559,Mediana,3,453000.0,450000.0
10313,Mediana,3,550500.0,450000.0
10366,Mediana,3,750000.0,450000.0
10381,Mediana,3,490000.0,450000.0
10474,Mediana,3,290000.0,450000.0
10807,Mediana,3,729000.0,450000.0
10961,Mediana,3,360000.0,450000.0
11288,Mediana,3,539000.0,450000.0
11738,Mediana,3,700000.0,450000.0
11931,Mediana,3,271920.0,450000.0
11994,Mediana,3,445000.0,450000.0
12192,Mediana,3,242000.0,450000.0
12969,Mediana,3,225000.0,450000.0
13010,Mediana,3,413252.0,450000.0
13089,Mediana,3,365000.0,450000.0
13260,Mediana,3,781000.0,450000.0
13827,Mediana,3,339100.0,450000.0
13832,Mediana,3,575000.0,450000.0
13873,Mediana,3,390000.0,450000.0
14012,Mediana,3,515000.0,450000.0
14185,Mediana,3,2225000.0,450000.0
14510,Mediana,3,380000.0,450000.0
14782,Mediana,3,343000.0,450000.0
14784,Mediana,3,273950.0,450000.0
14829,Mediana,3,840000.0,450000.0
15135,Mediana,3,1770000.0,450000.0
15147,Mediana,3,520000.0,450000.0
15157,Mediana,3,279950.0,450000.0
15937,Mediana,3,279000.0,450000.0
16040,Mediana,3,226000.0,450000.0
16141,Mediana,3,705000.0,450000.0
16170,Mediana,3,532500.0,450000.0
16452,Mediana,3,600000.0,450000.0
16475,Mediana,3,431000.0,450000.0
16621,Mediana,3,470000.0,450000.0
16720,Mediana,3,2140000.0,450000.0
17284,Mediana,3,640000.0,450000.0
17575,Mediana,3,763000.0,450000.0
17946,Mediana,3,275000.0,450000.0
18093,Mediana,3,310000.0,450000.0
18174,Mediana,3,818900.0,450000.0
18190,Mediana,3,400000.0,450000.0
18565,Mediana,3,260000.0,450000.0
18566,Mediana,3,196000.0,450000.0
18727,Mediana,3,230000.0,450000.0
19131,Mediana,3,163000.0,450000.0
19172,Mediana,3,890000.0,450000.0
19460,Mediana,3,279950.0,450000.0
19636,Mediana,3,529500.0,450000.0
20154,Mediana,3,2945000.0,450000.0
20163,Mediana,3,383000.0,450000.0
20204,Mediana,3,550000.0,450000.0
20343,Mediana,3,855000.0,450000.0
21327,Mediana,3,535000.0,450000.0
21410,Mediana,3,695000.0,450000.0
108,Mediana,3,680000.0,450000.0
461,Mediana,3,348000.0,450000.0
511,Mediana,3,480000.0,450000.0
872,Mediana,3,795000.0,450000.0
931,Mediana,3,545000.0,450000.0
1029,Mediana,3,543115.0,450000.0
1441,Mediana,3,264950.0,450000.0
1787,Mediana,3,552500.0,450000.0
1884,Mediana,3,150000.0,450000.0
2167,Mediana,3,306000.0,450000.0
2340,Mediana,3,230000.0,450000.0
2668,Mediana,3,1380000.0,450000.0
2805,Mediana,3,385000.0,450000.0
2828,Mediana,3,900000.0,450000.0
3422,Mediana,3,250000.0,450000.0
3777,Mediana,3,1650000.0,450000.0
3779,Mediana,3,605000.0,450000.0
3991,Mediana,3,499900.0,450000.0
4036,Mediana,3,825050.0,450000.0
4352,Mediana,3,259950.0,450000.0
4419,Mediana,3,425000.0,450000.0
4485,Mediana,3,308000.0,450000.0
4959,Mediana,3,1000000.0,450000.0
5433,Mediana,3,1740000.0,450000.0
5683,Mediana,3,335000.0,450000.0
5890,Mediana,3,420000.0,450000.0
6225,Mediana,3,292000.0,450000.0
6431,Mediana,3,354500.0,450000.0
6969,Mediana,3,447500.0,450000.0
7466,Mediana,3,599000.0,450000.0
7476,Mediana,3,1025000.0,450000.0
7978,Mediana,3,450000.0,450000.0
8074,Mediana,3,284000.0,450000.0
8378,Mediana,3,910000.0,450000.0
8491,Mediana,3,453000.0,450000.0
8722,Mediana,3,625000.0,450000.0
8916,Mediana,3,740000.0,450000.0
9121,Mediana,3,255000.0,450000.0
9233,Mediana,3,733000.0,450000.0
9446,Mediana,3,355000.0,450000.0
9730,Mediana,3,256000.0,450000.0
9739,Mediana,3,485000.0,450000.0
11789,Mediana,3,218000.0,450000.0
12347,Mediana,3,675000.0,450000.0
12532,Mediana,3,539000.0,450000.0
12567,Mediana,3,759950.0,450000.0
12724,Mediana,3,130000.0,450000.0
13210,Mediana,3,635000.0,450000.0
13299,Mediana,3,700000.0,450000.0
14254,Mediana,3,1950000.0,450000.0
14326,Mediana,3,412500.0,450000.0
14765,Mediana,3,780000.0,450000.0
14990,Mediana,3,316500.0,450000.0
15128,Mediana,3,340000.0,450000.0
15210,Mediana,3,336600.0,450000.0
15214,Mediana,3,175000.0,450000.0
15817,Mediana,3,380000.0,450000.0
15850,Mediana,3,205000.0,450000.0
16380,Mediana,3,629950.0,450000.0
16714,Mediana,3,85000.0,450000.0
16926,Mediana,3,501000.0,450000.0
17174,Mediana,3,175000.0,450000.0
17320,Mediana,3,475000.0,450000.0
18085,Mediana,3,525000.0,450000.0
18159,Mediana,3,315000.0,450000.0
18192,Mediana,3,345000.0,450000.0
18325,Mediana,3,255000.0,450000.0
18436,Mediana,3,230000.0,450000.0
18693,Mediana,3,250000.0,450000.0
18797,Mediana,3,244950.0,450000.0
19551,Mediana,3,255000.0,450000.0
19630,Mediana,3,855169.0,450000.0
19694,Mediana,3,340000.0,450000.0
20277,Mediana,3,308000.0,450000.0
20298,Mediana,3,289950.0,450000.0
20836,Mediana,3,402395.0,450000.0
21223,Mediana,3,561000.0,450000.0
21587,Mediana,3,385000.0,450000.0
400,Mediana,3,557000.0,450000.0
948,Mediana,3,369950.0,450000.0
1109,Mediana,3,367000.0,450000.0
1859,Mediana,3,685000.0,450000.0
2473,Mediana,3,1865000.0,450000.0
3111,Mediana,3,196000.0,450000.0
3352,Mediana,3,1100000.0,450000.0
3783,Mediana,3,286950.0,450000.0
4114,Mediana,3,365070.0,450000.0
4465,Mediana,3,284000.0,450000.0
5333,Mediana,3,195000.0,450000.0
5343,Mediana,3,585000.0,450000.0
5376,Mediana,3,185850.0,450000.0
5467,Mediana,3,595000.0,450000.0
6095,Mediana,3,713900.0,450000.0
8250,Mediana,3,508000.0,450000.0
8293,Mediana,3,615000.0,450000.0
8784,Mediana,3,1800000.0,450000.0
8807,Mediana,3,1050000.0,450000.0
9012,Mediana,3,259875.0,450000.0
9172,Mediana,3,1234000.0,450000.0
10067,Mediana,3,325000.0,450000.0
10191,Mediana,3,225000.0,450000.0
10224,Mediana,3,550000.0,450000.0
10472,Mediana,3,262500.0,450000.0
10718,Mediana,3,260000.0,450000.0
10921,Mediana,3,725000.0,450000.0
11335,Mediana,3,515000.0,450000.0
11488,Mediana,3,1325000.0,450000.0
12055,Mediana,3,655000.0,450000.0
12076,Mediana,3,595000.0,450000.0
12255,Mediana,3,605000.0,450000.0
12536,Mediana,3,1030000.0,450000.0
12863,Mediana,3,215150.0,450000.0
13290,Mediana,3,272450.0,450000.0
13309,Mediana,3,335000.0,450000.0
13413,Mediana,3,122000.0,450000.0
13513,Mediana,3,850000.0,450000.0
13729,Mediana,3,265000.0,450000.0
14071,Mediana,3,235000.0,450000.0
14425,Mediana,3,550000.0,450000.0
15172,Mediana,3,619100.0,450000.0
15831,Mediana,3,970000.0,450000.0
16091,Mediana,3,588000.0,450000.0
16312,Mediana,3,198500.0,450000.0
16461,Mediana,3,254000.0,450000.0
17262,Mediana,3,308000.0,450000.0
17568,Mediana,3,397500.0,450000.0
17842,Mediana,3,550000.0,450000.0
18176,Mediana,3,240000.0,450000.0
18281,Mediana,3,959000.0,450000.0
18710,Mediana,3,280000.0,450000.0
19525,Mediana,3,500000.0,450000.0
19945,Mediana,3,530000.0,450000.0
20287,Mediana,3,324950.0,450000.0
20455,Mediana,3,820000.0,450000.0
20711,Mediana,3,530000.0,450000.0
21152,Mediana,3,450000.0,450000.0
6369,Mediana,3,263300.0,450000.0
9803,Mediana,3,305000.0,450000.0
11141,Mediana,3,392500.0,450000.0
18846,Mediana,3,475000.0,450000.0
15066,Mediana,3,340000.0,450000.0
161,Mediana,3,438000.0,450000.0
226,Mediana,3,479950.0,450000.0
396,Mediana,3,530000.0,450000.0
1153,Mediana,3,298900.0,450000.0
1173,Mediana,3,359000.0,450000.0
1339,Mediana,3,435000.0,450000.0
1618,Mediana,3,549500.0,450000.0
1883,Mediana,3,320000.0,450000.0
2029,Mediana,3,325000.0,450000.0
2207,Mediana,3,258500.0,450000.0
2331,Mediana,3,307000.0,450000.0
2662,Mediana,3,418200.0,450000.0
2780,Mediana,3,665000.0,450000.0
3794,Mediana,3,255500.0,450000.0
3858,Mediana,3,347500.0,450000.0
4142,Mediana,3,260000.0,450000.0
4337,Mediana,3,622000.0,450000.0
4409,Mediana,3,565000.0,450000.0
4670,Mediana,3,375000.0,450000.0
5073,Mediana,3,859000.0,450000.0
5740,Mediana,3,347500.0,450000.0
6055,Mediana,3,270000.0,450000.0
6458,Mediana,3,998160.0,450000.0
6680,Mediana,3,535900.0,450000.0
6681,Mediana,3,230000.0,450000.0
6746,Mediana,3,204555.0,450000.0
6891,Mediana,3,763000.0,450000.0
7044,Mediana,3,649000.0,450000.0
7247,Mediana,3,428900.0,450000.0
7482,Mediana,3,679000.0,450000.0
7719,Mediana,3,245000.0,450000.0
8269,Mediana,3,190000.0,450000.0
8317,Mediana,3,314950.0,450000.0
8759,Mediana,3,411500.0,450000.0
8778,Mediana,3,325000.0,450000.0
8893,Mediana,3,440000.0,450000.0
8911,Mediana,3,190500.0,450000.0
9917,Mediana,3,649000.0,450000.0
9992,Mediana,3,385000.0,450000.0
10389,Mediana,3,750000.0,450000.0
10506,Mediana,3,535950.0,450000.0
10719,Mediana,3,392500.0,450000.0
10760,Mediana,3,470000.0,450000.0
11109,Mediana,3,200000.0,450000.0
11554,Mediana,3,400000.0,450000.0
11646,Mediana,3,270000.0,450000.0
12295,Mediana,3,1712750.0,450000.0
13015,Mediana,3,295000.0,450000.0
13268,Mediana,3,185000.0,450000.0
13522,Mediana,3,620000.0,450000.0
14376,Mediana,3,546000.0,450000.0
15224,Mediana,3,752000.0,450000.0
15600,Mediana,3,558000.0,450000.0
15767,Mediana,3,443000.0,450000.0
15910,Mediana,3,415000.0,450000.0
15990,Mediana,3,265000.0,450000.0
15991,Mediana,3,765000.0,450000.0
16118,Mediana,3,329990.0,450000.0
16536,Mediana,3,369000.0,450000.0
16813,Mediana,3,352500.0,450000.0
17631,Mediana,3,260000.0,450000.0
17940,Mediana,3,610000.0,450000.0
18442,Mediana,3,635000.0,450000.0
18591,Mediana,3,526000.0,450000.0
19527,Mediana,3,991500.0,450000.0
19872,Mediana,3,437000.0,450000.0
20910,Mediana,3,311850.0,450000.0
21273,Mediana,3,775000.0,450000.0
12703,Regressão linear,1,390000.0,457331.81804512686
13389,Regressão linear,1,594950.0,735663.3055980674
13743,Regressão linear,1,810000.0,780932.0380593652
16438,Regressão linear,1,755000.0,806196.9395843048
101,Regressão linear,1,555000.0,613383.1966110107
264,Regressão linear,1,369900.0,897805.7990758732
326,Regressão linear,1,274975.0,742764.0336432068
377,Regressão linear,1,275000.0,216062.37435921762
483,Regressão linear,1,525000.0,501219.0304026855
559,Regressão linear,1,331500.0,233821.45866437443
1333,Regressão linear,1,430000.0,502300.007433134
1473,Regressão linear,1,650000.0,595163.6155176528
1556,Regressão linear,1,307500.0,214608.15095682937
1678,Regressão linear,1,275000.0,337797.8243561899
1765,Regressão linear,1,390000.0,473480.99517743447
2140,Regressão linear,1,1700000.0,1575075.3819800508
2247,Regressão linear,1,600000.0,514541.6666905742
2275,Regressão linear,1,610000.0,573102.7174064855
2402,Regressão linear,1,322500.0,259715.98810114246
2411,Regressão linear,1,487000.0,930814.8543036097
2584,Regressão linear,1,387000.0,350390.0910441688
3230,Regressão linear,1,511718.0,491472.2632517307
3680,Regressão linear,1,135000.0,254406.82032647944
3870,Regressão linear,1,120000.0,86654.74218253914
4305,Regressão linear,1,315000.0,266702.22714496555
4468,Regressão linear,1,925000.0,1134344.3894484194
4792,Regressão linear,1,720000.0,648785.3737466156
5389,Regressão linear,1,630000.0,596399.5183871501
5533,Regressão linear,1,530000.0,531742.5565357759
6045,Regressão linear,1,2196000.0,1568562.7259240956
6108,Regressão linear,1,361500.0,392991.13311113394
6678,Regressão linear,1,830000.0,823950.3961510757
6795,Regressão linear,1,472000.0,444378.79129943106
6936,Regressão linear,1,315000.0,143310.4820625304
7003,Regressão linear,1,513000.0,619912.0175343986
7381,Regressão linear,1,460000.0,583392.1318736612
7807,Regressão linear,1,485000.0,422755.0849816712
8414,Regressão linear,1,212000.0,239053.39255065832
8456,Regressão linear,1,299000.0,267015.0924362069
8624,Regressão linear,1,299990.0,458902.17112298316
8656,Regressão linear,1,440000.0,573269.075998452
9341,Regressão linear,1,339950.0,434459.18773820007
10148,Regressão linear,1,333500.0,307565.557222715
10223,Regressão linear,1,535000.0,584871.5908071767
10295,Regressão linear,1,260000.0,354188.2720655465
10437,Regressão linear,1,350000.0,386604.4293820336
10536,Regressão linear,1,901000.0,935934.4706161434
11075,Regressão linear,1,315000.0,250272.33536146913
11381,Regressão linear,1,355000.0,514205.4037838285
11583,Regressão linear,1,306500.0,337188.13587572647
11679,Regressão linear,1,840000.0,777400.9275143715
11732,Regressão linear,1,530000.0,389106.13411514694
11918,Regressão linear,1,447000.0,541429.7141011017
12019,Regressão linear,1,1100000.0,712457.5063316058
12059,Regressão linear,1,715000.0,587468.2229463875
12853,Regressão linear,1,315000.0,301147.12579533196
12890,Regressão linear,1,400000.0,366606.4957223328
12951,Regressão linear,1,246000.0,352698.02526410826
13238,Regressão linear,1,685000.0,1026697.9076772653
13772,Regressão linear,1,289000.0,220685.99695023405
14169,Regressão linear,1,321500.0,421898.8458153867
14544,Regressão linear,1,325250.0,239605.04570842301
14589,Regressão linear,1,1045000.0,1045492.6353516506
14777,Regressão linear,1,299000.0,377745.39491162123
14896,Regressão linear,1,667500.0,597245.5608870503
14980,Regressão linear,1,935000.0,1157069.8377977666
15208,Regressão linear,1,155000.0,75140.87090857216
15543,Regressão linear,1,210000.0,287268.9748171873
15683,Regressão linear,1,620000.0,679008.9677895394
15740,Regressão linear,1,546200.0,646401.7215605043
15823,Regressão linear,1,435000.0,535565.043040297
15968,Regressão linear,1,279950.0,177220.79185953178
15997,Regressão linear,1,415000.0,515150.4467589376
16010,Regressão linear,1,540000.0,579311.3230236601
16191,Regressão linear,1,465000.0,394093.3265309023
16796,Regressão linear,1,278000.0,439623.04028257553
16820,Regressão linear,1,280500.0,330476.38795079873
17115,Regressão linear,1,182500.0,82522.64270150254
17117,Regressão linear,1,360000.0,432432.78954071586
17191,Regressão linear,1,997950.0,1036450.3514817704
17461,Regressão linear,1,622200.0,415559.70115307305
17522,Regressão linear,1,605000.0,862222.1866945573
17656,Regressão linear,1,598555.0,703932.3011465367
17814,Regressão linear,1,334500.0,324716.2983631334
17924,Regressão linear,1,420000.0,517332.78177419945
18049,Regressão linear,1,314000.0,193072.7465508048
18441,Regressão linear,1,330000.0,463636.53644775937
18522,Regressão linear,1,287500.0,345630.9349807162
18615,Regressão linear,1,483000.0,458380.2024545956
18684,Regressão linear,1,360000.0,415831.5090579008
18962,Regressão linear,1,450000.0,447066.80275823566
19059,Regressão linear,1,218000.0,165696.69995079882
19522,Regressão linear,1,268000.0,323500.6372731889
19970,Regressão linear,1,600000.0,556499.4107517336
20461,Regressão linear,1,489950.0,595742.6204554983
20580,Regressão linear,1,289000.0,282106.5130878102
21033,Regressão linear,1,1049990.0,1016687.8602323342
21370,Regressão linear,1,331000.0,405650.3174571906
43,Regressão linear,1,685000.0,662485.8805543855
82,Regressão linear,1,355000.0,423175.0332714584
114,Regressão linear,1,480000.0,725978.6712630505
430,Regressão linear,1,328500.0,429688.0857120567
560,Regressão linear,1,460000.0,371730.1334578182
970,Regressão linear,1,532500.0,460811.6383630218
1252,Regressão linear,1,399000.0,532454.8028463672
1373,Regressão linear,1,830000.0,819868.6156624974
1624,Regressão linear,1,750000.0,888728.4745866954
2356,Regressão linear,1,618000.0,846177.9746947185
2593,Regressão linear,1,337500.0,257460.59157188004
3003,Regressão linear,1,259000.0,277015.721639177
3054,Regressão linear,1,308000.0,480766.50572285836
3131,Regressão linear,1,759000.0,910552.651575393
3175,Regressão linear,1,520000.0,617937.3932433674
3304,Regressão linear,1,206000.0,167415.94402246026
3343,Regressão linear,1,247300.0,344226.7890789188
3469,Regressão linear,1,330000.0,405735.01093477965
3483,Regressão linear,1,209950.0,100619.68155027064
3686,Regressão linear,1,436300.0,560721.9696791039
4375,Regressão linear,1,352800.0,417237.57377302845
4476,Regressão linear,1,400000.0,461312.54592837195
4567,Regressão linear,1,599000.0,533897.7360390744
4853,Regressão linear,1,840000.0,927065.7584706071
5276,Regressão linear,1,226450.0,207444.51246793175
5313,Regressão linear,1,349000.0,291998.71698108234
5629,Regressão linear,1,350000.0,364908.4129025298
5636,Regressão linear,1,420000.0,459207.8511015374
5675,Regressão linear,1,1419000.0,1435886.2764598383
6051,Regressão linear,1,312000.0,512841.3851577021
6096,Regressão linear,1,427500.0,553619.7720848358
6117,Regressão linear,1,277500.0,317921.9393455661
6168,Regressão linear,1,435000.0,341429.6175678775
6306,Regressão linear,1,313000.0,301938.935619596
6366,Regressão linear,1,817000.0,866156.8248234614
6616,Regressão linear,1,299950.0,229260.6833079226
6755,Regressão linear,1,350000.0,348130.4876176356
6976,Regressão linear,1,415000.0,419643.438833665
7097,Regressão linear,1,285000.0,743277.8281815485
7133,Regressão linear,1,445000.0,435853.12211191596
7197,Regressão linear,1,235000.0,226750.97559262108
7289,Regressão linear,1,390000.0,373223.51902471867
7334,Regressão linear,1,483000.0,495205.2126337861
7887,Regressão linear,1,439000.0,631351.7302931376
8020,Regressão linear,1,450000.0,510430.0076621914
8073,Regressão linear,1,270000.0,217724.93496292565
8612,Regressão linear,1,340000.0,277435.8398048557
8629,Regressão linear,1,575000.0,567776.2316984679
8673,Regressão linear,1,1090000.0,863213.0064801332
8744,Regressão linear,1,490000.0,544930.9253554966
9075,Regressão linear,1,765000.0,953986.6803524808
9194,Regressão linear,1,240000.0,168871.1850868187
9312,Regressão linear,1,370000.0,264826.436203863
9338,Regressão linear,1,217000.0,214998.7015242497
9620,Regressão linear,1,473000.0,429800.8416875169
9713,Regressão linear,1,1250000.0,1155117.1184909495
9753,Regressão linear,1,246000.0,233842.22652345535
9974,Regressão linear,1,230000.0,123801.560017718
10065,Regressão linear,1,315000.0,363640.8391230178
10144,Regressão linear,1,245000.0,182440.76900425443
10280,Regressão linear,1,550000.0,519582.1822763638
10345,Regressão linear,1,324000.0,311558.27051911945
10384,Regressão linear,1,695000.0,790790.0356766055
10500,Regressão linear,1,476000.0,363523.87374599813
11014,Regressão linear,1,397500.0,567329.5480401118
11372,Regressão linear,1,292500.0,226701.61750430774
11412,Regressão linear,1,484950.0,623334.6948495186
11439,Regressão linear,1,935000.0,871284.1940811018
11462,Regressão linear,1,290000.0,232014.80940119337
11526,Regressão linear,1,825000.0,924017.7147337748
12396,Regressão linear,1,943500.0,1105026.9626678512
12563,Regressão linear,1,845000.0,865152.036077409
12566,Regressão linear,1,400000.0,404062.07263667975
12576,Regressão linear,1,309500.0,219510.07218292565
12620,Regressão linear,1,669888.0,569029.499022495
12658,Regressão linear,1,290000.0,326384.42197699205
13500,Regressão linear,1,372000.0,395602.27325860155
13527,Regressão linear,1,940000.0,831857.5796617863
14038,Regressão linear,1,202950.0,101200.34340293327
14226,Regressão linear,1,749500.0,675827.7929464136
14278,Regressão linear,1,769950.0,812058.689908801
14454,Regressão linear,1,159995.0,90359.83784031286
14699,Regressão linear,1,526500.0,438747.7898439613
14907,Regressão linear,1,740000.0,981100.2357761547
15229,Regressão linear,1,1395000.0,1053920.9398248647
15290,Regressão linear,1,340000.0,319346.0693584463
15490,Regressão linear,1,320000.0,306976.6495079668
15578,Regressão linear,1,369950.0,326260.8750123706
15815,Regressão linear,1,322000.0,208424.94740646158
16247,Regressão linear,1,255000.0,178113.9500593262
16429,Regressão linear,1,865000.0,863717.4902030005
16599,Regressão linear,1,710000.0,753821.2543435622
16881,Regressão linear,1,353500.0,205422.69381301597
16884,Regressão linear,1,547500.0,619332.4802753801
16905,Regressão linear,1,520000.0,628078.6841367151
17064,Regressão linear,1,550000.0,813514.1921831092
17265,Regressão linear,1,545000.0,886916.1236915437
17333,Regressão linear,1,430000.0,398455.41514325526
17560,Regressão linear,1,879000.0,1101715.3181408043
17621,Regressão linear,1,450000.0,402146.7419747043
17796,Regressão linear,1,389000.0,488882.61163093796
17939,Regressão linear,1,424000.0,427753.43399728363
18574,Regressão linear,1,397380.0,447806.3962110478
18604,Regressão linear,1,815000.0,445045.4576642467
18722,Regressão linear,1,1225000.0,1505747.9553695694
18826,Regressão linear,1,760000.0,755613.1075557203
18891,Regressão linear,1,391265.0,422265.19786577625
19069,Regressão linear,1,275000.0,289928.43144508736
19107,Regressão linear,1,429000.0,446943.4803553687
19526,Regressão linear,1,1010000.0,1147817.6388176747
20144,Regressão linear,1,1575000.0,1116924.181417316
20219,Regressão linear,1,515000.0,505787.745250972
20305,Regressão linear,1,849990.0,799370.6565926622
20906,Regressão linear,1,274900.0,206632.30020056444
20954,Regressão linear,1,492000.0,516378.1551866471
21243,Regressão linear,1,630000.0,745120.6319969388
21323,Regressão linear,1,1500000.0,1017713.3449393939
516,Regressão linear,1,308000.0,225831.00051902118
820,Regressão linear,1,325000.0,51725.543444350886
1146,Regressão linear,1,510000.0,502058.8982352596
1628,Regressão linear,1,880000.0,830454.2405784889
1639,Regressão linear,1,810000.0,766839.6701565075
1676,Regressão linear,1,2250000.0,1396908.7510513964
1682,Regressão linear,1,390000.0,327951.83010183735
2190,Regressão linear,1,568000.0,662005.2548852572
2231,Regressão linear,1,529219.0,561287.5849554497
2687,Regressão linear,1,385195.0,222938.0495602024
2777,Regressão linear,1,325900.0,299740.2149773233
3215,Regressão linear,1,650000.0,450714.9098651104
3546,Regressão linear,1,436000.0,503101.63099114015
3731,Regressão linear,1,470000.0,516958.7230950465
3762,Regressão linear,1,524500.0,743150.415038011
3875,Regressão linear,1,387000.0,434579.53969092923
4098,Regressão linear,1,1055000.0,873874.7424666415
4241,Regressão linear,1,865000.0,886958.0380403072
4350,Regressão linear,1,659950.0,762479.8251387666
4417,Regressão linear,1,299950.0,240184.9026031089
4424,Regressão linear,1,355000.0,319768.99173822935
4602,Regressão linear,1,435000.0,350311.80109108
5075,Regressão linear,1,465000.0,449298.0963429265
5256,Regressão linear,1,294000.0,374858.99782623874
5723,Regressão linear,1,96500.0,-38694.72413329402
5820,Regressão linear,1,653000.0,632759.3915862452
6129,Regressão linear,1,590000.0,592083.1145286465
6413,Regressão linear,1,481500.0,427177.55377691897
6587,Regressão linear,1,740000.0,873153.1463554059
7282,Regressão linear,1,600000.0,337562.04932630877
7344,Regressão linear,1,922000.0,1011810.645359902
7419,Regressão linear,1,393000.0,302852.0503554569
7839,Regressão linear,1,315000.0,260246.59122970264
7869,Regressão linear,1,231200.0,163042.91762632385
7993,Regressão linear,1,342000.0,458307.7474622457
8202,Regressão linear,1,389500.0,442748.8919035317
8243,Regressão linear,1,695000.0,653410.0595628063
8306,Regressão linear,1,549000.0,611002.6854866291
9123,Regressão linear,1,245000.0,167881.8278034629
9421,Regressão linear,1,329922.0,307508.6194283682
9606,Regressão linear,1,608000.0,677763.5825029744
9881,Regressão linear,1,738000.0,799910.5553783223
9912,Regressão linear,1,240000.0,237739.5807218729
10973,Regressão linear,1,595000.0,574445.5181470904
11357,Regressão linear,1,246950.0,329029.56561822444
11361,Regressão linear,1,495000.0,727591.6815644292
11573,Regressão linear,1,680000.0,672841.7275342195
11689,Regressão linear,1,400000.0,34668.12232355907
12094,Regressão linear,1,630000.0,748066.3646022972
12104,Regressão linear,1,1430000.0,1080268.5591581073
12319,Regressão linear,1,795127.0,1087254.569182017
12527,Regressão linear,1,625000.0,655201.5693052146
13288,Regressão linear,1,322000.0,256518.31392580603
13425,Regressão linear,1,1169000.0,1059429.1941569722
13797,Regressão linear,1,535000.0,548499.0590122227
13894,Regressão linear,1,467000.0,386398.0397911973
13922,Regressão linear,1,572500.0,596597.8096445086
14231,Regressão linear,1,815000.0,786874.387317904
15161,Regressão linear,1,650000.0,702460.8443891763
15442,Regressão linear,1,195000.0,352432.0501699885
15707,Regressão linear,1,480000.0,503711.09705969796
15780,Regressão linear,1,359950.0,458052.0629625507
16272,Regressão linear,1,276693.0,264611.9873533927
16597,Regressão linear,1,376000.0,503895.3027257392
16610,Regressão linear,1,270000.0,264747.4560039862
16633,Regressão linear,1,205000.0,175142.16246844584
16695,Regressão linear,1,221000.0,155739.9876809218
16962,Regressão linear,1,152500.0,20140.102184047515
17000,Regressão linear,1,495000.0,474946.3192436299
17384,Regressão linear,1,297000.0,277453.79093138897
17444,Regressão linear,1,979700.0,1063335.8506340007
17745,Regressão linear,1,272450.0,251712.09956504803
17804,Regressão linear,1,550000.0,571075.9702429766
17885,Regressão linear,1,645000.0,692842.2828406282
18039,Regressão linear,1,344000.0,315155.34277037083
18108,Regressão linear,1,290000.0,180427.6564892226
18189,Regressão linear,1,770000.0,847372.0688133183
18379,Regressão linear,1,265000.0,-179702.37856332236
18572,Regressão linear,1,299000.0,293899.8878414365
18639,Regressão linear,1,410000.0,381393.1103305961
19239,Regressão linear,1,340000.0,499500.11613898096
19421,Regressão linear,1,610000.0,733531.8822179034
19540,Regressão linear,1,588000.0,662247.7780628275
19647,Regressão linear,1,1040890.0,1054696.3786468487
19725,Regressão linear,1,1375000.0,1005716.8018050566
19739,Regressão linear,1,450000.0,507188.96118774835
20119,Regressão linear,1,399000.0,420576.403127018
20132,Regressão linear,1,552000.0,575316.0481168597
20500,Regressão linear,1,1699990.0,1440581.5179900993
20544,Regressão linear,1,455000.0,555894.8284958097
20820,Regressão linear,1,452000.0,472727.91991516086
21149,Regressão linear,1,950000.0,1002481.1857223075
21218,Regressão linear,1,465000.0,421856.946213717
148,Regressão linear,1,258000.0,316478.74532982544
493,Regressão linear,1,669950.0,605558.414133897
541,Regressão linear,1,280000.0,237448.76359619963
1240,Regressão linear,1,685100.0,683694.9410263733
1312,Regressão linear,1,537250.0,578270.1630417528
1625,Regressão linear,1,192000.0,208760.76618224906
2209,Regressão linear,1,1050000.0,980252.4206452137
2312,Regressão linear,1,260000.0,236439.8575031512
2475,Regressão linear,1,345000.0,275515.91084534995
3370,Regressão linear,1,700000.0,619866.1821008052
3432,Regressão linear,1,289950.0,198713.10778300726
3494,Regressão linear,1,790000.0,722916.30769447
3826,Regressão linear,1,856000.0,1017097.4743088062
3902,Regressão linear,1,270000.0,369586.90828234435
4160,Regressão linear,1,579100.0,459463.04473842145
4277,Regressão linear,1,220000.0,94492.69825004798
4829,Regressão linear,1,339950.0,225755.28262856754
4888,Regressão linear,1,275000.0,240379.44840401728
5037,Regressão linear,1,459000.0,394764.7826493287
5198,Regressão linear,1,813000.0,678130.611108247
5540,Regressão linear,1,538000.0,465094.96347460884
5621,Regressão linear,1,110000.0,15174.540554001345
5744,Regressão linear,1,404500.0,451842.49074433726
5830,Regressão linear,1,759000.0,739129.6816992062
6190,Regressão linear,1,445000.0,454279.820431968
6561,Regressão linear,1,1337500.0,1058923.2881976764
7271,Regressão linear,1,1200000.0,1182601.9353213692
7423,Regressão linear,1,935100.0,879379.6758196043
8473,Regressão linear,1,236000.0,252802.188342848
8640,Regressão linear,1,225000.0,201396.09989129598
9398,Regressão linear,1,685000.0,793859.44035867
9860,Regressão linear,1,330000.0,411869.82316361926
9893,Regressão linear,1,679000.0,705065.6289816753
10025,Regressão linear,1,230000.0,234476.97319934866
10031,Regressão linear,1,579500.0,494880.82349874766
10294,Regressão linear,1,488500.0,345767.83236768394
10360,Regressão linear,1,340500.0,572076.1428959409
10387,Regressão linear,1,134000.0,159728.28830894583
10789,Regressão linear,1,450000.0,397156.51686731976
11063,Regressão linear,1,845000.0,768357.3223691351
11160,Regressão linear,1,375000.0,309637.6466146834
11497,Regressão linear,1,580000.0,522748.3455764115
11829,Regressão linear,1,1785000.0,1606996.6350008433
12419,Regressão linear,1,214950.0,195348.66155590906
12420,Regressão linear,1,580000.0,587389.4300426864
12482,Regressão linear,1,770000.0,904106.8804570923
12581,Regressão linear,1,478000.0,465186.76856737945
13004,Regressão linear,1,490000.0,514804.3678380189
13345,Regressão linear,1,1100000.0,1010681.6580344426
13395,Regressão linear,1,230000.0,134436.21828801522
13740,Regressão linear,1,750000.0,819145.153119298
13845,Regressão linear,1,430000.0,349015.9014183556
14039,Regressão linear,1,622000.0,762405.6680096951
14528,Regressão linear,1,294000.0,269143.4897509463
14637,Regressão linear,1,415000.0,394019.30517974665
14818,Regressão linear,1,219900.0,46657.21265234024
15322,Regressão linear,1,999000.0,998072.5894531624
15495,Regressão linear,1,250000.0,163646.6062541022
15690,Regressão linear,1,407000.0,540605.0661450878
15852,Regressão linear,1,395000.0,476483.3518380813
15919,Regressão linear,1,299250.0,468819.5796620562
15951,Regressão linear,1,268950.0,116046.6440195156
16084,Regressão linear,1,465000.0,487984.5694048492
16441,Regressão linear,1,1220000.0,1345566.8806510854
16479,Regressão linear,1,675000.0,531296.2628880315
16555,Regressão linear,1,249900.0,126939.60936567903
16702,Regressão linear,1,704000.0,801935.7839790295
16958,Regressão linear,1,225000.0,216980.60776592413
17657,Regressão linear,1,820000.0,1434282.1459973552
18236,Regressão linear,1,315000.0,449210.3460962252
18448,Regressão linear,1,325000.0,305414.2979440145
18515,Regressão linear,1,564000.0,444695.4030656879
18590,Regressão linear,1,194250.0,265036.1699204499
19290,Regressão linear,1,447000.0,356475.13694711775
19404,Regressão linear,1,513000.0,560176.5208399137
19713,Regressão linear,1,345000.0,427333.80313485477
19744,Regressão linear,1,759990.0,666354.2437921325
19755,Regressão linear,1,569900.0,452292.59113951155
19941,Regressão linear,1,450000.0,456823.88241025346
19986,Regressão linear,1,1465000.0,852296.3960270681
20400,Regressão linear,1,306500.0,243518.86691867755
20535,Regressão linear,1,2950000.0,1368055.2013107585
20748,Regressão linear,1,395000.0,579360.1659021534
21133,Regressão linear,1,613000.0,520880.61566759844
21417,Regressão linear,1,598500.0,513179.113296857
1495,Regressão linear,1,495000.0,519879.1885768664
1700,Regressão linear,1,270000.0,207547.8351576918
2483,Regressão linear,1,543000.0,472474.29324440064
2785,Regressão linear,1,401000.0,310265.6780936593
2845,Regressão linear,1,1400000.0,1201129.9165464179
3160,Regressão linear,1,485000.0,587718.4961555584
3264,Regressão linear,1,556000.0,700916.5266359624
3835,Regressão linear,1,889000.0,898877.4308331928
4345,Regressão linear,1,230000.0,123250.53974857437
4649,Regressão linear,1,415900.0,306712.2764248222
5104,Regressão linear,1,569950.0,501030.91348469554
5314,Regressão linear,1,635000.0,1007270.9239574858
5775,Regressão linear,1,730000.0,733139.5445595129
6635,Regressão linear,1,400000.0,389760.70910285035
7057,Regressão linear,1,490000.0,741712.1424259479
7858,Regressão linear,1,475000.0,574322.4893266526
8294,Regressão linear,1,605000.0,698142.6270487591
8676,Regressão linear,1,380000.0,252293.36217927872
9044,Regressão linear,1,1348000.0,1102511.9161936722
10452,Regressão linear,1,655000.0,770874.9429075909
10653,Regressão linear,1,285000.0,271928.25027921953
11033,Regressão linear,1,903000.0,1132130.185268876
11227,Regressão linear,1,753000.0,668007.7377808456
13227,Regressão linear,1,370000.0,543192.9643035193
13228,Regressão linear,1,150000.0,168265.80036292595
13485,Regressão linear,1,470000.0,518795.6028773349
14174,Regressão linear,1,427500.0,531978.5129669538
15562,Regressão linear,1,730000.0,635227.8732946449
15625,Regressão linear,1,249950.0,236946.39711332502
16722,Regressão linear,1,340000.0,336368.89325485047
17209,Regressão linear,1,1450000.0,2180670.707771033
17552,Regressão linear,1,515000.0,576432.6865128565
19506,Regressão linear,1,565000.0,536232.6285025135
20246,Regressão linear,1,457000.0,484927.5814606511
20263,Regressão linear,1,575000.0,592241.6147760275
20405,Regressão linear,1,499000.0,445565.4796157732
21089,Regressão linear,1,359950.0,407413.3411045377
21116,Regressão linear,1,474950.0,485215.47723458096
21278,Regressão linear,1,335900.0,370846.2171070303
21595,Regressão linear,1,520000.0,509433.7182942962
2924,Regressão linear,1,353000.0,425004.8199286915
10094,Regressão linear,1,350000.0,405593.7712358402
13029,Regressão linear,1,644500.0,667895.5781641854
18148,Regressão linear,1,399000.0,336655.34617687226
21473,Regressão linear,1,1750000.0,1479885.4666816592
9158,Regressão linear,1,825000.0,756655.9670635208
25,Regressão linear,1,233000.0,279186.9885185241
86,Regressão linear,1,305000.0,407104.39296421484
702,Regressão linear,1,480000.0,510755.5908868043
1275,Regressão linear,1,363000.0,345319.3827060149
1528,Regressão linear,1,555000.0,537975.0440178338
1807,Regressão linear,1,930000.0,1256333.2320851975
2166,Regressão linear,1,265000.0,134025.43313114147
2191,Regressão linear,1,605000.0,768839.8294750623
2369,Regressão linear,1,674750.0,701482.2215444137
2575,Regressão linear,1,690000.0,758106.5261456913
2835,Regressão linear,1,697000.0,710279.7036438959
2850,Regressão linear,1,399950.0,425783.23087557487
3010,Regressão linear,1,210000.0,118245.40322495776
3388,Regressão linear,1,637000.0,665087.654329216
3413,Regressão linear,1,189000.0,101178.83768959512
3554,Regressão linear,1,277500.0,226759.89334197144
4188,Regressão linear,1,585000.0,559008.4165519519
4737,Regressão linear,1,425000.0,296466.23832105787
4741,Regressão linear,1,666000.0,689166.2425183249
4797,Regressão linear,1,369950.0,301217.3789192514
5074,Regressão linear,1,435000.0,384962.21659187594
6416,Regressão linear,1,238950.0,21169.94212505722
6634,Regressão linear,1,612000.0,638516.0777611183
6670,Regressão linear,1,1515000.0,1271341.8253043501
6780,Regressão linear,1,292000.0,344858.70248247776
6838,Regressão linear,1,508000.0,808696.9330927664
8086,Regressão linear,1,650000.0,635261.6413496969
8283,Regressão linear,1,296000.0,264224.1461363802
9236,Regressão linear,1,500000.0,627923.8997096408
9321,Regressão linear,1,290000.0,285698.0875862156
9326,Regressão linear,1,720000.0,776640.613538984
9463,Regressão linear,1,398500.0,544398.0832682269
9491,Regressão linear,1,365000.0,517879.62888146774
9542,Regressão linear,1,734000.0,815300.7358396931
9899,Regressão linear,1,599950.0,488169.3830831186
10024,Regressão linear,1,455000.0,429868.97416681924
10271,Regressão linear,1,426950.0,403914.936233345
10357,Regressão linear,1,334000.0,382944.7217273161
10517,Regressão linear,1,313000.0,244418.32738187857
10675,Regressão linear,1,257700.0,218040.86732679995
10841,Regressão linear,1,265000.0,188113.75624883926
11138,Regressão linear,1,825000.0,772713.4505338972
11675,Regressão linear,1,244000.0,305611.6217710405
11817,Regressão linear,1,250000.0,281981.91825742094
11913,Regressão linear,1,685000.0,783313.2163766361
12011,Regressão linear,1,395000.0,454072.5768946203
12093,Regressão linear,1,295000.0,131274.665757032
12152,Regressão linear,1,375000.0,291358.764072436
12383,Regressão linear,1,164000.0,46188.879880979366
13608,Regressão linear,1,447500.0,657561.2015408517
13679,Regressão linear,1,431000.0,400041.0506109475
13900,Regressão linear,1,772000.0,875088.5548538119
13981,Regressão linear,1,235000.0,184264.0798937892
13994,Regressão linear,1,370000.0,441218.68748985144
14322,Regressão linear,1,480000.0,325592.20604932366
14830,Regressão linear,1,465000.0,505062.3763592708
15532,Regressão linear,1,750500.0,796878.4938273857
17546,Regressão linear,1,337000.0,552056.4459441127
17645,Regressão linear,1,253000.0,180626.37347216927
18499,Regressão linear,1,550000.0,691107.288527985
18686,Regressão linear,1,699950.0,689622.1142631042
19090,Regressão linear,1,250000.0,203893.59410008145
19242,Regressão linear,1,435000.0,643959.2839046664
19267,Regressão linear,1,495000.0,659746.9273016256
19314,Regressão linear,1,316000.0,284783.2625556311
19741,Regressão linear,1,660000.0,494660.1825052439
19749,Regressão linear,1,379900.0,347755.81113364315
19926,Regressão linear,1,409950.0,414249.80575663934
20081,Regressão linear,1,599000.0,638764.8950582299
20082,Regressão linear,1,478000.0,521056.8803830556
20952,Regressão linear,1,549900.0,513135.8706160933
21242,Regressão linear,1,452000.0,350321.16382105055
21256,Regressão linear,1,249950.0,204023.2793525411
123,Regressão linear,1,445000.0,502173.53890413925
149,Regressão linear,1,511000.0,484917.11581271305
412,Regressão linear,1,632925.0,709936.0928254582
462,Regressão linear,1,230000.0,168112.73134343198
480,Regressão linear,1,378500.0,414084.74163329776
765,Regressão linear,1,560000.0,507040.27803242067
864,Regressão linear,1,280000.0,258213.70717905747
1338,Regressão linear,1,825000.0,793473.663849953
1643,Regressão linear,1,238000.0,220210.66277401696
1657,Regressão linear,1,400000.0,354491.0854262982
1747,Regressão linear,1,397000.0,451184.8200460074
1960,Regressão linear,1,800000.0,663812.759482418
2050,Regressão linear,1,235000.0,231954.53402681352
2476,Regressão linear,1,340000.0,376058.61835062894
2930,Regressão linear,1,295000.0,281813.3080891713
2987,Regressão linear,1,392000.0,302631.38227265456
3449,Regressão linear,1,546000.0,525098.0600535544
3497,Regressão linear,1,457500.0,449819.8342401087
4956,Regressão linear,1,611000.0,515530.59776816244
5310,Regressão linear,1,390000.0,435363.1943989521
5423,Regressão linear,1,665000.0,540516.7992952575
5804,Regressão linear,1,272000.0,176787.86315050462
5832,Regressão linear,1,280000.0,-113226.56144995452
6228,Regressão linear,1,380000.0,415676.20304577576
6278,Regressão linear,1,241000.0,98804.38479536265
6760,Regressão linear,1,339888.0,268551.0982984411
7684,Regressão linear,1,355000.0,374467.6740983024
7755,Regressão linear,1,390000.0,397737.8552438827
7918,Regressão linear,1,475000.0,429206.1420934849
8680,Regressão linear,1,690000.0,836405.6734556692
8915,Regressão linear,1,350000.0,439115.0769167328
8977,Regressão linear,1,398000.0,419483.81320514705
9577,Regressão linear,1,449500.0,362159.15305917704
10700,Regressão linear,1,274900.0,154687.50597385186
11053,Regressão linear,1,354000.0,557515.6597795696
11456,Regressão linear,1,300000.0,349293.51413933176
12608,Regressão linear,1,291000.0,381143.82361098373
12792,Regressão linear,1,495000.0,524935.5287750715
13000,Regressão linear,1,295000.0,296283.09839662747
13806,Regressão linear,1,325000.0,262753.2926284579
14035,Regressão linear,1,550000.0,522924.7748790532
14122,Regressão linear,1,380000.0,600324.0230133103
14269,Regressão linear,1,349000.0,346857.60519727954
14695,Regressão linear,1,380950.0,373545.74232735985
14717,Regressão linear,1,289000.0,350039.1819468984
14807,Regressão linear,1,410000.0,512245.9994226657
14841,Regressão linear,1,952000.0,1014308.5510077091
14949,Regressão linear,1,405000.0,343463.4774785598
15052,Regressão linear,1,429900.0,642301.4362086812
15176,Regressão linear,1,225000.0,133630.19854588725
15411,Regressão linear,1,502000.0,407342.1302473164
15535,Regressão linear,1,1047000.0,1249408.2809269854
15992,Regressão linear,1,509000.0,590145.9478010668
16239,Regressão linear,1,500000.0,679522.4481031523
16519,Regressão linear,1,425000.0,449948.35276110866
16609,Regressão linear,1,275000.0,255200.4044366898
16715,Regressão linear,1,239000.0,267704.5672293959
16861,Regressão linear,1,435000.0,569084.7829413386
18161,Regressão linear,1,660000.0,749703.0654792074
18300,Regressão linear,1,715000.0,780858.7590370872
18868,Regressão linear,1,925850.0,873964.2860186012
19044,Regressão linear,1,290000.0,348729.4272604417
19089,Regressão linear,1,299500.0,264392.1207574818
19312,Regressão linear,1,345000.0,230130.31689331273
19593,Regressão linear,1,257000.0,179336.66468330886
20285,Regressão linear,1,456500.0,457539.81357991655
20286,Regressão linear,1,382495.0,330172.97931436356
20438,Regressão linear,1,530000.0,645056.8759845006
20449,Regressão linear,1,294000.0,197818.61345746182
20682,Regressão linear,1,922755.0,871571.602001938
20981,Regressão linear,1,857326.0,905364.8376204658
75,Regressão linear,1,832500.0,852405.7099211991
191,Regressão linear,1,166950.0,106709.67619561183
315,Regressão linear,1,305000.0,305073.63190143043
449,Regressão linear,1,520000.0,592785.3406572023
513,Regressão linear,1,290000.0,287861.20248938934
523,Regressão linear,1,235000.0,208671.5632167065
528,Regressão linear,1,365000.0,310771.1929094016
611,Regressão linear,1,650000.0,728075.4201355997
1066,Regressão linear,1,140000.0,4654.275547279918
1101,Regressão linear,1,631000.0,671452.982897359
1210,Regressão linear,1,585000.0,518326.1374073068
1422,Regressão linear,1,799000.0,683124.3035913215
1634,Regressão linear,1,415000.0,657135.0527607207
1795,Regressão linear,1,503000.0,718230.5099712753
1973,Regressão linear,1,409000.0,365137.2934565422
1996,Regressão linear,1,194000.0,96232.00364967593
2099,Regressão linear,1,365000.0,302010.0461459893
2678,Regressão linear,1,462000.0,634045.7555877741
2860,Regressão linear,1,929000.0,1002826.144645011
3427,Regressão linear,1,732350.0,641470.8143915068
3766,Regressão linear,1,575000.0,819846.7062017379
4044,Regressão linear,1,269900.0,252965.8639858161
4109,Regressão linear,1,198500.0,204773.5982212822
4659,Regressão linear,1,302000.0,521646.52508763364
6005,Regressão linear,1,300000.0,182440.0820935918
6315,Regressão linear,1,239950.0,197609.34301127263
6445,Regressão linear,1,286285.0,248705.8197481415
7063,Regressão linear,1,319450.0,370019.8615781348
7380,Regressão linear,1,1070000.0,948338.659315642
7821,Regressão linear,1,599000.0,487928.8306161541
7822,Regressão linear,1,199950.0,128754.35113469543
8005,Regressão linear,1,865000.0,843733.3976860554
8458,Regressão linear,1,340000.0,449748.69272290985
8853,Regressão linear,1,560000.0,685417.1396565698
9031,Regressão linear,1,435000.0,499049.65510941064
9206,Regressão linear,1,525000.0,669023.5656658086
9485,Regressão linear,1,349170.0,331404.6449978222
9824,Regressão linear,1,372000.0,355599.20890893193
9874,Regressão linear,1,311000.0,216777.18709233255
10199,Regressão linear,1,682000.0,595512.7230078503
10213,Regressão linear,1,649000.0,788039.3129904146
10420,Regressão linear,1,740000.0,1093458.9954147642
10677,Regressão linear,1,300000.0,262980.06035815156
11052,Regressão linear,1,398000.0,360528.6944386384
11102,Regressão linear,1,300000.0,165728.12296941152
11104,Regressão linear,1,575000.0,557374.9628211043
11281,Regressão linear,1,710000.0,918396.0237979058
11344,Regressão linear,1,544300.0,474126.09827165585
11413,Regressão linear,1,1295000.0,1244112.5216171856
11587,Regressão linear,1,385000.0,273294.5370892107
12300,Regressão linear,1,741000.0,756693.557195213
12650,Regressão linear,1,1850000.0,1096538.158819361
12855,Regressão linear,1,435000.0,494816.3861478012
13498,Regressão linear,1,850000.0,825459.2981958836
13537,Regressão linear,1,200000.0,317491.0552761124
14230,Regressão linear,1,850000.0,707299.2352099135
14330,Regressão linear,1,405000.0,583540.6114119993
14733,Regressão linear,1,308500.0,237236.184421551
14802,Regressão linear,1,290000.0,417255.1465163339
14978,Regressão linear,1,475000.0,552565.287912301
14985,Regressão linear,1,635000.0,1031394.0319765646
15123,Regressão linear,1,320000.0,317455.64138790185
15406,Regressão linear,1,650000.0,596816.2548974968
16396,Regressão linear,1,616000.0,829193.5096930407
16894,Regressão linear,1,986000.0,803700.8017466639
17136,Regressão linear,1,290000.0,415552.7503212629
17563,Regressão linear,1,512500.0,779129.3480200057
17650,Regressão linear,1,496600.0,520477.21814177
18153,Regressão linear,1,373000.0,371906.927459803
18618,Regressão linear,1,355000.0,457991.5903491357
18871,Regressão linear,1,280000.0,56491.40448933147
18880,Regressão linear,1,239000.0,125467.03299693044
20565,Regressão linear,1,350000.0,398744.64007860655
21359,Regressão linear,1,924000.0,752516.4920469834
21442,Regressão linear,1,580000.0,513999.0239164424
21500,Regressão linear,1,443000.0,559944.1177243037
341,Regressão linear,1,684000.0,623691.1810464221
499,Regressão linear,1,437500.0,367434.7732664622
728,Regressão linear,1,328000.0,238377.55889758246
1049,Regressão linear,1,716500.0,831151.4623110259
1504,Regressão linear,1,1102030.0,1202554.6348001917
1510,Regressão linear,1,360000.0,381800.8141386344
1661,Regressão linear,1,331500.0,356463.42367541953
2374,Regressão linear,1,575000.0,610984.778155494
2686,Regressão linear,1,343000.0,302356.7609052109
2724,Regressão linear,1,390000.0,497924.9758631544
3551,Regressão linear,1,355000.0,425545.55372020416
4121,Regressão linear,1,635000.0,640098.0942625193
4128,Regressão linear,1,245000.0,186725.62099869284
4406,Regressão linear,1,2050000.0,1435216.3667790163
5146,Regressão linear,1,432000.0,428331.9594927255
5391,Regressão linear,1,345000.0,390191.810326449
5452,Regressão linear,1,299950.0,367748.6343159716
5519,Regressão linear,1,285000.0,313265.74498782284
5580,Regressão linear,1,353000.0,364039.5635311478
5589,Regressão linear,1,1880000.0,2182144.959653831
5703,Regressão linear,1,395000.0,428401.2898522948
5904,Regressão linear,1,416500.0,380514.04951480345
5980,Regressão linear,1,685000.0,711257.7530207185
6241,Regressão linear,1,280000.0,236165.8059162383
6263,Regressão linear,1,175000.0,151126.1765976805
6264,Regressão linear,1,560000.0,572472.8894000102
6532,Regressão linear,1,500000.0,531524.0222523522
6704,Regressão linear,1,203000.0,161738.70243417023
7268,Regressão linear,1,195000.0,131452.1354002036
7622,Regressão linear,1,481500.0,582632.4282899185
8261,Regressão linear,1,375000.0,371357.9536578017
8284,Regressão linear,1,193000.0,217025.64811515552
8318,Regressão linear,1,375000.0,290498.40124930744
8494,Regressão linear,1,338000.0,300206.04701046774
8524,Regressão linear,1,320000.0,287824.33430520544
8543,Regressão linear,1,445000.0,504476.3419054284
8819,Regressão linear,1,1005000.0,1021045.9605636445
9188,Regressão linear,1,144000.0,64925.53621388739
9271,Regressão linear,1,926500.0,821389.2789957889
9665,Regressão linear,1,195700.0,140625.46676923893
9734,Regressão linear,1,410000.0,392758.72544750787
10153,Regressão linear,1,985000.0,1375091.8201745972
10717,Regressão linear,1,555000.0,544845.8680624622
10833,Regressão linear,1,608700.0,638118.4773525228
11071,Regressão linear,1,420000.0,391093.7691723737
11079,Regressão linear,1,774000.0,808888.8808434178
11340,Regressão linear,1,1078500.0,1117555.1072989004
13035,Regressão linear,1,300000.0,222560.01805092423
13367,Regressão linear,1,610000.0,487470.0206025692
13596,Regressão linear,1,515000.0,553519.5270430229
13837,Regressão linear,1,465000.0,529974.6528919942
14195,Regressão linear,1,473600.0,419233.27110732347
14225,Regressão linear,1,310000.0,162682.50190390548
14297,Regressão linear,1,1500000.0,1361357.1621069969
14672,Regressão linear,1,274000.0,313163.70592020184
14836,Regressão linear,1,215500.0,150292.71078023224
15626,Regressão linear,1,390000.0,439898.9367709006
15646,Regressão linear,1,368000.0,501170.3086480311
15877,Regressão linear,1,282500.0,313565.7431677282
15926,Regressão linear,1,778000.0,854361.5099239892
16237,Regressão linear,1,216500.0,65061.81931736489
16659,Regressão linear,1,552321.0,574302.4892764029
16793,Regressão linear,1,465000.0,472817.9850008439
16932,Regressão linear,1,605125.0,444774.81770286884
17285,Regressão linear,1,735000.0,666152.7914036219
17587,Regressão linear,1,428950.0,490164.1504292947
17598,Regressão linear,1,160000.0,201527.1916068425
17668,Regressão linear,1,465000.0,553370.0491197922
17730,Regressão linear,1,515000.0,624435.3395962078
17925,Regressão linear,1,550000.0,541322.478912864
18166,Regressão linear,1,230000.0,117471.4077092926
18959,Regressão linear,1,315000.0,383789.6264833646
19266,Regressão linear,1,302000.0,233287.20225660875
19297,Regressão linear,1,1430800.0,953080.681027636
20284,Regressão linear,1,345000.0,260005.10141419532
20614,Regressão linear,1,308625.0,287206.6303284125
20864,Regressão linear,1,1275000.0,1104154.9635753455
21084,Regressão linear,1,680000.0,593371.7905479193
742,Regressão linear,1,740000.0,588029.8031819501
1193,Regressão linear,1,655000.0,629809.7956988824
1204,Regressão linear,1,179950.0,96584.77986951434
1442,Regressão linear,1,352950.0,493883.09846755734
1740,Regressão linear,1,785000.0,774095.3484008827
1806,Regressão linear,1,574000.0,670277.7208797911
2355,Regressão linear,1,1187500.0,1193015.82716974
2493,Regressão linear,1,195000.0,216952.51865216796
2880,Regressão linear,1,599950.0,724967.1278703203
3338,Regressão linear,1,1675000.0,1492841.5889546305
3381,Regressão linear,1,799950.0,865034.647321664
3496,Regressão linear,1,697000.0,786630.418933924
4046,Regressão linear,1,267000.0,164143.27973077507
4077,Regressão linear,1,875000.0,1669385.8102307825
4099,Regressão linear,1,875000.0,970137.0301431501
4857,Regressão linear,1,320000.0,398436.21522583003
4925,Regressão linear,1,245000.0,185058.8214372948
5416,Regressão linear,1,785000.0,790122.3743691943
5550,Regressão linear,1,227000.0,217870.7699214577
7354,Regressão linear,1,279900.0,308490.88428848493
7376,Regressão linear,1,295000.0,144516.2323913816
7385,Regressão linear,1,450000.0,772755.2482426335
7610,Regressão linear,1,449000.0,500723.082962826
7623,Regressão linear,1,224500.0,173669.87899478406
7910,Regressão linear,1,616000.0,743149.4616804059
8282,Regressão linear,1,245000.0,304316.2967340973
8402,Regressão linear,1,248000.0,152576.24611072673
8480,Regressão linear,1,808100.0,885667.3338236993
9648,Regressão linear,1,359950.0,392628.24147895875
9965,Regressão linear,1,485000.0,616589.2862714648
10247,Regressão linear,1,324360.0,346202.4364298099
10297,Regressão linear,1,440000.0,541263.5068209781
10564,Regressão linear,1,195000.0,204431.37366119394
11153,Regressão linear,1,515000.0,602204.6296026232
11430,Regressão linear,1,320000.0,364035.260247034
11617,Regressão linear,1,275000.0,74627.54631061916
11624,Regressão linear,1,614000.0,626023.6046162901
11664,Regressão linear,1,255000.0,200881.55839584896
11914,Regressão linear,1,429950.0,436396.1690596196
11986,Regressão linear,1,330000.0,463436.3137913696
12133,Regressão linear,1,650000.0,671983.2432414606
12427,Regressão linear,1,230000.0,245933.86682827194
12548,Regressão linear,1,442500.0,567458.6546819721
12603,Regressão linear,1,470950.0,599391.7198189169
12895,Regressão linear,1,645000.0,738500.3636637817
13155,Regressão linear,1,456000.0,553970.4408465053
13237,Regressão linear,1,429000.0,196481.53059471643
13283,Regressão linear,1,415000.0,600991.0221108171
13464,Regressão linear,1,790000.0,781998.783373941
13696,Regressão linear,1,240000.0,231085.09817903824
14008,Regressão linear,1,129000.0,-5505.659187622718
14110,Regressão linear,1,407185.0,376100.4130875863
14142,Regressão linear,1,290000.0,218246.02662609358
14428,Regressão linear,1,980000.0,1123671.8485897237
15360,Regressão linear,1,707500.0,656594.1607134638
15393,Regressão linear,1,421000.0,351351.31407244387
15432,Regressão linear,1,660000.0,647780.6727020014
15550,Regressão linear,1,339950.0,540544.9871587467
15663,Regressão linear,1,185000.0,108002.36515951052
15703,Regressão linear,1,465000.0,472097.30265817035
16063,Regressão linear,1,278000.0,192425.69880474109
16868,Regressão linear,1,590000.0,623915.1688207281
17292,Regressão linear,1,379770.0,375782.2275351875
17505,Regressão linear,1,982000.0,783033.5279469001
17886,Regressão linear,1,217000.0,101655.80691121251
18607,Regressão linear,1,1156000.0,1289069.5322534535
18697,Regressão linear,1,335000.0,420755.8133319139
19110,Regressão linear,1,715000.0,649721.6242323979
19493,Regressão linear,1,370000.0,392483.29294804885
19997,Regressão linear,1,287000.0,162702.88162525877
20590,Regressão linear,1,445000.0,668189.3219372436
20973,Regressão linear,1,1242000.0,1402092.216324578
21169,Regressão linear,1,855000.0,894380.5021836692
2790,Regressão linear,1,1610000.0,1218477.0056101857
4920,Regressão linear,1,450000.0,452871.0349387339
8346,Regressão linear,1,325000.0,360420.2568677295
12597,Regressão linear,1,313999.0,228003.85667164723
20365,Regressão linear,1,310000.0,305431.5146270897
4204,Regressão linear,1,373000.0,549455.9738512952
8444,Regressão linear,1,607000.0,624349.158947268
15676,Regressão linear,1,346000.0,335751.51789323415
30,Regressão linear,1,580500.0,544747.788906318
33,Regressão linear,1,535000.0,500809.0332890111
446,Regressão linear,1,1030000.0,894765.2158756729
891,Regressão linear,1,1010000.0,864592.4246595909
1100,Regressão linear,1,1570000.0,1458489.1620497443
1136,Regressão linear,1,400000.0,430560.46132247197
1265,Regressão linear,1,467000.0,382295.3557597655
1492,Regressão linear,1,521000.0,415443.7742581513
2080,Regressão linear,1,545000.0,464236.9686302601
2346,Regressão linear,1,520000.0,692752.828726962
2350,Regressão linear,1,350000.0,258064.06069701325
2397,Regressão linear,1,280000.0,294476.14386516524
2818,Regressão linear,1,1385000.0,1079497.831883268
3460,Regressão linear,1,640000.0,763099.8592222738
4439,Regressão linear,1,1250000.0,1202797.3722730547
4466,Regressão linear,1,415000.0,429505.562592554
4698,Regressão linear,1,354000.0,272204.41389391606
5046,Regressão linear,1,600000.0,594106.3895079596
5520,Regressão linear,1,700000.0,716765.5161229643
5535,Regressão linear,1,250000.0,206446.63320494827
5965,Regressão linear,1,315000.0,331423.4795433553
7047,Regressão linear,1,390000.0,498741.7560021254
7885,Regressão linear,1,713500.0,929049.512403942
8399,Regressão linear,1,507000.0,539472.3508467257
8534,Regressão linear,1,898000.0,989064.9965062784
8536,Regressão linear,1,1240000.0,1043607.4180309346
9915,Regressão linear,1,234000.0,233365.61601879762
10126,Regressão linear,1,350000.0,364358.07228144037
10149,Regressão linear,1,373000.0,335070.5310782754
10184,Regressão linear,1,725000.0,821604.044682843
10348,Regressão linear,1,1197000.0,1267386.9996375004
11334,Regressão linear,1,700000.0,775379.9334356163
11425,Regressão linear,1,277700.0,411208.26033003925
11481,Regressão linear,1,195000.0,156731.03478344262
11570,Regressão linear,1,510000.0,530052.30239615
11677,Regressão linear,1,218000.0,163882.31116067903
11749,Regressão linear,1,447000.0,333546.10777764174
12692,Regressão linear,1,470000.0,689115.2700347294
12733,Regressão linear,1,1149000.0,913701.1637717187
12823,Regressão linear,1,145000.0,345322.80661818205
12877,Regressão linear,1,575000.0,544658.0114407651
13063,Regressão linear,1,338950.0,230661.1289299
13116,Regressão linear,1,600000.0,824800.7459816239
13136,Regressão linear,1,468000.0,532819.7578670264
13157,Regressão linear,1,485000.0,348336.4979715117
13339,Regressão linear,1,210000.0,82893.93546333938
13423,Regressão linear,1,720000.0,678968.0059819963
13674,Regressão linear,1,338000.0,343826.4238580634
13879,Regressão linear,1,330000.0,239202.75570811273
14086,Regressão linear,1,830000.0,1056806.1138490592
14190,Regressão linear,1,824000.0,528356.4983094344
14444,Regressão linear,1,593000.0,754243.3963576328
14937,Regressão linear,1,187000.0,78809.88253170869
15026,Regressão linear,1,439000.0,317416.8610495834
15039,Regressão linear,1,2000000.0,1573613.2155586153
15136,Regressão linear,1,425000.0,443801.5779206159
15459,Regressão linear,1,497950.0,362281.1241922237
15501,Regressão linear,1,1075000.0,945415.1394937327
15907,Regressão linear,1,339300.0,314912.8068902956
15952,Regressão linear,1,264500.0,152358.14444350897
15953,Regressão linear,1,240000.0,232592.82090262423
16424,Regressão linear,1,438200.0,580703.2399636594
16545,Regressão linear,1,362000.0,301992.64647449367
16567,Regressão linear,1,1260000.0,1083666.5181897627
16623,Regressão linear,1,369950.0,386935.30173306423
16727,Regressão linear,1,279000.0,263016.2572091548
16914,Regressão linear,1,425000.0,380649.64309973025
17050,Regressão linear,1,379400.0,468606.9834108812
17406,Regressão linear,1,436000.0,502326.4595056564
17494,Regressão linear,1,959750.0,949162.6907822423
17795,Regressão linear,1,523000.0,491201.3054366733
18479,Regressão linear,1,520000.0,342140.0827294984
18816,Regressão linear,1,208000.0,153188.44135212904
19054,Regressão linear,1,135900.0,49578.52926772408
19754,Regressão linear,1,282000.0,242533.73941055886
19792,Regressão linear,1,385000.0,451243.72061414784
20788,Regressão linear,1,469950.0,458479.2271779254
20799,Regressão linear,1,290000.0,349817.3085636002
21038,Regressão linear,1,370000.0,249825.77660639014
21315,Regressão linear,1,440000.0,293499.2924417611
196,Regressão linear,1,423000.0,406497.855470496
385,Regressão linear,1,799000.0,933616.6234510227
886,Regressão linear,1,700000.0,676778.4790105936
1799,Regressão linear,1,465000.0,542107.7004105515
1893,Regressão linear,1,915000.0,943012.8571553446
2238,Regressão linear,1,315000.0,263294.51949611236
2694,Regressão linear,1,830000.0,854735.4592096952
2826,Regressão linear,1,256000.0,301207.6548508899
2836,Regressão linear,1,1324050.0,1088168.9124479368
2920,Regressão linear,1,1125000.0,957077.3960504412
3214,Regressão linear,1,555565.0,677338.7374815799
3340,Regressão linear,1,437500.0,528018.6659734416
4113,Regressão linear,1,462600.0,501529.16723421164
4475,Regressão linear,1,670000.0,803120.4835703442
4635,Regressão linear,1,2485000.0,2049636.5491037495
4861,Regressão linear,1,220000.0,284247.9592121526
5562,Regressão linear,1,250000.0,299346.0565877717
6006,Regressão linear,1,252000.0,232684.58778405323
6900,Regressão linear,1,502700.0,665744.819415471
6987,Regressão linear,1,515000.0,592043.6888795312
7364,Regressão linear,1,749950.0,869748.5449904199
9800,Regressão linear,1,240000.0,197751.96311719593
10095,Regressão linear,1,200000.0,178057.7095436934
10992,Regressão linear,1,554950.0,513881.979209512
11211,Regressão linear,1,577000.0,391800.03336029727
11966,Regressão linear,1,550000.0,782467.0863383194
12970,Regressão linear,1,519950.0,533281.1407093133
13027,Regressão linear,1,825000.0,1116661.074163145
13660,Regressão linear,1,399000.0,292818.0029646962
14679,Regressão linear,1,220000.0,145505.130752759
15010,Regressão linear,1,970000.0,1377846.9025304727
15869,Regressão linear,1,362000.0,416587.8453290094
16651,Regressão linear,1,283000.0,329567.524358742
16857,Regressão linear,1,380000.0,391417.01246383134
16908,Regressão linear,1,457000.0,546406.4467349759
16973,Regressão linear,1,632000.0,665664.9652288497
16997,Regressão linear,1,430000.0,338354.27774346585
17183,Regressão linear,1,640000.0,702696.0286990778
17346,Regressão linear,1,370000.0,461028.8581327568
17713,Regressão linear,1,590000.0,714137.8213327834
18111,Regressão linear,1,1096500.0,978719.0665020756
19299,Regressão linear,1,174900.0,146366.19948929915
19361,Regressão linear,1,450000.0,415883.1325747517
20027,Regressão linear,1,572115.0,654030.6552530894
20426,Regressão linear,1,998000.0,876372.4541833097
20855,Regressão linear,1,329950.0,393090.53666384664
21231,Regressão linear,1,452000.0,498517.8563251988
21336,Regressão linear,1,559630.0,670621.7867094828
21575,Regressão linear,1,399950.0,509915.63309962663
201,Regressão linear,1,297000.0,312016.9828043275
464,Regressão linear,1,330000.0,204799.4206468885
960,Regressão linear,1,650000.0,678069.6566585195
1229,Regressão linear,1,457000.0,504646.3887685913
1346,Regressão linear,1,620000.0,831705.5973210123
1586,Regressão linear,1,1150000.0,1286989.6286772767
1652,Regressão linear,1,231500.0,299756.90819437307
1964,Regressão linear,1,252000.0,96025.14283372741
2235,Regressão linear,1,220000.0,241200.50049439803
2256,Regressão linear,1,245000.0,371437.5726305584
2529,Regressão linear,1,392450.0,617097.5482776277
2562,Regressão linear,1,493000.0,535641.6612423434
3786,Regressão linear,1,284700.0,284329.777220659
3996,Regressão linear,1,318700.0,453759.9574000187
4144,Regressão linear,1,701000.0,644631.8481794504
4333,Regressão linear,1,281000.0,59668.89153132262
4416,Regressão linear,1,425000.0,394809.9117371463
4469,Regressão linear,1,468000.0,382852.941222729
4717,Regressão linear,1,750000.0,1058611.7069347217
4900,Regressão linear,1,550000.0,502578.78852828394
4903,Regressão linear,1,259950.0,220840.02980015107
5039,Regressão linear,1,235000.0,245422.23452371144
5093,Regressão linear,1,395000.0,516129.10990992514
5802,Regressão linear,1,460000.0,445775.89620103507
5877,Regressão linear,1,449950.0,658957.6519512929
6323,Regressão linear,1,376000.0,434062.4242026247
7326,Regressão linear,1,275000.0,312355.80867574
7503,Regressão linear,1,549000.0,438232.3545858115
8002,Regressão linear,1,379500.0,320977.83944623667
8912,Regressão linear,1,465000.0,623626.828077679
9152,Regressão linear,1,525000.0,556275.8521779967
9353,Regressão linear,1,300000.0,284411.16729906184
9627,Regressão linear,1,765000.0,699404.5100109229
10287,Regressão linear,1,196700.0,207662.79416243738
10780,Regressão linear,1,750000.0,643607.1193993887
11055,Regressão linear,1,399000.0,329905.7733442406
11083,Regressão linear,1,450000.0,546614.1346624865
11306,Regressão linear,1,402300.0,492746.44685089873
11540,Regressão linear,1,950000.0,1158574.1426070724
11807,Regressão linear,1,362000.0,467885.64805165003
11988,Regressão linear,1,329000.0,262451.48934020207
12035,Regressão linear,1,415000.0,605462.2678107611
12070,Regressão linear,1,396500.0,381505.15825502126
12211,Regressão linear,1,1190000.0,1140835.0943124602
13048,Regressão linear,1,870000.0,823710.3577738429
13134,Regressão linear,1,980000.0,1093994.0856314148
13161,Regressão linear,1,790000.0,721989.9607545455
13956,Regressão linear,1,1160000.0,1475545.4527017511
13982,Regressão linear,1,599950.0,606954.5491985385
14080,Regressão linear,1,260000.0,218596.98803803828
14136,Regressão linear,1,557865.0,751575.3408005991
14606,Regressão linear,1,395000.0,362463.5867232252
15087,Regressão linear,1,365000.0,431243.69274261966
15390,Regressão linear,1,524950.0,451958.42697555956
15975,Regressão linear,1,475000.0,510446.30537577823
16334,Regressão linear,1,745000.0,821356.6225604425
16582,Regressão linear,1,1350000.0,1299743.2663189238
17337,Regressão linear,1,476800.0,511538.98538905295
17392,Regressão linear,1,179950.0,45227.7622124927
17648,Regressão linear,1,805000.0,948087.3946907986
18012,Regressão linear,1,640000.0,653498.1819372542
18260,Regressão linear,1,493000.0,543393.4968922704
18400,Regressão linear,1,1065000.0,1104343.1254894277
18440,Regressão linear,1,357500.0,289431.3948178969
18523,Regressão linear,1,465000.0,654918.0357695867
18589,Regressão linear,1,732500.0,709686.5207052949
18596,Regressão linear,1,645500.0,647835.9120310838
19100,Regressão linear,1,399000.0,369687.1687913517
19249,Regressão linear,1,129888.0,42350.90723164234
19502,Regressão linear,1,445000.0,468364.3464012714
19650,Regressão linear,1,155000.0,136144.63176096958
19785,Regressão linear,1,290000.0,353164.36142450065
20250,Regressão linear,1,1050000.0,834283.9989515607
20586,Regressão linear,1,653500.0,728815.0297648793
20956,Regressão linear,1,650000.0,685631.517342078
21091,Regressão linear,1,530000.0,592305.6389438687
21177,Regressão linear,1,663000.0,555009.4061339495
21190,Regressão linear,1,405000.0,544210.6866431574
21325,Regressão linear,1,659000.0,670355.4407392468
21354,Regressão linear,1,495000.0,632566.4845934579
21477,Regressão linear,1,1010800.0,1016467.2347829621
21582,Regressão linear,1,490000.0,487202.6604994425
158,Regressão linear,1,247000.0,212950.4087251829
277,Regressão linear,1,770000.0,799411.499614302
472,Regressão linear,1,1199000.0,1070051.0370332152
661,Regressão linear,1,496500.0,452860.17994587176
738,Regressão linear,1,1300000.0,1130855.273266872
771,Regressão linear,1,341500.0,251055.5020375796
859,Regressão linear,1,166600.0,141179.68534843234
1201,Regressão linear,1,472800.0,554653.081339539
1215,Regressão linear,1,455000.0,461306.5305507406
1248,Regressão linear,1,449000.0,454632.6247690491
1267,Regressão linear,1,340000.0,439042.6665970817
1603,Regressão linear,1,703770.0,718670.5754930764
1975,Regressão linear,1,200000.0,275580.3704085713
1979,Regressão linear,1,210000.0,100539.89771950105
2617,Regressão linear,1,210000.0,200427.6342652939
3306,Regressão linear,1,430000.0,476779.7272112751
3595,Regressão linear,1,630000.0,641622.7876629513
3758,Regressão linear,1,205000.0,188733.0323826253
3808,Regressão linear,1,245000.0,272512.63392484665
4141,Regressão linear,1,545000.0,474321.2127420095
4603,Regressão linear,1,305000.0,321284.395925625
4605,Regressão linear,1,700000.0,697119.0115575998
4716,Regressão linear,1,415000.0,307434.5072464038
4766,Regressão linear,1,490000.0,605347.0252235935
5470,Regressão linear,1,410000.0,205633.79948442784
5646,Regressão linear,1,720000.0,762755.8935068652
5759,Regressão linear,1,580000.0,525095.1223923739
5776,Regressão linear,1,637800.0,622472.5419011049
6209,Regressão linear,1,435000.0,615836.8825746217
6282,Regressão linear,1,270000.0,244736.37586629408
6743,Regressão linear,1,275000.0,215981.30586113405
6921,Regressão linear,1,284000.0,256685.83375648485
7468,Regressão linear,1,415000.0,449712.71574439487
7774,Regressão linear,1,440000.0,593660.9208092811
8103,Regressão linear,1,163250.0,170540.29314309644
8221,Regressão linear,1,506000.0,775548.4738805599
8237,Regressão linear,1,250000.0,289008.49087965756
8332,Regressão linear,1,250000.0,235920.80131862382
8457,Regressão linear,1,350000.0,244831.3812015651
8504,Regressão linear,1,549950.0,788804.4971251287
8780,Regressão linear,1,510000.0,624175.7936937006
8875,Regressão linear,1,310000.0,122447.6667840358
9019,Regressão linear,1,510000.0,612438.3490828876
9374,Regressão linear,1,349950.0,289062.1543170588
9549,Regressão linear,1,275000.0,276272.038266922
9738,Regressão linear,1,518000.0,412645.96171694726
9890,Regressão linear,1,128000.0,28266.672208317206
9891,Regressão linear,1,210500.0,190173.0918533157
10492,Regressão linear,1,227950.0,169319.4395084243
10687,Regressão linear,1,595000.0,790815.4409171535
10755,Regressão linear,1,400000.0,417197.42145740037
10762,Regressão linear,1,379750.0,488192.5645152945
10852,Regressão linear,1,580000.0,488816.1497933684
10876,Regressão linear,1,238950.0,199958.63183804977
10882,Regressão linear,1,600000.0,427671.2743499109
10893,Regressão linear,1,312620.0,250819.75259220737
11021,Regressão linear,1,315000.0,291614.99541584885
11190,Regressão linear,1,276000.0,160615.35001673913
11531,Regressão linear,1,765000.0,884525.0940133414
11783,Regressão linear,1,370000.0,349873.6289761283
11819,Regressão linear,1,206990.0,86254.04049096833
11964,Regressão linear,1,378000.0,289641.28873228957
11973,Regressão linear,1,760000.0,713483.1178960451
12032,Regressão linear,1,550000.0,565389.5867507006
12120,Regressão linear,1,400000.0,375882.3640794726
12281,Regressão linear,1,471000.0,648597.2200311717
12355,Regressão linear,1,305000.0,411026.96793684183
12405,Regressão linear,1,239000.0,178915.36583087302
12709,Regressão linear,1,425000.0,421112.5393175228
12875,Regressão linear,1,310000.0,487800.6282873484
13730,Regressão linear,1,325000.0,236227.77670219837
14060,Regressão linear,1,397950.0,410600.55194036657
14275,Regressão linear,1,1100000.0,979193.9392653175
14766,Regressão linear,1,390000.0,318978.9946233723
15061,Regressão linear,1,725000.0,846231.8385389466
15301,Regressão linear,1,314000.0,367117.7209186495
15493,Regressão linear,1,320000.0,360066.3558227554
15569,Regressão linear,1,309950.0,264683.599374763
15791,Regressão linear,1,400000.0,393102.3279699052
15874,Regressão linear,1,1600000.0,1664906.16577681
16014,Regressão linear,1,252500.0,303116.3771243927
16570,Regressão linear,1,340000.0,839568.0226489783
17308,Regressão linear,1,518000.0,570966.6329711787
17557,Regressão linear,1,260000.0,189366.96560910752
17701,Regressão linear,1,356000.0,284430.0479128774
18465,Regressão linear,1,799000.0,626544.6857920521
18593,Regressão linear,1,526000.0,466899.1566330442
18660,Regressão linear,1,572000.0,450730.51276601566
18750,Regressão linear,1,465000.0,612801.0255489784
18908,Regressão linear,1,180000.0,72310.08927174087
19957,Regressão linear,1,840000.0,743502.9708089905
19990,Regressão linear,1,685000.0,587252.8501120034
20217,Regressão linear,1,437718.0,335971.95787624165
20244,Regressão linear,1,1333000.0,1149975.625948221
20356,Regressão linear,1,359950.0,412904.2127477313
20573,Regressão linear,1,305000.0,252344.47941309193
21040,Regressão linear,1,2900000.0,2720519.186296253
21419,Regressão linear,1,729999.0,672225.7365584243
21483,Regressão linear,1,407500.0,519192.2018022428
21588,Regressão linear,1,414500.0,439465.0174666446
85,Regressão linear,1,940000.0,885167.0228739205
426,Regressão linear,1,310000.0,433615.7110983318
518,Regressão linear,1,2250000.0,1500894.050681612
895,Regressão linear,1,431650.0,441173.554334602
1259,Regressão linear,1,295700.0,186523.57212510018
1828,Regressão linear,1,460000.0,509407.4255432531
1997,Regressão linear,1,180000.0,113229.1110956507
2085,Regressão linear,1,3850000.0,2735276.424317394
2310,Regressão linear,1,380000.0,398336.0520872177
2408,Regressão linear,1,1015000.0,702243.783169438
2915,Regressão linear,1,455000.0,397769.82665320823
3094,Regressão linear,1,425000.0,473183.48585089797
3360,Regressão linear,1,454000.0,370375.76905970863
4165,Regressão linear,1,523000.0,685419.7756440423
4170,Regressão linear,1,810000.0,747634.5003481952
4192,Regressão linear,1,1045000.0,798407.4315480216
4412,Regressão linear,1,864500.0,889177.7562532729
5338,Regressão linear,1,303500.0,314535.59191375907
6029,Regressão linear,1,575000.0,495566.1327711794
6486,Regressão linear,1,545000.0,646499.818488467
6654,Regressão linear,1,358000.0,501486.52714488003
7060,Regressão linear,1,517500.0,492309.4145492884
7781,Regressão linear,1,430000.0,592970.5070060047
7798,Regressão linear,1,488000.0,600058.3463660532
8204,Regressão linear,1,269950.0,172532.44235518633
9313,Regressão linear,1,790000.0,835944.9740781011
9595,Regressão linear,1,236000.0,176691.98074460888
9609,Regressão linear,1,339950.0,284432.56939646887
10061,Regressão linear,1,574000.0,741701.9824348704
10236,Regressão linear,1,310000.0,274365.8166826449
10816,Regressão linear,1,605000.0,693850.3717111829
11208,Regressão linear,1,427800.0,468447.8610856486
11509,Regressão linear,1,156000.0,66959.56965735793
12091,Regressão linear,1,490000.0,491374.97236140515
12177,Regressão linear,1,595000.0,648345.3660814839
12198,Regressão linear,1,260000.0,166784.09857724607
12224,Regressão linear,1,265500.0,261914.18927233483
12489,Regressão linear,1,357950.0,412790.21476045717
12878,Regressão linear,1,284000.0,281568.7040701062
13255,Regressão linear,1,840000.0,799497.7156716753
13767,Regressão linear,1,505000.0,503483.87380389415
13897,Regressão linear,1,223000.0,116760.4029637223
14458,Regressão linear,1,185000.0,110455.21161735756
14879,Regressão linear,1,630000.0,1098309.8285111915
15049,Regressão linear,1,1535000.0,1619336.3826408708
15185,Regressão linear,1,490000.0,577843.320723969
16453,Regressão linear,1,525300.0,605409.0411047428
16596,Regressão linear,1,252500.0,276804.1411704094
17061,Regressão linear,1,272000.0,188411.20141143896
17442,Regressão linear,1,577500.0,610989.7161628586
17781,Regressão linear,1,460000.0,481429.9714261804
18052,Regressão linear,1,247000.0,-88911.36598814296
18090,Regressão linear,1,244000.0,258055.40030642814
18306,Regressão linear,1,440000.0,604390.3571206201
18345,Regressão linear,1,280000.0,213227.5543954701
18366,Regressão linear,1,975000.0,1456965.2189784173
18390,Regressão linear,1,551000.0,668169.8068117378
18989,Regressão linear,1,370000.0,328200.8513092606
19140,Regressão linear,1,430000.0,456405.07803551486
19143,Regressão linear,1,635500.0,590045.5185073843
19225,Regressão linear,1,199900.0,136354.01199829206
19640,Regressão linear,1,338900.0,341128.3457732604
19738,Regressão linear,1,299000.0,343608.0354186058
19750,Regressão linear,1,335000.0,291396.4354829773
19828,Regressão linear,1,530000.0,578168.2456069007
20529,Regressão linear,1,565000.0,549678.9044062675
20607,Regressão linear,1,805000.0,889505.9766237676
20758,Regressão linear,1,358000.0,395852.082438411
21025,Regressão linear,1,727000.0,695800.8656131779
2734,Regressão linear,1,700000.0,565532.0428445591
4071,Regressão linear,1,324888.0,293854.66649612505
10993,Regressão linear,1,326000.0,518459.1120283243
12368,Regressão linear,1,336500.0,381345.35646742646
178,Regressão linear,1,269950.0,376793.76681082835
554,Regressão linear,1,396000.0,345146.22702318965
584,Regressão linear,1,268500.0,169717.92762560988
650,Regressão linear,1,220000.0,82382.71610689955
1256,Regressão linear,1,265000.0,419534.107028031
1543,Regressão linear,1,860000.0,859530.9000687631
2107,Regressão linear,1,272000.0,227913.45280570732
2135,Regressão linear,1,185000.0,86729.18934603274
3023,Regressão linear,1,409500.0,527414.5277321585
3121,Regressão linear,1,1320000.0,1505541.668932327
3190,Regressão linear,1,445000.0,368554.21758147085
3816,Regressão linear,1,239000.0,234471.94114514178
4367,Regressão linear,1,800000.0,1084752.6633407301
4435,Regressão linear,1,249950.0,196315.00013600418
4503,Regressão linear,1,295500.0,398193.8056816377
4613,Regressão linear,1,880000.0,870854.3729465122
4780,Regressão linear,1,310000.0,343334.42751849483
6658,Regressão linear,1,554000.0,693594.6522836178
6820,Regressão linear,1,274000.0,74012.38966166822
7082,Regressão linear,1,600000.0,615752.8482896615
7667,Regressão linear,1,220000.0,244153.27229848914
7731,Regressão linear,1,775000.0,878087.3501726141
7987,Regressão linear,1,740000.0,718306.1455244332
8093,Regressão linear,1,627000.0,740111.841938056
8278,Regressão linear,1,453000.0,455610.6432301231
8305,Regressão linear,1,473000.0,686164.5348261244
8477,Regressão linear,1,339950.0,459104.1433637523
9064,Regressão linear,1,545000.0,633723.8062938646
9435,Regressão linear,1,225000.0,176195.37775083524
9566,Regressão linear,1,540000.0,525274.5261518013
9698,Regressão linear,1,357000.0,355975.2744292301
9962,Regressão linear,1,525000.0,478881.9697109239
10479,Regressão linear,1,400000.0,494953.38941189763
10821,Regressão linear,1,795000.0,815599.0223376205
10840,Regressão linear,1,1575000.0,1458729.7264902114
10972,Regressão linear,1,455000.0,411869.87792279513
11050,Regressão linear,1,427000.0,369848.4928583696
11327,Regressão linear,1,313000.0,176195.6900900179
11718,Regressão linear,1,410000.0,533359.0464496235
11811,Regressão linear,1,375000.0,379610.4904131906
11943,Regressão linear,1,571000.0,569419.3872444921
12051,Regressão linear,1,688500.0,804866.7496998749
12326,Regressão linear,1,925900.0,1037895.9531190172
12335,Regressão linear,1,295000.0,416493.0852306923
12504,Regressão linear,1,311000.0,260099.566317094
12730,Regressão linear,1,577288.0,671126.3367533495
13306,Regressão linear,1,395000.0,576130.5921719047
13753,Regressão linear,1,230000.0,175402.74674721746
13789,Regressão linear,1,302500.0,472926.4215029862
13866,Regressão linear,1,318000.0,395125.8588733135
13939,Regressão linear,1,348000.0,117081.56482704426
14041,Regressão linear,1,805000.0,937517.4765894113
14378,Regressão linear,1,489000.0,707634.5626374678
14437,Regressão linear,1,234950.0,234153.908855528
14506,Regressão linear,1,435000.0,407041.52971032885
14868,Regressão linear,1,383000.0,297088.6438317664
15003,Regressão linear,1,397000.0,560954.5900197758
15167,Regressão linear,1,230000.0,155456.62601169012
15430,Regressão linear,1,1311000.0,949786.1944037892
15800,Regressão linear,1,426000.0,368336.4450938908
15894,Regressão linear,1,254950.0,143462.05852210702
16885,Regressão linear,1,264500.0,151946.3903937628
16906,Regressão linear,1,237600.0,160083.6523259685
17274,Regressão linear,1,368000.0,447183.7699844891
17295,Regressão linear,1,600000.0,584841.7321021885
18229,Regressão linear,1,475000.0,469492.0835451381
18275,Regressão linear,1,285000.0,922119.749929398
18766,Regressão linear,1,443000.0,543035.2282271078
18839,Regressão linear,1,295000.0,273792.0163401353
19153,Regressão linear,1,567000.0,742196.012644527
19376,Regressão linear,1,440000.0,462281.0912588991
19802,Regressão linear,1,545000.0,637993.1974725773
19900,Regressão linear,1,288790.0,192262.09622089972
20193,Regressão linear,1,614000.0,677637.5626127912
20418,Regressão linear,1,709950.0,790072.7319171897
20496,Regressão linear,1,847093.0,732740.0597534309
20561,Regressão linear,1,485230.0,511440.08670304425
20667,Regressão linear,1,496000.0,417091.7667265879
20781,Regressão linear,1,239000.0,309334.41432591155
21097,Regressão linear,1,780000.0,854111.1509171448
21295,Regressão linear,1,279500.0,149657.8599649531
21300,Regressão linear,1,453000.0,390388.558185106
21340,Regressão linear,1,417000.0,334998.64343359304
21377,Regressão linear,1,403000.0,402463.4110188412
648,Regressão linear,1,157000.0,55678.10251965554
782,Regressão linear,1,320000.0,272222.97358754446
806,Regressão linear,1,308000.0,263356.4597650169
841,Regressão linear,1,320000.0,273906.6515596312
1094,Regressão linear,1,430000.0,437727.9365136385
1304,Regressão linear,1,275000.0,339978.77463477023
1359,Regressão linear,1,549000.0,651811.0801369108
1563,Regressão linear,1,607010.0,454588.08702424343
1671,Regressão linear,1,293000.0,269215.6765606551
1721,Regressão linear,1,360400.0,370663.2519722842
1810,Regressão linear,1,480000.0,565247.4003633496
2017,Regressão linear,1,580000.0,665598.9335474257
2025,Regressão linear,1,719950.0,614219.8940128862
2109,Regressão linear,1,307000.0,262879.28723844636
2774,Regressão linear,1,416000.0,468862.3243413101
2864,Regressão linear,1,3600000.0,2203552.424550955
3177,Regressão linear,1,450000.0,658139.7961239279
3225,Regressão linear,1,875000.0,798846.5010870951
3356,Regressão linear,1,850000.0,700109.7640517508
3778,Regressão linear,1,810000.0,913400.4187236279
4090,Regressão linear,1,462500.0,507521.4396798305
4168,Regressão linear,1,359950.0,354337.1909672
4228,Regressão linear,1,509500.0,607761.1733839656
4311,Regressão linear,1,339000.0,473584.9664568624
4402,Regressão linear,1,515000.0,513217.4929640229
4598,Regressão linear,1,643500.0,708147.5063141581
4851,Regressão linear,1,988830.0,987556.6608539175
5127,Regressão linear,1,510000.0,714695.3287585058
5489,Regressão linear,1,751305.0,797664.9681120578
6270,Regressão linear,1,530000.0,521226.68252150377
7701,Regressão linear,1,345000.0,222000.601280251
7838,Regressão linear,1,342450.0,321364.2003396624
8112,Regressão linear,1,299950.0,256853.69698806223
8447,Regressão linear,1,250000.0,511847.84420511086
9375,Regressão linear,1,1565000.0,1332944.0390139692
9671,Regressão linear,1,905000.0,921470.3996135808
9694,Regressão linear,1,865000.0,1803607.7108325374
10120,Regressão linear,1,250000.0,121919.92349262291
10242,Regressão linear,1,279000.0,367513.0498614974
10388,Regressão linear,1,645500.0,710866.2723139578
10529,Regressão linear,1,770000.0,562700.3488448947
10577,Regressão linear,1,333000.0,358395.93145203544
10706,Regressão linear,1,456700.0,627103.7137017904
10721,Regressão linear,1,135000.0,128297.31295344891
10824,Regressão linear,1,598850.0,539829.3414973809
10854,Regressão linear,1,594000.0,531213.469053533
10990,Regressão linear,1,425000.0,555174.6916199011
11038,Regressão linear,1,250000.0,197901.86115114624
11078,Regressão linear,1,365000.0,333668.93311326136
11084,Regressão linear,1,814950.0,788974.775657737
11349,Regressão linear,1,490000.0,567488.3004014168
11417,Regressão linear,1,751000.0,823317.1547426172
11693,Regressão linear,1,422500.0,500833.52464231604
11850,Regressão linear,1,688100.0,632447.4197465321
12085,Regressão linear,1,210000.0,119219.37852982688
12206,Regressão linear,1,540000.0,547057.1331274258
12659,Regressão linear,1,158000.0,109984.02394501003
13105,Regressão linear,1,315000.0,400653.95922793855
13178,Regressão linear,1,225000.0,255483.58748781926
13615,Regressão linear,1,210000.0,184147.27216918115
13965,Regressão linear,1,277500.0,555960.9429102868
14280,Regressão linear,1,352000.0,335806.59667631885
15110,Regressão linear,1,268000.0,225535.64340180927
15649,Regressão linear,1,252000.0,326137.3203143766
15765,Regressão linear,1,525000.0,792199.3907746377
16819,Regressão linear,1,505000.0,480834.79216270486
16900,Regressão linear,1,355000.0,361928.99773840094
17027,Regressão linear,1,445000.0,378899.9059836246
17419,Regressão linear,1,219000.0,113925.81963194953
17625,Regressão linear,1,531000.0,516941.6574990116
17762,Regressão linear,1,300000.0,163730.9511796183
17867,Regressão linear,1,255000.0,204995.40208756004
17887,Regressão linear,1,255000.0,170710.21749700836
18224,Regressão linear,1,459800.0,409948.795913919
18263,Regressão linear,1,475000.0,382751.64507883566
18435,Regressão linear,1,589000.0,624550.5271466986
18655,Regressão linear,1,1388000.0,960551.9609810633
18696,Regressão linear,1,650000.0,729038.9752837145
19086,Regressão linear,1,774900.0,556142.9761897975
19141,Regressão linear,1,266490.0,211194.7979242165
19179,Regressão linear,1,475000.0,516175.6301226591
19431,Regressão linear,1,565000.0,577870.0965007665
19528,Regressão linear,1,510000.0,668813.1545925178
19648,Regressão linear,1,299000.0,332211.41160543286
19773,Regressão linear,1,399000.0,422195.23736902676
20228,Regressão linear,1,565997.0,505384.66896609875
21560,Regressão linear,1,540000.0,720237.3268906667
121,Regressão linear,1,391500.0,383181.9024671728
739,Regressão linear,1,233000.0,181709.68186860168
1006,Regressão linear,1,515000.0,490711.7147545088
1238,Regressão linear,1,659000.0,497208.6144713134
1800,Regressão linear,1,206000.0,224551.16208928806
1945,Regressão linear,1,2400000.0,1483150.3697020914
2153,Regressão linear,1,1010000.0,907076.3029273411
2964,Regressão linear,1,999000.0,1419094.5280931627
3405,Regressão linear,1,515000.0,543594.3562435759
4512,Regressão linear,1,312000.0,365084.775815982
4656,Regressão linear,1,425000.0,351820.4449941892
4948,Regressão linear,1,425000.0,456669.6800438494
5050,Regressão linear,1,249000.0,252235.80716445393
5078,Regressão linear,1,250000.0,149864.01654729538
5168,Regressão linear,1,611900.0,755160.6221180179
5345,Regressão linear,1,365500.0,317801.88719634677
5436,Regressão linear,1,375000.0,418640.79855177586
6131,Regressão linear,1,517500.0,521763.5826567865
6547,Regressão linear,1,530000.0,564532.242502457
6614,Regressão linear,1,340000.0,542247.2112903034
6623,Regressão linear,1,550000.0,461008.31291426223
6645,Regressão linear,1,378000.0,345173.16596938897
6662,Regressão linear,1,193000.0,2714.169328058022
6837,Regressão linear,1,299000.0,252618.2373551925
6977,Regressão linear,1,690000.0,553160.8698786763
7196,Regressão linear,1,900000.0,683102.5255223842
7558,Regressão linear,1,382000.0,413544.7415001949
7656,Regressão linear,1,960000.0,946148.8458723446
7761,Regressão linear,1,170000.0,59090.91583677096
8182,Regressão linear,1,495000.0,383478.56781249313
8210,Regressão linear,1,203000.0,146102.53765893262
8559,Regressão linear,1,506400.0,460256.1943868558
9000,Regressão linear,1,1050000.0,1231333.5895714764
9190,Regressão linear,1,525000.0,476321.9881750506
9240,Regressão linear,1,412133.0,434042.1322001093
9487,Regressão linear,1,2375000.0,1000876.3843652712
9575,Regressão linear,1,460000.0,454133.7317021783
9682,Regressão linear,1,415000.0,413573.2085041255
9691,Regressão linear,1,601000.0,472584.9133077883
9895,Regressão linear,1,352000.0,444108.2497335992
9970,Regressão linear,1,290000.0,188067.47483407316
10351,Regressão linear,1,465000.0,542262.3088334228
10409,Regressão linear,1,269000.0,207344.3564085661
10430,Regressão linear,1,570000.0,583140.0832112855
10463,Regressão linear,1,519500.0,468444.3845505504
10890,Regressão linear,1,440000.0,328646.6839458045
11181,Regressão linear,1,595000.0,763170.4626228285
11192,Regressão linear,1,355000.0,290267.9088305532
11316,Regressão linear,1,240000.0,196084.21751270295
11972,Regressão linear,1,839900.0,835575.5933743482
12340,Regressão linear,1,190000.0,136219.55408861465
12683,Regressão linear,1,705000.0,745013.395991347
13142,Regressão linear,1,262500.0,144254.6178795464
13176,Regressão linear,1,667500.0,1198335.6980796647
13771,Regressão linear,1,325000.0,392131.9880448536
14081,Regressão linear,1,294000.0,321669.84169555013
14572,Regressão linear,1,195000.0,86584.46454738604
14725,Regressão linear,1,415000.0,387790.66923060786
15181,Regressão linear,1,415000.0,379056.7024290408
15202,Regressão linear,1,710000.0,955683.3727284619
15205,Regressão linear,1,528000.0,499046.6175129305
15402,Regressão linear,1,246000.0,225328.27743563763
15901,Regressão linear,1,315000.0,363273.77164573775
16011,Regressão linear,1,392500.0,422560.56721360306
16251,Regressão linear,1,215000.0,248661.61461967358
16273,Regressão linear,1,185000.0,298345.78743672196
16742,Regressão linear,1,508500.0,574100.2063410939
16948,Regressão linear,1,542500.0,532593.9145748565
17418,Regressão linear,1,290000.0,293709.4251414663
17856,Regressão linear,1,718000.0,625470.2104411878
17947,Regressão linear,1,290000.0,301275.56175122014
18083,Regressão linear,1,770000.0,973430.682808851
18091,Regressão linear,1,397000.0,484287.7793443221
18122,Regressão linear,1,576925.0,576868.3105959473
18248,Regressão linear,1,740000.0,858783.705092791
18700,Regressão linear,1,788000.0,738326.8043822126
18857,Regressão linear,1,520000.0,461728.070004681
18947,Regressão linear,1,313500.0,301961.42976675194
19159,Regressão linear,1,252000.0,153675.62804676872
19673,Regressão linear,1,375000.0,383098.336844231
20061,Regressão linear,1,700000.0,594392.8444599216
20588,Regressão linear,1,333000.0,323933.2147320126
24,Regressão linear,1,329000.0,451188.25892995065
65,Regressão linear,1,317625.0,748844.927567063
156,Regressão linear,1,650000.0,758168.0297050357
233,Regressão linear,1,213000.0,208877.24681957802
369,Regressão linear,1,338000.0,356458.2335402551
490,Regressão linear,1,452000.0,397412.42218064005
656,Regressão linear,1,3070000.0,1784460.7272975454
787,Regressão linear,1,460000.0,463377.668810028
834,Regressão linear,1,249900.0,151793.70742247373
1435,Regressão linear,1,290000.0,374612.779625093
1578,Regressão linear,1,440000.0,622337.2496355795
1730,Regressão linear,1,1679000.0,1425088.821386528
2435,Regressão linear,1,355000.0,428672.3280965493
2842,Regressão linear,1,375000.0,259442.0075471881
2851,Regressão linear,1,534000.0,611593.4148506038
3101,Regressão linear,1,190000.0,173599.75754544628
3265,Regressão linear,1,218000.0,262964.35334381205
3318,Regressão linear,1,445000.0,475346.5288600834
3464,Regressão linear,1,805000.0,703810.2812724785
3713,Regressão linear,1,421000.0,366442.3345901237
4399,Regressão linear,1,1150000.0,1236128.31869055
4536,Regressão linear,1,297000.0,197546.3226018543
4801,Regressão linear,1,410000.0,374483.2947187246
5247,Regressão linear,1,890000.0,805535.1102243372
5528,Regressão linear,1,805000.0,879752.4374957822
5680,Regressão linear,1,1470000.0,1301225.7450767946
5821,Regressão linear,1,435000.0,536319.2506250567
6041,Regressão linear,1,2385000.0,1894903.7061791918
6042,Regressão linear,1,230000.0,124735.6930667769
6517,Regressão linear,1,560000.0,584667.162017791
7294,Regressão linear,1,700000.0,372692.04892639205
7335,Regressão linear,1,445500.0,433069.94787174213
7393,Regressão linear,1,366000.0,483906.9483895601
7477,Regressão linear,1,370000.0,404413.4027514223
7520,Regressão linear,1,229950.0,289710.35949571553
7801,Regressão linear,1,321000.0,286858.22918278776
8218,Regressão linear,1,490000.0,511507.42809609225
8376,Regressão linear,1,300000.0,239678.21301505575
9183,Regressão linear,1,305000.0,380180.99725814495
9216,Regressão linear,1,340000.0,678797.8316599363
9256,Regressão linear,1,811500.0,854125.7560962662
9540,Regressão linear,1,961000.0,939487.5762631998
9984,Regressão linear,1,205000.0,331099.78060378146
10110,Regressão linear,1,920000.0,692866.5122394783
10312,Regressão linear,1,398000.0,357450.06741924316
10317,Regressão linear,1,524000.0,676151.502581755
10814,Regressão linear,1,432500.0,483240.387655861
11579,Regressão linear,1,185000.0,97751.96777452051
11762,Regressão linear,1,350000.0,303580.21025294875
11890,Regressão linear,1,365000.0,145708.29918219932
12191,Regressão linear,1,438950.0,579077.2563051431
12337,Regressão linear,1,749950.0,707377.9292747363
12753,Regressão linear,1,292000.0,397954.9176898374
12985,Regressão linear,1,500000.0,813181.9129690875
13061,Regressão linear,1,496600.0,587274.0587028661
13396,Regressão linear,1,770000.0,702793.9145451303
13838,Regressão linear,1,280000.0,207083.09886687633
14076,Regressão linear,1,294000.0,311236.7884365435
14143,Regressão linear,1,690000.0,586043.5220102698
14795,Regressão linear,1,190000.0,136484.79249557538
15270,Regressão linear,1,457000.0,500320.1449747135
15334,Regressão linear,1,649500.0,784466.565603256
15405,Regressão linear,1,990000.0,1388502.1300893226
15744,Regressão linear,1,560000.0,629307.604683789
16115,Regressão linear,1,616950.0,687468.738744155
16369,Regressão linear,1,580000.0,469257.09580665524
16565,Regressão linear,1,385000.0,495351.5729182104
16668,Regressão linear,1,808000.0,818584.0081251418
16744,Regressão linear,1,206000.0,161151.5551724084
16859,Regressão linear,1,202000.0,133112.01111467244
16939,Regressão linear,1,262500.0,323292.4255582497
17215,Regressão linear,1,297000.0,262787.3676194203
18635,Regressão linear,1,179950.0,51574.681511343224
18784,Regressão linear,1,419000.0,415315.4815821487
19313,Regressão linear,1,342000.0,332049.6713341518
19626,Regressão linear,1,880000.0,1104226.7985443664
19688,Regressão linear,1,349000.0,354014.2336381618
19702,Regressão linear,1,359950.0,432497.12893638434
19799,Regressão linear,1,385000.0,450878.13219041924
19822,Regressão linear,1,388000.0,446281.6318398883
19841,Regressão linear,1,272000.0,401828.0749575613
19842,Regressão linear,1,418395.0,481000.44497576205
19922,Regressão linear,1,455000.0,513508.03467475896
19983,Regressão linear,1,479000.0,448883.2663202677
20266,Regressão linear,1,625000.0,520404.3382991777
20660,Regressão linear,1,315000.0,262977.14496784646
115,Regressão linear,1,740500.0,1158199.0806910738
185,Regressão linear,1,1095000.0,1218882.1803222662
232,Regressão linear,1,315000.0,380048.23508047836
525,Regressão linear,1,727500.0,945325.7715285323
544,Regressão linear,1,375000.0,394451.15059587563
1722,Regressão linear,1,345000.0,320134.2594619175
2459,Regressão linear,1,674250.0,733060.5703064312
2980,Regressão linear,1,390000.0,548511.7609241502
2986,Regressão linear,1,950000.0,1160025.2491013217
3207,Regressão linear,1,637250.0,584084.2943495479
3571,Regressão linear,1,277950.0,254564.38788175758
3755,Regressão linear,1,194820.0,111191.67323429784
3789,Regressão linear,1,533250.0,358271.4823874704
3976,Regressão linear,1,279000.0,160974.5136995738
4369,Regressão linear,1,1150000.0,1489719.500169795
4800,Regressão linear,1,274000.0,361988.43027711473
5221,Regressão linear,1,600000.0,674926.249773623
5462,Regressão linear,1,845800.0,992802.4011832948
5673,Regressão linear,1,299500.0,276841.80540989677
6119,Regressão linear,1,289200.0,301265.8784785229
6526,Regressão linear,1,585000.0,521557.47352538345
6542,Regressão linear,1,544900.0,473701.59033944015
6881,Regressão linear,1,715000.0,850964.1843268978
7206,Regressão linear,1,628000.0,640727.4414328687
7469,Regressão linear,1,319000.0,402511.2849904827
7654,Regressão linear,1,640000.0,630762.1196028439
7844,Regressão linear,1,1646000.0,1402021.0368183157
8245,Regressão linear,1,375000.0,307545.69125549775
8839,Regressão linear,1,298000.0,378317.62115989125
8888,Regressão linear,1,405000.0,311855.40513119695
9032,Regressão linear,1,225000.0,331273.56492473866
9333,Regressão linear,1,1335000.0,1095760.4495056153
9750,Regressão linear,1,885000.0,1098087.3894621194
10118,Regressão linear,1,319000.0,344081.68265632936
10251,Regressão linear,1,212644.0,253983.5595103884
10795,Regressão linear,1,209000.0,176492.8247973857
11205,Regressão linear,1,470000.0,484107.3461719339
11259,Regressão linear,1,950000.0,1036919.0220683939
11638,Regressão linear,1,800000.0,803756.9693210863
11648,Regressão linear,1,250000.0,251480.1467805287
11752,Regressão linear,1,302500.0,296717.1831323029
11859,Regressão linear,1,410500.0,646302.8469837479
11971,Regressão linear,1,395000.0,416853.57362605515
11996,Regressão linear,1,315000.0,274662.28286800254
12159,Regressão linear,1,418000.0,450585.7940857557
12247,Regressão linear,1,225000.0,167885.13518361025
13141,Regressão linear,1,570000.0,688810.073520476
13360,Regressão linear,1,530000.0,595088.2545373801
13460,Regressão linear,1,475999.0,529659.2461124696
14228,Regressão linear,1,267500.0,180877.86632339476
14396,Regressão linear,1,725000.0,668665.7582907025
14938,Regressão linear,1,450000.0,476027.47926538676
15036,Regressão linear,1,200000.0,168512.00807482988
15154,Regressão linear,1,735000.0,845597.924702038
15375,Regressão linear,1,880000.0,994779.3190080519
16193,Regressão linear,1,1815000.0,1569949.2144818828
16679,Regressão linear,1,478000.0,327670.5778871269
17015,Regressão linear,1,488000.0,501800.5809376348
17578,Regressão linear,1,219000.0,268196.1848310075
17673,Regressão linear,1,217500.0,177367.75897420052
17823,Regressão linear,1,579000.0,634424.407496576
17936,Regressão linear,1,390000.0,467108.0636706061
18136,Regressão linear,1,550000.0,588417.5713312994
18196,Regressão linear,1,760000.0,962164.5888589399
18459,Regressão linear,1,305000.0,341702.80250877875
18752,Regressão linear,1,695000.0,740448.920058113
18843,Regressão linear,1,481000.0,556051.677952949
19015,Regressão linear,1,581000.0,674193.3720068098
19026,Regressão linear,1,724950.0,719266.9569489781
19048,Regressão linear,1,365000.0,265047.42239651934
19150,Regressão linear,1,476000.0,434382.25179622055
19459,Regressão linear,1,387000.0,390169.9975937899
20148,Regressão linear,1,660000.0,714530.9195658574
20297,Regressão linear,1,333000.0,228649.3590250464
20644,Regressão linear,1,418000.0,540131.3596053203
20741,Regressão linear,1,345500.0,293594.64287167677
21052,Regressão linear,1,1075000.0,882050.076073997
21072,Regressão linear,1,637850.0,745235.7064845162
21147,Regressão linear,1,659950.0,766307.514592087
21198,Regressão linear,1,450000.0,389807.3468055836
21229,Regressão linear,1,380000.0,448160.33498527145
319,Regressão linear,1,268750.0,12998.942736605823
2101,Regressão linear,1,643000.0,640717.9309432523
4461,Regressão linear,1,263500.0,292667.43416318746
14178,Regressão linear,1,385000.0,428620.9109736097
15415,Regressão linear,1,1650000.0,1499168.2752744206
16608,Regressão linear,1,245000.0,304180.3510925424
20986,Regressão linear,1,334900.0,381645.2782754109
208,Regressão linear,1,180250.0,76951.18042149831
13401,Regressão linear,1,452000.0,382596.65286605526
14965,Regressão linear,1,402000.0,352118.8700760155
15647,Regressão linear,1,599995.0,614113.7450940151
113,Regressão linear,1,329950.0,480881.16003345663
258,Regressão linear,1,255000.0,213929.98468951703
274,Regressão linear,1,331000.0,508522.62160364806
651,Regressão linear,1,521000.0,457487.24315040675
664,Regressão linear,1,323000.0,268495.79759314744
665,Regressão linear,1,331000.0,227930.46067881602
910,Regressão linear,1,234000.0,242096.15709983115
1264,Regressão linear,1,390000.0,375103.9678687516
1539,Regressão linear,1,1300000.0,1553528.265688611
1615,Regressão linear,1,290000.0,250259.0583366736
1989,Regressão linear,1,335000.0,404450.8138448576
2146,Regressão linear,1,950000.0,1038519.5106426791
2188,Regressão linear,1,360000.0,411064.9788186553
2283,Regressão linear,1,569000.0,887547.3385302955
3109,Regressão linear,1,158800.0,124765.3617723519
3384,Regressão linear,1,2544750.0,1789711.8240036108
3695,Regressão linear,1,625000.0,725271.0151428923
4391,Regressão linear,1,399000.0,554083.9959640079
4449,Regressão linear,1,379500.0,350888.8892797966
4830,Regressão linear,1,215000.0,123030.93812929431
4933,Regressão linear,1,360000.0,245144.8372808071
5252,Regressão linear,1,589950.0,600085.2048211631
7360,Regressão linear,1,907000.0,798015.54220711
8502,Regressão linear,1,249900.0,154424.11723055594
8790,Regressão linear,1,415000.0,494217.80451682804
8812,Regressão linear,1,800000.0,811555.9534302911
8906,Regressão linear,1,1325000.0,1147192.6804080126
9199,Regressão linear,1,225000.0,92102.08561963367
9676,Regressão linear,1,315000.0,236236.53060585188
10212,Regressão linear,1,489000.0,444179.50477329874
10359,Regressão linear,1,216000.0,207442.66341932322
10458,Regressão linear,1,774950.0,823338.7727813009
10465,Regressão linear,1,3120000.0,2191227.017380423
10656,Regressão linear,1,304500.0,232866.48546126223
10917,Regressão linear,1,247000.0,274443.57525881624
11222,Regressão linear,1,450000.0,420406.15048775176
11426,Regressão linear,1,299900.0,288462.17192868755
11520,Regressão linear,1,475000.0,444491.3234254313
11709,Regressão linear,1,589450.0,687815.1748596374
11717,Regressão linear,1,208417.0,99484.5679717632
11728,Regressão linear,1,995000.0,1037932.0567771606
11896,Regressão linear,1,294400.0,250347.1825157873
12640,Regressão linear,1,520000.0,476013.0557589948
12672,Regressão linear,1,410000.0,298015.28262001154
12686,Regressão linear,1,260000.0,155876.17879954196
13180,Regressão linear,1,335000.0,447235.0182113147
13325,Regressão linear,1,350000.0,368469.2004107421
13326,Regressão linear,1,220000.0,225115.889575391
13800,Regressão linear,1,775000.0,804678.4810924348
13830,Regressão linear,1,356000.0,257143.92568018663
14602,Regressão linear,1,720000.0,969852.0940835635
14800,Regressão linear,1,210000.0,193207.65362867818
15351,Regressão linear,1,290000.0,229088.9865455631
16491,Regressão linear,1,444950.0,475691.9083783985
16551,Regressão linear,1,199988.0,127888.75984290175
16774,Regressão linear,1,457000.0,466958.11001380486
16937,Regressão linear,1,240000.0,214142.06943096913
16945,Regressão linear,1,480000.0,704380.7038490475
17105,Regressão linear,1,272000.0,459523.1110950285
17356,Regressão linear,1,905000.0,893678.7927727475
17443,Regressão linear,1,560000.0,674541.7614802425
17638,Regressão linear,1,858450.0,809648.1552183576
17760,Regressão linear,1,325000.0,422215.7360365931
17909,Regressão linear,1,428000.0,320426.19741858856
18131,Regressão linear,1,475000.0,431162.74313032697
18323,Regressão linear,1,218250.0,81306.57968910655
18955,Regressão linear,1,950000.0,1078480.869954069
18958,Regressão linear,1,394250.0,617061.7378093151
19008,Regressão linear,1,571500.0,461754.35918618547
19121,Regressão linear,1,182000.0,61473.117242700304
19189,Regressão linear,1,400000.0,444253.28446887457
19875,Regressão linear,1,430000.0,406694.9112939735
19911,Regressão linear,1,515000.0,578470.3193358007
19925,Regressão linear,1,340000.0,281551.27140998485
20210,Regressão linear,1,570000.0,664267.0667847358
20957,Regressão linear,1,379950.0,449703.6784323953
21168,Regressão linear,1,630500.0,567183.0307073654
21305,Regressão linear,1,495000.0,471477.9834601957
21525,Regressão linear,1,1450000.0,1145387.1682756408
846,Regressão linear,1,664000.0,704361.0121867456
877,Regressão linear,1,390000.0,366331.66104436474
1214,Regressão linear,1,500000.0,559587.0052302941
1553,Regressão linear,1,299000.0,234613.56707466935
1885,Regressão linear,1,340000.0,248763.24252851264
2328,Regressão linear,1,283000.0,401265.316701457
2882,Regressão linear,1,700000.0,520755.46104564145
3218,Regressão linear,1,405000.0,496176.65418446844
3493,Regressão linear,1,150000.0,-47655.306024784804
4178,Regressão linear,1,790000.0,791613.0483198869
4348,Regressão linear,1,562000.0,778362.599343214
5105,Regressão linear,1,549000.0,564017.3152475385
5231,Regressão linear,1,635000.0,750018.0738589818
5317,Regressão linear,1,150000.0,48266.64390975254
5871,Regressão linear,1,399000.0,567641.9500463586
5943,Regressão linear,1,554000.0,611856.7062883358
6476,Regressão linear,1,775000.0,598231.8930304681
6772,Regressão linear,1,396000.0,404768.72051591985
7202,Regressão linear,1,500000.0,726360.5524509349
7221,Regressão linear,1,258000.0,423389.3531945094
7436,Regressão linear,1,1310000.0,1057435.5273922097
7740,Regressão linear,1,978000.0,906566.7601253778
7932,Regressão linear,1,664000.0,760597.5120138723
8289,Regressão linear,1,431750.0,462711.88109741895
8343,Regressão linear,1,320000.0,385796.91481296497
8443,Regressão linear,1,2140000.0,1538060.3321692513
8630,Regressão linear,1,190000.0,313850.21783540846
9283,Regressão linear,1,305000.0,314071.26907017606
9539,Regressão linear,1,500000.0,561226.498801675
9810,Regressão linear,1,616500.0,696747.8456190127
9811,Regressão linear,1,750000.0,742960.2281187219
10059,Regressão linear,1,510000.0,591760.5483898511
10284,Regressão linear,1,218000.0,105337.9214040513
10340,Regressão linear,1,370000.0,299048.28074247565
10996,Regressão linear,1,757000.0,715140.777394626
11753,Regressão linear,1,1250000.0,1277384.4130485523
12079,Regressão linear,1,216300.0,224008.36321808136
12209,Regressão linear,1,227000.0,205330.21081534767
13677,Regressão linear,1,349950.0,326198.7604002578
13799,Regressão linear,1,592000.0,665330.3313873578
14032,Regressão linear,1,1680000.0,2012726.3625976422
14116,Regressão linear,1,675000.0,833364.9236169504
14162,Regressão linear,1,279000.0,211076.71078409665
14475,Regressão linear,1,488000.0,557334.2575069108
14758,Regressão linear,1,530000.0,573744.7248095312
14892,Regressão linear,1,195000.0,181088.82348004356
15188,Regressão linear,1,473000.0,345023.52667182015
15259,Regressão linear,1,442500.0,443483.79113541014
15321,Regressão linear,1,345000.0,268016.4334414711
16061,Regressão linear,1,437500.0,476106.0678585833
16200,Regressão linear,1,326000.0,320822.21140076267
16674,Regressão linear,1,645000.0,673309.7158941526
16904,Regressão linear,1,437500.0,555786.7060831073
16951,Regressão linear,1,1225000.0,1214894.1477188356
17326,Regressão linear,1,189950.0,46150.457833377004
17715,Regressão linear,1,775000.0,217518.8594584559
18676,Regressão linear,1,455000.0,521824.3072119949
18744,Regressão linear,1,725000.0,814383.9178542325
18901,Regressão linear,1,325500.0,396576.0262259614
19041,Regressão linear,1,707000.0,778753.8944600587
19302,Regressão linear,1,575000.0,712417.9410234707
19714,Regressão linear,1,505000.0,449998.32872614556
19993,Regressão linear,1,439108.0,392832.77640492073
20117,Regressão linear,1,424950.0,540019.565664438
20650,Regressão linear,1,560000.0,506420.839399117
20848,Regressão linear,1,353000.0,266633.11413046013
20944,Regressão linear,1,925000.0,893465.8756215632
21068,Regressão linear,1,400950.0,408236.7681931311
21262,Regressão linear,1,559000.0,523721.5804204681
21364,Regressão linear,1,419500.0,437314.4870023759
457,Regressão linear,1,705000.0,1182561.9125665477
608,Regressão linear,1,223000.0,185242.6334266465
1196,Regressão linear,1,357000.0,284253.37440400786
1337,Regressão linear,1,495000.0,651163.9822395691
2560,Regressão linear,1,612000.0,689295.0735309767
2898,Regressão linear,1,355000.0,338409.22607239697
3016,Regressão linear,1,746000.0,662632.0898094147
3259,Regressão linear,1,580000.0,549620.0436046008
3603,Regressão linear,1,933000.0,908839.5677804209
3924,Regressão linear,1,1495000.0,1116296.3171385452
4260,Regressão linear,1,489950.0,539022.8121279818
4339,Regressão linear,1,2125000.0,1140391.7253894266
4975,Regressão linear,1,815000.0,838357.5061013252
5040,Regressão linear,1,711800.0,732660.7130043007
5123,Regressão linear,1,730000.0,1001631.4350016087
5265,Regressão linear,1,215000.0,162002.45696949615
5822,Regressão linear,1,207000.0,200370.31844303402
6124,Regressão linear,1,345000.0,512618.21095735056
6375,Regressão linear,1,435000.0,343628.7339974296
6394,Regressão linear,1,324950.0,243503.3172418482
6868,Regressão linear,1,1555000.0,2021186.4045267506
6893,Regressão linear,1,900000.0,984738.2371417329
6942,Regressão linear,1,565000.0,603122.448616662
7167,Regressão linear,1,445000.0,500806.95831591624
7184,Regressão linear,1,358000.0,322326.6648805144
7692,Regressão linear,1,295000.0,217392.12491408573
8044,Regressão linear,1,420000.0,436543.049258264
9836,Regressão linear,1,1730000.0,1539734.9995387634
11113,Regressão linear,1,425000.0,419913.2641370272
11416,Regressão linear,1,106000.0,37350.72824010841
11921,Regressão linear,1,525000.0,451698.50366102427
11999,Regressão linear,1,832500.0,964708.2880240993
12494,Regressão linear,1,660000.0,616801.2757732769
12748,Regressão linear,1,750000.0,894739.8942816255
12884,Regressão linear,1,1610000.0,1700172.2138267946
12933,Regressão linear,1,469000.0,518973.8352728357
15503,Regressão linear,1,395000.0,436563.9157764863
15777,Regressão linear,1,699950.0,669551.6410639104
17085,Regressão linear,1,250000.0,298975.96798425686
17276,Regressão linear,1,250000.0,320642.55845384207
17379,Regressão linear,1,563000.0,521427.2043450542
17979,Regressão linear,1,575000.0,533072.3400329351
18600,Regressão linear,1,192000.0,77820.36340066907
18988,Regressão linear,1,140000.0,186839.6483360075
19815,Regressão linear,1,299950.0,271318.22983027453
20071,Regressão linear,1,485000.0,574886.7673885342
20771,Regressão linear,1,650000.0,707260.1279918314
8799,Regressão linear,1,975000.0,841003.8407375765
20367,Regressão linear,1,399950.0,508409.7752459489
12917,Regressão linear,1,226000.0,200479.0034821202
18939,Regressão linear,1,90000.0,-50236.0807758047
20301,Regressão linear,1,498445.0,605281.3737888951
18794,Regressão linear,1,1000000.0,781590.6610580427
27,Regressão linear,1,667000.0,870392.5572910053
31,Regressão linear,1,280000.0,206769.1763870598
194,Regressão linear,1,230000.0,252873.3928168029
466,Regressão linear,1,465000.0,378676.4380629666
1772,Regressão linear,1,467500.0,670088.7119135733
1838,Regressão linear,1,1100000.0,1178225.3660843251
2122,Regressão linear,1,405000.0,508381.6140159686
2368,Regressão linear,1,575000.0,625348.4317312143
2806,Regressão linear,1,401000.0,388482.13011467236
2837,Regressão linear,1,490000.0,494137.4465039276
2861,Regressão linear,1,443000.0,452438.31814158906
2895,Regressão linear,1,180000.0,245918.11178831448
3337,Regressão linear,1,299000.0,387501.0873097499
3691,Regressão linear,1,179950.0,156411.79115485869
3917,Regressão linear,1,335000.0,232682.50904170054
4087,Regressão linear,1,515000.0,407645.5012654988
4140,Regressão linear,1,1210000.0,928928.3347731119
4210,Regressão linear,1,255000.0,166056.49892593382
4223,Regressão linear,1,571900.0,504191.4583007138
4317,Regressão linear,1,250000.0,105720.98372563103
4440,Regressão linear,1,225000.0,232077.60889182054
4742,Regressão linear,1,330000.0,269831.26467380574
4865,Regressão linear,1,268000.0,228998.5835372238
4904,Regressão linear,1,240000.0,266210.320531889
5279,Regressão linear,1,368000.0,353660.6008071479
5609,Regressão linear,1,575000.0,567251.7951766814
5883,Regressão linear,1,400375.0,356340.5250986251
5998,Regressão linear,1,599000.0,896575.4952060529
6107,Regressão linear,1,555000.0,583749.7940578837
6182,Regressão linear,1,300000.0,281293.5105824254
6367,Regressão linear,1,320000.0,335462.9782526875
6766,Regressão linear,1,350000.0,308923.37820514
6792,Regressão linear,1,560000.0,675066.4071805093
7280,Regressão linear,1,800000.0,1221789.3469816844
7312,Regressão linear,1,555000.0,517334.2066011934
7561,Regressão linear,1,258900.0,196866.83305409166
7893,Regressão linear,1,500000.0,602320.2387780964
8268,Regressão linear,1,425000.0,500749.3841357768
8644,Regressão linear,1,1438890.0,1196398.1324560484
9156,Regressão linear,1,450000.0,726969.3238957083
9314,Regressão linear,1,903000.0,861958.9971290589
10168,Regressão linear,1,605000.0,666990.586519192
10554,Regressão linear,1,660000.0,712787.9255852641
10558,Regressão linear,1,460000.0,422232.03304770234
10574,Regressão linear,1,253000.0,188749.43525333024
10619,Regressão linear,1,799000.0,837858.224960173
10666,Regressão linear,1,653000.0,631442.3478038826
10737,Regressão linear,1,1035000.0,1071480.582855238
11604,Regressão linear,1,355000.0,420116.3447268146
12143,Regressão linear,1,460000.0,472001.33402118314
12190,Regressão linear,1,615000.0,731547.9178736325
12391,Regressão linear,1,385000.0,448026.17443112005
12454,Regressão linear,1,229000.0,181297.129043939
12509,Regressão linear,1,1890000.0,1672420.663381922
12615,Regressão linear,1,467000.0,539077.9745767906
12965,Regressão linear,1,672000.0,893440.4451014404
13103,Regressão linear,1,453000.0,526520.1319677235
13219,Regressão linear,1,713500.0,701839.5475510844
13233,Regressão linear,1,910000.0,840373.0092193566
13258,Regressão linear,1,260000.0,271016.0909693918
13607,Regressão linear,1,495000.0,909334.3143956414
13741,Regressão linear,1,775000.0,1085748.1752063693
13947,Regressão linear,1,350000.0,351871.5724731445
13950,Regressão linear,1,834000.0,1075950.205038902
14481,Regressão linear,1,645000.0,749246.3704877726
14865,Regressão linear,1,1520000.0,1241600.9289133914
15692,Regressão linear,1,1637500.0,2125645.6794743976
15718,Regressão linear,1,480000.0,389745.0263385279
15881,Regressão linear,1,827235.0,690585.3807462896
15998,Regressão linear,1,345000.0,360012.1366465678
16282,Regressão linear,1,632500.0,661835.0832440585
16352,Regressão linear,1,1185000.0,993328.5131338773
16999,Regressão linear,1,420000.0,470892.4176138312
17003,Regressão linear,1,500000.0,415504.08116781025
17205,Regressão linear,1,796500.0,812950.6921906441
17297,Regressão linear,1,364000.0,200596.97365015012
17314,Regressão linear,1,247500.0,157691.38159372547
17496,Regressão linear,1,258000.0,218404.53990882685
17622,Regressão linear,1,635000.0,650654.6116188511
18005,Regressão linear,1,1444000.0,1287291.7601786156
18076,Regressão linear,1,427000.0,424578.5523435527
18602,Regressão linear,1,283450.0,415050.34280089155
18760,Regressão linear,1,400000.0,769212.9038092841
19457,Regressão linear,1,342000.0,280451.6487187634
19809,Regressão linear,1,932990.0,929219.6805899437
19975,Regressão linear,1,175003.0,222723.6785481644
20296,Regressão linear,1,950000.0,1289557.9047140917
20476,Regressão linear,1,375000.0,479641.6220060184
20613,Regressão linear,1,220000.0,223465.94553146255
20803,Regressão linear,1,536000.0,548603.4426957031
20887,Regressão linear,1,355000.0,410684.8402081738
20932,Regressão linear,1,286950.0,125488.94385352533
21011,Regressão linear,1,515000.0,669264.6993022319
21031,Regressão linear,1,359782.0,411633.2770444008
21467,Regressão linear,1,1987500.0,1823344.4392161123
80,Regressão linear,1,390000.0,417170.9149256177
260,Regressão linear,1,780000.0,855394.3732350231
445,Regressão linear,1,400000.0,423862.59988730773
784,Regressão linear,1,650000.0,924968.644191636
963,Regressão linear,1,210000.0,193434.38950568016
1617,Regressão linear,1,370000.0,308820.7038038176
1866,Regressão linear,1,475000.0,596744.8172510188
1875,Regressão linear,1,425000.0,344728.6777336965
1917,Regressão linear,1,210000.0,201388.88305867402
2432,Regressão linear,1,233000.0,244251.7836265242
2582,Regressão linear,1,965000.0,1087552.4642767222
2602,Regressão linear,1,343000.0,322448.04797468707
3129,Regressão linear,1,1265000.0,1089015.0646735693
3271,Regressão linear,1,800000.0,1168043.4045089819
3324,Regressão linear,1,555000.0,589432.8336827958
3598,Regressão linear,1,270000.0,229620.1328521729
3795,Regressão linear,1,949000.0,858582.1289741824
4097,Regressão linear,1,280000.0,255752.78976330813
4444,Regressão linear,1,705000.0,646153.7438286019
4548,Regressão linear,1,466000.0,391600.6344434037
4688,Regressão linear,1,465000.0,369416.73092876165
4816,Regressão linear,1,475000.0,473171.38275743177
4835,Regressão linear,1,219000.0,6101.590748432442
4936,Regressão linear,1,440000.0,467785.58299352496
5200,Regressão linear,1,792500.0,767435.9615575352
5661,Regressão linear,1,538000.0,528051.889052768
5809,Regressão linear,1,258000.0,156328.521756258
5810,Regressão linear,1,450000.0,529407.8060853546
5927,Regressão linear,1,440000.0,563528.7817270827
6064,Regressão linear,1,228000.0,156300.22472983954
6165,Regressão linear,1,382000.0,564774.1204428971
6452,Regressão linear,1,340000.0,300591.1810888066
6585,Regressão linear,1,260000.0,200091.37701332278
6611,Regressão linear,1,549950.0,662396.3403895185
6696,Regressão linear,1,385000.0,568719.3370855942
6703,Regressão linear,1,520000.0,580462.20934856
7321,Regressão linear,1,355000.0,415549.7484432847
7794,Regressão linear,1,580000.0,678071.0024609015
7916,Regressão linear,1,443750.0,492778.95422624017
8031,Regressão linear,1,399000.0,427434.30340661516
8206,Regressão linear,1,249000.0,340096.9306846416
8515,Regressão linear,1,353000.0,434825.8120290928
8652,Regressão linear,1,244900.0,223831.49531437227
8710,Regressão linear,1,506000.0,511396.05706234457
8902,Regressão linear,1,350000.0,400975.2266633032
9042,Regressão linear,1,505500.0,459541.0991045234
9378,Regressão linear,1,625000.0,629863.3490056864
10034,Regressão linear,1,665000.0,658942.9026362406
10559,Regressão linear,1,516000.0,716981.2864643307
10647,Regressão linear,1,510000.0,500022.4539016209
11013,Regressão linear,1,1020000.0,716325.3563688204
11147,Regressão linear,1,234000.0,69047.9145181831
11196,Regressão linear,1,209000.0,115209.0250784388
11406,Regressão linear,1,387500.0,592891.5022116476
11663,Regressão linear,1,695000.0,1023025.5817076417
12292,Regressão linear,1,550000.0,541157.4015667756
12378,Regressão linear,1,232900.0,158547.9861224966
12723,Regressão linear,1,281000.0,191652.47551362525
12742,Regressão linear,1,135000.0,46481.93785550265
12990,Regressão linear,1,545000.0,554954.6564348999
13642,Regressão linear,1,570000.0,511975.5507392583
14150,Regressão linear,1,290000.0,284201.3397225582
14213,Regressão linear,1,403000.0,392633.919204749
14284,Regressão linear,1,420000.0,578401.3169406378
14799,Regressão linear,1,725000.0,831430.9516223592
14987,Regressão linear,1,432500.0,770671.4469813276
15134,Regressão linear,1,230000.0,406384.89109047345
15219,Regressão linear,1,410000.0,532809.4813916977
15239,Regressão linear,1,340000.0,232813.60595155333
15427,Regressão linear,1,404000.0,335287.73425617575
15583,Regressão linear,1,436000.0,431142.89215224556
15859,Regressão linear,1,535000.0,569533.6694508926
16215,Regressão linear,1,528000.0,480048.168081813
16986,Regressão linear,1,650000.0,1020253.4199795487
17019,Regressão linear,1,357000.0,361121.2305146111
17243,Regressão linear,1,349900.0,223784.6940378033
17431,Regressão linear,1,410000.0,714817.6349899861
17691,Regressão linear,1,389900.0,321186.30788388505
17703,Regressão linear,1,755000.0,874226.6795039539
18061,Regressão linear,1,446950.0,478329.42290634045
18221,Regressão linear,1,270000.0,215381.93851049038
18282,Regressão linear,1,330000.0,432927.1428803543
18284,Regressão linear,1,280000.0,178538.95558516466
18698,Regressão linear,1,350000.0,361957.7031141762
18938,Regressão linear,1,350000.0,345879.27147518325
18956,Regressão linear,1,320000.0,320422.85000276
19093,Regressão linear,1,450000.0,545436.7991609008
19122,Regressão linear,1,250000.0,104474.88176324574
19201,Regressão linear,1,925000.0,992933.1318251952
19586,Regressão linear,1,450000.0,671817.0700808901
19654,Regressão linear,1,267800.0,308630.9802443511
20008,Regressão linear,1,759000.0,749080.7069747441
20058,Regressão linear,1,325000.0,257565.80970286118
20332,Regressão linear,1,375000.0,497369.0537577725
20611,Regressão linear,1,732000.0,618861.975868078
20724,Regressão linear,1,420000.0,469243.12437112385
21584,Regressão linear,1,380000.0,345793.56592753204
34,Regressão linear,1,322500.0,269512.4195688509
145,Regressão linear,1,921500.0,913372.7247128801
353,Regressão linear,1,437500.0,632774.6715948423
420,Regressão linear,1,482000.0,446417.3103335391
925,Regressão linear,1,990000.0,873543.7378360996
959,Regressão linear,1,378000.0,405024.4720736366
1205,Regressão linear,1,525000.0,389976.27348302153
1879,Regressão linear,1,835000.0,593724.8955148672
2409,Regressão linear,1,435000.0,642497.6151816002
2661,Regressão linear,1,225000.0,191661.97345609928
2782,Regressão linear,1,375000.0,391560.0930855506
2887,Regressão linear,1,520000.0,568936.6178943011
2988,Regressão linear,1,590000.0,808943.6444720739
3582,Regressão linear,1,355000.0,186780.4021663649
3749,Regressão linear,1,500000.0,665607.9167395988
3861,Regressão linear,1,2200000.0,1322243.419863402
4421,Regressão linear,1,247000.0,282462.20940377354
4714,Regressão linear,1,827500.0,652846.5501673847
5473,Regressão linear,1,325000.0,250956.27799353166
5642,Regressão linear,1,560000.0,466135.6093092323
5828,Regressão linear,1,455000.0,558637.3784410872
5873,Regressão linear,1,652450.0,687306.2973901676
5967,Regressão linear,1,2725000.0,1915369.1579958997
6039,Regressão linear,1,330000.0,357403.6178425378
6183,Regressão linear,1,471000.0,544509.1657546712
6348,Regressão linear,1,440000.0,494069.5650525926
6381,Regressão linear,1,675000.0,857031.247543951
6923,Regressão linear,1,315000.0,373386.13347962964
7110,Regressão linear,1,240000.0,130672.77229526619
7127,Regressão linear,1,1735000.0,1451598.4096055466
7148,Regressão linear,1,738000.0,546415.0794559651
8260,Regressão linear,1,602000.0,672601.4389247028
8549,Regressão linear,1,409000.0,433620.34003000776
8632,Regressão linear,1,601150.0,655130.2747717596
8677,Regressão linear,1,496000.0,558841.0612080446
8927,Regressão linear,1,515000.0,603205.9103731373
9210,Regressão linear,1,350000.0,475050.1982757488
9300,Regressão linear,1,400000.0,400541.90190622426
9657,Regressão linear,1,261000.0,265021.0526718756
10537,Regressão linear,1,500000.0,410707.68174120097
10837,Regressão linear,1,700000.0,699538.9429905782
10873,Regressão linear,1,291000.0,176978.39973416922
11238,Regressão linear,1,260000.0,223469.48607479033
11260,Regressão linear,1,865000.0,920981.8100617235
11398,Regressão linear,1,1705000.0,1450171.0550425148
11678,Regressão linear,1,359000.0,456171.3701828995
11977,Regressão linear,1,501000.0,514538.22922980087
12466,Regressão linear,1,399950.0,320368.6567388736
12606,Regressão linear,1,412000.0,421879.2475229226
12959,Regressão linear,1,245560.0,392413.9698088086
13281,Regressão linear,1,365500.0,359428.729100541
13482,Regressão linear,1,375000.0,438425.53286223183
13886,Regressão linear,1,575000.0,513452.99084178114
14104,Regressão linear,1,521900.0,538926.7959710502
14364,Regressão linear,1,620000.0,701457.5783094163
14852,Regressão linear,1,345000.0,430983.5125554208
14877,Regressão linear,1,392000.0,461995.9654328419
14900,Regressão linear,1,430000.0,427055.74820123566
14998,Regressão linear,1,240000.0,268288.0887076307
15207,Regressão linear,1,250000.0,245863.25788053285
15362,Regressão linear,1,720000.0,817798.4077622351
15373,Regressão linear,1,762000.0,692601.0313668395
15925,Regressão linear,1,285000.0,292065.83033727517
15963,Regressão linear,1,180000.0,164837.51018306095
16546,Regressão linear,1,227000.0,198771.97842375748
16987,Regressão linear,1,445000.0,586903.149727473
17194,Regressão linear,1,187250.0,151124.04891905573
17293,Regressão linear,1,340000.0,305452.05281572987
17373,Regressão linear,1,670000.0,882472.0538860632
18126,Regressão linear,1,271500.0,202174.67387227167
18388,Regressão linear,1,474000.0,644056.4724126812
18545,Regressão linear,1,325000.0,287048.0476133019
18568,Regressão linear,1,810000.0,923125.0814381775
18820,Regressão linear,1,474950.0,491840.75784565683
19174,Regressão linear,1,209000.0,149976.4563392196
19213,Regressão linear,1,900000.0,1009609.7351133003
20222,Regressão linear,1,550000.0,495693.53024902556
20546,Regressão linear,1,515000.0,442103.13087374443
20738,Regressão linear,1,1135000.0,1186199.23553418
21531,Regressão linear,1,346000.0,258861.90929145503
370,Regressão linear,1,280000.0,237500.5414048005
537,Regressão linear,1,595000.0,597537.9685627776
1400,Regressão linear,1,292000.0,308736.4452115384
1426,Regressão linear,1,350000.0,164030.67017739825
1660,Regressão linear,1,490000.0,683983.3694141207
1757,Regressão linear,1,550000.0,807175.3955189164
2229,Regressão linear,1,265000.0,252219.68286469294
2318,Regressão linear,1,429000.0,644575.5367719588
2587,Regressão linear,1,265000.0,240048.03447968312
2665,Regressão linear,1,456150.0,424204.01413900824
2720,Regressão linear,1,320000.0,301558.60419614206
2798,Regressão linear,1,310000.0,286523.16252016724
2888,Regressão linear,1,205000.0,144382.63281473343
2918,Regressão linear,1,160000.0,218880.2591349571
3203,Regressão linear,1,528000.0,553128.1775866207
3459,Regressão linear,1,1075000.0,964549.4622292524
3491,Regressão linear,1,325088.0,238714.3961275386
3679,Regressão linear,1,527500.0,637038.0406761591
4358,Regressão linear,1,660000.0,484497.6472189893
4764,Regressão linear,1,315000.0,269909.6555417783
5614,Regressão linear,1,750000.0,710646.0262190582
5687,Regressão linear,1,248000.0,146960.58216791734
6519,Regressão linear,1,199500.0,136511.44900202478
6758,Regressão linear,1,295000.0,241917.67608631228
6850,Regressão linear,1,343000.0,275602.22391816205
6875,Regressão linear,1,425000.0,414382.49894060835
7062,Regressão linear,1,560000.0,856382.6527033949
7166,Regressão linear,1,237000.0,148734.56361562846
7663,Regressão linear,1,1270000.0,1480467.723202176
7675,Regressão linear,1,385000.0,511243.45650510583
8814,Regressão linear,1,350000.0,234729.2184058653
8950,Regressão linear,1,626100.0,606793.2195192664
9062,Regressão linear,1,427500.0,266068.44208393205
9699,Regressão linear,1,390000.0,438406.22263527254
10222,Regressão linear,1,450000.0,427542.62252787163
10289,Regressão linear,1,309900.0,216636.31962751888
10380,Regressão linear,1,268450.0,225826.32200534054
10415,Regressão linear,1,439950.0,457277.1717460555
10785,Regressão linear,1,250000.0,175617.65902579218
12109,Regressão linear,1,290000.0,283992.4070928623
13185,Regressão linear,1,420000.0,449467.6382395519
13279,Regressão linear,1,717500.0,857003.9129480724
14125,Regressão linear,1,875000.0,1061219.09658145
14809,Regressão linear,1,622100.0,504334.52016059775
14848,Regressão linear,1,400000.0,378060.2202357834
15002,Regressão linear,1,745000.0,703442.8963870987
15349,Regressão linear,1,835000.0,1091635.7322987309
15738,Regressão linear,1,538000.0,573248.1134852048
15797,Regressão linear,1,277500.0,379427.5959587175
16068,Regressão linear,1,1250000.0,1082459.2070767558
16897,Regressão linear,1,972000.0,1003631.545914729
17309,Regressão linear,1,147500.0,88703.63982253423
17329,Regressão linear,1,209950.0,162110.28427517138
17529,Regressão linear,1,340000.0,452946.0915037038
18007,Regressão linear,1,458000.0,702250.9565217299
18187,Regressão linear,1,273500.0,168261.84892084356
18289,Regressão linear,1,405000.0,368209.01074882434
18381,Regressão linear,1,419995.0,421672.2214635316
18397,Regressão linear,1,306000.0,260030.37192304537
18472,Regressão linear,1,255000.0,180458.87105266197
18536,Regressão linear,1,665000.0,727243.4547500171
18789,Regressão linear,1,510000.0,511800.3411152992
19523,Regressão linear,1,240000.0,328044.2548104207
20194,Regressão linear,1,385000.0,371307.96274680254
20413,Regressão linear,1,529950.0,433195.0882812323
20943,Regressão linear,1,294500.0,288096.15407386253
18,Regressão linear,1,189000.0,235244.3969468106
189,Regressão linear,1,585188.0,582506.2424958189
347,Regressão linear,1,320000.0,181768.00300327793
1236,Regressão linear,1,270000.0,180095.12096254196
1644,Regressão linear,1,299000.0,208383.7043174413
2021,Regressão linear,1,340000.0,421130.65150684444
2274,Regressão linear,1,299500.0,359535.455238163
2278,Regressão linear,1,625000.0,583386.567477953
2358,Regressão linear,1,232000.0,128289.25891039608
2561,Regressão linear,1,330000.0,465739.8472181414
2663,Regressão linear,1,356500.0,292247.3166811991
2814,Regressão linear,1,450000.0,484642.66675524996
2917,Regressão linear,1,372000.0,333434.82837249216
3178,Regressão linear,1,325000.0,395513.9572646299
3266,Regressão linear,1,425000.0,358512.6790044565
3390,Regressão linear,1,579000.0,452957.28500000073
3402,Regressão linear,1,115000.0,16900.917975776363
3809,Regressão linear,1,430000.0,533766.4408261242
4710,Regressão linear,1,328000.0,385936.58040966565
5203,Regressão linear,1,675000.0,668854.4850425434
6499,Regressão linear,1,1925000.0,1420324.1702161122
6791,Regressão linear,1,390000.0,541391.7917922435
7050,Regressão linear,1,239999.0,215542.6427138768
7230,Regressão linear,1,438000.0,440717.14239288564
7399,Regressão linear,1,360000.0,246459.39723494212
8791,Regressão linear,1,550000.0,763932.4119080239
8838,Regressão linear,1,1406890.0,1231736.5369875394
9322,Regressão linear,1,2575000.0,1955627.1964244463
9667,Regressão linear,1,1175000.0,993883.2950618349
10084,Regressão linear,1,1227500.0,1239991.4049558628
10622,Regressão linear,1,692500.0,763920.8734597926
10630,Regressão linear,1,338000.0,372392.6855765077
10933,Regressão linear,1,324000.0,321211.94673705916
11313,Regressão linear,1,485000.0,609774.1334187209
11542,Regressão linear,1,690000.0,671029.2253451279
11925,Regressão linear,1,559500.0,584407.0164420474
12271,Regressão linear,1,450000.0,432486.4261442556
12376,Regressão linear,1,357000.0,563843.4592489423
12544,Regressão linear,1,567500.0,570486.851803476
12631,Regressão linear,1,495200.0,451779.1379639148
12636,Regressão linear,1,585000.0,621612.2217973861
12851,Regressão linear,1,529000.0,468214.43115568825
12958,Regressão linear,1,690500.0,689368.3683043267
13193,Regressão linear,1,363000.0,393148.72646015737
13515,Regressão linear,1,215000.0,229511.75790269804
13691,Regressão linear,1,405000.0,444282.17218348745
14123,Regressão linear,1,515000.0,487852.76783560147
14183,Regressão linear,1,500000.0,234562.64318254107
15812,Regressão linear,1,294450.0,312363.0473226162
16248,Regressão linear,1,660000.0,657817.5720439698
16256,Regressão linear,1,400000.0,526593.1460020258
16618,Regressão linear,1,369000.0,440782.60911329516
16925,Regressão linear,1,358000.0,192460.63282712956
17386,Regressão linear,1,780000.0,485507.8082595915
18244,Regressão linear,1,464000.0,293367.2508232908
18563,Regressão linear,1,675000.0,726769.9236599013
19000,Regressão linear,1,565000.0,502589.80046672886
19950,Regressão linear,1,743000.0,849506.0393224489
20739,Regressão linear,1,590000.0,567580.74218041
21247,Regressão linear,1,510000.0,520318.76041371253
6767,Regressão linear,1,319000.0,342024.1936802736
8256,Regressão linear,1,320000.0,289619.9242768609
13013,Regressão linear,1,285000.0,217144.24416940406
13253,Regressão linear,1,760000.0,821841.048830231
17975,Regressão linear,1,430000.0,473553.24540351983
19902,Regressão linear,1,615000.0,557739.7642819542
63,Regressão linear,1,549000.0,464390.76462671265
3278,Regressão linear,1,843500.0,1056741.814856711
165,Regressão linear,1,370000.0,367321.8190349025
240,Regressão linear,1,225000.0,204407.1948937148
1398,Regressão linear,1,465000.0,353610.1622105986
1550,Regressão linear,1,355000.0,420499.9681782442
1696,Regressão linear,1,440000.0,567624.9906342624
1703,Regressão linear,1,617000.0,502806.2058980741
1709,Regressão linear,1,550000.0,624994.5986946052
1910,Regressão linear,1,400000.0,368674.86018402607
1968,Regressão linear,1,490000.0,386821.5255703333
2083,Regressão linear,1,800000.0,918402.92473763
2304,Regressão linear,1,290000.0,356314.7201675731
2962,Regressão linear,1,310000.0,316429.6313295404
3075,Regressão linear,1,650000.0,569934.633620559
3456,Regressão linear,1,508500.0,528634.5932961995
3799,Regressão linear,1,851500.0,876522.8188883417
3812,Regressão linear,1,750000.0,785481.3558540504
3910,Regressão linear,1,408500.0,455783.60252098297
4418,Regressão linear,1,864000.0,832657.5729570682
4579,Regressão linear,1,238000.0,209931.0872834155
4877,Regressão linear,1,849000.0,718964.7209376054
5213,Regressão linear,1,368000.0,478092.1648214184
5406,Regressão linear,1,459900.0,553942.3964125819
5811,Regressão linear,1,720168.0,590202.429259686
5893,Regressão linear,1,695000.0,778950.0286873362
6668,Regressão linear,1,523000.0,804528.7803421868
6800,Regressão linear,1,645000.0,729137.3927333286
6991,Regressão linear,1,708000.0,713046.7325813205
7002,Regressão linear,1,2175000.0,1915496.1924551283
7156,Regressão linear,1,180000.0,150478.61268575542
7903,Regressão linear,1,475000.0,376709.1431827091
7927,Regressão linear,1,659000.0,660444.309916557
8571,Regressão linear,1,726500.0,652372.0793099904
8678,Regressão linear,1,399950.0,398198.21881117136
9867,Regressão linear,1,600000.0,663375.6581641696
10139,Regressão linear,1,800000.0,854575.0480459183
10436,Regressão linear,1,312000.0,196002.79224490555
10476,Regressão linear,1,820000.0,907301.7965808244
10849,Regressão linear,1,292000.0,235343.43944843343
10851,Regressão linear,1,500000.0,568917.5483574144
11089,Regressão linear,1,910000.0,882808.093899626
11286,Regressão linear,1,278000.0,236878.45861488133
11568,Regressão linear,1,258950.0,207778.35035641366
11932,Regressão linear,1,104950.0,169445.62464998162
12014,Regressão linear,1,185000.0,138899.94384218747
12418,Regressão linear,1,244900.0,100876.7307050167
12721,Regressão linear,1,670000.0,1057676.9850405967
12816,Regressão linear,1,760000.0,919451.5736937188
13043,Regressão linear,1,174950.0,28573.6733953926
13127,Regressão linear,1,465000.0,310967.21795537794
13416,Regressão linear,1,360000.0,362342.25898204464
14356,Regressão linear,1,1010000.0,1015723.4331540659
14442,Regressão linear,1,697000.0,772439.5524646133
14734,Regressão linear,1,989900.0,1023481.2752266941
15078,Regressão linear,1,650000.0,511935.689494796
16751,Regressão linear,1,208000.0,181915.52926596729
16798,Regressão linear,1,529000.0,574847.2785312212
17073,Regressão linear,1,390000.0,374448.04463065194
17375,Regressão linear,1,492500.0,220765.681705888
17729,Regressão linear,1,600000.0,485018.976467156
17973,Regressão linear,1,458450.0,371206.4759818299
18035,Regressão linear,1,326995.0,266064.518022229
18409,Regressão linear,1,2630000.0,1756573.537775809
18606,Regressão linear,1,1315000.0,1380905.7629291485
18673,Regressão linear,1,475000.0,517058.0244445093
18825,Regressão linear,1,611000.0,611634.2123049898
18855,Regressão linear,1,405000.0,336381.53178312036
19018,Regressão linear,1,225000.0,95632.3906156731
19760,Regressão linear,1,292000.0,270252.3101986241
19921,Regressão linear,1,315000.0,337679.5953309108
20090,Regressão linear,1,551500.0,633025.7057666171
20136,Regressão linear,1,1237500.0,1168406.0993287659
20189,Regressão linear,1,730000.0,865212.1711507428
20928,Regressão linear,1,287000.0,352563.9864972775
1,Regressão linear,1,538000.0,616552.7998234001
3,Regressão linear,1,604000.0,530161.076268689
314,Regressão linear,1,1400000.0,1304389.2287249572
463,Regressão linear,1,359500.0,409947.3930148891
576,Regressão linear,1,266000.0,246863.11384197627
610,Regressão linear,1,340000.0,382861.8054239425
844,Regressão linear,1,456500.0,461817.4350385993
1197,Regressão linear,1,361000.0,244499.07750533428
1731,Regressão linear,1,337000.0,305469.16748700704
2285,Regressão linear,1,225000.0,182647.3841433549
2683,Regressão linear,1,725786.0,812008.5551710373
3531,Regressão linear,1,495800.0,549309.2405111925
3728,Regressão linear,1,422000.0,515959.7256256419
3764,Regressão linear,1,367777.0,403734.8756684831
3883,Regressão linear,1,589950.0,508557.59509595693
3958,Regressão linear,1,1145000.0,1225877.235749842
4056,Regressão linear,1,363000.0,322061.94788863615
4101,Regressão linear,1,634800.0,720194.702235898
4275,Regressão linear,1,1275000.0,1098968.629355777
4693,Regressão linear,1,173250.0,149839.2070560254
4734,Regressão linear,1,565000.0,542855.596143113
5260,Regressão linear,1,220000.0,283472.1953815243
5368,Regressão linear,1,1600000.0,1220117.1753116804
5634,Regressão linear,1,558000.0,505167.8825099482
6217,Regressão linear,1,219950.0,72687.3895629195
6374,Regressão linear,1,251100.0,202873.2197459531
6695,Regressão linear,1,490000.0,572025.0185094376
6819,Regressão linear,1,269500.0,164082.68503052977
6862,Regressão linear,1,685000.0,1009273.7561941396
6905,Regressão linear,1,465000.0,613016.4802135832
7347,Regressão linear,1,323000.0,320908.93557847675
7581,Regressão linear,1,678940.0,703388.7726555736
7771,Regressão linear,1,276000.0,415684.20034772035
8222,Regressão linear,1,2193000.0,1353506.263332494
8244,Regressão linear,1,915000.0,1111120.2355179358
8321,Regressão linear,1,525000.0,643718.1534548895
8412,Regressão linear,1,445000.0,373548.8810510111
8768,Regressão linear,1,470000.0,479534.1907951393
9101,Regressão linear,1,675000.0,802806.3130710528
9530,Regressão linear,1,450000.0,418189.3642051268
9818,Regressão linear,1,753000.0,786073.8195076641
10669,Regressão linear,1,245000.0,246136.68852825437
10968,Regressão linear,1,535000.0,690334.3909888323
11093,Regressão linear,1,1295000.0,1126400.6073318038
11380,Regressão linear,1,275000.0,264907.21011905785
11446,Regressão linear,1,2750000.0,1877450.1895545574
11688,Regressão linear,1,597500.0,554984.1517212181
12445,Regressão linear,1,592500.0,485244.2741225036
12463,Regressão linear,1,795000.0,813939.3091612004
13007,Regressão linear,1,330000.0,361427.6039519689
13145,Regressão linear,1,417400.0,616187.6725367545
13494,Regressão linear,1,790000.0,835440.9209298112
13819,Regressão linear,1,215000.0,111603.92116297304
13945,Regressão linear,1,975000.0,1231971.262329959
14630,Regressão linear,1,283000.0,395979.4620426816
14706,Regressão linear,1,405000.0,380482.8550305783
14793,Regressão linear,1,600000.0,579335.4691420872
15033,Regressão linear,1,699000.0,764431.9738217124
15079,Regressão linear,1,288000.0,453098.89786023437
15103,Regressão linear,1,348500.0,420553.4431392045
15395,Regressão linear,1,255000.0,314730.8010313081
15512,Regressão linear,1,1800000.0,1876541.6467834907
15671,Regressão linear,1,345000.0,325372.0457991341
15945,Regressão linear,1,680000.0,789829.5095865591
17618,Regressão linear,1,436000.0,399881.69194221124
18334,Regressão linear,1,480000.0,538757.5379178559
18340,Regressão linear,1,470000.0,410974.3013146911
18728,Regressão linear,1,192500.0,96232.36372197414
18913,Regressão linear,1,224000.0,78527.09640641802
19237,Regressão linear,1,306000.0,372328.8247706149
19495,Regressão linear,1,257000.0,251044.88713113172
20177,Regressão linear,1,261950.0,202333.80832963914
20359,Regressão linear,1,279000.0,229452.84930333417
20503,Regressão linear,1,355000.0,271052.17291271326
20655,Regressão linear,1,859950.0,743534.5253776953
21138,Regressão linear,1,398500.0,554572.371332887
21347,Regressão linear,1,338000.0,368230.31052169064
21521,Regressão linear,1,1378000.0,1321318.499585048
60,Regressão linear,2,650000.0,604343.6784163335
362,Regressão linear,2,329500.0,232678.68975003948
390,Regressão linear,2,345000.0,305470.92343124
751,Regressão linear,2,950000.0,895403.2084454726
917,Regressão linear,2,324000.0,322386.800717614
1009,Regressão linear,2,280300.0,374122.3371963543
1293,Regressão linear,2,550000.0,416810.71356545534
1387,Regressão linear,2,381000.0,387895.7868367046
1653,Regressão linear,2,415000.0,811429.4965758736
1779,Regressão linear,2,355000.0,324789.43889360514
2148,Regressão linear,2,670950.0,560603.624690271
2444,Regressão linear,2,3278000.0,2448210.487183851
2549,Regressão linear,2,276000.0,417418.77175202855
2592,Regressão linear,2,620000.0,594178.2630477715
2675,Regressão linear,2,278000.0,214355.8242327765
2952,Regressão linear,2,250750.0,419642.81918529986
3457,Regressão linear,2,345950.0,300490.15371482505
3503,Regressão linear,2,500000.0,358076.31408681534
3926,Regressão linear,2,775000.0,995472.3145746046
4403,Regressão linear,2,235000.0,388546.45127610053
4686,Regressão linear,2,828200.0,906562.972688966
4711,Regressão linear,2,572500.0,531170.6095422658
5024,Regressão linear,2,1060000.0,1255110.8668052652
5077,Regressão linear,2,740000.0,968380.7434000382
5090,Regressão linear,2,355000.0,356446.1317886504
5124,Regressão linear,2,245000.0,176592.27788297084
5440,Regressão linear,2,693000.0,826461.7076555117
6078,Regressão linear,2,438900.0,530892.9452793505
6363,Regressão linear,2,264950.0,251385.21823933732
6459,Regressão linear,2,377000.0,344442.0521087791
6985,Regressão linear,2,217000.0,172315.28436877285
7705,Regressão linear,2,760000.0,552036.747968341
7789,Regressão linear,2,245000.0,347478.95156812534
7899,Regressão linear,2,300000.0,305863.52491400146
8215,Regressão linear,2,733500.0,749020.3402039057
8511,Regressão linear,2,360000.0,465902.7551930155
9066,Regressão linear,2,685000.0,818717.4053867011
9116,Regressão linear,2,399990.0,376804.14147581195
9261,Regressão linear,2,530000.0,708822.2799088769
9290,Regressão linear,2,490000.0,446300.23794298654
9550,Regressão linear,2,661000.0,538518.7660465279
9589,Regressão linear,2,275000.0,289483.998008876
9787,Regressão linear,2,202000.0,131777.80784391708
10009,Regressão linear,2,160000.0,121544.30991038977
10428,Regressão linear,2,315000.0,244217.4501113273
10773,Regressão linear,2,409950.0,336387.80489389994
10930,Regressão linear,2,357000.0,465926.8891094482
11204,Regressão linear,2,595000.0,704976.8478027596
12037,Regressão linear,2,257000.0,101993.21717770852
13021,Regressão linear,2,360000.0,313600.97488708555
14037,Regressão linear,2,1075000.0,818133.2992357882
15015,Regressão linear,2,266000.0,230575.67420100272
15397,Regressão linear,2,325000.0,411437.41298728087
15994,Regressão linear,2,465000.0,418596.42794155737
16145,Regressão linear,2,535000.0,731304.9363183979
16323,Regressão linear,2,575950.0,445144.2356071541
16893,Regressão linear,2,125000.0,341802.1842523748
17095,Regressão linear,2,1475000.0,1319122.5993941377
17114,Regressão linear,2,375000.0,567557.4856558165
17661,Regressão linear,2,243500.0,207846.74047660315
18106,Regressão linear,2,176000.0,114279.4111061882
18267,Regressão linear,2,385000.0,381346.4144267546
18313,Regressão linear,2,835000.0,803467.8641561624
19051,Regressão linear,2,299000.0,190034.72764177035
19377,Regressão linear,2,244000.0,143588.0150786908
19573,Regressão linear,2,541338.0,478873.0197589492
20407,Regressão linear,2,929000.0,1029231.8008755785
20439,Regressão linear,2,290500.0,530630.6035404076
20805,Regressão linear,2,469000.0,390031.5422660029
20835,Regressão linear,2,533500.0,538450.1038125866
20995,Regressão linear,2,450000.0,343202.69256218744
21041,Regressão linear,2,365000.0,377008.32189410564
21118,Regressão linear,2,834538.0,756409.1860556637
21167,Regressão linear,2,215000.0,95741.83758488228
21181,Regressão linear,2,725000.0,739366.2343996352
577,Regressão linear,2,930000.0,1305497.2541813755
579,Regressão linear,2,180000.0,104517.33848576108
849,Regressão linear,2,254000.0,278328.75051577965
1902,Regressão linear,2,485000.0,564152.489630552
1911,Regressão linear,2,685000.0,754894.1036831264
2151,Regressão linear,2,525000.0,473760.6602132084
2478,Regressão linear,2,275000.0,201112.1947796944
3008,Regressão linear,2,430000.0,543961.4131691895
3132,Regressão linear,2,640000.0,621451.3343691111
3182,Regressão linear,2,395000.0,468980.6710803665
3414,Regressão linear,2,280000.0,149744.5122175133
3636,Regressão linear,2,830000.0,816566.0317490362
3880,Regressão linear,2,357000.0,248803.79003407885
4171,Regressão linear,2,245000.0,343902.14765574917
5302,Regressão linear,2,368500.0,339823.7238938137
5847,Regressão linear,2,565000.0,614672.126686359
5968,Regressão linear,2,490000.0,490287.9096478996
6013,Regressão linear,2,587000.0,691038.616232306
6274,Regressão linear,2,549950.0,729397.5297759485
6333,Regressão linear,2,400000.0,380310.6082178897
6338,Regressão linear,2,755000.0,783361.4462765853
6974,Regressão linear,2,275000.0,237365.97697584244
7177,Regressão linear,2,287000.0,334554.0805777052
7286,Regressão linear,2,654000.0,768072.4005588212
7333,Regressão linear,2,449888.0,507511.06903474603
7708,Regressão linear,2,592500.0,638153.7296124113
7757,Regressão linear,2,224950.0,242140.12606385694
7851,Regressão linear,2,335000.0,324497.43500064383
7965,Regressão linear,2,466000.0,534993.4996533633
8009,Regressão linear,2,476500.0,368007.30604466435
8360,Regressão linear,2,354000.0,312709.7711747456
8545,Regressão linear,2,752000.0,740780.0949090789
9762,Regressão linear,2,299950.0,327936.3824500595
10243,Regressão linear,2,225000.0,159783.8553236476
10350,Regressão linear,2,565000.0,609878.0040705131
10379,Regressão linear,2,730000.0,697081.9311315059
10741,Regressão linear,2,205000.0,87187.47600108944
10865,Regressão linear,2,310000.0,341313.29050154577
11197,Regressão linear,2,344950.0,367729.54264759104
11230,Regressão linear,2,725000.0,850252.1050326754
11268,Regressão linear,2,1400000.0,1160675.8763578716
11482,Regressão linear,2,1125000.0,913700.3083620623
12117,Regressão linear,2,585000.0,559765.6075364384
12178,Regressão linear,2,676000.0,668820.4686471112
12308,Regressão linear,2,429000.0,486377.75247833884
12371,Regressão linear,2,670000.0,746425.6004262471
12373,Regressão linear,2,172000.0,141042.16350940082
12656,Regressão linear,2,676000.0,632828.2933434993
12937,Regressão linear,2,372000.0,355090.32498955895
13094,Regressão linear,2,460000.0,656721.4161993236
13346,Regressão linear,2,375000.0,319944.80685467157
13851,Regressão linear,2,1795000.0,1418052.4332953186
13942,Regressão linear,2,891500.0,867161.7994016961
14404,Regressão linear,2,265800.0,222126.72311399312
15070,Regressão linear,2,430000.0,704719.9662005294
15105,Regressão linear,2,660000.0,552027.2909541955
15522,Regressão linear,2,1110000.0,1024382.4888440447
15604,Regressão linear,2,700000.0,846194.7164257045
15732,Regressão linear,2,300000.0,351352.6647460383
15825,Regressão linear,2,700000.0,1156383.0710102906
16290,Regressão linear,2,329000.0,314399.78016430663
16403,Regressão linear,2,305000.0,458834.60902183986
17028,Regressão linear,2,179950.0,65786.85703793698
18070,Regressão linear,2,545000.0,487485.9871704603
18262,Regressão linear,2,148900.0,254377.44918206902
18396,Regressão linear,2,259000.0,238145.3795856728
19095,Regressão linear,2,665000.0,673709.1165092918
19133,Regressão linear,2,1028950.0,854802.7410260395
19595,Regressão linear,2,300000.0,322868.70201610844
19643,Regressão linear,2,650000.0,833187.1514326873
19998,Regressão linear,2,377000.0,422425.44714952237
20105,Regressão linear,2,399950.0,471321.77564290963
21104,Regressão linear,2,585000.0,750819.6623854624
21113,Regressão linear,2,320000.0,341208.2744532723
21349,Regressão linear,2,608000.0,426391.72451015934
21537,Regressão linear,2,370000.0,407592.2536354157
102,Regressão linear,2,699950.0,534252.2133562244
632,Regressão linear,2,426700.0,445158.9581465949
1011,Regressão linear,2,475000.0,418063.52087994677
1211,Regressão linear,2,460000.0,734324.3793345725
1708,Regressão linear,2,429000.0,492791.045839243
1809,Regressão linear,2,415000.0,357627.090290094
2443,Regressão linear,2,143000.0,22963.38873835333
2522,Regressão linear,2,356500.0,390501.0172713865
2554,Regressão linear,2,265000.0,186279.6673824247
2669,Regressão linear,2,161500.0,211163.78046181833
2907,Regressão linear,2,760000.0,719634.0785561209
3321,Regressão linear,2,95000.0,55218.678467657825
4325,Regressão linear,2,371000.0,396481.37611980643
4336,Regressão linear,2,485000.0,530268.8113758758
4422,Regressão linear,2,475000.0,438779.4689072213
4953,Regressão linear,2,278000.0,536583.5197035989
5152,Regressão linear,2,436000.0,508465.47855513036
5477,Regressão linear,2,836000.0,746481.9946838119
5522,Regressão linear,2,458000.0,688151.1194676051
6008,Regressão linear,2,340000.0,293562.3390148358
6181,Regressão linear,2,289950.0,263911.87485387607
6570,Regressão linear,2,301000.0,302405.78866810433
6730,Regressão linear,2,385000.0,324389.46524366894
6872,Regressão linear,2,439000.0,622281.2406389888
7064,Regressão linear,2,1500000.0,1054087.202211261
7102,Regressão linear,2,765000.0,815294.6052711515
7345,Regressão linear,2,330000.0,294953.2300108338
7426,Regressão linear,2,1393000.0,1391393.5306933657
7489,Regressão linear,2,765000.0,828456.2929313115
8356,Regressão linear,2,585000.0,590096.1370219057
8633,Regressão linear,2,315000.0,192910.9439013998
8786,Regressão linear,2,287000.0,190344.46828448027
9052,Regressão linear,2,1205000.0,1014195.0634983594
9792,Regressão linear,2,325000.0,332260.7441677927
10112,Regressão linear,2,510000.0,632432.6800668228
10315,Regressão linear,2,402000.0,510692.38587743737
10373,Regressão linear,2,2983000.0,2111060.908378
10604,Regressão linear,2,385000.0,303956.86053495645
11206,Regressão linear,2,600000.0,517017.05278840894
11518,Regressão linear,2,420000.0,615938.4814643295
11969,Regressão linear,2,249000.0,210886.56085658708
12041,Regressão linear,2,312500.0,269192.8334312802
12894,Regressão linear,2,285950.0,163363.9555598059
13163,Regressão linear,2,1250000.0,989856.3742127893
13223,Regressão linear,2,543000.0,542545.0800263078
13716,Regressão linear,2,180000.0,19944.24646399624
13973,Regressão linear,2,425000.0,446676.1283932376
14021,Regressão linear,2,170000.0,163482.48486813827
14207,Regressão linear,2,305000.0,310670.2616327884
14240,Regressão linear,2,862500.0,1067574.355352795
14445,Regressão linear,2,410000.0,419003.13684398314
14452,Regressão linear,2,400000.0,404069.32445963623
14744,Regressão linear,2,420000.0,520767.62659033923
15086,Regressão linear,2,360000.0,485655.28960791347
15620,Regressão linear,2,180000.0,62733.791990317695
15704,Regressão linear,2,322000.0,258870.31808909285
16514,Regressão linear,2,500000.0,665738.6852762422
16563,Regressão linear,2,365000.0,559274.9545342595
17905,Regressão linear,2,425000.0,674368.8067944744
18114,Regressão linear,2,645000.0,599689.9528927722
18225,Regressão linear,2,451000.0,430045.7994985071
18878,Regressão linear,2,220000.0,325745.6469538779
19331,Regressão linear,2,399888.0,410675.9343038446
19690,Regressão linear,2,479950.0,488020.7534935165
20430,Regressão linear,2,659950.0,708982.7634693992
20661,Regressão linear,2,939000.0,945233.9167509954
20872,Regressão linear,2,689000.0,896909.02870605
20915,Regressão linear,2,303000.0,221945.77626550413
4967,Regressão linear,2,1575000.0,1490785.8794045823
5307,Regressão linear,2,1122500.0,1316752.5946725912
5318,Regressão linear,2,410000.0,389731.8133067273
9093,Regressão linear,2,320000.0,346070.9891493519
2534,Regressão linear,2,358000.0,293529.2706715555
4051,Regressão linear,2,339888.0,285100.1144912881
4529,Regressão linear,2,450000.0,387567.98761312495
6624,Regressão linear,2,242550.0,276086.1335073686
741,Regressão linear,2,459000.0,427925.8922747981
840,Regressão linear,2,282000.0,246699.80917131816
1145,Regressão linear,2,252500.0,242063.33263630472
1191,Regressão linear,2,220000.0,196520.73879179553
1961,Regressão linear,2,250000.0,207624.12049831974
2076,Regressão linear,2,715000.0,665472.2382985875
2084,Regressão linear,2,1250000.0,1009664.6614503153
2268,Regressão linear,2,403500.0,507146.21425628435
2438,Regressão linear,2,985000.0,1263160.5202219011
2699,Regressão linear,2,250000.0,438635.52396982646
2874,Regressão linear,2,499000.0,569237.0825942246
3102,Regressão linear,2,975000.0,1171795.8918035822
3468,Regressão linear,2,535000.0,527316.7755323503
3487,Regressão linear,2,195000.0,94142.46196471801
4104,Regressão linear,2,417000.0,396188.6501458126
4313,Regressão linear,2,430000.0,473185.1563049657
4373,Regressão linear,2,191000.0,138594.46652323974
4747,Regressão linear,2,680000.0,595336.00729528
5006,Regressão linear,2,325000.0,404114.4787494582
5223,Regressão linear,2,852500.0,958075.2989361293
5315,Regressão linear,2,682000.0,691488.7952554959
5448,Regressão linear,2,290000.0,258163.61097028165
5618,Regressão linear,2,435000.0,460420.29600379535
5953,Regressão linear,2,705000.0,782319.3465787761
6948,Regressão linear,2,319990.0,285361.8168998979
7031,Regressão linear,2,424500.0,302167.46897247306
7330,Regressão linear,2,1245000.0,1334189.0729937006
7497,Regressão linear,2,365000.0,509892.0814578434
8107,Regressão linear,2,330000.0,288265.3980864302
8217,Regressão linear,2,364950.0,340167.2295122585
8879,Regressão linear,2,289900.0,283320.980945016
9161,Regressão linear,2,748000.0,861088.8023011761
9266,Regressão linear,2,347000.0,404269.5936589403
9293,Regressão linear,2,327500.0,369205.3470470796
9601,Regressão linear,2,599000.0,580999.0134523831
9922,Regressão linear,2,429950.0,389042.34871090157
10349,Regressão linear,2,385000.0,443407.75983057416
10411,Regressão linear,2,379950.0,332004.461752954
11256,Regressão linear,2,199950.0,73244.01906733908
11470,Regressão linear,2,850000.0,788353.1913474697
11787,Regressão linear,2,1280000.0,1193656.6429556464
12345,Regressão linear,2,353000.0,222029.5883366287
12586,Regressão linear,2,932808.0,1150944.0156289327
12874,Regressão linear,2,255000.0,213902.08209704809
13101,Regressão linear,2,290000.0,266465.6252816101
13941,Regressão linear,2,269950.0,467091.60837484425
14063,Regressão linear,2,734000.0,686275.2121794145
14290,Regressão linear,2,469950.0,503839.4043177437
14519,Regressão linear,2,500000.0,587956.0968720438
14964,Regressão linear,2,730000.0,720677.349911847
15016,Regressão linear,2,325000.0,453277.15515412984
15781,Regressão linear,2,517000.0,466948.2233061375
15841,Regressão linear,2,696000.0,835297.1291269355
15957,Regressão linear,2,693000.0,943716.5772103043
16094,Regressão linear,2,499950.0,449298.1898351418
16127,Regressão linear,2,387846.0,527549.7711091496
16539,Regressão linear,2,1000000.0,940965.9827947402
17692,Regressão linear,2,710000.0,675831.7576097918
17913,Regressão linear,2,292000.0,394440.1234513136
18398,Regressão linear,2,315000.0,195839.14361313306
18649,Regressão linear,2,550000.0,504019.82511759165
18688,Regressão linear,2,625000.0,672724.8825314589
18862,Regressão linear,2,740000.0,724840.9676654576
19112,Regressão linear,2,455000.0,413835.1727146212
19329,Regressão linear,2,242000.0,199574.6508725232
19614,Regressão linear,2,370000.0,587712.8059553421
19951,Regressão linear,2,345000.0,372437.10919109423
20062,Regressão linear,2,675000.0,649221.9896206331
20468,Regressão linear,2,900000.0,980348.5097587251
20541,Regressão linear,2,312500.0,341155.9869765243
20604,Regressão linear,2,256950.0,297376.88575840025
20888,Regressão linear,2,356000.0,459816.69217252696
20945,Regressão linear,2,730000.0,735755.2874691207
21115,Regressão linear,2,425000.0,351761.9944228954
21413,Regressão linear,2,869950.0,765126.8808554059
21515,Regressão linear,2,942990.0,907419.2660954294
21545,Regressão linear,2,405000.0,326022.25497692125
262,Regressão linear,2,525000.0,570591.2495122673
488,Regressão linear,2,699900.0,688265.5628220444
564,Regressão linear,2,638700.0,555525.2193961556
1404,Regressão linear,2,635000.0,580337.7577597182
2319,Regressão linear,2,471000.0,519578.8378018963
3232,Regressão linear,2,475000.0,505171.0086013314
3237,Regressão linear,2,739000.0,1019301.8472906675
4264,Regressão linear,2,235000.0,200365.79957719496
4319,Regressão linear,2,432500.0,594142.0234880685
4941,Regressão linear,2,635000.0,585694.1117742516
5016,Regressão linear,2,453000.0,673629.9962983428
5022,Regressão linear,2,425000.0,419425.95877165714
5061,Regressão linear,2,370000.0,494121.5745011108
5110,Regressão linear,2,499900.0,543220.2185889675
5162,Regressão linear,2,1500000.0,1332598.3900892478
5555,Regressão linear,2,434000.0,415526.42405380006
5676,Regressão linear,2,998000.0,800921.8509173738
6543,Regressão linear,2,557500.0,522397.589535762
6763,Regressão linear,2,780000.0,830840.1820920821
6790,Regressão linear,2,539000.0,489275.8792208191
7146,Regressão linear,2,721000.0,782143.7451855378
7279,Regressão linear,2,767500.0,930075.5138147024
7367,Regressão linear,2,406000.0,302212.4361708843
7453,Regressão linear,2,292000.0,365626.8597156012
8404,Regressão linear,2,315000.0,286091.69789496006
8815,Regressão linear,2,353750.0,198209.98981738868
9134,Regressão linear,2,284850.0,222449.77614522487
9137,Regressão linear,2,560000.0,500877.5788439844
9564,Regressão linear,2,257100.0,182726.27444425615
10522,Regressão linear,2,645000.0,704768.3056062199
10599,Regressão linear,2,422500.0,334676.51832375594
11087,Regressão linear,2,880000.0,923630.63441407
11219,Regressão linear,2,393000.0,378958.7089707677
11280,Regressão linear,2,500000.0,524953.2215825107
11315,Regressão linear,2,490000.0,471604.2464380984
11350,Regressão linear,2,651500.0,541719.1048083651
13138,Regressão linear,2,430000.0,475105.24269439024
13448,Regressão linear,2,1045000.0,1043142.2294322914
13461,Regressão linear,2,565000.0,660806.8159081457
13577,Regressão linear,2,635000.0,1023960.5335418256
13710,Regressão linear,2,2600000.0,2140029.430120235
14662,Regressão linear,2,850000.0,727497.7755217929
14676,Regressão linear,2,265000.0,58507.646401892474
14905,Regressão linear,2,625000.0,658411.2547312279
15162,Regressão linear,2,930000.0,863699.4604996115
15317,Regressão linear,2,147000.0,149299.88528858172
15403,Regressão linear,2,380000.0,224529.8096712691
15587,Regressão linear,2,1005000.0,1208134.1691056446
16030,Regressão linear,2,375000.0,325279.09900435596
16102,Regressão linear,2,589000.0,712411.8395555244
16502,Regressão linear,2,305000.0,366044.9757597096
16656,Regressão linear,2,324900.0,322092.8093975827
16888,Regressão linear,2,995000.0,1268586.648474114
17671,Regressão linear,2,505000.0,459056.98082413874
17907,Regressão linear,2,310000.0,212861.16309681252
18599,Regressão linear,2,725000.0,699243.576649826
18645,Regressão linear,2,575000.0,438465.15394551365
18932,Regressão linear,2,465000.0,501867.41207020485
19036,Regressão linear,2,303000.0,276859.90746268496
19446,Regressão linear,2,1900000.0,1392620.6441198143
20021,Regressão linear,2,429900.0,417282.7412278643
20469,Regressão linear,2,664950.0,733747.3215910839
21074,Regressão linear,2,375000.0,503855.2953059971
21282,Regressão linear,2,706000.0,581342.7102810085
21357,Regressão linear,2,1065000.0,820050.6776520038
562,Regressão linear,2,880000.0,896194.9922568895
575,Regressão linear,2,300000.0,222120.8842430226
764,Regressão linear,2,405300.0,491126.5602531577
1195,Regressão linear,2,632000.0,464160.42682890175
1273,Regressão linear,2,590000.0,528556.0156489413
1313,Regressão linear,2,255000.0,177983.50220729396
2011,Regressão linear,2,305000.0,282062.9575654401
2347,Regressão linear,2,430000.0,411094.65284013265
2430,Regressão linear,2,305500.0,318164.41477013833
2441,Regressão linear,2,355950.0,450493.87907661166
3173,Regressão linear,2,490000.0,484346.2447749581
3238,Regressão linear,2,271000.0,222014.70772321557
3939,Regressão linear,2,425000.0,408984.28127961815
3945,Regressão linear,2,480000.0,454746.46754251607
5183,Regressão linear,2,220000.0,291685.48853927804
6807,Regressão linear,2,299500.0,211675.45133824163
7205,Regressão linear,2,630000.0,576449.8315170789
7209,Regressão linear,2,352500.0,489989.9743690935
7305,Regressão linear,2,445000.0,489388.16090212367
7814,Regressão linear,2,291000.0,168851.87533162165
8148,Regressão linear,2,1250000.0,1216304.3804484752
8161,Regressão linear,2,275000.0,172056.3533606048
8499,Regressão linear,2,336500.0,283103.9766794727
8603,Regressão linear,2,279000.0,267616.9247733046
9330,Regressão linear,2,825000.0,945843.5363814333
9451,Regressão linear,2,500000.0,493214.46733699343
9503,Regressão linear,2,435000.0,466925.94650466164
9512,Regressão linear,2,1275000.0,1345338.510084935
9971,Regressão linear,2,235000.0,257133.5619491832
9989,Regressão linear,2,388500.0,293853.435621379
10027,Regressão linear,2,578500.0,528220.8679524887
10100,Regressão linear,2,550000.0,698583.3654460637
10175,Regressão linear,2,495000.0,703522.9221352384
10198,Regressão linear,2,325000.0,319399.1449816206
10238,Regressão linear,2,730000.0,813523.8577442935
10318,Regressão linear,2,800000.0,1217533.9587245833
10783,Regressão linear,2,700500.0,651182.4078473182
10982,Regressão linear,2,1565000.0,1077823.4421339487
11285,Regressão linear,2,236000.0,149684.7690140147
11449,Regressão linear,2,228900.0,244371.49726932187
11898,Regressão linear,2,505000.0,614712.9582889255
11987,Regressão linear,2,365000.0,471385.92652365443
12164,Regressão linear,2,290000.0,426403.8000967944
12235,Regressão linear,2,820000.0,944924.2617357874
12314,Regressão linear,2,215000.0,268587.0393977569
12727,Regressão linear,2,642860.0,559269.2110520485
13318,Regressão linear,2,570000.0,538526.7079887937
13708,Regressão linear,2,670000.0,713666.5637643365
13810,Regressão linear,2,415000.0,585865.1708346365
14062,Regressão linear,2,201000.0,206803.00574494147
15095,Regressão linear,2,500000.0,424741.6838700158
15184,Regressão linear,2,340000.0,506423.11676743545
15195,Regressão linear,2,244000.0,249868.35941497362
15359,Regressão linear,2,287000.0,394195.46095682937
15879,Regressão linear,2,330000.0,222506.92196783453
16587,Regressão linear,2,740000.0,804556.6032797314
16680,Regressão linear,2,598800.0,229801.76729893626
16833,Regressão linear,2,465000.0,352635.93599622964
17588,Regressão linear,2,800000.0,894223.6696484503
18021,Regressão linear,2,830000.0,666737.6688197186
18998,Regressão linear,2,270000.0,116348.26042188797
20245,Regressão linear,2,649000.0,694392.9498822463
21266,Regressão linear,2,440000.0,472045.0489012562
21396,Regressão linear,2,685000.0,618512.1806593251
569,Regressão linear,2,405000.0,200402.95174921473
1004,Regressão linear,2,245000.0,75765.92225218727
1482,Regressão linear,2,504750.0,528668.591238989
2019,Regressão linear,2,275000.0,274294.16541319655
2293,Regressão linear,2,390000.0,421218.11502520746
2546,Regressão linear,2,299900.0,163315.06044869212
3465,Regressão linear,2,200000.0,43976.8650418591
3732,Regressão linear,2,360000.0,561696.483359427
3768,Regressão linear,2,255000.0,209955.76309572384
4151,Regressão linear,2,825000.0,1124059.4426989914
4749,Regressão linear,2,319000.0,250470.61094473375
4943,Regressão linear,2,895000.0,930907.2483077683
6391,Regressão linear,2,303000.0,306399.11836974777
7075,Regressão linear,2,350000.0,338804.7112112732
7173,Regressão linear,2,420000.0,392617.92309686384
7857,Regressão linear,2,582000.0,500026.5705909563
8121,Regressão linear,2,175000.0,-13480.402648673276
8259,Regressão linear,2,329000.0,491549.65583850135
8535,Regressão linear,2,480000.0,573848.9124368049
8688,Regressão linear,2,520000.0,595094.6911710617
9049,Regressão linear,2,952000.0,983840.2320497215
9109,Regressão linear,2,570000.0,679487.8395454441
9242,Regressão linear,2,650000.0,823028.2832300954
9454,Regressão linear,2,213400.0,174847.62804810086
9894,Regressão linear,2,784950.0,704513.2396167993
10021,Regressão linear,2,465000.0,498079.161577899
10421,Regressão linear,2,630000.0,808486.0932402669
10923,Regressão linear,2,582500.0,601596.115195487
11741,Regressão linear,2,405000.0,420925.51495793066
11769,Regressão linear,2,325000.0,416430.2215484892
11878,Regressão linear,2,1620000.0,1213555.7882622688
12084,Regressão linear,2,338000.0,395486.3961315646
12101,Regressão linear,2,348500.0,387918.52969826735
12111,Regressão linear,2,315000.0,397345.67132646794
12558,Regressão linear,2,364000.0,357072.09954766097
12601,Regressão linear,2,288000.0,142072.87990702927
12695,Regressão linear,2,258500.0,221580.07397254728
12812,Regressão linear,2,420000.0,523808.66938796325
14265,Regressão linear,2,229000.0,102509.17884419428
14467,Regressão linear,2,825000.0,762443.6693639364
14558,Regressão linear,2,357500.0,373428.27828214585
14690,Regressão linear,2,565000.0,808913.3806844415
14857,Regressão linear,2,327000.0,314398.127952692
15281,Regressão linear,2,339999.0,353523.046730005
15336,Regressão linear,2,276000.0,260805.73603977077
15354,Regressão linear,2,572500.0,658395.0433410788
15423,Regressão linear,2,279000.0,216858.53264852724
15840,Regressão linear,2,1335000.0,1475544.70098823
16082,Regressão linear,2,210000.0,400557.19826770737
16231,Regressão linear,2,260000.0,213182.2285326096
16264,Regressão linear,2,315000.0,345909.12459767575
16495,Regressão linear,2,735000.0,805139.5270965507
16527,Regressão linear,2,950000.0,1265982.3579079849
17458,Regressão linear,2,463000.0,394671.82804968196
17942,Regressão linear,2,623500.0,565777.4876281309
18058,Regressão linear,2,244000.0,234940.63519198174
18059,Regressão linear,2,275000.0,93266.44627370522
18103,Regressão linear,2,677000.0,725387.9381539233
18664,Regressão linear,2,249000.0,230619.63117596935
19400,Regressão linear,2,229950.0,256811.0877541794
19420,Regressão linear,2,557000.0,632674.4227752795
19514,Regressão linear,2,349900.0,348666.67094806826
20077,Regressão linear,2,1035290.0,909894.7374576568
20558,Regressão linear,2,620000.0,606887.4681069114
20577,Regressão linear,2,825000.0,776334.4550823865
20811,Regressão linear,2,580000.0,390015.41247511137
21433,Regressão linear,2,465750.0,611268.4361704303
422,Regressão linear,2,538000.0,477449.6320799125
703,Regressão linear,2,485000.0,658601.0001173159
878,Regressão linear,2,229000.0,69730.66433799668
1096,Regressão linear,2,241000.0,-22825.07277295261
1983,Regressão linear,2,555000.0,602210.6457987269
2802,Regressão linear,2,179500.0,91638.33160777471
3035,Regressão linear,2,1799000.0,1248876.6323486038
3383,Regressão linear,2,430000.0,574778.1941423228
3572,Regressão linear,2,770000.0,373095.90130293276
3813,Regressão linear,2,2890000.0,1750924.7476218352
4528,Regressão linear,2,239900.0,161914.11799160473
5881,Regressão linear,2,268500.0,416142.7520351391
6188,Regressão linear,2,675000.0,776626.9817682179
6731,Regressão linear,2,319000.0,407898.6730637136
6737,Regressão linear,2,269950.0,224707.32388900372
6827,Regressão linear,2,340000.0,570918.762000226
7028,Regressão linear,2,567000.0,557395.5403188346
8885,Regressão linear,2,309000.0,283308.21671508916
9752,Regressão linear,2,329000.0,430418.313745887
11229,Regressão linear,2,395000.0,246717.97055549882
12324,Regressão linear,2,280000.0,168579.18204019195
12885,Regressão linear,2,808000.0,898854.660224808
13058,Regressão linear,2,375000.0,395276.2005977049
13557,Regressão linear,2,311000.0,252375.95061705064
15029,Regressão linear,2,299500.0,187323.30148229006
15088,Regressão linear,2,396900.0,440587.9946417264
15278,Regressão linear,2,765000.0,956394.7990386884
15803,Regressão linear,2,375000.0,330677.71346652904
16136,Regressão linear,2,1320000.0,817339.0060205474
16533,Regressão linear,2,651000.0,816385.7824819598
16990,Regressão linear,2,296500.0,292359.3289513756
17467,Regressão linear,2,304500.0,312091.90348427085
17493,Regressão linear,2,1050000.0,956358.148977722
17512,Regressão linear,2,386100.0,407608.494769452
17707,Regressão linear,2,633000.0,812471.9255070188
18238,Regressão linear,2,750000.0,782614.714944458
18514,Regressão linear,2,245000.0,262951.7499501738
19047,Regressão linear,2,340500.0,398093.6094921327
19581,Regressão linear,2,340768.0,281786.52035523794
19617,Regressão linear,2,450000.0,380854.0951717306
20647,Regressão linear,2,539950.0,426212.2444018774
21352,Regressão linear,2,495000.0,517229.8625099106
1621,Regressão linear,2,248000.0,352912.10124612064
3096,Regressão linear,2,285000.0,250022.70930222317
7536,Regressão linear,2,1320000.0,1080668.4711716683
16707,Regressão linear,2,255000.0,278987.9491739381
17165,Regressão linear,2,420000.0,563112.0749566746
18258,Regressão linear,2,260000.0,272295.046808096
18733,Regressão linear,2,229000.0,446128.5264179764
1904,Regressão linear,2,1045000.0,977757.6729402691
19170,Regressão linear,2,517000.0,525293.4716879856
81,Regressão linear,2,360000.0,246130.5215144104
715,Regressão linear,2,250000.0,217456.82866429962
816,Regressão linear,2,310000.0,275812.7347317086
1156,Regressão linear,2,350000.0,444591.53688983
1217,Regressão linear,2,1875000.0,1279478.22548072
1785,Regressão linear,2,285000.0,244543.85270154962
1868,Regressão linear,2,411800.0,440255.2861939888
2089,Regressão linear,2,750000.0,942140.7812622753
2119,Regressão linear,2,585000.0,785324.0373333562
2749,Regressão linear,2,722500.0,867068.3273612144
3489,Regressão linear,2,210000.0,289560.22638274444
3624,Regressão linear,2,650000.0,495004.6063605405
3864,Regressão linear,2,790000.0,687984.0213294677
4256,Regressão linear,2,261500.0,344083.6724908921
5215,Regressão linear,2,335000.0,417106.9579141976
5377,Regressão linear,2,610000.0,708040.2824761877
5765,Regressão linear,2,650000.0,723591.7781167116
6094,Regressão linear,2,239000.0,182293.50418452977
6207,Regressão linear,2,337500.0,471193.8937836456
6229,Regressão linear,2,360000.0,425407.15306752274
6249,Regressão linear,2,332500.0,427739.5251554046
6284,Regressão linear,2,499000.0,505302.1039688328
7809,Regressão linear,2,266000.0,212210.96419965892
7840,Regressão linear,2,328000.0,358032.1399046756
8025,Regressão linear,2,323000.0,351167.5451686634
8417,Regressão linear,2,520000.0,627946.2444235333
8506,Regressão linear,2,270000.0,393383.255729514
8560,Regressão linear,2,324000.0,245560.18550919264
9087,Regressão linear,2,575000.0,643272.6736857698
9238,Regressão linear,2,379000.0,412683.16745007917
9580,Regressão linear,2,244000.0,174117.3132622336
10377,Regressão linear,2,570000.0,679071.2771029253
10598,Regressão linear,2,278000.0,216705.55614980232
10863,Regressão linear,2,232000.0,223672.25051887793
10915,Regressão linear,2,332000.0,427455.7455157982
11356,Regressão linear,2,350000.0,300436.5461658177
12156,Regressão linear,2,200000.0,259569.4419608347
13175,Regressão linear,2,670000.0,678563.3253160277
13497,Regressão linear,2,289950.0,318995.3314619435
13763,Regressão linear,2,625000.0,717447.7521712466
13813,Regressão linear,2,600000.0,686354.9810943203
14069,Regressão linear,2,221000.0,125188.79577578584
14318,Regressão linear,2,317500.0,300309.92692182475
14329,Regressão linear,2,340000.0,396625.87521427753
14500,Regressão linear,2,462370.0,601115.5225222299
15348,Regressão linear,2,550000.0,697308.6720172854
15934,Regressão linear,2,745000.0,716514.9427739489
16228,Regressão linear,2,202500.0,260373.22525159753
16287,Regressão linear,2,260000.0,205956.8575050758
16709,Regressão linear,2,520000.0,543996.9309251837
16734,Regressão linear,2,500000.0,532580.2907383724
17327,Regressão linear,2,637500.0,568462.3453010747
17803,Regressão linear,2,705000.0,577287.7664659707
18227,Regressão linear,2,525000.0,462228.57288123114
18424,Regressão linear,2,274000.0,205201.9300356724
19103,Regressão linear,2,400000.0,468439.98568416457
19652,Regressão linear,2,274000.0,321003.732964645
19789,Regressão linear,2,550000.0,616570.5933112027
19843,Regressão linear,2,465000.0,405179.2235220753
19955,Regressão linear,2,570000.0,642214.0074594612
20041,Regressão linear,2,975000.0,710989.2244803209
20067,Regressão linear,2,633000.0,820457.9710416917
20110,Regressão linear,2,436000.0,452289.7053423378
20553,Regressão linear,2,344000.0,406875.0052798843
20685,Regressão linear,2,810000.0,958986.6301897462
20877,Regressão linear,2,627000.0,579237.5336952787
20907,Regressão linear,2,325000.0,247323.03814075823
94,Regressão linear,2,700000.0,581771.8488897467
373,Regressão linear,2,380000.0,607002.1910242902
418,Regressão linear,2,355000.0,363696.0077262187
815,Regressão linear,2,379000.0,534312.1575037721
1268,Regressão linear,2,302495.0,376944.8334029301
1372,Regressão linear,2,330000.0,423066.4745594729
1924,Regressão linear,2,432000.0,513921.2194757964
2523,Regressão linear,2,225000.0,37614.95718783868
2660,Regressão linear,2,523000.0,603975.4488085504
2695,Regressão linear,2,705000.0,693848.4906992135
3103,Regressão linear,2,1130000.0,1056283.974219855
3925,Regressão linear,2,540000.0,439949.7081489812
4031,Regressão linear,2,276000.0,239510.25821686914
4064,Regressão linear,2,383000.0,385439.7417914935
4159,Regressão linear,2,215000.0,125641.47068649056
4881,Regressão linear,2,285000.0,274047.56411775487
5236,Regressão linear,2,199999.0,144309.56238257018
5565,Regressão linear,2,472000.0,595862.9842607616
5717,Regressão linear,2,405000.0,361147.8160784187
5752,Regressão linear,2,565000.0,490621.3461945262
6047,Regressão linear,2,510000.0,488401.8839513264
6520,Regressão linear,2,760000.0,747005.2607657647
7217,Regressão linear,2,292500.0,219653.57678115662
7594,Regressão linear,2,395000.0,451829.0021122522
9328,Regressão linear,2,334950.0,332919.73132982827
9754,Regressão linear,2,405000.0,527634.4539784191
9854,Regressão linear,2,235000.0,242131.54148362423
11710,Regressão linear,2,219950.0,174735.98593052686
12025,Regressão linear,2,756450.0,769099.388811388
12231,Regressão linear,2,887500.0,1116760.462615958
12503,Regressão linear,2,450000.0,643005.8392202215
12560,Regressão linear,2,445000.0,573122.9406586562
12719,Regressão linear,2,345500.0,351966.0861254034
12749,Regressão linear,2,515000.0,496906.8285724437
12896,Regressão linear,2,312000.0,280057.71116420586
13335,Regressão linear,2,440000.0,455655.85582509864
13466,Regressão linear,2,1272000.0,1141552.748299978
13514,Regressão linear,2,515000.0,264269.992856262
13738,Regressão linear,2,252000.0,229223.8351809468
13828,Regressão linear,2,435000.0,588981.3618640604
13902,Regressão linear,2,539500.0,568747.9552983957
15180,Regressão linear,2,2200000.0,1338004.4651159027
15330,Regressão linear,2,520000.0,1175458.167991046
15667,Regressão linear,2,1715000.0,1256934.784440919
15974,Regressão linear,2,325000.0,295242.4293906575
16354,Regressão linear,2,575000.0,854439.4781929365
16581,Regressão linear,2,269000.0,365378.1302268113
17251,Regressão linear,2,490000.0,761078.8563600231
17490,Regressão linear,2,275000.0,189336.5939256283
18264,Regressão linear,2,415000.0,384648.324099775
18386,Regressão linear,2,390000.0,356281.5491335923
18394,Regressão linear,2,325000.0,229904.7734397985
18498,Regressão linear,2,206000.0,64469.44010581047
18671,Regressão linear,2,383000.0,191768.5223588114
19621,Regressão linear,2,235000.0,97998.04462926794
19712,Regressão linear,2,263000.0,199525.66227617257
19734,Regressão linear,2,250000.0,40786.69650113571
19947,Regressão linear,2,395000.0,442358.199287114
20267,Regressão linear,2,1042000.0,1294883.4956842836
20420,Regressão linear,2,599000.0,538440.9025010735
20473,Regressão linear,2,661000.0,546759.6169060047
20884,Regressão linear,2,270500.0,337715.6238084354
21320,Regressão linear,2,625000.0,723931.5702283372
2145,Regressão linear,2,415000.0,361939.5452882282
2301,Regressão linear,2,370000.0,281815.0786968024
2380,Regressão linear,2,363000.0,334120.39500563056
3361,Regressão linear,2,160000.0,210069.57371905216
4083,Regressão linear,2,246700.0,259492.56575872484
6132,Regressão linear,2,700000.0,693328.50153258
6257,Regressão linear,2,280000.0,285572.51108973223
6843,Regressão linear,2,255000.0,185226.97223656517
9673,Regressão linear,2,535000.0,654833.368726409
9862,Regressão linear,2,360000.0,440136.35468803725
10049,Regressão linear,2,439000.0,532913.4996938423
10308,Regressão linear,2,329000.0,237022.2186358964
10410,Regressão linear,2,422800.0,382178.4986236636
10579,Regressão linear,2,345000.0,374089.93787076324
10727,Regressão linear,2,265000.0,191691.956946125
11213,Regressão linear,2,255000.0,146902.60140218586
11873,Regressão linear,2,650000.0,808488.2850020619
12243,Regressão linear,2,480000.0,365389.8266179698
13147,Regressão linear,2,320000.0,380656.99523856
13563,Regressão linear,2,715000.0,727246.2373545882
13618,Regressão linear,2,310000.0,235301.48020832898
13720,Regressão linear,2,410000.0,548445.6701367685
15363,Regressão linear,2,319000.0,270534.3230925122
15444,Regressão linear,2,539500.0,557603.5392533334
16131,Regressão linear,2,434400.0,475312.43627774867
16319,Regressão linear,2,500000.0,619301.4258510732
18500,Regressão linear,2,325000.0,319991.6818641784
18960,Regressão linear,2,480000.0,270022.2718432943
19024,Regressão linear,2,1001000.0,832188.461204886
21551,Regressão linear,2,1375000.0,1156577.5412966153
868,Regressão linear,2,381156.0,408361.9618741141
1871,Regressão linear,2,247500.0,359792.93620947783
2427,Regressão linear,2,473000.0,306148.39151162066
2789,Regressão linear,2,524000.0,395707.461489232
2799,Regressão linear,2,415000.0,587536.5596679397
2941,Regressão linear,2,123300.0,125317.42128911932
3995,Regressão linear,2,241250.0,243213.39122623764
4372,Regressão linear,2,160134.0,125407.12737915738
5207,Regressão linear,2,500000.0,470674.71136708494
5325,Regressão linear,2,485000.0,629581.3237816948
5339,Regressão linear,2,350000.0,306351.3475292915
5619,Regressão linear,2,874000.0,824737.156659798
6382,Regressão linear,2,605000.0,594728.6566262797
6513,Regressão linear,2,535000.0,500976.0989324035
6896,Regressão linear,2,255000.0,278045.22453367495
7101,Regressão linear,2,199950.0,19902.213010531268
7603,Regressão linear,2,475000.0,379359.16930830094
7638,Regressão linear,2,250000.0,317543.0382500717
8247,Regressão linear,2,335000.0,217862.00335939607
9436,Regressão linear,2,375000.0,576525.5009748151
9785,Regressão linear,2,920000.0,798073.4850964502
10412,Regressão linear,2,525000.0,392543.4636584483
10681,Regressão linear,2,795000.0,896067.4403103832
11596,Regressão linear,2,575000.0,563353.5707500589
12846,Regressão linear,2,860000.0,991913.7085787242
13110,Regressão linear,2,1135000.0,1240256.3729368802
13321,Regressão linear,2,275000.0,420878.45683574484
15476,Regressão linear,2,215000.0,329713.19149287883
16050,Regressão linear,2,399000.0,288544.98658807576
16526,Regressão linear,2,250000.0,309570.82139684644
16762,Regressão linear,2,449400.0,448248.96117775387
17008,Regressão linear,2,370000.0,491370.3014367655
17049,Regressão linear,2,455000.0,455114.47794249107
17435,Regressão linear,2,353500.0,400943.3661900178
19670,Regressão linear,2,865950.0,976549.1053622244
21042,Regressão linear,2,255000.0,213797.5151232928
21194,Regressão linear,2,375500.0,409292.9368011659
14621,Regressão linear,2,350000.0,392194.8626754122
15216,Regressão linear,2,475000.0,479982.822191786
346,Regressão linear,2,239900.0,54160.68865561311
696,Regressão linear,2,700000.0,699001.4029683447
1157,Regressão linear,2,790000.0,1242193.7727691038
1263,Regressão linear,2,614000.0,733050.9287073447
1424,Regressão linear,2,340895.0,299447.53194517095
2442,Regressão linear,2,485000.0,644471.8291327124
2463,Regressão linear,2,262000.0,139464.73201407518
3426,Regressão linear,2,515000.0,637296.1435133792
3705,Regressão linear,2,230000.0,183655.08863001163
3776,Regressão linear,2,680000.0,710050.4043137851
4032,Regressão linear,2,2500000.0,1480371.804946501
4324,Regressão linear,2,459500.0,419715.2825628995
4878,Regressão linear,2,1151250.0,994132.4644448089
5363,Regressão linear,2,307000.0,348126.2348168305
5952,Regressão linear,2,376000.0,408796.45749800134
6602,Regressão linear,2,1035000.0,1014862.0112134819
6877,Regressão linear,2,305000.0,212018.41582784778
7843,Regressão linear,2,550000.0,463036.8647690172
7948,Regressão linear,2,200000.0,350367.0940239684
8291,Regressão linear,2,315000.0,296593.163155419
8863,Regressão linear,2,562000.0,577726.7920180963
9074,Regressão linear,2,220000.0,179068.64148135623
9200,Regressão linear,2,250000.0,187207.77950046127
9269,Regressão linear,2,500000.0,534600.9346679322
9428,Regressão linear,2,800000.0,763593.1872387792
10723,Regressão linear,2,238000.0,165951.78025239418
10761,Regressão linear,2,207000.0,190475.16273638143
11088,Regressão linear,2,195000.0,163465.7565003188
11150,Regressão linear,2,399950.0,272626.1478357212
11555,Regressão linear,2,530000.0,642149.6919142064
11839,Regressão linear,2,320000.0,412627.06117679086
11992,Regressão linear,2,738000.0,735913.6712151954
12491,Regressão linear,2,377500.0,475275.4415656151
12513,Regressão linear,2,445000.0,490645.7820550068
13727,Regressão linear,2,472000.0,646282.6822202617
14033,Regressão linear,2,360000.0,435798.3733076552
14077,Regressão linear,2,714000.0,840903.5053289948
14932,Regressão linear,2,920000.0,858845.4962439795
14972,Regressão linear,2,1425000.0,1182208.7666393593
15948,Regressão linear,2,555000.0,650694.853727658
15983,Regressão linear,2,185000.0,84360.09996500047
16390,Regressão linear,2,302300.0,451602.5025731517
16455,Regressão linear,2,202000.0,16471.55785670469
16500,Regressão linear,2,271000.0,176936.15716514044
16573,Regressão linear,2,438500.0,594080.5908785427
16957,Regressão linear,2,575000.0,465984.36220571294
16992,Regressão linear,2,420000.0,433962.7659412533
17775,Regressão linear,2,515000.0,560446.2534438458
17992,Regressão linear,2,415000.0,359529.468402828
18212,Regressão linear,2,362950.0,322565.28288166615
18747,Regressão linear,2,275000.0,226160.24248652096
18951,Regressão linear,2,559000.0,578565.1816857229
18999,Regressão linear,2,540000.0,532138.863377945
19254,Regressão linear,2,660000.0,757792.3861436613
19579,Regressão linear,2,495000.0,574064.0431845374
20209,Regressão linear,2,659000.0,733763.6295240282
20270,Regressão linear,2,577000.0,629374.7884940687
20566,Regressão linear,2,345000.0,326314.1554238661
20816,Regressão linear,2,1105000.0,878681.4391632241
20862,Regressão linear,2,336900.0,369465.4096544942
20980,Regressão linear,2,495000.0,469646.4654716478
21028,Regressão linear,2,255000.0,227252.01684523578
21163,Regressão linear,2,620000.0,853461.4544263831
21213,Regressão linear,2,785000.0,1012738.7262866464
37,Regressão linear,2,640000.0,788180.1851858983
1013,Regressão linear,2,538200.0,592691.2502298175
1058,Regressão linear,2,528000.0,477398.3618380146
1107,Regressão linear,2,609850.0,816339.0608082295
1484,Regressão linear,2,530000.0,827507.6520821106
1538,Regressão linear,2,420000.0,403950.12926463387
2461,Regressão linear,2,1700000.0,1754058.652179416
3059,Regressão linear,2,424950.0,532151.6995109395
3369,Regressão linear,2,189000.0,229926.4008815547
4209,Regressão linear,2,825000.0,955335.1444131965
4216,Regressão linear,2,305000.0,351838.8200399962
4782,Regressão linear,2,260000.0,292944.09161097795
4914,Regressão linear,2,455000.0,459238.97915074014
5208,Regressão linear,2,685000.0,762135.4493506646
6100,Regressão linear,2,495000.0,566625.52878356
7040,Regressão linear,2,190000.0,225635.8518340592
7343,Regressão linear,2,1535000.0,1127987.488765493
7568,Regressão linear,2,621000.0,624128.365725092
8072,Regressão linear,2,350000.0,342787.140421096
8459,Regressão linear,2,460000.0,532652.7212550801
8531,Regressão linear,2,415000.0,380643.7110281396
9131,Regressão linear,2,250000.0,-3800.095576467691
9430,Regressão linear,2,355000.0,376744.61739730695
9783,Regressão linear,2,340000.0,369347.97451315564
10254,Regressão linear,2,235000.0,22866.293747915362
10427,Regressão linear,2,1200000.0,625522.858180278
10502,Regressão linear,2,226500.0,254333.33981999528
10635,Regressão linear,2,739000.0,912243.137817478
11026,Regressão linear,2,469000.0,380165.49517228047
11768,Regressão linear,2,771000.0,796114.2006395601
12044,Regressão linear,2,1060000.0,1219694.892923642
12662,Regressão linear,2,150000.0,146464.8472253448
13455,Regressão linear,2,230000.0,113384.03276909207
17051,Regressão linear,2,190000.0,101803.67793817009
17453,Regressão linear,2,630000.0,613551.4296462651
17753,Regressão linear,2,160000.0,42458.71314162866
18199,Regressão linear,2,3300000.0,2113914.669160773
18875,Regressão linear,2,1945000.0,1702359.812132483
19390,Regressão linear,2,620000.0,654072.7705035324
19496,Regressão linear,2,350000.0,400912.37233180634
19837,Regressão linear,2,1255780.0,1046613.849703294
20171,Regressão linear,2,550000.0,579811.8891338955
21293,Regressão linear,2,208400.0,294588.2302338682
52,Regressão linear,2,600000.0,503024.4135085885
451,Regressão linear,2,333500.0,272068.2693281942
566,Regressão linear,2,260000.0,118653.48494796106
1139,Regressão linear,2,605000.0,799351.6071592376
1692,Regressão linear,2,825000.0,787960.9386129768
3004,Regressão linear,2,441000.0,399281.6171637313
3403,Regressão linear,2,221700.0,273996.38134321733
3480,Regressão linear,2,1225000.0,740596.1612221578
3633,Regressão linear,2,406500.0,526505.453024786
3803,Regressão linear,2,795000.0,832157.3043768038
4081,Regressão linear,2,905000.0,634647.1988658288
4882,Regressão linear,2,240000.0,214446.5650788191
5574,Regressão linear,2,241500.0,171522.44597186588
6500,Regressão linear,2,755000.0,794725.6878614237
7372,Regressão linear,2,609000.0,613354.2275050466
7526,Regressão linear,2,614285.0,579204.3268986351
7878,Regressão linear,2,205000.0,95803.12774497457
8393,Regressão linear,2,582000.0,629587.3502904022
8626,Regressão linear,2,425000.0,448234.40274323523
9069,Regressão linear,2,565000.0,790992.230385347
9263,Regressão linear,2,315000.0,240814.03682157648
9850,Regressão linear,2,875000.0,849100.5861831871
12746,Regressão linear,2,518000.0,401857.045266024
12892,Regressão linear,2,209000.0,154000.77583492888
12984,Regressão linear,2,146000.0,5476.761374280264
13076,Regressão linear,2,931000.0,953331.0168833577
13152,Regressão linear,2,575000.0,507369.71662509564
13749,Regressão linear,2,272000.0,238327.90103348458
15126,Regressão linear,2,449000.0,421260.14783229807
15572,Regressão linear,2,330000.0,243102.55665013343
16205,Regressão linear,2,485000.0,551889.7402102996
16303,Regressão linear,2,365000.0,381846.33620900783
16936,Regressão linear,2,397000.0,354564.36603522685
17365,Regressão linear,2,826000.0,909657.3467094605
17507,Regressão linear,2,665000.0,628618.275354906
18433,Regressão linear,2,261000.0,190823.16798143275
18462,Regressão linear,2,219200.0,276501.8807864076
18666,Regressão linear,2,690000.0,740126.1542399497
18935,Regressão linear,2,460000.0,468975.5560519299
18976,Regressão linear,2,579000.0,627246.4658728556
19293,Regressão linear,2,310000.0,215962.5127242424
19375,Regressão linear,2,509000.0,632988.8851903022
19607,Regressão linear,2,689000.0,767291.8873635917
19952,Regressão linear,2,443000.0,435087.0441000308
21549,Regressão linear,2,327500.0,289822.13468110637
120,Regressão linear,2,660000.0,733580.0400221292
171,Regressão linear,2,272000.0,295633.070152226
574,Regressão linear,2,263500.0,165740.44234343697
658,Regressão linear,2,748000.0,625909.4880916114
718,Regressão linear,2,730000.0,594379.1924703016
1734,Regressão linear,2,252000.0,547482.0049206039
1851,Regressão linear,2,500000.0,464265.56388394535
2046,Regressão linear,2,1568000.0,1134271.305297157
2794,Regressão linear,2,1289000.0,1010561.0709306444
3604,Regressão linear,2,625000.0,679759.0165711076
4856,Regressão linear,2,147500.0,125464.95469102118
5321,Regressão linear,2,475000.0,337709.9085229007
6053,Regressão linear,2,762500.0,795755.3323549831
6633,Regressão linear,2,782000.0,926794.608129255
7597,Regressão linear,2,825000.0,1060740.7579779353
7971,Regressão linear,2,350000.0,211265.10537347264
8302,Regressão linear,2,325000.0,324271.0753383647
8872,Regressão linear,2,408000.0,320312.57834196277
8932,Regressão linear,2,273000.0,341987.1358711892
9486,Regressão linear,2,287000.0,187948.1928216289
9711,Regressão linear,2,510000.0,732304.4862035089
9875,Regressão linear,2,332500.0,440726.01137796097
10296,Regressão linear,2,166000.0,104541.20515058929
10758,Regressão linear,2,520000.0,422984.02120739745
11155,Regressão linear,2,256000.0,181014.3892635162
11447,Regressão linear,2,514500.0,656428.7799200725
11515,Regressão linear,2,475000.0,490858.8755208803
12020,Regressão linear,2,247000.0,167343.93021436068
12634,Regressão linear,2,489500.0,476017.401169896
13412,Regressão linear,2,829000.0,787664.5185124062
13908,Regressão linear,2,230000.0,235321.59482079628
14380,Regressão linear,2,519000.0,450519.86832315644
14530,Regressão linear,2,325000.0,296199.1532431088
14685,Regressão linear,2,1465000.0,1513909.5060575807
15024,Regressão linear,2,633000.0,476873.71452882595
15141,Regressão linear,2,345000.0,401186.85023459163
16077,Regressão linear,2,500000.0,576532.7186670967
18123,Regressão linear,2,243000.0,167361.79135811495
18181,Regressão linear,2,262500.0,184650.71529110603
18245,Regressão linear,2,476000.0,329307.18338889896
18271,Regressão linear,2,238000.0,157027.09022993018
18658,Regressão linear,2,440000.0,564731.4058919416
19257,Regressão linear,2,675000.0,577700.9405523591
19910,Regressão linear,2,430000.0,323687.38457225857
21189,Regressão linear,2,530200.0,428971.62844753475
71,Regressão linear,2,325000.0,377377.7172643234
130,Regressão linear,2,212000.0,65016.76144180447
417,Regressão linear,2,423000.0,488940.4993224034
685,Regressão linear,2,802541.0,791399.0710944345
1135,Regressão linear,2,420000.0,536838.5773276447
1557,Regressão linear,2,937500.0,1137807.3794472574
1654,Regressão linear,2,330000.0,560424.5409859929
1746,Regressão linear,2,729000.0,694951.4953300654
1976,Regressão linear,2,830000.0,737226.1419061774
2552,Regressão linear,2,313000.0,350190.8776770785
2816,Regressão linear,2,600000.0,443987.6104852712
3549,Regressão linear,2,652427.0,672815.8931600659
4227,Regressão linear,2,755000.0,723225.6028606342
4265,Regressão linear,2,593500.0,697486.0534986735
5303,Regressão linear,2,99000.0,61603.98066286923
5827,Regressão linear,2,1697000.0,1115647.839242705
5919,Regressão linear,2,855000.0,900874.7170633387
6358,Regressão linear,2,317500.0,282375.364213992
6423,Regressão linear,2,445000.0,547586.4657947689
7077,Regressão linear,2,1650000.0,1319511.7739073415
7121,Regressão linear,2,500000.0,550532.1991020038
7267,Regressão linear,2,469500.0,446386.55148661655
7316,Regressão linear,2,330000.0,315164.7883053313
7564,Regressão linear,2,725000.0,647845.1290109935
7700,Regressão linear,2,2150000.0,1916695.2514984035
7955,Regressão linear,2,299950.0,145582.00637392254
8368,Regressão linear,2,362500.0,396092.4462222296
9364,Regressão linear,2,467500.0,481697.384234776
9886,Regressão linear,2,241000.0,209430.3099389739
10102,Regressão linear,2,312500.0,387990.4402482363
10176,Regressão linear,2,600000.0,905824.7185080994
11358,Regressão linear,2,400000.0,390564.73121454136
11735,Regressão linear,2,400000.0,467379.1374878639
13092,Regressão linear,2,482500.0,376383.57514547353
13961,Regressão linear,2,485000.0,428192.0725992474
14433,Regressão linear,2,276750.0,212434.1069036446
14493,Regressão linear,2,299999.0,231604.19063194765
14835,Regressão linear,2,300523.0,941077.218393168
15131,Regressão linear,2,135000.0,-3755.9903569290764
15353,Regressão linear,2,780000.0,1212538.1089768421
15379,Regressão linear,2,344500.0,283135.8041399774
15652,Regressão linear,2,419950.0,454439.92892693426
16135,Regressão linear,2,270000.0,143069.229391991
17033,Regressão linear,2,165000.0,79498.78865882492
17303,Regressão linear,2,317000.0,258082.76621701336
17455,Regressão linear,2,490000.0,483683.0718662359
18235,Regressão linear,2,383000.0,346055.35399885435
18349,Regressão linear,2,570000.0,413604.2770496573
18504,Regressão linear,2,490000.0,360202.6506361645
18708,Regressão linear,2,713000.0,771929.2067529729
18726,Regressão linear,2,707000.0,716318.296925666
18872,Regressão linear,2,245000.0,313893.85045814887
19022,Regressão linear,2,550000.0,630645.4047013903
19543,Regressão linear,2,385000.0,371031.51663460094
19587,Regressão linear,2,739000.0,797881.4456003343
20534,Regressão linear,2,960000.0,1006700.8054457633
21196,Regressão linear,2,1100000.0,854627.0082676993
21391,Regressão linear,2,269950.0,293517.8823535964
21484,Regressão linear,2,850000.0,965060.8346911322
469,Regressão linear,2,342500.0,312728.61661625846
1108,Regressão linear,2,200000.0,237904.83457256213
2234,Regressão linear,2,608000.0,695341.21733627
2333,Regressão linear,2,555000.0,799217.1946696027
3049,Regressão linear,2,272000.0,252356.947842369
3088,Regressão linear,2,325000.0,349468.1354922253
3454,Regressão linear,2,665000.0,459349.34627384227
3613,Regressão linear,2,563000.0,642864.6850762214
4058,Regressão linear,2,299950.0,302528.9872432513
4235,Regressão linear,2,700000.0,995498.6318118263
4664,Regressão linear,2,405000.0,354058.106491909
5499,Regressão linear,2,365000.0,176902.46283968017
6346,Regressão linear,2,430000.0,408145.405655192
8087,Regressão linear,2,154200.0,143735.92050413374
8873,Regressão linear,2,392000.0,309748.99482979823
8991,Regressão linear,2,214000.0,130122.372851792
9034,Regressão linear,2,340000.0,435102.02325203177
9728,Regressão linear,2,215000.0,79790.21963725257
9964,Regressão linear,2,335000.0,219505.07279006348
12735,Regressão linear,2,375000.0,386863.1730350678
12736,Regressão linear,2,325000.0,186443.09825572494
12785,Regressão linear,2,537000.0,520213.92101417424
12789,Regressão linear,2,282500.0,158116.89491321918
13220,Regressão linear,2,240000.0,323281.09818182886
15090,Regressão linear,2,245000.0,189282.38860930808
15238,Regressão linear,2,283500.0,191343.4264721696
15982,Regressão linear,2,652600.0,642602.1525832834
17234,Regressão linear,2,1085000.0,1108246.6277588634
17324,Regressão linear,2,1629000.0,1342944.6560300516
17506,Regressão linear,2,248500.0,173190.5102108016
17966,Regressão linear,2,320000.0,288385.87918891665
17998,Regressão linear,2,216000.0,214479.54114838174
18576,Regressão linear,2,315000.0,229527.76928731505
18983,Regressão linear,2,237500.0,223280.49063235894
19105,Regressão linear,2,463000.0,413619.7849862821
19208,Regressão linear,2,265000.0,247233.5221507598
19294,Regressão linear,2,190000.0,156067.39872376123
19765,Regressão linear,2,390000.0,341947.1753845548
20022,Regressão linear,2,459000.0,385731.10166080063
20397,Regressão linear,2,480000.0,495266.6350860074
20411,Regressão linear,2,653000.0,668649.3544651982
20437,Regressão linear,2,344000.0,436525.2583551706
179,Regressão linear,2,330000.0,370256.91016157693
423,Regressão linear,2,380000.0,446673.59878930013
468,Regressão linear,2,340500.0,478318.85302295856
768,Regressão linear,2,760000.0,745150.7610029299
803,Regressão linear,2,625000.0,658418.8539713216
839,Regressão linear,2,332000.0,352674.73101181985
1194,Regressão linear,2,406000.0,373653.3552741824
1465,Regressão linear,2,765000.0,853347.9341119358
1630,Regressão linear,2,180500.0,198835.61133707638
1668,Regressão linear,2,550000.0,749752.4302422886
2656,Regressão linear,2,350000.0,479810.74430054903
3541,Regressão linear,2,326000.0,232639.91917199257
4972,Regressão linear,2,528000.0,622454.9989707799
5826,Regressão linear,2,250000.0,172890.7804780705
6176,Regressão linear,2,354000.0,366900.7949183386
7310,Regressão linear,2,585000.0,664966.3981168353
7387,Regressão linear,2,1775000.0,1444071.4841959362
7473,Regressão linear,2,325000.0,320569.3872748136
7665,Regressão linear,2,285000.0,241663.20022916252
8785,Regressão linear,2,790000.0,468694.16105503414
8813,Regressão linear,2,580000.0,744975.6995291323
8852,Regressão linear,2,291000.0,149771.70289218283
9056,Regressão linear,2,553000.0,396340.29875994544
9714,Regressão linear,2,937500.0,1308799.8682997364
10146,Regressão linear,2,596500.0,465493.43399129383
10276,Regressão linear,2,728725.0,806841.8765898165
10331,Regressão linear,2,305000.0,306740.40664326184
10393,Regressão linear,2,575000.0,629298.2002606409
10991,Regressão linear,2,349000.0,343057.04562298517
11034,Regressão linear,2,998500.0,938457.8853798211
11486,Regressão linear,2,390000.0,409061.6260162378
11908,Regressão linear,2,879900.0,843653.984797253
11957,Regressão linear,2,499000.0,342738.4165119278
12538,Regressão linear,2,350000.0,398765.5111093096
13174,Regressão linear,2,540000.0,495534.38182778575
13295,Regressão linear,2,162000.0,220134.18335389654
14658,Regressão linear,2,320000.0,254317.91487532394
15392,Regressão linear,2,551100.0,490338.7035272572
15504,Regressão linear,2,273500.0,326756.78391795704
16156,Regressão linear,2,445000.0,547025.9724101791
16406,Regressão linear,2,445000.0,468688.40020633297
16697,Regressão linear,2,1150000.0,1172271.9330470455
16721,Regressão linear,2,685000.0,634611.3057579021
17080,Regressão linear,2,988000.0,1073392.4966270966
17469,Regressão linear,2,485000.0,255573.9205250804
17548,Regressão linear,2,290000.0,478902.54377932573
17562,Regressão linear,2,261590.0,57678.57545515767
17686,Regressão linear,2,750000.0,808401.5754388042
18118,Regressão linear,2,515000.0,567278.8618481061
18195,Regressão linear,2,605000.0,764531.8380938978
19845,Regressão linear,2,484950.0,408569.7880394041
20404,Regressão linear,2,729000.0,649488.7679102188
20542,Regressão linear,2,850000.0,797704.584993792
21576,Regressão linear,2,3567000.0,2058091.6060480478
118,Regressão linear,2,171800.0,239507.30176694185
309,Regressão linear,2,665000.0,675989.8374881027
456,Regressão linear,2,496500.0,530074.8940074715
992,Regressão linear,2,645000.0,753306.6007925016
1360,Regressão linear,2,815000.0,888657.2821596344
1667,Regressão linear,2,349950.0,380882.3358659168
2743,Regressão linear,2,388000.0,490970.66343888687
3060,Regressão linear,2,387000.0,296962.13186807337
3834,Regressão linear,2,349950.0,246804.13014868152
4025,Regressão linear,2,1010000.0,845533.6360132666
4219,Regressão linear,2,329500.0,428582.3401591301
4524,Regressão linear,2,875000.0,975883.2071058275
4561,Regressão linear,2,185000.0,4396.603287230653
4699,Regressão linear,2,1195000.0,1398340.8092577064
5206,Regressão linear,2,768500.0,857489.4506120158
5410,Regressão linear,2,899000.0,799845.2548733169
5739,Regressão linear,2,1620500.0,1308131.297209879
6060,Regressão linear,2,760000.0,823621.0574581607
6665,Regressão linear,2,455000.0,425247.1237834624
7394,Regressão linear,2,987500.0,1164011.149229079
7570,Regressão linear,2,395000.0,435596.1554878402
8351,Regressão linear,2,510000.0,531259.5269474727
9991,Regressão linear,2,419000.0,435000.2700032227
10038,Regressão linear,2,375000.0,488092.96716768877
10903,Regressão linear,2,331500.0,413451.11997521087
12862,Regressão linear,2,595000.0,768793.955583167
12901,Regressão linear,2,770000.0,973450.5688107533
13074,Regressão linear,2,305000.0,544298.6246364017
13626,Regressão linear,2,240000.0,277716.79234327376
13694,Regressão linear,2,386500.0,302281.7951485478
13783,Regressão linear,2,185000.0,220795.61793637896
14020,Regressão linear,2,425000.0,305970.43108757737
14064,Regressão linear,2,357500.0,453044.57476213574
14232,Regressão linear,2,2200000.0,1968349.494595495
16152,Regressão linear,2,350000.0,285839.28719641524
16970,Regressão linear,2,288000.0,311563.0501237823
17635,Regressão linear,2,230000.0,290784.360224586
17959,Regressão linear,2,185000.0,46290.06311990437
17994,Regressão linear,2,320000.0,479248.6507163176
18725,Regressão linear,2,180000.0,232944.57139610956
19221,Regressão linear,2,218250.0,80205.33442413213
19371,Regressão linear,2,224000.0,250923.07748053118
19491,Regressão linear,2,330000.0,342276.64167217107
20028,Regressão linear,2,918000.0,879654.3155580261
20070,Regressão linear,2,524000.0,453493.22063951194
20376,Regressão linear,2,600000.0,703305.5467106216
20506,Regressão linear,2,305000.0,281845.5983331822
20942,Regressão linear,2,375000.0,406964.612934035
21225,Regressão linear,2,635000.0,465125.0433850218
1105,Regressão linear,2,550000.0,553754.8273101827
1517,Regressão linear,2,610000.0,485510.97546020255
2325,Regressão linear,2,270000.0,409052.97466429515
3833,Regressão linear,2,524000.0,463436.54671416094
4708,Regressão linear,2,323000.0,461570.1075221647
5089,Regressão linear,2,803000.0,407991.09252736164
5465,Regressão linear,2,560000.0,502213.94173156423
5741,Regressão linear,2,629000.0,623852.9344063029
5764,Regressão linear,2,465000.0,501291.2504926421
5942,Regressão linear,2,908950.0,841189.211436989
6023,Regressão linear,2,700000.0,836964.877239283
6637,Regressão linear,2,313000.0,404792.9857868561
7440,Regressão linear,2,928950.0,905251.4259573363
8775,Regressão linear,2,640000.0,575458.8313780889
8802,Regressão linear,2,367500.0,290061.3987044954
8857,Regressão linear,2,264950.0,163990.27827332288
9045,Regressão linear,2,600000.0,667834.0095516633
9339,Regressão linear,2,335000.0,358770.1261083527
9840,Regressão linear,2,1140000.0,1380845.7246843677
10362,Regressão linear,2,600000.0,520877.6137171193
11535,Regressão linear,2,3200000.0,1911797.6052064623
11684,Regressão linear,2,510000.0,577125.7247464691
13446,Regressão linear,2,292500.0,180674.1777592446
13492,Regressão linear,2,1650000.0,1179050.1419136089
13645,Regressão linear,2,300000.0,419240.2891753113
15770,Regressão linear,2,520000.0,498525.3745269159
15849,Regressão linear,2,322000.0,319908.91794755415
16414,Regressão linear,2,322968.0,390987.7929671312
17977,Regressão linear,2,311000.0,332991.191606755
18429,Regressão linear,2,295000.0,311301.89089454664
18446,Regressão linear,2,270000.0,284672.355810605
18580,Regressão linear,2,435000.0,457799.76243673405
19656,Regressão linear,2,480000.0,470289.06169321464
19691,Regressão linear,2,319000.0,195342.45530561567
21173,Regressão linear,2,880000.0,762631.5143173318
21470,Regressão linear,2,249000.0,76192.90953094582
12088,Regressão linear,2,325000.0,382479.7965007681
945,Regressão linear,2,419000.0,396138.9242395426
2267,Regressão linear,2,2750000.0,2073464.7273352437
2481,Regressão linear,2,236500.0,351091.96762925247
2550,Regressão linear,2,265000.0,187729.49878512142
3355,Regressão linear,2,374500.0,388570.4677911169
3946,Regressão linear,2,400000.0,469735.90246641764
4446,Regressão linear,2,344000.0,364758.16869957995
5228,Regressão linear,2,835000.0,915831.3056991941
5382,Regressão linear,2,329000.0,315322.69709632336
5818,Regressão linear,2,338500.0,381457.52702495514
6829,Regressão linear,2,332500.0,311285.8051951471
7614,Regressão linear,2,419950.0,395221.3212826894
7741,Regressão linear,2,530000.0,453399.6830486165
7953,Regressão linear,2,920000.0,803106.8260266264
8415,Regressão linear,2,710000.0,804466.9334707253
8671,Regressão linear,2,385000.0,448945.63871844456
10219,Regressão linear,2,950000.0,997180.4097899022
11040,Regressão linear,2,1225000.0,1191295.041135338
11098,Regressão linear,2,435000.0,377457.1521123508
11871,Regressão linear,2,1950000.0,2003321.3650585476
12379,Regressão linear,2,800000.0,758481.8003571352
12389,Regressão linear,2,237000.0,189629.50994019496
12465,Regressão linear,2,222900.0,130016.80949957448
12738,Regressão linear,2,287000.0,244134.4327930963
13030,Regressão linear,2,320000.0,299776.7131460394
13458,Regressão linear,2,780000.0,836215.882858204
13546,Regressão linear,2,415000.0,469401.0911903441
14439,Regressão linear,2,495000.0,494356.7306659128
14585,Regressão linear,2,984000.0,1061408.327508482
15525,Regressão linear,2,262000.0,189495.12451375904
15837,Regressão linear,2,440000.0,577075.1405636157
15928,Regressão linear,2,550285.0,492190.0582654172
16085,Regressão linear,2,449000.0,367120.8391262653
16465,Regressão linear,2,200000.0,270667.4648186868
16837,Regressão linear,2,1300000.0,1166433.3077289613
17699,Regressão linear,2,500000.0,407005.36785455013
18413,Regressão linear,2,359000.0,319944.4813936037
18659,Regressão linear,2,618000.0,621610.2609829314
18694,Regressão linear,2,835000.0,799436.7024059547
19298,Regressão linear,2,565000.0,690176.975659387
19374,Regressão linear,2,330000.0,360223.5861994962
20715,Regressão linear,2,540000.0,494418.14095829206
198,Regressão linear,2,440000.0,399549.9934859858
618,Regressão linear,2,175000.0,228289.61558873742
734,Regressão linear,2,347500.0,380183.2918438295
1288,Regressão linear,2,320000.0,273259.1084923418
1331,Regressão linear,2,515000.0,558080.7029294559
1598,Regressão linear,2,451101.0,500361.8820807308
1878,Regressão linear,2,832000.0,883120.7699617173
2574,Regressão linear,2,630000.0,518117.89974971034
3458,Regressão linear,2,207500.0,214913.01905638917
3865,Regressão linear,2,635000.0,736465.733464081
3913,Regressão linear,2,357823.0,339414.9273822409
5282,Regressão linear,2,515000.0,792747.5036802813
5671,Regressão linear,2,500000.0,468610.9641631149
5791,Regressão linear,2,810000.0,1002501.1491717473
5985,Regressão linear,2,441000.0,554906.5844001583
6167,Regressão linear,2,460000.0,645391.7233071337
6218,Regressão linear,2,215000.0,181705.86975570058
7480,Regressão linear,2,320000.0,246872.24881678005
7676,Regressão linear,2,725000.0,440003.7650333514
8742,Regressão linear,2,500000.0,395376.81786281243
9036,Regressão linear,2,667000.0,494356.01390624535
9097,Regressão linear,2,314000.0,302547.1681206506
9127,Regressão linear,2,190000.0,236772.33753031734
9450,Regressão linear,2,300000.0,410573.267867727
10163,Regressão linear,2,769000.0,826097.551324564
10611,Regressão linear,2,489000.0,471367.4391092962
10817,Regressão linear,2,1688000.0,1512292.7135386982
11224,Regressão linear,2,425000.0,116181.90384990384
11495,Regressão linear,2,455000.0,327329.54317206354
11703,Regressão linear,2,294000.0,319307.0676363037
13284,Regressão linear,2,272000.0,207594.10789261846
14120,Regressão linear,2,358000.0,50695.82188515144
14615,Regressão linear,2,160000.0,60937.58838226396
15851,Regressão linear,2,229000.0,265803.05739138473
16024,Regressão linear,2,579000.0,465748.7590569529
16281,Regressão linear,2,855000.0,782111.4601438288
16535,Regressão linear,2,460000.0,714837.0105750165
20080,Regressão linear,2,635000.0,661096.085453239
20102,Regressão linear,2,594491.0,649730.7482198933
20440,Regressão linear,2,335000.0,284436.42031769257
20656,Regressão linear,2,560000.0,673686.3084879726
20901,Regressão linear,2,410000.0,430332.08178115677
21540,Regressão linear,2,1881580.0,1202909.967171012
213,Regressão linear,2,465000.0,527068.7602710045
615,Regressão linear,2,425000.0,431552.2832286318
843,Regressão linear,2,330000.0,374270.5145923543
1075,Regressão linear,2,320000.0,482580.6076504028
1095,Regressão linear,2,435000.0,354888.4791305333
1130,Regressão linear,2,332500.0,402209.00253460475
2465,Regressão linear,2,500000.0,512494.8316006318
2728,Regressão linear,2,570000.0,711041.9494248873
3663,Regressão linear,2,400000.0,183661.88610071296
5035,Regressão linear,2,235000.0,170221.66047365576
6281,Regressão linear,2,760000.0,693355.298748303
7246,Regressão linear,2,212000.0,132241.95902154534
7793,Regressão linear,2,358000.0,425178.63901807717
7914,Regressão linear,2,820000.0,721463.9753561323
8183,Regressão linear,2,357500.0,316952.5309560319
8601,Regressão linear,2,470000.0,505762.94510876405
8627,Regressão linear,2,665000.0,833565.7104079048
8806,Regressão linear,2,215000.0,211507.3535322675
9248,Regressão linear,2,462000.0,470742.3511031724
9808,Regressão linear,2,1175000.0,1166981.8360404738
10424,Regressão linear,2,109000.0,65886.56319609244
10483,Regressão linear,2,250000.0,163102.62857688608
11018,Regressão linear,2,1378600.0,977249.6636116963
11351,Regressão linear,2,270000.0,280297.1903602516
12199,Regressão linear,2,1015000.0,1062638.5326169096
12774,Regressão linear,2,290000.0,325143.13790521224
12926,Regressão linear,2,509000.0,380415.7387037389
12973,Regressão linear,2,599500.0,494554.643882534
13184,Regressão linear,2,220000.0,242061.5989669282
14160,Regressão linear,2,212000.0,246533.6155263704
14300,Regressão linear,2,272000.0,306011.22638965707
14681,Regressão linear,2,1475000.0,1382241.6700241696
15371,Regressão linear,2,658000.0,1108972.0680622119
15389,Regressão linear,2,757500.0,700154.2810854039
15523,Regressão linear,2,265000.0,230872.63177246286
17193,Regressão linear,2,335000.0,340768.64673349453
17368,Regressão linear,2,286000.0,272023.16749232647
17987,Regressão linear,2,300000.0,440790.8902207534
18186,Regressão linear,2,343500.0,304772.03982340393
18621,Regressão linear,2,559950.0,564483.0228213321
18707,Regressão linear,2,340000.0,302066.1893322128
19253,Regressão linear,2,680000.0,756996.4401787096
19622,Regressão linear,2,1150000.0,1356282.6286981003
19675,Regressão linear,2,280000.0,398782.11226629076
19874,Regressão linear,2,333500.0,367365.67570755637
20128,Regressão linear,2,675000.0,708624.8035347974
20151,Regressão linear,2,248000.0,210855.76773134075
20391,Regressão linear,2,700000.0,781568.7484786524
20696,Regressão linear,2,554000.0,491010.74468526064
21174,Regressão linear,2,525000.0,562258.8302901271
21186,Regressão linear,2,303500.0,669425.5137086229
7,Regressão linear,2,291850.0,91539.98900820519
215,Regressão linear,2,280000.0,128350.76784845852
228,Regressão linear,2,235000.0,192069.10827065463
304,Regressão linear,2,315000.0,345911.5244350645
802,Regressão linear,2,422120.0,443276.5777887587
3213,Regressão linear,2,505000.0,480012.09966387955
3721,Regressão linear,2,884900.0,1553958.4567255217
4254,Regressão linear,2,271900.0,145005.63151045868
4374,Regressão linear,2,221000.0,140096.56900871158
4600,Regressão linear,2,495000.0,476697.45061725413
4898,Regressão linear,2,245000.0,255321.8344640804
5511,Regressão linear,2,140000.0,76102.81388765655
5844,Regressão linear,2,203000.0,159776.76179879167
6646,Regressão linear,2,265000.0,302171.85662239965
6725,Regressão linear,2,703300.0,676877.841729199
6935,Regressão linear,2,390000.0,462183.662087008
7753,Regressão linear,2,460000.0,433555.35326150997
7762,Regressão linear,2,658000.0,755298.3175232962
8088,Regressão linear,2,238000.0,143930.16574355942
8685,Regressão linear,2,275000.0,288546.31281566934
8935,Regressão linear,2,285000.0,317092.93884113524
9617,Regressão linear,2,240000.0,210415.92810713418
9892,Regressão linear,2,420000.0,383109.44965195534
10040,Regressão linear,2,583000.0,822606.1895228615
10555,Regressão linear,2,729000.0,792434.6636664224
11125,Regressão linear,2,255000.0,249032.71262543445
11395,Regressão linear,2,275000.0,341439.7331688438
13377,Regressão linear,2,599950.0,650798.4956191112
13445,Regressão linear,2,465000.0,400867.0831667399
13488,Regressão linear,2,200000.0,215341.93736349244
14579,Regressão linear,2,719000.0,653233.6435494958
15115,Regressão linear,2,715000.0,973105.9453297451
15463,Regressão linear,2,235000.0,183713.43693392866
15551,Regressão linear,2,547000.0,403553.3026173897
16031,Regressão linear,2,470000.0,508242.09713863424
17106,Regressão linear,2,233000.0,94726.11417918623
17294,Regressão linear,2,515500.0,558518.6831210742
17599,Regressão linear,2,220000.0,133305.97341748292
17767,Regressão linear,2,2050000.0,1818268.9224533585
18326,Regressão linear,2,215000.0,307929.87153978285
19157,Regressão linear,2,435500.0,460163.0819067185
19638,Regressão linear,2,834950.0,756195.9777285609
20088,Regressão linear,2,389000.0,361747.10132544
20527,Regressão linear,2,1898000.0,1612100.525914084
21561,Regressão linear,2,750000.0,1036767.746869667
173,Regressão linear,2,917500.0,1058316.6131039448
1347,Regressão linear,2,735000.0,766027.089778859
1670,Regressão linear,2,635000.0,790547.7939562199
1710,Regressão linear,2,453000.0,318838.84466165793
1874,Regressão linear,2,348000.0,347736.5674679511
1899,Regressão linear,2,330000.0,254569.00351721104
2480,Regressão linear,2,432500.0,429543.1927586895
2520,Regressão linear,2,415000.0,561271.7736916309
3127,Regressão linear,2,176500.0,-15522.810394943052
3492,Regressão linear,2,790000.0,656333.8968597633
4136,Regressão linear,2,700000.0,812205.5761376922
4153,Regressão linear,2,435000.0,463696.04901628057
5041,Regressão linear,2,440000.0,339253.60748676903
5259,Regressão linear,2,199990.0,16634.39396081009
5757,Regressão linear,2,365000.0,243164.74246784163
6031,Regressão linear,2,300000.0,387452.0033318075
6328,Regressão linear,2,372000.0,339269.82939528965
7328,Regressão linear,2,345000.0,509812.566936499
7688,Regressão linear,2,404600.0,474861.9778127442
8540,Regressão linear,2,1590000.0,1346032.7314638924
8578,Regressão linear,2,560000.0,708368.1883439886
9085,Regressão linear,2,650000.0,1301376.9646732504
9348,Regressão linear,2,465000.0,753733.2385186902
9358,Regressão linear,2,356000.0,323991.4975872671
9859,Regressão linear,2,450000.0,392550.8561105018
10121,Regressão linear,2,749950.0,662208.313901732
10788,Regressão linear,2,200000.0,184120.16805688696
10809,Regressão linear,2,218500.0,135616.8123512003
11166,Regressão linear,2,463000.0,573789.4084829799
11187,Regressão linear,2,674000.0,605403.6398093046
12072,Regressão linear,2,605000.0,822383.1142342552
12824,Regressão linear,2,291970.0,34536.948212611955
15158,Regressão linear,2,1950000.0,1736228.2811552107
15254,Regressão linear,2,910000.0,1055840.0445942264
15438,Regressão linear,2,278226.0,393220.88851040683
15623,Regressão linear,2,375000.0,403048.5472956802
15868,Regressão linear,2,570000.0,853432.0797653352
16009,Regressão linear,2,775000.0,924886.1083584465
16271,Regressão linear,2,341000.0,413797.28446432133
16296,Regressão linear,2,620000.0,802081.672103275
17353,Regressão linear,2,919000.0,1082432.048229221
17500,Regressão linear,2,115000.0,75000.93318593298
17540,Regressão linear,2,447500.0,422405.2296585598
17687,Regressão linear,2,479000.0,380370.8491323511
19091,Regressão linear,2,745000.0,1171552.661705297
19322,Regressão linear,2,820000.0,815555.2008883201
20101,Regressão linear,2,550000.0,649424.6449761239
20254,Regressão linear,2,278000.0,338501.8877014357
20424,Regressão linear,2,471500.0,429111.6264724704
20961,Regressão linear,2,389700.0,377430.7678486225
21311,Regressão linear,2,539900.0,494091.770440245
21611,Regressão linear,2,400000.0,387771.13372681994
14862,Regressão linear,2,235000.0,154555.74422542402
2117,Regressão linear,2,339900.0,406599.8145445809
3887,Regressão linear,2,425000.0,496882.3317143776
7769,Regressão linear,2,855000.0,1147897.2679202065
12720,Regressão linear,2,243000.0,208065.86577516553
14745,Regressão linear,2,355000.0,359522.5523598549
19701,Regressão linear,2,657000.0,545207.408172224
20585,Regressão linear,2,552500.0,647509.217976253
921,Regressão linear,2,342000.0,287087.54092282
939,Regressão linear,2,350000.0,367341.63739538955
1755,Regressão linear,2,545000.0,709603.6194043427
2827,Regressão linear,2,864000.0,921431.6980559966
3276,Regressão linear,2,456500.0,479068.4089382363
4026,Regressão linear,2,290000.0,373641.35645106016
4732,Regressão linear,2,545000.0,554984.2470427529
5805,Regressão linear,2,535000.0,563474.5654401978
6081,Regressão linear,2,670000.0,578695.0918891145
6595,Regressão linear,2,445000.0,486670.6185140422
7547,Regressão linear,2,165000.0,164479.83932907437
7582,Regressão linear,2,299000.0,278578.2577026033
7595,Regressão linear,2,300000.0,194689.46964465705
7636,Regressão linear,2,190000.0,-45003.22933628026
7925,Regressão linear,2,537000.0,506604.793459459
8059,Regressão linear,2,760000.0,740400.1973592611
8353,Regressão linear,2,775000.0,682805.0819393644
8907,Regressão linear,2,259950.0,159392.01076451404
8930,Regressão linear,2,199950.0,265493.46318489395
9400,Regressão linear,2,197200.0,151820.04172243382
9709,Regressão linear,2,348000.0,329046.4614324418
9770,Regressão linear,2,831000.0,776642.7416542473
10078,Regressão linear,2,520000.0,568496.1056252178
12339,Regressão linear,2,415000.0,154753.19618808338
12921,Regressão linear,2,539000.0,320030.21343766723
13276,Regressão linear,2,905000.0,950099.1658593537
13406,Regressão linear,2,538000.0,525726.5633567357
13574,Regressão linear,2,436000.0,468164.9552563294
13781,Regressão linear,2,585000.0,711106.6783169019
14109,Regressão linear,2,274950.0,196721.16772671812
14850,Regressão linear,2,389000.0,369354.6830594435
15017,Regressão linear,2,615000.0,643559.2879953762
15659,Regressão linear,2,420000.0,497758.7308155274
15872,Regressão linear,2,596000.0,511287.72552815825
16978,Regressão linear,2,316000.0,294082.03611676826
17148,Regressão linear,2,204250.0,260168.03625926372
17826,Regressão linear,2,170000.0,260941.60403930373
17878,Regressão linear,2,560000.0,478326.0219954618
18188,Regressão linear,2,1000000.0,764347.447314714
19182,Regressão linear,2,279000.0,308886.2850932422
19897,Regressão linear,2,545000.0,500047.5341766451
20648,Regressão linear,2,524225.0,562914.0565834123
20719,Regressão linear,2,440000.0,534578.2323449285
20904,Regressão linear,2,519990.0,419340.29658879567
21076,Regressão linear,2,544000.0,413926.85743252956
21489,Regressão linear,2,352500.0,383721.2249266963
383,Regressão linear,2,560000.0,600707.7019141782
637,Regressão linear,2,245000.0,230981.1039293153
662,Regressão linear,2,475000.0,346307.76878889307
757,Regressão linear,2,1310000.0,1312044.0444442916
783,Regressão linear,2,715000.0,627424.3228113111
978,Regressão linear,2,216000.0,161039.06120601622
2096,Regressão linear,2,383000.0,441802.0294665012
3743,Regressão linear,2,312500.0,306255.2721435779
3856,Regressão linear,2,535000.0,698942.1806862648
4135,Regressão linear,2,625000.0,778023.2039920602
4185,Regressão linear,2,393500.0,396938.1603925859
4752,Regressão linear,2,219000.0,207591.5138973998
4952,Regressão linear,2,452000.0,424435.4837944496
5571,Regressão linear,2,334000.0,352916.96328578866
5851,Regressão linear,2,900000.0,892442.180287035
5997,Regressão linear,2,152000.0,164159.82771097682
6687,Regressão linear,2,350000.0,261917.03528034262
8123,Regressão linear,2,220000.0,176364.54323389768
8209,Regressão linear,2,621500.0,620183.1298048048
8349,Regressão linear,2,455000.0,380469.758642436
8441,Regressão linear,2,245000.0,131376.82518781954
8835,Regressão linear,2,410000.0,357251.36288927216
9115,Regressão linear,2,682500.0,715383.9593200833
9168,Regressão linear,2,353000.0,373481.54214020265
9342,Regressão linear,2,340000.0,350557.9728546173
10444,Regressão linear,2,455000.0,734809.3063430655
11020,Regressão linear,2,375000.0,353060.8126350598
11502,Regressão linear,2,319000.0,336533.76556549256
11656,Regressão linear,2,272000.0,180016.2904288739
11682,Regressão linear,2,205000.0,163513.00690034192
13637,Regressão linear,2,439000.0,358569.478790861
14180,Regressão linear,2,315000.0,168402.97384357586
14241,Regressão linear,2,140000.0,174112.0646371635
14377,Regressão linear,2,585000.0,592394.0693903621
15454,Regressão linear,2,464550.0,614696.562713051
15494,Regressão linear,2,290000.0,386384.1338234341
15865,Regressão linear,2,464000.0,457093.1807009662
16413,Regressão linear,2,760000.0,1050109.7168163129
16637,Regressão linear,2,222500.0,117881.98932569753
16711,Regressão linear,2,795000.0,679611.6539665537
16808,Regressão linear,2,620000.0,580841.27811748
17246,Regressão linear,2,1288000.0,1270684.7107483342
17844,Regressão linear,2,1375000.0,852058.3819331578
18361,Regressão linear,2,212000.0,199439.51693411515
18620,Regressão linear,2,270000.0,225045.28521242656
18821,Regressão linear,2,419000.0,382619.0660272486
19409,Regressão linear,2,205000.0,106130.46336790663
19707,Regressão linear,2,885000.0,761925.399012238
19756,Regressão linear,2,385000.0,436836.8157472049
19824,Regressão linear,2,730000.0,623118.0229809975
19936,Regressão linear,2,541000.0,495049.1902094977
20184,Regressão linear,2,1312000.0,1309946.207181329
20242,Regressão linear,2,392440.0,405285.17245944304
20857,Regressão linear,2,555000.0,477535.7271984428
20953,Regressão linear,2,427000.0,530881.8255521504
810,Regressão linear,2,345000.0,404549.19675670733
1027,Regressão linear,2,315000.0,299283.2128125443
1796,Regressão linear,2,780000.0,731457.8083823738
2813,Regressão linear,2,157500.0,88771.68733964418
2934,Regressão linear,2,380000.0,401245.80222017993
4033,Regressão linear,2,325000.0,412451.8290912362
4706,Regressão linear,2,333000.0,263532.8696915974
5271,Regressão linear,2,657500.0,646209.2148367823
6940,Regressão linear,2,225000.0,258767.57267626165
7208,Regressão linear,2,170000.0,229849.23927156586
7465,Regressão linear,2,305000.0,409183.8738722894
7589,Regressão linear,2,367500.0,381406.2823360818
7630,Regressão linear,2,507200.0,632278.5956430143
7877,Regressão linear,2,360000.0,350544.2978471265
8047,Regressão linear,2,1195000.0,967095.3770866205
8146,Regressão linear,2,865000.0,796170.6975140192
8527,Regressão linear,2,610000.0,813526.0300287389
9717,Regressão linear,2,400000.0,397943.13763002434
9795,Regressão linear,2,263500.0,299340.81887788756
10910,Regressão linear,2,360000.0,503230.5463160044
11103,Regressão linear,2,289950.0,270269.25245178246
11161,Regressão linear,2,422250.0,420386.8903906587
11900,Regressão linear,2,435000.0,372439.60168505233
11935,Regressão linear,2,260250.0,239752.19789340266
12902,Regressão linear,2,374950.0,290401.37304528436
12949,Regressão linear,2,329950.0,280325.75959988195
13187,Regressão linear,2,626000.0,750445.5786364407
13378,Regressão linear,2,810000.0,880262.02296574
13405,Regressão linear,2,781000.0,753380.7318694275
13936,Regressão linear,2,372000.0,576047.149371617
14114,Regressão linear,2,275000.0,268512.4825607765
14157,Regressão linear,2,1103990.0,1037135.120186901
14218,Regressão linear,2,320000.0,355941.7408459116
14309,Regressão linear,2,577000.0,595813.0343313807
14367,Regressão linear,2,490000.0,223442.59480730354
14524,Regressão linear,2,485000.0,464956.8570533711
15465,Regressão linear,2,610000.0,607617.0958889136
15666,Regressão linear,2,500000.0,649148.9983585665
16096,Regressão linear,2,465000.0,553960.959731122
17471,Regressão linear,2,650500.0,996725.7449791827
17514,Regressão linear,2,650000.0,724645.1832219246
18025,Regressão linear,2,536000.0,636116.8719023087
18626,Regressão linear,2,1050000.0,1171763.9346828307
18663,Regressão linear,2,535000.0,435300.412375265
19190,Regressão linear,2,935000.0,852511.279934315
19198,Regressão linear,2,699999.0,729075.2845686625
19473,Regressão linear,2,370000.0,312313.8882012295
19858,Regressão linear,2,2700000.0,1976364.9654271177
571,Regressão linear,2,720000.0,851357.6831073586
745,Regressão linear,2,560000.0,618312.2234058868
1065,Regressão linear,2,550000.0,773720.1994310126
1385,Regressão linear,2,250000.0,548265.2473417378
2282,Regressão linear,2,429500.0,440864.7230922762
2784,Regressão linear,2,340000.0,551503.9679781863
3508,Regressão linear,2,695000.0,625751.4605975329
3511,Regressão linear,2,418500.0,330428.93620955426
3592,Regressão linear,2,478000.0,556773.8316579356
4043,Regressão linear,2,580000.0,486778.22675226966
4048,Regressão linear,2,227064.0,374051.4947869857
4331,Regressão linear,2,480000.0,564770.6084124367
4845,Regressão linear,2,261000.0,299547.2828556823
5185,Regressão linear,2,243500.0,206188.1041596152
5283,Regressão linear,2,410000.0,416749.620384053
5450,Regressão linear,2,259950.0,219044.9658767533
5882,Regressão linear,2,200000.0,98191.8174469624
6040,Regressão linear,2,282510.0,140386.3291195286
6155,Regressão linear,2,239975.0,287756.0316479137
6648,Regressão linear,2,400000.0,465812.58954176307
6694,Regressão linear,2,509990.0,267653.523293717
7248,Regressão linear,2,510000.0,454320.8703859968
7417,Regressão linear,2,459000.0,446983.78253971366
9028,Regressão linear,2,625000.0,560663.741355102
9586,Regressão linear,2,563250.0,509723.8671952486
9878,Regressão linear,2,264500.0,246385.4794188983
10158,Regressão linear,2,460000.0,580938.2248491426
10632,Regressão linear,2,563225.0,920298.9201373733
12127,Regressão linear,2,299500.0,250514.27623041015
12274,Regressão linear,2,480000.0,539042.0674149122
12924,Regressão linear,2,782000.0,928939.9412687579
13182,Regressão linear,2,600000.0,604564.1130020005
13269,Regressão linear,2,290000.0,313961.2943034148
14320,Regressão linear,2,495000.0,527185.6843368346
14534,Regressão linear,2,760000.0,835060.3159024245
14652,Regressão linear,2,760000.0,808290.5909054158
15528,Regressão linear,2,615000.0,436899.1192677394
15790,Regressão linear,2,162500.0,177632.2088516462
17065,Regressão linear,2,225000.0,76336.03510148608
17269,Regressão linear,2,625000.0,520182.5353338028
18242,Regressão linear,2,480000.0,545712.0530276147
19695,Regressão linear,2,250000.0,186152.07061587553
19740,Regressão linear,2,585000.0,552779.3403289941
19881,Regressão linear,2,952990.0,908249.7351777551
20314,Regressão linear,2,255000.0,142882.52461938004
20471,Regressão linear,2,1800000.0,1645647.610433232
21275,Regressão linear,2,950000.0,1117042.4788107804
21577,Regressão linear,2,579000.0,562994.4501442295
15,Regressão linear,3,650000.0,864114.4414933089
3116,Regressão linear,3,900000.0,878144.7174947414
5412,Regressão linear,3,530000.0,929565.5398894533
14370,Regressão linear,3,615000.0,657487.6253331043
9643,Regressão linear,3,550000.0,615121.9382652174
12702,Regressão linear,3,575000.0,578135.753482021
20814,Regressão linear,3,312000.0,297623.85024701385
134,Regressão linear,3,675000.0,688058.3761853474
352,Regressão linear,3,315000.0,296036.5192443816
1016,Regressão linear,3,520000.0,443692.4942785419
2121,Regressão linear,3,594000.0,492950.31347071636
2684,Regressão linear,3,315500.0,312872.7178654092
3574,Regressão linear,3,230000.0,144277.93392589252
4489,Regressão linear,3,716000.0,703112.0842178729
5261,Regressão linear,3,440000.0,512978.578395089
5442,Regressão linear,3,805000.0,536278.2684397096
5781,Regressão linear,3,625700.0,676010.5905403811
5916,Regressão linear,3,170000.0,154087.17169702426
5955,Regressão linear,3,285000.0,236648.13580063038
6050,Regressão linear,3,295000.0,327846.9924617473
6178,Regressão linear,3,769000.0,789789.8805159403
6412,Regressão linear,3,750000.0,909167.9409585054
6895,Regressão linear,3,225000.0,173806.38292750967
7947,Regressão linear,3,251000.0,287187.81519582897
8091,Regressão linear,3,315000.0,299358.6974766322
8137,Regressão linear,3,345000.0,345975.7343407828
8227,Regressão linear,3,722800.0,1084548.3134789506
8375,Regressão linear,3,1250000.0,1111303.8259753326
8776,Regressão linear,3,438000.0,627105.2400019357
8779,Regressão linear,3,380000.0,424446.7888552969
8905,Regressão linear,3,840000.0,749886.2556154708
8986,Regressão linear,3,450000.0,583373.4330925663
9274,Regressão linear,3,1680000.0,1645532.6641970393
9678,Regressão linear,3,432000.0,493357.90539092914
10672,Regressão linear,3,575000.0,466424.8023670346
10771,Regressão linear,3,600000.0,527294.4871532046
11382,Regressão linear,3,233000.0,271209.46660488425
11813,Regressão linear,3,364900.0,578802.0413302373
11970,Regressão linear,3,484000.0,432112.7225891826
13554,Regressão linear,3,252000.0,311581.6407307913
13778,Regressão linear,3,537500.0,867738.0596653791
13954,Regressão linear,3,733000.0,730289.5453829438
14051,Regressão linear,3,389000.0,396845.2992516232
15367,Regressão linear,3,650000.0,772939.4191623951
15374,Regressão linear,3,340000.0,513959.8032307752
15624,Regressão linear,3,388000.0,395262.0059846709
15802,Regressão linear,3,449000.0,441046.2605343494
16401,Regressão linear,3,578000.0,613036.5296922972
17481,Regressão linear,3,440000.0,608546.2760253707
17854,Regressão linear,3,610000.0,828721.6261364853
17911,Regressão linear,3,415000.0,583283.2287082768
19046,Regressão linear,3,925000.0,1009297.950392936
19884,Regressão linear,3,350000.0,300701.10680384794
21604,Regressão linear,3,429000.0,422291.32821530814
242,Regressão linear,3,455000.0,497722.1000689374
276,Regressão linear,3,450000.0,532736.4563853061
492,Regressão linear,3,232000.0,212371.05035192857
578,Regressão linear,3,530000.0,481120.8991298855
677,Regressão linear,3,188000.0,166099.8527071571
1083,Regressão linear,3,490000.0,688305.1583781537
1325,Regressão linear,3,110000.0,44675.71747942228
1894,Regressão linear,3,1575000.0,1390356.9424071228
2001,Regressão linear,3,280000.0,200407.42226886342
2375,Regressão linear,3,469000.0,484623.67426674726
2858,Regressão linear,3,1835000.0,1419237.732555272
3019,Regressão linear,3,202000.0,180049.04077093044
3027,Regressão linear,3,273500.0,237980.98564971535
3193,Regressão linear,3,315000.0,271271.1565595493
3269,Regressão linear,3,805500.0,947124.7570355696
3392,Regressão linear,3,122000.0,20005.83259168116
3404,Regressão linear,3,726000.0,697884.8429518918
3539,Regressão linear,3,621500.0,488455.57203823177
4939,Regressão linear,3,359000.0,409702.29863797175
4944,Regressão linear,3,625000.0,313200.163924393
5148,Regressão linear,3,994900.0,918382.2094778806
5428,Regressão linear,3,680000.0,605820.8475413071
5688,Regressão linear,3,265000.0,399171.7536934763
5761,Regressão linear,3,215000.0,262234.2312865994
6350,Regressão linear,3,270000.0,228313.49745642563
6438,Regressão linear,3,322000.0,278777.69528966036
6782,Regressão linear,3,398500.0,430780.14036054077
6815,Regressão linear,3,473975.0,558049.488035661
7010,Regressão linear,3,465000.0,458133.110210042
8194,Regressão linear,3,365000.0,204245.93101232132
8463,Regressão linear,3,330000.0,361151.2297218776
8483,Regressão linear,3,799990.0,842820.2780697701
9197,Regressão linear,3,405000.0,374967.3693874333
9411,Regressão linear,3,678500.0,470274.24923730607
9858,Regressão linear,3,1100000.0,1063553.1713118139
10269,Regressão linear,3,480000.0,480056.4956337228
11015,Regressão linear,3,186000.0,126273.89434320806
11167,Regressão linear,3,750000.0,1329682.4893515487
11188,Regressão linear,3,442250.0,436676.2341554568
11467,Regressão linear,3,615000.0,660809.094047846
11476,Regressão linear,3,265000.0,388980.9282909963
12043,Regressão linear,3,857500.0,1034561.1162140355
12221,Regressão linear,3,474950.0,451819.14630485023
12240,Regressão linear,3,350000.0,268865.20948668453
12809,Regressão linear,3,335000.0,430321.95636681357
14769,Regressão linear,3,550000.0,544148.3044242106
15145,Regressão linear,3,600000.0,797827.6433124791
15439,Regressão linear,3,340000.0,589036.4134460486
15981,Regressão linear,3,230000.0,107501.35136799398
16693,Regressão linear,3,324950.0,321812.3157770319
17328,Regressão linear,3,2225000.0,1158043.412775067
18360,Regressão linear,3,337000.0,420454.6007330771
19186,Regressão linear,3,500000.0,359014.66907909536
19784,Regressão linear,3,679950.0,521624.89763654774
19959,Regressão linear,3,572800.0,652706.275469152
19969,Regressão linear,3,850000.0,985282.7126860445
21170,Regressão linear,3,235245.0,264185.72784747893
83,Regressão linear,3,356000.0,380343.9818596081
459,Regressão linear,3,255000.0,185308.3533706381
496,Regressão linear,3,725000.0,709544.3341949387
1428,Regressão linear,3,914600.0,896364.9544404567
2219,Regressão linear,3,398000.0,550721.0200015458
2844,Regressão linear,3,282000.0,216073.44075275637
2933,Regressão linear,3,276000.0,318251.774232002
3062,Regressão linear,3,156000.0,32254.630265442713
3198,Regressão linear,3,210000.0,76187.14151673089
3802,Regressão linear,3,225000.0,187083.58698458876
4774,Regressão linear,3,275000.0,268614.8181201312
5218,Regressão linear,3,260000.0,134287.99916390315
5322,Regressão linear,3,530000.0,647872.4324572404
5326,Regressão linear,3,774000.0,725085.8573781298
5666,Regressão linear,3,1600000.0,1720481.6492697997
6310,Regressão linear,3,310650.0,318050.71666137804
6370,Regressão linear,3,215000.0,168772.38893760345
6946,Regressão linear,3,649950.0,853056.5746726631
7293,Regressão linear,3,279900.0,196597.5865987854
8265,Regressão linear,3,350000.0,679783.9548114286
8741,Regressão linear,3,810000.0,818746.9102662287
8971,Regressão linear,3,392800.0,507389.08816542436
9270,Regressão linear,3,585000.0,694540.3511792668
9532,Regressão linear,3,275000.0,384445.0262268986
9806,Regressão linear,3,357000.0,318065.2728067235
10344,Regressão linear,3,830000.0,840033.8688175537
10980,Regressão linear,3,545000.0,1008497.659707954
11119,Regressão linear,3,592000.0,649016.9199360174
11614,Regressão linear,3,311000.0,263846.57982482435
11723,Regressão linear,3,622000.0,759456.3532486246
11744,Regressão linear,3,400000.0,445432.652859653
11776,Regressão linear,3,238000.0,190009.64168561008
12036,Regressão linear,3,365000.0,347281.89964955975
12306,Regressão linear,3,196000.0,254195.7368871285
12641,Regressão linear,3,515000.0,412372.5499767547
13164,Regressão linear,3,425000.0,367416.5328614012
13282,Regressão linear,3,580000.0,556530.3144691065
13669,Regressão linear,3,375000.0,357549.0603723112
14171,Regressão linear,3,179500.0,56496.994215604675
14321,Regressão linear,3,691000.0,826797.1903748832
15166,Regressão linear,3,1755000.0,1355617.3805523722
15425,Regressão linear,3,466000.0,403410.07438488235
15614,Regressão linear,3,312000.0,218051.41940118975
15705,Regressão linear,3,276900.0,221170.72322784166
16195,Regressão linear,3,360000.0,379737.48602951894
17289,Regressão linear,3,1350000.0,977387.8726665379
17323,Regressão linear,3,379000.0,484994.6451245739
17666,Regressão linear,3,800000.0,960852.4712100158
17790,Regressão linear,3,296500.0,249997.21836778425
18094,Regressão linear,3,315000.0,412406.9039278774
18444,Regressão linear,3,358500.0,375927.7287706784
18588,Regressão linear,3,1100000.0,974568.5098419053
18813,Regressão linear,3,520000.0,568634.2359438916
18969,Regressão linear,3,665000.0,641382.8163788952
19211,Regressão linear,3,374500.0,280721.9967205294
20320,Regressão linear,3,385000.0,386517.26254123205
20517,Regressão linear,3,292000.0,273115.6339632621
20856,Regressão linear,3,399500.0,445844.7742289059
21408,Regressão linear,3,569888.0,504691.2085607359
1752,Regressão linear,3,480000.0,600779.2867927724
2544,Regressão linear,3,336800.0,340777.06572199677
2697,Regressão linear,3,184500.0,55835.922151128936
2707,Regressão linear,3,485000.0,528178.7294013791
2755,Regressão linear,3,410000.0,411693.5583128664
3194,Regressão linear,3,805000.0,777064.6192772852
3249,Regressão linear,3,625000.0,410567.9473302695
3292,Regressão linear,3,875000.0,957590.0965191138
4296,Regressão linear,3,156000.0,96468.73155376507
5052,Regressão linear,3,269950.0,226403.21853030805
6105,Regressão linear,3,440000.0,285052.3096599154
6448,Regressão linear,3,286000.0,187061.9617703637
6742,Regressão linear,3,495000.0,524947.6972128431
6931,Regressão linear,3,532000.0,466429.18380463455
7231,Regressão linear,3,1490000.0,1275590.9341060007
7331,Regressão linear,3,340500.0,447393.0969091566
7529,Regressão linear,3,487000.0,615003.3414685589
7634,Regressão linear,3,206000.0,142030.56274006475
7908,Regressão linear,3,329000.0,227992.60632540725
8949,Regressão linear,3,188000.0,138953.66579440865
10011,Regressão linear,3,530000.0,482543.3914346389
12145,Regressão linear,3,231000.0,80407.55105962913
12333,Regressão linear,3,615500.0,527026.4799009371
12574,Regressão linear,3,184000.0,73182.53796517965
12910,Regressão linear,3,429000.0,444791.471702548
13469,Regressão linear,3,652000.0,614831.8529683319
13571,Regressão linear,3,682000.0,819326.1864663973
13732,Regressão linear,3,322500.0,239126.72879786213
13820,Regressão linear,3,550000.0,512488.1244459406
13996,Regressão linear,3,160000.0,110309.95806383173
14449,Regressão linear,3,248000.0,20056.343848947086
14678,Regressão linear,3,168500.0,224576.55913838328
15264,Regressão linear,3,675000.0,733882.3622682551
18001,Regressão linear,3,300000.0,643936.2931009864
18215,Regressão linear,3,330950.0,343584.16646468785
18380,Regressão linear,3,200000.0,145436.68226601143
18438,Regressão linear,3,524000.0,516766.8310802027
19115,Regressão linear,3,283500.0,118411.93443289126
19659,Regressão linear,3,535000.0,498380.87890257814
20324,Regressão linear,3,310000.0,295050.852049312
20427,Regressão linear,3,262000.0,293135.35699444904
21239,Regressão linear,3,332000.0,284805.2366773887
21329,Regressão linear,3,375000.0,486192.6970548426
365,Regressão linear,3,465000.0,309796.5675552414
1619,Regressão linear,3,245000.0,189049.27451938813
2220,Regressão linear,3,257000.0,438236.0472091797
3187,Regressão linear,3,1400000.0,1268274.7063608856
3420,Regressão linear,3,465000.0,463940.3494075701
3775,Regressão linear,3,472500.0,660178.6155713897
6318,Regressão linear,3,250000.0,280903.40811047005
6518,Regressão linear,3,1339000.0,1103725.0519699473
6582,Regressão linear,3,536000.0,543412.4117585258
6683,Regressão linear,3,359000.0,344239.3843981681
7255,Regressão linear,3,350000.0,187574.80649718636
7765,Regressão linear,3,615000.0,550111.0470698047
8067,Regressão linear,3,825000.0,954152.851348163
8623,Regressão linear,3,325000.0,-81575.41900322912
8660,Regressão linear,3,318000.0,300276.37461260543
10172,Regressão linear,3,442000.0,523231.91863514343
11594,Regressão linear,3,544000.0,655164.8940964297
12155,Regressão linear,3,667000.0,671092.6639685876
12296,Regressão linear,3,185900.0,11415.114415964053
12464,Regressão linear,3,502775.0,443835.3629639063
13020,Regressão linear,3,2300000.0,1332322.6468810728
13411,Regressão linear,3,2415000.0,2184014.676939301
14152,Regressão linear,3,662500.0,678259.3139300174
16054,Regressão linear,3,330000.0,494898.9905616938
16199,Regressão linear,3,1285000.0,1023673.1980923618
16242,Regressão linear,3,323400.0,279092.4115545391
16773,Regressão linear,3,1920000.0,1863908.8896573405
17636,Regressão linear,3,418000.0,373399.7592527228
17903,Regressão linear,3,715000.0,882565.6832550645
18134,Regressão linear,3,330000.0,432438.0104070483
18251,Regressão linear,3,339900.0,218739.9714813365
18656,Regressão linear,3,665000.0,615247.2196401528
20013,Regressão linear,3,245000.0,316814.7305328048
20130,Regressão linear,3,252000.0,343256.5590089133
21568,Regressão linear,3,1700000.0,1483526.3720262856
13358,Regressão linear,3,690000.0,769067.6990629486
18014,Regressão linear,3,301500.0,234765.806046265
20158,Regressão linear,3,205000.0,165363.05078348308
323,Regressão linear,3,240000.0,171747.69884354091
507,Regressão linear,3,442000.0,392753.9290294735
758,Regressão linear,3,856600.0,816692.2486860616
972,Regressão linear,3,397500.0,477130.0347999063
1055,Regressão linear,3,935000.0,1500478.1743165953
1076,Regressão linear,3,310000.0,351701.66516119795
1321,Regressão linear,3,455000.0,313077.0914049448
2102,Regressão linear,3,279000.0,119067.70042355265
2103,Regressão linear,3,583500.0,548325.934209581
2879,Regressão linear,3,334000.0,318516.0396996774
2899,Regressão linear,3,3000000.0,1836970.9861618332
3330,Regressão linear,3,253000.0,217882.0509473021
3523,Regressão linear,3,700000.0,950574.3938707308
3710,Regressão linear,3,361000.0,243063.54071130502
3831,Regressão linear,3,399950.0,379147.6177550943
5337,Regressão linear,3,474000.0,456006.86128597835
5347,Regressão linear,3,335000.0,346227.35061627574
5552,Regressão linear,3,540400.0,527551.2034724442
5727,Regressão linear,3,675000.0,569247.3626158194
6212,Regressão linear,3,510000.0,599234.4847408046
6898,Regressão linear,3,336000.0,276660.19516326836
7187,Regressão linear,3,495000.0,482509.36966763367
7696,Regressão linear,3,762000.0,717593.1030327169
8065,Regressão linear,3,287500.0,320569.8658769863
10298,Regressão linear,3,375000.0,291505.4588308842
10546,Regressão linear,3,209000.0,24386.38571327174
11172,Regressão linear,3,592500.0,702126.5030954699
11234,Regressão linear,3,431000.0,451218.3236173494
12092,Regressão linear,3,299000.0,289434.17889460357
12259,Regressão linear,3,359950.0,346355.6599186225
12710,Regressão linear,3,218000.0,340651.5921263491
12798,Regressão linear,3,360000.0,461032.4843117051
14196,Regressão linear,3,490000.0,633485.2171764651
15174,Regressão linear,3,612125.0,694274.8407097117
15179,Regressão linear,3,500000.0,439324.6797076592
15474,Regressão linear,3,225900.0,168904.92570223025
15524,Regressão linear,3,519000.0,619541.8445026126
16430,Regressão linear,3,1750000.0,1496392.1760544376
16619,Regressão linear,3,338500.0,108549.48598836799
16753,Regressão linear,3,277500.0,212720.28228496783
17472,Regressão linear,3,960000.0,1134508.0353842648
17702,Regressão linear,3,616750.0,579623.4075468006
20331,Regressão linear,3,442515.0,542705.4151855584
20488,Regressão linear,3,1289990.0,1070053.4179333448
20649,Regressão linear,3,424950.0,387192.2054962333
20665,Regressão linear,3,394950.0,339252.52971316996
21103,Regressão linear,3,598992.0,737763.721360924
21436,Regressão linear,3,255000.0,450747.42798696976
1715,Regressão linear,3,338000.0,448068.6287285267
1753,Regressão linear,3,368000.0,452183.28501316253
1848,Regressão linear,3,1569500.0,1692859.439166598
1925,Regressão linear,3,467000.0,429496.4743194253
2155,Regressão linear,3,535000.0,615469.5808024635
2260,Regressão linear,3,208000.0,130320.01204395643
3395,Regressão linear,3,369900.0,437311.81341395446
3481,Regressão linear,3,415000.0,522039.20881644415
3616,Regressão linear,3,280000.0,399630.42546124564
3781,Regressão linear,3,759000.0,860285.2124356014
3798,Regressão linear,3,680000.0,585529.0785456067
3828,Regressão linear,3,205000.0,125695.1549877841
3838,Regressão linear,3,348000.0,395104.9171946158
4102,Regressão linear,3,269950.0,117459.52455269976
4571,Regressão linear,3,527200.0,585624.3953054599
4847,Regressão linear,3,440000.0,549811.5326177427
5126,Regressão linear,3,299000.0,370388.7111945982
5316,Regressão linear,3,321027.0,456731.209107082
5400,Regressão linear,3,375000.0,377639.5891745905
5414,Regressão linear,3,290000.0,345202.1549883552
5544,Regressão linear,3,587000.0,567193.2847219518
6846,Regressão linear,3,765000.0,526693.3676870833
7902,Regressão linear,3,463000.0,335915.22999264766
8160,Regressão linear,3,511000.0,683970.255122391
8386,Regressão linear,3,408000.0,562776.7610171117
8424,Regressão linear,3,700000.0,772196.2168427715
8772,Regressão linear,3,895000.0,883449.8821639187
9222,Regressão linear,3,289000.0,226513.58448126703
11558,Regressão linear,3,804000.0,761546.6021284463
12408,Regressão linear,3,311600.0,228071.9011033299
12764,Regressão linear,3,450000.0,517422.49251044536
12964,Regressão linear,3,455500.0,473495.37977647956
13619,Regressão linear,3,427500.0,361371.3258318369
15447,Regressão linear,3,257000.0,189759.32462956183
15678,Regressão linear,3,335000.0,386876.2978855676
16062,Regressão linear,3,575000.0,618769.98168439
16254,Regressão linear,3,212000.0,168711.96342105625
17128,Regressão linear,3,153000.0,102952.35476125561
17336,Regressão linear,3,600000.0,813683.7164135283
18152,Regressão linear,3,845000.0,846285.9358811842
18616,Regressão linear,3,377000.0,349636.1288403381
19072,Regressão linear,3,425000.0,558664.0394424452
19943,Regressão linear,3,292500.0,323936.9175191484
20854,Regressão linear,3,690000.0,847396.2634063829
21425,Regressão linear,3,1050000.0,950228.4012436349
21501,Regressão linear,3,1150000.0,1006830.2668954787
601,Regressão linear,3,399950.0,437321.1323960337
1137,Regressão linear,3,225000.0,55461.72454468161
1391,Regressão linear,3,439000.0,432526.269070997
1462,Regressão linear,3,140000.0,92972.87222882913
1564,Regressão linear,3,610000.0,520704.1444325511
1713,Regressão linear,3,300000.0,200436.65367171838
2583,Regressão linear,3,675000.0,690884.7457359456
3270,Regressão linear,3,507250.0,444614.1354564094
3586,Regressão linear,3,1598890.0,1455210.5556404619
4389,Regressão linear,3,580000.0,490278.9308502642
4639,Regressão linear,3,360000.0,509381.12417586835
4906,Regressão linear,3,395000.0,316162.00334590016
5009,Regressão linear,3,419950.0,502339.0510278517
5413,Regressão linear,3,215000.0,269676.83640818147
5575,Regressão linear,3,245000.0,326571.9887935156
5579,Regressão linear,3,485000.0,526950.5701519282
5599,Regressão linear,3,350000.0,546166.4069597337
5879,Regressão linear,3,241000.0,54344.5723711538
6243,Regressão linear,3,1050000.0,816611.1803523885
6524,Regressão linear,3,254000.0,220113.90750752253
6834,Regressão linear,3,450000.0,553441.2688889105
7111,Regressão linear,3,419900.0,436636.43128890026
7115,Regressão linear,3,715000.0,768651.1530514708
7586,Regressão linear,3,256000.0,206506.13678567432
8014,Regressão linear,3,526750.0,484839.3438749317
8057,Regressão linear,3,550000.0,134483.69718504694
8063,Regressão linear,3,260000.0,283867.90764651465
8308,Regressão linear,3,317000.0,393106.22228555114
8913,Regressão linear,3,370000.0,434945.6942027709
9343,Regressão linear,3,582500.0,412345.6845717447
9502,Regressão linear,3,230000.0,146542.77479382572
10048,Regressão linear,3,252000.0,193537.65661509975
10765,Regressão linear,3,445500.0,410784.7693985133
10784,Regressão linear,3,710000.0,830723.6227061632
10869,Regressão linear,3,305000.0,368027.1867519353
10911,Regressão linear,3,294900.0,236821.00351803264
10953,Regressão linear,3,279900.0,284168.3111839493
11810,Regressão linear,3,429950.0,420676.22488792293
12772,Regressão linear,3,510000.0,561646.2077632274
13071,Regressão linear,3,2250000.0,1315210.909731737
13266,Regressão linear,3,450000.0,435054.2717711
14384,Regressão linear,3,476000.0,434309.4033983744
14986,Regressão linear,3,368750.0,333181.2637049403
15318,Regressão linear,3,334000.0,295444.3435931583
16146,Regressão linear,3,437400.0,632083.2522532402
16421,Regressão linear,3,424950.0,435947.9487230421
17836,Regressão linear,3,245000.0,254324.54870247687
18048,Regressão linear,3,548050.0,550397.9721650004
18421,Regressão linear,3,240000.0,199613.21567570826
19262,Regressão linear,3,959000.0,1316679.7151825216
20355,Regressão linear,3,657044.0,791048.8473441829
20572,Regressão linear,3,467000.0,411958.743156769
21026,Regressão linear,3,395000.0,542717.6988682447
53,Regressão linear,3,585000.0,559781.5972642539
207,Regressão linear,3,425000.0,403656.538253578
491,Regressão linear,3,370000.0,364785.2819775371
933,Regressão linear,3,299900.0,138045.81901327564
936,Regressão linear,3,378000.0,489717.2464902194
1074,Regressão linear,3,515000.0,738316.8146835183
1407,Regressão linear,3,345000.0,243253.53268436028
1493,Regressão linear,3,577000.0,725831.77290694
1768,Regressão linear,3,1175000.0,1056560.321002582
1957,Regressão linear,3,345000.0,490833.4765477009
3119,Regressão linear,3,380000.0,457200.61834839714
3136,Regressão linear,3,390000.0,390792.7271505665
3250,Regressão linear,3,240000.0,217476.66671397354
3443,Regressão linear,3,276000.0,220619.84277747024
4558,Regressão linear,3,160000.0,141789.31149193997
4694,Regressão linear,3,599900.0,450656.130245356
5559,Regressão linear,3,539950.0,566774.88410652
5561,Regressão linear,3,1150000.0,1164493.568380401
6539,Regressão linear,3,442500.0,490969.04273787217
7666,Regressão linear,3,219950.0,185376.84745725675
8008,Regressão linear,3,495500.0,716529.1669264905
8364,Regressão linear,3,414500.0,416444.7027723474
9046,Regressão linear,3,329800.0,272300.72628359124
9507,Regressão linear,3,490000.0,374205.50329090544
9703,Regressão linear,3,449000.0,408609.12217023765
9920,Regressão linear,3,535000.0,821122.4687198864
10145,Regressão linear,3,493500.0,542168.5063869611
10302,Regressão linear,3,464000.0,551125.1067102425
10811,Regressão linear,3,442500.0,345911.11043854925
10922,Regressão linear,3,215000.0,175018.7607969708
10962,Regressão linear,3,271000.0,347176.59296618204
12671,Regressão linear,3,686500.0,753291.1687267956
12911,Regressão linear,3,818000.0,1002219.0888085631
13077,Regressão linear,3,385000.0,394786.3557487589
13926,Regressão linear,3,240000.0,189136.37429238966
14618,Regressão linear,3,666000.0,537097.9958545892
15198,Regressão linear,3,426500.0,298429.8271257394
15498,Regressão linear,3,352900.0,384333.0903042147
15500,Regressão linear,3,360000.0,295187.1979175289
15824,Regressão linear,3,359900.0,544756.4821408533
15959,Regressão linear,3,222000.0,279514.58483778464
16534,Regressão linear,3,485000.0,422770.28636705095
16750,Regressão linear,3,800000.0,776967.1661680371
17263,Regressão linear,3,613500.0,613865.5812024476
17644,Regressão linear,3,239950.0,192359.03308346358
18047,Regressão linear,3,240000.0,281928.3422214971
18280,Regressão linear,3,750000.0,851738.19130253
19014,Regressão linear,3,717500.0,666979.2801360195
20274,Regressão linear,3,313200.0,236817.12676815214
20643,Regressão linear,3,640000.0,705185.4466865538
20804,Regressão linear,3,419900.0,445759.7978705957
607,Regressão linear,3,443500.0,306309.7306795358
1115,Regressão linear,3,262000.0,224594.74241303088
1134,Regressão linear,3,303000.0,224195.01736065006
1418,Regressão linear,3,530000.0,378467.5516710312
2197,Regressão linear,3,311750.0,265728.99932320276
2634,Regressão linear,3,590000.0,845982.754003816
2752,Regressão linear,3,856000.0,690716.781159748
3830,Regressão linear,3,414250.0,327840.77254706586
3884,Regressão linear,3,440000.0,776598.2308774021
4493,Regressão linear,3,393000.0,413065.0909600733
4757,Regressão linear,3,1465000.0,900168.9282982394
4919,Regressão linear,3,620000.0,657499.9088790138
5017,Regressão linear,3,219950.0,124109.00174910144
5686,Regressão linear,3,203000.0,98670.34871404484
5777,Regressão linear,3,225000.0,139025.18630069843
6010,Regressão linear,3,455000.0,359899.478049236
6354,Regressão linear,3,299900.0,239684.04624038457
6377,Regressão linear,3,800000.0,796502.3840562332
6392,Regressão linear,3,800000.0,1207160.0477815983
6446,Regressão linear,3,474905.0,396182.7352775722
6649,Regressão linear,3,750000.0,668698.535813561
6960,Regressão linear,3,475000.0,385651.49626134173
7179,Regressão linear,3,470000.0,272773.2347254694
7537,Regressão linear,3,410000.0,517750.8285954052
9139,Regressão linear,3,557510.0,568675.5162234155
9373,Regressão linear,3,259000.0,210031.8436686038
9418,Regressão linear,3,565000.0,569072.8347923585
9789,Regressão linear,3,900000.0,1055956.79329544
9790,Regressão linear,3,680200.0,668270.1343968874
9856,Regressão linear,3,629000.0,1080411.657231172
9869,Regressão linear,3,176000.0,181128.03110391262
10728,Regressão linear,3,360000.0,490563.0476879948
10810,Regressão linear,3,175000.0,86141.86013277795
11808,Regressão linear,3,225000.0,20432.156803629594
12346,Regressão linear,3,390000.0,327041.76204825495
12492,Regressão linear,3,475000.0,384228.4686551932
12497,Regressão linear,3,366400.0,331479.7521324066
13014,Regressão linear,3,365000.0,367532.4209753972
13340,Regressão linear,3,510000.0,507363.64236268215
14305,Regressão linear,3,848000.0,965129.2128704881
15326,Regressão linear,3,295000.0,280194.5998570217
16763,Regressão linear,3,829000.0,762124.187459969
17058,Regressão linear,3,637500.0,619425.1364003399
17382,Regressão linear,3,499950.0,446111.692400807
17647,Regressão linear,3,1550000.0,1404157.749558858
17744,Regressão linear,3,635000.0,889118.1312235598
17835,Regressão linear,3,555000.0,589115.469777684
19678,Regressão linear,3,425000.0,421606.2714801148
19860,Regressão linear,3,293467.0,242816.01179631668
20497,Regressão linear,3,599950.0,497562.6053272355
21035,Regressão linear,3,605000.0,533087.0181751371
4609,Regressão linear,3,293000.0,439970.3707171958
18247,Regressão linear,3,270000.0,280726.29965677345
19631,Regressão linear,3,380000.0,276566.11238338845
287,Regressão linear,3,405000.0,385126.2739890965
310,Regressão linear,3,834000.0,865520.471332191
774,Regressão linear,3,390000.0,413860.7572996827
946,Regressão linear,3,260000.0,161403.83565874136
1222,Regressão linear,3,130000.0,480510.4432278741
1282,Regressão linear,3,2260000.0,1473400.5056327027
2138,Regressão linear,3,400000.0,442561.2388676801
3475,Regressão linear,3,417000.0,641942.28634249
3729,Regressão linear,3,866500.0,698880.4265126061
4285,Regressão linear,3,215000.0,179184.14126115857
4300,Regressão linear,3,340000.0,269492.50275713636
5386,Regressão linear,3,214000.0,253724.65100553748
5509,Regressão linear,3,1086000.0,828329.329006329
6501,Regressão linear,3,1940000.0,2086213.0556600238
6573,Regressão linear,3,366000.0,419477.825895596
6809,Regressão linear,3,275000.0,198738.87244630168
7340,Regressão linear,3,565000.0,706482.4991250932
7542,Regressão linear,3,1050000.0,1070560.8722309778
8698,Regressão linear,3,500000.0,558995.7091746686
8774,Regressão linear,3,835000.0,752719.9644073439
8817,Regressão linear,3,465000.0,464948.4513582026
9417,Regressão linear,3,375000.0,921433.5079642459
9457,Regressão linear,3,411000.0,526200.4602612238
9458,Regressão linear,3,762500.0,787605.5288497806
9679,Regressão linear,3,1695000.0,1369359.1352146105
9819,Regressão linear,3,475000.0,514391.76741405483
9996,Regressão linear,3,262000.0,190730.31628559047
10185,Regressão linear,3,275000.0,378252.50348007237
10541,Regressão linear,3,1165000.0,1119429.2662384165
10895,Regressão linear,3,297262.0,240624.37436195574
11267,Regressão linear,3,1600000.0,1446736.4789951406
11567,Regressão linear,3,315000.0,289245.485148342
12272,Regressão linear,3,432500.0,499849.9039022473
12350,Regressão linear,3,1650000.0,1304664.7590867071
12534,Regressão linear,3,530000.0,676452.0791317117
12726,Regressão linear,3,485000.0,573516.953489111
13085,Regressão linear,3,599380.0,471165.0751641692
13583,Regressão linear,3,315000.0,208708.78313798338
13765,Regressão linear,3,216000.0,171239.06873172044
14812,Regressão linear,3,925000.0,948550.9318919823
14844,Regressão linear,3,220000.0,128061.1317590549
14846,Regressão linear,3,648000.0,629795.7637373267
15458,Regressão linear,3,208000.0,142523.57140295097
17135,Regressão linear,3,146000.0,104397.37123738608
17518,Regressão linear,3,265000.0,181493.32998222092
17932,Regressão linear,3,637000.0,670332.608880841
18074,Regressão linear,3,259000.0,302058.6420455613
18086,Regressão linear,3,925000.0,690575.7672415986
18847,Regressão linear,3,265000.0,270083.02605796943
19023,Regressão linear,3,565000.0,580731.674796279
19646,Regressão linear,3,348000.0,321387.9853957241
20313,Regressão linear,3,305000.0,273195.47223243193
20366,Regressão linear,3,635000.0,674185.7219211608
20631,Regressão linear,3,380000.0,415792.2886632539
21020,Regressão linear,3,450000.0,535233.2064617495
21346,Regressão linear,3,825750.0,734435.8851553942
175,Regressão linear,3,425000.0,444726.4744657148
489,Regressão linear,3,1280000.0,839217.8833058891
504,Regressão linear,3,280000.0,308728.16581544525
830,Regressão linear,3,595000.0,797240.9182871891
1091,Regressão linear,3,448000.0,342370.3500203154
1741,Regressão linear,3,372000.0,466608.6994694065
2082,Regressão linear,3,822500.0,892543.5654453253
2421,Regressão linear,3,525000.0,448570.7302826303
2489,Regressão linear,3,353000.0,443584.6810569415
2846,Regressão linear,3,593500.0,854867.853731749
2993,Regressão linear,3,604000.0,604916.3527072568
3682,Regressão linear,3,430000.0,587560.2657475845
4078,Regressão linear,3,940000.0,1613630.8834174029
4641,Regressão linear,3,898000.0,897320.5430910643
5748,Regressão linear,3,339000.0,492924.5073507681
6715,Regressão linear,3,602000.0,561092.2764601399
7346,Regressão linear,3,1525000.0,1549097.17802238
7357,Regressão linear,3,325000.0,343015.3212584645
7446,Regressão linear,3,277000.0,368948.4018610071
7884,Regressão linear,3,278800.0,404854.4679744744
7909,Regressão linear,3,634000.0,635460.9849367064
8228,Regressão linear,3,342888.0,209004.79125992215
9026,Regressão linear,3,565000.0,549806.2849647845
9249,Regressão linear,3,1115000.0,1034623.114695143
9498,Regressão linear,3,875000.0,920469.1304547393
9689,Regressão linear,3,280000.0,436020.24899689585
9702,Regressão linear,3,305000.0,267598.7121137562
10469,Regressão linear,3,1050000.0,815375.0221998019
10510,Regressão linear,3,250000.0,302680.5993084126
10818,Regressão linear,3,318000.0,298691.94909570034
10889,Regressão linear,3,435000.0,427514.1019919004
10896,Regressão linear,3,735000.0,604547.3603553624
11347,Regressão linear,3,535000.0,549310.4409066798
12688,Regressão linear,3,610000.0,408419.3189574112
12833,Regressão linear,3,599000.0,574907.9574909741
12942,Regressão linear,3,173000.0,222630.87403481084
13011,Regressão linear,3,600000.0,672494.444041154
13250,Regressão linear,3,1075000.0,1145020.81237575
13263,Regressão linear,3,466200.0,454088.93792867573
13990,Regressão linear,3,940000.0,934039.6581268586
15117,Regressão linear,3,345000.0,286412.291846753
15200,Regressão linear,3,615000.0,549185.9407674464
15693,Regressão linear,3,645000.0,712319.8204861948
15985,Regressão linear,3,447000.0,273301.84622470674
16557,Regressão linear,3,631000.0,436006.4895409426
17389,Regressão linear,3,525000.0,565315.5212296583
18022,Regressão linear,3,539950.0,567331.0712382436
18354,Regressão linear,3,545000.0,482378.63123847503
18669,Regressão linear,3,495000.0,539059.3949110082
19410,Regressão linear,3,620000.0,537032.1798836197
19668,Regressão linear,3,340000.0,537946.2551189322
20911,Regressão linear,3,526000.0,537691.0753619829
21112,Regressão linear,3,542300.0,606375.4646465671
21253,Regressão linear,3,671500.0,548448.3457762448
257,Regressão linear,3,315000.0,295635.59031145
873,Regressão linear,3,785000.0,873576.011664212
1513,Regressão linear,3,190000.0,156464.34857652627
1852,Regressão linear,3,386500.0,393055.178515795
1914,Regressão linear,3,411753.0,383249.2120728948
1931,Regressão linear,3,598800.0,918330.233352492
2120,Regressão linear,3,723000.0,699977.4097602952
2565,Regressão linear,3,1650000.0,1315619.2079756297
2909,Regressão linear,3,476000.0,443783.54290545627
3042,Regressão linear,3,362000.0,155930.0264995612
3334,Regressão linear,3,340000.0,443641.5483819658
3854,Regressão linear,3,756000.0,1105534.917687552
4123,Regressão linear,3,235000.0,230875.61531534855
4173,Regressão linear,3,1191000.0,1151692.276867493
4767,Regressão linear,3,600000.0,520612.4350349547
4905,Regressão linear,3,186000.0,144592.8252495195
5229,Regressão linear,3,760000.0,1066560.569923234
5479,Regressão linear,3,111300.0,99726.89508050698
6700,Regressão linear,3,468000.0,552604.1141948485
8701,Regressão linear,3,249950.0,171965.68593246548
9251,Regressão linear,3,660000.0,677791.8463238511
10367,Regressão linear,3,355000.0,399105.3586750021
10658,Regressão linear,3,417000.0,417661.0133694935
11249,Regressão linear,3,246900.0,221659.72837934623
11265,Regressão linear,3,257000.0,135350.05617270622
11463,Regressão linear,3,199000.0,255689.96151038288
11611,Regressão linear,3,550000.0,491621.7469344205
11757,Regressão linear,3,160000.0,285024.48518278234
12087,Regressão linear,3,249500.0,269367.49613419117
12722,Regressão linear,3,325000.0,144367.28767941304
13484,Regressão linear,3,447000.0,411880.50360003
13808,Regressão linear,3,300000.0,178067.38664764573
14323,Regressão linear,3,549010.0,547723.6066087068
14351,Regressão linear,3,319500.0,208006.79664985594
14517,Regressão linear,3,345000.0,369573.74767882697
15196,Regressão linear,3,550000.0,665497.9353724229
15598,Regressão linear,3,383000.0,613198.1739304056
15610,Regressão linear,3,140000.0,103696.27332095202
15776,Regressão linear,3,546000.0,293854.3056621739
16183,Regressão linear,3,480000.0,583302.9040909682
16261,Regressão linear,3,380000.0,314499.3185538456
16315,Regressão linear,3,267000.0,309328.14288114686
16379,Regressão linear,3,189000.0,197751.15736069085
16449,Regressão linear,3,822600.0,871346.0635372973
16540,Regressão linear,3,419625.0,563772.3804887886
17277,Regressão linear,3,220000.0,208474.80096534154
17477,Regressão linear,3,293000.0,88621.19327509357
18182,Regressão linear,3,900000.0,640881.5654603883
18356,Regressão linear,3,299950.0,215801.7793920441
18391,Regressão linear,3,230000.0,141947.602322396
18751,Regressão linear,3,259000.0,117610.24663028412
18833,Regressão linear,3,640500.0,532481.2720702207
18876,Regressão linear,3,1500000.0,1041909.6939219371
19287,Regressão linear,3,316000.0,251366.2539380531
19356,Regressão linear,3,454000.0,545953.1444763034
19720,Regressão linear,3,327555.0,391617.92964854155
19879,Regressão linear,3,909500.0,1045429.6450701721
20378,Regressão linear,3,889950.0,874606.2938676259
20689,Regressão linear,3,275000.0,160341.89388840034
20720,Regressão linear,3,287450.0,240505.20012789156
21217,Regressão linear,3,391000.0,352743.9798678602
245,Regressão linear,3,363000.0,516896.70967893355
414,Regressão linear,3,339000.0,529670.330075315
881,Regressão linear,3,200000.0,384162.1417860399
1451,Regressão linear,3,302000.0,267761.9171575582
1569,Regressão linear,3,797000.0,931446.0407945401
2624,Regressão linear,3,677100.0,683166.6532269989
2810,Regressão linear,3,175000.0,190521.3863462904
2994,Regressão linear,3,570000.0,741294.573655567
3761,Regressão linear,3,1905000.0,2409115.4593548845
4980,Regressão linear,3,860000.0,685342.5272053679
4981,Regressão linear,3,147200.0,192581.2314939112
5737,Regressão linear,3,325000.0,258172.15967896205
5848,Regressão linear,3,572500.0,586101.1483882674
6487,Regressão linear,3,410000.0,566533.831309584
6698,Regressão linear,3,185000.0,74713.45907047612
7093,Regressão linear,3,309000.0,243991.04507510134
7500,Regressão linear,3,614905.0,607129.6513198311
7577,Regressão linear,3,363000.0,322623.68552182964
8134,Regressão linear,3,565000.0,505989.3475190931
8174,Regressão linear,3,1625000.0,1411569.411973338
8311,Regressão linear,3,500000.0,524147.1825758595
8315,Regressão linear,3,542000.0,487595.41060233605
8435,Regressão linear,3,520000.0,487719.432397429
9163,Regressão linear,3,275000.0,83638.8109124768
11072,Regressão linear,3,290000.0,392862.66192377574
11154,Regressão linear,3,770000.0,1099765.0507679181
11493,Regressão linear,3,225000.0,161207.29878376803
11637,Regressão linear,3,178500.0,28059.363077745133
12160,Regressão linear,3,601500.0,636787.4400903689
12758,Regressão linear,3,505000.0,572456.1307292911
12767,Regressão linear,3,452500.0,413782.2523777152
13547,Regressão linear,3,250000.0,235069.73593034537
13668,Regressão linear,3,557000.0,499994.8496800014
14282,Regressão linear,3,660000.0,672132.0961545429
14705,Regressão linear,3,315000.0,289777.2166442462
15013,Regressão linear,3,265000.0,233080.20254827032
15258,Regressão linear,3,3065000.0,1639696.6328657647
15286,Regressão linear,3,1120280.0,984244.4848070644
15669,Regressão linear,3,570000.0,702709.6767523256
17040,Regressão linear,3,420000.0,334869.43538372905
18078,Regressão linear,3,363000.0,416212.8678798728
19320,Regressão linear,3,746000.0,995730.3483453916
19777,Regressão linear,3,2641100.0,1896366.463952594
19835,Regressão linear,3,695000.0,723529.3617806197
20447,Regressão linear,3,356999.0,431107.0673316214
20934,Regressão linear,3,880000.0,960028.789474209
21106,Regressão linear,3,380950.0,343905.6512562827
21164,Regressão linear,3,375900.0,369166.94005126815
38,Regressão linear,3,240000.0,47920.74769781361
471,Regressão linear,3,868700.0,1049594.2070489554
594,Regressão linear,3,360000.0,246272.3480588167
876,Regressão linear,3,147500.0,219155.61895405262
1129,Regressão linear,3,369000.0,413016.52282213216
1511,Regressão linear,3,390000.0,242729.8988749679
2013,Regressão linear,3,387500.0,319849.9849121128
2239,Regressão linear,3,205000.0,216220.8162032843
3066,Regressão linear,3,400000.0,379172.2102866402
3303,Regressão linear,3,334000.0,407762.87854555313
3607,Regressão linear,3,502500.0,451224.8281920067
3685,Regressão linear,3,641000.0,942496.489440401
3842,Regressão linear,3,576750.0,591594.8849178043
3882,Regressão linear,3,265000.0,172144.10595092375
3981,Regressão linear,3,310597.0,222868.76988390792
4061,Regressão linear,3,725000.0,770818.2790047625
4740,Regressão linear,3,190000.0,142155.2135498401
4770,Regressão linear,3,196900.0,76658.87852873933
5020,Regressão linear,3,798750.0,661272.081202022
6776,Regressão linear,3,425000.0,445494.1910399186
6832,Regressão linear,3,428000.0,444738.73084501224
6845,Regressão linear,3,607500.0,595112.2770543807
7024,Regressão linear,3,802500.0,525334.627160239
7392,Regressão linear,3,584999.0,459489.0161860596
8198,Regressão linear,3,610000.0,586402.8081622749
8614,Regressão linear,3,575700.0,577176.8303674991
9175,Regressão linear,3,1955000.0,1971376.8195717311
9490,Regressão linear,3,328000.0,304217.82514735684
9677,Regressão linear,3,607500.0,568046.1368475946
9722,Regressão linear,3,680000.0,784916.9468271997
9914,Regressão linear,3,1315000.0,1118809.089021917
10135,Regressão linear,3,338000.0,371911.9178388423
10207,Regressão linear,3,383150.0,371915.7513737192
10678,Regressão linear,3,269100.0,321723.10118429526
10966,Regressão linear,3,411500.0,320580.66030766256
11022,Regressão linear,3,467500.0,406612.4221481217
11062,Regressão linear,3,570000.0,381114.656702345
11216,Regressão linear,3,435000.0,563367.5398833671
11536,Regressão linear,3,550000.0,410406.65535527107
12245,Regressão linear,3,600000.0,544196.6299229173
12273,Regressão linear,3,432000.0,487723.5015827028
12941,Regressão linear,3,310000.0,259682.24794410035
13301,Regressão linear,3,241000.0,81714.53909279685
13703,Regressão linear,3,360500.0,348248.2414749269
13841,Regressão linear,3,355000.0,321625.3181094186
14040,Regressão linear,3,455000.0,409915.0094217428
14562,Regressão linear,3,279000.0,103398.9287717751
14991,Regressão linear,3,536000.0,505106.13033521594
15226,Regressão linear,3,678700.0,676956.4155599996
15280,Regressão linear,3,329000.0,172326.96840518364
15618,Regressão linear,3,605000.0,653853.654012107
15639,Regressão linear,3,334950.0,312733.299375194
15855,Regressão linear,3,312000.0,357565.6268285567
15943,Regressão linear,3,305000.0,318555.2881225664
16037,Regressão linear,3,660000.0,593469.6870243483
16071,Regressão linear,3,340000.0,335406.70709179476
16257,Regressão linear,3,311500.0,297514.20156891487
17473,Regressão linear,3,710000.0,706562.8084788071
17600,Regressão linear,3,1284000.0,1219024.2991284365
18373,Regressão linear,3,655000.0,633348.4843662876
18544,Regressão linear,3,625000.0,589690.7858299057
19010,Regressão linear,3,810000.0,1017449.9635878409
19081,Regressão linear,3,560000.0,536229.8266718672
19274,Regressão linear,3,685000.0,739876.2764228043
19811,Regressão linear,3,949990.0,975856.0197888404
19853,Regressão linear,3,318000.0,245312.01917207363
21264,Regressão linear,3,722000.0,521511.87264680536
21412,Regressão linear,3,334950.0,310777.91597913764
1392,Regressão linear,3,325000.0,277895.58030495374
11142,Regressão linear,3,605000.0,686327.5857831193
13078,Regressão linear,3,815000.0,841878.838086175
17236,Regressão linear,3,219000.0,173161.24955095688
4085,Regressão linear,3,555750.0,199255.78051049932
7069,Regressão linear,3,750000.0,791428.7102397217
7137,Regressão linear,3,510000.0,610461.6148943491
14373,Regressão linear,3,550700.0,665511.4847139905
18283,Regressão linear,3,425000.0,474578.41583084204
19370,Regressão linear,3,199900.0,242147.6700269538
51,Regressão linear,3,345000.0,577306.4169026059
305,Regressão linear,3,725000.0,933202.2197799243
1149,Regressão linear,3,75000.0,-202215.85299627716
1427,Regressão linear,3,470000.0,477383.9554442578
1758,Regressão linear,3,600000.0,606853.8660832598
1887,Regressão linear,3,410500.0,558545.3431824516
1923,Regressão linear,3,315000.0,334737.7136247586
2324,Regressão linear,3,437000.0,441496.80586560606
2422,Regressão linear,3,562000.0,545079.904285968
2854,Regressão linear,3,856000.0,795396.8417992753
2881,Regressão linear,3,149900.0,196563.2373180834
3041,Regressão linear,3,530000.0,647974.5759778128
3313,Regressão linear,3,428000.0,451232.7800556009
3440,Regressão linear,3,355000.0,306398.4532381864
3466,Regressão linear,3,749700.0,453001.19217833155
3565,Regressão linear,3,405000.0,325317.2726383729
3673,Regressão linear,3,464500.0,547314.4775600033
5042,Regressão linear,3,515000.0,494501.93323266186
5230,Regressão linear,3,532500.0,462632.1892304874
5773,Regressão linear,3,810000.0,1100119.554004256
6118,Regressão linear,3,325000.0,327502.3970658957
6201,Regressão linear,3,275000.0,159493.46625727403
6283,Regressão linear,3,675000.0,698667.1416858819
6682,Regressão linear,3,325500.0,356676.16656087415
6933,Regressão linear,3,435000.0,261690.81431143283
7378,Regressão linear,3,323000.0,338755.2731276653
7475,Regressão linear,3,396480.0,239776.11958914986
7528,Regressão linear,3,290000.0,197945.29996170718
7926,Regressão linear,3,279950.0,243293.015169084
7999,Regressão linear,3,199000.0,168051.33147429954
9063,Regressão linear,3,439000.0,633741.4665675169
10512,Regressão linear,3,400000.0,435082.8465911499
10670,Regressão linear,3,547000.0,384984.204916105
11077,Regressão linear,3,630000.0,707270.2331358583
11134,Regressão linear,3,220000.0,254170.40532601922
11165,Regressão linear,3,850000.0,900130.661058616
11171,Regressão linear,3,319000.0,293562.7735922352
11489,Regressão linear,3,429900.0,374110.1069239431
11504,Regressão linear,3,398500.0,453404.52991399507
12289,Regressão linear,3,156601.0,186063.5090277553
12384,Regressão linear,3,570500.0,592485.0898332308
12602,Regressão linear,3,227490.0,287060.61170605285
12887,Regressão linear,3,340000.0,451778.76697925996
12950,Regressão linear,3,250000.0,180967.4827175624
12991,Regressão linear,3,350000.0,262543.7647381728
13091,Regressão linear,3,915000.0,1186076.397003835
13216,Regressão linear,3,579000.0,530337.2975676081
13387,Regressão linear,3,260000.0,297351.45592043025
14146,Regressão linear,3,590000.0,671528.8883644863
14248,Regressão linear,3,230000.0,228623.7959558324
14936,Regressão linear,3,335000.0,273571.74749411945
15867,Regressão linear,3,257500.0,244554.52414860146
15914,Regressão linear,3,325000.0,284351.96888984164
16001,Regressão linear,3,500000.0,386046.183352854
16174,Regressão linear,3,425000.0,532009.5343006823
16246,Regressão linear,3,400000.0,317494.7506185647
16532,Regressão linear,3,407000.0,377106.41444121033
16915,Regressão linear,3,137000.0,143284.9667375356
17521,Regressão linear,3,1200000.0,983560.778053701
17597,Regressão linear,3,565000.0,629970.7635191147
17765,Regressão linear,3,410000.0,375941.65205541044
17935,Regressão linear,3,590000.0,851957.3419505744
18628,Regressão linear,3,1600000.0,1284670.6798593756
19092,Regressão linear,3,279475.0,99363.08576780953
19165,Regressão linear,3,348125.0,323426.23196065216
19245,Regressão linear,3,403000.0,522609.9215946094
20318,Regressão linear,3,540000.0,441614.5441624361
20398,Regressão linear,3,539000.0,484367.61640662793
21528,Regressão linear,3,585000.0,557030.248776926
4,Regressão linear,3,510000.0,466138.6562353325
534,Regressão linear,3,204000.0,138600.93425491633
535,Regressão linear,3,358000.0,239182.2514394828
540,Regressão linear,3,2125000.0,2254147.2042910773
824,Regressão linear,3,431000.0,404285.054941336
904,Regressão linear,3,300000.0,228141.89107060764
1302,Regressão linear,3,285000.0,261287.89376001328
1626,Regressão linear,3,169317.0,811027.9155013826
1900,Regressão linear,3,330000.0,145661.0791057184
1920,Regressão linear,3,265000.0,171972.30151590923
2185,Regressão linear,3,700000.0,703068.8964797019
2327,Regressão linear,3,446500.0,609060.3159093809
2770,Regressão linear,3,604000.0,716861.0219768009
2773,Regressão linear,3,509250.0,543181.4986827591
3039,Regressão linear,3,2298000.0,1562671.8149511376
3224,Regressão linear,3,270000.0,370875.6311821666
3525,Regressão linear,3,277500.0,209365.43025896652
3642,Regressão linear,3,593700.0,509670.5426745154
3889,Regressão linear,3,341500.0,479218.5125050512
3894,Regressão linear,3,422500.0,286075.4221290979
4271,Regressão linear,3,394900.0,382580.92205914506
4784,Regressão linear,3,470000.0,468467.49702716555
4807,Regressão linear,3,437500.0,454669.07702927425
4864,Regressão linear,3,175000.0,348438.5402945176
5145,Regressão linear,3,529888.0,622137.8239532147
5268,Regressão linear,3,495000.0,534091.562143747
5482,Regressão linear,3,550000.0,649995.937324276
5868,Regressão linear,3,490000.0,563124.7857668228
5886,Regressão linear,3,1200000.0,1335774.1835993982
5925,Regressão linear,3,450000.0,329020.1449329969
6115,Regressão linear,3,310000.0,253753.0775382721
6560,Regressão linear,3,475000.0,506571.27739169856
7314,Regressão linear,3,295000.0,408917.14904085296
7317,Regressão linear,3,286000.0,328069.82249910635
7820,Regressão linear,3,265000.0,196000.00143780973
7974,Regressão linear,3,285000.0,183466.9631779579
8040,Regressão linear,3,440000.0,439612.6557605377
8051,Regressão linear,3,590000.0,671349.8137800379
8104,Regressão linear,3,444950.0,309703.6115625547
8216,Regressão linear,3,555000.0,717798.2221473104
9664,Regressão linear,3,1093000.0,1123105.6082222634
9675,Regressão linear,3,460500.0,422560.3227725803
10128,Regressão linear,3,290000.0,168896.57398444996
10693,Regressão linear,3,280500.0,211584.1270153515
10712,Regressão linear,3,428000.0,490035.91616507206
10950,Regressão linear,3,665000.0,707366.5940792356
11243,Regressão linear,3,640000.0,765506.9824436528
11844,Regressão linear,3,770000.0,1408497.6137185798
11855,Regressão linear,3,1475000.0,1368040.9874466322
11881,Regressão linear,3,380000.0,341673.161493032
11917,Regressão linear,3,406250.0,522017.41199904133
12082,Regressão linear,3,325000.0,283707.7995135729
12369,Regressão linear,3,685000.0,924487.921746337
12500,Regressão linear,3,162000.0,200087.81151733344
12573,Regressão linear,3,370000.0,439087.4700442254
12653,Regressão linear,3,320000.0,304655.3005121385
12707,Regressão linear,3,245000.0,138687.97273970695
13317,Regressão linear,3,580000.0,590330.0154376694
13545,Regressão linear,3,896000.0,920695.9635708109
13560,Regressão linear,3,290000.0,305990.84028355137
13742,Regressão linear,3,325000.0,337607.5084812121
14813,Regressão linear,3,554000.0,540528.8346613175
14874,Regressão linear,3,234950.0,174643.42518480387
15680,Regressão linear,3,799990.0,808326.8294876519
16383,Regressão linear,3,415000.0,380420.37336725666
16486,Regressão linear,3,249500.0,175271.57389397194
16541,Regressão linear,3,435000.0,488012.01610406773
16706,Regressão linear,3,213500.0,385133.19763720257
17196,Regressão linear,3,425000.0,319329.8707297073
17291,Regressão linear,3,624900.0,560291.5902679667
17675,Regressão linear,3,325000.0,396956.91813387134
17725,Regressão linear,3,575000.0,514996.90119954245
17915,Regressão linear,3,227000.0,298414.96052155184
18254,Regressão linear,3,225000.0,363234.5076867543
18720,Regressão linear,3,475000.0,236332.3417810906
19185,Regressão linear,3,324950.0,334816.2249033613
19250,Regressão linear,3,260000.0,195203.42139868933
19281,Regressão linear,3,781500.0,810802.8447863079
19316,Regressão linear,3,221347.0,162530.8643213092
19547,Regressão linear,3,945000.0,899647.9711057376
19682,Regressão linear,3,720000.0,677804.4943725513
19733,Regressão linear,3,489000.0,593782.7630018055
19882,Regressão linear,3,622500.0,491355.48122652166
20828,Regressão linear,3,1900000.0,995101.1078255282
20924,Regressão linear,3,400000.0,269599.2826189557
21127,Regressão linear,3,365000.0,331512.93268764584
166,Regressão linear,3,269950.0,86299.09711587045
1221,Regressão linear,3,330000.0,370305.3608646637
1291,Regressão linear,3,170000.0,197392.264450666
1416,Regressão linear,3,241000.0,190228.79589225014
2300,Regressão linear,3,357000.0,502730.3083846946
2725,Regressão linear,3,298500.0,175029.58031515463
3108,Regressão linear,3,89950.0,45476.07760540687
3155,Regressão linear,3,700000.0,691544.5923046846
3389,Regressão linear,3,895000.0,609014.4332162284
4067,Regressão linear,3,373000.0,443802.15617965895
4274,Regressão linear,3,858000.0,983101.026555191
4541,Regressão linear,3,700000.0,598166.2066161756
4949,Regressão linear,3,329999.0,512759.95613358443
5133,Regressão linear,3,770000.0,836923.0601017498
5549,Regressão linear,3,630000.0,634987.7776113591
5735,Regressão linear,3,990400.0,1120916.6477170687
6597,Regressão linear,3,425000.0,457429.79993475863
6757,Regressão linear,3,415000.0,462798.54402568017
6810,Regressão linear,3,256400.0,148819.26238743047
6907,Regressão linear,3,655000.0,612256.4513590365
6943,Regressão linear,3,650000.0,647224.8124999034
6995,Regressão linear,3,385000.0,332820.53117744176
7210,Regressão linear,3,615000.0,689524.3639763836
7494,Regressão linear,3,841000.0,868629.008147455
7513,Regressão linear,3,435000.0,299820.05132756993
7530,Regressão linear,3,935000.0,467774.38003076846
7605,Regressão linear,3,518000.0,539089.5740204125
7744,Regressão linear,3,258000.0,218541.80846095952
7819,Regressão linear,3,250000.0,213409.5199152823
8203,Regressão linear,3,330000.0,316750.5699864729
8385,Regressão linear,3,751000.0,677906.322646509
8570,Regressão linear,3,189000.0,38975.62115070573
8595,Regressão linear,3,245000.0,235091.97565289246
8653,Regressão linear,3,289900.0,117277.1104480052
8708,Regressão linear,3,417200.0,428306.9869521968
9135,Regressão linear,3,570000.0,592628.9810349469
9224,Regressão linear,3,529000.0,598787.4301257513
9259,Regressão linear,3,485000.0,334260.3495541323
10020,Regressão linear,3,435000.0,351743.06200570613
10089,Regressão linear,3,383610.0,285353.58545692405
10336,Regressão linear,3,750000.0,763957.6790426014
11145,Regressão linear,3,877500.0,791528.230092633
12075,Regressão linear,3,156000.0,-36852.81639242335
12435,Regressão linear,3,340000.0,264195.4300345092
12691,Regressão linear,3,689000.0,694608.1554186349
13114,Regressão linear,3,535000.0,436413.65436304285
13126,Regressão linear,3,346000.0,198167.2105533543
13194,Regressão linear,3,245000.0,224570.60288207588
13382,Regressão linear,3,530000.0,521656.5573376164
13398,Regressão linear,3,461000.0,385533.6188507681
13722,Regressão linear,3,1160000.0,981069.8676527976
13835,Regressão linear,3,245000.0,315444.04072026897
14337,Regressão linear,3,800500.0,659805.3656813805
14653,Regressão linear,3,560000.0,619338.2550726851
14770,Regressão linear,3,110000.0,4904.691856581543
14903,Regressão linear,3,638000.0,738768.6237906793
15950,Regressão linear,3,325000.0,275200.24627172726
16211,Regressão linear,3,260000.0,140865.57998106966
17011,Regressão linear,3,420000.0,437134.071967552
17048,Regressão linear,3,208000.0,144545.82611943793
17187,Regressão linear,3,531800.0,434716.5135893377
17283,Regressão linear,3,529000.0,464921.4653445814
17664,Regressão linear,3,315000.0,197149.34545263648
18144,Regressão linear,3,760000.0,778388.1458251294
18509,Regressão linear,3,705640.0,758900.4937578386
18889,Regressão linear,3,410000.0,385338.6396712993
19434,Regressão linear,3,710000.0,859639.1486003139
19438,Regressão linear,3,375000.0,397343.5088034029
20181,Regressão linear,3,645000.0,638769.3030218508
20337,Regressão linear,3,550000.0,476737.55495410983
20867,Regressão linear,3,299000.0,187888.4669620581
21050,Regressão linear,3,900000.0,2008646.5605772259
21422,Regressão linear,3,386950.0,330593.71149838716
21539,Regressão linear,3,338500.0,420335.2119766129
21607,Regressão linear,3,475000.0,443866.8945793066
1038,Regressão linear,3,380000.0,318115.6947034409
1103,Regressão linear,3,195000.0,86921.18366986059
1472,Regressão linear,3,519500.0,295395.89049266715
1637,Regressão linear,3,440000.0,411381.7244237403
1773,Regressão linear,3,305000.0,358805.0088517072
2440,Regressão linear,3,520000.0,583981.1103418688
2469,Regressão linear,3,290000.0,500755.72607205005
2733,Regressão linear,3,278500.0,131259.32808484798
3163,Regressão linear,3,415000.0,310101.27818774915
3690,Regressão linear,3,132500.0,83048.17316603422
3978,Regressão linear,3,350000.0,497351.6882711122
3994,Regressão linear,3,425000.0,465160.9263148062
4326,Regressão linear,3,289500.0,245724.72279901526
4496,Regressão linear,3,327000.0,233371.87722476863
4630,Regressão linear,3,369900.0,707509.8984331749
4921,Regressão linear,3,690000.0,740438.7677685609
5081,Regressão linear,3,643000.0,407507.8215280577
5130,Regressão linear,3,300000.0,296455.8111865345
5134,Regressão linear,3,255000.0,207748.44774087594
5468,Regressão linear,3,257500.0,245066.03941309894
5493,Regressão linear,3,325000.0,239356.55882488305
6061,Regressão linear,3,199000.0,79364.72584028228
6091,Regressão linear,3,540000.0,616569.7218491633
6301,Regressão linear,3,248000.0,165075.5767534586
6824,Regressão linear,3,220000.0,159986.44590930577
7159,Regressão linear,3,430000.0,369057.66760124604
7565,Regressão linear,3,236775.0,265573.17527650786
7785,Regressão linear,3,210000.0,134409.35327673616
8301,Regressão linear,3,306500.0,229720.39811956356
8908,Regressão linear,3,998000.0,1252805.6818963464
9212,Regressão linear,3,205000.0,259358.59418641846
9420,Regressão linear,3,246000.0,248937.19746536066
9634,Regressão linear,3,290000.0,252653.398039873
9975,Regressão linear,3,234000.0,195656.67996340495
10320,Regressão linear,3,365000.0,214243.15588295658
10404,Regressão linear,3,965000.0,974397.5287971072
10699,Regressão linear,3,705000.0,629466.0020962196
11254,Regressão linear,3,522500.0,500355.42364349175
11432,Regressão linear,3,745000.0,619949.2398321925
11522,Regressão linear,3,650000.0,971001.1877672984
11552,Regressão linear,3,252000.0,174587.3870439292
11669,Regressão linear,3,300000.0,243061.06110696227
11781,Regressão linear,3,265000.0,232933.15637038054
12309,Regressão linear,3,270000.0,284517.06764033035
12358,Regressão linear,3,324950.0,207904.80510134896
12362,Regressão linear,3,285000.0,88249.6024676988
12541,Regressão linear,3,550000.0,651320.1648674232
12810,Regressão linear,3,302000.0,540148.5316829229
12818,Regressão linear,3,1313000.0,1117343.3222268284
13036,Regressão linear,3,413000.0,382982.1287281462
13592,Regressão linear,3,230000.0,312117.8455234299
13609,Regressão linear,3,575000.0,567381.7226811209
14808,Regressão linear,3,1050000.0,1044117.1460354215
15549,Regressão linear,3,565000.0,439008.940458714
15954,Regressão linear,3,819000.0,520345.72909801395
16356,Regressão linear,3,190000.0,198271.23950316152
16764,Regressão linear,3,450000.0,587272.5227335866
17330,Regressão linear,3,460000.0,230013.00600255653
17696,Regressão linear,3,709000.0,679888.6993148099
18719,Regressão linear,3,295000.0,338211.57960739837
19349,Regressão linear,3,708000.0,741555.1195661896
19537,Regressão linear,3,590000.0,678289.0444231997
19787,Regressão linear,3,439950.0,442425.24160710734
19869,Regressão linear,3,625250.0,587732.7729844167
19994,Regressão linear,3,260000.0,169825.66742261098
20185,Regressão linear,3,429900.0,428819.24562218966
20618,Regressão linear,3,610000.0,713729.1357072088
21023,Regressão linear,3,286000.0,194356.4477479164
21071,Regressão linear,3,1080000.0,832500.7484553516
21216,Regressão linear,3,369500.0,332740.57705667976
21307,Regressão linear,3,331000.0,269723.47752368764
21430,Regressão linear,3,700000.0,521638.5446119175
216,Regressão linear,3,1505000.0,1285274.2002466256
2625,Regressão linear,3,465000.0,387875.37385114096
4073,Regressão linear,3,761000.0,898102.9751810578
452,Regressão linear,3,232000.0,159782.76172068872
6432,Regressão linear,3,279950.0,466034.93985365855
7363,Regressão linear,3,269000.0,182094.11587503302
12222,Regressão linear,3,490000.0,428232.9427864749
14438,Regressão linear,3,269950.0,225913.36276453914
15231,Regressão linear,3,467500.0,472438.8729362006
16190,Regressão linear,3,264500.0,250180.62692363694
18200,Regressão linear,3,1063000.0,1167344.5227292352
19445,Regressão linear,3,490000.0,553779.2675720825
19892,Regressão linear,3,390000.0,556829.1473313624
20050,Regressão linear,3,379900.0,509475.006220753
20121,Regressão linear,3,635000.0,729896.1801476295
21376,Regressão linear,3,365000.0,362710.2452838861
59,Regressão linear,3,430000.0,365706.6296188653
1797,Regressão linear,3,212000.0,248563.0652429865
1801,Regressão linear,3,615000.0,687209.6138077361
2252,Regressão linear,3,340000.0,329432.3034260592
3977,Regressão linear,3,635000.0,562342.2519014279
4655,Regressão linear,3,390000.0,553782.0108851783
4889,Regressão linear,3,325000.0,444174.47469750035
5136,Regressão linear,3,690700.0,611764.9832901971
5266,Regressão linear,3,605000.0,679251.6556020551
5583,Regressão linear,3,357500.0,319218.8276872262
5653,Regressão linear,3,350000.0,273149.51969858486
5855,Regressão linear,3,775000.0,612744.9838726026
5983,Regressão linear,3,458500.0,411639.4123703985
6137,Regressão linear,3,325000.0,257214.8976948161
6617,Regressão linear,3,829900.0,1064669.1107539143
6950,Regressão linear,3,482000.0,431073.0033117245
7554,Regressão linear,3,322500.0,215316.9907606704
7673,Regressão linear,3,765000.0,910650.494852284
7736,Regressão linear,3,535500.0,540899.3205843495
7866,Regressão linear,3,615000.0,478333.87618933
8631,Regressão linear,3,314950.0,317947.9578498397
8726,Regressão linear,3,614000.0,790080.5110531187
9027,Regressão linear,3,359999.0,385491.80250263517
10217,Regressão linear,3,685000.0,698604.5134827625
10400,Regressão linear,3,399000.0,362139.5150868927
10514,Regressão linear,3,342000.0,388039.98358742986
10792,Regressão linear,3,392000.0,316810.00087321043
10801,Regressão linear,3,436000.0,487610.46592312667
11501,Regressão linear,3,328500.0,269117.22337478696
11661,Regressão linear,3,255000.0,169623.5845409471
12820,Regressão linear,3,598780.0,666410.423077822
13504,Regressão linear,3,440250.0,516291.10352656094
13518,Regressão linear,3,390000.0,394796.5688842791
14244,Regressão linear,3,275000.0,177017.11582749302
14578,Regressão linear,3,335750.0,398402.40395082586
15168,Regressão linear,3,316000.0,549533.7909587617
15201,Regressão linear,3,542000.0,597867.5162810069
15486,Regressão linear,3,335000.0,336143.66574955836
15634,Regressão linear,3,265000.0,268190.86717303615
16042,Regressão linear,3,485000.0,406611.3639148485
16101,Regressão linear,3,637000.0,583339.8293822933
16229,Regressão linear,3,710000.0,832783.0598226883
16487,Regressão linear,3,485000.0,620504.0426590437
17429,Regressão linear,3,300000.0,571884.304037296
17503,Regressão linear,3,241500.0,120802.76822235226
17615,Regressão linear,3,293000.0,230304.43543380027
17690,Regressão linear,3,1364000.0,1090894.2690899214
17825,Regressão linear,3,425000.0,404822.7566491961
17908,Regressão linear,3,400000.0,395709.3906014874
17927,Regressão linear,3,260000.0,257035.34537554468
18016,Regressão linear,3,340000.0,500600.3751432873
18026,Regressão linear,3,575000.0,513899.47180189786
18327,Regressão linear,3,1265000.0,983817.5839324998
18425,Regressão linear,3,420000.0,382629.89709088707
18463,Regressão linear,3,455000.0,403683.73889478174
18761,Regressão linear,3,529941.0,510613.2342704646
19277,Regressão linear,3,365000.0,226395.37911289686
19598,Regressão linear,3,400000.0,445768.67834164714
19890,Regressão linear,3,559950.0,560197.6648623324
19999,Regressão linear,3,649950.0,734111.2100199165
20095,Regressão linear,3,335000.0,232114.17417181112
20494,Regressão linear,3,399000.0,422453.5538194439
20555,Regressão linear,3,379500.0,370703.0658286799
20624,Regressão linear,3,635000.0,486478.3855438993
20813,Regressão linear,3,1325000.0,1286584.411203753
20831,Regressão linear,3,489950.0,410802.3813314475
20883,Regressão linear,3,461000.0,414917.7126446712
20913,Regressão linear,3,299999.0,251551.57609797159
21047,Regressão linear,3,302059.0,199752.2598301793
21374,Regressão linear,3,705000.0,692449.9130690072
21609,Regressão linear,3,400000.0,454574.0890792161
291,Regressão linear,3,630000.0,786381.7038933333
403,Regressão linear,3,437000.0,370799.1656455237
532,Regressão linear,3,970000.0,1203853.3061354086
604,Regressão linear,3,435500.0,357883.29610066395
689,Regressão linear,3,396000.0,330815.6752021786
736,Regressão linear,3,588000.0,634290.5808992635
748,Regressão linear,3,517500.0,703384.6244641944
799,Regressão linear,3,1100000.0,1228607.138413534
1141,Regressão linear,3,380000.0,341716.84550515696
1505,Regressão linear,3,230000.0,92959.59655811923
2608,Regressão linear,3,450000.0,405776.9620890685
2671,Regressão linear,3,470000.0,594999.1623013157
2808,Regressão linear,3,330000.0,277041.67215343093
3022,Regressão linear,3,279000.0,291102.15631454135
3147,Regressão linear,3,345000.0,593523.728780169
3200,Regressão linear,3,178000.0,300989.0390011028
3241,Regressão linear,3,350000.0,267704.7233859089
3544,Regressão linear,3,197000.0,179154.33404126667
4269,Regressão linear,3,199500.0,235574.62350441085
4880,Regressão linear,3,265000.0,286464.9934457902
4946,Regressão linear,3,312500.0,326273.28536616045
5357,Regressão linear,3,320000.0,252839.0504790562
5518,Regressão linear,3,815000.0,920807.3865973821
5601,Regressão linear,3,255000.0,203378.99290928736
5605,Regressão linear,3,265000.0,218583.9382146652
6070,Regressão linear,3,671300.0,698214.3624240333
6251,Regressão linear,3,408000.0,492287.3729929632
6332,Regressão linear,3,430000.0,483505.92396920826
6343,Regressão linear,3,260000.0,259338.0482227623
6405,Regressão linear,3,473000.0,415662.99934544467
6478,Regressão linear,3,417500.0,462932.9199873336
6640,Regressão linear,3,350000.0,387395.3345926863
6811,Regressão linear,3,310000.0,184446.57842614825
6910,Regressão linear,3,596000.0,544377.4418000742
7403,Regressão linear,3,269000.0,285536.31105506857
7588,Regressão linear,3,163000.0,141362.18479003836
8036,Regressão linear,3,258305.0,202267.83076289878
8079,Regressão linear,3,522500.0,438516.8380957446
8117,Regressão linear,3,386000.0,290634.29339982953
8142,Regressão linear,3,875000.0,921057.6759027691
8761,Regressão linear,3,270500.0,312201.3480286805
8972,Regressão linear,3,394999.0,386267.6604892373
9086,Regressão linear,3,415000.0,349475.6164959977
9108,Regressão linear,3,420000.0,426605.0447730295
9112,Regressão linear,3,1360000.0,1599505.3490153025
9151,Regressão linear,3,319502.0,304122.3202683263
9461,Regressão linear,3,499000.0,466764.15001166076
9805,Regressão linear,3,284200.0,226187.13483869832
9973,Regressão linear,3,290000.0,307962.65792402526
10062,Regressão linear,3,430000.0,552757.9634321837
10314,Regressão linear,3,709000.0,692389.7574225388
10402,Regressão linear,3,406500.0,372989.0457427812
10827,Regressão linear,3,583500.0,783824.8785573017
10970,Regressão linear,3,868000.0,806729.3075995996
11136,Regressão linear,3,500000.0,711403.425017531
11317,Regressão linear,3,285000.0,291541.4720007745
11364,Regressão linear,3,875000.0,962373.81152739
11699,Regressão linear,3,191950.0,151839.7715871581
12166,Regressão linear,3,718000.0,819090.9960299528
12175,Regressão linear,3,490000.0,470794.62755675847
12626,Regressão linear,3,209900.0,66573.80443923414
12690,Regressão linear,3,850000.0,941721.1606302297
12932,Regressão linear,3,850000.0,765585.5001299916
13056,Regressão linear,3,565000.0,573311.1351527796
13631,Regressão linear,3,255000.0,143315.68399721026
14090,Regressão linear,3,270000.0,331044.28141351085
14238,Regressão linear,3,240000.0,266838.21112198976
14243,Regressão linear,3,589000.0,548974.7481638072
14325,Regressão linear,3,365000.0,458602.1200246911
14421,Regressão linear,3,115000.0,71459.26842145243
14441,Regressão linear,3,260000.0,455977.9806694538
14832,Regressão linear,3,396000.0,365313.6636578832
14833,Regressão linear,3,397000.0,437553.10579045984
15699,Regressão linear,3,418200.0,442177.6216975911
15829,Regressão linear,3,499950.0,469936.0862371178
16201,Regressão linear,3,447000.0,369389.1570429383
16226,Regressão linear,3,420000.0,517606.6859866396
16327,Regressão linear,3,1030000.0,955270.0571274917
16367,Regressão linear,3,139000.0,188223.11095350748
16543,Regressão linear,3,293000.0,231612.547434623
16692,Regressão linear,3,540000.0,585551.902643164
16981,Regressão linear,3,229950.0,13699.621243607136
17515,Regressão linear,3,545000.0,316162.1671621628
18178,Regressão linear,3,369300.0,382068.66341743537
18519,Regressão linear,3,1450000.0,1057013.6074263346
18567,Regressão linear,3,515000.0,630691.867889065
18641,Regressão linear,3,430000.0,734227.6213539921
19013,Regressão linear,3,375000.0,449807.8013003567
19061,Regressão linear,3,540000.0,466077.4215678341
19178,Regressão linear,3,873000.0,816701.4081908703
19565,Regressão linear,3,323000.0,396955.2381052702
19909,Regressão linear,3,598950.0,491135.4999206537
20361,Regressão linear,3,609500.0,498089.43286170164
20653,Regressão linear,3,405000.0,341635.09299097606
20795,Regressão linear,3,450000.0,418954.7039926676
20822,Regressão linear,3,780000.0,697155.4776878173
21200,Regressão linear,3,720000.0,683576.4563944619
21366,Regressão linear,3,370000.0,299734.3454298685
2,Regressão linear,3,180000.0,145483.97957771234
427,Regressão linear,3,1300000.0,1169241.3162411167
623,Regressão linear,3,605000.0,588501.6348915979
780,Regressão linear,3,305000.0,265650.8005544207
989,Regressão linear,3,484950.0,461537.01285161916
1541,Regressão linear,3,350000.0,435452.0139649551
1742,Regressão linear,3,445000.0,708954.6523345222
2269,Regressão linear,3,235000.0,173664.03251082517
2306,Regressão linear,3,302000.0,612785.0676431396
2503,Regressão linear,3,575000.0,503026.9861112859
2572,Regressão linear,3,439950.0,323367.6798460591
2632,Regressão linear,3,250000.0,130271.44829698547
2677,Regressão linear,3,399500.0,309479.8393215079
2877,Regressão linear,3,195000.0,66690.86793589132
3223,Regressão linear,3,262000.0,-127838.65266274143
3283,Regressão linear,3,855000.0,769917.4690983709
3556,Regressão linear,3,325000.0,367864.6933941827
3720,Regressão linear,3,735000.0,735814.5888519294
4138,Regressão linear,3,545000.0,564157.1330116442
4591,Regressão linear,3,539000.0,577262.5854396573
4703,Regressão linear,3,299800.0,343155.68756411585
5053,Regressão linear,3,735000.0,459050.9486714823
5161,Regressão linear,3,822000.0,674533.9095093801
5341,Regressão linear,3,595000.0,555658.4766903117
5500,Regressão linear,3,482000.0,553036.6428222385
5724,Regressão linear,3,185000.0,-38755.056553546805
5807,Regressão linear,3,325000.0,341145.0389006146
5941,Regressão linear,3,440000.0,462912.8607704534
6065,Regressão linear,3,525000.0,611234.3044310242
6236,Regressão linear,3,275000.0,206602.7448373171
6484,Regressão linear,3,425500.0,407539.21728113043
6631,Regressão linear,3,340000.0,340945.1278582918
7160,Regressão linear,3,460000.0,699728.8422363685
7181,Regressão linear,3,249000.0,214048.1452717147
7190,Regressão linear,3,380500.0,342941.7642981525
7515,Regressão linear,3,450000.0,468604.27190383984
8062,Regressão linear,3,200000.0,28712.87651732238
8069,Regressão linear,3,319950.0,269330.0747066602
8413,Regressão linear,3,1110000.0,1051881.0971651888
8827,Regressão linear,3,565000.0,729459.2693604641
8858,Regressão linear,3,200000.0,269529.6824465615
9070,Regressão linear,3,274000.0,183260.70757117504
9349,Regressão linear,3,551870.0,417676.95474819466
9654,Regressão linear,3,760500.0,608067.7555604053
10098,Regressão linear,3,1326000.0,1054798.322035993
10299,Regressão linear,3,529500.0,445348.25684631756
10425,Regressão linear,3,389000.0,344789.451409717
10473,Regressão linear,3,285000.0,255633.9676486006
10597,Regressão linear,3,580000.0,515720.22595081636
10694,Regressão linear,3,704000.0,439361.49187792646
11291,Regressão linear,3,780000.0,770011.8513086146
11309,Regressão linear,3,273000.0,255516.6464211306
11318,Regressão linear,3,524950.0,494619.8760535719
11359,Regressão linear,3,533000.0,538617.1857931381
11643,Regressão linear,3,491000.0,381342.6280624283
11960,Regressão linear,3,286300.0,380024.3022853102
12015,Regressão linear,3,500000.0,288606.98931422003
12238,Regressão linear,3,180000.0,251645.1491491538
12269,Regressão linear,3,550000.0,426190.2690529842
12431,Regressão linear,3,595000.0,563376.7670133698
13133,Regressão linear,3,906000.0,1013233.0361755637
13199,Regressão linear,3,835000.0,846966.8858892156
13217,Regressão linear,3,455000.0,389008.30193784914
13351,Regressão linear,3,235000.0,267904.60809081036
13512,Regressão linear,3,728935.0,814491.8377946998
15240,Regressão linear,3,370000.0,409570.42801156465
15385,Regressão linear,3,450000.0,356831.10837803944
15788,Regressão linear,3,572000.0,703340.8867160918
16292,Regressão linear,3,495000.0,564236.3848068406
16525,Regressão linear,3,1980000.0,1775423.9349729698
16687,Regressão linear,3,396000.0,311957.21437285765
16749,Regressão linear,3,425000.0,503324.5367574856
17078,Regressão linear,3,322000.0,288816.366092127
17245,Regressão linear,3,1454000.0,1194213.0686261337
17456,Regressão linear,3,565000.0,544437.0837742838
17642,Regressão linear,3,575000.0,543938.6489984548
17749,Regressão linear,3,340000.0,261341.06710967346
17846,Regressão linear,3,700000.0,766948.5724498862
17875,Regressão linear,3,642000.0,472216.9244762286
18217,Regressão linear,3,479000.0,422032.01534755155
18336,Regressão linear,3,285000.0,293256.39940077864
18473,Regressão linear,3,539000.0,620068.9793380259
18526,Regressão linear,3,482000.0,604178.935444412
18539,Regressão linear,3,562000.0,639330.5128516012
19222,Regressão linear,3,675000.0,706693.752289915
19651,Regressão linear,3,319500.0,475475.54642766435
20060,Regressão linear,3,379950.0,423188.0205792062
20179,Regressão linear,3,665000.0,533347.0354965783
20224,Regressão linear,3,1789950.0,1411985.4373594993
20225,Regressão linear,3,895900.0,977168.3033410575
20326,Regressão linear,3,2350000.0,1557477.083073278
20444,Regressão linear,3,500012.0,477179.8343135559
20849,Regressão linear,3,329950.0,311778.8666180805
21034,Regressão linear,3,810000.0,733891.6367797207
21456,Regressão linear,3,450000.0,398682.8726915664
92,Regressão linear,3,153000.0,94597.40458577761
247,Regressão linear,3,181000.0,159238.18663974333
1039,Regressão linear,3,566000.0,391081.30458258436
1430,Regressão linear,3,470000.0,570135.9933159514
2181,Regressão linear,3,1550000.0,1214187.7334705119
2494,Regressão linear,3,322000.0,219639.2517910792
3050,Regressão linear,3,517000.0,275418.14478247135
3051,Regressão linear,3,615000.0,758952.7431791294
3130,Regressão linear,3,250000.0,295204.33424356
3171,Regressão linear,3,587500.0,535181.1245399904
3281,Regressão linear,3,1965000.0,1754620.9790171194
3635,Regressão linear,3,251000.0,119414.63343731331
3839,Regressão linear,3,830000.0,572957.3240025991
3953,Regressão linear,3,317000.0,377648.16847085574
5774,Regressão linear,3,310000.0,578475.6198738257
5852,Regressão linear,3,899000.0,714935.6156388763
6406,Regressão linear,3,279000.0,197049.80789703946
6835,Regressão linear,3,190000.0,130815.77813443667
7106,Regressão linear,3,284000.0,414870.7232997414
7186,Regressão linear,3,275500.0,141071.17933722556
7607,Regressão linear,3,430000.0,444441.25900406344
8140,Regressão linear,3,484000.0,751166.3088549972
8405,Regressão linear,3,970000.0,1024470.0899092725
8599,Regressão linear,3,635000.0,627593.5248243923
9653,Regressão linear,3,392000.0,403055.95047238783
10133,Regressão linear,3,219000.0,321757.20008285134
10195,Regressão linear,3,690000.0,747781.74344048
10549,Regressão linear,3,440000.0,435838.77044773113
11174,Regressão linear,3,454900.0,525286.1988987561
11772,Regressão linear,3,615000.0,542387.9918428406
12054,Regressão linear,3,401000.0,371931.6843560899
12739,Regressão linear,3,320000.0,415490.0573298012
12956,Regressão linear,3,269000.0,147713.39671529166
13195,Regressão linear,3,525000.0,636242.8953659623
13207,Regressão linear,3,259000.0,546855.6998629232
13654,Regressão linear,3,267500.0,274587.7514334549
13751,Regressão linear,3,464000.0,482573.0904457784
13773,Regressão linear,3,364000.0,291173.472592617
14173,Regressão linear,3,286000.0,229405.63582780055
14177,Regressão linear,3,350000.0,460855.04432211403
14632,Regressão linear,3,267000.0,203033.7765631079
15312,Regressão linear,3,190000.0,272446.8775267765
15653,Regressão linear,3,160000.0,-7413.129759802134
15726,Regressão linear,3,253750.0,90900.26510205027
16472,Regressão linear,3,330000.0,502588.16731738416
17272,Regressão linear,3,350000.0,235264.79274804227
17582,Regressão linear,3,616000.0,863657.6332841502
17590,Regressão linear,3,303697.0,528770.08409289
17614,Regressão linear,3,228500.0,125318.83421273762
17976,Regressão linear,3,360000.0,335906.70896989794
18253,Regressão linear,3,400000.0,366286.88440619316
18711,Regressão linear,3,215000.0,153980.82056356163
19425,Regressão linear,3,794500.0,781584.6525534072
20211,Regressão linear,3,347500.0,310963.3894361027
20283,Regressão linear,3,380000.0,465742.16597750876
20463,Regressão linear,3,510000.0,451292.3214949793
20991,Regressão linear,3,910000.0,1061829.2845660213
21140,Regressão linear,3,250000.0,167541.54749864893
21533,Regressão linear,3,999999.0,1120797.9167110282
21565,Regressão linear,3,341780.0,295255.12234233407
144,Regressão linear,3,500000.0,595239.3909575238
281,Regressão linear,3,170000.0,92656.10611285013
763,Regressão linear,3,374950.0,426619.19070817553
1242,Regressão linear,3,375000.0,402067.99290395237
1356,Regressão linear,3,643000.0,570157.3909906489
1499,Regressão linear,3,720000.0,818511.3930937677
1698,Regressão linear,3,340000.0,287716.78939328156
1958,Regressão linear,3,429800.0,389585.2405728822
3025,Regressão linear,3,367000.0,313013.54753042856
3138,Regressão linear,3,450000.0,440681.82152673363
3185,Regressão linear,3,635000.0,684453.8078981113
4569,Regressão linear,3,140000.0,81383.57815951365
4642,Regressão linear,3,295000.0,251567.60004869907
4772,Regressão linear,3,205500.0,133987.1157789374
5966,Regressão linear,3,637000.0,622010.9139077277
6139,Regressão linear,3,425000.0,411673.80161626387
6781,Regressão linear,3,217000.0,124764.23140705036
6876,Regressão linear,3,435000.0,428194.21715610876
7251,Regressão linear,3,204000.0,185869.48533701082
7371,Regressão linear,3,395000.0,427983.6080715426
9481,Regressão linear,3,780000.0,885398.5937046243
9911,Regressão linear,3,400000.0,495562.93926877505
10045,Regressão linear,3,425590.0,537246.0025522145
10131,Regressão linear,3,309000.0,195557.89803427766
11023,Regressão linear,3,330000.0,209210.2718289317
11086,Regressão linear,3,315000.0,268391.81477951654
11492,Regressão linear,3,499000.0,472394.3545752962
12382,Regressão linear,3,207000.0,149453.51456947712
13312,Regressão linear,3,600000.0,1314551.5640574521
13670,Regressão linear,3,369000.0,244448.93338476418
14555,Regressão linear,3,930000.0,699169.3573562959
15245,Regressão linear,3,1398000.0,1391705.4292329787
16308,Regressão linear,3,248500.0,131799.5661236461
17211,Regressão linear,3,275000.0,165252.3139126781
17281,Regressão linear,3,339000.0,224803.23815163184
17688,Regressão linear,3,612500.0,681623.3187879409
17850,Regressão linear,3,620047.0,644258.9590188835
18355,Regressão linear,3,403000.0,429186.9735680866
19667,Regressão linear,3,1450000.0,1070217.2110482194
19939,Regressão linear,3,325000.0,269392.73449250055
20508,Regressão linear,3,394950.0,399252.6581188865
20532,Regressão linear,3,550000.0,278485.92148918944
20560,Regressão linear,3,908990.0,894191.7889176202
20972,Regressão linear,3,370950.0,377814.8615443319
21006,Regressão linear,3,415000.0,285421.8758999463
21283,Regressão linear,3,988990.0,1037977.9946848643
21296,Regressão linear,3,445000.0,490105.0326213913
21514,Regressão linear,3,1865000.0,2281288.9055893654
21542,Regressão linear,3,715000.0,679984.711938345
308,Regressão linear,3,550700.0,554646.0389714699
2750,Regressão linear,3,352000.0,161244.76431218206
5214,Regressão linear,3,997000.0,886881.7511090345
14760,Regressão linear,3,285000.0,276533.4571821799
21306,Regressão linear,3,579950.0,481881.3839554519
9015,Regressão linear,3,490000.0,453392.62987806124
12313,Regressão linear,3,624000.0,524972.0526008756
16600,Regressão linear,3,440000.0,501466.62558352825
18100,Regressão linear,3,505400.0,688489.4272099233
19176,Regressão linear,3,534000.0,664413.3184457602
19344,Regressão linear,3,151000.0,32923.39262923325
29,Regressão linear,3,719000.0,638382.0452227655
125,Regressão linear,3,1450000.0,1258251.6818463034
1419,Regressão linear,3,350000.0,335476.94473810366
2179,Regressão linear,3,1650000.0,1833854.0324045112
2474,Regressão linear,3,858000.0,835605.6867395353
4180,Regressão linear,3,235000.0,295857.80681678123
5012,Regressão linear,3,455000.0,457923.8766571844
5364,Regressão linear,3,404000.0,339965.77158152434
6072,Regressão linear,3,1100000.0,1111449.7926479634
6239,Regressão linear,3,200000.0,161696.80156241695
6295,Regressão linear,3,545000.0,556282.663332195
7145,Regressão linear,3,410000.0,368349.85670302185
7383,Regressão linear,3,585000.0,685032.7275114236
8642,Regressão linear,3,380000.0,347851.02526648773
8795,Regressão linear,3,265000.0,236691.77682144212
8951,Regressão linear,3,428750.0,476101.5531820673
10044,Regressão linear,3,585000.0,300398.4270285024
10468,Regressão linear,3,2000000.0,1215068.3109358037
10523,Regressão linear,3,310000.0,143979.25816188264
11606,Regressão linear,3,1300000.0,1191198.4325546892
11641,Regressão linear,3,350000.0,415399.76952461374
11716,Regressão linear,3,319950.0,233065.75749486656
11734,Regressão linear,3,245000.0,145865.7380959918
11778,Regressão linear,3,460000.0,309809.4013491685
12148,Regressão linear,3,895000.0,869129.4951383306
13073,Regressão linear,3,469000.0,428583.01579462487
13796,Regressão linear,3,220000.0,-444.15876055066474
14472,Regressão linear,3,275000.0,289164.3403259419
15457,Regressão linear,3,365000.0,289200.56137963466
15619,Regressão linear,3,329950.0,281474.022719703
16515,Regressão linear,3,885000.0,852345.0826622458
16580,Regressão linear,3,1810000.0,1659207.9458248867
16713,Regressão linear,3,455000.0,526779.2950449619
17102,Regressão linear,3,350000.0,271161.3770311002
18404,Regressão linear,3,650000.0,753137.196133539
18742,Regressão linear,3,247500.0,211698.4643650708
19599,Regressão linear,3,515000.0,471210.8475133204
19736,Regressão linear,3,1680000.0,1214953.0557398442
20220,Regressão linear,3,204000.0,75739.62315287895
20395,Regressão linear,3,395000.0,125359.4157359075
20690,Regressão linear,3,370000.0,290693.9896934797
21418,Regressão linear,3,750000.0,749912.1937695048
21522,Regressão linear,3,462500.0,424632.3310363473
54,Regressão linear,3,920000.0,894029.69554779
204,Regressão linear,3,274250.0,118962.03100277705
229,Regressão linear,3,516500.0,338104.23657592165
640,Regressão linear,3,378000.0,394699.1534898936
863,Regressão linear,3,910000.0,837099.3136939171
1788,Regressão linear,3,256000.0,201600.84380631478
1829,Regressão linear,3,753000.0,649859.9390263143
2425,Regressão linear,3,992000.0,1153386.5424080994
2545,Regressão linear,3,465000.0,329351.9688481622
2870,Regressão linear,3,521000.0,492695.9191290398
2897,Regressão linear,3,435000.0,435428.59968366387
3227,Regressão linear,3,551000.0,430591.93510215986
4214,Regressão linear,3,525000.0,537639.4507912665
5768,Regressão linear,3,638250.0,629866.6129581832
6359,Regressão linear,3,670000.0,652897.3423974992
6553,Regressão linear,3,498500.0,425198.17039684555
6613,Regressão linear,3,545000.0,781814.1776213609
6823,Regressão linear,3,1430000.0,1211661.8960082135
6853,Regressão linear,3,772500.0,643647.6661027898
7379,Regressão linear,3,713000.0,638573.6574169414
7405,Regressão linear,3,564000.0,559425.1551979947
7661,Regressão linear,3,670000.0,607836.6527759962
7992,Regressão linear,3,90000.0,143209.85037732054
8255,Regressão linear,3,370000.0,300225.1351695417
8453,Regressão linear,3,340000.0,321329.67989255337
8489,Regressão linear,3,674000.0,548823.9252987537
8967,Regressão linear,3,720000.0,563101.4509121969
9091,Regressão linear,3,883000.0,1067988.8078773872
9207,Regressão linear,3,425000.0,317601.85823296744
9221,Regressão linear,3,750000.0,814354.2658707913
9397,Regressão linear,3,420000.0,220880.5094449691
9740,Regressão linear,3,259500.0,113462.25420171657
10487,Regressão linear,3,425000.0,461415.7835683994
11248,Regressão linear,3,575000.0,466554.7350842215
11451,Regressão linear,3,647000.0,602528.5256845808
11605,Regressão linear,3,495000.0,444882.79616568756
12099,Regressão linear,3,590000.0,545326.3863764595
13342,Regressão linear,3,385000.0,429276.08235028025
13505,Regressão linear,3,585000.0,627562.3832601423
13622,Regressão linear,3,339950.0,288142.41779765754
13636,Regressão linear,3,563500.0,412366.6205314053
13967,Regressão linear,3,3395000.0,2204672.8362006596
14203,Regressão linear,3,273000.0,126395.56523676933
14665,Regressão linear,3,177000.0,41470.86382771813
17047,Regressão linear,3,247500.0,173002.10150065285
17380,Regressão linear,3,310000.0,268267.42053855816
18368,Regressão linear,3,500000.0,446286.15359835676
18503,Regressão linear,3,359000.0,550813.8944056011
19097,Regressão linear,3,420000.0,729840.6760726338
19139,Regressão linear,3,335000.0,450755.08687387046
19303,Regressão linear,3,315000.0,305106.80915073276
19466,Regressão linear,3,1500000.0,1035014.2756353198
19524,Regressão linear,3,147000.0,159737.8232154668
19662,Regressão linear,3,405000.0,335241.8482690049
19680,Regressão linear,3,465000.0,344145.521130802
19893,Regressão linear,3,425000.0,235149.85958254038
19956,Regressão linear,3,1563100.0,1473391.099005648
20138,Regressão linear,3,734000.0,483202.8888197389
20708,Regressão linear,3,305000.0,262504.55498544953
21061,Regressão linear,3,390000.0,260882.72526403618
21248,Regressão linear,3,1080000.0,750996.2273078522
21321,Regressão linear,3,1350000.0,1221601.8105690535
21420,Regressão linear,3,299950.0,198463.43867719636
111,Regressão linear,3,570000.0,484654.2108054181
162,Regressão linear,3,900000.0,905235.954769787
297,Regressão linear,3,446500.0,555401.5261033857
693,Regressão linear,3,410000.0,349395.29500776454
714,Regressão linear,3,405000.0,249553.3370848969
785,Regressão linear,3,218000.0,299925.800526257
794,Regressão linear,3,210000.0,85928.93544403743
848,Regressão linear,3,512000.0,401463.11558964674
991,Regressão linear,3,585000.0,716310.186496168
1636,Regressão linear,3,325000.0,433024.0971622336
1863,Regressão linear,3,625000.0,693072.6856281775
2007,Regressão linear,3,1015000.0,1013688.8896711677
2890,Regressão linear,3,210500.0,179807.11534279215
3188,Regressão linear,3,200000.0,90533.0464908129
3197,Regressão linear,3,401000.0,664043.7770642046
3320,Regressão linear,3,496000.0,580515.1630746686
3699,Regressão linear,3,632500.0,603255.5846782487
4039,Regressão linear,3,385000.0,378324.99412786047
4134,Regressão linear,3,292000.0,386851.53078643326
4187,Regressão linear,3,400800.0,218876.47784112816
4577,Regressão linear,3,690000.0,435160.82981639577
4805,Regressão linear,3,224975.0,64952.64501006453
4811,Regressão linear,3,2479000.0,2097761.0214817245
4869,Regressão linear,3,950000.0,984660.6556076519
4994,Regressão linear,3,637000.0,661762.3361553173
5854,Regressão linear,3,512500.0,426136.8718445117
6294,Regressão linear,3,265953.0,184407.43408715952
6411,Regressão linear,3,529000.0,505495.9831848104
6428,Regressão linear,3,702000.0,694885.1735678227
6567,Regressão linear,3,280000.0,183249.76378117612
6812,Regressão linear,3,385000.0,284411.16550680617
6825,Regressão linear,3,243000.0,374155.60895577894
7135,Regressão linear,3,1430000.0,904497.0611463131
7355,Regressão linear,3,315000.0,242161.24734063132
7510,Regressão linear,3,390000.0,471425.57592335506
7645,Regressão linear,3,492000.0,434160.94601105887
7709,Regressão linear,3,620000.0,594296.0262305591
7979,Regressão linear,3,590000.0,674789.5104500405
7997,Regressão linear,3,250000.0,191097.87719020608
8015,Regressão linear,3,606000.0,574018.7598656071
8324,Regressão linear,3,239950.0,335406.95858310873
8369,Regressão linear,3,536000.0,536421.2018842534
8679,Regressão linear,3,895000.0,880126.2223832507
9227,Regressão linear,3,607000.0,560431.4057642939
9471,Regressão linear,3,320000.0,345620.94994797395
9559,Regressão linear,3,453000.0,383342.0557798656
10313,Regressão linear,3,550500.0,566463.9345799799
10366,Regressão linear,3,750000.0,702531.2506479609
10381,Regressão linear,3,490000.0,389935.6196076495
10474,Regressão linear,3,290000.0,295818.95044013276
10807,Regressão linear,3,729000.0,744790.8659863463
10961,Regressão linear,3,360000.0,447010.700127965
11288,Regressão linear,3,539000.0,548508.4671856333
11738,Regressão linear,3,700000.0,665603.0107360489
11931,Regressão linear,3,271920.0,180239.8816594416
11994,Regressão linear,3,445000.0,423672.85460548487
12192,Regressão linear,3,242000.0,179283.0703860984
12969,Regressão linear,3,225000.0,367972.23248200025
13010,Regressão linear,3,413252.0,421119.5519019468
13089,Regressão linear,3,365000.0,413780.8009749469
13260,Regressão linear,3,781000.0,760302.2768573154
13827,Regressão linear,3,339100.0,336316.5005858657
13832,Regressão linear,3,575000.0,527751.2525053709
13873,Regressão linear,3,390000.0,475255.5496933691
14012,Regressão linear,3,515000.0,427552.4314269571
14185,Regressão linear,3,2225000.0,1737416.9116448043
14510,Regressão linear,3,380000.0,337912.18697438185
14782,Regressão linear,3,343000.0,450455.6041462427
14784,Regressão linear,3,273950.0,183032.930599722
14829,Regressão linear,3,840000.0,1122985.4771526242
15135,Regressão linear,3,1770000.0,1455241.269400586
15147,Regressão linear,3,520000.0,353396.1846239001
15157,Regressão linear,3,279950.0,310599.9159224139
15937,Regressão linear,3,279000.0,255419.8517932291
16040,Regressão linear,3,226000.0,329685.8779771015
16141,Regressão linear,3,705000.0,755218.859420306
16170,Regressão linear,3,532500.0,658991.2172640006
16452,Regressão linear,3,600000.0,545560.9651899497
16475,Regressão linear,3,431000.0,418806.1853909752
16621,Regressão linear,3,470000.0,422595.266703862
16720,Regressão linear,3,2140000.0,1781810.2075486118
17284,Regressão linear,3,640000.0,563283.9067179486
17575,Regressão linear,3,763000.0,838703.765182001
17946,Regressão linear,3,275000.0,191851.84596747014
18093,Regressão linear,3,310000.0,550304.6493601269
18174,Regressão linear,3,818900.0,444201.1469485498
18190,Regressão linear,3,400000.0,339094.8150613738
18565,Regressão linear,3,260000.0,76400.93995563226
18566,Regressão linear,3,196000.0,69156.49761512032
18727,Regressão linear,3,230000.0,143574.34660734452
19131,Regressão linear,3,163000.0,167088.77875993465
19172,Regressão linear,3,890000.0,873435.4867860934
19460,Regressão linear,3,279950.0,271905.2777427505
19636,Regressão linear,3,529500.0,479083.7744141106
20154,Regressão linear,3,2945000.0,1438244.8729070057
20163,Regressão linear,3,383000.0,377195.59724807617
20204,Regressão linear,3,550000.0,740159.0307727156
20343,Regressão linear,3,855000.0,684819.1850978588
21327,Regressão linear,3,535000.0,789201.5456865903
21410,Regressão linear,3,695000.0,837023.5108145816
108,Regressão linear,3,680000.0,804228.4327545674
461,Regressão linear,3,348000.0,475087.93644753384
511,Regressão linear,3,480000.0,502722.0816202656
872,Regressão linear,3,795000.0,963910.7714291617
931,Regressão linear,3,545000.0,490094.42724245344
1029,Regressão linear,3,543115.0,611138.2023059501
1441,Regressão linear,3,264950.0,167010.31448715297
1787,Regressão linear,3,552500.0,657780.9012025426
1884,Regressão linear,3,150000.0,175605.7877695287
2167,Regressão linear,3,306000.0,274382.0488602172
2340,Regressão linear,3,230000.0,201521.47005017297
2668,Regressão linear,3,1380000.0,1449018.514100484
2805,Regressão linear,3,385000.0,462133.7861552431
2828,Regressão linear,3,900000.0,902399.1687641283
3422,Regressão linear,3,250000.0,278630.8011648272
3777,Regressão linear,3,1650000.0,1049353.1418966241
3779,Regressão linear,3,605000.0,661043.7090005323
3991,Regressão linear,3,499900.0,420130.26549702935
4036,Regressão linear,3,825050.0,891475.5046278425
4352,Regressão linear,3,259950.0,305320.94141362514
4419,Regressão linear,3,425000.0,566325.7023036411
4485,Regressão linear,3,308000.0,344130.23094189196
4959,Regressão linear,3,1000000.0,836952.8353624765
5433,Regressão linear,3,1740000.0,1010140.4329031769
5683,Regressão linear,3,335000.0,479315.13043303415
5890,Regressão linear,3,420000.0,459415.465549277
6225,Regressão linear,3,292000.0,366280.32853235747
6431,Regressão linear,3,354500.0,274336.65987207374
6969,Regressão linear,3,447500.0,448086.0835653868
7466,Regressão linear,3,599000.0,772418.8387744393
7476,Regressão linear,3,1025000.0,941143.0374302034
7978,Regressão linear,3,450000.0,649290.3319311596
8074,Regressão linear,3,284000.0,104822.57569800538
8378,Regressão linear,3,910000.0,864359.4358563987
8491,Regressão linear,3,453000.0,542561.9787032405
8722,Regressão linear,3,625000.0,597891.325220872
8916,Regressão linear,3,740000.0,445174.51439291716
9121,Regressão linear,3,255000.0,100123.88893616741
9233,Regressão linear,3,733000.0,657224.9946539798
9446,Regressão linear,3,355000.0,280207.11785308213
9730,Regressão linear,3,256000.0,295327.82707375434
9739,Regressão linear,3,485000.0,480440.0675413891
11789,Regressão linear,3,218000.0,109701.37804866373
12347,Regressão linear,3,675000.0,562591.3720822029
12532,Regressão linear,3,539000.0,537622.3410164181
12567,Regressão linear,3,759950.0,546699.2218910083
12724,Regressão linear,3,130000.0,292599.69568571064
13210,Regressão linear,3,635000.0,600245.4173317614
13299,Regressão linear,3,700000.0,807644.2918855022
14254,Regressão linear,3,1950000.0,2323213.5717570363
14326,Regressão linear,3,412500.0,384097.12085587543
14765,Regressão linear,3,780000.0,806821.9771503976
14990,Regressão linear,3,316500.0,242178.36632404488
15128,Regressão linear,3,340000.0,498605.391398801
15210,Regressão linear,3,336600.0,216872.53252270602
15214,Regressão linear,3,175000.0,99941.43286017881
15817,Regressão linear,3,380000.0,365280.2469519101
15850,Regressão linear,3,205000.0,143058.82467399482
16380,Regressão linear,3,629950.0,716324.9483020772
16714,Regressão linear,3,85000.0,-9023.064399725
16926,Regressão linear,3,501000.0,457104.49395871995
17174,Regressão linear,3,175000.0,51390.16588677524
17320,Regressão linear,3,475000.0,524230.39413077314
18085,Regressão linear,3,525000.0,386711.7610730354
18159,Regressão linear,3,315000.0,525355.2535048956
18192,Regressão linear,3,345000.0,428544.94225447695
18325,Regressão linear,3,255000.0,187266.5284337455
18436,Regressão linear,3,230000.0,183333.4835718692
18693,Regressão linear,3,250000.0,172847.14454970986
18797,Regressão linear,3,244950.0,289781.7967780734
19551,Regressão linear,3,255000.0,193932.18923352537
19630,Regressão linear,3,855169.0,719647.8012799637
19694,Regressão linear,3,340000.0,326505.23801914696
20277,Regressão linear,3,308000.0,292402.17500516266
20298,Regressão linear,3,289950.0,309098.79993733775
20836,Regressão linear,3,402395.0,445706.88695949677
21223,Regressão linear,3,561000.0,491650.41950904945
21587,Regressão linear,3,385000.0,362193.46844679135
400,Regressão linear,3,557000.0,582446.4201349152
948,Regressão linear,3,369950.0,481988.7128491848
1109,Regressão linear,3,367000.0,584718.2158886045
1859,Regressão linear,3,685000.0,523232.15928034525
2473,Regressão linear,3,1865000.0,1475887.2756724227
3111,Regressão linear,3,196000.0,16278.514431493182
3352,Regressão linear,3,1100000.0,925596.7607738806
3783,Regressão linear,3,286950.0,241304.93887038066
4114,Regressão linear,3,365070.0,346915.61659079004
4465,Regressão linear,3,284000.0,277513.27733042993
5333,Regressão linear,3,195000.0,221930.88618840018
5343,Regressão linear,3,585000.0,420502.36584632617
5376,Regressão linear,3,185850.0,328777.1468991169
5467,Regressão linear,3,595000.0,444675.3566504613
6095,Regressão linear,3,713900.0,822789.0615681463
8250,Regressão linear,3,508000.0,513661.06081698276
8293,Regressão linear,3,615000.0,661112.9457800244
8784,Regressão linear,3,1800000.0,1856788.0488884682
8807,Regressão linear,3,1050000.0,1002605.9132979537
9012,Regressão linear,3,259875.0,283131.9191601389
9172,Regressão linear,3,1234000.0,1102544.1662162393
10067,Regressão linear,3,325000.0,271846.0683960632
10191,Regressão linear,3,225000.0,195327.87546667995
10224,Regressão linear,3,550000.0,468168.3635319694
10472,Regressão linear,3,262500.0,171086.5428813197
10718,Regressão linear,3,260000.0,249464.76600902763
10921,Regressão linear,3,725000.0,538558.1007695886
11335,Regressão linear,3,515000.0,695880.1837705688
11488,Regressão linear,3,1325000.0,839219.5808367769
12055,Regressão linear,3,655000.0,633959.7873601399
12076,Regressão linear,3,595000.0,621605.926550427
12255,Regressão linear,3,605000.0,498075.08265930804
12536,Regressão linear,3,1030000.0,1182634.148834987
12863,Regressão linear,3,215150.0,24436.5301101355
13290,Regressão linear,3,272450.0,186055.22726008663
13309,Regressão linear,3,335000.0,363746.2452141043
13413,Regressão linear,3,122000.0,195140.60865551964
13513,Regressão linear,3,850000.0,946862.2192518499
13729,Regressão linear,3,265000.0,260625.65011535428
14071,Regressão linear,3,235000.0,356724.4132172349
14425,Regressão linear,3,550000.0,464950.2119492198
15172,Regressão linear,3,619100.0,623934.181466879
15831,Regressão linear,3,970000.0,1076037.3536828733
16091,Regressão linear,3,588000.0,648162.6767701895
16312,Regressão linear,3,198500.0,61225.73063279223
16461,Regressão linear,3,254000.0,299831.7231614688
17262,Regressão linear,3,308000.0,318082.8099928663
17568,Regressão linear,3,397500.0,455679.3903702989
17842,Regressão linear,3,550000.0,388278.3033904848
18176,Regressão linear,3,240000.0,135040.19659909484
18281,Regressão linear,3,959000.0,1041564.9872083248
18710,Regressão linear,3,280000.0,238110.80702292622
19525,Regressão linear,3,500000.0,613978.3285158712
19945,Regressão linear,3,530000.0,647341.6500420644
20287,Regressão linear,3,324950.0,244004.20180124464
20455,Regressão linear,3,820000.0,775197.353606493
20711,Regressão linear,3,530000.0,552332.4690686556
21152,Regressão linear,3,450000.0,331521.6713220348
6369,Regressão linear,3,263300.0,253730.19055257953
9803,Regressão linear,3,305000.0,259309.25161469445
11141,Regressão linear,3,392500.0,377579.94569937175
18846,Regressão linear,3,475000.0,392208.1661540755
15066,Regressão linear,3,340000.0,193862.40280003182
161,Regressão linear,3,438000.0,462318.25939348084
226,Regressão linear,3,479950.0,460301.0551531698
396,Regressão linear,3,530000.0,612545.1737634963
1153,Regressão linear,3,298900.0,248619.48074114692
1173,Regressão linear,3,359000.0,216847.48347663117
1339,Regressão linear,3,435000.0,513668.29783675284
1618,Regressão linear,3,549500.0,506020.3868149563
1883,Regressão linear,3,320000.0,258829.69607713394
2029,Regressão linear,3,325000.0,246415.43386635656
2207,Regressão linear,3,258500.0,218805.65881932643
2331,Regressão linear,3,307000.0,89732.18217395403
2662,Regressão linear,3,418200.0,322310.47310886026
2780,Regressão linear,3,665000.0,609545.0232841915
3794,Regressão linear,3,255500.0,139905.43961824468
3858,Regressão linear,3,347500.0,273060.2889660507
4142,Regressão linear,3,260000.0,332465.0432758266
4337,Regressão linear,3,622000.0,505237.99605582457
4409,Regressão linear,3,565000.0,465733.53404008155
4670,Regressão linear,3,375000.0,366589.2109592686
5073,Regressão linear,3,859000.0,790383.8349817437
5740,Regressão linear,3,347500.0,279272.8924075561
6055,Regressão linear,3,270000.0,247273.78824327444
6458,Regressão linear,3,998160.0,995475.4962852037
6680,Regressão linear,3,535900.0,569520.2205572685
6681,Regressão linear,3,230000.0,245505.77422712947
6746,Regressão linear,3,204555.0,99848.13703547453
6891,Regressão linear,3,763000.0,633806.2821618039
7044,Regressão linear,3,649000.0,537718.5839062992
7247,Regressão linear,3,428900.0,554044.0580183093
7482,Regressão linear,3,679000.0,634199.8607438984
7719,Regressão linear,3,245000.0,251521.0463784976
8269,Regressão linear,3,190000.0,178748.51187867403
8317,Regressão linear,3,314950.0,220427.1861726985
8759,Regressão linear,3,411500.0,307607.97942886234
8778,Regressão linear,3,325000.0,322582.11623019027
8893,Regressão linear,3,440000.0,605437.5766149684
8911,Regressão linear,3,190500.0,371256.859445334
9917,Regressão linear,3,649000.0,521787.13840594364
9992,Regressão linear,3,385000.0,385439.9470636558
10389,Regressão linear,3,750000.0,718934.3591211338
10506,Regressão linear,3,535950.0,535045.7466073704
10719,Regressão linear,3,392500.0,263891.4267158557
10760,Regressão linear,3,470000.0,438402.1958605923
11109,Regressão linear,3,200000.0,58523.69131742057
11554,Regressão linear,3,400000.0,446724.33553132624
11646,Regressão linear,3,270000.0,396027.5835693763
12295,Regressão linear,3,1712750.0,1983953.6840613927
13015,Regressão linear,3,295000.0,383968.9955601153
13268,Regressão linear,3,185000.0,192643.76804868222
13522,Regressão linear,3,620000.0,693503.7602420332
14376,Regressão linear,3,546000.0,555422.1827991595
15224,Regressão linear,3,752000.0,689889.8946353607
15600,Regressão linear,3,558000.0,656783.339863881
15767,Regressão linear,3,443000.0,456769.9788452084
15910,Regressão linear,3,415000.0,436172.10181308107
15990,Regressão linear,3,265000.0,263621.78671872197
15991,Regressão linear,3,765000.0,598585.3152354015
16118,Regressão linear,3,329990.0,379550.8248129899
16536,Regressão linear,3,369000.0,371877.8507533923
16813,Regressão linear,3,352500.0,462924.10070039186
17631,Regressão linear,3,260000.0,161249.8609659719
17940,Regressão linear,3,610000.0,532749.5006326373
18442,Regressão linear,3,635000.0,597170.6612435828
18591,Regressão linear,3,526000.0,431078.211617021
19527,Regressão linear,3,991500.0,1125325.7891021862
19872,Regressão linear,3,437000.0,446719.38529675594
20910,Regressão linear,3,311850.0,247208.07798358862
21273,Regressão linear,3,775000.0,731216.4818048665
12703,Ridge,1,390000.0,455659.98360050074
13389,Ridge,1,594950.0,737252.0055112466
13743,Ridge,1,810000.0,768820.409737947
16438,Ridge,1,755000.0,806457.9087145729
101,Ridge,1,555000.0,611036.2534390318
264,Ridge,1,369900.0,921624.2345047495
326,Ridge,1,274975.0,752675.3468760612
377,Ridge,1,275000.0,212281.47074989526
483,Ridge,1,525000.0,495151.71907897043
559,Ridge,1,331500.0,234162.88494934037
1333,Ridge,1,430000.0,510335.4068091338
1473,Ridge,1,650000.0,598002.9079621593
1556,Ridge,1,307500.0,212568.33379755268
1678,Ridge,1,275000.0,334705.924536937
1765,Ridge,1,390000.0,477115.327092312
2140,Ridge,1,1700000.0,1568693.0100075365
2247,Ridge,1,600000.0,517484.88993951713
2275,Ridge,1,610000.0,576725.1083160768
2402,Ridge,1,322500.0,264536.08573658566
2411,Ridge,1,487000.0,921498.5118531149
2584,Ridge,1,387000.0,348799.5754371964
3230,Ridge,1,511718.0,489468.70314393175
3680,Ridge,1,135000.0,262325.94093745237
3870,Ridge,1,120000.0,95960.78826334554
4305,Ridge,1,315000.0,267145.92387098796
4468,Ridge,1,925000.0,1138411.8234679603
4792,Ridge,1,720000.0,648716.2650760384
5389,Ridge,1,630000.0,595130.7702120463
5533,Ridge,1,530000.0,529265.1182341324
6045,Ridge,1,2196000.0,1568276.648939239
6108,Ridge,1,361500.0,392505.4872563686
6678,Ridge,1,830000.0,815969.0467597141
6795,Ridge,1,472000.0,449938.190028964
6936,Ridge,1,315000.0,142230.616931925
7003,Ridge,1,513000.0,619385.559810204
7381,Ridge,1,460000.0,579379.6350600286
7807,Ridge,1,485000.0,423543.2912190595
8414,Ridge,1,212000.0,242093.16188224382
8456,Ridge,1,299000.0,269146.1773578936
8624,Ridge,1,299990.0,455701.40306609485
8656,Ridge,1,440000.0,568469.7406502857
9341,Ridge,1,339950.0,433272.7853953339
10148,Ridge,1,333500.0,300632.35147874337
10223,Ridge,1,535000.0,585560.5922363924
10295,Ridge,1,260000.0,355906.39984473
10437,Ridge,1,350000.0,369181.5270605228
10536,Ridge,1,901000.0,929065.9489938656
11075,Ridge,1,315000.0,248041.998339024
11381,Ridge,1,355000.0,517742.04791012453
11583,Ridge,1,306500.0,340794.76774939604
11679,Ridge,1,840000.0,789372.6139863573
11732,Ridge,1,530000.0,384935.1826407139
11918,Ridge,1,447000.0,543074.2280350322
12019,Ridge,1,1100000.0,714072.775078834
12059,Ridge,1,715000.0,597453.9294886349
12853,Ridge,1,315000.0,297657.29811154364
12890,Ridge,1,400000.0,364068.4179611661
12951,Ridge,1,246000.0,363477.1397233575
13238,Ridge,1,685000.0,1025030.5916361752
13772,Ridge,1,289000.0,219552.74148021638
14169,Ridge,1,321500.0,446134.49878162885
14544,Ridge,1,325250.0,235386.71604644338
14589,Ridge,1,1045000.0,1045296.0103201126
14777,Ridge,1,299000.0,389936.3242334406
14896,Ridge,1,667500.0,594048.4996071629
14980,Ridge,1,935000.0,1152463.9734184768
15208,Ridge,1,155000.0,78797.51709406043
15543,Ridge,1,210000.0,286221.16231683944
15683,Ridge,1,620000.0,680362.7974174893
15740,Ridge,1,546200.0,642369.9702529121
15823,Ridge,1,435000.0,536153.4258774673
15968,Ridge,1,279950.0,172631.09561131027
15997,Ridge,1,415000.0,515065.80600904336
16010,Ridge,1,540000.0,574329.2966724645
16191,Ridge,1,465000.0,394620.4638972448
16796,Ridge,1,278000.0,460907.1790005499
16820,Ridge,1,280500.0,339503.8296436919
17115,Ridge,1,182500.0,112908.82352522883
17117,Ridge,1,360000.0,436185.8032491597
17191,Ridge,1,997950.0,1027771.9173748296
17461,Ridge,1,622200.0,410676.3453486355
17522,Ridge,1,605000.0,861530.6469929148
17656,Ridge,1,598555.0,710797.3513644353
17814,Ridge,1,334500.0,331909.79293057503
17924,Ridge,1,420000.0,509009.5021301452
18049,Ridge,1,314000.0,188860.375341666
18441,Ridge,1,330000.0,454553.3170414748
18522,Ridge,1,287500.0,346519.8604621915
18615,Ridge,1,483000.0,456852.28124116047
18684,Ridge,1,360000.0,416553.38989344
18962,Ridge,1,450000.0,447286.27454451926
19059,Ridge,1,218000.0,161917.617374852
19522,Ridge,1,268000.0,307975.4164296241
19970,Ridge,1,600000.0,561656.9396547634
20461,Ridge,1,489950.0,596430.5768999283
20580,Ridge,1,289000.0,282195.496834111
21033,Ridge,1,1049990.0,1020871.3445547742
21370,Ridge,1,331000.0,410427.91685544804
43,Ridge,1,685000.0,660286.4826902082
82,Ridge,1,355000.0,423837.5681540959
114,Ridge,1,480000.0,752844.6540859246
430,Ridge,1,328500.0,432454.2710117091
560,Ridge,1,460000.0,367773.8016445697
970,Ridge,1,532500.0,462084.96061086265
1252,Ridge,1,399000.0,532091.6988512373
1373,Ridge,1,830000.0,811836.9470915012
1624,Ridge,1,750000.0,894317.0616152618
2356,Ridge,1,618000.0,844013.6635384015
2593,Ridge,1,337500.0,251418.2296804106
3003,Ridge,1,259000.0,282805.40477548743
3054,Ridge,1,308000.0,470153.7020254595
3131,Ridge,1,759000.0,909994.5917037537
3175,Ridge,1,520000.0,612910.1186082418
3304,Ridge,1,206000.0,156951.61118344666
3343,Ridge,1,247300.0,344397.92446725664
3469,Ridge,1,330000.0,408848.5126598409
3483,Ridge,1,209950.0,100307.32143596385
3686,Ridge,1,436300.0,561827.8423517066
4375,Ridge,1,352800.0,414976.8397145374
4476,Ridge,1,400000.0,451423.6339063732
4567,Ridge,1,599000.0,533679.3583840856
4853,Ridge,1,840000.0,926617.1885894861
5276,Ridge,1,226450.0,211970.0212971411
5313,Ridge,1,349000.0,284348.34706403315
5629,Ridge,1,350000.0,373794.12555842544
5636,Ridge,1,420000.0,469240.0952525264
5675,Ridge,1,1419000.0,1439701.7016684946
6051,Ridge,1,312000.0,516825.58031779266
6096,Ridge,1,427500.0,536404.4843581603
6117,Ridge,1,277500.0,347359.7361048797
6168,Ridge,1,435000.0,338101.17565133964
6306,Ridge,1,313000.0,305510.97361746605
6366,Ridge,1,817000.0,865001.6925825372
6616,Ridge,1,299950.0,229291.52986995102
6755,Ridge,1,350000.0,350508.41959399526
6976,Ridge,1,415000.0,426264.20212859235
7097,Ridge,1,285000.0,747494.6937982028
7133,Ridge,1,445000.0,433281.7861613807
7197,Ridge,1,235000.0,223405.49108571507
7289,Ridge,1,390000.0,363047.5352652917
7334,Ridge,1,483000.0,493819.228123726
7887,Ridge,1,439000.0,632400.3122243417
8020,Ridge,1,450000.0,513337.8943780343
8073,Ridge,1,270000.0,214300.1556916501
8612,Ridge,1,340000.0,274650.2616244616
8629,Ridge,1,575000.0,560683.5119636063
8673,Ridge,1,1090000.0,855785.633102352
8744,Ridge,1,490000.0,550466.6386291694
9075,Ridge,1,765000.0,947384.9292408412
9194,Ridge,1,240000.0,172614.08172510128
9312,Ridge,1,370000.0,279950.2298593917
9338,Ridge,1,217000.0,208433.6408174716
9620,Ridge,1,473000.0,432840.34125490295
9713,Ridge,1,1250000.0,1152017.6258076434
9753,Ridge,1,246000.0,240305.5945765429
9974,Ridge,1,230000.0,128004.92850735696
10065,Ridge,1,315000.0,362173.73392953235
10144,Ridge,1,245000.0,177803.40450032213
10280,Ridge,1,550000.0,519369.2635330785
10345,Ridge,1,324000.0,310347.6302873253
10384,Ridge,1,695000.0,792141.1987737315
10500,Ridge,1,476000.0,362893.47812828416
11014,Ridge,1,397500.0,571335.2528384582
11372,Ridge,1,292500.0,223392.25474977994
11412,Ridge,1,484950.0,625084.8372650103
11439,Ridge,1,935000.0,878914.1017339516
11462,Ridge,1,290000.0,228850.14898644126
11526,Ridge,1,825000.0,919450.454299792
12396,Ridge,1,943500.0,1090000.5037367705
12563,Ridge,1,845000.0,871024.2894290979
12566,Ridge,1,400000.0,408326.64208930486
12576,Ridge,1,309500.0,222906.71282421314
12620,Ridge,1,669888.0,583443.3077962002
12658,Ridge,1,290000.0,331666.39034153725
13500,Ridge,1,372000.0,399055.78620635194
13527,Ridge,1,940000.0,821949.6846468362
14038,Ridge,1,202950.0,100042.13941000798
14226,Ridge,1,749500.0,668798.4329069073
14278,Ridge,1,769950.0,811220.0023197538
14454,Ridge,1,159995.0,85868.55145134032
14699,Ridge,1,526500.0,447385.43559411267
14907,Ridge,1,740000.0,986116.0354159146
15229,Ridge,1,1395000.0,1054324.2819413096
15290,Ridge,1,340000.0,323601.8025663408
15490,Ridge,1,320000.0,303999.7747464726
15578,Ridge,1,369950.0,327998.64712277515
15815,Ridge,1,322000.0,203230.2127147804
16247,Ridge,1,255000.0,174414.2788994091
16429,Ridge,1,865000.0,859237.4498940988
16599,Ridge,1,710000.0,756508.2500266733
16881,Ridge,1,353500.0,204505.23774322664
16884,Ridge,1,547500.0,615476.9978935858
16905,Ridge,1,520000.0,626307.3892057554
17064,Ridge,1,550000.0,809300.1097240099
17265,Ridge,1,545000.0,870221.380244263
17333,Ridge,1,430000.0,393240.6340496386
17560,Ridge,1,879000.0,1103228.5443300693
17621,Ridge,1,450000.0,395223.1855730559
17796,Ridge,1,389000.0,492054.25490263023
17939,Ridge,1,424000.0,430803.1546042273
18574,Ridge,1,397380.0,450426.92319139047
18604,Ridge,1,815000.0,444537.97351477516
18722,Ridge,1,1225000.0,1494944.3252578063
18826,Ridge,1,760000.0,748117.5992719398
18891,Ridge,1,391265.0,429614.146136625
19069,Ridge,1,275000.0,286680.7622818294
19107,Ridge,1,429000.0,448648.28473751235
19526,Ridge,1,1010000.0,1145687.8581053463
20144,Ridge,1,1575000.0,1118683.1235928964
20219,Ridge,1,515000.0,506212.8950637308
20305,Ridge,1,849990.0,796155.0621217957
20906,Ridge,1,274900.0,210828.2743674236
20954,Ridge,1,492000.0,511801.1312442637
21243,Ridge,1,630000.0,744190.3660536488
21323,Ridge,1,1500000.0,1021500.5077967953
516,Ridge,1,308000.0,230769.9308062505
820,Ridge,1,325000.0,34182.690496664494
1146,Ridge,1,510000.0,505302.90693259524
1628,Ridge,1,880000.0,828511.3558163263
1639,Ridge,1,810000.0,769351.9494897553
1676,Ridge,1,2250000.0,1396711.5758357549
1682,Ridge,1,390000.0,332360.76117244555
2190,Ridge,1,568000.0,659773.4386588943
2231,Ridge,1,529219.0,565917.6273431011
2687,Ridge,1,385195.0,213779.27364950668
2777,Ridge,1,325900.0,302010.47207873507
3215,Ridge,1,650000.0,438195.85794938705
3546,Ridge,1,436000.0,500743.240942431
3731,Ridge,1,470000.0,518465.83529305493
3762,Ridge,1,524500.0,731484.8025529725
3875,Ridge,1,387000.0,440529.6481094466
4098,Ridge,1,1055000.0,875378.6675072109
4241,Ridge,1,865000.0,885082.9857423261
4350,Ridge,1,659950.0,758873.793477817
4417,Ridge,1,299950.0,236718.15775694593
4424,Ridge,1,355000.0,325268.50145966554
4602,Ridge,1,435000.0,349848.77933823655
5075,Ridge,1,465000.0,489381.97818645573
5256,Ridge,1,294000.0,388209.802381789
5723,Ridge,1,96500.0,-31458.740032262343
5820,Ridge,1,653000.0,634894.9876127716
6129,Ridge,1,590000.0,597446.9381972733
6413,Ridge,1,481500.0,430424.46039272915
6587,Ridge,1,740000.0,870949.3386161949
7282,Ridge,1,600000.0,334469.75629328436
7344,Ridge,1,922000.0,1015404.8507984288
7419,Ridge,1,393000.0,304391.59826035914
7839,Ridge,1,315000.0,261500.64913554414
7869,Ridge,1,231200.0,155468.04673026555
7993,Ridge,1,342000.0,466193.4918893096
8202,Ridge,1,389500.0,447810.1516368155
8243,Ridge,1,695000.0,659341.4396848344
8306,Ridge,1,549000.0,628641.3504087714
9123,Ridge,1,245000.0,155330.13692083926
9421,Ridge,1,329922.0,301894.7683288334
9606,Ridge,1,608000.0,676835.9379054841
9881,Ridge,1,738000.0,801505.2391701106
9912,Ridge,1,240000.0,246926.75831699863
10973,Ridge,1,595000.0,563888.4888419377
11357,Ridge,1,246950.0,324888.6961253904
11361,Ridge,1,495000.0,727276.197160598
11573,Ridge,1,680000.0,669937.988034348
11689,Ridge,1,400000.0,17618.071185519628
12094,Ridge,1,630000.0,748779.0235096641
12104,Ridge,1,1430000.0,1075444.750752637
12319,Ridge,1,795127.0,1074881.919893666
12527,Ridge,1,625000.0,665291.0779844634
13288,Ridge,1,322000.0,246774.5260142201
13425,Ridge,1,1169000.0,1057374.6469709233
13797,Ridge,1,535000.0,549663.3510016081
13894,Ridge,1,467000.0,387245.44391052437
13922,Ridge,1,572500.0,594010.3783468365
14231,Ridge,1,815000.0,785487.4609566501
15161,Ridge,1,650000.0,703685.6245121309
15442,Ridge,1,195000.0,349864.5667191569
15707,Ridge,1,480000.0,513122.7506562604
15780,Ridge,1,359950.0,463541.3405306209
16272,Ridge,1,276693.0,263625.4603199726
16597,Ridge,1,376000.0,509069.3392275208
16610,Ridge,1,270000.0,259688.76988984752
16633,Ridge,1,205000.0,169217.23577710887
16695,Ridge,1,221000.0,165428.82928349398
16962,Ridge,1,152500.0,24055.642461078533
17000,Ridge,1,495000.0,480269.3699377574
17384,Ridge,1,297000.0,280177.0848718772
17444,Ridge,1,979700.0,1064166.8978996978
17745,Ridge,1,272450.0,247245.0107063182
17804,Ridge,1,550000.0,555792.8445933822
17885,Ridge,1,645000.0,690914.2457822631
18039,Ridge,1,344000.0,308710.08303311985
18108,Ridge,1,290000.0,179336.23084355984
18189,Ridge,1,770000.0,846321.2951400734
18379,Ridge,1,265000.0,-182175.9075811329
18572,Ridge,1,299000.0,288786.5958623275
18639,Ridge,1,410000.0,374749.18728595454
19239,Ridge,1,340000.0,510770.9332346021
19421,Ridge,1,610000.0,730778.4671998755
19540,Ridge,1,588000.0,658693.3181239181
19647,Ridge,1,1040890.0,1062743.6432310673
19725,Ridge,1,1375000.0,994978.6596585615
19739,Ridge,1,450000.0,513643.9901950431
20119,Ridge,1,399000.0,429130.3676159722
20132,Ridge,1,552000.0,570507.2887724766
20500,Ridge,1,1699990.0,1430208.7373679737
20544,Ridge,1,455000.0,551435.1547435591
20820,Ridge,1,452000.0,472452.38986191596
21149,Ridge,1,950000.0,1007837.0998404187
21218,Ridge,1,465000.0,415522.60784805205
148,Ridge,1,258000.0,323551.51093842555
493,Ridge,1,669950.0,602020.5296976574
541,Ridge,1,280000.0,234237.20243024442
1240,Ridge,1,685100.0,679212.4624395451
1312,Ridge,1,537250.0,587712.9402966271
1625,Ridge,1,192000.0,215822.10712203343
2209,Ridge,1,1050000.0,978588.0443931737
2312,Ridge,1,260000.0,238665.89375682018
2475,Ridge,1,345000.0,272691.99936173623
3370,Ridge,1,700000.0,615219.4474352895
3432,Ridge,1,289950.0,192150.12172326975
3494,Ridge,1,790000.0,718575.8278333321
3826,Ridge,1,856000.0,1010647.5111039275
3902,Ridge,1,270000.0,371251.45033402776
4160,Ridge,1,579100.0,459369.42584274185
4277,Ridge,1,220000.0,86329.40139662282
4829,Ridge,1,339950.0,228837.5091572827
4888,Ridge,1,275000.0,242624.08903676254
5037,Ridge,1,459000.0,395985.4313048249
5198,Ridge,1,813000.0,665580.7237168958
5540,Ridge,1,538000.0,455261.7705108428
5621,Ridge,1,110000.0,24248.156646257557
5744,Ridge,1,404500.0,454674.03661396867
5830,Ridge,1,759000.0,739172.7320260628
6190,Ridge,1,445000.0,460056.7646117893
6561,Ridge,1,1337500.0,1065397.4172288743
7271,Ridge,1,1200000.0,1185040.8102772215
7423,Ridge,1,935100.0,865454.8488907549
8473,Ridge,1,236000.0,255063.7735031292
8640,Ridge,1,225000.0,202603.45686729258
9398,Ridge,1,685000.0,793858.9972850368
9860,Ridge,1,330000.0,405320.0053915157
9893,Ridge,1,679000.0,705260.3878418317
10025,Ridge,1,230000.0,231400.77239853318
10031,Ridge,1,579500.0,495042.7671963891
10294,Ridge,1,488500.0,345331.1270790149
10360,Ridge,1,340500.0,578808.2504112561
10387,Ridge,1,134000.0,161924.82948969287
10789,Ridge,1,450000.0,396473.27422034007
11063,Ridge,1,845000.0,774317.3229957558
11160,Ridge,1,375000.0,312475.494966444
11497,Ridge,1,580000.0,515937.2446178918
11829,Ridge,1,1785000.0,1606538.247202247
12419,Ridge,1,214950.0,191751.75632861332
12420,Ridge,1,580000.0,587567.4230789132
12482,Ridge,1,770000.0,902276.8997405018
12581,Ridge,1,478000.0,463672.7168692419
13004,Ridge,1,490000.0,501688.275822081
13345,Ridge,1,1100000.0,1009945.2540285792
13395,Ridge,1,230000.0,125344.9273478507
13740,Ridge,1,750000.0,819313.9209996731
13845,Ridge,1,430000.0,353942.0493357191
14039,Ridge,1,622000.0,765298.503304299
14528,Ridge,1,294000.0,269589.7820859265
14637,Ridge,1,415000.0,389814.18818322074
14818,Ridge,1,219900.0,44061.33845945005
15322,Ridge,1,999000.0,1005720.9716426153
15495,Ridge,1,250000.0,156063.39374706155
15690,Ridge,1,407000.0,536022.4117213304
15852,Ridge,1,395000.0,492575.6042999316
15919,Ridge,1,299250.0,468728.8214468906
15951,Ridge,1,268950.0,120913.56248195056
16084,Ridge,1,465000.0,487778.9971161472
16441,Ridge,1,1220000.0,1344254.6194942847
16479,Ridge,1,675000.0,533492.9574543546
16555,Ridge,1,249900.0,119325.31288837403
16702,Ridge,1,704000.0,801434.0720124596
16958,Ridge,1,225000.0,216688.57836461073
17657,Ridge,1,820000.0,1424657.3197634697
18236,Ridge,1,315000.0,445736.7053607452
18448,Ridge,1,325000.0,310432.06042241957
18515,Ridge,1,564000.0,442375.40173274465
18590,Ridge,1,194250.0,271017.1368117181
19290,Ridge,1,447000.0,357530.37875917053
19404,Ridge,1,513000.0,556704.5242421048
19713,Ridge,1,345000.0,435047.1204559187
19744,Ridge,1,759990.0,658834.0694096794
19755,Ridge,1,569900.0,456789.71449669026
19941,Ridge,1,450000.0,449737.7174876009
19986,Ridge,1,1465000.0,847898.9327781771
20400,Ridge,1,306500.0,240875.84781506698
20535,Ridge,1,2950000.0,1363954.5292738953
20748,Ridge,1,395000.0,579171.1897836352
21133,Ridge,1,613000.0,525556.116591688
21417,Ridge,1,598500.0,507246.31002121966
1495,Ridge,1,495000.0,527315.0761592884
1700,Ridge,1,270000.0,202640.46709639812
2483,Ridge,1,543000.0,466700.2808338253
2785,Ridge,1,401000.0,296210.5710705081
2845,Ridge,1,1400000.0,1206800.4022389757
3160,Ridge,1,485000.0,600971.226523707
3264,Ridge,1,556000.0,700328.2177147227
3835,Ridge,1,889000.0,900109.2436385839
4345,Ridge,1,230000.0,123763.51856493135
4649,Ridge,1,415900.0,304041.7482902466
5104,Ridge,1,569950.0,509459.3194900841
5314,Ridge,1,635000.0,998949.9592751939
5775,Ridge,1,730000.0,738540.7575221749
6635,Ridge,1,400000.0,396801.39536529186
7057,Ridge,1,490000.0,747674.6136584772
7858,Ridge,1,475000.0,581286.044726298
8294,Ridge,1,605000.0,696698.7067983403
8676,Ridge,1,380000.0,260125.31053645673
9044,Ridge,1,1348000.0,1095308.9873193966
10452,Ridge,1,655000.0,771676.0643454401
10653,Ridge,1,285000.0,272840.45772647316
11033,Ridge,1,903000.0,1128804.9079441407
11227,Ridge,1,753000.0,665106.3771214916
13227,Ridge,1,370000.0,555915.8562157318
13228,Ridge,1,150000.0,169441.17511412426
13485,Ridge,1,470000.0,518760.2401809806
14174,Ridge,1,427500.0,531987.5887834479
15562,Ridge,1,730000.0,631985.7395499854
15625,Ridge,1,249950.0,235641.20131052163
16722,Ridge,1,340000.0,339430.1145039188
17209,Ridge,1,1450000.0,2137464.6810237058
17552,Ridge,1,515000.0,593113.2691824464
19506,Ridge,1,565000.0,543621.8856964406
20246,Ridge,1,457000.0,485558.6634805033
20263,Ridge,1,575000.0,587202.6549722999
20405,Ridge,1,499000.0,440058.7236198898
21089,Ridge,1,359950.0,410030.14230144105
21116,Ridge,1,474950.0,490427.3045060707
21278,Ridge,1,335900.0,382310.30559706345
21595,Ridge,1,520000.0,500992.3766295501
2924,Ridge,1,353000.0,428918.76151268743
10094,Ridge,1,350000.0,405275.2990412406
13029,Ridge,1,644500.0,664447.0816356242
18148,Ridge,1,399000.0,337997.82415468665
21473,Ridge,1,1750000.0,1482015.2778028124
9158,Ridge,1,825000.0,759579.5975969341
25,Ridge,1,233000.0,277761.24582986487
86,Ridge,1,305000.0,403101.9255770935
702,Ridge,1,480000.0,498030.8902000966
1275,Ridge,1,363000.0,345631.86499297875
1528,Ridge,1,555000.0,531697.1394757484
1807,Ridge,1,930000.0,1259986.9859629662
2166,Ridge,1,265000.0,131905.34430645872
2191,Ridge,1,605000.0,756882.6619575119
2369,Ridge,1,674750.0,700926.19066587
2575,Ridge,1,690000.0,755513.8625434263
2835,Ridge,1,697000.0,708067.2162558971
2850,Ridge,1,399950.0,432124.6233405195
3010,Ridge,1,210000.0,102974.41192020447
3388,Ridge,1,637000.0,660866.994509287
3413,Ridge,1,189000.0,99513.67401605088
3554,Ridge,1,277500.0,234487.75758471247
4188,Ridge,1,585000.0,554757.5843810237
4737,Ridge,1,425000.0,290178.02135102614
4741,Ridge,1,666000.0,686747.5322956062
4797,Ridge,1,369950.0,301647.56906634045
5074,Ridge,1,435000.0,382565.78924138297
6416,Ridge,1,238950.0,32839.1917497493
6634,Ridge,1,612000.0,634374.960442422
6670,Ridge,1,1515000.0,1282651.400391646
6780,Ridge,1,292000.0,350525.6052912446
6838,Ridge,1,508000.0,806468.480693774
8086,Ridge,1,650000.0,634470.0061772671
8283,Ridge,1,296000.0,267426.7499616059
9236,Ridge,1,500000.0,629396.3399552393
9321,Ridge,1,290000.0,287027.6905745915
9326,Ridge,1,720000.0,770717.3536157648
9463,Ridge,1,398500.0,552158.2196110194
9491,Ridge,1,365000.0,517240.4003996447
9542,Ridge,1,734000.0,820125.4544856173
9899,Ridge,1,599950.0,484320.62495720026
10024,Ridge,1,455000.0,424771.39674705226
10271,Ridge,1,426950.0,408890.19402655744
10357,Ridge,1,334000.0,374532.8237031376
10517,Ridge,1,313000.0,241308.92881459964
10675,Ridge,1,257700.0,220980.0124223472
10841,Ridge,1,265000.0,176878.19708045188
11138,Ridge,1,825000.0,770193.3333041936
11675,Ridge,1,244000.0,309304.0791481249
11817,Ridge,1,250000.0,277245.2892812232
11913,Ridge,1,685000.0,782632.4826345178
12011,Ridge,1,395000.0,458685.12258926925
12093,Ridge,1,295000.0,151300.9809597794
12152,Ridge,1,375000.0,295033.86152606277
12383,Ridge,1,164000.0,40818.59137835773
13608,Ridge,1,447500.0,658312.8997506006
13679,Ridge,1,431000.0,410233.55335844646
13900,Ridge,1,772000.0,880825.909241063
13981,Ridge,1,235000.0,182453.72681027732
13994,Ridge,1,370000.0,478684.666666974
14322,Ridge,1,480000.0,318617.40519085666
14830,Ridge,1,465000.0,509751.36097263213
15532,Ridge,1,750500.0,799612.8550860102
17546,Ridge,1,337000.0,544082.3663227431
17645,Ridge,1,253000.0,175857.35603948362
18499,Ridge,1,550000.0,696080.5075456476
18686,Ridge,1,699950.0,685706.1029291486
19090,Ridge,1,250000.0,197726.93353631848
19242,Ridge,1,435000.0,652217.441359799
19267,Ridge,1,495000.0,651451.508342526
19314,Ridge,1,316000.0,276368.6148127414
19741,Ridge,1,660000.0,487331.85103734094
19749,Ridge,1,379900.0,348273.9882938513
19926,Ridge,1,409950.0,410968.1450806593
20081,Ridge,1,599000.0,633960.1729191764
20082,Ridge,1,478000.0,520997.99211769213
20952,Ridge,1,549900.0,507124.0802544486
21242,Ridge,1,452000.0,344702.2250234195
21256,Ridge,1,249950.0,196012.3939528218
123,Ridge,1,445000.0,499243.4950445514
149,Ridge,1,511000.0,487649.95468952367
412,Ridge,1,632925.0,719756.1951905149
462,Ridge,1,230000.0,165045.6126794027
480,Ridge,1,378500.0,419303.70928154525
765,Ridge,1,560000.0,505939.69826875016
864,Ridge,1,280000.0,244249.78816450824
1338,Ridge,1,825000.0,801718.4804861143
1643,Ridge,1,238000.0,211381.5302464192
1657,Ridge,1,400000.0,354633.05325869133
1747,Ridge,1,397000.0,454648.0134050708
1960,Ridge,1,800000.0,668057.9726424612
2050,Ridge,1,235000.0,231566.2531872156
2476,Ridge,1,340000.0,372576.90535778133
2930,Ridge,1,295000.0,274796.6108902478
2987,Ridge,1,392000.0,294043.588402926
3449,Ridge,1,546000.0,524498.1138266787
3497,Ridge,1,457500.0,448222.346971903
4956,Ridge,1,611000.0,511915.7391550587
5310,Ridge,1,390000.0,439488.24860464805
5423,Ridge,1,665000.0,533391.8766029759
5804,Ridge,1,272000.0,182258.2424511828
5832,Ridge,1,280000.0,-95644.37346483121
6228,Ridge,1,380000.0,424621.43718998256
6278,Ridge,1,241000.0,100554.57249826245
6760,Ridge,1,339888.0,265038.5080775621
7684,Ridge,1,355000.0,374776.83894668915
7755,Ridge,1,390000.0,405612.95972039306
7918,Ridge,1,475000.0,435158.65375176945
8680,Ridge,1,690000.0,839132.7835459108
8915,Ridge,1,350000.0,437451.82251290383
8977,Ridge,1,398000.0,428042.4738909161
9577,Ridge,1,449500.0,363282.1835718919
10700,Ridge,1,274900.0,149438.25903037045
11053,Ridge,1,354000.0,558986.9841641834
11456,Ridge,1,300000.0,353188.45637119934
12608,Ridge,1,291000.0,378797.05514021905
12792,Ridge,1,495000.0,519694.06800996495
13000,Ridge,1,295000.0,296951.48040072294
13806,Ridge,1,325000.0,261236.23094849056
14035,Ridge,1,550000.0,531613.3321301057
14122,Ridge,1,380000.0,597427.1245197509
14269,Ridge,1,349000.0,344375.17665822024
14695,Ridge,1,380950.0,378191.0875424519
14717,Ridge,1,289000.0,347471.04231128475
14807,Ridge,1,410000.0,500689.57158258435
14841,Ridge,1,952000.0,1015064.0860642261
14949,Ridge,1,405000.0,350443.7674638946
15052,Ridge,1,429900.0,648392.0547384156
15176,Ridge,1,225000.0,124231.75526962208
15411,Ridge,1,502000.0,406902.07737366785
15535,Ridge,1,1047000.0,1245641.7616156847
15992,Ridge,1,509000.0,583013.5050211466
16239,Ridge,1,500000.0,668902.3911182291
16519,Ridge,1,425000.0,445153.11826189735
16609,Ridge,1,275000.0,246129.4468555633
16715,Ridge,1,239000.0,277498.56149810995
16861,Ridge,1,435000.0,560828.1996843789
18161,Ridge,1,660000.0,749328.9816868961
18300,Ridge,1,715000.0,779143.8353841514
18868,Ridge,1,925850.0,867748.8979036445
19044,Ridge,1,290000.0,357356.77971539274
19089,Ridge,1,299500.0,270716.9671785352
19312,Ridge,1,345000.0,217285.29473404185
19593,Ridge,1,257000.0,192606.78421812603
20285,Ridge,1,456500.0,458060.698969209
20286,Ridge,1,382495.0,320478.9942119527
20438,Ridge,1,530000.0,644592.0092049463
20449,Ridge,1,294000.0,202620.38636262604
20682,Ridge,1,922755.0,868805.8176315931
20981,Ridge,1,857326.0,899562.8218673437
75,Ridge,1,832500.0,854605.2783943578
191,Ridge,1,166950.0,109599.74497936916
315,Ridge,1,305000.0,305389.65352190426
449,Ridge,1,520000.0,599439.1217188679
513,Ridge,1,290000.0,287796.3861191224
523,Ridge,1,235000.0,211337.59611927153
528,Ridge,1,365000.0,314904.79681704356
611,Ridge,1,650000.0,724124.7544457307
1066,Ridge,1,140000.0,7933.333157275978
1101,Ridge,1,631000.0,668390.4279816583
1210,Ridge,1,585000.0,515746.62283641566
1422,Ridge,1,799000.0,682548.513153948
1634,Ridge,1,415000.0,647165.3565421138
1795,Ridge,1,503000.0,698980.1407748016
1973,Ridge,1,409000.0,360517.16802384413
1996,Ridge,1,194000.0,92365.8061009387
2099,Ridge,1,365000.0,301706.3519695882
2678,Ridge,1,462000.0,634694.7726527267
2860,Ridge,1,929000.0,996608.9633996512
3427,Ridge,1,732350.0,633948.3438615536
3766,Ridge,1,575000.0,824111.3478128777
4044,Ridge,1,269900.0,271309.30967253185
4109,Ridge,1,198500.0,205267.6950580628
4659,Ridge,1,302000.0,517886.42202902015
6005,Ridge,1,300000.0,175021.9352813916
6315,Ridge,1,239950.0,232297.30209097703
6445,Ridge,1,286285.0,251972.05630323064
7063,Ridge,1,319450.0,370188.3354958547
7380,Ridge,1,1070000.0,945669.1193502974
7821,Ridge,1,599000.0,490821.8229679616
7822,Ridge,1,199950.0,127134.95898857829
8005,Ridge,1,865000.0,854147.8837284904
8458,Ridge,1,340000.0,446825.66527662677
8853,Ridge,1,560000.0,688743.0171308964
9031,Ridge,1,435000.0,493048.291884717
9206,Ridge,1,525000.0,669328.7092347554
9485,Ridge,1,349170.0,333651.50586715026
9824,Ridge,1,372000.0,360615.53174156393
9874,Ridge,1,311000.0,215373.74556205154
10199,Ridge,1,682000.0,589858.7222441864
10213,Ridge,1,649000.0,787628.5933024947
10420,Ridge,1,740000.0,1091842.4202495879
10677,Ridge,1,300000.0,275843.7758702852
11052,Ridge,1,398000.0,358045.28345816967
11102,Ridge,1,300000.0,168131.00347294856
11104,Ridge,1,575000.0,553508.4091471591
11281,Ridge,1,710000.0,945730.809223335
11344,Ridge,1,544300.0,468381.38408630755
11413,Ridge,1,1295000.0,1243534.6981814553
11587,Ridge,1,385000.0,264273.4762409187
12300,Ridge,1,741000.0,757351.0014075369
12650,Ridge,1,1850000.0,1089813.892154421
12855,Ridge,1,435000.0,491451.1312729318
13498,Ridge,1,850000.0,826906.1243521159
13537,Ridge,1,200000.0,306277.48334762966
14230,Ridge,1,850000.0,706555.4566217747
14330,Ridge,1,405000.0,595903.769334872
14733,Ridge,1,308500.0,243572.3141542698
14802,Ridge,1,290000.0,453377.6326688012
14978,Ridge,1,475000.0,537103.883869939
14985,Ridge,1,635000.0,1036586.7819159022
15123,Ridge,1,320000.0,316298.592469719
15406,Ridge,1,650000.0,591958.4642647302
16396,Ridge,1,616000.0,830725.9061325793
16894,Ridge,1,986000.0,812633.3295575074
17136,Ridge,1,290000.0,430004.08314150956
17563,Ridge,1,512500.0,778520.8995321643
17650,Ridge,1,496600.0,524706.7114719434
18153,Ridge,1,373000.0,365176.02953960886
18618,Ridge,1,355000.0,467153.3817462337
18871,Ridge,1,280000.0,43149.911133043
18880,Ridge,1,239000.0,125274.95676704834
20565,Ridge,1,350000.0,398737.3984334892
21359,Ridge,1,924000.0,740137.5240650601
21442,Ridge,1,580000.0,524050.4823353122
21500,Ridge,1,443000.0,560802.83485164
341,Ridge,1,684000.0,635026.0618490188
499,Ridge,1,437500.0,366767.3667839118
728,Ridge,1,328000.0,232578.7204723787
1049,Ridge,1,716500.0,827630.8651992823
1504,Ridge,1,1102030.0,1199801.563830397
1510,Ridge,1,360000.0,365531.10216253076
1661,Ridge,1,331500.0,349022.6298260121
2374,Ridge,1,575000.0,601611.5229142394
2686,Ridge,1,343000.0,294711.1984233829
2724,Ridge,1,390000.0,497723.6732388212
3551,Ridge,1,355000.0,437763.13819572073
4121,Ridge,1,635000.0,635813.5237372756
4128,Ridge,1,245000.0,192621.45977545076
4406,Ridge,1,2050000.0,1438304.2194279823
5146,Ridge,1,432000.0,432602.04339465155
5391,Ridge,1,345000.0,388726.5381632756
5452,Ridge,1,299950.0,363369.2967528502
5519,Ridge,1,285000.0,313948.0426915878
5580,Ridge,1,353000.0,361713.9679580935
5589,Ridge,1,1880000.0,2136953.374040633
5703,Ridge,1,395000.0,428231.93524292676
5904,Ridge,1,416500.0,413877.8362006093
5980,Ridge,1,685000.0,705492.5186856352
6241,Ridge,1,280000.0,242296.52501832106
6263,Ridge,1,175000.0,150084.38904004864
6264,Ridge,1,560000.0,565314.7386537575
6532,Ridge,1,500000.0,524254.9051086885
6704,Ridge,1,203000.0,157214.36224351393
7268,Ridge,1,195000.0,126035.54579073499
7622,Ridge,1,481500.0,583898.1895547903
8261,Ridge,1,375000.0,367546.32279639243
8284,Ridge,1,193000.0,211755.62071957154
8318,Ridge,1,375000.0,292273.1042986273
8494,Ridge,1,338000.0,300629.0290044808
8524,Ridge,1,320000.0,270405.5528653938
8543,Ridge,1,445000.0,508784.9223124578
8819,Ridge,1,1005000.0,1016966.8340210875
9188,Ridge,1,144000.0,60922.73032428522
9271,Ridge,1,926500.0,814119.2447976831
9665,Ridge,1,195700.0,140608.51194328256
9734,Ridge,1,410000.0,389739.4997803942
10153,Ridge,1,985000.0,1372699.4319610815
10717,Ridge,1,555000.0,543638.4475295004
10833,Ridge,1,608700.0,643601.9393630848
11071,Ridge,1,420000.0,382204.89445862646
11079,Ridge,1,774000.0,815537.7913367883
11340,Ridge,1,1078500.0,1114543.9771319658
13035,Ridge,1,300000.0,212203.97061556322
13367,Ridge,1,610000.0,487243.8917637109
13596,Ridge,1,515000.0,565581.1938958055
13837,Ridge,1,465000.0,530781.7785604375
14195,Ridge,1,473600.0,408917.01112081256
14225,Ridge,1,310000.0,163605.0305179106
14297,Ridge,1,1500000.0,1376585.7379718225
14672,Ridge,1,274000.0,306792.379109283
14836,Ridge,1,215500.0,157405.4386929889
15626,Ridge,1,390000.0,447807.3782294509
15646,Ridge,1,368000.0,506607.9950298625
15877,Ridge,1,282500.0,313884.9465281502
15926,Ridge,1,778000.0,848816.511019514
16237,Ridge,1,216500.0,61427.907642134465
16659,Ridge,1,552321.0,591217.8836017151
16793,Ridge,1,465000.0,472740.309180874
16932,Ridge,1,605125.0,440273.74048404925
17285,Ridge,1,735000.0,661212.2460617865
17587,Ridge,1,428950.0,484898.69989123405
17598,Ridge,1,160000.0,195072.0840358385
17668,Ridge,1,465000.0,559029.6597582202
17730,Ridge,1,515000.0,620733.4355579842
17925,Ridge,1,550000.0,548776.2596680858
18166,Ridge,1,230000.0,115376.42549751664
18959,Ridge,1,315000.0,387556.52566411823
19266,Ridge,1,302000.0,235187.89334372204
19297,Ridge,1,1430800.0,955046.4286092729
20284,Ridge,1,345000.0,253861.97376938007
20614,Ridge,1,308625.0,286594.9682006498
20864,Ridge,1,1275000.0,1104635.0571353675
21084,Ridge,1,680000.0,601230.780808881
742,Ridge,1,740000.0,588777.170146148
1193,Ridge,1,655000.0,625883.2513869349
1204,Ridge,1,179950.0,103734.99353783607
1442,Ridge,1,352950.0,486963.6458910126
1740,Ridge,1,785000.0,783411.3669731976
1806,Ridge,1,574000.0,670351.218805808
2355,Ridge,1,1187500.0,1181783.1925206282
2493,Ridge,1,195000.0,205209.5992153188
2880,Ridge,1,599950.0,722649.2814818285
3338,Ridge,1,1675000.0,1495227.1675874698
3381,Ridge,1,799950.0,872911.0911261011
3496,Ridge,1,697000.0,786545.1114802035
4046,Ridge,1,267000.0,164037.78002652602
4077,Ridge,1,875000.0,1628605.5589629335
4099,Ridge,1,875000.0,961496.3847791392
4857,Ridge,1,320000.0,399794.1415029152
4925,Ridge,1,245000.0,182877.15625076543
5416,Ridge,1,785000.0,795356.3537187639
5550,Ridge,1,227000.0,217545.0642987672
7354,Ridge,1,279900.0,306716.52452980244
7376,Ridge,1,295000.0,157998.15314429213
7385,Ridge,1,450000.0,767840.6776610052
7610,Ridge,1,449000.0,505968.7044545614
7623,Ridge,1,224500.0,167498.23856334185
7910,Ridge,1,616000.0,739039.2407443464
8282,Ridge,1,245000.0,303822.5249270147
8402,Ridge,1,248000.0,180842.92775950592
8480,Ridge,1,808100.0,881220.0172094952
9648,Ridge,1,359950.0,385171.45173929306
9965,Ridge,1,485000.0,628787.275508959
10247,Ridge,1,324360.0,340751.35257787607
10297,Ridge,1,440000.0,545212.2733040776
10564,Ridge,1,195000.0,201070.2750384229
11153,Ridge,1,515000.0,602758.9746981374
11430,Ridge,1,320000.0,367859.77992728323
11617,Ridge,1,275000.0,68760.25599286862
11624,Ridge,1,614000.0,629151.1154980169
11664,Ridge,1,255000.0,200673.23220063007
11914,Ridge,1,429950.0,431700.28806529683
11986,Ridge,1,330000.0,458476.997174666
12133,Ridge,1,650000.0,672501.1813362029
12427,Ridge,1,230000.0,237781.73303500115
12548,Ridge,1,442500.0,559433.9587601974
12603,Ridge,1,470950.0,606456.5892815988
12895,Ridge,1,645000.0,716176.0651349472
13155,Ridge,1,456000.0,548263.3368824495
13237,Ridge,1,429000.0,224041.11477585265
13283,Ridge,1,415000.0,597946.8825690574
13464,Ridge,1,790000.0,763963.572994978
13696,Ridge,1,240000.0,233470.21699586825
14008,Ridge,1,129000.0,2084.275549333426
14110,Ridge,1,407185.0,413463.9772499095
14142,Ridge,1,290000.0,206041.2791283988
14428,Ridge,1,980000.0,1128499.091578077
15360,Ridge,1,707500.0,657993.0214899768
15393,Ridge,1,421000.0,359120.2090462679
15432,Ridge,1,660000.0,649075.109600914
15550,Ridge,1,339950.0,552640.2882943095
15663,Ridge,1,185000.0,103241.94837703864
15703,Ridge,1,465000.0,471975.55704620725
16063,Ridge,1,278000.0,187008.3560367797
16868,Ridge,1,590000.0,620915.6860649
17292,Ridge,1,379770.0,370905.18449107
17505,Ridge,1,982000.0,778051.4796887109
17886,Ridge,1,217000.0,96375.9743947311
18607,Ridge,1,1156000.0,1286194.636985907
18697,Ridge,1,335000.0,417738.54232929164
19110,Ridge,1,715000.0,654184.2877946751
19493,Ridge,1,370000.0,391551.62172010716
19997,Ridge,1,287000.0,147280.02163199143
20590,Ridge,1,445000.0,663958.3983076189
20973,Ridge,1,1242000.0,1399673.8067177425
21169,Ridge,1,855000.0,898852.8206251846
2790,Ridge,1,1610000.0,1222336.6455679515
4920,Ridge,1,450000.0,455045.8447153409
8346,Ridge,1,325000.0,357719.35563922883
12597,Ridge,1,313999.0,226107.87206215132
20365,Ridge,1,310000.0,289238.00901129737
4204,Ridge,1,373000.0,543774.1004130985
8444,Ridge,1,607000.0,622119.4476426721
15676,Ridge,1,346000.0,335700.0412036965
30,Ridge,1,580500.0,549504.5831786597
33,Ridge,1,535000.0,502359.9598467137
446,Ridge,1,1030000.0,904560.9994656753
891,Ridge,1,1010000.0,863224.7110549769
1100,Ridge,1,1570000.0,1473475.2720276364
1136,Ridge,1,400000.0,428621.0220105007
1265,Ridge,1,467000.0,382078.7985723014
1492,Ridge,1,521000.0,408915.6652143509
2080,Ridge,1,545000.0,464187.19886222197
2346,Ridge,1,520000.0,680953.4186563299
2350,Ridge,1,350000.0,258557.4599547466
2397,Ridge,1,280000.0,298487.01451181725
2818,Ridge,1,1385000.0,1083180.1475570444
3460,Ridge,1,640000.0,761591.7433294319
4439,Ridge,1,1250000.0,1209222.5818839453
4466,Ridge,1,415000.0,428017.62503252085
4698,Ridge,1,354000.0,266481.78662084823
5046,Ridge,1,600000.0,592189.1119191323
5520,Ridge,1,700000.0,715001.2602440108
5535,Ridge,1,250000.0,210958.5894528302
5965,Ridge,1,315000.0,335441.94139150775
7047,Ridge,1,390000.0,496838.5036664829
7885,Ridge,1,713500.0,927052.5783881218
8399,Ridge,1,507000.0,538585.6703524207
8534,Ridge,1,898000.0,988773.9804235732
8536,Ridge,1,1240000.0,1035883.1388866049
9915,Ridge,1,234000.0,254197.71631253482
10126,Ridge,1,350000.0,371074.43869492726
10149,Ridge,1,373000.0,329343.91264638695
10184,Ridge,1,725000.0,809068.1770390957
10348,Ridge,1,1197000.0,1268983.1085749725
11334,Ridge,1,700000.0,773657.7718009155
11425,Ridge,1,277700.0,411396.6025809604
11481,Ridge,1,195000.0,155372.8130822935
11570,Ridge,1,510000.0,528886.8935367035
11677,Ridge,1,218000.0,163491.42271853966
11749,Ridge,1,447000.0,334136.29556025495
12692,Ridge,1,470000.0,693555.406238902
12733,Ridge,1,1149000.0,914647.9683131815
12823,Ridge,1,145000.0,344963.41312219645
12877,Ridge,1,575000.0,548364.0011369144
13063,Ridge,1,338950.0,223995.08421835717
13116,Ridge,1,600000.0,830368.0919316331
13136,Ridge,1,468000.0,535487.2857979886
13157,Ridge,1,485000.0,354890.6751988267
13339,Ridge,1,210000.0,83118.31251885626
13423,Ridge,1,720000.0,685846.3637318488
13674,Ridge,1,338000.0,347093.11240535567
13879,Ridge,1,330000.0,244063.46710045566
14086,Ridge,1,830000.0,1049946.3119228368
14190,Ridge,1,824000.0,525593.1593642381
14444,Ridge,1,593000.0,752030.2275112455
14937,Ridge,1,187000.0,71280.08477307053
15026,Ridge,1,439000.0,319897.0034917578
15039,Ridge,1,2000000.0,1575759.9559649948
15136,Ridge,1,425000.0,451987.3950754017
15459,Ridge,1,497950.0,368976.22541186865
15501,Ridge,1,1075000.0,937303.9307644707
15907,Ridge,1,339300.0,312612.51830156054
15952,Ridge,1,264500.0,168386.43554167775
15953,Ridge,1,240000.0,248215.3334700498
16424,Ridge,1,438200.0,584160.0952007154
16545,Ridge,1,362000.0,296183.54023273115
16567,Ridge,1,1260000.0,1078561.207529271
16623,Ridge,1,369950.0,389343.15927432966
16727,Ridge,1,279000.0,257328.96494296298
16914,Ridge,1,425000.0,382086.9886188628
17050,Ridge,1,379400.0,460811.35017603356
17406,Ridge,1,436000.0,501563.55773351947
17494,Ridge,1,959750.0,953060.6555615752
17795,Ridge,1,523000.0,495544.9792908035
18479,Ridge,1,520000.0,341960.8235044217
18816,Ridge,1,208000.0,157276.70937152812
19054,Ridge,1,135900.0,49301.082304629264
19754,Ridge,1,282000.0,239005.08355461434
19792,Ridge,1,385000.0,446643.2429502134
20788,Ridge,1,469950.0,458689.28362788755
20799,Ridge,1,290000.0,364010.3836760402
21038,Ridge,1,370000.0,248845.72179857222
21315,Ridge,1,440000.0,297437.6698288908
196,Ridge,1,423000.0,408937.646202565
385,Ridge,1,799000.0,927180.6355295446
886,Ridge,1,700000.0,677365.4007019603
1799,Ridge,1,465000.0,534139.581661234
1893,Ridge,1,915000.0,938536.3062106917
2238,Ridge,1,315000.0,268034.1418408654
2694,Ridge,1,830000.0,862910.3161119538
2826,Ridge,1,256000.0,290170.35136329045
2836,Ridge,1,1324050.0,1085894.4699918318
2920,Ridge,1,1125000.0,954070.9592683881
3214,Ridge,1,555565.0,668690.2380624851
3340,Ridge,1,437500.0,528147.6931045558
4113,Ridge,1,462600.0,495608.63834286353
4475,Ridge,1,670000.0,800596.1892874758
4635,Ridge,1,2485000.0,2053152.6511382007
4861,Ridge,1,220000.0,280980.22477958736
5562,Ridge,1,250000.0,302483.39754163474
6006,Ridge,1,252000.0,229056.0165007452
6900,Ridge,1,502700.0,670534.0314102746
6987,Ridge,1,515000.0,592053.027579422
7364,Ridge,1,749950.0,847684.2344508363
9800,Ridge,1,240000.0,193236.72457075078
10095,Ridge,1,200000.0,214482.81443213893
10992,Ridge,1,554950.0,514202.0217421206
11211,Ridge,1,577000.0,388369.3280224054
11966,Ridge,1,550000.0,781690.578718418
12970,Ridge,1,519950.0,532090.3453076575
13027,Ridge,1,825000.0,1122681.6830023741
13660,Ridge,1,399000.0,290309.1803760683
14679,Ridge,1,220000.0,176047.36490183283
15010,Ridge,1,970000.0,1373687.3714238992
15869,Ridge,1,362000.0,415347.5862084306
16651,Ridge,1,283000.0,336967.0029403828
16857,Ridge,1,380000.0,390892.9085954776
16908,Ridge,1,457000.0,534400.1216039079
16973,Ridge,1,632000.0,648082.1316117737
16997,Ridge,1,430000.0,340977.9390210164
17183,Ridge,1,640000.0,703724.1924593197
17346,Ridge,1,370000.0,453306.8455899835
17713,Ridge,1,590000.0,717324.4673286167
18111,Ridge,1,1096500.0,990479.2233762185
19299,Ridge,1,174900.0,137449.75256348832
19361,Ridge,1,450000.0,414904.5955386036
20027,Ridge,1,572115.0,649530.0393851133
20426,Ridge,1,998000.0,873409.2603568729
20855,Ridge,1,329950.0,391610.5724748776
21231,Ridge,1,452000.0,492864.8303996322
21336,Ridge,1,559630.0,665734.7601608399
21575,Ridge,1,399950.0,506379.31785494584
201,Ridge,1,297000.0,315063.01744398684
464,Ridge,1,330000.0,213148.17548114102
960,Ridge,1,650000.0,680293.5492429018
1229,Ridge,1,457000.0,499976.2610534104
1346,Ridge,1,620000.0,819864.6598385429
1586,Ridge,1,1150000.0,1280967.218181714
1652,Ridge,1,231500.0,298685.2618678974
1964,Ridge,1,252000.0,93094.86115212302
2235,Ridge,1,220000.0,242516.3214406441
2256,Ridge,1,245000.0,364677.72689406626
2529,Ridge,1,392450.0,625179.5649014156
2562,Ridge,1,493000.0,517247.3895307565
3786,Ridge,1,284700.0,279538.5299321107
3996,Ridge,1,318700.0,463701.0832698024
4144,Ridge,1,701000.0,655307.2720636976
4333,Ridge,1,281000.0,70810.33465037361
4416,Ridge,1,425000.0,392620.95697713265
4469,Ridge,1,468000.0,387302.72428299737
4717,Ridge,1,750000.0,1058989.0917419733
4900,Ridge,1,550000.0,498525.7942319853
4903,Ridge,1,259950.0,228399.98310719838
5039,Ridge,1,235000.0,246173.30724810273
5093,Ridge,1,395000.0,520672.70677375386
5802,Ridge,1,460000.0,443475.1176486422
5877,Ridge,1,449950.0,656986.581189216
6323,Ridge,1,376000.0,427363.0727174033
7326,Ridge,1,275000.0,319540.6884088983
7503,Ridge,1,549000.0,435793.4226710709
8002,Ridge,1,379500.0,324673.4837658113
8912,Ridge,1,465000.0,604436.6500693089
9152,Ridge,1,525000.0,561404.7899304581
9353,Ridge,1,300000.0,283781.38281171373
9627,Ridge,1,765000.0,692477.3551229441
10287,Ridge,1,196700.0,203367.78036013467
10780,Ridge,1,750000.0,640444.2059772009
11055,Ridge,1,399000.0,327832.05746982485
11083,Ridge,1,450000.0,544671.5417134676
11306,Ridge,1,402300.0,490938.0135696209
11540,Ridge,1,950000.0,1155817.3157002751
11807,Ridge,1,362000.0,470479.5816690051
11988,Ridge,1,329000.0,253064.8132481279
12035,Ridge,1,415000.0,599998.4695907375
12070,Ridge,1,396500.0,373599.34697551036
12211,Ridge,1,1190000.0,1149333.1592694398
13048,Ridge,1,870000.0,821870.7471127532
13134,Ridge,1,980000.0,1082466.5919521996
13161,Ridge,1,790000.0,724474.8399654977
13956,Ridge,1,1160000.0,1480409.9105755659
13982,Ridge,1,599950.0,608312.5279472033
14080,Ridge,1,260000.0,216673.3506700467
14136,Ridge,1,557865.0,754540.074017473
14606,Ridge,1,395000.0,369764.5142793412
15087,Ridge,1,365000.0,420950.6980846209
15390,Ridge,1,524950.0,448241.8963642709
15975,Ridge,1,475000.0,511375.71563184686
16334,Ridge,1,745000.0,811184.3134479816
16582,Ridge,1,1350000.0,1294526.5398163367
17337,Ridge,1,476800.0,528387.8893042029
17392,Ridge,1,179950.0,45456.48635710578
17648,Ridge,1,805000.0,942972.013522113
18012,Ridge,1,640000.0,658519.5136050303
18260,Ridge,1,493000.0,542698.6084908929
18400,Ridge,1,1065000.0,1094911.3572697903
18440,Ridge,1,357500.0,285681.6349216817
18523,Ridge,1,465000.0,653332.569070093
18589,Ridge,1,732500.0,705413.2443895232
18596,Ridge,1,645500.0,650513.6581624574
19100,Ridge,1,399000.0,368854.07352936
19249,Ridge,1,129888.0,51171.027059196145
19502,Ridge,1,445000.0,469748.58034547855
19650,Ridge,1,155000.0,167719.69648526836
19785,Ridge,1,290000.0,358361.2156943842
20250,Ridge,1,1050000.0,840019.6817588112
20586,Ridge,1,653500.0,722772.5805356517
20956,Ridge,1,650000.0,692783.8346242802
21091,Ridge,1,530000.0,593735.0952722249
21177,Ridge,1,663000.0,550637.1795196444
21190,Ridge,1,405000.0,538899.0420515002
21325,Ridge,1,659000.0,658898.8143458122
21354,Ridge,1,495000.0,634467.2904753009
21477,Ridge,1,1010800.0,1018273.1380294373
21582,Ridge,1,490000.0,483018.4249225778
158,Ridge,1,247000.0,213593.51694707677
277,Ridge,1,770000.0,802250.6571691385
472,Ridge,1,1199000.0,1073679.376297844
661,Ridge,1,496500.0,452317.8479434827
738,Ridge,1,1300000.0,1130102.9838387645
771,Ridge,1,341500.0,250367.42549924742
859,Ridge,1,166600.0,143312.7157366941
1201,Ridge,1,472800.0,549701.2397105205
1215,Ridge,1,455000.0,461767.635009219
1248,Ridge,1,449000.0,464111.13566100836
1267,Ridge,1,340000.0,447391.1490879551
1603,Ridge,1,703770.0,720711.0513699348
1975,Ridge,1,200000.0,276939.95407959213
1979,Ridge,1,210000.0,95142.5514862985
2617,Ridge,1,210000.0,197395.01805360912
3306,Ridge,1,430000.0,462699.0195976587
3595,Ridge,1,630000.0,642324.0468593322
3758,Ridge,1,205000.0,184234.64506198769
3808,Ridge,1,245000.0,268122.34440766973
4141,Ridge,1,545000.0,474673.1314797704
4603,Ridge,1,305000.0,324016.3519601129
4605,Ridge,1,700000.0,701510.2088310211
4716,Ridge,1,415000.0,313908.683609793
4766,Ridge,1,490000.0,595612.2018154286
5470,Ridge,1,410000.0,200343.9502345989
5646,Ridge,1,720000.0,756193.5325427331
5759,Ridge,1,580000.0,523764.84288401617
5776,Ridge,1,637800.0,619439.7181385638
6209,Ridge,1,435000.0,620097.7535284719
6282,Ridge,1,270000.0,236267.54649546457
6743,Ridge,1,275000.0,212221.24408314686
6921,Ridge,1,284000.0,257912.3315114293
7468,Ridge,1,415000.0,454765.7836201932
7774,Ridge,1,440000.0,599214.1775099917
8103,Ridge,1,163250.0,165173.73465333367
8221,Ridge,1,506000.0,764484.1612304313
8237,Ridge,1,250000.0,284427.29662001226
8332,Ridge,1,250000.0,229790.1209944482
8457,Ridge,1,350000.0,245497.3240893922
8504,Ridge,1,549950.0,800877.8761522858
8780,Ridge,1,510000.0,623254.8066368968
8875,Ridge,1,310000.0,128120.31708661519
9019,Ridge,1,510000.0,616227.6996940726
9374,Ridge,1,349950.0,290125.3282132604
9549,Ridge,1,275000.0,279424.7323587469
9738,Ridge,1,518000.0,412518.23989441025
9890,Ridge,1,128000.0,28992.256464347884
9891,Ridge,1,210500.0,193398.31456168526
10492,Ridge,1,227950.0,171869.96536212898
10687,Ridge,1,595000.0,788298.6793148075
10755,Ridge,1,400000.0,415295.3409973998
10762,Ridge,1,379750.0,498648.1756221146
10852,Ridge,1,580000.0,486207.1655249826
10876,Ridge,1,238950.0,199886.48336269154
10882,Ridge,1,600000.0,422717.8547246894
10893,Ridge,1,312620.0,238687.36971521686
11021,Ridge,1,315000.0,287705.9081753172
11190,Ridge,1,276000.0,160066.57579726633
11531,Ridge,1,765000.0,890330.4702202105
11783,Ridge,1,370000.0,345958.82292955526
11819,Ridge,1,206990.0,92782.29769789882
11964,Ridge,1,378000.0,287456.48046423873
11973,Ridge,1,760000.0,709079.4267342511
12032,Ridge,1,550000.0,564179.3204889428
12120,Ridge,1,400000.0,360796.1844283103
12281,Ridge,1,471000.0,648050.9006243038
12355,Ridge,1,305000.0,419870.49895025144
12405,Ridge,1,239000.0,175745.0109609316
12709,Ridge,1,425000.0,418316.9831152027
12875,Ridge,1,310000.0,494264.6174525032
13730,Ridge,1,325000.0,239517.18226301396
14060,Ridge,1,397950.0,411780.04100444715
14275,Ridge,1,1100000.0,977052.1065679867
14766,Ridge,1,390000.0,312601.4329913247
15061,Ridge,1,725000.0,851299.2087419287
15301,Ridge,1,314000.0,368277.6170499341
15493,Ridge,1,320000.0,360032.6793202593
15569,Ridge,1,309950.0,262983.97350305883
15791,Ridge,1,400000.0,395708.5778881463
15874,Ridge,1,1600000.0,1663472.2217658611
16014,Ridge,1,252500.0,309335.34838823555
16570,Ridge,1,340000.0,856367.8703188784
17308,Ridge,1,518000.0,568839.3351045412
17557,Ridge,1,260000.0,179616.49347506434
17701,Ridge,1,356000.0,280416.33786774124
18465,Ridge,1,799000.0,631746.4007623496
18593,Ridge,1,526000.0,462624.5089189513
18660,Ridge,1,572000.0,457540.6428494314
18750,Ridge,1,465000.0,610049.0809389249
18908,Ridge,1,180000.0,73057.55364937079
19957,Ridge,1,840000.0,738154.857134022
19990,Ridge,1,685000.0,587154.9595872681
20217,Ridge,1,437718.0,337409.42518440366
20244,Ridge,1,1333000.0,1146703.8111418113
20356,Ridge,1,359950.0,412962.82552058005
20573,Ridge,1,305000.0,258403.96387046966
21040,Ridge,1,2900000.0,2672482.2898293664
21419,Ridge,1,729999.0,670312.2396050318
21483,Ridge,1,407500.0,520727.99534153927
21588,Ridge,1,414500.0,433924.79943595035
85,Ridge,1,940000.0,881526.0669673497
426,Ridge,1,310000.0,433002.8174263552
518,Ridge,1,2250000.0,1506120.1272844777
895,Ridge,1,431650.0,431869.8799908247
1259,Ridge,1,295700.0,195663.1565093611
1828,Ridge,1,460000.0,507069.46972480195
1997,Ridge,1,180000.0,111322.89788320218
2085,Ridge,1,3850000.0,2744225.17515982
2310,Ridge,1,380000.0,401423.9418063192
2408,Ridge,1,1015000.0,697584.4454287201
2915,Ridge,1,455000.0,382563.0051137962
3094,Ridge,1,425000.0,472811.02476800367
3360,Ridge,1,454000.0,375460.991679691
4165,Ridge,1,523000.0,685126.0288724866
4170,Ridge,1,810000.0,747361.0989631681
4192,Ridge,1,1045000.0,793056.5225693937
4412,Ridge,1,864500.0,891366.9784680707
5338,Ridge,1,303500.0,307827.7774873321
6029,Ridge,1,575000.0,490937.4655374309
6486,Ridge,1,545000.0,635245.3908538391
6654,Ridge,1,358000.0,510284.0097937483
7060,Ridge,1,517500.0,498599.61187362956
7781,Ridge,1,430000.0,589936.8553752064
7798,Ridge,1,488000.0,602967.6512724732
8204,Ridge,1,269950.0,176686.42632182373
9313,Ridge,1,790000.0,841661.2779226091
9595,Ridge,1,236000.0,170003.35589772498
9609,Ridge,1,339950.0,287136.2897535306
10061,Ridge,1,574000.0,726906.3760088272
10236,Ridge,1,310000.0,276293.08767011
10816,Ridge,1,605000.0,694232.8466142783
11208,Ridge,1,427800.0,469161.04313083785
11509,Ridge,1,156000.0,65981.56480625115
12091,Ridge,1,490000.0,492049.70862773166
12177,Ridge,1,595000.0,649023.5623228935
12198,Ridge,1,260000.0,168494.67393369024
12224,Ridge,1,265500.0,262239.6896968109
12489,Ridge,1,357950.0,408136.30331820686
12878,Ridge,1,284000.0,283492.82725570165
13255,Ridge,1,840000.0,803617.0944476351
13767,Ridge,1,505000.0,507635.0616663118
13897,Ridge,1,223000.0,119241.26422531594
14458,Ridge,1,185000.0,106346.94060573552
14879,Ridge,1,630000.0,1106826.1200567076
15049,Ridge,1,1535000.0,1619282.6292811448
15185,Ridge,1,490000.0,577808.2354162328
16453,Ridge,1,525300.0,616496.9776428893
16596,Ridge,1,252500.0,280124.8193537736
17061,Ridge,1,272000.0,182713.10286364798
17442,Ridge,1,577500.0,611684.1389856788
17781,Ridge,1,460000.0,477022.1422619499
18052,Ridge,1,247000.0,-78643.44064679294
18090,Ridge,1,244000.0,258158.9104623372
18306,Ridge,1,440000.0,603124.0673964605
18345,Ridge,1,280000.0,207079.8962563675
18366,Ridge,1,975000.0,1465301.5313817249
18390,Ridge,1,551000.0,671372.5401433986
18989,Ridge,1,370000.0,330527.75160215097
19140,Ridge,1,430000.0,460027.6328790927
19143,Ridge,1,635500.0,589931.8002202413
19225,Ridge,1,199900.0,141354.64451100485
19640,Ridge,1,338900.0,340646.72963908897
19738,Ridge,1,299000.0,343018.7261378096
19750,Ridge,1,335000.0,299254.31862723967
19828,Ridge,1,530000.0,576016.7553549912
20529,Ridge,1,565000.0,550852.1106937099
20607,Ridge,1,805000.0,894161.3535252619
20758,Ridge,1,358000.0,393479.07350001705
21025,Ridge,1,727000.0,688743.6209687423
2734,Ridge,1,700000.0,550700.5838203154
4071,Ridge,1,324888.0,303909.4246320483
10993,Ridge,1,326000.0,523877.64527288236
12368,Ridge,1,336500.0,386267.77242499107
178,Ridge,1,269950.0,370761.30675068987
554,Ridge,1,396000.0,340652.59472708195
584,Ridge,1,268500.0,169411.76576332207
650,Ridge,1,220000.0,90703.97778717213
1256,Ridge,1,265000.0,425479.4606215838
1543,Ridge,1,860000.0,857781.2537634786
2107,Ridge,1,272000.0,222925.7900569695
2135,Ridge,1,185000.0,122695.80490914057
3023,Ridge,1,409500.0,532268.8627967048
3121,Ridge,1,1320000.0,1520135.0576850246
3190,Ridge,1,445000.0,374925.08740442153
3816,Ridge,1,239000.0,233489.9295180302
4367,Ridge,1,800000.0,1068972.9170835358
4435,Ridge,1,249950.0,198681.86133358243
4503,Ridge,1,295500.0,399960.0174663431
4613,Ridge,1,880000.0,858859.8519876217
4780,Ridge,1,310000.0,338551.1568912923
6658,Ridge,1,554000.0,690576.3485834276
6820,Ridge,1,274000.0,59927.209300034156
7082,Ridge,1,600000.0,619437.6990510499
7667,Ridge,1,220000.0,259903.47814346862
7731,Ridge,1,775000.0,880362.3551152783
7987,Ridge,1,740000.0,718459.6508290328
8093,Ridge,1,627000.0,737550.5493695156
8278,Ridge,1,453000.0,453598.11203508766
8305,Ridge,1,473000.0,688695.7939963854
8477,Ridge,1,339950.0,452614.86040026986
9064,Ridge,1,545000.0,632819.0388654078
9435,Ridge,1,225000.0,170938.2409007629
9566,Ridge,1,540000.0,522975.85894361685
9698,Ridge,1,357000.0,356521.5448564243
9962,Ridge,1,525000.0,476004.4228249335
10479,Ridge,1,400000.0,499632.6579126007
10821,Ridge,1,795000.0,815141.7638726245
10840,Ridge,1,1575000.0,1456273.253369278
10972,Ridge,1,455000.0,410339.61996711756
11050,Ridge,1,427000.0,365727.3858656228
11327,Ridge,1,313000.0,181927.104795211
11718,Ridge,1,410000.0,529277.406756262
11811,Ridge,1,375000.0,383901.7324943376
11943,Ridge,1,571000.0,572340.9234403281
12051,Ridge,1,688500.0,803832.812454761
12326,Ridge,1,925900.0,1040377.1741585974
12335,Ridge,1,295000.0,416669.6445879267
12504,Ridge,1,311000.0,259383.27770256577
12730,Ridge,1,577288.0,676562.1091352836
13306,Ridge,1,395000.0,580560.9364913336
13753,Ridge,1,230000.0,176420.42972017097
13789,Ridge,1,302500.0,471508.97905836505
13866,Ridge,1,318000.0,398730.0188662334
13939,Ridge,1,348000.0,115428.89069967967
14041,Ridge,1,805000.0,947526.305236975
14378,Ridge,1,489000.0,711298.8508173173
14437,Ridge,1,234950.0,267522.5451334455
14506,Ridge,1,435000.0,409741.2919873062
14868,Ridge,1,383000.0,294276.2558158594
15003,Ridge,1,397000.0,564457.1891495903
15167,Ridge,1,230000.0,160402.3879036933
15430,Ridge,1,1311000.0,946529.9602251446
15800,Ridge,1,426000.0,365865.9652557003
15894,Ridge,1,254950.0,141306.45922667655
16885,Ridge,1,264500.0,144874.42262705183
16906,Ridge,1,237600.0,172709.55438926345
17274,Ridge,1,368000.0,454871.99965769175
17295,Ridge,1,600000.0,581752.7405561403
18229,Ridge,1,475000.0,474068.14100053266
18275,Ridge,1,285000.0,946466.1608717367
18766,Ridge,1,443000.0,545644.2475394969
18839,Ridge,1,295000.0,276082.3504419341
19153,Ridge,1,567000.0,734143.9043839276
19376,Ridge,1,440000.0,469314.23763387784
19802,Ridge,1,545000.0,633665.3537255984
19900,Ridge,1,288790.0,199556.08567647228
20193,Ridge,1,614000.0,684887.1145047673
20418,Ridge,1,709950.0,794181.047425957
20496,Ridge,1,847093.0,729507.5739293253
20561,Ridge,1,485230.0,492565.27422530623
20667,Ridge,1,496000.0,416345.16811196995
20781,Ridge,1,239000.0,313863.6716211136
21097,Ridge,1,780000.0,860661.1647928986
21295,Ridge,1,279500.0,154458.18200291006
21300,Ridge,1,453000.0,383089.2672595797
21340,Ridge,1,417000.0,334352.0536479296
21377,Ridge,1,403000.0,395794.1967386118
648,Ridge,1,157000.0,66011.83036583185
782,Ridge,1,320000.0,261552.26428972444
806,Ridge,1,308000.0,257067.4482784658
841,Ridge,1,320000.0,271531.8857834221
1094,Ridge,1,430000.0,441452.5513416772
1304,Ridge,1,275000.0,342758.84383596503
1359,Ridge,1,549000.0,653525.8107658108
1563,Ridge,1,607010.0,458822.31372188986
1671,Ridge,1,293000.0,263729.5338083118
1721,Ridge,1,360400.0,372298.23850356357
1810,Ridge,1,480000.0,558232.6891772831
2017,Ridge,1,580000.0,660925.6231007854
2025,Ridge,1,719950.0,609266.5152691291
2109,Ridge,1,307000.0,267836.36343930906
2774,Ridge,1,416000.0,470360.08898528817
2864,Ridge,1,3600000.0,2209078.5040399786
3177,Ridge,1,450000.0,659290.6846079718
3225,Ridge,1,875000.0,797467.8853149038
3356,Ridge,1,850000.0,695415.9757573898
3778,Ridge,1,810000.0,914562.4202866957
4090,Ridge,1,462500.0,511097.73801743065
4168,Ridge,1,359950.0,351832.8770526013
4228,Ridge,1,509500.0,602864.7599645077
4311,Ridge,1,339000.0,464503.0680296001
4402,Ridge,1,515000.0,516144.3884358243
4598,Ridge,1,643500.0,717315.3831147288
4851,Ridge,1,988830.0,989908.7910209456
5127,Ridge,1,510000.0,708381.4331712828
5489,Ridge,1,751305.0,796336.3621929106
6270,Ridge,1,530000.0,523997.14284982294
7701,Ridge,1,345000.0,222119.54853070498
7838,Ridge,1,342450.0,320851.9022623458
8112,Ridge,1,299950.0,259649.89038721944
8447,Ridge,1,250000.0,512007.0941691826
9375,Ridge,1,1565000.0,1340753.2707613797
9671,Ridge,1,905000.0,928625.1859397999
9694,Ridge,1,865000.0,1764555.2229792955
10120,Ridge,1,250000.0,120769.84795193339
10242,Ridge,1,279000.0,368817.15675100085
10388,Ridge,1,645500.0,710823.4997709859
10529,Ridge,1,770000.0,554162.629880893
10577,Ridge,1,333000.0,362266.7026289974
10706,Ridge,1,456700.0,631340.9614735146
10721,Ridge,1,135000.0,129894.70871988748
10824,Ridge,1,598850.0,543441.5856506547
10854,Ridge,1,594000.0,529766.5368342316
10990,Ridge,1,425000.0,549069.6289910093
11038,Ridge,1,250000.0,200597.9017508917
11078,Ridge,1,365000.0,336943.8854454118
11084,Ridge,1,814950.0,799676.0578133664
11349,Ridge,1,490000.0,568321.5785345237
11417,Ridge,1,751000.0,836884.7779568832
11693,Ridge,1,422500.0,499064.4008482285
11850,Ridge,1,688100.0,637418.0730200874
12085,Ridge,1,210000.0,151851.3136906445
12206,Ridge,1,540000.0,541754.5934577332
12659,Ridge,1,158000.0,114504.41385473975
13105,Ridge,1,315000.0,404248.4921486082
13178,Ridge,1,225000.0,245508.27605665982
13615,Ridge,1,210000.0,174877.91412807337
13965,Ridge,1,277500.0,548838.6995464233
14280,Ridge,1,352000.0,338566.41428192635
15110,Ridge,1,268000.0,214291.17982033646
15649,Ridge,1,252000.0,330839.4089718521
15765,Ridge,1,525000.0,802993.4668436353
16819,Ridge,1,505000.0,484428.0089240462
16900,Ridge,1,355000.0,356288.81731603347
17027,Ridge,1,445000.0,360913.0124569489
17419,Ridge,1,219000.0,116257.44112948765
17625,Ridge,1,531000.0,515991.66214373853
17762,Ridge,1,300000.0,159994.64668350364
17867,Ridge,1,255000.0,202054.6833130333
17887,Ridge,1,255000.0,164164.31267250597
18224,Ridge,1,459800.0,412804.135504902
18263,Ridge,1,475000.0,385870.59960328945
18435,Ridge,1,589000.0,619950.9858060862
18655,Ridge,1,1388000.0,957431.7400697849
18696,Ridge,1,650000.0,730297.9836012954
19086,Ridge,1,774900.0,554103.2200125892
19141,Ridge,1,266490.0,212675.0593523524
19179,Ridge,1,475000.0,530836.4815778909
19431,Ridge,1,565000.0,587020.5189464627
19528,Ridge,1,510000.0,665295.2265633835
19648,Ridge,1,299000.0,331965.2034186703
19773,Ridge,1,399000.0,426664.14074058714
20228,Ridge,1,565997.0,501479.24967241316
21560,Ridge,1,540000.0,719758.5605484981
121,Ridge,1,391500.0,384140.05276651256
739,Ridge,1,233000.0,215077.3539631907
1006,Ridge,1,515000.0,491442.9602318385
1238,Ridge,1,659000.0,503138.731089429
1800,Ridge,1,206000.0,238299.99912389636
1945,Ridge,1,2400000.0,1481347.6878645914
2153,Ridge,1,1010000.0,903548.9094556901
2964,Ridge,1,999000.0,1408568.2520221449
3405,Ridge,1,515000.0,542348.7072232767
4512,Ridge,1,312000.0,373417.54286503413
4656,Ridge,1,425000.0,349221.7202341769
4948,Ridge,1,425000.0,451338.08959014283
5050,Ridge,1,249000.0,247471.060799654
5078,Ridge,1,250000.0,152580.04403868364
5168,Ridge,1,611900.0,752860.5992392157
5345,Ridge,1,365500.0,320802.780440595
5436,Ridge,1,375000.0,416376.1706834645
6131,Ridge,1,517500.0,517750.8809582173
6547,Ridge,1,530000.0,581438.3463365738
6614,Ridge,1,340000.0,546613.4182429323
6623,Ridge,1,550000.0,467904.56578076846
6645,Ridge,1,378000.0,339215.7209338513
6662,Ridge,1,193000.0,5478.091707020474
6837,Ridge,1,299000.0,259695.8346028154
6977,Ridge,1,690000.0,551159.4439716155
7196,Ridge,1,900000.0,679783.868102562
7558,Ridge,1,382000.0,411830.4256039947
7656,Ridge,1,960000.0,943144.7484818103
7761,Ridge,1,170000.0,56756.536845324736
8182,Ridge,1,495000.0,387918.28951711673
8210,Ridge,1,203000.0,155860.25418816588
8559,Ridge,1,506400.0,468832.4415577195
9000,Ridge,1,1050000.0,1230258.1003299758
9190,Ridge,1,525000.0,478347.67645795783
9240,Ridge,1,412133.0,438034.19502137264
9487,Ridge,1,2375000.0,1002101.2749387762
9575,Ridge,1,460000.0,460129.04011010646
9682,Ridge,1,415000.0,417233.2208667726
9691,Ridge,1,601000.0,475816.1474419632
9895,Ridge,1,352000.0,456362.5078182129
9970,Ridge,1,290000.0,198441.06764283456
10351,Ridge,1,465000.0,555155.7420028456
10409,Ridge,1,269000.0,209741.121041251
10430,Ridge,1,570000.0,583761.7376881054
10463,Ridge,1,519500.0,467686.57658994227
10890,Ridge,1,440000.0,329308.34618322604
11181,Ridge,1,595000.0,762614.6412731936
11192,Ridge,1,355000.0,289612.05826533784
11316,Ridge,1,240000.0,196422.46633732895
11972,Ridge,1,839900.0,839859.8693207811
12340,Ridge,1,190000.0,139765.24847960193
12683,Ridge,1,705000.0,742202.6295601525
13142,Ridge,1,262500.0,142559.46333288262
13176,Ridge,1,667500.0,1202301.8336230093
13771,Ridge,1,325000.0,397994.6131294697
14081,Ridge,1,294000.0,331482.12755170325
14572,Ridge,1,195000.0,85392.81098094943
14725,Ridge,1,415000.0,386744.89483502385
15181,Ridge,1,415000.0,381371.52289703867
15202,Ridge,1,710000.0,952288.1951901964
15205,Ridge,1,528000.0,496925.2794812701
15402,Ridge,1,246000.0,218558.57950201747
15901,Ridge,1,315000.0,356979.09675108583
16011,Ridge,1,392500.0,437903.66439556674
16251,Ridge,1,215000.0,258788.01028235425
16273,Ridge,1,185000.0,300611.75882544153
16742,Ridge,1,508500.0,574021.8821716236
16948,Ridge,1,542500.0,537541.3246205228
17418,Ridge,1,290000.0,292692.9217319072
17856,Ridge,1,718000.0,626243.853431117
17947,Ridge,1,290000.0,294500.5630467305
18083,Ridge,1,770000.0,968458.702487909
18091,Ridge,1,397000.0,490241.1367941999
18122,Ridge,1,576925.0,583981.2056500041
18248,Ridge,1,740000.0,861181.0236758727
18700,Ridge,1,788000.0,734651.517863017
18857,Ridge,1,520000.0,453331.82962373324
18947,Ridge,1,313500.0,303923.71649326803
19159,Ridge,1,252000.0,156759.56180300255
19673,Ridge,1,375000.0,386152.3227362299
20061,Ridge,1,700000.0,586190.1875431715
20588,Ridge,1,333000.0,320250.224339102
24,Ridge,1,329000.0,455571.12493563816
65,Ridge,1,317625.0,745270.5722153294
156,Ridge,1,650000.0,765940.4870425244
233,Ridge,1,213000.0,210754.60349375673
369,Ridge,1,338000.0,348502.2570756074
490,Ridge,1,452000.0,392927.98016840615
656,Ridge,1,3070000.0,1779590.236844981
787,Ridge,1,460000.0,444054.11697516585
834,Ridge,1,249900.0,167511.86957304418
1435,Ridge,1,290000.0,385339.9762191866
1578,Ridge,1,440000.0,629910.008322402
1730,Ridge,1,1679000.0,1429030.3340894566
2435,Ridge,1,355000.0,424138.82892968046
2842,Ridge,1,375000.0,264300.1634599434
2851,Ridge,1,534000.0,605812.8420692983
3101,Ridge,1,190000.0,168831.3468508594
3265,Ridge,1,218000.0,265802.6867302627
3318,Ridge,1,445000.0,476727.81523623515
3464,Ridge,1,805000.0,711603.7555637587
3713,Ridge,1,421000.0,371513.4430628285
4399,Ridge,1,1150000.0,1237258.4702057224
4536,Ridge,1,297000.0,213615.50557291607
4801,Ridge,1,410000.0,376047.1296184386
5247,Ridge,1,890000.0,813606.6095572435
5528,Ridge,1,805000.0,880708.0977912792
5680,Ridge,1,1470000.0,1303920.6234649613
5821,Ridge,1,435000.0,531553.4440877521
6041,Ridge,1,2385000.0,1884092.7489428387
6042,Ridge,1,230000.0,104090.03379306756
6517,Ridge,1,560000.0,593162.4075455212
7294,Ridge,1,700000.0,390043.8475601565
7335,Ridge,1,445500.0,433203.80142266175
7393,Ridge,1,366000.0,497822.96066047
7477,Ridge,1,370000.0,409754.2659295676
7520,Ridge,1,229950.0,297606.95693679247
7801,Ridge,1,321000.0,285303.15128620237
8218,Ridge,1,490000.0,514941.64025061805
8376,Ridge,1,300000.0,231709.13280317333
9183,Ridge,1,305000.0,372035.44336850627
9216,Ridge,1,340000.0,669111.0409846333
9256,Ridge,1,811500.0,861021.9314536508
9540,Ridge,1,961000.0,937847.0624157113
9984,Ridge,1,205000.0,332188.9917615447
10110,Ridge,1,920000.0,691028.1819312517
10312,Ridge,1,398000.0,359339.9857239312
10317,Ridge,1,524000.0,677687.5417883096
10814,Ridge,1,432500.0,477017.5933963206
11579,Ridge,1,185000.0,105710.51116738067
11762,Ridge,1,350000.0,300172.3870345436
11890,Ridge,1,365000.0,142106.75822312996
12191,Ridge,1,438950.0,587068.8082970993
12337,Ridge,1,749950.0,702157.3985878499
12753,Ridge,1,292000.0,388076.7375821605
12985,Ridge,1,500000.0,845037.4345253555
13061,Ridge,1,496600.0,582152.5003897148
13396,Ridge,1,770000.0,705617.3851698098
13838,Ridge,1,280000.0,206070.50262154272
14076,Ridge,1,294000.0,307033.77684832766
14143,Ridge,1,690000.0,583291.4357880829
14795,Ridge,1,190000.0,128800.82280619681
15270,Ridge,1,457000.0,495354.3235599008
15334,Ridge,1,649500.0,804903.2674501549
15405,Ridge,1,990000.0,1373981.2446119161
15744,Ridge,1,560000.0,632274.2574020772
16115,Ridge,1,616950.0,677320.057130676
16369,Ridge,1,580000.0,461619.5635853335
16565,Ridge,1,385000.0,502090.64099841565
16668,Ridge,1,808000.0,826258.8138989299
16744,Ridge,1,206000.0,153029.17994395457
16859,Ridge,1,202000.0,124442.55859181524
16939,Ridge,1,262500.0,316593.2591272382
17215,Ridge,1,297000.0,266963.64438603073
18635,Ridge,1,179950.0,43163.30489690142
18784,Ridge,1,419000.0,414316.7496488173
19313,Ridge,1,342000.0,342001.8938012731
19626,Ridge,1,880000.0,1099020.032649129
19688,Ridge,1,349000.0,356287.2198529
19702,Ridge,1,359950.0,426787.79498400306
19799,Ridge,1,385000.0,446944.70064720867
19822,Ridge,1,388000.0,441564.9074166072
19841,Ridge,1,272000.0,421546.80334623985
19842,Ridge,1,418395.0,465285.00743955985
19922,Ridge,1,455000.0,512979.7978870595
19983,Ridge,1,479000.0,447718.8923427227
20266,Ridge,1,625000.0,519665.51420476806
20660,Ridge,1,315000.0,270200.864940059
115,Ridge,1,740500.0,1166033.5921225513
185,Ridge,1,1095000.0,1212650.4558464687
232,Ridge,1,315000.0,382242.1200165765
525,Ridge,1,727500.0,944830.6359327774
544,Ridge,1,375000.0,392211.43164296437
1722,Ridge,1,345000.0,331360.32708225155
2459,Ridge,1,674250.0,730609.3706448274
2980,Ridge,1,390000.0,546731.0489423706
2986,Ridge,1,950000.0,1148103.5052303232
3207,Ridge,1,637250.0,580250.2497710295
3571,Ridge,1,277950.0,248546.50131113443
3755,Ridge,1,194820.0,135407.69658984226
3789,Ridge,1,533250.0,359014.49954143015
3976,Ridge,1,279000.0,159607.00995982927
4369,Ridge,1,1150000.0,1501793.3918798205
4800,Ridge,1,274000.0,365850.31347624183
5221,Ridge,1,600000.0,668815.6377417783
5462,Ridge,1,845800.0,983346.5312224466
5673,Ridge,1,299500.0,272459.8063931366
6119,Ridge,1,289200.0,304704.9071884251
6526,Ridge,1,585000.0,516794.63942764234
6542,Ridge,1,544900.0,474619.8838511547
6881,Ridge,1,715000.0,859595.8847101277
7206,Ridge,1,628000.0,629894.5721194682
7469,Ridge,1,319000.0,397676.68652166444
7654,Ridge,1,640000.0,639187.1872463276
7844,Ridge,1,1646000.0,1405312.9641531203
8245,Ridge,1,375000.0,305292.236713963
8839,Ridge,1,298000.0,378827.8228595564
8888,Ridge,1,405000.0,304805.4029351442
9032,Ridge,1,225000.0,335617.6469771806
9333,Ridge,1,1335000.0,1102970.2881985097
9750,Ridge,1,885000.0,1088088.4949096404
10118,Ridge,1,319000.0,342448.5975120759
10251,Ridge,1,212644.0,259477.69825570605
10795,Ridge,1,209000.0,208160.08889726287
11205,Ridge,1,470000.0,482138.38486691075
11259,Ridge,1,950000.0,1030985.8612541887
11638,Ridge,1,800000.0,801548.9200132315
11648,Ridge,1,250000.0,252165.0067142946
11752,Ridge,1,302500.0,294189.4087527094
11859,Ridge,1,410500.0,643899.1019352118
11971,Ridge,1,395000.0,429464.5466788745
11996,Ridge,1,315000.0,263950.73900319054
12159,Ridge,1,418000.0,445924.92179152294
12247,Ridge,1,225000.0,170762.5431928123
13141,Ridge,1,570000.0,689338.1922659932
13360,Ridge,1,530000.0,593996.5677626465
13460,Ridge,1,475999.0,527209.3614608385
14228,Ridge,1,267500.0,193947.78450936713
14396,Ridge,1,725000.0,660105.7835141248
14938,Ridge,1,450000.0,468220.8387728797
15036,Ridge,1,200000.0,169537.9513418803
15154,Ridge,1,735000.0,847890.4786804568
15375,Ridge,1,880000.0,992755.581318811
16193,Ridge,1,1815000.0,1558618.60508252
16679,Ridge,1,478000.0,330157.79841636773
17015,Ridge,1,488000.0,504732.23501975613
17578,Ridge,1,219000.0,270506.9424851579
17673,Ridge,1,217500.0,176645.76115892624
17823,Ridge,1,579000.0,638346.0077192511
17936,Ridge,1,390000.0,466556.1876142648
18136,Ridge,1,550000.0,593263.7684216759
18196,Ridge,1,760000.0,960299.9384779881
18459,Ridge,1,305000.0,353239.2801133962
18752,Ridge,1,695000.0,751535.7726312638
18843,Ridge,1,481000.0,555189.7679343764
19015,Ridge,1,581000.0,680977.5302608525
19026,Ridge,1,724950.0,723157.5141713517
19048,Ridge,1,365000.0,270404.29772532126
19150,Ridge,1,476000.0,426236.26428410516
19459,Ridge,1,387000.0,381248.732884173
20148,Ridge,1,660000.0,714647.2921683341
20297,Ridge,1,333000.0,225799.7936222618
20644,Ridge,1,418000.0,536794.9629806747
20741,Ridge,1,345500.0,330973.1941025761
21052,Ridge,1,1075000.0,870278.9128484664
21072,Ridge,1,637850.0,740816.0292357043
21147,Ridge,1,659950.0,760636.3996910832
21198,Ridge,1,450000.0,390574.3639005066
21229,Ridge,1,380000.0,452280.66106759093
319,Ridge,1,268750.0,21952.893767349364
2101,Ridge,1,643000.0,646578.7946006991
4461,Ridge,1,263500.0,287489.22247706656
14178,Ridge,1,385000.0,434823.99089169834
15415,Ridge,1,1650000.0,1497260.8240867397
16608,Ridge,1,245000.0,303686.4446681043
20986,Ridge,1,334900.0,380690.7857334316
208,Ridge,1,180250.0,78871.97134787368
13401,Ridge,1,452000.0,382020.0261867242
14965,Ridge,1,402000.0,346883.9297431163
15647,Ridge,1,599995.0,618472.9617313484
113,Ridge,1,329950.0,479352.20974496583
258,Ridge,1,255000.0,200138.820360051
274,Ridge,1,331000.0,510369.5898088707
651,Ridge,1,521000.0,463676.52288699767
664,Ridge,1,323000.0,264783.8207845785
665,Ridge,1,331000.0,222505.10245064937
910,Ridge,1,234000.0,242169.58330872608
1264,Ridge,1,390000.0,384113.35931833216
1539,Ridge,1,1300000.0,1549274.9805723783
1615,Ridge,1,290000.0,255194.50236581368
1989,Ridge,1,335000.0,405455.5758596372
2146,Ridge,1,950000.0,1027034.3389856215
2188,Ridge,1,360000.0,405000.75713843864
2283,Ridge,1,569000.0,884854.1356450368
3109,Ridge,1,158800.0,124495.619408169
3384,Ridge,1,2544750.0,1789426.4882001698
3695,Ridge,1,625000.0,730990.402768896
4391,Ridge,1,399000.0,550267.3752975701
4449,Ridge,1,379500.0,346085.87261345494
4830,Ridge,1,215000.0,114799.4472136955
4933,Ridge,1,360000.0,240466.49790451763
5252,Ridge,1,589950.0,607055.9077116139
7360,Ridge,1,907000.0,795531.4981788623
8502,Ridge,1,249900.0,147173.19016036647
8790,Ridge,1,415000.0,508763.871013695
8812,Ridge,1,800000.0,803569.4844096496
8906,Ridge,1,1325000.0,1144696.141978644
9199,Ridge,1,225000.0,86745.06374769477
9676,Ridge,1,315000.0,232641.17188131524
10212,Ridge,1,489000.0,444284.9225833063
10359,Ridge,1,216000.0,198728.6018704885
10458,Ridge,1,774950.0,829749.8756887307
10465,Ridge,1,3120000.0,2185038.7353307973
10656,Ridge,1,304500.0,246490.45087268593
10917,Ridge,1,247000.0,273757.63012101327
11222,Ridge,1,450000.0,418983.19880129106
11426,Ridge,1,299900.0,319668.8519291721
11520,Ridge,1,475000.0,448954.28980991483
11709,Ridge,1,589450.0,683683.310757977
11717,Ridge,1,208417.0,89941.9855520202
11728,Ridge,1,995000.0,1051347.1008557077
11896,Ridge,1,294400.0,242174.86517222231
12640,Ridge,1,520000.0,474140.10532192525
12672,Ridge,1,410000.0,295715.01251941314
12686,Ridge,1,260000.0,165557.20473748347
13180,Ridge,1,335000.0,455191.4802348779
13325,Ridge,1,350000.0,358771.8431065476
13326,Ridge,1,220000.0,221688.36192431784
13800,Ridge,1,775000.0,811916.1842178337
13830,Ridge,1,356000.0,247483.5701941779
14602,Ridge,1,720000.0,974247.758688123
14800,Ridge,1,210000.0,187069.39501811104
15351,Ridge,1,290000.0,229262.00376428518
16491,Ridge,1,444950.0,477729.03468583303
16551,Ridge,1,199988.0,127711.91335980815
16774,Ridge,1,457000.0,467306.57485298766
16937,Ridge,1,240000.0,202484.18152421818
16945,Ridge,1,480000.0,710943.3225533396
17105,Ridge,1,272000.0,439023.4894487403
17356,Ridge,1,905000.0,889980.2525409928
17443,Ridge,1,560000.0,666267.1522014185
17638,Ridge,1,858450.0,796290.9269598179
17760,Ridge,1,325000.0,428356.68347229634
17909,Ridge,1,428000.0,326708.544120876
18131,Ridge,1,475000.0,417474.39470470196
18323,Ridge,1,218250.0,82078.31153785984
18955,Ridge,1,950000.0,1079879.6436182356
18958,Ridge,1,394250.0,621976.8985318535
19008,Ridge,1,571500.0,460629.772746438
19121,Ridge,1,182000.0,56903.27666253812
19189,Ridge,1,400000.0,437815.9383103043
19875,Ridge,1,430000.0,411088.44617108954
19911,Ridge,1,515000.0,574362.8439875037
19925,Ridge,1,340000.0,286220.8140872202
20210,Ridge,1,570000.0,658417.0491566486
20957,Ridge,1,379950.0,445941.80373581895
21168,Ridge,1,630500.0,558592.8840489349
21305,Ridge,1,495000.0,467778.66195220203
21525,Ridge,1,1450000.0,1147801.8117743165
846,Ridge,1,664000.0,701421.1388723074
877,Ridge,1,390000.0,359815.3412316892
1214,Ridge,1,500000.0,560057.4456897265
1553,Ridge,1,299000.0,229245.80988936865
1885,Ridge,1,340000.0,253107.15080289246
2328,Ridge,1,283000.0,402840.5930582562
2882,Ridge,1,700000.0,524963.7915631596
3218,Ridge,1,405000.0,499063.3750102989
3493,Ridge,1,150000.0,-55884.3204508301
4178,Ridge,1,790000.0,788047.7330779216
4348,Ridge,1,562000.0,776423.3491242332
5105,Ridge,1,549000.0,569530.3027543391
5231,Ridge,1,635000.0,734780.837811544
5317,Ridge,1,150000.0,46157.68386753986
5871,Ridge,1,399000.0,559482.1856381005
5943,Ridge,1,554000.0,617530.9922403499
6476,Ridge,1,775000.0,597367.3378488731
6772,Ridge,1,396000.0,412128.28851845855
7202,Ridge,1,500000.0,723586.5436311578
7221,Ridge,1,258000.0,427754.63195570244
7436,Ridge,1,1310000.0,1057850.3384382827
7740,Ridge,1,978000.0,904100.6321463999
7932,Ridge,1,664000.0,743090.3484565248
8289,Ridge,1,431750.0,465449.99935651897
8343,Ridge,1,320000.0,386280.33539747854
8443,Ridge,1,2140000.0,1539670.9988231543
8630,Ridge,1,190000.0,305897.0241738568
9283,Ridge,1,305000.0,318226.47644910717
9539,Ridge,1,500000.0,552396.1918340307
9810,Ridge,1,616500.0,702025.6325631362
9811,Ridge,1,750000.0,743211.6355967443
10059,Ridge,1,510000.0,587907.935272549
10284,Ridge,1,218000.0,101154.20995352109
10340,Ridge,1,370000.0,303795.40903381835
10996,Ridge,1,757000.0,706864.4167462601
11753,Ridge,1,1250000.0,1265737.872941637
12079,Ridge,1,216300.0,228715.22035347985
12209,Ridge,1,227000.0,222442.08943531837
13677,Ridge,1,349950.0,317261.1543433527
13799,Ridge,1,592000.0,669451.0592186061
14032,Ridge,1,1680000.0,2011314.0429459023
14116,Ridge,1,675000.0,829817.1183968198
14162,Ridge,1,279000.0,211648.21596705285
14475,Ridge,1,488000.0,549705.6290506093
14758,Ridge,1,530000.0,575871.1995204578
14892,Ridge,1,195000.0,185918.71209569933
15188,Ridge,1,473000.0,343703.77259374026
15259,Ridge,1,442500.0,448221.93644503783
15321,Ridge,1,345000.0,260725.0075706436
16061,Ridge,1,437500.0,481197.1009505097
16200,Ridge,1,326000.0,322190.81203355495
16674,Ridge,1,645000.0,710723.4955329774
16904,Ridge,1,437500.0,544877.6500205481
16951,Ridge,1,1225000.0,1217549.0214552996
17326,Ridge,1,189950.0,46944.92035083432
17715,Ridge,1,775000.0,216342.7440282168
18676,Ridge,1,455000.0,526891.0083125988
18744,Ridge,1,725000.0,815228.1639776444
18901,Ridge,1,325500.0,402186.3614177614
19041,Ridge,1,707000.0,778822.9510681664
19302,Ridge,1,575000.0,708202.4236679265
19714,Ridge,1,505000.0,445301.8638424113
19993,Ridge,1,439108.0,390769.2908542788
20117,Ridge,1,424950.0,536683.1950986568
20650,Ridge,1,560000.0,503090.76117447973
20848,Ridge,1,353000.0,303640.19484237384
20944,Ridge,1,925000.0,890283.840683088
21068,Ridge,1,400950.0,392775.3654896888
21262,Ridge,1,559000.0,518411.5979245214
21364,Ridge,1,419500.0,440837.3779935797
457,Ridge,1,705000.0,1177985.205788977
608,Ridge,1,223000.0,185854.54963290802
1196,Ridge,1,357000.0,281916.2932940077
1337,Ridge,1,495000.0,652334.0404205078
2560,Ridge,1,612000.0,691989.4124143263
2898,Ridge,1,355000.0,336815.64793222875
3016,Ridge,1,746000.0,669289.1612138817
3259,Ridge,1,580000.0,546823.7085670093
3603,Ridge,1,933000.0,899391.7733411272
3924,Ridge,1,1495000.0,1122173.473980316
4260,Ridge,1,489950.0,537005.3689568072
4339,Ridge,1,2125000.0,1133026.0115821513
4975,Ridge,1,815000.0,830043.1824257446
5040,Ridge,1,711800.0,734839.7312545739
5123,Ridge,1,730000.0,1002530.6316247879
5265,Ridge,1,215000.0,148900.1655685961
5822,Ridge,1,207000.0,203243.19072214456
6124,Ridge,1,345000.0,511007.6938483394
6375,Ridge,1,435000.0,342021.5352697069
6394,Ridge,1,324950.0,248565.66511479183
6868,Ridge,1,1555000.0,1981121.2826142877
6893,Ridge,1,900000.0,980953.3385774938
6942,Ridge,1,565000.0,593211.716890993
7167,Ridge,1,445000.0,502481.1988414989
7184,Ridge,1,358000.0,327819.3299447774
7692,Ridge,1,295000.0,212576.57397519454
8044,Ridge,1,420000.0,431060.0200964628
9836,Ridge,1,1730000.0,1535343.3576416697
11113,Ridge,1,425000.0,419705.6814882781
11416,Ridge,1,106000.0,40051.94364300644
11921,Ridge,1,525000.0,443686.9958412756
11999,Ridge,1,832500.0,983722.5871348868
12494,Ridge,1,660000.0,619070.084386925
12748,Ridge,1,750000.0,905731.2624084688
12884,Ridge,1,1610000.0,1689939.4230316554
12933,Ridge,1,469000.0,523891.1609953919
15503,Ridge,1,395000.0,435392.5890083995
15777,Ridge,1,699950.0,684425.9645232618
17085,Ridge,1,250000.0,304117.2495926253
17276,Ridge,1,250000.0,314066.08598315716
17379,Ridge,1,563000.0,525235.3710635629
17979,Ridge,1,575000.0,537333.9043580134
18600,Ridge,1,192000.0,76053.3117336863
18988,Ridge,1,140000.0,192041.4853152362
19815,Ridge,1,299950.0,266120.0466140583
20071,Ridge,1,485000.0,571860.1276535932
20771,Ridge,1,650000.0,698767.3785096859
8799,Ridge,1,975000.0,832475.183512259
20367,Ridge,1,399950.0,507867.1374904392
12917,Ridge,1,226000.0,199371.991982884
18939,Ridge,1,90000.0,-44475.84655965312
20301,Ridge,1,498445.0,596771.8370419855
18794,Ridge,1,1000000.0,785807.780921886
27,Ridge,1,667000.0,865321.8532569073
31,Ridge,1,280000.0,204495.24527711613
194,Ridge,1,230000.0,251060.10847145272
466,Ridge,1,465000.0,376861.30501164496
1772,Ridge,1,467500.0,677391.5194289712
1838,Ridge,1,1100000.0,1180853.177194729
2122,Ridge,1,405000.0,512528.4936473012
2368,Ridge,1,575000.0,624408.3907897118
2806,Ridge,1,401000.0,384593.850604623
2837,Ridge,1,490000.0,484610.47036465176
2861,Ridge,1,443000.0,454999.86969593173
2895,Ridge,1,180000.0,245847.64718571567
3337,Ridge,1,299000.0,387582.8934972128
3691,Ridge,1,179950.0,152417.45213739236
3917,Ridge,1,335000.0,240565.79509726632
4087,Ridge,1,515000.0,403509.14939696563
4140,Ridge,1,1210000.0,931455.6983829932
4210,Ridge,1,255000.0,161649.35194013966
4223,Ridge,1,571900.0,495725.5672826408
4317,Ridge,1,250000.0,103524.44948614016
4440,Ridge,1,225000.0,229644.07367936528
4742,Ridge,1,330000.0,273171.1168146399
4865,Ridge,1,268000.0,239275.92809354037
4904,Ridge,1,240000.0,265629.56660097383
5279,Ridge,1,368000.0,357974.2433719717
5609,Ridge,1,575000.0,573703.1553547205
5883,Ridge,1,400375.0,350795.58718626935
5998,Ridge,1,599000.0,895332.9642112921
6107,Ridge,1,555000.0,586484.6713385917
6182,Ridge,1,300000.0,287527.51808623667
6367,Ridge,1,320000.0,327617.9934898565
6766,Ridge,1,350000.0,311562.87539592816
6792,Ridge,1,560000.0,658791.570266732
7280,Ridge,1,800000.0,1226998.7872401322
7312,Ridge,1,555000.0,516227.74534945836
7561,Ridge,1,258900.0,189527.38067857537
7893,Ridge,1,500000.0,596722.0010593407
8268,Ridge,1,425000.0,513107.2836499702
8644,Ridge,1,1438890.0,1198824.9631315258
9156,Ridge,1,450000.0,734201.3799871561
9314,Ridge,1,903000.0,857580.167388411
10168,Ridge,1,605000.0,658432.9653090488
10554,Ridge,1,660000.0,710576.7423240892
10558,Ridge,1,460000.0,418140.29612271464
10574,Ridge,1,253000.0,189343.89273242216
10619,Ridge,1,799000.0,827934.0223941146
10666,Ridge,1,653000.0,633554.1036698602
10737,Ridge,1,1035000.0,1067042.2604633525
11604,Ridge,1,355000.0,416548.5533304264
12143,Ridge,1,460000.0,478925.83974109445
12190,Ridge,1,615000.0,741910.5900534984
12391,Ridge,1,385000.0,438469.9413195249
12454,Ridge,1,229000.0,179664.94521799329
12509,Ridge,1,1890000.0,1675219.6290309213
12615,Ridge,1,467000.0,542725.8168459563
12965,Ridge,1,672000.0,887265.7546580588
13103,Ridge,1,453000.0,524066.16694445594
13219,Ridge,1,713500.0,703116.5515054683
13233,Ridge,1,910000.0,837979.1646774008
13258,Ridge,1,260000.0,266014.99099924054
13607,Ridge,1,495000.0,924176.6033072271
13741,Ridge,1,775000.0,1088638.6143734888
13947,Ridge,1,350000.0,347368.5684188654
13950,Ridge,1,834000.0,1071030.949104459
14481,Ridge,1,645000.0,751052.5302953654
14865,Ridge,1,1520000.0,1242221.680082453
15692,Ridge,1,1637500.0,2123926.691281186
15718,Ridge,1,480000.0,387745.98467223474
15881,Ridge,1,827235.0,688175.7052568719
15998,Ridge,1,345000.0,360003.5296868625
16282,Ridge,1,632500.0,662240.7142507988
16352,Ridge,1,1185000.0,1004734.0820648018
16999,Ridge,1,420000.0,468111.74303038
17003,Ridge,1,500000.0,412885.79900289205
17205,Ridge,1,796500.0,811972.5177393268
17297,Ridge,1,364000.0,196592.68507606338
17314,Ridge,1,247500.0,151012.09828217927
17496,Ridge,1,258000.0,222199.26686880103
17622,Ridge,1,635000.0,651560.2851616552
18005,Ridge,1,1444000.0,1283095.6449352107
18076,Ridge,1,427000.0,427379.9509270228
18602,Ridge,1,283450.0,413844.53711816925
18760,Ridge,1,400000.0,758539.1216844564
19457,Ridge,1,342000.0,279124.8150312
19809,Ridge,1,932990.0,936963.785692726
19975,Ridge,1,175003.0,227012.64312195755
20296,Ridge,1,950000.0,1298578.4772951338
20476,Ridge,1,375000.0,487382.2474760742
20613,Ridge,1,220000.0,222434.9208636646
20803,Ridge,1,536000.0,554703.314856586
20887,Ridge,1,355000.0,416877.318891361
20932,Ridge,1,286950.0,124376.4160065247
21011,Ridge,1,515000.0,676007.6639105626
21031,Ridge,1,359782.0,414592.3903314277
21467,Ridge,1,1987500.0,1813123.8585758868
80,Ridge,1,390000.0,411527.25599895185
260,Ridge,1,780000.0,855218.4513754816
445,Ridge,1,400000.0,424895.6199779127
784,Ridge,1,650000.0,928753.0433263287
963,Ridge,1,210000.0,194980.5027752561
1617,Ridge,1,370000.0,313327.57083868585
1866,Ridge,1,475000.0,601152.7975045932
1875,Ridge,1,425000.0,343812.01276118634
1917,Ridge,1,210000.0,235846.82572883432
2432,Ridge,1,233000.0,234633.86572326283
2582,Ridge,1,965000.0,1094293.107914722
2602,Ridge,1,343000.0,324054.18214528717
3129,Ridge,1,1265000.0,1088949.6466462184
3271,Ridge,1,800000.0,1156532.1227466278
3324,Ridge,1,555000.0,583215.3357257725
3598,Ridge,1,270000.0,230808.47600204335
3795,Ridge,1,949000.0,866699.9933382818
4097,Ridge,1,280000.0,256733.07605228582
4444,Ridge,1,705000.0,659920.1480908468
4548,Ridge,1,466000.0,384709.1336572853
4688,Ridge,1,465000.0,359765.15921893413
4816,Ridge,1,475000.0,473626.0446495417
4835,Ridge,1,219000.0,4756.277688399656
4936,Ridge,1,440000.0,468738.4399186354
5200,Ridge,1,792500.0,767288.7733344022
5661,Ridge,1,538000.0,527653.3431856347
5809,Ridge,1,258000.0,160609.99271527265
5810,Ridge,1,450000.0,537593.1467231008
5927,Ridge,1,440000.0,573237.30867262
6064,Ridge,1,228000.0,153244.0455706634
6165,Ridge,1,382000.0,561204.0327036314
6452,Ridge,1,340000.0,303437.57298642106
6585,Ridge,1,260000.0,197944.20415430656
6611,Ridge,1,549950.0,663618.750069913
6696,Ridge,1,385000.0,572294.3796840344
6703,Ridge,1,520000.0,567286.0465610877
7321,Ridge,1,355000.0,403718.2488525671
7794,Ridge,1,580000.0,677055.6677429393
7916,Ridge,1,443750.0,494249.32956672995
8031,Ridge,1,399000.0,429356.2765220357
8206,Ridge,1,249000.0,340876.0759633679
8515,Ridge,1,353000.0,428483.51586582395
8652,Ridge,1,244900.0,226846.4611443082
8710,Ridge,1,506000.0,510358.33348625567
8902,Ridge,1,350000.0,403773.66997454606
9042,Ridge,1,505500.0,458358.6141010535
9378,Ridge,1,625000.0,628819.3487841351
10034,Ridge,1,665000.0,656327.6910910399
10559,Ridge,1,516000.0,710328.31049947
10647,Ridge,1,510000.0,493825.1677156871
11013,Ridge,1,1020000.0,713592.8160084628
11147,Ridge,1,234000.0,61059.22371875803
11196,Ridge,1,209000.0,111724.35462911904
11406,Ridge,1,387500.0,593559.7740974813
11663,Ridge,1,695000.0,1013627.1759836051
12292,Ridge,1,550000.0,540084.1065848944
12378,Ridge,1,232900.0,152432.65708120237
12723,Ridge,1,281000.0,186381.16021495278
12742,Ridge,1,135000.0,53731.093049309275
12990,Ridge,1,545000.0,555747.710745517
13642,Ridge,1,570000.0,501135.64748122275
14150,Ridge,1,290000.0,281689.48615158105
14213,Ridge,1,403000.0,394688.3241722223
14284,Ridge,1,420000.0,590992.8290441638
14799,Ridge,1,725000.0,821214.3454441163
14987,Ridge,1,432500.0,766886.6359720866
15134,Ridge,1,230000.0,416284.01412099466
15219,Ridge,1,410000.0,536460.5828622993
15239,Ridge,1,340000.0,218758.19985084777
15427,Ridge,1,404000.0,331138.87355754565
15583,Ridge,1,436000.0,426837.8972427214
15859,Ridge,1,535000.0,568685.452931345
16215,Ridge,1,528000.0,475182.3456532687
16986,Ridge,1,650000.0,1011747.7961616563
17019,Ridge,1,357000.0,364580.9579322598
17243,Ridge,1,349900.0,221686.35840311187
17431,Ridge,1,410000.0,706313.0480088422
17691,Ridge,1,389900.0,304965.8056972848
17703,Ridge,1,755000.0,860308.2052190572
18061,Ridge,1,446950.0,481715.07575437886
18221,Ridge,1,270000.0,214697.1175818306
18282,Ridge,1,330000.0,432753.2074957101
18284,Ridge,1,280000.0,181562.84468460997
18698,Ridge,1,350000.0,358145.047338207
18938,Ridge,1,350000.0,339871.3317482539
18956,Ridge,1,320000.0,323128.06787095976
19093,Ridge,1,450000.0,551503.0858950485
19122,Ridge,1,250000.0,96167.12988458248
19201,Ridge,1,925000.0,987761.0412533323
19586,Ridge,1,450000.0,668428.5168194161
19654,Ridge,1,267800.0,301223.56834413274
20008,Ridge,1,759000.0,741562.45944149
20058,Ridge,1,325000.0,259348.017534754
20332,Ridge,1,375000.0,505110.92343576124
20611,Ridge,1,732000.0,612652.9284961168
20724,Ridge,1,420000.0,477911.7767221516
21584,Ridge,1,380000.0,339627.90359958826
34,Ridge,1,322500.0,262272.1587903291
145,Ridge,1,921500.0,914113.9012486348
353,Ridge,1,437500.0,634585.3111738847
420,Ridge,1,482000.0,449748.4945276436
925,Ridge,1,990000.0,864383.5322939197
959,Ridge,1,378000.0,406534.9107307165
1205,Ridge,1,525000.0,405039.53628690523
1879,Ridge,1,835000.0,596299.9542213224
2409,Ridge,1,435000.0,637797.0154328728
2661,Ridge,1,225000.0,200208.82225803734
2782,Ridge,1,375000.0,388174.1240728989
2887,Ridge,1,520000.0,546619.2118520921
2988,Ridge,1,590000.0,799660.1578358089
3582,Ridge,1,355000.0,190423.98326461698
3749,Ridge,1,500000.0,660934.6151883786
3861,Ridge,1,2200000.0,1323314.0653379252
4421,Ridge,1,247000.0,284137.4308405967
4714,Ridge,1,827500.0,654631.2255508837
5473,Ridge,1,325000.0,250589.5766430947
5642,Ridge,1,560000.0,460778.8087890296
5828,Ridge,1,455000.0,557329.341504213
5873,Ridge,1,652450.0,686831.2551255831
5967,Ridge,1,2725000.0,1914290.4973709818
6039,Ridge,1,330000.0,363200.1087919206
6183,Ridge,1,471000.0,547010.114996609
6348,Ridge,1,440000.0,488465.31292814715
6381,Ridge,1,675000.0,857651.5721206827
6923,Ridge,1,315000.0,373271.4190963906
7110,Ridge,1,240000.0,131624.64233110705
7127,Ridge,1,1735000.0,1453953.3695882675
7148,Ridge,1,738000.0,550365.528791352
8260,Ridge,1,602000.0,672546.3249810983
8549,Ridge,1,409000.0,427555.010788099
8632,Ridge,1,601150.0,660868.3993305068
8677,Ridge,1,496000.0,556794.8662732318
8927,Ridge,1,515000.0,611135.5384381404
9210,Ridge,1,350000.0,460370.1385055965
9300,Ridge,1,400000.0,405491.9276699211
9657,Ridge,1,261000.0,269190.5884734031
10537,Ridge,1,500000.0,412796.1797797666
10837,Ridge,1,700000.0,702045.6719898711
10873,Ridge,1,291000.0,181670.1717215118
11238,Ridge,1,260000.0,229395.78079061216
11260,Ridge,1,865000.0,923326.440211274
11398,Ridge,1,1705000.0,1443486.0095245566
11678,Ridge,1,359000.0,455273.218536507
11977,Ridge,1,501000.0,530110.2189741929
12466,Ridge,1,399950.0,327135.86286284204
12606,Ridge,1,412000.0,420687.1011977723
12959,Ridge,1,245560.0,405398.22542512254
13281,Ridge,1,365500.0,370197.7849242034
13482,Ridge,1,375000.0,432439.4972919171
13886,Ridge,1,575000.0,487892.72385941097
14104,Ridge,1,521900.0,535644.0528902898
14364,Ridge,1,620000.0,702765.1578766172
14852,Ridge,1,345000.0,441815.8171560822
14877,Ridge,1,392000.0,459703.1685400795
14900,Ridge,1,430000.0,426092.1330272637
14998,Ridge,1,240000.0,267800.84231079364
15207,Ridge,1,250000.0,250211.09819218284
15362,Ridge,1,720000.0,818639.8932473734
15373,Ridge,1,762000.0,691217.5935194037
15925,Ridge,1,285000.0,303064.2117479236
15963,Ridge,1,180000.0,165577.63812520943
16546,Ridge,1,227000.0,195293.66915204725
16987,Ridge,1,445000.0,577449.8283862807
17194,Ridge,1,187250.0,153511.9316706598
17293,Ridge,1,340000.0,304451.8204709772
17373,Ridge,1,670000.0,879202.1718500524
18126,Ridge,1,271500.0,197759.17609813745
18388,Ridge,1,474000.0,639383.2881527094
18545,Ridge,1,325000.0,278060.7068448785
18568,Ridge,1,810000.0,924000.4276883942
18820,Ridge,1,474950.0,494350.19934857474
19174,Ridge,1,209000.0,147330.82110157667
19213,Ridge,1,900000.0,1008609.0789634003
20222,Ridge,1,550000.0,497563.7173131879
20546,Ridge,1,515000.0,445929.6513599352
20738,Ridge,1,1135000.0,1180069.955111783
21531,Ridge,1,346000.0,258715.07628412824
370,Ridge,1,280000.0,237749.45644402032
537,Ridge,1,595000.0,592578.2915817798
1400,Ridge,1,292000.0,307674.49056323303
1426,Ridge,1,350000.0,172236.98998783913
1660,Ridge,1,490000.0,681653.847135101
1757,Ridge,1,550000.0,814638.8147160093
2229,Ridge,1,265000.0,258042.97762127087
2318,Ridge,1,429000.0,650386.5056188247
2587,Ridge,1,265000.0,229883.00688682141
2665,Ridge,1,456150.0,424484.4622276769
2720,Ridge,1,320000.0,305166.70594263426
2798,Ridge,1,310000.0,294688.4393536977
2888,Ridge,1,205000.0,137138.0691099601
2918,Ridge,1,160000.0,216058.29135769105
3203,Ridge,1,528000.0,560294.7465840941
3459,Ridge,1,1075000.0,953071.2926733932
3491,Ridge,1,325088.0,234283.17059792584
3679,Ridge,1,527500.0,630258.8575489515
4358,Ridge,1,660000.0,476823.7243730212
4764,Ridge,1,315000.0,272408.87314252486
5614,Ridge,1,750000.0,713874.5869882146
5687,Ridge,1,248000.0,152130.5167507984
6519,Ridge,1,199500.0,136600.3359202036
6758,Ridge,1,295000.0,241689.471277949
6850,Ridge,1,343000.0,269476.7764063593
6875,Ridge,1,425000.0,414392.85238374106
7062,Ridge,1,560000.0,852609.018419541
7166,Ridge,1,237000.0,154515.66820105613
7663,Ridge,1,1270000.0,1485431.9641069649
7675,Ridge,1,385000.0,507305.66214703966
8814,Ridge,1,350000.0,243600.86725955727
8950,Ridge,1,626100.0,610179.380532183
9062,Ridge,1,427500.0,285793.7918089933
9699,Ridge,1,390000.0,432455.4571877136
10222,Ridge,1,450000.0,432980.98617846944
10289,Ridge,1,309900.0,219087.8763993912
10380,Ridge,1,268450.0,233313.78319527255
10415,Ridge,1,439950.0,454078.88062652305
10785,Ridge,1,250000.0,204518.28143823147
12109,Ridge,1,290000.0,285954.3871430883
13185,Ridge,1,420000.0,451331.612040558
13279,Ridge,1,717500.0,852791.5620942127
14125,Ridge,1,875000.0,1062478.2290983757
14809,Ridge,1,622100.0,501865.5915048909
14848,Ridge,1,400000.0,367019.1034235506
15002,Ridge,1,745000.0,707694.9411243843
15349,Ridge,1,835000.0,1084436.4264247303
15738,Ridge,1,538000.0,576679.3279406121
15797,Ridge,1,277500.0,382163.61835210613
16068,Ridge,1,1250000.0,1085762.6116839084
16897,Ridge,1,972000.0,1015572.582519107
17309,Ridge,1,147500.0,91523.13723753189
17329,Ridge,1,209950.0,167620.5145561085
17529,Ridge,1,340000.0,464733.3223031232
18007,Ridge,1,458000.0,703282.3013130184
18187,Ridge,1,273500.0,164913.7595057374
18289,Ridge,1,405000.0,368715.274428354
18381,Ridge,1,419995.0,423228.0512539226
18397,Ridge,1,306000.0,253654.48860162986
18472,Ridge,1,255000.0,175005.22275457514
18536,Ridge,1,665000.0,733770.5374345507
18789,Ridge,1,510000.0,516214.06984306534
19523,Ridge,1,240000.0,314804.04813901626
20194,Ridge,1,385000.0,372025.6069503917
20413,Ridge,1,529950.0,433740.14147823886
20943,Ridge,1,294500.0,285735.62617083534
18,Ridge,1,189000.0,235894.49653309415
189,Ridge,1,585188.0,575330.0610424667
347,Ridge,1,320000.0,176928.6504977697
1236,Ridge,1,270000.0,182295.23633584124
1644,Ridge,1,299000.0,231869.42068565183
2021,Ridge,1,340000.0,413535.4324442088
2274,Ridge,1,299500.0,350789.6178832685
2278,Ridge,1,625000.0,581225.1023783969
2358,Ridge,1,232000.0,130725.46808927093
2561,Ridge,1,330000.0,455107.78419904015
2663,Ridge,1,356500.0,288795.4936131912
2814,Ridge,1,450000.0,485153.7013336871
2917,Ridge,1,372000.0,340221.97375880997
3178,Ridge,1,325000.0,394177.32183337794
3266,Ridge,1,425000.0,362559.1653087493
3390,Ridge,1,579000.0,462220.332110108
3402,Ridge,1,115000.0,31149.80703757325
3809,Ridge,1,430000.0,535222.1118061243
4710,Ridge,1,328000.0,386636.30741009995
5203,Ridge,1,675000.0,673831.9044451435
6499,Ridge,1,1925000.0,1418089.7037192641
6791,Ridge,1,390000.0,537168.0223727037
7050,Ridge,1,239999.0,227497.82515520602
7230,Ridge,1,438000.0,441604.5653417592
7399,Ridge,1,360000.0,240710.90397579357
8791,Ridge,1,550000.0,758524.6577513609
8838,Ridge,1,1406890.0,1220871.8082228422
9322,Ridge,1,2575000.0,1950428.3833292646
9667,Ridge,1,1175000.0,987422.3795538102
10084,Ridge,1,1227500.0,1230232.1739073696
10622,Ridge,1,692500.0,762763.2936596628
10630,Ridge,1,338000.0,370495.7585585633
10933,Ridge,1,324000.0,333316.59795323695
11313,Ridge,1,485000.0,609510.1528607676
11542,Ridge,1,690000.0,668499.5311835408
11925,Ridge,1,559500.0,598419.8038044939
12271,Ridge,1,450000.0,424618.07548677595
12376,Ridge,1,357000.0,547087.8993419948
12544,Ridge,1,567500.0,569466.8754437214
12631,Ridge,1,495200.0,457105.35008580884
12636,Ridge,1,585000.0,619919.7865880746
12851,Ridge,1,529000.0,462971.3126085097
12958,Ridge,1,690500.0,682726.5290907994
13193,Ridge,1,363000.0,389140.6300280006
13515,Ridge,1,215000.0,229563.42263779743
13691,Ridge,1,405000.0,449618.15443951497
14123,Ridge,1,515000.0,500099.9996150193
14183,Ridge,1,500000.0,221385.37758575537
15812,Ridge,1,294450.0,313512.9383761968
16248,Ridge,1,660000.0,648340.879641069
16256,Ridge,1,400000.0,521697.59208461165
16618,Ridge,1,369000.0,460740.02754353837
16925,Ridge,1,358000.0,203269.85966087622
17386,Ridge,1,780000.0,485595.6957313739
18244,Ridge,1,464000.0,292299.0113907759
18563,Ridge,1,675000.0,729084.8410103554
19000,Ridge,1,565000.0,506938.4254896246
19950,Ridge,1,743000.0,854878.2373056168
20739,Ridge,1,590000.0,564436.8117336946
21247,Ridge,1,510000.0,515906.77309863374
6767,Ridge,1,319000.0,338097.92017788417
8256,Ridge,1,320000.0,297529.97258629266
13013,Ridge,1,285000.0,210994.14483314904
13253,Ridge,1,760000.0,822271.5317697169
17975,Ridge,1,430000.0,477471.6985515174
19902,Ridge,1,615000.0,562993.1315976188
63,Ridge,1,549000.0,459538.9280812864
3278,Ridge,1,843500.0,1069990.1225967524
165,Ridge,1,370000.0,368471.95421400556
240,Ridge,1,225000.0,204606.617925465
1398,Ridge,1,465000.0,351319.6286401957
1550,Ridge,1,355000.0,424754.3502543501
1696,Ridge,1,440000.0,562386.1466300201
1703,Ridge,1,617000.0,491753.19874251564
1709,Ridge,1,550000.0,625001.4427311604
1910,Ridge,1,400000.0,371909.7148167001
1968,Ridge,1,490000.0,371829.2324047954
2083,Ridge,1,800000.0,922819.3032979297
2304,Ridge,1,290000.0,351176.3131789761
2962,Ridge,1,310000.0,321274.3419900401
3075,Ridge,1,650000.0,565562.665725215
3456,Ridge,1,508500.0,528735.947166177
3799,Ridge,1,851500.0,870401.2336069655
3812,Ridge,1,750000.0,790743.1907681937
3910,Ridge,1,408500.0,467497.3559364845
4418,Ridge,1,864000.0,833183.9593133656
4579,Ridge,1,238000.0,197905.86751769006
4877,Ridge,1,849000.0,721402.8141324238
5213,Ridge,1,368000.0,477956.8616519098
5406,Ridge,1,459900.0,555404.7520186913
5811,Ridge,1,720168.0,593499.3028932709
5893,Ridge,1,695000.0,774824.5550019033
6668,Ridge,1,523000.0,808380.2072810269
6800,Ridge,1,645000.0,722133.8410206827
6991,Ridge,1,708000.0,712209.1866002331
7002,Ridge,1,2175000.0,1923338.1370311987
7156,Ridge,1,180000.0,157141.2708651293
7903,Ridge,1,475000.0,374429.9206377125
7927,Ridge,1,659000.0,646856.3363823377
8571,Ridge,1,726500.0,650910.7402894462
8678,Ridge,1,399950.0,402291.7195953432
9867,Ridge,1,600000.0,671229.7871304266
10139,Ridge,1,800000.0,841845.2850816611
10436,Ridge,1,312000.0,193656.1812980937
10476,Ridge,1,820000.0,911699.9163530983
10849,Ridge,1,292000.0,230831.58511807222
10851,Ridge,1,500000.0,571112.7227434723
11089,Ridge,1,910000.0,874527.2012855227
11286,Ridge,1,278000.0,233751.76279982575
11568,Ridge,1,258950.0,210170.4333633168
11932,Ridge,1,104950.0,167421.74156701012
12014,Ridge,1,185000.0,138139.90584808076
12418,Ridge,1,244900.0,91816.06273419078
12721,Ridge,1,670000.0,1055130.5664452056
12816,Ridge,1,760000.0,917743.1548758529
13043,Ridge,1,174950.0,26638.36119860661
13127,Ridge,1,465000.0,309627.61112903384
13416,Ridge,1,360000.0,363463.0556669113
14356,Ridge,1,1010000.0,1016850.5322453761
14442,Ridge,1,697000.0,773259.3253881262
14734,Ridge,1,989900.0,1027708.0125660917
15078,Ridge,1,650000.0,505824.84613473556
16751,Ridge,1,208000.0,177103.22937903693
16798,Ridge,1,529000.0,572879.2375268284
17073,Ridge,1,390000.0,375353.8386264711
17375,Ridge,1,492500.0,230964.4791994313
17729,Ridge,1,600000.0,490961.4114548181
17973,Ridge,1,458450.0,366893.07246966707
18035,Ridge,1,326995.0,271301.4677958393
18409,Ridge,1,2630000.0,1757452.5976448867
18606,Ridge,1,1315000.0,1381841.5880932237
18673,Ridge,1,475000.0,516438.50325507234
18825,Ridge,1,611000.0,609625.7410448471
18855,Ridge,1,405000.0,336685.1787152637
19018,Ridge,1,225000.0,93867.43286958308
19760,Ridge,1,292000.0,285013.87839686207
19921,Ridge,1,315000.0,344747.5873523966
20090,Ridge,1,551500.0,631720.4605797629
20136,Ridge,1,1237500.0,1177206.858490746
20189,Ridge,1,730000.0,859101.1468141983
20928,Ridge,1,287000.0,345235.4031327359
1,Ridge,1,538000.0,617928.6424685146
3,Ridge,1,604000.0,522510.8921584193
314,Ridge,1,1400000.0,1303016.3960935883
463,Ridge,1,359500.0,419035.64261067694
576,Ridge,1,266000.0,261310.48730656208
610,Ridge,1,340000.0,390222.91724852833
844,Ridge,1,456500.0,449547.022304638
1197,Ridge,1,361000.0,235779.84877583216
1731,Ridge,1,337000.0,298360.1803584641
2285,Ridge,1,225000.0,181831.574853684
2683,Ridge,1,725786.0,808988.1922157155
3531,Ridge,1,495800.0,548076.1554906178
3728,Ridge,1,422000.0,516627.228504729
3764,Ridge,1,367777.0,403884.61383399635
3883,Ridge,1,589950.0,508816.1670913192
3958,Ridge,1,1145000.0,1229856.4526108694
4056,Ridge,1,363000.0,330912.3531967456
4101,Ridge,1,634800.0,719570.9796359183
4275,Ridge,1,1275000.0,1093973.3936847562
4693,Ridge,1,173250.0,147843.02335869684
4734,Ridge,1,565000.0,544336.9341408536
5260,Ridge,1,220000.0,278115.71344874386
5368,Ridge,1,1600000.0,1212542.3263648427
5634,Ridge,1,558000.0,504107.19968329347
6217,Ridge,1,219950.0,83453.64282626717
6374,Ridge,1,251100.0,208807.40772685944
6695,Ridge,1,490000.0,578589.2698706982
6819,Ridge,1,269500.0,196870.3161106758
6862,Ridge,1,685000.0,1012570.0719874348
6905,Ridge,1,465000.0,600083.1647790461
7347,Ridge,1,323000.0,310381.4142743375
7581,Ridge,1,678940.0,702020.427706508
7771,Ridge,1,276000.0,413553.1694384754
8222,Ridge,1,2193000.0,1350253.7267271155
8244,Ridge,1,915000.0,1110455.0083344637
8321,Ridge,1,525000.0,637173.057334487
8412,Ridge,1,445000.0,368706.5138567968
8768,Ridge,1,470000.0,480898.3806962591
9101,Ridge,1,675000.0,796979.3417707125
9530,Ridge,1,450000.0,421981.32001122594
9818,Ridge,1,753000.0,782882.121233058
10669,Ridge,1,245000.0,240271.05333791097
10968,Ridge,1,535000.0,688917.8878773182
11093,Ridge,1,1295000.0,1126825.8132730378
11380,Ridge,1,275000.0,264394.10734556965
11446,Ridge,1,2750000.0,1881535.7170409893
11688,Ridge,1,597500.0,566103.0606214917
12445,Ridge,1,592500.0,482059.82561700384
12463,Ridge,1,795000.0,822295.339399098
13007,Ridge,1,330000.0,364557.8793732078
13145,Ridge,1,417400.0,619234.0817360572
13494,Ridge,1,790000.0,840336.8063690253
13819,Ridge,1,215000.0,135727.51802977663
13945,Ridge,1,975000.0,1222344.188712532
14630,Ridge,1,283000.0,387522.1576901492
14706,Ridge,1,405000.0,381733.35973791825
14793,Ridge,1,600000.0,589081.276788557
15033,Ridge,1,699000.0,772758.6379341872
15079,Ridge,1,288000.0,453335.3662976621
15103,Ridge,1,348500.0,419319.81535246834
15395,Ridge,1,255000.0,306777.0025736741
15512,Ridge,1,1800000.0,1879787.62727359
15671,Ridge,1,345000.0,315490.258612494
15945,Ridge,1,680000.0,787900.9581274177
17618,Ridge,1,436000.0,393470.7516891429
18334,Ridge,1,480000.0,537025.3514762354
18340,Ridge,1,470000.0,410727.78641713504
18728,Ridge,1,192500.0,102727.45025789342
18913,Ridge,1,224000.0,89352.43602037482
19237,Ridge,1,306000.0,373406.09293617506
19495,Ridge,1,257000.0,248552.94381406522
20177,Ridge,1,261950.0,193673.0924160881
20359,Ridge,1,279000.0,212703.014529238
20503,Ridge,1,355000.0,273742.28162340313
20655,Ridge,1,859950.0,744195.0431689441
21138,Ridge,1,398500.0,546324.8540438123
21347,Ridge,1,338000.0,368537.96011762484
21521,Ridge,1,1378000.0,1327122.3982627348
60,Ridge,2,650000.0,598017.7949426719
362,Ridge,2,329500.0,237756.62898473395
390,Ridge,2,345000.0,302944.73630990094
751,Ridge,2,950000.0,891922.7161512873
917,Ridge,2,324000.0,324795.37140619475
1009,Ridge,2,280300.0,381473.9367503631
1293,Ridge,2,550000.0,418964.29688277363
1387,Ridge,2,381000.0,374810.9394557144
1653,Ridge,2,415000.0,795928.1759164784
1779,Ridge,2,355000.0,316802.01688225835
2148,Ridge,2,670950.0,560533.9430052869
2444,Ridge,2,3278000.0,2447781.343720862
2549,Ridge,2,276000.0,429731.2921620228
2592,Ridge,2,620000.0,597645.9099546799
2675,Ridge,2,278000.0,211632.22396746156
2952,Ridge,2,250750.0,421632.7631267288
3457,Ridge,2,345950.0,295799.26690434734
3503,Ridge,2,500000.0,363317.98845880374
3926,Ridge,2,775000.0,985545.3570475117
4403,Ridge,2,235000.0,381429.4577392226
4686,Ridge,2,828200.0,908940.9683759913
4711,Ridge,2,572500.0,528585.5306318235
5024,Ridge,2,1060000.0,1258186.0089516314
5077,Ridge,2,740000.0,958115.2325323576
5090,Ridge,2,355000.0,355996.1392064939
5124,Ridge,2,245000.0,181719.7685409374
5440,Ridge,2,693000.0,830749.2886686733
6078,Ridge,2,438900.0,525701.7895841077
6363,Ridge,2,264950.0,246654.16113719274
6459,Ridge,2,377000.0,347863.01016741386
6985,Ridge,2,217000.0,169579.44090412208
7705,Ridge,2,760000.0,541018.9536158239
7789,Ridge,2,245000.0,350963.7399080591
7899,Ridge,2,300000.0,303628.3067104495
8215,Ridge,2,733500.0,747311.9892801521
8511,Ridge,2,360000.0,476317.657584179
9066,Ridge,2,685000.0,810082.7992786733
9116,Ridge,2,399990.0,376546.9543807523
9261,Ridge,2,530000.0,698192.1072239892
9290,Ridge,2,490000.0,449583.79027276434
9550,Ridge,2,661000.0,536624.1588843599
9589,Ridge,2,275000.0,284208.8997185416
9787,Ridge,2,202000.0,116219.84918278916
10009,Ridge,2,160000.0,119559.57123551838
10428,Ridge,2,315000.0,249585.02881353756
10773,Ridge,2,409950.0,342949.8315974813
10930,Ridge,2,357000.0,470871.3023844863
11204,Ridge,2,595000.0,706538.3306186055
12037,Ridge,2,257000.0,130245.13461788546
13021,Ridge,2,360000.0,309256.97751534416
14037,Ridge,2,1075000.0,814335.5730087082
15015,Ridge,2,266000.0,230834.8786472012
15397,Ridge,2,325000.0,409412.2468250235
15994,Ridge,2,465000.0,417416.42356448213
16145,Ridge,2,535000.0,732769.6074333553
16323,Ridge,2,575950.0,449198.64190540067
16893,Ridge,2,125000.0,343996.66865179746
17095,Ridge,2,1475000.0,1315232.1376085316
17114,Ridge,2,375000.0,577781.9790585426
17661,Ridge,2,243500.0,205508.5829306062
18106,Ridge,2,176000.0,107286.15775184828
18267,Ridge,2,385000.0,388734.2714390726
18313,Ridge,2,835000.0,791772.5484806492
19051,Ridge,2,299000.0,191044.60073123808
19377,Ridge,2,244000.0,140322.22498367634
19573,Ridge,2,541338.0,474163.0171447331
20407,Ridge,2,929000.0,1020952.7010258085
20439,Ridge,2,290500.0,537642.6640873462
20805,Ridge,2,469000.0,391163.47437292105
20835,Ridge,2,533500.0,542037.1984231949
20995,Ridge,2,450000.0,349981.64083943015
21041,Ridge,2,365000.0,378279.0241533058
21118,Ridge,2,834538.0,753275.1208306907
21167,Ridge,2,215000.0,103127.81402010057
21181,Ridge,2,725000.0,737295.8401153856
577,Ridge,2,930000.0,1307933.8458329416
579,Ridge,2,180000.0,102673.17619699222
849,Ridge,2,254000.0,278192.6927197896
1902,Ridge,2,485000.0,568403.5646904899
1911,Ridge,2,685000.0,757594.784031588
2151,Ridge,2,525000.0,481532.77898810233
2478,Ridge,2,275000.0,192680.5544462211
3008,Ridge,2,430000.0,550698.9816456842
3132,Ridge,2,640000.0,618337.4137751586
3182,Ridge,2,395000.0,467063.77342069
3414,Ridge,2,280000.0,151809.28096659208
3636,Ridge,2,830000.0,814896.6506968699
3880,Ridge,2,357000.0,245919.27095918328
4171,Ridge,2,245000.0,344788.4862956068
5302,Ridge,2,368500.0,347584.45751719875
5847,Ridge,2,565000.0,621512.175030645
5968,Ridge,2,490000.0,498094.7943971873
6013,Ridge,2,587000.0,687632.4556472796
6274,Ridge,2,549950.0,727887.3386020445
6333,Ridge,2,400000.0,378248.75410127884
6338,Ridge,2,755000.0,782186.4109994877
6974,Ridge,2,275000.0,233340.01837066462
7177,Ridge,2,287000.0,334046.4635600627
7286,Ridge,2,654000.0,764261.6631646296
7333,Ridge,2,449888.0,542774.7483627927
7708,Ridge,2,592500.0,634112.8062207289
7757,Ridge,2,224950.0,238647.62352810398
7851,Ridge,2,335000.0,323049.55558060994
7965,Ridge,2,466000.0,530014.6973654262
8009,Ridge,2,476500.0,370575.36708208127
8360,Ridge,2,354000.0,312891.6895247791
8545,Ridge,2,752000.0,732408.245587572
9762,Ridge,2,299950.0,327503.8510415157
10243,Ridge,2,225000.0,164314.18397342402
10350,Ridge,2,565000.0,608555.8079852723
10379,Ridge,2,730000.0,694394.6055953138
10741,Ridge,2,205000.0,84024.73040349327
10865,Ridge,2,310000.0,374676.7942266067
11197,Ridge,2,344950.0,369506.862355684
11230,Ridge,2,725000.0,865066.8832793278
11268,Ridge,2,1400000.0,1163697.8007232323
11482,Ridge,2,1125000.0,914864.4751265045
12117,Ridge,2,585000.0,565300.8386789509
12178,Ridge,2,676000.0,671878.1545237064
12308,Ridge,2,429000.0,485980.7583298234
12371,Ridge,2,670000.0,752570.6406022105
12373,Ridge,2,172000.0,140856.29833778966
12656,Ridge,2,676000.0,627812.8892406346
12937,Ridge,2,372000.0,357683.87715537625
13094,Ridge,2,460000.0,654846.5702489566
13346,Ridge,2,375000.0,316185.07654037344
13851,Ridge,2,1795000.0,1419903.505302447
13942,Ridge,2,891500.0,858204.280050633
14404,Ridge,2,265800.0,222573.06107909256
15070,Ridge,2,430000.0,701094.0838574367
15105,Ridge,2,660000.0,550627.1930882746
15522,Ridge,2,1110000.0,1023736.134760029
15604,Ridge,2,700000.0,846997.9120288689
15732,Ridge,2,300000.0,346776.7360906772
15825,Ridge,2,700000.0,1162020.0355602582
16290,Ridge,2,329000.0,315085.95745954127
16403,Ridge,2,305000.0,457115.310665039
17028,Ridge,2,179950.0,72426.88111865922
18070,Ridge,2,545000.0,497790.32049689564
18262,Ridge,2,148900.0,258485.45731704653
18396,Ridge,2,259000.0,236786.59865604126
19095,Ridge,2,665000.0,673120.1555937747
19133,Ridge,2,1028950.0,857694.414209571
19595,Ridge,2,300000.0,329252.42131021636
19643,Ridge,2,650000.0,831544.7642238196
19998,Ridge,2,377000.0,421957.5798581125
20105,Ridge,2,399950.0,472957.11748285417
21104,Ridge,2,585000.0,751632.2894457635
21113,Ridge,2,320000.0,348018.73217250383
21349,Ridge,2,608000.0,430078.3597583622
21537,Ridge,2,370000.0,413472.8326687253
102,Ridge,2,699950.0,544213.1649095727
632,Ridge,2,426700.0,455050.8727848189
1011,Ridge,2,475000.0,419814.11512530665
1211,Ridge,2,460000.0,731852.7588323932
1708,Ridge,2,429000.0,526912.7987206776
1809,Ridge,2,415000.0,354784.4473173474
2443,Ridge,2,143000.0,26784.118987468653
2522,Ridge,2,356500.0,379152.222733403
2554,Ridge,2,265000.0,213511.49081824336
2669,Ridge,2,161500.0,200616.13752515812
2907,Ridge,2,760000.0,726101.7888322636
3321,Ridge,2,95000.0,62760.70573005907
4325,Ridge,2,371000.0,399212.33389581356
4336,Ridge,2,485000.0,529663.0873878448
4422,Ridge,2,475000.0,441053.3780710981
4953,Ridge,2,278000.0,535900.4368536728
5152,Ridge,2,436000.0,505688.299806673
5477,Ridge,2,836000.0,747616.4215884899
5522,Ridge,2,458000.0,689733.359893426
6008,Ridge,2,340000.0,290319.0544776615
6181,Ridge,2,289950.0,267236.06809169345
6570,Ridge,2,301000.0,301815.5455509678
6730,Ridge,2,385000.0,324733.4795204455
6872,Ridge,2,439000.0,623216.7369518942
7064,Ridge,2,1500000.0,1054669.1402123591
7102,Ridge,2,765000.0,825670.0239271779
7345,Ridge,2,330000.0,287074.552090468
7426,Ridge,2,1393000.0,1390680.77046778
7489,Ridge,2,765000.0,833214.7500054906
8356,Ridge,2,585000.0,586010.5170371705
8633,Ridge,2,315000.0,194246.62145994045
8786,Ridge,2,287000.0,185999.80544584402
9052,Ridge,2,1205000.0,1027676.8111347966
9792,Ridge,2,325000.0,342554.2616082239
10112,Ridge,2,510000.0,635146.1702657759
10315,Ridge,2,402000.0,504879.03890668333
10373,Ridge,2,2983000.0,2108254.4949836778
10604,Ridge,2,385000.0,304008.4329216234
11206,Ridge,2,600000.0,506139.1527758116
11518,Ridge,2,420000.0,606906.5832557676
11969,Ridge,2,249000.0,217463.2974575851
12041,Ridge,2,312500.0,278296.92731080175
12894,Ridge,2,285950.0,166688.57394789724
13163,Ridge,2,1250000.0,991739.8829940027
13223,Ridge,2,543000.0,538189.0715283025
13716,Ridge,2,180000.0,12912.74540835357
13973,Ridge,2,425000.0,444180.67124980426
14021,Ridge,2,170000.0,174311.11381273647
14207,Ridge,2,305000.0,299312.7271543017
14240,Ridge,2,862500.0,1063185.2839376512
14445,Ridge,2,410000.0,413996.72421483824
14452,Ridge,2,400000.0,406451.6200463113
14744,Ridge,2,420000.0,519893.7740040438
15086,Ridge,2,360000.0,481171.02481952746
15620,Ridge,2,180000.0,46170.84269022418
15704,Ridge,2,322000.0,260580.28750192438
16514,Ridge,2,500000.0,678687.2428266354
16563,Ridge,2,365000.0,562285.9382036249
17905,Ridge,2,425000.0,676043.4494601178
18114,Ridge,2,645000.0,602456.6951856379
18225,Ridge,2,451000.0,434347.71988775843
18878,Ridge,2,220000.0,323652.3688058985
19331,Ridge,2,399888.0,414267.82476699806
19690,Ridge,2,479950.0,487213.6582094434
20430,Ridge,2,659950.0,705214.0124060975
20661,Ridge,2,939000.0,952933.087314263
20872,Ridge,2,689000.0,900600.6075373656
20915,Ridge,2,303000.0,233839.22335116286
4967,Ridge,2,1575000.0,1502022.976388495
5307,Ridge,2,1122500.0,1329985.4702977114
5318,Ridge,2,410000.0,391473.48623753496
9093,Ridge,2,320000.0,342490.19869387994
2534,Ridge,2,358000.0,290365.96270212607
4051,Ridge,2,339888.0,281739.7971518524
4529,Ridge,2,450000.0,392241.6999086349
6624,Ridge,2,242550.0,271741.1538798262
741,Ridge,2,459000.0,430408.55089704075
840,Ridge,2,282000.0,252049.01156521784
1145,Ridge,2,252500.0,241861.6209023798
1191,Ridge,2,220000.0,190718.68693212513
1961,Ridge,2,250000.0,192660.2054046868
2076,Ridge,2,715000.0,665874.2200161131
2084,Ridge,2,1250000.0,1007882.3400822559
2268,Ridge,2,403500.0,496403.67362086737
2438,Ridge,2,985000.0,1250908.5883496588
2699,Ridge,2,250000.0,440204.0109691635
2874,Ridge,2,499000.0,572039.1808622987
3102,Ridge,2,975000.0,1176515.0820620542
3468,Ridge,2,535000.0,525404.2144570713
3487,Ridge,2,195000.0,120691.49327314616
4104,Ridge,2,417000.0,394160.22627859964
4313,Ridge,2,430000.0,478113.0793829078
4373,Ridge,2,191000.0,135072.02371061785
4747,Ridge,2,680000.0,585419.801704279
5006,Ridge,2,325000.0,404040.35421859287
5223,Ridge,2,852500.0,958782.8167569246
5315,Ridge,2,682000.0,697308.9597420522
5448,Ridge,2,290000.0,256885.90884713072
5618,Ridge,2,435000.0,467382.34228087595
5953,Ridge,2,705000.0,780354.4993431615
6948,Ridge,2,319990.0,290939.07149133226
7031,Ridge,2,424500.0,301016.6132693439
7330,Ridge,2,1245000.0,1319197.4026360584
7497,Ridge,2,365000.0,512451.76701325213
8107,Ridge,2,330000.0,291339.62562578986
8217,Ridge,2,364950.0,333582.72613483825
8879,Ridge,2,289900.0,288441.2484683378
9161,Ridge,2,748000.0,856529.5896720034
9266,Ridge,2,347000.0,405110.45945099765
9293,Ridge,2,327500.0,370716.51793449593
9601,Ridge,2,599000.0,574470.7412976879
9922,Ridge,2,429950.0,395081.12569966406
10349,Ridge,2,385000.0,436611.29618806497
10411,Ridge,2,379950.0,333273.6862009444
11256,Ridge,2,199950.0,81792.97793236206
11470,Ridge,2,850000.0,801032.6106293593
11787,Ridge,2,1280000.0,1190602.7040598118
12345,Ridge,2,353000.0,217385.9270684707
12586,Ridge,2,932808.0,1151688.9644703935
12874,Ridge,2,255000.0,216025.80848848907
13101,Ridge,2,290000.0,256820.9409471879
13941,Ridge,2,269950.0,462149.1055250967
14063,Ridge,2,734000.0,685601.2254441404
14290,Ridge,2,469950.0,500232.29388757056
14519,Ridge,2,500000.0,585506.7585312068
14964,Ridge,2,730000.0,719277.0156360017
15016,Ridge,2,325000.0,459386.9544586748
15781,Ridge,2,517000.0,462200.7467244626
15841,Ridge,2,696000.0,833701.8088986053
15957,Ridge,2,693000.0,942683.7893763289
16094,Ridge,2,499950.0,449012.62208922906
16127,Ridge,2,387846.0,530642.0077521869
16539,Ridge,2,1000000.0,943934.1282690405
17692,Ridge,2,710000.0,689910.7487044579
17913,Ridge,2,292000.0,393514.5547992457
18398,Ridge,2,315000.0,199637.9640939891
18649,Ridge,2,550000.0,501474.131177932
18688,Ridge,2,625000.0,679349.6890482701
18862,Ridge,2,740000.0,719309.1840660259
19112,Ridge,2,455000.0,418619.8288087653
19329,Ridge,2,242000.0,202167.46863380302
19614,Ridge,2,370000.0,592660.5759013623
19951,Ridge,2,345000.0,376765.34493411414
20062,Ridge,2,675000.0,644147.6402612156
20468,Ridge,2,900000.0,984009.9178447735
20541,Ridge,2,312500.0,347931.84315229615
20604,Ridge,2,256950.0,292962.94920572
20888,Ridge,2,356000.0,466890.7426838318
20945,Ridge,2,730000.0,745444.8703805337
21115,Ridge,2,425000.0,345536.7162504175
21413,Ridge,2,869950.0,753307.4397127215
21515,Ridge,2,942990.0,914631.8977728351
21545,Ridge,2,405000.0,326854.1465195096
262,Ridge,2,525000.0,569697.2499674782
488,Ridge,2,699900.0,693536.8798755937
564,Ridge,2,638700.0,543990.8056256671
1404,Ridge,2,635000.0,571794.9041205484
2319,Ridge,2,471000.0,524141.8956007511
3232,Ridge,2,475000.0,504346.06140858214
3237,Ridge,2,739000.0,1022742.1788979152
4264,Ridge,2,235000.0,199482.9294461283
4319,Ridge,2,432500.0,596712.7520716491
4941,Ridge,2,635000.0,586845.9806549422
5016,Ridge,2,453000.0,675718.1436675785
5022,Ridge,2,425000.0,420597.6585742788
5061,Ridge,2,370000.0,497270.30031236843
5110,Ridge,2,499900.0,543030.4199858687
5162,Ridge,2,1500000.0,1333713.8862174759
5555,Ridge,2,434000.0,417603.4328228921
5676,Ridge,2,998000.0,795666.1419369958
6543,Ridge,2,557500.0,521433.9098828958
6763,Ridge,2,780000.0,834750.2060222118
6790,Ridge,2,539000.0,497041.3324473935
7146,Ridge,2,721000.0,776265.1793636915
7279,Ridge,2,767500.0,927348.7575632276
7367,Ridge,2,406000.0,312957.9478746735
7453,Ridge,2,292000.0,361819.7669529853
8404,Ridge,2,315000.0,286670.13520835055
8815,Ridge,2,353750.0,198964.22956656408
9134,Ridge,2,284850.0,234304.36924805283
9137,Ridge,2,560000.0,509255.27127534576
9564,Ridge,2,257100.0,181419.170717208
10522,Ridge,2,645000.0,700446.652002135
10599,Ridge,2,422500.0,338144.05994338694
11087,Ridge,2,880000.0,921351.8693648151
11219,Ridge,2,393000.0,375862.065377136
11280,Ridge,2,500000.0,528903.7903000664
11315,Ridge,2,490000.0,469516.2294813147
11350,Ridge,2,651500.0,546805.7956292146
13138,Ridge,2,430000.0,473658.93625754956
13448,Ridge,2,1045000.0,1036350.9731532099
13461,Ridge,2,565000.0,646142.3284656182
13577,Ridge,2,635000.0,1039093.4014825816
13710,Ridge,2,2600000.0,2158563.548125395
14662,Ridge,2,850000.0,724600.8008263219
14676,Ridge,2,265000.0,58414.50628225936
14905,Ridge,2,625000.0,660175.9485510063
15162,Ridge,2,930000.0,856552.8301191425
15317,Ridge,2,147000.0,146777.29442680755
15403,Ridge,2,380000.0,224204.76892980392
15587,Ridge,2,1005000.0,1205668.3533976062
16030,Ridge,2,375000.0,313988.75926477055
16102,Ridge,2,589000.0,712567.4953540505
16502,Ridge,2,305000.0,369785.41680299654
16656,Ridge,2,324900.0,317846.41414718836
16888,Ridge,2,995000.0,1263216.1014399808
17671,Ridge,2,505000.0,464283.45950539905
17907,Ridge,2,310000.0,215743.5138469998
18599,Ridge,2,725000.0,694451.1021395206
18645,Ridge,2,575000.0,434689.529116028
18932,Ridge,2,465000.0,507764.3343427615
19036,Ridge,2,303000.0,279596.3319496806
19446,Ridge,2,1900000.0,1387860.9007798652
20021,Ridge,2,429900.0,411033.16537101986
20469,Ridge,2,664950.0,729679.6017127477
21074,Ridge,2,375000.0,511472.8588742864
21282,Ridge,2,706000.0,585160.3866723115
21357,Ridge,2,1065000.0,821476.3260333919
562,Ridge,2,880000.0,899791.0393745886
575,Ridge,2,300000.0,240688.87887494214
764,Ridge,2,405300.0,488125.6716355096
1195,Ridge,2,632000.0,459342.34832697053
1273,Ridge,2,590000.0,511490.56265595014
1313,Ridge,2,255000.0,180400.52350462362
2011,Ridge,2,305000.0,287725.0557393851
2347,Ridge,2,430000.0,409507.65350442304
2430,Ridge,2,305500.0,318159.25024539756
2441,Ridge,2,355950.0,459475.2465325642
3173,Ridge,2,490000.0,492402.5836095888
3238,Ridge,2,271000.0,220797.59151884477
3939,Ridge,2,425000.0,415925.01277437084
3945,Ridge,2,480000.0,452554.0945728691
5183,Ridge,2,220000.0,294257.6582677132
6807,Ridge,2,299500.0,212039.16060435167
7205,Ridge,2,630000.0,572739.8170570618
7209,Ridge,2,352500.0,500282.24579027586
7305,Ridge,2,445000.0,487972.25795523694
7814,Ridge,2,291000.0,169530.09906101087
8148,Ridge,2,1250000.0,1222718.9776171404
8161,Ridge,2,275000.0,169680.14312973054
8499,Ridge,2,336500.0,277974.04201999854
8603,Ridge,2,279000.0,276893.5516957606
9330,Ridge,2,825000.0,949563.8966833662
9451,Ridge,2,500000.0,489899.6062675237
9503,Ridge,2,435000.0,469107.1952969708
9512,Ridge,2,1275000.0,1352830.3335361364
9971,Ridge,2,235000.0,248507.37040433922
9989,Ridge,2,388500.0,295966.4761741879
10027,Ridge,2,578500.0,521367.3478779489
10100,Ridge,2,550000.0,696463.525528868
10175,Ridge,2,495000.0,704850.6427223766
10198,Ridge,2,325000.0,319718.97080692777
10238,Ridge,2,730000.0,815765.895654379
10318,Ridge,2,800000.0,1214724.099889356
10783,Ridge,2,700500.0,648771.133127991
10982,Ridge,2,1565000.0,1078480.223877449
11285,Ridge,2,236000.0,156754.75512705132
11449,Ridge,2,228900.0,252868.09189551463
11898,Ridge,2,505000.0,616817.9852651106
11987,Ridge,2,365000.0,475248.6072931823
12164,Ridge,2,290000.0,424586.70258729934
12235,Ridge,2,820000.0,941062.9686389314
12314,Ridge,2,215000.0,271212.22129027714
12727,Ridge,2,642860.0,564164.637156433
13318,Ridge,2,570000.0,545846.4137995624
13708,Ridge,2,670000.0,701822.1480750563
13810,Ridge,2,415000.0,589852.4677484601
14062,Ridge,2,201000.0,208295.94269473967
15095,Ridge,2,500000.0,422676.7847357708
15184,Ridge,2,340000.0,505897.69627982035
15195,Ridge,2,244000.0,252534.55259262183
15359,Ridge,2,287000.0,397190.00063713104
15879,Ridge,2,330000.0,218120.8385407396
16587,Ridge,2,740000.0,802599.3554301164
16680,Ridge,2,598800.0,237220.20258584738
16833,Ridge,2,465000.0,352289.1372119357
17588,Ridge,2,800000.0,903714.3145696768
18021,Ridge,2,830000.0,660509.5920998654
18998,Ridge,2,270000.0,109998.90688045323
20245,Ridge,2,649000.0,694836.9373825602
21266,Ridge,2,440000.0,481867.4016604466
21396,Ridge,2,685000.0,624608.2176935151
569,Ridge,2,405000.0,208604.00064575276
1004,Ridge,2,245000.0,81901.20438293042
1482,Ridge,2,504750.0,518758.33981645625
2019,Ridge,2,275000.0,269957.44247674086
2293,Ridge,2,390000.0,417858.1766593958
2546,Ridge,2,299900.0,162384.42959560442
3465,Ridge,2,200000.0,36469.55906536925
3732,Ridge,2,360000.0,555489.845563397
3768,Ridge,2,255000.0,205226.14149218
4151,Ridge,2,825000.0,1122668.3085375095
4749,Ridge,2,319000.0,245154.82266024326
4943,Ridge,2,895000.0,934693.5544064667
6391,Ridge,2,303000.0,299036.4759455392
7075,Ridge,2,350000.0,340373.21832864126
7173,Ridge,2,420000.0,388430.64601511025
7857,Ridge,2,582000.0,499224.59578362893
8121,Ridge,2,175000.0,-10975.730110152392
8259,Ridge,2,329000.0,484783.8030878872
8535,Ridge,2,480000.0,566419.706891818
8688,Ridge,2,520000.0,595031.345135286
9049,Ridge,2,952000.0,984972.42490562
9109,Ridge,2,570000.0,675726.9994200185
9242,Ridge,2,650000.0,827089.6549303492
9454,Ridge,2,213400.0,181407.57765916176
9894,Ridge,2,784950.0,715909.6440982322
10021,Ridge,2,465000.0,498743.66902607394
10421,Ridge,2,630000.0,804604.0365364699
10923,Ridge,2,582500.0,605970.5146567565
11741,Ridge,2,405000.0,423051.24032437813
11769,Ridge,2,325000.0,423995.5010313467
11878,Ridge,2,1620000.0,1213767.4376090292
12084,Ridge,2,338000.0,395683.7522508376
12101,Ridge,2,348500.0,388604.27512583777
12111,Ridge,2,315000.0,390252.8121756793
12558,Ridge,2,364000.0,370831.5411403297
12601,Ridge,2,288000.0,151213.4194991422
12695,Ridge,2,258500.0,222598.11708458385
12812,Ridge,2,420000.0,518797.8003897915
14265,Ridge,2,229000.0,109778.21153804561
14467,Ridge,2,825000.0,766057.0911906533
14558,Ridge,2,357500.0,372663.8857013723
14690,Ridge,2,565000.0,809907.2666487487
14857,Ridge,2,327000.0,314465.5449992498
15281,Ridge,2,339999.0,362522.8059662798
15336,Ridge,2,276000.0,247793.1038748414
15354,Ridge,2,572500.0,648812.9145363832
15423,Ridge,2,279000.0,222691.9436868481
15840,Ridge,2,1335000.0,1482065.8663954055
16082,Ridge,2,210000.0,390376.3628702274
16231,Ridge,2,260000.0,215044.48116457893
16264,Ridge,2,315000.0,343521.2655109325
16495,Ridge,2,735000.0,790412.3799601136
16527,Ridge,2,950000.0,1269054.9894315638
17458,Ridge,2,463000.0,394345.60391517024
17942,Ridge,2,623500.0,561837.5151838211
18058,Ridge,2,244000.0,235216.22820011445
18059,Ridge,2,275000.0,98756.19100587838
18103,Ridge,2,677000.0,721560.927749093
18664,Ridge,2,249000.0,228959.09767475736
19400,Ridge,2,229950.0,256250.9662971448
19420,Ridge,2,557000.0,631467.2451299106
19514,Ridge,2,349900.0,342432.4551768362
20077,Ridge,2,1035290.0,906902.6151211016
20558,Ridge,2,620000.0,602598.1642022501
20577,Ridge,2,825000.0,774220.1280474438
20811,Ridge,2,580000.0,379981.0077791271
21433,Ridge,2,465750.0,611660.7898969754
422,Ridge,2,538000.0,484622.0661291103
703,Ridge,2,485000.0,655770.1300124594
878,Ridge,2,229000.0,58966.59741112497
1096,Ridge,2,241000.0,-19676.71716800856
1983,Ridge,2,555000.0,599404.0474215834
2802,Ridge,2,179500.0,101219.35486853297
3035,Ridge,2,1799000.0,1258729.5283031603
3383,Ridge,2,430000.0,568695.8496473648
3572,Ridge,2,770000.0,381610.44921347155
3813,Ridge,2,2890000.0,1751498.7746351676
4528,Ridge,2,239900.0,162969.3964071573
5881,Ridge,2,268500.0,415715.7763459779
6188,Ridge,2,675000.0,776886.7300533601
6731,Ridge,2,319000.0,398359.0856946587
6737,Ridge,2,269950.0,218879.76831880852
6827,Ridge,2,340000.0,572262.175938621
7028,Ridge,2,567000.0,558751.490915073
8885,Ridge,2,309000.0,288329.4566987894
9752,Ridge,2,329000.0,442366.6490399405
11229,Ridge,2,395000.0,243279.7173250061
12324,Ridge,2,280000.0,162356.72543041204
12885,Ridge,2,808000.0,894298.7174503274
13058,Ridge,2,375000.0,386624.7885927825
13557,Ridge,2,311000.0,254168.8738063292
15029,Ridge,2,299500.0,169263.56082910293
15088,Ridge,2,396900.0,442003.80078611907
15278,Ridge,2,765000.0,958995.6827096341
15803,Ridge,2,375000.0,336009.46338432736
16136,Ridge,2,1320000.0,805706.5293885089
16533,Ridge,2,651000.0,813927.0957594102
16990,Ridge,2,296500.0,287340.6236286651
17467,Ridge,2,304500.0,307666.6006433918
17493,Ridge,2,1050000.0,959155.3834269464
17512,Ridge,2,386100.0,414838.95228971343
17707,Ridge,2,633000.0,807961.3360839505
18238,Ridge,2,750000.0,787090.7978648809
18514,Ridge,2,245000.0,262178.43177154695
19047,Ridge,2,340500.0,404853.03983468725
19581,Ridge,2,340768.0,288664.8463475682
19617,Ridge,2,450000.0,374833.8519620594
20647,Ridge,2,539950.0,426136.8750119562
21352,Ridge,2,495000.0,512978.6960315702
1621,Ridge,2,248000.0,350542.30532672413
3096,Ridge,2,285000.0,240552.14699942572
7536,Ridge,2,1320000.0,1077908.1882209305
16707,Ridge,2,255000.0,284810.37946777936
17165,Ridge,2,420000.0,562642.5132149786
18258,Ridge,2,260000.0,302036.82219262037
18733,Ridge,2,229000.0,452401.47568951425
1904,Ridge,2,1045000.0,975865.839390492
19170,Ridge,2,517000.0,519824.1535907506
81,Ridge,2,360000.0,238884.38905688882
715,Ridge,2,250000.0,218959.90302818315
816,Ridge,2,310000.0,278161.06627024745
1156,Ridge,2,350000.0,440492.6990580882
1217,Ridge,2,1875000.0,1283773.6254612592
1785,Ridge,2,285000.0,242953.29885131665
1868,Ridge,2,411800.0,435527.75899320206
2089,Ridge,2,750000.0,944054.9822824453
2119,Ridge,2,585000.0,781417.4307320202
2749,Ridge,2,722500.0,878884.1354617723
3489,Ridge,2,210000.0,287740.61217135604
3624,Ridge,2,650000.0,494165.94885440584
3864,Ridge,2,790000.0,703357.3495470438
4256,Ridge,2,261500.0,343743.5038123436
5215,Ridge,2,335000.0,415684.90431864385
5377,Ridge,2,610000.0,713700.0498378102
5765,Ridge,2,650000.0,723765.1041615291
6094,Ridge,2,239000.0,175883.65295545576
6207,Ridge,2,337500.0,467534.8313455141
6229,Ridge,2,360000.0,431611.29206646804
6249,Ridge,2,332500.0,421922.35034465895
6284,Ridge,2,499000.0,499047.8243072893
7809,Ridge,2,266000.0,226348.74133245402
7840,Ridge,2,328000.0,355414.42094315833
8025,Ridge,2,323000.0,353266.16602397873
8417,Ridge,2,520000.0,634069.0031168349
8506,Ridge,2,270000.0,389988.9380644624
8560,Ridge,2,324000.0,245729.84056654625
9087,Ridge,2,575000.0,640755.0143041206
9238,Ridge,2,379000.0,405138.0950585797
9580,Ridge,2,244000.0,153677.57112642
10377,Ridge,2,570000.0,679421.6467594972
10598,Ridge,2,278000.0,209685.0960666167
10863,Ridge,2,232000.0,222113.22797977505
10915,Ridge,2,332000.0,427932.9690529402
11356,Ridge,2,350000.0,303443.2768286097
12156,Ridge,2,200000.0,251543.07493609656
13175,Ridge,2,670000.0,678018.1299107992
13497,Ridge,2,289950.0,316374.2393972444
13763,Ridge,2,625000.0,717595.9414512194
13813,Ridge,2,600000.0,687390.4425189203
14069,Ridge,2,221000.0,120915.34251873393
14318,Ridge,2,317500.0,299162.99247218407
14329,Ridge,2,340000.0,400138.64995213185
14500,Ridge,2,462370.0,594031.276864595
15348,Ridge,2,550000.0,697906.111800113
15934,Ridge,2,745000.0,721439.5809829516
16228,Ridge,2,202500.0,264237.05132739927
16287,Ridge,2,260000.0,198209.69834207627
16709,Ridge,2,520000.0,550743.4946852777
16734,Ridge,2,500000.0,536582.4853371851
17327,Ridge,2,637500.0,562996.1631395944
17803,Ridge,2,705000.0,576060.562078528
18227,Ridge,2,525000.0,471845.2031071939
18424,Ridge,2,274000.0,202889.5295222174
19103,Ridge,2,400000.0,460398.1496725987
19652,Ridge,2,274000.0,318977.6978443742
19789,Ridge,2,550000.0,604853.047591765
19843,Ridge,2,465000.0,399601.4647408737
19955,Ridge,2,570000.0,637740.9352699312
20041,Ridge,2,975000.0,708849.0297182507
20067,Ridge,2,633000.0,824481.4780937694
20110,Ridge,2,436000.0,450504.228046127
20553,Ridge,2,344000.0,403798.6685822994
20685,Ridge,2,810000.0,962231.7801365752
20877,Ridge,2,627000.0,571603.0668798592
20907,Ridge,2,325000.0,248897.5289595665
94,Ridge,2,700000.0,581094.5428127632
373,Ridge,2,380000.0,598680.9662872154
418,Ridge,2,355000.0,361415.0023382072
815,Ridge,2,379000.0,522334.91346962773
1268,Ridge,2,302495.0,381957.623887114
1372,Ridge,2,330000.0,440897.0887689751
1924,Ridge,2,432000.0,513622.68122260645
2523,Ridge,2,225000.0,33214.10017956223
2660,Ridge,2,523000.0,594301.5446168741
2695,Ridge,2,705000.0,689640.9626652513
3103,Ridge,2,1130000.0,1055458.7881038443
3925,Ridge,2,540000.0,453801.19913012366
4031,Ridge,2,276000.0,250749.52262506651
4064,Ridge,2,383000.0,391908.2931349392
4159,Ridge,2,215000.0,127971.69084667508
4881,Ridge,2,285000.0,277308.35183240054
5236,Ridge,2,199999.0,134086.30976023444
5565,Ridge,2,472000.0,599507.226170206
5717,Ridge,2,405000.0,357614.91921241314
5752,Ridge,2,565000.0,497286.0193437749
6047,Ridge,2,510000.0,491159.43507698685
6520,Ridge,2,760000.0,752146.7028118325
7217,Ridge,2,292500.0,229990.71754230827
7594,Ridge,2,395000.0,438914.646412943
9328,Ridge,2,334950.0,335536.7358906623
9754,Ridge,2,405000.0,531633.2555221482
9854,Ridge,2,235000.0,240961.94551546243
11710,Ridge,2,219950.0,175664.57447059522
12025,Ridge,2,756450.0,767900.3346018207
12231,Ridge,2,887500.0,1105349.691575492
12503,Ridge,2,450000.0,653371.5711058653
12560,Ridge,2,445000.0,574239.1717038932
12719,Ridge,2,345500.0,354111.3858574293
12749,Ridge,2,515000.0,498103.7517813512
12896,Ridge,2,312000.0,273142.8826598835
13335,Ridge,2,440000.0,462768.0055102997
13466,Ridge,2,1272000.0,1144815.692086895
13514,Ridge,2,515000.0,270294.57134446607
13738,Ridge,2,252000.0,220124.7726010937
13828,Ridge,2,435000.0,584925.1036926456
13902,Ridge,2,539500.0,572457.2601188847
15180,Ridge,2,2200000.0,1337384.40580101
15330,Ridge,2,520000.0,1168495.733706601
15667,Ridge,2,1715000.0,1257875.969070773
15974,Ridge,2,325000.0,290376.1668625654
16354,Ridge,2,575000.0,855334.8118899432
16581,Ridge,2,269000.0,367509.16670553765
17251,Ridge,2,490000.0,760189.8960099076
17490,Ridge,2,275000.0,195688.39492027077
18264,Ridge,2,415000.0,383874.3814160019
18386,Ridge,2,390000.0,372479.8612307861
18394,Ridge,2,325000.0,233227.15031860932
18498,Ridge,2,206000.0,65433.54814673669
18671,Ridge,2,383000.0,205456.64929584297
19621,Ridge,2,235000.0,84697.19213964167
19712,Ridge,2,263000.0,210626.55591270607
19734,Ridge,2,250000.0,45454.57781545905
19947,Ridge,2,395000.0,440775.48647138267
20267,Ridge,2,1042000.0,1293087.6559369157
20420,Ridge,2,599000.0,540738.328314092
20473,Ridge,2,661000.0,553467.2674665623
20884,Ridge,2,270500.0,341905.1765275714
21320,Ridge,2,625000.0,718382.2664587995
2145,Ridge,2,415000.0,353786.29281076964
2301,Ridge,2,370000.0,282281.0693856005
2380,Ridge,2,363000.0,332551.2625982489
3361,Ridge,2,160000.0,204256.44556478382
4083,Ridge,2,246700.0,249647.92034512138
6132,Ridge,2,700000.0,699764.076854412
6257,Ridge,2,280000.0,292418.527024618
6843,Ridge,2,255000.0,203444.73520288127
9673,Ridge,2,535000.0,656701.6266157636
9862,Ridge,2,360000.0,471845.90743971657
10049,Ridge,2,439000.0,529265.2548407072
10308,Ridge,2,329000.0,224890.29056822514
10410,Ridge,2,422800.0,374531.21284699626
10579,Ridge,2,345000.0,364456.4846107093
10727,Ridge,2,265000.0,191603.86253279826
11213,Ridge,2,255000.0,139336.8115619769
11873,Ridge,2,650000.0,805757.0234041126
12243,Ridge,2,480000.0,362152.13101615064
13147,Ridge,2,320000.0,370924.9909549666
13563,Ridge,2,715000.0,723751.4037013659
13618,Ridge,2,310000.0,246057.19483976212
13720,Ridge,2,410000.0,555315.3796984765
15363,Ridge,2,319000.0,270881.6972519905
15444,Ridge,2,539500.0,549897.7688141299
16131,Ridge,2,434400.0,477395.8598373367
16319,Ridge,2,500000.0,616561.6588943696
18500,Ridge,2,325000.0,319070.9255591154
18960,Ridge,2,480000.0,272234.6463383502
19024,Ridge,2,1001000.0,835964.0458321652
21551,Ridge,2,1375000.0,1148982.880177861
868,Ridge,2,381156.0,411917.2716576695
1871,Ridge,2,247500.0,359687.7082716748
2427,Ridge,2,473000.0,304766.6034590782
2789,Ridge,2,524000.0,395916.22883241053
2799,Ridge,2,415000.0,591146.5351294808
2941,Ridge,2,123300.0,125967.75652968674
3995,Ridge,2,241250.0,230687.44637336984
4372,Ridge,2,160134.0,132741.04797550722
5207,Ridge,2,500000.0,467234.20983732614
5325,Ridge,2,485000.0,625030.1392462183
5339,Ridge,2,350000.0,304521.79035973805
5619,Ridge,2,874000.0,821789.8229759975
6382,Ridge,2,605000.0,601273.8156007101
6513,Ridge,2,535000.0,508469.53577780165
6896,Ridge,2,255000.0,274374.2260637116
7101,Ridge,2,199950.0,27375.4047334707
7603,Ridge,2,475000.0,369949.7208338471
7638,Ridge,2,250000.0,332263.1089749535
8247,Ridge,2,335000.0,211357.40827307611
9436,Ridge,2,375000.0,578777.1750243512
9785,Ridge,2,920000.0,790607.3317993641
10412,Ridge,2,525000.0,396587.7701067461
10681,Ridge,2,795000.0,898466.1202395278
11596,Ridge,2,575000.0,567212.793380035
12846,Ridge,2,860000.0,993715.7950115714
13110,Ridge,2,1135000.0,1246472.5425704513
13321,Ridge,2,275000.0,418312.8189575126
15476,Ridge,2,215000.0,335219.3075632145
16050,Ridge,2,399000.0,293365.5154121607
16526,Ridge,2,250000.0,325099.4185853246
16762,Ridge,2,449400.0,448896.0082610428
17008,Ridge,2,370000.0,484890.93214059
17049,Ridge,2,455000.0,458312.4192535303
17435,Ridge,2,353500.0,399057.0788566361
19670,Ridge,2,865950.0,970566.3011994116
21042,Ridge,2,255000.0,219774.17621409235
21194,Ridge,2,375500.0,442767.6502517272
14621,Ridge,2,350000.0,382986.7353616439
15216,Ridge,2,475000.0,485150.7198507328
346,Ridge,2,239900.0,50727.46965199814
696,Ridge,2,700000.0,697266.825759811
1157,Ridge,2,790000.0,1247676.4971945814
1263,Ridge,2,614000.0,738876.7344321572
1424,Ridge,2,340895.0,293355.7023109781
2442,Ridge,2,485000.0,640327.7670191637
2463,Ridge,2,262000.0,131828.3939970429
3426,Ridge,2,515000.0,636282.2543684774
3705,Ridge,2,230000.0,184220.0743057371
3776,Ridge,2,680000.0,714590.9578941293
4032,Ridge,2,2500000.0,1481110.3463904257
4324,Ridge,2,459500.0,424255.8425453286
4878,Ridge,2,1151250.0,997542.7920170038
5363,Ridge,2,307000.0,349069.84623106546
5952,Ridge,2,376000.0,403957.34046659106
6602,Ridge,2,1035000.0,1004354.3451256033
6877,Ridge,2,305000.0,209397.63687888824
7843,Ridge,2,550000.0,459001.6021086315
7948,Ridge,2,200000.0,352838.20815877576
8291,Ridge,2,315000.0,287675.876576178
8863,Ridge,2,562000.0,578763.1860276769
9074,Ridge,2,220000.0,164394.86076257384
9200,Ridge,2,250000.0,188818.40946562187
9269,Ridge,2,500000.0,529381.3786735897
9428,Ridge,2,800000.0,752251.8141622063
10723,Ridge,2,238000.0,193545.0151708072
10761,Ridge,2,207000.0,190622.6362147426
11088,Ridge,2,195000.0,163541.53912553308
11150,Ridge,2,399950.0,268448.89203566
11555,Ridge,2,530000.0,635114.9435707931
11839,Ridge,2,320000.0,421517.9818143189
11992,Ridge,2,738000.0,741964.8255246396
12491,Ridge,2,377500.0,476007.6477033287
12513,Ridge,2,445000.0,494051.69485714583
13727,Ridge,2,472000.0,626563.8066563066
14033,Ridge,2,360000.0,425212.00564654835
14077,Ridge,2,714000.0,849202.9340462176
14932,Ridge,2,920000.0,865966.8104813544
14972,Ridge,2,1425000.0,1181757.7959532696
15948,Ridge,2,555000.0,652673.08019661
15983,Ridge,2,185000.0,83129.01275228075
16390,Ridge,2,302300.0,452424.34209144354
16455,Ridge,2,202000.0,20755.58603839227
16500,Ridge,2,271000.0,172435.4575113164
16573,Ridge,2,438500.0,604957.0944334993
16957,Ridge,2,575000.0,464547.55552482046
16992,Ridge,2,420000.0,433103.19511972566
17775,Ridge,2,515000.0,559215.4133772983
17992,Ridge,2,415000.0,361721.77140811656
18212,Ridge,2,362950.0,329120.571531151
18747,Ridge,2,275000.0,218099.93225054722
18951,Ridge,2,559000.0,572414.8241148116
18999,Ridge,2,540000.0,538421.7563858343
19254,Ridge,2,660000.0,755604.60478999
19579,Ridge,2,495000.0,572133.8880985837
20209,Ridge,2,659000.0,729730.5278446032
20270,Ridge,2,577000.0,632426.6388759442
20566,Ridge,2,345000.0,327650.2642200144
20816,Ridge,2,1105000.0,866890.6664537017
20862,Ridge,2,336900.0,369920.0747688838
20980,Ridge,2,495000.0,465072.3776761373
21028,Ridge,2,255000.0,221320.3741480793
21163,Ridge,2,620000.0,856569.1965222503
21213,Ridge,2,785000.0,1009342.0348393631
37,Ridge,2,640000.0,789975.0338386265
1013,Ridge,2,538200.0,597609.7558488135
1058,Ridge,2,528000.0,480706.9335474292
1107,Ridge,2,609850.0,819044.37162116
1484,Ridge,2,530000.0,849471.673788244
1538,Ridge,2,420000.0,404962.157596205
2461,Ridge,2,1700000.0,1759688.731226622
3059,Ridge,2,424950.0,535911.0092132114
3369,Ridge,2,189000.0,218691.4737899488
4209,Ridge,2,825000.0,958075.8661621524
4216,Ridge,2,305000.0,344246.5993633359
4782,Ridge,2,260000.0,296102.25810108084
4914,Ridge,2,455000.0,466659.2685764784
5208,Ridge,2,685000.0,769481.9624893229
6100,Ridge,2,495000.0,566918.5392201628
7040,Ridge,2,190000.0,219457.56223139632
7343,Ridge,2,1535000.0,1132359.307035499
7568,Ridge,2,621000.0,625313.1592142796
8072,Ridge,2,350000.0,339797.3301942911
8459,Ridge,2,460000.0,528881.0761793971
8531,Ridge,2,415000.0,388774.55718307
9131,Ridge,2,250000.0,-4460.643650451035
9430,Ridge,2,355000.0,372271.5115269546
9783,Ridge,2,340000.0,375052.3350552865
10254,Ridge,2,235000.0,27537.338871256798
10427,Ridge,2,1200000.0,622875.8975268787
10502,Ridge,2,226500.0,283040.36292778584
10635,Ridge,2,739000.0,917151.9912707523
11026,Ridge,2,469000.0,382177.3411878177
11768,Ridge,2,771000.0,798673.5093926392
12044,Ridge,2,1060000.0,1222455.817512286
12662,Ridge,2,150000.0,142463.2669257481
13455,Ridge,2,230000.0,125496.51482659415
17051,Ridge,2,190000.0,103629.87702392187
17453,Ridge,2,630000.0,608685.4524080033
17753,Ridge,2,160000.0,51079.99403153878
18199,Ridge,2,3300000.0,2115726.31889844
18875,Ridge,2,1945000.0,1701087.4246698942
19390,Ridge,2,620000.0,655749.036281675
19496,Ridge,2,350000.0,396327.8299740717
19837,Ridge,2,1255780.0,1049005.8925482226
20171,Ridge,2,550000.0,572728.8670846461
21293,Ridge,2,208400.0,294459.7900745639
52,Ridge,2,600000.0,499977.26207537245
451,Ridge,2,333500.0,278550.4237849133
566,Ridge,2,260000.0,120295.91147086077
1139,Ridge,2,605000.0,795511.7537151263
1692,Ridge,2,825000.0,776029.8260902496
3004,Ridge,2,441000.0,395310.8538206385
3403,Ridge,2,221700.0,279997.4497748357
3480,Ridge,2,1225000.0,730900.5752342313
3633,Ridge,2,406500.0,528016.9956978034
3803,Ridge,2,795000.0,829426.0627725933
4081,Ridge,2,905000.0,628329.3496126044
4882,Ridge,2,240000.0,210587.1107918779
5574,Ridge,2,241500.0,157218.38254287658
6500,Ridge,2,755000.0,788561.0827049755
7372,Ridge,2,609000.0,608529.3997804131
7526,Ridge,2,614285.0,583809.2995169547
7878,Ridge,2,205000.0,104356.37171830749
8393,Ridge,2,582000.0,626012.6316288076
8626,Ridge,2,425000.0,440603.15241784765
9069,Ridge,2,565000.0,792943.7208776076
9263,Ridge,2,315000.0,239913.46592634625
9850,Ridge,2,875000.0,854019.677382102
12746,Ridge,2,518000.0,399760.35163145396
12892,Ridge,2,209000.0,155982.88166540797
12984,Ridge,2,146000.0,2608.762732141826
13076,Ridge,2,931000.0,950091.0444151597
13152,Ridge,2,575000.0,512249.46933259367
13749,Ridge,2,272000.0,240288.13415615022
15126,Ridge,2,449000.0,422954.3819917467
15572,Ridge,2,330000.0,241303.27443371277
16205,Ridge,2,485000.0,545575.5204147934
16303,Ridge,2,365000.0,394297.2923956276
16936,Ridge,2,397000.0,356932.5852206746
17365,Ridge,2,826000.0,903890.5726929035
17507,Ridge,2,665000.0,627096.7726248038
18433,Ridge,2,261000.0,185908.7642272318
18462,Ridge,2,219200.0,265511.87130452285
18666,Ridge,2,690000.0,735929.0018918735
18935,Ridge,2,460000.0,472765.1125347565
18976,Ridge,2,579000.0,639810.7005694255
19293,Ridge,2,310000.0,216579.18304992816
19375,Ridge,2,509000.0,632983.8225385477
19607,Ridge,2,689000.0,767077.2266735203
19952,Ridge,2,443000.0,435947.3239309054
21549,Ridge,2,327500.0,293175.4076836158
120,Ridge,2,660000.0,744153.559665978
171,Ridge,2,272000.0,293021.5700301364
574,Ridge,2,263500.0,165043.943436641
658,Ridge,2,748000.0,610105.7882924977
718,Ridge,2,730000.0,594068.7487508204
1734,Ridge,2,252000.0,548472.4641690252
1851,Ridge,2,500000.0,456151.81800743577
2046,Ridge,2,1568000.0,1132590.3959343215
2794,Ridge,2,1289000.0,1000828.2462466542
3604,Ridge,2,625000.0,678763.026138918
4856,Ridge,2,147500.0,128700.7916577888
5321,Ridge,2,475000.0,333263.61043516756
6053,Ridge,2,762500.0,805169.1280624643
6633,Ridge,2,782000.0,930446.4997559321
7597,Ridge,2,825000.0,1063064.681114032
7971,Ridge,2,350000.0,213542.98944956175
8302,Ridge,2,325000.0,314830.740078412
8872,Ridge,2,408000.0,311345.9758093485
8932,Ridge,2,273000.0,342898.5777361667
9486,Ridge,2,287000.0,187843.7048518206
9711,Ridge,2,510000.0,728517.6803992733
9875,Ridge,2,332500.0,431577.2919062922
10296,Ridge,2,166000.0,103771.47404712066
10758,Ridge,2,520000.0,420426.7305499663
11155,Ridge,2,256000.0,207895.23173154314
11447,Ridge,2,514500.0,666596.3538742084
11515,Ridge,2,475000.0,492226.2381440061
12020,Ridge,2,247000.0,178759.3274350146
12634,Ridge,2,489500.0,480390.75352619635
13412,Ridge,2,829000.0,788149.1505011921
13908,Ridge,2,230000.0,243316.2344722568
14380,Ridge,2,519000.0,480731.3095627879
14530,Ridge,2,325000.0,306095.6024312562
14685,Ridge,2,1465000.0,1516803.955958325
15024,Ridge,2,633000.0,477406.77468810556
15141,Ridge,2,345000.0,404501.9378086898
16077,Ridge,2,500000.0,584843.4843505886
18123,Ridge,2,243000.0,160774.31942541088
18181,Ridge,2,262500.0,176865.59891399508
18245,Ridge,2,476000.0,331650.9656059225
18271,Ridge,2,238000.0,151189.88043984707
18658,Ridge,2,440000.0,564510.1863674353
19257,Ridge,2,675000.0,574123.7876170314
19910,Ridge,2,430000.0,317319.98587426083
21189,Ridge,2,530200.0,440679.2214123991
71,Ridge,2,325000.0,383688.7914180467
130,Ridge,2,212000.0,56608.51458925585
417,Ridge,2,423000.0,493562.921424153
685,Ridge,2,802541.0,784142.3090302715
1135,Ridge,2,420000.0,537260.1531313933
1557,Ridge,2,937500.0,1140098.8967857063
1654,Ridge,2,330000.0,576325.4565646995
1746,Ridge,2,729000.0,689623.6286370375
1976,Ridge,2,830000.0,730813.3270974177
2552,Ridge,2,313000.0,334600.450784593
2816,Ridge,2,600000.0,440173.6811833875
3549,Ridge,2,652427.0,673967.0544853408
4227,Ridge,2,755000.0,719675.0260179595
4265,Ridge,2,593500.0,697717.8665591552
5303,Ridge,2,99000.0,68415.01163647615
5827,Ridge,2,1697000.0,1114121.7923566066
5919,Ridge,2,855000.0,908582.3275368459
6358,Ridge,2,317500.0,283779.019287067
6423,Ridge,2,445000.0,548557.1178793057
7077,Ridge,2,1650000.0,1314456.0961203645
7121,Ridge,2,500000.0,550547.1240706565
7267,Ridge,2,469500.0,448871.2963218329
7316,Ridge,2,330000.0,318303.03769916925
7564,Ridge,2,725000.0,646246.7089282311
7700,Ridge,2,2150000.0,1918401.7614893946
7955,Ridge,2,299950.0,137614.08177786606
8368,Ridge,2,362500.0,393830.19019562483
9364,Ridge,2,467500.0,480206.3228481883
9886,Ridge,2,241000.0,205139.4566883978
10102,Ridge,2,312500.0,391207.731080313
10176,Ridge,2,600000.0,893070.8007786149
11358,Ridge,2,400000.0,387158.2712412329
11735,Ridge,2,400000.0,465637.6607137913
13092,Ridge,2,482500.0,375267.31472040375
13961,Ridge,2,485000.0,427241.53624350746
14433,Ridge,2,276750.0,210454.78716267226
14493,Ridge,2,299999.0,240059.0298820419
14835,Ridge,2,300523.0,941268.3655678214
15131,Ridge,2,135000.0,-7391.464689211338
15353,Ridge,2,780000.0,1201098.002204718
15379,Ridge,2,344500.0,292297.0522593909
15652,Ridge,2,419950.0,455328.0629431489
16135,Ridge,2,270000.0,143150.90529035917
17033,Ridge,2,165000.0,85881.32255035575
17303,Ridge,2,317000.0,258927.55621366616
17455,Ridge,2,490000.0,483751.7346263248
18235,Ridge,2,383000.0,356777.955535159
18349,Ridge,2,570000.0,417931.6797696397
18504,Ridge,2,490000.0,362552.23796868074
18708,Ridge,2,713000.0,768008.6382092317
18726,Ridge,2,707000.0,713210.8272687171
18872,Ridge,2,245000.0,312284.4422369292
19022,Ridge,2,550000.0,635543.9767686728
19543,Ridge,2,385000.0,375507.09612022946
19587,Ridge,2,739000.0,795871.6312185093
20534,Ridge,2,960000.0,1013199.9108547647
21196,Ridge,2,1100000.0,852624.1828902715
21391,Ridge,2,269950.0,297006.393791315
21484,Ridge,2,850000.0,964451.3336899746
469,Ridge,2,342500.0,313724.480509633
1108,Ridge,2,200000.0,236675.60701809308
2234,Ridge,2,608000.0,693869.3259738062
2333,Ridge,2,555000.0,792498.0650065258
3049,Ridge,2,272000.0,257949.16833730115
3088,Ridge,2,325000.0,342332.38178429054
3454,Ridge,2,665000.0,464124.08774487395
3613,Ridge,2,563000.0,637354.3353159191
4058,Ridge,2,299950.0,303629.3419668246
4235,Ridge,2,700000.0,992185.230157584
4664,Ridge,2,405000.0,358346.49269805284
5499,Ridge,2,365000.0,179810.98118970788
6346,Ridge,2,430000.0,408472.903704986
8087,Ridge,2,154200.0,146810.33866417204
8873,Ridge,2,392000.0,312235.70209872746
8991,Ridge,2,214000.0,131907.63334465155
9034,Ridge,2,340000.0,447120.26288643153
9728,Ridge,2,215000.0,81692.59808557393
9964,Ridge,2,335000.0,221432.0545179345
12735,Ridge,2,375000.0,398582.80489544256
12736,Ridge,2,325000.0,191775.5660805169
12785,Ridge,2,537000.0,527106.9544604134
12789,Ridge,2,282500.0,158376.92785984476
13220,Ridge,2,240000.0,320797.74791266903
15090,Ridge,2,245000.0,189712.98287807644
15238,Ridge,2,283500.0,196731.32825557957
15982,Ridge,2,652600.0,644390.383610319
17234,Ridge,2,1085000.0,1102591.8925980395
17324,Ridge,2,1629000.0,1351581.8518202293
17506,Ridge,2,248500.0,179966.08931325068
17966,Ridge,2,320000.0,290795.3953926603
17998,Ridge,2,216000.0,213175.56953336648
18576,Ridge,2,315000.0,233721.22402146377
18983,Ridge,2,237500.0,218995.24643502192
19105,Ridge,2,463000.0,406457.2145182633
19208,Ridge,2,265000.0,251694.06421777233
19294,Ridge,2,190000.0,156908.10074848396
19765,Ridge,2,390000.0,341062.1677709385
20022,Ridge,2,459000.0,387812.8744835657
20397,Ridge,2,480000.0,491765.466742642
20411,Ridge,2,653000.0,669237.8848755296
20437,Ridge,2,344000.0,441335.8800488461
179,Ridge,2,330000.0,364015.0980281236
423,Ridge,2,380000.0,442752.01672991196
468,Ridge,2,340500.0,477109.86793695093
768,Ridge,2,760000.0,742764.261946689
803,Ridge,2,625000.0,655550.3317017786
839,Ridge,2,332000.0,363255.7704298587
1194,Ridge,2,406000.0,367978.37816127855
1465,Ridge,2,765000.0,850660.5794936116
1630,Ridge,2,180500.0,204425.39703685918
1668,Ridge,2,550000.0,742379.0386474929
2656,Ridge,2,350000.0,482936.5780129755
3541,Ridge,2,326000.0,227572.5891857827
4972,Ridge,2,528000.0,628711.7056164439
5826,Ridge,2,250000.0,179032.6997854199
6176,Ridge,2,354000.0,365144.4777174977
7310,Ridge,2,585000.0,667544.495423852
7387,Ridge,2,1775000.0,1438374.737938696
7473,Ridge,2,325000.0,328108.8714840965
7665,Ridge,2,285000.0,247994.69442244398
8785,Ridge,2,790000.0,470965.33108139323
8813,Ridge,2,580000.0,744752.5948427625
8852,Ridge,2,291000.0,147676.9886357623
9056,Ridge,2,553000.0,393566.8672249946
9714,Ridge,2,937500.0,1309761.9717499244
10146,Ridge,2,596500.0,469656.38016144076
10276,Ridge,2,728725.0,804186.3549152049
10331,Ridge,2,305000.0,313661.00959412
10393,Ridge,2,575000.0,631444.4431798095
10991,Ridge,2,349000.0,343024.5185104981
11034,Ridge,2,998500.0,937718.9988483263
11486,Ridge,2,390000.0,414179.1217722134
11908,Ridge,2,879900.0,847378.6518831989
11957,Ridge,2,499000.0,337055.3863465261
12538,Ridge,2,350000.0,402198.1999815046
13174,Ridge,2,540000.0,496095.3513732963
13295,Ridge,2,162000.0,217204.63648283045
14658,Ridge,2,320000.0,247223.0023345024
15392,Ridge,2,551100.0,493736.6658345094
15504,Ridge,2,273500.0,331917.2370304657
16156,Ridge,2,445000.0,556640.4903986218
16406,Ridge,2,445000.0,468850.445797935
16697,Ridge,2,1150000.0,1170979.0181988848
16721,Ridge,2,685000.0,626193.3338772389
17080,Ridge,2,988000.0,1071401.3323926984
17469,Ridge,2,485000.0,257310.38330137706
17548,Ridge,2,290000.0,484493.5763325266
17562,Ridge,2,261590.0,56591.98036195256
17686,Ridge,2,750000.0,818931.1516293958
18118,Ridge,2,515000.0,568131.0386988301
18195,Ridge,2,605000.0,769349.6797768173
19845,Ridge,2,484950.0,408536.84040357266
20404,Ridge,2,729000.0,655091.5080955115
20542,Ridge,2,850000.0,787246.6195688257
21576,Ridge,2,3567000.0,2053810.4109339158
118,Ridge,2,171800.0,241748.32482901364
309,Ridge,2,665000.0,688424.8769837319
456,Ridge,2,496500.0,524468.3890356249
992,Ridge,2,645000.0,758846.6298932827
1360,Ridge,2,815000.0,890197.7117270976
1667,Ridge,2,349950.0,383299.09198948485
2743,Ridge,2,388000.0,483844.5287845252
3060,Ridge,2,387000.0,290331.0617808993
3834,Ridge,2,349950.0,248579.86073808413
4025,Ridge,2,1010000.0,847519.2462071886
4219,Ridge,2,329500.0,429651.198250734
4524,Ridge,2,875000.0,972017.6277387287
4561,Ridge,2,185000.0,6123.532994554611
4699,Ridge,2,1195000.0,1403841.5830332472
5206,Ridge,2,768500.0,854513.1358862536
5410,Ridge,2,899000.0,801678.190238453
5739,Ridge,2,1620500.0,1306241.8558559185
6060,Ridge,2,760000.0,820785.6913047296
6665,Ridge,2,455000.0,425277.056329103
7394,Ridge,2,987500.0,1151945.342478391
7570,Ridge,2,395000.0,442208.1289214358
8351,Ridge,2,510000.0,534100.048243323
9991,Ridge,2,419000.0,431243.63963230007
10038,Ridge,2,375000.0,481621.59866701055
10903,Ridge,2,331500.0,418752.75891776005
12862,Ridge,2,595000.0,753072.0319693277
12901,Ridge,2,770000.0,963846.1222780747
13074,Ridge,2,305000.0,536179.3965246492
13626,Ridge,2,240000.0,273540.7771200924
13694,Ridge,2,386500.0,305509.00214943965
13783,Ridge,2,185000.0,216756.51249699743
14020,Ridge,2,425000.0,304606.4454882891
14064,Ridge,2,357500.0,464139.4027878855
14232,Ridge,2,2200000.0,1956167.9381225698
16152,Ridge,2,350000.0,289367.3403428151
16970,Ridge,2,288000.0,309644.03468255734
17635,Ridge,2,230000.0,285246.1721626518
17959,Ridge,2,185000.0,43414.77718131937
17994,Ridge,2,320000.0,478332.0404410598
18725,Ridge,2,180000.0,234142.68336372677
19221,Ridge,2,218250.0,78474.10542809783
19371,Ridge,2,224000.0,250868.22610033728
19491,Ridge,2,330000.0,347130.1400045736
20028,Ridge,2,918000.0,875779.4043570504
20070,Ridge,2,524000.0,452780.3244578587
20376,Ridge,2,600000.0,699482.537859395
20506,Ridge,2,305000.0,287443.256260028
20942,Ridge,2,375000.0,406590.9355298182
21225,Ridge,2,635000.0,474455.63751067204
1105,Ridge,2,550000.0,546149.259299249
1517,Ridge,2,610000.0,479708.0090309337
2325,Ridge,2,270000.0,405021.4753793174
3833,Ridge,2,524000.0,456337.47814068466
4708,Ridge,2,323000.0,460912.89031228493
5089,Ridge,2,803000.0,409892.5040249706
5465,Ridge,2,560000.0,505502.2665925151
5741,Ridge,2,629000.0,627103.2292683136
5764,Ridge,2,465000.0,499441.01535955304
5942,Ridge,2,908950.0,836325.561489901
6023,Ridge,2,700000.0,822127.8596219132
6637,Ridge,2,313000.0,410634.5921869335
7440,Ridge,2,928950.0,900731.912690893
8775,Ridge,2,640000.0,570024.330840037
8802,Ridge,2,367500.0,298947.8732213514
8857,Ridge,2,264950.0,165258.92861801898
9045,Ridge,2,600000.0,671137.8751890393
9339,Ridge,2,335000.0,353995.61858190654
9840,Ridge,2,1140000.0,1384628.9374468722
10362,Ridge,2,600000.0,512104.02048549923
11535,Ridge,2,3200000.0,1911324.226878361
11684,Ridge,2,510000.0,575255.6807897657
13446,Ridge,2,292500.0,180808.81412197876
13492,Ridge,2,1650000.0,1168350.682385832
13645,Ridge,2,300000.0,441771.6252013421
15770,Ridge,2,520000.0,493055.7284130673
15849,Ridge,2,322000.0,318751.70189634146
16414,Ridge,2,322968.0,386068.31934513396
17977,Ridge,2,311000.0,328967.02443576814
18429,Ridge,2,295000.0,307944.3680123248
18446,Ridge,2,270000.0,287456.3928829476
18580,Ridge,2,435000.0,456926.8181796939
19656,Ridge,2,480000.0,468932.6432134121
19691,Ridge,2,319000.0,186225.00866469607
21173,Ridge,2,880000.0,761748.7424744928
21470,Ridge,2,249000.0,84880.92253146257
12088,Ridge,2,325000.0,389985.87864393205
945,Ridge,2,419000.0,394612.5477158157
2267,Ridge,2,2750000.0,2064260.8366793739
2481,Ridge,2,236500.0,352594.1596259769
2550,Ridge,2,265000.0,176558.59571548074
3355,Ridge,2,374500.0,391215.23248939984
3946,Ridge,2,400000.0,466378.986701384
4446,Ridge,2,344000.0,364572.93654749304
5228,Ridge,2,835000.0,909127.6338990761
5382,Ridge,2,329000.0,320171.67060207494
5818,Ridge,2,338500.0,382603.3616634076
6829,Ridge,2,332500.0,305763.0377723265
7614,Ridge,2,419950.0,395767.7019375465
7741,Ridge,2,530000.0,458248.2583750067
7953,Ridge,2,920000.0,813300.5443748401
8415,Ridge,2,710000.0,802474.0697159639
8671,Ridge,2,385000.0,456797.2098238637
10219,Ridge,2,950000.0,993007.8300858904
11040,Ridge,2,1225000.0,1189242.276856735
11098,Ridge,2,435000.0,381640.79697262263
11871,Ridge,2,1950000.0,1995562.6537966498
12379,Ridge,2,800000.0,762876.5555877021
12389,Ridge,2,237000.0,187756.33400915837
12465,Ridge,2,222900.0,128901.26249128551
12738,Ridge,2,287000.0,241532.81153306892
13030,Ridge,2,320000.0,303779.11592230806
13458,Ridge,2,780000.0,832116.1534161716
13546,Ridge,2,415000.0,469533.0761893202
14439,Ridge,2,495000.0,499109.5837605048
14585,Ridge,2,984000.0,1056975.1657358056
15525,Ridge,2,262000.0,195710.4842286341
15837,Ridge,2,440000.0,575199.2678001089
15928,Ridge,2,550285.0,502628.7704298418
16085,Ridge,2,449000.0,374597.19446445047
16465,Ridge,2,200000.0,272187.70590971265
16837,Ridge,2,1300000.0,1169309.3263571768
17699,Ridge,2,500000.0,410103.8042839373
18413,Ridge,2,359000.0,320196.5948274965
18659,Ridge,2,618000.0,622061.0185124506
18694,Ridge,2,835000.0,801028.7374400804
19298,Ridge,2,565000.0,693397.9463136566
19374,Ridge,2,330000.0,365214.6691960754
20715,Ridge,2,540000.0,490825.71911800397
198,Ridge,2,440000.0,391426.53142872563
618,Ridge,2,175000.0,217161.6511172462
734,Ridge,2,347500.0,377125.5370513516
1288,Ridge,2,320000.0,271227.5707185259
1331,Ridge,2,515000.0,568159.5325801282
1598,Ridge,2,451101.0,502326.9579354787
1878,Ridge,2,832000.0,883743.4773435562
2574,Ridge,2,630000.0,515484.08436705935
3458,Ridge,2,207500.0,198997.65300677367
3865,Ridge,2,635000.0,743021.43052087
3913,Ridge,2,357823.0,342957.5460204402
5282,Ridge,2,515000.0,795388.5055913716
5671,Ridge,2,500000.0,467522.3254979061
5791,Ridge,2,810000.0,1006930.9789278843
5985,Ridge,2,441000.0,553339.9163387021
6167,Ridge,2,460000.0,658002.1746852248
6218,Ridge,2,215000.0,186349.48618517036
7480,Ridge,2,320000.0,244033.2814430403
7676,Ridge,2,725000.0,436458.99280124035
8742,Ridge,2,500000.0,394374.535969915
9036,Ridge,2,667000.0,498853.5426246924
9097,Ridge,2,314000.0,303208.8382995182
9127,Ridge,2,190000.0,239319.5817906877
9450,Ridge,2,300000.0,407842.1056314702
10163,Ridge,2,769000.0,828491.9217521015
10611,Ridge,2,489000.0,471222.89518784627
10817,Ridge,2,1688000.0,1512555.9070554809
11224,Ridge,2,425000.0,111179.11338957254
11495,Ridge,2,455000.0,323149.0747704557
11703,Ridge,2,294000.0,331964.2078428066
13284,Ridge,2,272000.0,196457.3769772112
14120,Ridge,2,358000.0,42858.08925089077
14615,Ridge,2,160000.0,97612.109188703
15851,Ridge,2,229000.0,263567.54303604417
16024,Ridge,2,579000.0,476158.86626142764
16281,Ridge,2,855000.0,793350.9047062945
16535,Ridge,2,460000.0,714467.6930614692
20080,Ridge,2,635000.0,655212.3911630661
20102,Ridge,2,594491.0,650986.5029656477
20440,Ridge,2,335000.0,288866.0862828628
20656,Ridge,2,560000.0,665369.2494527032
20901,Ridge,2,410000.0,430349.588484928
21540,Ridge,2,1881580.0,1197648.9196292062
213,Ridge,2,465000.0,550786.6785841613
615,Ridge,2,425000.0,430398.51622366917
843,Ridge,2,330000.0,390126.87034734595
1075,Ridge,2,320000.0,480514.75204302993
1095,Ridge,2,435000.0,357029.24538812885
1130,Ridge,2,332500.0,404592.3852554636
2465,Ridge,2,500000.0,512337.8270869449
2728,Ridge,2,570000.0,704407.4128970052
3663,Ridge,2,400000.0,186248.84310290805
5035,Ridge,2,235000.0,165519.51649407134
6281,Ridge,2,760000.0,700039.1139968655
7246,Ridge,2,212000.0,130780.54679835931
7793,Ridge,2,358000.0,436684.208037947
7914,Ridge,2,820000.0,728494.2625197613
8183,Ridge,2,357500.0,311065.6230986933
8601,Ridge,2,470000.0,505316.40936512384
8627,Ridge,2,665000.0,832054.0479531338
8806,Ridge,2,215000.0,210096.49067428638
9248,Ridge,2,462000.0,490834.1032872074
9808,Ridge,2,1175000.0,1166090.3661656077
10424,Ridge,2,109000.0,54635.10434644431
10483,Ridge,2,250000.0,168359.18165779742
11018,Ridge,2,1378600.0,981935.7574242004
11351,Ridge,2,270000.0,279680.95368038135
12199,Ridge,2,1015000.0,1077710.1284840633
12774,Ridge,2,290000.0,321573.79328570527
12926,Ridge,2,509000.0,384531.71500284557
12973,Ridge,2,599500.0,494450.05975800904
13184,Ridge,2,220000.0,238693.07077726582
14160,Ridge,2,212000.0,253301.61977349245
14300,Ridge,2,272000.0,307221.2397719689
14681,Ridge,2,1475000.0,1379709.866472493
15371,Ridge,2,658000.0,1110233.5057665287
15389,Ridge,2,757500.0,713917.1244664801
15523,Ridge,2,265000.0,227990.1518178091
17193,Ridge,2,335000.0,342625.64554995904
17368,Ridge,2,286000.0,269455.25385816966
17987,Ridge,2,300000.0,454338.0591239474
18186,Ridge,2,343500.0,300846.42526267795
18621,Ridge,2,559950.0,571846.1069790215
18707,Ridge,2,340000.0,303380.45359998045
19253,Ridge,2,680000.0,755605.5950418059
19622,Ridge,2,1150000.0,1364366.253452375
19675,Ridge,2,280000.0,392159.6589229357
19874,Ridge,2,333500.0,371366.3813898711
20128,Ridge,2,675000.0,704585.4271277036
20151,Ridge,2,248000.0,204636.97911732201
20391,Ridge,2,700000.0,792806.2893689428
20696,Ridge,2,554000.0,494683.53626329673
21174,Ridge,2,525000.0,569321.5426824185
21186,Ridge,2,303500.0,660766.634069219
7,Ridge,2,291850.0,98372.76533507335
215,Ridge,2,280000.0,129039.62489323132
228,Ridge,2,235000.0,192844.05900120258
304,Ridge,2,315000.0,354066.49042423477
802,Ridge,2,422120.0,442109.675784162
3213,Ridge,2,505000.0,477121.72994222393
3721,Ridge,2,884900.0,1542764.798336512
4254,Ridge,2,271900.0,140168.08574666723
4374,Ridge,2,221000.0,170303.65445500828
4600,Ridge,2,495000.0,479116.40215650667
4898,Ridge,2,245000.0,261614.59119916146
5511,Ridge,2,140000.0,78059.90725927963
5844,Ridge,2,203000.0,165535.03483674565
6646,Ridge,2,265000.0,305689.29626560403
6725,Ridge,2,703300.0,677475.7414306545
6935,Ridge,2,390000.0,442244.83396155323
7753,Ridge,2,460000.0,429525.4731203564
7762,Ridge,2,658000.0,750984.1463682759
8088,Ridge,2,238000.0,140876.6177387298
8685,Ridge,2,275000.0,290278.3886329286
8935,Ridge,2,285000.0,320252.1246952403
9617,Ridge,2,240000.0,211401.894241978
9892,Ridge,2,420000.0,387484.54740613315
10040,Ridge,2,583000.0,828542.3182114563
10555,Ridge,2,729000.0,791128.9081654586
11125,Ridge,2,255000.0,244714.36451566155
11395,Ridge,2,275000.0,341654.56338063686
13377,Ridge,2,599950.0,645127.6878993406
13445,Ridge,2,465000.0,398549.20025070617
13488,Ridge,2,200000.0,200480.49253020075
14579,Ridge,2,719000.0,653506.4521957058
15115,Ridge,2,715000.0,972907.183944729
15463,Ridge,2,235000.0,184470.7415175701
15551,Ridge,2,547000.0,412213.79651509237
16031,Ridge,2,470000.0,510565.73685160495
17106,Ridge,2,233000.0,91646.63471185073
17294,Ridge,2,515500.0,555869.4537355474
17599,Ridge,2,220000.0,131497.46826709568
17767,Ridge,2,2050000.0,1818371.685701986
18326,Ridge,2,215000.0,307983.95615219476
19157,Ridge,2,435500.0,456574.8402382799
19638,Ridge,2,834950.0,756380.3705341718
20088,Ridge,2,389000.0,365312.40119849966
20527,Ridge,2,1898000.0,1616435.738975135
21561,Ridge,2,750000.0,1033253.9503623499
173,Ridge,2,917500.0,1048400.2458079018
1347,Ridge,2,735000.0,770788.6072975625
1670,Ridge,2,635000.0,786159.1780280087
1710,Ridge,2,453000.0,319968.7239804196
1874,Ridge,2,348000.0,341200.88494396897
1899,Ridge,2,330000.0,253007.47386171503
2480,Ridge,2,432500.0,425474.4814388658
2520,Ridge,2,415000.0,561190.0268442407
3127,Ridge,2,176500.0,-11428.095425089472
3492,Ridge,2,790000.0,654884.7776907147
4136,Ridge,2,700000.0,816774.2535568448
4153,Ridge,2,435000.0,459814.03186642105
5041,Ridge,2,440000.0,337356.8566803833
5259,Ridge,2,199990.0,17607.23656567314
5757,Ridge,2,365000.0,248118.07447197035
6031,Ridge,2,300000.0,389812.37851337396
6328,Ridge,2,372000.0,338016.93566852453
7328,Ridge,2,345000.0,501303.18909945677
7688,Ridge,2,404600.0,465421.8393547847
8540,Ridge,2,1590000.0,1344921.924962808
8578,Ridge,2,560000.0,715597.1918895742
9085,Ridge,2,650000.0,1291297.343571445
9348,Ridge,2,465000.0,752543.8499963878
9358,Ridge,2,356000.0,330076.9121892869
9859,Ridge,2,450000.0,388918.337971545
10121,Ridge,2,749950.0,664146.3060688667
10788,Ridge,2,200000.0,189471.18056120968
10809,Ridge,2,218500.0,127439.71767410188
11166,Ridge,2,463000.0,573785.3548054262
11187,Ridge,2,674000.0,604512.6780163404
12072,Ridge,2,605000.0,816672.0500902625
12824,Ridge,2,291970.0,32320.404807379877
15158,Ridge,2,1950000.0,1730827.7404528453
15254,Ridge,2,910000.0,1070696.193534433
15438,Ridge,2,278226.0,388395.5392905469
15623,Ridge,2,375000.0,405643.7846304966
15868,Ridge,2,570000.0,859543.5105613563
16009,Ridge,2,775000.0,921756.3299517633
16271,Ridge,2,341000.0,415608.2567921467
16296,Ridge,2,620000.0,799537.9950708702
17353,Ridge,2,919000.0,1072619.2526509145
17500,Ridge,2,115000.0,75460.23708864598
17540,Ridge,2,447500.0,427680.5816843476
17687,Ridge,2,479000.0,381105.5988705775
19091,Ridge,2,745000.0,1150068.4697446532
19322,Ridge,2,820000.0,818374.3610335491
20101,Ridge,2,550000.0,644808.5715987883
20254,Ridge,2,278000.0,341950.5313264453
20424,Ridge,2,471500.0,422594.463051148
20961,Ridge,2,389700.0,380087.8579806094
21311,Ridge,2,539900.0,486908.7384487148
21611,Ridge,2,400000.0,390760.74083774415
14862,Ridge,2,235000.0,150477.341947617
2117,Ridge,2,339900.0,404776.75870780344
3887,Ridge,2,425000.0,477862.6579901574
7769,Ridge,2,855000.0,1144501.4253110094
12720,Ridge,2,243000.0,211951.12307618698
14745,Ridge,2,355000.0,366025.3982669984
19701,Ridge,2,657000.0,545708.9901897716
20585,Ridge,2,552500.0,642680.3750656507
921,Ridge,2,342000.0,292008.99485992437
939,Ridge,2,350000.0,367650.72660823824
1755,Ridge,2,545000.0,707121.8250099989
2827,Ridge,2,864000.0,924036.3597380775
3276,Ridge,2,456500.0,484802.4263919397
4026,Ridge,2,290000.0,369268.1033582775
4732,Ridge,2,545000.0,547900.372724231
5805,Ridge,2,535000.0,566570.6001794508
6081,Ridge,2,670000.0,572955.2461221851
6595,Ridge,2,445000.0,489110.3790164398
7547,Ridge,2,165000.0,166389.85825546033
7582,Ridge,2,299000.0,282706.0192513309
7595,Ridge,2,300000.0,195334.43090378842
7636,Ridge,2,190000.0,-46665.15630044858
7925,Ridge,2,537000.0,505130.6571374549
8059,Ridge,2,760000.0,738805.579208905
8353,Ridge,2,775000.0,685300.5314232896
8907,Ridge,2,259950.0,158638.25949682103
8930,Ridge,2,199950.0,266989.0782319908
9400,Ridge,2,197200.0,145613.43924752984
9709,Ridge,2,348000.0,331455.6723344733
9770,Ridge,2,831000.0,768821.2135580779
10078,Ridge,2,520000.0,565585.1426016034
12339,Ridge,2,415000.0,150984.55070601864
12921,Ridge,2,539000.0,310947.08989058697
13276,Ridge,2,905000.0,944947.4260177943
13406,Ridge,2,538000.0,514228.68861030566
13574,Ridge,2,436000.0,467978.3133278041
13781,Ridge,2,585000.0,717419.8095882828
14109,Ridge,2,274950.0,197541.09274711466
14850,Ridge,2,389000.0,370424.47379231115
15017,Ridge,2,615000.0,644002.6041883912
15659,Ridge,2,420000.0,504017.2466151058
15872,Ridge,2,596000.0,508827.4004679641
16978,Ridge,2,316000.0,293246.5818224592
17148,Ridge,2,204250.0,255998.2554413883
17826,Ridge,2,170000.0,255289.10600961797
17878,Ridge,2,560000.0,482653.59797398135
18188,Ridge,2,1000000.0,763274.7303289303
19182,Ridge,2,279000.0,309812.5099144132
19897,Ridge,2,545000.0,504985.08016769943
20648,Ridge,2,524225.0,576873.9012390486
20719,Ridge,2,440000.0,530728.6954061601
20904,Ridge,2,519990.0,418731.1922634272
21076,Ridge,2,544000.0,418186.5578276772
21489,Ridge,2,352500.0,382857.07153057255
383,Ridge,2,560000.0,583532.0099507787
637,Ridge,2,245000.0,234057.26883850122
662,Ridge,2,475000.0,347675.3997083112
757,Ridge,2,1310000.0,1317957.1740420854
783,Ridge,2,715000.0,621485.6826331281
978,Ridge,2,216000.0,166764.36424325028
2096,Ridge,2,383000.0,446031.9699984931
3743,Ridge,2,312500.0,308742.82599854993
3856,Ridge,2,535000.0,699267.6895235658
4135,Ridge,2,625000.0,788617.6134677494
4185,Ridge,2,393500.0,391740.74498609896
4752,Ridge,2,219000.0,208293.94781712367
4952,Ridge,2,452000.0,425214.20969965344
5571,Ridge,2,334000.0,360606.4559663226
5851,Ridge,2,900000.0,901800.8875381784
5997,Ridge,2,152000.0,166204.5231333099
6687,Ridge,2,350000.0,267868.99369873945
8123,Ridge,2,220000.0,181372.40391617385
8209,Ridge,2,621500.0,620369.0389616063
8349,Ridge,2,455000.0,379456.90284701367
8441,Ridge,2,245000.0,119660.10771579325
8835,Ridge,2,410000.0,355981.11332634825
9115,Ridge,2,682500.0,709201.238961057
9168,Ridge,2,353000.0,368283.84430627443
9342,Ridge,2,340000.0,358443.6532061369
10444,Ridge,2,455000.0,733819.9896896188
11020,Ridge,2,375000.0,358543.5434491936
11502,Ridge,2,319000.0,333172.69014585845
11656,Ridge,2,272000.0,181901.08902999654
11682,Ridge,2,205000.0,169959.2357548264
13637,Ridge,2,439000.0,364831.28018189606
14180,Ridge,2,315000.0,171079.35581170255
14241,Ridge,2,140000.0,181294.19413149823
14377,Ridge,2,585000.0,595723.082010801
15454,Ridge,2,464550.0,621487.3733297102
15494,Ridge,2,290000.0,392780.0151861686
15865,Ridge,2,464000.0,458886.64771429234
16413,Ridge,2,760000.0,1052584.8486763276
16637,Ridge,2,222500.0,113143.27652911737
16711,Ridge,2,795000.0,675754.4188427556
16808,Ridge,2,620000.0,588630.9852274471
17246,Ridge,2,1288000.0,1259612.947589502
17844,Ridge,2,1375000.0,851963.7287723861
18361,Ridge,2,212000.0,196089.48417219374
18620,Ridge,2,270000.0,227045.18689876515
18821,Ridge,2,419000.0,374610.92756997974
19409,Ridge,2,205000.0,115769.61643761833
19707,Ridge,2,885000.0,764371.2470481419
19756,Ridge,2,385000.0,428433.11168708804
19824,Ridge,2,730000.0,624301.0870418695
19936,Ridge,2,541000.0,491491.6062665175
20184,Ridge,2,1312000.0,1308002.9040183877
20242,Ridge,2,392440.0,390097.835313417
20857,Ridge,2,555000.0,485476.9170810024
20953,Ridge,2,427000.0,526669.9232254066
810,Ridge,2,345000.0,410239.3435563406
1027,Ridge,2,315000.0,309311.59996139613
1796,Ridge,2,780000.0,725594.7494556017
2813,Ridge,2,157500.0,79908.0857528142
2934,Ridge,2,380000.0,401108.4138498382
4033,Ridge,2,325000.0,402530.56234634947
4706,Ridge,2,333000.0,259856.2982205727
5271,Ridge,2,657500.0,651567.4334232635
6940,Ridge,2,225000.0,252400.27142282767
7208,Ridge,2,170000.0,228129.49103695032
7465,Ridge,2,305000.0,403702.19575119705
7589,Ridge,2,367500.0,381120.38392663246
7630,Ridge,2,507200.0,633102.6428441519
7877,Ridge,2,360000.0,351178.7692410969
8047,Ridge,2,1195000.0,965310.3437948121
8146,Ridge,2,865000.0,792536.5216045133
8527,Ridge,2,610000.0,813975.408998643
9717,Ridge,2,400000.0,402783.1054653751
9795,Ridge,2,263500.0,298127.8972991937
10910,Ridge,2,360000.0,507131.74027684436
11103,Ridge,2,289950.0,278909.3040749372
11161,Ridge,2,422250.0,427974.1810101866
11900,Ridge,2,435000.0,379199.857816213
11935,Ridge,2,260250.0,230491.13040260202
12902,Ridge,2,374950.0,291451.8147248118
12949,Ridge,2,329950.0,266854.8234653766
13187,Ridge,2,626000.0,751756.686959959
13378,Ridge,2,810000.0,876592.6201704275
13405,Ridge,2,781000.0,754429.3164987136
13936,Ridge,2,372000.0,579310.4831263005
14114,Ridge,2,275000.0,263820.4095425958
14157,Ridge,2,1103990.0,1032723.6412968986
14218,Ridge,2,320000.0,368365.6472787754
14309,Ridge,2,577000.0,600410.113945388
14367,Ridge,2,490000.0,222840.39609928074
14524,Ridge,2,485000.0,460263.39555081667
15465,Ridge,2,610000.0,604583.817681125
15666,Ridge,2,500000.0,650641.9776847939
16096,Ridge,2,465000.0,558401.315394168
17471,Ridge,2,650500.0,1001727.344692533
17514,Ridge,2,650000.0,719764.973729715
18025,Ridge,2,536000.0,648271.5186945874
18626,Ridge,2,1050000.0,1168718.258866856
18663,Ridge,2,535000.0,435657.83718420006
19190,Ridge,2,935000.0,850398.3882619054
19198,Ridge,2,699999.0,722112.0631606838
19473,Ridge,2,370000.0,306775.30108914885
19858,Ridge,2,2700000.0,1984810.006317737
571,Ridge,2,720000.0,851933.7258012041
745,Ridge,2,560000.0,618534.1358301664
1065,Ridge,2,550000.0,769151.8325574046
1385,Ridge,2,250000.0,553488.1649373499
2282,Ridge,2,429500.0,443388.1057723602
2784,Ridge,2,340000.0,548719.4299103402
3508,Ridge,2,695000.0,621444.1687047547
3511,Ridge,2,418500.0,333281.5352360244
3592,Ridge,2,478000.0,557359.156254778
4043,Ridge,2,580000.0,484635.7547336541
4048,Ridge,2,227064.0,374687.63850522914
4331,Ridge,2,480000.0,563655.5653269544
4845,Ridge,2,261000.0,306266.9317661509
5185,Ridge,2,243500.0,204234.08302952658
5283,Ridge,2,410000.0,418157.02000689885
5450,Ridge,2,259950.0,213573.5011299596
5882,Ridge,2,200000.0,106868.4654154352
6040,Ridge,2,282510.0,145500.00576045713
6155,Ridge,2,239975.0,282726.41357226216
6648,Ridge,2,400000.0,452296.1149318008
6694,Ridge,2,509990.0,270475.8416085748
7248,Ridge,2,510000.0,457437.9545376031
7417,Ridge,2,459000.0,453012.9771275822
9028,Ridge,2,625000.0,560339.8103010472
9586,Ridge,2,563250.0,509820.40841232066
9878,Ridge,2,264500.0,242748.48294053532
10158,Ridge,2,460000.0,585918.6250491955
10632,Ridge,2,563225.0,917278.1619371411
12127,Ridge,2,299500.0,246256.14623100328
12274,Ridge,2,480000.0,553699.5094608319
12924,Ridge,2,782000.0,928017.5023748551
13182,Ridge,2,600000.0,596750.1856207391
13269,Ridge,2,290000.0,310008.096565165
14320,Ridge,2,495000.0,528360.8227104489
14534,Ridge,2,760000.0,838683.9199537586
14652,Ridge,2,760000.0,812989.1081312711
15528,Ridge,2,615000.0,442983.0233643632
15790,Ridge,2,162500.0,206768.78433597874
17065,Ridge,2,225000.0,72722.51573952596
17269,Ridge,2,625000.0,529698.7479413328
18242,Ridge,2,480000.0,537845.9664235688
19695,Ridge,2,250000.0,189066.74208068714
19740,Ridge,2,585000.0,547019.7850026063
19881,Ridge,2,952990.0,916950.279209868
20314,Ridge,2,255000.0,145916.13082010736
20471,Ridge,2,1800000.0,1643349.2877451691
21275,Ridge,2,950000.0,1116854.6591213704
21577,Ridge,2,579000.0,561643.1967656785
15,Ridge,3,650000.0,873622.7279860105
3116,Ridge,3,900000.0,882857.0539697488
5412,Ridge,3,530000.0,922854.8556605347
14370,Ridge,3,615000.0,661927.6995665465
9643,Ridge,3,550000.0,614176.4105928382
12702,Ridge,3,575000.0,586593.025128845
20814,Ridge,3,312000.0,292588.01244470663
134,Ridge,3,675000.0,688991.5759507137
352,Ridge,3,315000.0,283455.73643413174
1016,Ridge,3,520000.0,447500.2640943904
2121,Ridge,3,594000.0,484699.1744298842
2684,Ridge,3,315500.0,310637.5064825119
3574,Ridge,3,230000.0,134548.07792645687
4489,Ridge,3,716000.0,700553.2529301179
5261,Ridge,3,440000.0,513739.4992818219
5442,Ridge,3,805000.0,535974.9506553592
5781,Ridge,3,625700.0,674143.2731833219
5916,Ridge,3,170000.0,156614.9166262024
5955,Ridge,3,285000.0,238071.77929915942
6050,Ridge,3,295000.0,335537.01377605856
6178,Ridge,3,769000.0,787694.423304234
6412,Ridge,3,750000.0,907081.0426722949
6895,Ridge,3,225000.0,171511.27081401867
7947,Ridge,3,251000.0,283021.4465715854
8091,Ridge,3,315000.0,302686.11093746295
8137,Ridge,3,345000.0,353357.3022190548
8227,Ridge,3,722800.0,1089177.7017421839
8375,Ridge,3,1250000.0,1112541.2809490822
8776,Ridge,3,438000.0,631523.0095054689
8779,Ridge,3,380000.0,427219.31005061755
8905,Ridge,3,840000.0,750382.92445715
8986,Ridge,3,450000.0,582342.9401150403
9274,Ridge,3,1680000.0,1645428.1066137282
9678,Ridge,3,432000.0,488056.61681060743
10672,Ridge,3,575000.0,468675.0091457884
10771,Ridge,3,600000.0,529088.3745316104
11382,Ridge,3,233000.0,289517.34651526494
11813,Ridge,3,364900.0,584044.757685991
11970,Ridge,3,484000.0,429085.0823888375
13554,Ridge,3,252000.0,310265.554106891
13778,Ridge,3,537500.0,866223.8777668218
13954,Ridge,3,733000.0,730376.5817858138
14051,Ridge,3,389000.0,409299.84498738416
15367,Ridge,3,650000.0,770552.7162182822
15374,Ridge,3,340000.0,513382.9551557009
15624,Ridge,3,388000.0,393802.83426692156
15802,Ridge,3,449000.0,439789.3841691908
16401,Ridge,3,578000.0,609322.9628640907
17481,Ridge,3,440000.0,610898.4986880101
17854,Ridge,3,610000.0,833468.3085962035
17911,Ridge,3,415000.0,586108.1234610789
19046,Ridge,3,925000.0,1010226.9277718083
19884,Ridge,3,350000.0,285681.53350232774
21604,Ridge,3,429000.0,416324.8547388342
242,Ridge,3,455000.0,493236.24802884314
276,Ridge,3,450000.0,539631.3834338594
492,Ridge,3,232000.0,218355.1705505639
578,Ridge,3,530000.0,487837.56744135986
677,Ridge,3,188000.0,166955.4839960375
1083,Ridge,3,490000.0,690451.5519156789
1325,Ridge,3,110000.0,52075.71949376451
1894,Ridge,3,1575000.0,1393379.1997545282
2001,Ridge,3,280000.0,198031.7817803672
2375,Ridge,3,469000.0,492762.5808093272
2858,Ridge,3,1835000.0,1416000.4868902867
3019,Ridge,3,202000.0,169966.53070687206
3027,Ridge,3,273500.0,239645.4123431342
3193,Ridge,3,315000.0,272907.36152758216
3269,Ridge,3,805500.0,947409.6923677617
3392,Ridge,3,122000.0,20126.51737504202
3404,Ridge,3,726000.0,697341.4342107282
3539,Ridge,3,621500.0,496711.00212337746
4939,Ridge,3,359000.0,432682.0383569882
4944,Ridge,3,625000.0,312171.42494445405
5148,Ridge,3,994900.0,920306.9901429457
5428,Ridge,3,680000.0,597140.3404549948
5688,Ridge,3,265000.0,394416.3578579356
5761,Ridge,3,215000.0,278955.34828922234
6350,Ridge,3,270000.0,223156.8574334965
6438,Ridge,3,322000.0,278409.3507746731
6782,Ridge,3,398500.0,426041.4849496093
6815,Ridge,3,473975.0,551440.0150034241
7010,Ridge,3,465000.0,463870.56756934815
8194,Ridge,3,365000.0,206675.42670951743
8463,Ridge,3,330000.0,358489.6114389958
8483,Ridge,3,799990.0,845081.4060700835
9197,Ridge,3,405000.0,376389.25750063
9411,Ridge,3,678500.0,465636.3159792805
9858,Ridge,3,1100000.0,1064620.8847459839
10269,Ridge,3,480000.0,480471.7293562791
11015,Ridge,3,186000.0,129476.95792063791
11167,Ridge,3,750000.0,1332922.106441793
11188,Ridge,3,442250.0,433539.2366645024
11467,Ridge,3,615000.0,662344.915727313
11476,Ridge,3,265000.0,391207.8682666969
12043,Ridge,3,857500.0,1034464.9749111652
12221,Ridge,3,474950.0,455999.0910204991
12240,Ridge,3,350000.0,272258.99956592586
12809,Ridge,3,335000.0,424689.8697313078
14769,Ridge,3,550000.0,539850.7763119384
15145,Ridge,3,600000.0,797432.3794230468
15439,Ridge,3,340000.0,595696.556255909
15981,Ridge,3,230000.0,100735.1061808425
16693,Ridge,3,324950.0,323140.07315522083
17328,Ridge,3,2225000.0,1147646.7645721766
18360,Ridge,3,337000.0,417585.3419712874
19186,Ridge,3,500000.0,357989.6588672666
19784,Ridge,3,679950.0,520164.1996540911
19959,Ridge,3,572800.0,648823.0363389382
19969,Ridge,3,850000.0,978965.620176781
21170,Ridge,3,235245.0,267802.79886732565
83,Ridge,3,356000.0,375934.0564266363
459,Ridge,3,255000.0,185917.85546255042
496,Ridge,3,725000.0,713633.1681563212
1428,Ridge,3,914600.0,892648.6700036366
2219,Ridge,3,398000.0,543998.2711991573
2844,Ridge,3,282000.0,216824.3150112917
2933,Ridge,3,276000.0,322001.6445518695
3062,Ridge,3,156000.0,34216.006530898565
3198,Ridge,3,210000.0,86390.20107756153
3802,Ridge,3,225000.0,181415.93877133488
4774,Ridge,3,275000.0,267011.40797199414
5218,Ridge,3,260000.0,160619.65657519276
5322,Ridge,3,530000.0,647395.6939548755
5326,Ridge,3,774000.0,727335.7386199178
5666,Ridge,3,1600000.0,1714633.3844396037
6310,Ridge,3,310650.0,322024.2028280731
6370,Ridge,3,215000.0,173583.98228782974
6946,Ridge,3,649950.0,855870.305378747
7293,Ridge,3,279900.0,194702.11255434324
8265,Ridge,3,350000.0,672361.3775528144
8741,Ridge,3,810000.0,818158.3483920114
8971,Ridge,3,392800.0,511491.0800395802
9270,Ridge,3,585000.0,691028.7699314207
9532,Ridge,3,275000.0,376869.8662754991
9806,Ridge,3,357000.0,318041.03330840793
10344,Ridge,3,830000.0,835610.5834761236
10980,Ridge,3,545000.0,1003538.7136305404
11119,Ridge,3,592000.0,638367.0440207815
11614,Ridge,3,311000.0,261361.38682159845
11723,Ridge,3,622000.0,758945.1816293285
11744,Ridge,3,400000.0,446174.5740759041
11776,Ridge,3,238000.0,187212.2342316471
12036,Ridge,3,365000.0,338249.812390716
12306,Ridge,3,196000.0,261175.2716558685
12641,Ridge,3,515000.0,414818.9697343528
13164,Ridge,3,425000.0,362813.44200355205
13282,Ridge,3,580000.0,556174.2600050457
13669,Ridge,3,375000.0,358099.7350096982
14171,Ridge,3,179500.0,47704.88765202253
14321,Ridge,3,691000.0,831402.1136482799
15166,Ridge,3,1755000.0,1360903.7652738076
15425,Ridge,3,466000.0,403990.98450131866
15614,Ridge,3,312000.0,221311.0130879942
15705,Ridge,3,276900.0,218029.8230342875
16195,Ridge,3,360000.0,381355.99380927085
17289,Ridge,3,1350000.0,981179.0721979273
17323,Ridge,3,379000.0,491680.98173152754
17666,Ridge,3,800000.0,958323.6451698305
17790,Ridge,3,296500.0,253947.71318863635
18094,Ridge,3,315000.0,421110.4658524924
18444,Ridge,3,358500.0,371640.2402310572
18588,Ridge,3,1100000.0,971801.4447979034
18813,Ridge,3,520000.0,567631.8641322515
18969,Ridge,3,665000.0,650201.688382464
19211,Ridge,3,374500.0,283394.4143821277
20320,Ridge,3,385000.0,389213.19932975085
20517,Ridge,3,292000.0,270869.9115807243
20856,Ridge,3,399500.0,445193.62695616216
21408,Ridge,3,569888.0,505861.18631354487
1752,Ridge,3,480000.0,604324.5883374531
2544,Ridge,3,336800.0,346769.4614226903
2697,Ridge,3,184500.0,57168.852696754504
2707,Ridge,3,485000.0,532231.4163666685
2755,Ridge,3,410000.0,411517.71925881185
3194,Ridge,3,805000.0,775019.5627901731
3249,Ridge,3,625000.0,409539.0101611336
3292,Ridge,3,875000.0,948037.4956073897
4296,Ridge,3,156000.0,92940.88641774218
5052,Ridge,3,269950.0,218672.2783086741
6105,Ridge,3,440000.0,282425.9416731748
6448,Ridge,3,286000.0,198084.6926820802
6742,Ridge,3,495000.0,530201.1575847113
6931,Ridge,3,532000.0,465419.20420622546
7231,Ridge,3,1490000.0,1274482.1647582478
7331,Ridge,3,340500.0,450086.40508327825
7529,Ridge,3,487000.0,616220.7198429628
7634,Ridge,3,206000.0,139763.67823931598
7908,Ridge,3,329000.0,216495.95463531674
8949,Ridge,3,188000.0,138058.68703812233
10011,Ridge,3,530000.0,477864.0036555138
12145,Ridge,3,231000.0,79277.66164651152
12333,Ridge,3,615500.0,525123.2000634774
12574,Ridge,3,184000.0,96661.20117884211
12910,Ridge,3,429000.0,444252.17994101363
13469,Ridge,3,652000.0,614146.8916350857
13571,Ridge,3,682000.0,825881.3797285184
13732,Ridge,3,322500.0,235801.57413577207
13820,Ridge,3,550000.0,507607.80173216586
13996,Ridge,3,160000.0,116275.06739670719
14449,Ridge,3,248000.0,28870.412091530394
14678,Ridge,3,168500.0,227986.70981869425
15264,Ridge,3,675000.0,732808.0500310626
18001,Ridge,3,300000.0,639385.4004306147
18215,Ridge,3,330950.0,341598.2892363443
18380,Ridge,3,200000.0,146220.77614747407
18438,Ridge,3,524000.0,519032.83635047625
19115,Ridge,3,283500.0,113943.38731545163
19659,Ridge,3,535000.0,498379.80194831756
20324,Ridge,3,310000.0,289378.75677549397
20427,Ridge,3,262000.0,300770.25507179054
21239,Ridge,3,332000.0,283273.96235141804
21329,Ridge,3,375000.0,493260.8864749738
365,Ridge,3,465000.0,314563.48175919737
1619,Ridge,3,245000.0,178825.46775737702
2220,Ridge,3,257000.0,440042.8789803198
3187,Ridge,3,1400000.0,1267917.880598852
3420,Ridge,3,465000.0,468836.9781927604
3775,Ridge,3,472500.0,659397.7501491872
6318,Ridge,3,250000.0,283508.57893861015
6518,Ridge,3,1339000.0,1103387.386509924
6582,Ridge,3,536000.0,544422.4058398954
6683,Ridge,3,359000.0,338434.5771883547
7255,Ridge,3,350000.0,183677.94869005465
7765,Ridge,3,615000.0,551271.7341639847
8067,Ridge,3,825000.0,950425.848817929
8623,Ridge,3,325000.0,-81072.12011095171
8660,Ridge,3,318000.0,307292.47695647756
10172,Ridge,3,442000.0,526400.7757371861
11594,Ridge,3,544000.0,655779.8773535017
12155,Ridge,3,667000.0,660422.105707554
12296,Ridge,3,185900.0,20701.839119091106
12464,Ridge,3,502775.0,442415.30419073004
13020,Ridge,3,2300000.0,1332151.0009040225
13411,Ridge,3,2415000.0,2181908.144601072
14152,Ridge,3,662500.0,674865.0428591864
16054,Ridge,3,330000.0,495448.28935391636
16199,Ridge,3,1285000.0,1021214.0648093817
16242,Ridge,3,323400.0,284732.3412407985
16773,Ridge,3,1920000.0,1869997.1012820182
17636,Ridge,3,418000.0,377659.5536461179
17903,Ridge,3,715000.0,887160.7634890517
18134,Ridge,3,330000.0,431068.4035066242
18251,Ridge,3,339900.0,218039.87471344712
18656,Ridge,3,665000.0,614835.8617490955
20013,Ridge,3,245000.0,320905.8863685703
20130,Ridge,3,252000.0,338032.9060660383
21568,Ridge,3,1700000.0,1476152.9049482546
13358,Ridge,3,690000.0,764049.0948385416
18014,Ridge,3,301500.0,242224.8718233797
20158,Ridge,3,205000.0,172527.58397470607
323,Ridge,3,240000.0,166186.50422680675
507,Ridge,3,442000.0,390373.4320861748
758,Ridge,3,856600.0,810739.4212663884
972,Ridge,3,397500.0,480863.72593422374
1055,Ridge,3,935000.0,1494486.6995795588
1076,Ridge,3,310000.0,354145.6796440667
1321,Ridge,3,455000.0,308738.5081747339
2102,Ridge,3,279000.0,116295.41283802275
2103,Ridge,3,583500.0,549654.7858434524
2879,Ridge,3,334000.0,317792.5078800098
2899,Ridge,3,3000000.0,1848093.6178744582
3330,Ridge,3,253000.0,222806.6344190616
3523,Ridge,3,700000.0,946280.9874450358
3710,Ridge,3,361000.0,238008.9134149014
3831,Ridge,3,399950.0,386334.7455911309
5337,Ridge,3,474000.0,455141.12692990276
5347,Ridge,3,335000.0,352324.31396830233
5552,Ridge,3,540400.0,535627.9999004574
5727,Ridge,3,675000.0,566806.0737478521
6212,Ridge,3,510000.0,609682.9803844697
6898,Ridge,3,336000.0,274723.1107606628
7187,Ridge,3,495000.0,482953.98858474323
7696,Ridge,3,762000.0,717772.629334602
8065,Ridge,3,287500.0,323420.48273023916
10298,Ridge,3,375000.0,289064.628485288
10546,Ridge,3,209000.0,24262.147507824295
11172,Ridge,3,592500.0,696215.8183368759
11234,Ridge,3,431000.0,453040.2082058012
12092,Ridge,3,299000.0,292578.7553952902
12259,Ridge,3,359950.0,352360.49045086117
12710,Ridge,3,218000.0,340545.59910680307
12798,Ridge,3,360000.0,454738.26163740683
14196,Ridge,3,490000.0,627718.1471323608
15174,Ridge,3,612125.0,694270.7641512783
15179,Ridge,3,500000.0,436059.15859181515
15474,Ridge,3,225900.0,172566.92990006914
15524,Ridge,3,519000.0,618827.6067038537
16430,Ridge,3,1750000.0,1490969.074671248
16619,Ridge,3,338500.0,110140.25014475494
16753,Ridge,3,277500.0,204039.38622549828
17472,Ridge,3,960000.0,1123656.2838730828
17702,Ridge,3,616750.0,580750.9150428945
20331,Ridge,3,442515.0,534683.2002710986
20488,Ridge,3,1289990.0,1072753.46474593
20649,Ridge,3,424950.0,385467.0489551765
20665,Ridge,3,394950.0,339769.72221574164
21103,Ridge,3,598992.0,739268.4999308239
21436,Ridge,3,255000.0,445297.63511691144
1715,Ridge,3,338000.0,439426.6022480833
1753,Ridge,3,368000.0,450187.99682042445
1848,Ridge,3,1569500.0,1692822.7995854283
1925,Ridge,3,467000.0,432108.5855848575
2155,Ridge,3,535000.0,621352.4736816521
2260,Ridge,3,208000.0,119440.70048055204
3395,Ridge,3,369900.0,438808.9295733568
3481,Ridge,3,415000.0,524666.7655651044
3616,Ridge,3,280000.0,404983.9508107448
3781,Ridge,3,759000.0,860069.1918930637
3798,Ridge,3,680000.0,578470.0239077895
3828,Ridge,3,205000.0,125088.25351207022
3838,Ridge,3,348000.0,399962.2743783216
4102,Ridge,3,269950.0,137905.39902189234
4571,Ridge,3,527200.0,581784.1468734243
4847,Ridge,3,440000.0,556187.8760986854
5126,Ridge,3,299000.0,373097.8375690284
5316,Ridge,3,321027.0,460963.86917521246
5400,Ridge,3,375000.0,370293.7369084149
5414,Ridge,3,290000.0,342064.0331118778
5544,Ridge,3,587000.0,571165.2688968981
6846,Ridge,3,765000.0,527359.8229594746
7902,Ridge,3,463000.0,329593.8143347983
8160,Ridge,3,511000.0,679632.5966979493
8386,Ridge,3,408000.0,553696.5852261399
8424,Ridge,3,700000.0,770345.1804245969
8772,Ridge,3,895000.0,884475.8319879369
9222,Ridge,3,289000.0,219839.40386335237
11558,Ridge,3,804000.0,756228.6463039094
12408,Ridge,3,311600.0,219318.6325830205
12764,Ridge,3,450000.0,519919.5184900253
12964,Ridge,3,455500.0,478941.3356154388
13619,Ridge,3,427500.0,368521.8747654179
15447,Ridge,3,257000.0,187113.52564776788
15678,Ridge,3,335000.0,392455.5812479944
16062,Ridge,3,575000.0,624220.3064553182
16254,Ridge,3,212000.0,170542.26646842738
17128,Ridge,3,153000.0,112038.54258315993
17336,Ridge,3,600000.0,824466.7193765005
18152,Ridge,3,845000.0,847052.9681855731
18616,Ridge,3,377000.0,345209.4571104925
19072,Ridge,3,425000.0,575657.8084725154
19943,Ridge,3,292500.0,325142.0095014935
20854,Ridge,3,690000.0,840498.4111240888
21425,Ridge,3,1050000.0,947425.2946807354
21501,Ridge,3,1150000.0,1010119.9160738701
601,Ridge,3,399950.0,442275.2038931766
1137,Ridge,3,225000.0,53661.37641208613
1391,Ridge,3,439000.0,429035.2584761117
1462,Ridge,3,140000.0,93319.2407817397
1564,Ridge,3,610000.0,518865.2688095831
1713,Ridge,3,300000.0,205477.56907642313
2583,Ridge,3,675000.0,690115.1435228336
3270,Ridge,3,507250.0,451338.16709674074
3586,Ridge,3,1598890.0,1464478.100207611
4389,Ridge,3,580000.0,487222.2601558
4639,Ridge,3,360000.0,507289.1361280673
4906,Ridge,3,395000.0,317098.92850002076
5009,Ridge,3,419950.0,504063.2033464637
5413,Ridge,3,215000.0,270009.8490799435
5575,Ridge,3,245000.0,324830.0507904338
5579,Ridge,3,485000.0,529686.4785649589
5599,Ridge,3,350000.0,553549.0545007762
5879,Ridge,3,241000.0,53999.9619423555
6243,Ridge,3,1050000.0,815087.447531579
6524,Ridge,3,254000.0,224185.59917970694
6834,Ridge,3,450000.0,557022.5227506921
7111,Ridge,3,419900.0,430263.3888881891
7115,Ridge,3,715000.0,772373.7992967935
7586,Ridge,3,256000.0,200409.9932936941
8014,Ridge,3,526750.0,481156.9613379431
8057,Ridge,3,550000.0,133559.80943087238
8063,Ridge,3,260000.0,311094.8923059995
8308,Ridge,3,317000.0,421285.3245047785
8913,Ridge,3,370000.0,444448.55286329944
9343,Ridge,3,582500.0,416609.5627363509
9502,Ridge,3,230000.0,151542.89539040707
10048,Ridge,3,252000.0,189608.15518978634
10765,Ridge,3,445500.0,403911.7221606633
10784,Ridge,3,710000.0,838864.6315109358
10869,Ridge,3,305000.0,373846.6967400024
10911,Ridge,3,294900.0,238613.30342483873
10953,Ridge,3,279900.0,284771.2593127412
11810,Ridge,3,429950.0,424275.3702897638
12772,Ridge,3,510000.0,546022.2788938173
13071,Ridge,3,2250000.0,1314137.944129398
13266,Ridge,3,450000.0,436977.6802851125
14384,Ridge,3,476000.0,432632.0131139278
14986,Ridge,3,368750.0,331519.59679769666
15318,Ridge,3,334000.0,290587.82640281087
16146,Ridge,3,437400.0,634935.508808356
16421,Ridge,3,424950.0,439790.0466248308
17836,Ridge,3,245000.0,256461.27718766482
18048,Ridge,3,548050.0,558273.6911207029
18421,Ridge,3,240000.0,193929.95421153808
19262,Ridge,3,959000.0,1321640.6750325332
20355,Ridge,3,657044.0,784971.0117910022
20572,Ridge,3,467000.0,412173.0820812329
21026,Ridge,3,395000.0,535915.8437351108
53,Ridge,3,585000.0,562399.0650343368
207,Ridge,3,425000.0,402987.94137192855
491,Ridge,3,370000.0,369261.480955943
933,Ridge,3,299900.0,140621.93659456703
936,Ridge,3,378000.0,485105.9011642503
1074,Ridge,3,515000.0,733571.4797249506
1407,Ridge,3,345000.0,248497.94013625185
1493,Ridge,3,577000.0,732206.264464767
1768,Ridge,3,1175000.0,1054959.0480517466
1957,Ridge,3,345000.0,489066.60438245256
3119,Ridge,3,380000.0,450966.574905171
3136,Ridge,3,390000.0,391261.009225184
3250,Ridge,3,240000.0,216761.7545811786
3443,Ridge,3,276000.0,220188.12962413888
4558,Ridge,3,160000.0,148065.16764444637
4694,Ridge,3,599900.0,463798.17020892975
5559,Ridge,3,539950.0,563617.6618863605
5561,Ridge,3,1150000.0,1161918.9928267582
6539,Ridge,3,442500.0,493636.27185521054
7666,Ridge,3,219950.0,182115.0002794108
8008,Ridge,3,495500.0,720250.927909129
8364,Ridge,3,414500.0,419207.79295088595
9046,Ridge,3,329800.0,258536.47577328456
9507,Ridge,3,490000.0,374287.0080949866
9703,Ridge,3,449000.0,410093.7196542234
9920,Ridge,3,535000.0,822200.6456755097
10145,Ridge,3,493500.0,531178.7265276036
10302,Ridge,3,464000.0,550510.7171304337
10811,Ridge,3,442500.0,348982.9625725262
10922,Ridge,3,215000.0,177901.18370372738
10962,Ridge,3,271000.0,343996.3566077085
12671,Ridge,3,686500.0,754162.8936095214
12911,Ridge,3,818000.0,1001784.2920987143
13077,Ridge,3,385000.0,392449.93228015106
13926,Ridge,3,240000.0,198848.91495295078
14618,Ridge,3,666000.0,531931.5197095455
15198,Ridge,3,426500.0,306876.61818413826
15498,Ridge,3,352900.0,383866.32738525455
15500,Ridge,3,360000.0,286856.7190822578
15824,Ridge,3,359900.0,541967.6253583339
15959,Ridge,3,222000.0,280238.6963315832
16534,Ridge,3,485000.0,424193.8737337515
16750,Ridge,3,800000.0,783794.0700890551
17263,Ridge,3,613500.0,616779.1968622056
17644,Ridge,3,239950.0,192306.70595304505
18047,Ridge,3,240000.0,316902.3230890693
18280,Ridge,3,750000.0,852964.3236774877
19014,Ridge,3,717500.0,666861.925613674
20274,Ridge,3,313200.0,236019.83911340276
20643,Ridge,3,640000.0,699916.6990421136
20804,Ridge,3,419900.0,438391.25501331297
607,Ridge,3,443500.0,293673.9722267161
1115,Ridge,3,262000.0,232218.9045077728
1134,Ridge,3,303000.0,229837.05509009582
1418,Ridge,3,530000.0,386748.2424903668
2197,Ridge,3,311750.0,273029.9533136581
2634,Ridge,3,590000.0,837087.2682547735
2752,Ridge,3,856000.0,689013.8719996465
3830,Ridge,3,414250.0,325865.2553915576
3884,Ridge,3,440000.0,775227.785625552
4493,Ridge,3,393000.0,415488.263814401
4757,Ridge,3,1465000.0,889062.9947757944
4919,Ridge,3,620000.0,651875.2453181952
5017,Ridge,3,219950.0,111658.02093758073
5686,Ridge,3,203000.0,100014.32041090919
5777,Ridge,3,225000.0,146087.35420759313
6010,Ridge,3,455000.0,360022.35287996253
6354,Ridge,3,299900.0,237969.57979131304
6377,Ridge,3,800000.0,797238.9431067905
6392,Ridge,3,800000.0,1211200.4605382099
6446,Ridge,3,474905.0,397784.7825787701
6649,Ridge,3,750000.0,675568.6126033291
6960,Ridge,3,475000.0,386630.3111058215
7179,Ridge,3,470000.0,278363.5965334629
7537,Ridge,3,410000.0,522056.68693236297
9139,Ridge,3,557510.0,570977.5052533958
9373,Ridge,3,259000.0,210248.81244259846
9418,Ridge,3,565000.0,574642.3268409279
9789,Ridge,3,900000.0,1057576.9836001256
9790,Ridge,3,680200.0,670637.3232118705
9856,Ridge,3,629000.0,1089863.9220889672
9869,Ridge,3,176000.0,184044.39316540147
10728,Ridge,3,360000.0,486291.9293235802
10810,Ridge,3,175000.0,94851.5761846102
11808,Ridge,3,225000.0,17878.114520436095
12346,Ridge,3,390000.0,326180.3659376205
12492,Ridge,3,475000.0,385836.22214871366
12497,Ridge,3,366400.0,336713.05235319387
13014,Ridge,3,365000.0,369864.943494295
13340,Ridge,3,510000.0,510593.2401993106
14305,Ridge,3,848000.0,963743.9378832802
15326,Ridge,3,295000.0,276785.92749683827
16763,Ridge,3,829000.0,774006.2258983336
17058,Ridge,3,637500.0,610432.7192467542
17382,Ridge,3,499950.0,453771.24795582186
17647,Ridge,3,1550000.0,1400889.6319496543
17744,Ridge,3,635000.0,902617.2614515624
17835,Ridge,3,555000.0,592359.3151162817
19678,Ridge,3,425000.0,415209.58045911184
19860,Ridge,3,293467.0,249022.04241305345
20497,Ridge,3,599950.0,495636.3334429925
21035,Ridge,3,605000.0,529187.6887990069
4609,Ridge,3,293000.0,435478.1695408682
18247,Ridge,3,270000.0,278995.0127511784
19631,Ridge,3,380000.0,284555.7424123503
287,Ridge,3,405000.0,384627.3055947017
310,Ridge,3,834000.0,871046.0979380875
774,Ridge,3,390000.0,418640.29584962863
946,Ridge,3,260000.0,167430.34000899288
1222,Ridge,3,130000.0,480720.546192965
1282,Ridge,3,2260000.0,1470886.797155491
2138,Ridge,3,400000.0,447404.69726103893
3475,Ridge,3,417000.0,640484.3355381989
3729,Ridge,3,866500.0,705659.8235857317
4285,Ridge,3,215000.0,175593.6769240668
4300,Ridge,3,340000.0,253654.5790923714
5386,Ridge,3,214000.0,253013.44783416187
5509,Ridge,3,1086000.0,839533.2095854459
6501,Ridge,3,1940000.0,2098511.695001835
6573,Ridge,3,366000.0,415325.05402044556
6809,Ridge,3,275000.0,203128.98118209385
7340,Ridge,3,565000.0,708791.3460840215
7542,Ridge,3,1050000.0,1066238.4535546394
8698,Ridge,3,500000.0,561697.1510598143
8774,Ridge,3,835000.0,739712.9087747291
8817,Ridge,3,465000.0,470007.20671418693
9417,Ridge,3,375000.0,913972.6457997035
9457,Ridge,3,411000.0,528915.3011323789
9458,Ridge,3,762500.0,784509.0697099965
9679,Ridge,3,1695000.0,1368730.6398942736
9819,Ridge,3,475000.0,516197.6191950243
9996,Ridge,3,262000.0,196139.46720462095
10185,Ridge,3,275000.0,388795.35571935284
10541,Ridge,3,1165000.0,1109641.0739008833
10895,Ridge,3,297262.0,223769.8551984608
11267,Ridge,3,1600000.0,1452207.6714705648
11567,Ridge,3,315000.0,294247.20958469115
12272,Ridge,3,432500.0,502336.9043314105
12350,Ridge,3,1650000.0,1304791.987357895
12534,Ridge,3,530000.0,666111.691947605
12726,Ridge,3,485000.0,570523.6883523844
13085,Ridge,3,599380.0,466715.0732396225
13583,Ridge,3,315000.0,207298.4997076986
13765,Ridge,3,216000.0,167323.1577110403
14812,Ridge,3,925000.0,949489.381038002
14844,Ridge,3,220000.0,123658.79790527187
14846,Ridge,3,648000.0,625964.0546772043
15458,Ridge,3,208000.0,134722.6147283413
17135,Ridge,3,146000.0,101623.49657062814
17518,Ridge,3,265000.0,186060.38161359017
17932,Ridge,3,637000.0,671595.5098629901
18074,Ridge,3,259000.0,302213.5571613134
18086,Ridge,3,925000.0,692706.6775044427
18847,Ridge,3,265000.0,283878.53316356963
19023,Ridge,3,565000.0,567643.7835913356
19646,Ridge,3,348000.0,318785.1039491572
20313,Ridge,3,305000.0,269617.5794457971
20366,Ridge,3,635000.0,672549.8983015548
20631,Ridge,3,380000.0,418185.9026605904
21020,Ridge,3,450000.0,530247.3516849147
21346,Ridge,3,825750.0,737054.8087812001
175,Ridge,3,425000.0,442729.5198191053
489,Ridge,3,1280000.0,851704.8609092871
504,Ridge,3,280000.0,303006.01453061437
830,Ridge,3,595000.0,797510.9608161239
1091,Ridge,3,448000.0,342734.60059152864
1741,Ridge,3,372000.0,469991.3922592577
2082,Ridge,3,822500.0,895254.0928511805
2421,Ridge,3,525000.0,445683.9879523186
2489,Ridge,3,353000.0,436564.8092620117
2846,Ridge,3,593500.0,837087.3732874035
2993,Ridge,3,604000.0,599791.7243956916
3682,Ridge,3,430000.0,586763.631914825
4078,Ridge,3,940000.0,1579919.6324693228
4641,Ridge,3,898000.0,893954.7633424051
5748,Ridge,3,339000.0,524666.2243759606
6715,Ridge,3,602000.0,552006.4283412712
7346,Ridge,3,1525000.0,1548340.4482322144
7357,Ridge,3,325000.0,350549.15542110987
7446,Ridge,3,277000.0,366432.37580321694
7884,Ridge,3,278800.0,399915.3367544415
7909,Ridge,3,634000.0,645131.0253394428
8228,Ridge,3,342888.0,211469.56862902374
9026,Ridge,3,565000.0,551224.6861942203
9249,Ridge,3,1115000.0,1038142.0096101376
9498,Ridge,3,875000.0,926815.2920969405
9689,Ridge,3,280000.0,436644.5780457462
9702,Ridge,3,305000.0,264477.87566055823
10469,Ridge,3,1050000.0,816833.9823897978
10510,Ridge,3,250000.0,302225.38568474655
10818,Ridge,3,318000.0,297696.7884017229
10889,Ridge,3,435000.0,422191.53342521226
10896,Ridge,3,735000.0,600943.9248337199
11347,Ridge,3,535000.0,550205.5648634871
12688,Ridge,3,610000.0,409146.62520080456
12833,Ridge,3,599000.0,582803.9123685744
12942,Ridge,3,173000.0,221635.66964495328
13011,Ridge,3,600000.0,667772.6347673546
13250,Ridge,3,1075000.0,1134802.0200836568
13263,Ridge,3,466200.0,451960.02743847365
13990,Ridge,3,940000.0,935399.1045677648
15117,Ridge,3,345000.0,281768.8065286734
15200,Ridge,3,615000.0,546712.5738012069
15693,Ridge,3,645000.0,718612.3124136894
15985,Ridge,3,447000.0,274348.22414202365
16557,Ridge,3,631000.0,433900.65529490006
17389,Ridge,3,525000.0,561015.0118115384
18022,Ridge,3,539950.0,574613.7932711833
18354,Ridge,3,545000.0,481928.90834631474
18669,Ridge,3,495000.0,535062.8602612747
19410,Ridge,3,620000.0,548052.5740547071
19668,Ridge,3,340000.0,532484.0145170162
20911,Ridge,3,526000.0,533624.2034357495
21112,Ridge,3,542300.0,607143.8289029164
21253,Ridge,3,671500.0,540247.9630012704
257,Ridge,3,315000.0,289406.9351000323
873,Ridge,3,785000.0,877288.2678440925
1513,Ridge,3,190000.0,150785.83661355072
1852,Ridge,3,386500.0,392693.95244361344
1914,Ridge,3,411753.0,388698.4524272017
1931,Ridge,3,598800.0,921839.2148436238
2120,Ridge,3,723000.0,696231.137989802
2565,Ridge,3,1650000.0,1316463.2193556572
2909,Ridge,3,476000.0,452037.83942477824
3042,Ridge,3,362000.0,152805.86799766688
3334,Ridge,3,340000.0,440948.7974559926
3854,Ridge,3,756000.0,1104707.1058492884
4123,Ridge,3,235000.0,230657.10722655663
4173,Ridge,3,1191000.0,1157682.1264047732
4767,Ridge,3,600000.0,523749.0698150728
4905,Ridge,3,186000.0,130648.69654973975
5229,Ridge,3,760000.0,1061222.3187556337
5479,Ridge,3,111300.0,98589.7535893076
6700,Ridge,3,468000.0,563047.1372288675
8701,Ridge,3,249950.0,172102.96349021757
9251,Ridge,3,660000.0,670765.3428709719
10367,Ridge,3,355000.0,407841.09910050605
10658,Ridge,3,417000.0,420954.6563441569
11249,Ridge,3,246900.0,239730.2006519657
11265,Ridge,3,257000.0,139225.03697418445
11463,Ridge,3,199000.0,248228.82676273002
11611,Ridge,3,550000.0,495565.4520287632
11757,Ridge,3,160000.0,293803.0617813188
12087,Ridge,3,249500.0,263926.0630989532
12722,Ridge,3,325000.0,145681.76230091276
13484,Ridge,3,447000.0,413659.7449647714
13808,Ridge,3,300000.0,176781.08388278307
14323,Ridge,3,549010.0,547238.7129597842
14351,Ridge,3,319500.0,202972.5129085987
14517,Ridge,3,345000.0,369772.18524511263
15196,Ridge,3,550000.0,666065.8400341811
15598,Ridge,3,383000.0,610487.1927399903
15610,Ridge,3,140000.0,99939.77881894604
15776,Ridge,3,546000.0,296612.1524740857
16183,Ridge,3,480000.0,582133.0085270981
16261,Ridge,3,380000.0,315576.3658271237
16315,Ridge,3,267000.0,300580.3442709399
16379,Ridge,3,189000.0,195522.73612219107
16449,Ridge,3,822600.0,868485.673038539
16540,Ridge,3,419625.0,562327.3708149738
17277,Ridge,3,220000.0,209851.60136691522
17477,Ridge,3,293000.0,92488.6740532387
18182,Ridge,3,900000.0,637086.1378731321
18356,Ridge,3,299950.0,218922.1972716474
18391,Ridge,3,230000.0,143308.86523803836
18751,Ridge,3,259000.0,114723.79325502383
18833,Ridge,3,640500.0,529766.6897102465
18876,Ridge,3,1500000.0,1047924.3925605254
19287,Ridge,3,316000.0,258113.96719007424
19356,Ridge,3,454000.0,541868.0989720571
19720,Ridge,3,327555.0,389317.1605234465
19879,Ridge,3,909500.0,1051258.351579883
20378,Ridge,3,889950.0,863667.2431564223
20689,Ridge,3,275000.0,159087.11739887646
20720,Ridge,3,287450.0,243615.50269931508
21217,Ridge,3,391000.0,349075.7773228928
245,Ridge,3,363000.0,516773.96850099834
414,Ridge,3,339000.0,532987.4161248793
881,Ridge,3,200000.0,387532.64788335445
1451,Ridge,3,302000.0,279361.1170892057
1569,Ridge,3,797000.0,930993.2102905053
2624,Ridge,3,677100.0,689966.802266367
2810,Ridge,3,175000.0,185816.15810689243
2994,Ridge,3,570000.0,734134.3317662216
3761,Ridge,3,1905000.0,2372943.75911099
4980,Ridge,3,860000.0,680222.3280197226
4981,Ridge,3,147200.0,184273.6206457406
5737,Ridge,3,325000.0,260978.39339363755
5848,Ridge,3,572500.0,595232.2477908923
6487,Ridge,3,410000.0,565195.7417909335
6698,Ridge,3,185000.0,81472.36020158377
7093,Ridge,3,309000.0,244979.24844091013
7500,Ridge,3,614905.0,607942.6703439596
7577,Ridge,3,363000.0,324608.3319051666
8134,Ridge,3,565000.0,509524.99670797685
8174,Ridge,3,1625000.0,1417288.3768922186
8311,Ridge,3,500000.0,532591.982867638
8315,Ridge,3,542000.0,484917.064879394
8435,Ridge,3,520000.0,490278.7448338658
9163,Ridge,3,275000.0,93968.88751746423
11072,Ridge,3,290000.0,393079.3302624612
11154,Ridge,3,770000.0,1102430.5710013523
11493,Ridge,3,225000.0,150300.66010750266
11637,Ridge,3,178500.0,39581.733083140396
12160,Ridge,3,601500.0,633197.3806313109
12758,Ridge,3,505000.0,571182.7369335629
12767,Ridge,3,452500.0,414428.00672318053
13547,Ridge,3,250000.0,230686.36592008802
13668,Ridge,3,557000.0,497884.7208767289
14282,Ridge,3,660000.0,678556.4082215205
14705,Ridge,3,315000.0,281775.80839993083
15013,Ridge,3,265000.0,235276.13458522208
15258,Ridge,3,3065000.0,1637770.3821018268
15286,Ridge,3,1120280.0,980937.7505893209
15669,Ridge,3,570000.0,695696.4223187362
17040,Ridge,3,420000.0,330355.28633238474
18078,Ridge,3,363000.0,423058.76092139585
19320,Ridge,3,746000.0,988449.5035595419
19777,Ridge,3,2641100.0,1899408.0167320522
19835,Ridge,3,695000.0,732843.3446926931
20447,Ridge,3,356999.0,433843.319092944
20934,Ridge,3,880000.0,957190.5542638081
21106,Ridge,3,380950.0,338961.87476169376
21164,Ridge,3,375900.0,399048.8532261242
38,Ridge,3,240000.0,73611.06465248292
471,Ridge,3,868700.0,1052982.8963930868
594,Ridge,3,360000.0,245068.07268373697
876,Ridge,3,147500.0,218344.7748385133
1129,Ridge,3,369000.0,410464.98287497694
1511,Ridge,3,390000.0,241840.38790191588
2013,Ridge,3,387500.0,314624.2767654238
2239,Ridge,3,205000.0,212550.01835497352
3066,Ridge,3,400000.0,385842.34558037284
3303,Ridge,3,334000.0,402267.6817135626
3607,Ridge,3,502500.0,454694.43020785775
3685,Ridge,3,641000.0,931883.8286373111
3842,Ridge,3,576750.0,592386.1979332347
3882,Ridge,3,265000.0,163533.33594399638
3981,Ridge,3,310597.0,227525.01278303005
4061,Ridge,3,725000.0,773954.1188161534
4740,Ridge,3,190000.0,132592.99867796537
4770,Ridge,3,196900.0,86512.35215975315
5020,Ridge,3,798750.0,655419.4492432657
6776,Ridge,3,425000.0,444277.4416375704
6832,Ridge,3,428000.0,444442.91430231783
6845,Ridge,3,607500.0,596503.1205198319
7024,Ridge,3,802500.0,525312.521656744
7392,Ridge,3,584999.0,460579.03749591357
8198,Ridge,3,610000.0,587275.9506121346
8614,Ridge,3,575700.0,579765.2918393728
9175,Ridge,3,1955000.0,1960086.76077715
9490,Ridge,3,328000.0,292798.9990654567
9677,Ridge,3,607500.0,577500.8850111982
9722,Ridge,3,680000.0,788411.1563684817
9914,Ridge,3,1315000.0,1131624.9516905467
10135,Ridge,3,338000.0,370261.19629494863
10207,Ridge,3,383150.0,354516.36362494144
10678,Ridge,3,269100.0,307814.83524381847
10966,Ridge,3,411500.0,324366.2310320996
11022,Ridge,3,467500.0,411489.98719434236
11062,Ridge,3,570000.0,376419.4614960461
11216,Ridge,3,435000.0,555295.7680230432
11536,Ridge,3,550000.0,409818.36796952435
12245,Ridge,3,600000.0,545404.2493931587
12273,Ridge,3,432000.0,478076.7047265268
12941,Ridge,3,310000.0,256637.9937600474
13301,Ridge,3,241000.0,75797.92904549703
13703,Ridge,3,360500.0,352824.5059976508
13841,Ridge,3,355000.0,308873.99119702494
14040,Ridge,3,455000.0,407997.06263278075
14562,Ridge,3,279000.0,107662.07281765528
14991,Ridge,3,536000.0,505859.501887888
15226,Ridge,3,678700.0,672545.3315225041
15280,Ridge,3,329000.0,175775.4823614374
15618,Ridge,3,605000.0,650235.77329361
15639,Ridge,3,334950.0,307241.6468911993
15855,Ridge,3,312000.0,357269.2738187522
15943,Ridge,3,305000.0,312310.3549134757
16037,Ridge,3,660000.0,587857.78739227
16071,Ridge,3,340000.0,366961.67030257755
16257,Ridge,3,311500.0,293431.9021289393
17473,Ridge,3,710000.0,701115.9778945388
17600,Ridge,3,1284000.0,1231610.6884846734
18373,Ridge,3,655000.0,638903.697838417
18544,Ridge,3,625000.0,588472.4739467554
19010,Ridge,3,810000.0,1011482.0639003274
19081,Ridge,3,560000.0,530998.0033529598
19274,Ridge,3,685000.0,725970.1247059985
19811,Ridge,3,949990.0,973137.7631916625
19853,Ridge,3,318000.0,242390.67331555815
21264,Ridge,3,722000.0,519920.1066475359
21412,Ridge,3,334950.0,308447.2870693073
1392,Ridge,3,325000.0,281291.26484953356
11142,Ridge,3,605000.0,695346.0404903797
13078,Ridge,3,815000.0,832578.3047612364
17236,Ridge,3,219000.0,178560.9837017883
4085,Ridge,3,555750.0,202174.47837456362
7069,Ridge,3,750000.0,775830.663648299
7137,Ridge,3,510000.0,612542.6341520911
14373,Ridge,3,550700.0,663896.915945377
18283,Ridge,3,425000.0,469104.2397922604
19370,Ridge,3,199900.0,247726.9965274671
51,Ridge,3,345000.0,572500.5272348678
305,Ridge,3,725000.0,929617.4641559422
1149,Ridge,3,75000.0,-184707.0343405077
1427,Ridge,3,470000.0,476931.7233379219
1758,Ridge,3,600000.0,607114.8034862995
1887,Ridge,3,410500.0,540047.0807705901
1923,Ridge,3,315000.0,330091.3396331683
2324,Ridge,3,437000.0,443914.967583391
2422,Ridge,3,562000.0,542073.5738133901
2854,Ridge,3,856000.0,790110.2998631161
2881,Ridge,3,149900.0,193056.05061572877
3041,Ridge,3,530000.0,643453.7154804282
3313,Ridge,3,428000.0,440696.10110109876
3440,Ridge,3,355000.0,316729.572382931
3466,Ridge,3,749700.0,448541.86560136493
3565,Ridge,3,405000.0,325359.50985657325
3673,Ridge,3,464500.0,551126.3790807101
5042,Ridge,3,515000.0,489148.0536947177
5230,Ridge,3,532500.0,464571.88299248426
5773,Ridge,3,810000.0,1106141.2233188218
6118,Ridge,3,325000.0,330500.99184110103
6201,Ridge,3,275000.0,159465.11060323543
6283,Ridge,3,675000.0,684135.0207888982
6682,Ridge,3,325500.0,355686.87579748966
6933,Ridge,3,435000.0,260771.89299425375
7378,Ridge,3,323000.0,338979.1563657946
7475,Ridge,3,396480.0,238363.14331142884
7528,Ridge,3,290000.0,197963.7899111788
7926,Ridge,3,279950.0,239018.2217095212
7999,Ridge,3,199000.0,166845.1639302437
9063,Ridge,3,439000.0,643404.1646676892
10512,Ridge,3,400000.0,437080.2945204541
10670,Ridge,3,547000.0,381747.9612564093
11077,Ridge,3,630000.0,716209.140652128
11134,Ridge,3,220000.0,247800.42850441323
11165,Ridge,3,850000.0,898341.14607719
11171,Ridge,3,319000.0,292129.0241170955
11489,Ridge,3,429900.0,378236.60427627387
11504,Ridge,3,398500.0,464064.01703668036
12289,Ridge,3,156601.0,176587.2749149407
12384,Ridge,3,570500.0,590400.2791342147
12602,Ridge,3,227490.0,293120.3181944389
12887,Ridge,3,340000.0,448806.0204492188
12950,Ridge,3,250000.0,165677.65969087684
12991,Ridge,3,350000.0,265954.25583645736
13091,Ridge,3,915000.0,1175141.4632669252
13216,Ridge,3,579000.0,543269.3988181121
13387,Ridge,3,260000.0,302429.18308137427
14146,Ridge,3,590000.0,675347.1425134299
14248,Ridge,3,230000.0,231876.39686476605
14936,Ridge,3,335000.0,269594.83077462483
15867,Ridge,3,257500.0,250851.04974189607
15914,Ridge,3,325000.0,280253.56755335856
16001,Ridge,3,500000.0,382639.14004443324
16174,Ridge,3,425000.0,534771.6437413524
16246,Ridge,3,400000.0,317006.9848129665
16532,Ridge,3,407000.0,366434.9943032224
16915,Ridge,3,137000.0,136359.95890877157
17521,Ridge,3,1200000.0,981172.4908984783
17597,Ridge,3,565000.0,633230.0414659227
17765,Ridge,3,410000.0,374393.4019814595
17935,Ridge,3,590000.0,851035.2807564763
18628,Ridge,3,1600000.0,1283337.8377562899
19092,Ridge,3,279475.0,104649.92946524557
19165,Ridge,3,348125.0,336029.22334071697
19245,Ridge,3,403000.0,526600.2435894139
20318,Ridge,3,540000.0,448094.1147104158
20398,Ridge,3,539000.0,491725.93577605335
21528,Ridge,3,585000.0,553570.297397464
4,Ridge,3,510000.0,462727.7595406575
534,Ridge,3,204000.0,127728.92124510219
535,Ridge,3,358000.0,234098.95521829693
540,Ridge,3,2125000.0,2243976.328114941
824,Ridge,3,431000.0,409169.13014353387
904,Ridge,3,300000.0,232416.48977878928
1302,Ridge,3,285000.0,265444.99688053044
1626,Ridge,3,169317.0,806483.709076406
1900,Ridge,3,330000.0,156791.75928952452
1920,Ridge,3,265000.0,165724.60095804709
2185,Ridge,3,700000.0,700698.6331652065
2327,Ridge,3,446500.0,613555.2350609667
2770,Ridge,3,604000.0,722231.2457192092
2773,Ridge,3,509250.0,547595.1855203791
3039,Ridge,3,2298000.0,1570173.4048014034
3224,Ridge,3,270000.0,364570.5675875553
3525,Ridge,3,277500.0,207433.09069456992
3642,Ridge,3,593700.0,508807.09759570454
3889,Ridge,3,341500.0,480848.5425690993
3894,Ridge,3,422500.0,295106.66026667
4271,Ridge,3,394900.0,384397.3459183858
4784,Ridge,3,470000.0,471899.59625725186
4807,Ridge,3,437500.0,455658.4131326636
4864,Ridge,3,175000.0,346616.3061538589
5145,Ridge,3,529888.0,619494.4000688416
5268,Ridge,3,495000.0,535714.4236982414
5482,Ridge,3,550000.0,650193.3318839974
5868,Ridge,3,490000.0,574579.911129145
5886,Ridge,3,1200000.0,1344116.487661399
5925,Ridge,3,450000.0,336180.41062950704
6115,Ridge,3,310000.0,256341.10003496148
6560,Ridge,3,475000.0,505154.5188644037
7314,Ridge,3,295000.0,409560.0493031559
7317,Ridge,3,286000.0,329706.4691331936
7820,Ridge,3,265000.0,187424.7492463634
7974,Ridge,3,285000.0,176932.38935778482
8040,Ridge,3,440000.0,443622.8246050505
8051,Ridge,3,590000.0,666449.423952538
8104,Ridge,3,444950.0,312656.80775311624
8216,Ridge,3,555000.0,711483.5330756467
9664,Ridge,3,1093000.0,1136759.4532073126
9675,Ridge,3,460500.0,426632.6963837279
10128,Ridge,3,290000.0,162439.06760019105
10693,Ridge,3,280500.0,207117.76956506603
10712,Ridge,3,428000.0,489892.7365978123
10950,Ridge,3,665000.0,706001.2115580989
11243,Ridge,3,640000.0,763220.9742225464
11844,Ridge,3,770000.0,1411381.5449727024
11855,Ridge,3,1475000.0,1367758.4441696946
11881,Ridge,3,380000.0,345802.65105216374
11917,Ridge,3,406250.0,521504.3162611684
12082,Ridge,3,325000.0,285959.01986727584
12369,Ridge,3,685000.0,923405.4318821719
12500,Ridge,3,162000.0,196105.00348595873
12573,Ridge,3,370000.0,444610.0806431781
12653,Ridge,3,320000.0,304309.7992120865
12707,Ridge,3,245000.0,141088.05216068798
13317,Ridge,3,580000.0,591063.8746064685
13545,Ridge,3,896000.0,916236.9112771659
13560,Ridge,3,290000.0,307258.7601703286
13742,Ridge,3,325000.0,332998.2271040888
14813,Ridge,3,554000.0,540622.1330513188
14874,Ridge,3,234950.0,202022.97114136547
15680,Ridge,3,799990.0,798188.8230260687
16383,Ridge,3,415000.0,374001.6884205135
16486,Ridge,3,249500.0,167031.3497944356
16541,Ridge,3,435000.0,497354.2734570556
16706,Ridge,3,213500.0,388149.84067910234
17196,Ridge,3,425000.0,314176.08668167
17291,Ridge,3,624900.0,555750.8723131511
17675,Ridge,3,325000.0,392638.66877296777
17725,Ridge,3,575000.0,517576.1466721904
17915,Ridge,3,227000.0,299356.86244826246
18254,Ridge,3,225000.0,359202.6446169622
18720,Ridge,3,475000.0,238904.37290631534
19185,Ridge,3,324950.0,337981.4273223823
19250,Ridge,3,260000.0,192256.97474790394
19281,Ridge,3,781500.0,824368.1439123743
19316,Ridge,3,221347.0,160729.94779022923
19547,Ridge,3,945000.0,897429.3185447676
19682,Ridge,3,720000.0,678517.1357042877
19733,Ridge,3,489000.0,586604.733424816
19882,Ridge,3,622500.0,485697.91875130666
20828,Ridge,3,1900000.0,997191.9779736334
20924,Ridge,3,400000.0,262802.0844687888
21127,Ridge,3,365000.0,333760.2538739893
166,Ridge,3,269950.0,92723.65167297953
1221,Ridge,3,330000.0,367436.4846082862
1291,Ridge,3,170000.0,193462.04083997884
1416,Ridge,3,241000.0,183867.46665807924
2300,Ridge,3,357000.0,509323.35222683026
2725,Ridge,3,298500.0,182825.42328674818
3108,Ridge,3,89950.0,48429.96575604373
3155,Ridge,3,700000.0,694312.7318509847
3389,Ridge,3,895000.0,604592.6600247918
4067,Ridge,3,373000.0,451732.19627805793
4274,Ridge,3,858000.0,979558.4670478635
4541,Ridge,3,700000.0,597861.1288055251
4949,Ridge,3,329999.0,527912.4948713423
5133,Ridge,3,770000.0,839105.6995469183
5549,Ridge,3,630000.0,632677.8206360086
5735,Ridge,3,990400.0,1112774.6275358938
6597,Ridge,3,425000.0,454539.19871945004
6757,Ridge,3,415000.0,465363.98403352156
6810,Ridge,3,256400.0,157829.39678752888
6907,Ridge,3,655000.0,611229.5919838028
6943,Ridge,3,650000.0,644334.0930160262
6995,Ridge,3,385000.0,333285.11381698825
7210,Ridge,3,615000.0,690229.0251026975
7494,Ridge,3,841000.0,870664.5591292165
7513,Ridge,3,435000.0,301748.573930087
7530,Ridge,3,935000.0,469037.6101010553
7605,Ridge,3,518000.0,541865.7103590545
7744,Ridge,3,258000.0,220103.70312235493
7819,Ridge,3,250000.0,204033.80478548718
8203,Ridge,3,330000.0,316193.72744096565
8385,Ridge,3,751000.0,676204.3700057011
8570,Ridge,3,189000.0,40271.86469150992
8595,Ridge,3,245000.0,235536.2331292184
8653,Ridge,3,289900.0,115608.80295835756
8708,Ridge,3,417200.0,427980.04839056084
9135,Ridge,3,570000.0,587701.8873000684
9224,Ridge,3,529000.0,595705.9995383872
9259,Ridge,3,485000.0,333029.4856681117
10020,Ridge,3,435000.0,350457.6443306769
10089,Ridge,3,383610.0,284469.96262614103
10336,Ridge,3,750000.0,755419.8824912452
11145,Ridge,3,877500.0,790922.1087057745
12075,Ridge,3,156000.0,-43745.6795815262
12435,Ridge,3,340000.0,264476.9818614215
12691,Ridge,3,689000.0,694173.0969873113
13114,Ridge,3,535000.0,452213.1923892697
13126,Ridge,3,346000.0,190966.76739673864
13194,Ridge,3,245000.0,222368.1112888552
13382,Ridge,3,530000.0,520834.62514089805
13398,Ridge,3,461000.0,387933.47572941706
13722,Ridge,3,1160000.0,981644.510648272
13835,Ridge,3,245000.0,319689.70356316795
14337,Ridge,3,800500.0,652287.0675231417
14653,Ridge,3,560000.0,623807.2596139954
14770,Ridge,3,110000.0,7498.887811494991
14903,Ridge,3,638000.0,740849.9063929813
15950,Ridge,3,325000.0,271993.06710505136
16211,Ridge,3,260000.0,135534.88747449132
17011,Ridge,3,420000.0,438187.09095450153
17048,Ridge,3,208000.0,142075.89059968235
17187,Ridge,3,531800.0,434133.2734566147
17283,Ridge,3,529000.0,465449.1307814752
17664,Ridge,3,315000.0,178539.90604376316
18144,Ridge,3,760000.0,773443.6003337937
18509,Ridge,3,705640.0,750104.7132505653
18889,Ridge,3,410000.0,378778.03093155916
19434,Ridge,3,710000.0,839343.0613019252
19438,Ridge,3,375000.0,392737.0905569314
20181,Ridge,3,645000.0,633710.8537431224
20337,Ridge,3,550000.0,477016.6930185172
20867,Ridge,3,299000.0,193797.38101089222
21050,Ridge,3,900000.0,2006201.265567217
21422,Ridge,3,386950.0,334168.81715745426
21539,Ridge,3,338500.0,416725.93646384776
21607,Ridge,3,475000.0,442881.60664639436
1038,Ridge,3,380000.0,314247.71148095134
1103,Ridge,3,195000.0,93178.72659769305
1472,Ridge,3,519500.0,297539.95022320526
1637,Ridge,3,440000.0,408975.1553191433
1773,Ridge,3,305000.0,354606.7325077273
2440,Ridge,3,520000.0,585539.0854925415
2469,Ridge,3,290000.0,498196.0355660355
2733,Ridge,3,278500.0,124817.105715134
3163,Ridge,3,415000.0,310392.6909830612
3690,Ridge,3,132500.0,83202.81877484935
3978,Ridge,3,350000.0,490594.2967635432
3994,Ridge,3,425000.0,460642.3147917355
4326,Ridge,3,289500.0,256645.23324453036
4496,Ridge,3,327000.0,225526.24677897745
4630,Ridge,3,369900.0,705886.4644184294
4921,Ridge,3,690000.0,737111.0020681638
5081,Ridge,3,643000.0,413957.1699006416
5130,Ridge,3,300000.0,299916.9732080876
5134,Ridge,3,255000.0,212809.5042818209
5468,Ridge,3,257500.0,239171.57573189287
5493,Ridge,3,325000.0,239081.73682272207
6061,Ridge,3,199000.0,90894.0596844593
6091,Ridge,3,540000.0,617074.9834072484
6301,Ridge,3,248000.0,171550.22583342902
6824,Ridge,3,220000.0,157012.7653136241
7159,Ridge,3,430000.0,368180.5059123071
7565,Ridge,3,236775.0,266464.4476926484
7785,Ridge,3,210000.0,131586.65198356134
8301,Ridge,3,306500.0,231133.44717763443
8908,Ridge,3,998000.0,1252356.747159406
9212,Ridge,3,205000.0,252932.8661764991
9420,Ridge,3,246000.0,251637.41349462455
9634,Ridge,3,290000.0,257581.95724165317
9975,Ridge,3,234000.0,197184.8212331395
10320,Ridge,3,365000.0,204099.97510633705
10404,Ridge,3,965000.0,976225.6903077711
10699,Ridge,3,705000.0,629896.2596227555
11254,Ridge,3,522500.0,502519.7021748474
11432,Ridge,3,745000.0,620280.5448218408
11522,Ridge,3,650000.0,961589.412643103
11552,Ridge,3,252000.0,180924.68259597942
11669,Ridge,3,300000.0,239195.67691602727
11781,Ridge,3,265000.0,224718.50467162498
12309,Ridge,3,270000.0,281223.68647582864
12358,Ridge,3,324950.0,202127.59298483864
12362,Ridge,3,285000.0,87617.86471273296
12541,Ridge,3,550000.0,650395.8944640992
12810,Ridge,3,302000.0,550913.911125872
12818,Ridge,3,1313000.0,1114160.8016756077
13036,Ridge,3,413000.0,380329.16616768966
13592,Ridge,3,230000.0,321478.3108995573
13609,Ridge,3,575000.0,572529.5567901192
14808,Ridge,3,1050000.0,1046941.2831751864
15549,Ridge,3,565000.0,441543.7392177119
15954,Ridge,3,819000.0,527307.6740049536
16356,Ridge,3,190000.0,194651.6107404622
16764,Ridge,3,450000.0,582680.0257190219
17330,Ridge,3,460000.0,228525.22686273744
17696,Ridge,3,709000.0,670989.140446221
18719,Ridge,3,295000.0,342837.9461569238
19349,Ridge,3,708000.0,745427.9558230633
19537,Ridge,3,590000.0,681408.5753050875
19787,Ridge,3,439950.0,451181.40196851356
19869,Ridge,3,625250.0,588717.2826453063
19994,Ridge,3,260000.0,180322.98544904788
20185,Ridge,3,429900.0,419222.6238886381
20618,Ridge,3,610000.0,706760.2208942447
21023,Ridge,3,286000.0,193054.3196828874
21071,Ridge,3,1080000.0,825300.3633648977
21216,Ridge,3,369500.0,335063.92022823764
21307,Ridge,3,331000.0,271231.0289873721
21430,Ridge,3,700000.0,520177.9418683552
216,Ridge,3,1505000.0,1286412.1206294661
2625,Ridge,3,465000.0,386875.72186391184
4073,Ridge,3,761000.0,892292.3705383856
452,Ridge,3,232000.0,156014.9024437731
6432,Ridge,3,279950.0,467327.91764434095
7363,Ridge,3,269000.0,181781.21284346614
12222,Ridge,3,490000.0,428228.0691018979
14438,Ridge,3,269950.0,222782.05522581097
15231,Ridge,3,467500.0,476148.36859513976
16190,Ridge,3,264500.0,235293.59709398187
18200,Ridge,3,1063000.0,1164863.1422881335
19445,Ridge,3,490000.0,557539.8754670343
19892,Ridge,3,390000.0,548038.4810568185
20050,Ridge,3,379900.0,494797.2850012763
20121,Ridge,3,635000.0,723891.7197853217
21376,Ridge,3,365000.0,356800.90579869837
59,Ridge,3,430000.0,370181.78277965117
1797,Ridge,3,212000.0,247390.64845105965
1801,Ridge,3,615000.0,689068.0910257781
2252,Ridge,3,340000.0,336849.5089361982
3977,Ridge,3,635000.0,564125.2578066186
4655,Ridge,3,390000.0,550598.8817967082
4889,Ridge,3,325000.0,442125.53900979285
5136,Ridge,3,690700.0,625762.6231204026
5266,Ridge,3,605000.0,662868.5581716788
5583,Ridge,3,357500.0,312515.93301418284
5653,Ridge,3,350000.0,283158.34147532604
5855,Ridge,3,775000.0,611994.47707642
5983,Ridge,3,458500.0,416800.7292491681
6137,Ridge,3,325000.0,257142.91372779576
6617,Ridge,3,829900.0,1061859.1588271714
6950,Ridge,3,482000.0,433595.2758966546
7554,Ridge,3,322500.0,212965.13965018548
7673,Ridge,3,765000.0,908420.3634061816
7736,Ridge,3,535500.0,543741.449523242
7866,Ridge,3,615000.0,477812.36887744913
8631,Ridge,3,314950.0,310765.21571799484
8726,Ridge,3,614000.0,786521.7855035404
9027,Ridge,3,359999.0,381928.77624711004
10217,Ridge,3,685000.0,696825.8118984178
10400,Ridge,3,399000.0,355779.54846080544
10514,Ridge,3,342000.0,371775.8046668784
10792,Ridge,3,392000.0,313558.90267518465
10801,Ridge,3,436000.0,491942.3369518321
11501,Ridge,3,328500.0,271482.6480088271
11661,Ridge,3,255000.0,166278.71289812884
12820,Ridge,3,598780.0,659203.6079427088
13504,Ridge,3,440250.0,511595.8683043958
13518,Ridge,3,390000.0,387117.65663626214
14244,Ridge,3,275000.0,169891.35469988617
14578,Ridge,3,335750.0,400603.6138565209
15168,Ridge,3,316000.0,542744.0764462012
15201,Ridge,3,542000.0,609550.494348326
15486,Ridge,3,335000.0,346708.42352734006
15634,Ridge,3,265000.0,275907.72804195504
16042,Ridge,3,485000.0,410289.83239815285
16101,Ridge,3,637000.0,595746.1825326224
16229,Ridge,3,710000.0,835635.985017377
16487,Ridge,3,485000.0,619551.1815093026
17429,Ridge,3,300000.0,574011.6495997781
17503,Ridge,3,241500.0,118845.20148920611
17615,Ridge,3,293000.0,225416.72353308217
17690,Ridge,3,1364000.0,1092783.082995011
17825,Ridge,3,425000.0,403533.15903187933
17908,Ridge,3,400000.0,397992.63972648495
17927,Ridge,3,260000.0,259274.10225933645
18016,Ridge,3,340000.0,504226.2323471764
18026,Ridge,3,575000.0,513805.9402127797
18327,Ridge,3,1265000.0,982105.1502658495
18425,Ridge,3,420000.0,382160.96976393525
18463,Ridge,3,455000.0,407526.21673905774
18761,Ridge,3,529941.0,500346.8941691732
19277,Ridge,3,365000.0,235581.7651316536
19598,Ridge,3,400000.0,444658.1209525381
19890,Ridge,3,559950.0,556531.5046553971
19999,Ridge,3,649950.0,735476.5385774092
20095,Ridge,3,335000.0,233454.69387890532
20494,Ridge,3,399000.0,426092.86916470237
20555,Ridge,3,379500.0,382499.6625958164
20624,Ridge,3,635000.0,494780.12091283407
20813,Ridge,3,1325000.0,1283822.536392979
20831,Ridge,3,489950.0,410638.2523144513
20883,Ridge,3,461000.0,418390.74498980667
20913,Ridge,3,299999.0,257649.32590331626
21047,Ridge,3,302059.0,205810.4844431916
21374,Ridge,3,705000.0,701064.2891325352
21609,Ridge,3,400000.0,456898.42020202195
291,Ridge,3,630000.0,783408.0922178233
403,Ridge,3,437000.0,372777.55308526073
532,Ridge,3,970000.0,1204192.27728632
604,Ridge,3,435500.0,359127.3682475072
689,Ridge,3,396000.0,328088.57290257304
736,Ridge,3,588000.0,638456.4593013836
748,Ridge,3,517500.0,706340.2704769277
799,Ridge,3,1100000.0,1225647.8952470475
1141,Ridge,3,380000.0,343716.0318878267
1505,Ridge,3,230000.0,89275.8282207938
2608,Ridge,3,450000.0,407063.7292164377
2671,Ridge,3,470000.0,597169.5229790749
2808,Ridge,3,330000.0,276514.4728074726
3022,Ridge,3,279000.0,299062.7136702188
3147,Ridge,3,345000.0,593396.5534125307
3200,Ridge,3,178000.0,297980.55227940157
3241,Ridge,3,350000.0,268601.52077728265
3544,Ridge,3,197000.0,181660.5268829593
4269,Ridge,3,199500.0,230602.63945069048
4880,Ridge,3,265000.0,292198.10447219864
4946,Ridge,3,312500.0,333146.6253040425
5357,Ridge,3,320000.0,254853.22587794912
5518,Ridge,3,815000.0,933509.3417551212
5601,Ridge,3,255000.0,212021.74805388722
5605,Ridge,3,265000.0,217765.5626902535
6070,Ridge,3,671300.0,697475.7212195138
6251,Ridge,3,408000.0,491501.91422481503
6332,Ridge,3,430000.0,478874.72806010186
6343,Ridge,3,260000.0,253025.03250328064
6405,Ridge,3,473000.0,414103.04920828575
6478,Ridge,3,417500.0,474272.5045823765
6640,Ridge,3,350000.0,388489.40928981634
6811,Ridge,3,310000.0,180970.9667784393
6910,Ridge,3,596000.0,534945.249693871
7403,Ridge,3,269000.0,281458.6998798866
7588,Ridge,3,163000.0,147329.69098505803
8036,Ridge,3,258305.0,205208.01694828516
8079,Ridge,3,522500.0,424146.20257348876
8117,Ridge,3,386000.0,291514.26605830423
8142,Ridge,3,875000.0,916942.3782991308
8761,Ridge,3,270500.0,311332.2130238046
8972,Ridge,3,394999.0,387021.9649770713
9086,Ridge,3,415000.0,362467.3037205684
9108,Ridge,3,420000.0,421756.9106739037
9112,Ridge,3,1360000.0,1601277.9253736883
9151,Ridge,3,319502.0,315320.7063994308
9461,Ridge,3,499000.0,462890.72470170393
9805,Ridge,3,284200.0,225648.59670204198
9973,Ridge,3,290000.0,305741.83804126683
10062,Ridge,3,430000.0,551766.4873051568
10314,Ridge,3,709000.0,701414.865620528
10402,Ridge,3,406500.0,367218.7200603663
10827,Ridge,3,583500.0,789868.6216434193
10970,Ridge,3,868000.0,807988.5548734602
11136,Ridge,3,500000.0,720472.484067648
11317,Ridge,3,285000.0,289031.6642551072
11364,Ridge,3,875000.0,951814.5675538814
11699,Ridge,3,191950.0,149287.49464968697
12166,Ridge,3,718000.0,818773.785198747
12175,Ridge,3,490000.0,471372.72964127385
12626,Ridge,3,209900.0,59525.75329775625
12690,Ridge,3,850000.0,940886.4775573346
12932,Ridge,3,850000.0,770584.4047224085
13056,Ridge,3,565000.0,565066.6982127181
13631,Ridge,3,255000.0,144683.94208060764
14090,Ridge,3,270000.0,327993.8348862954
14238,Ridge,3,240000.0,274466.35526299407
14243,Ridge,3,589000.0,546208.2470932454
14325,Ridge,3,365000.0,464323.32885543373
14421,Ridge,3,115000.0,73048.29106809851
14441,Ridge,3,260000.0,454360.8679033295
14832,Ridge,3,396000.0,363665.2762068319
14833,Ridge,3,397000.0,440583.866223614
15699,Ridge,3,418200.0,461820.3422280966
15829,Ridge,3,499950.0,466782.7708593327
16201,Ridge,3,447000.0,361365.17821036914
16226,Ridge,3,420000.0,521104.92420991894
16327,Ridge,3,1030000.0,952558.7272766088
16367,Ridge,3,139000.0,189805.42395308678
16543,Ridge,3,293000.0,235628.64759084446
16692,Ridge,3,540000.0,583857.6625604975
16981,Ridge,3,229950.0,19225.574493313732
17515,Ridge,3,545000.0,322523.31571806036
18178,Ridge,3,369300.0,381515.28599926527
18519,Ridge,3,1450000.0,1050351.4707675534
18567,Ridge,3,515000.0,632887.0828710736
18641,Ridge,3,430000.0,736087.9646324805
19013,Ridge,3,375000.0,456198.5342678349
19061,Ridge,3,540000.0,465996.4335192184
19178,Ridge,3,873000.0,824049.4535830284
19565,Ridge,3,323000.0,400439.6846642101
19909,Ridge,3,598950.0,489221.27371345746
20361,Ridge,3,609500.0,495877.3650782736
20653,Ridge,3,405000.0,338893.69122058636
20795,Ridge,3,450000.0,408662.3295503995
20822,Ridge,3,780000.0,704135.8933842683
21200,Ridge,3,720000.0,681519.9515944195
21366,Ridge,3,370000.0,302158.37771525164
2,Ridge,3,180000.0,141261.91390562436
427,Ridge,3,1300000.0,1174413.9688088298
623,Ridge,3,605000.0,587503.4269948642
780,Ridge,3,305000.0,260394.69963163472
989,Ridge,3,484950.0,463896.4227142073
1541,Ridge,3,350000.0,436120.28471988393
1742,Ridge,3,445000.0,698056.2004251361
2269,Ridge,3,235000.0,172408.68233567657
2306,Ridge,3,302000.0,617254.7936639497
2503,Ridge,3,575000.0,497604.96599596867
2572,Ridge,3,439950.0,323877.5520269522
2632,Ridge,3,250000.0,135149.3934632233
2677,Ridge,3,399500.0,318279.2077692101
2877,Ridge,3,195000.0,59967.89741147478
3223,Ridge,3,262000.0,-128709.76149815868
3283,Ridge,3,855000.0,769563.0389846556
3556,Ridge,3,325000.0,358102.83208639134
3720,Ridge,3,735000.0,746967.7600552947
4138,Ridge,3,545000.0,561759.8933293092
4591,Ridge,3,539000.0,581932.1494287784
4703,Ridge,3,299800.0,349636.62879861717
5053,Ridge,3,735000.0,459093.30350389343
5161,Ridge,3,822000.0,676179.8157848733
5341,Ridge,3,595000.0,550675.3192811908
5500,Ridge,3,482000.0,556024.4994745223
5724,Ridge,3,185000.0,-32271.593911665783
5807,Ridge,3,325000.0,335421.32113951526
5941,Ridge,3,440000.0,464517.83913524763
6065,Ridge,3,525000.0,620184.5164302264
6236,Ridge,3,275000.0,207650.41098060977
6484,Ridge,3,425500.0,412078.0042260176
6631,Ridge,3,340000.0,337705.744371217
7160,Ridge,3,460000.0,702395.9849445914
7181,Ridge,3,249000.0,199874.26323102182
7190,Ridge,3,380500.0,335337.7872673534
7515,Ridge,3,450000.0,467293.93730702484
8062,Ridge,3,200000.0,35103.05029438529
8069,Ridge,3,319950.0,264303.2475199688
8413,Ridge,3,1110000.0,1046563.7591209115
8827,Ridge,3,565000.0,739920.4217845362
8858,Ridge,3,200000.0,263342.5298218031
9070,Ridge,3,274000.0,210939.68837259064
9349,Ridge,3,551870.0,429058.8070507622
9654,Ridge,3,760500.0,610092.4186719229
10098,Ridge,3,1326000.0,1043153.2131620577
10299,Ridge,3,529500.0,446313.60992521624
10425,Ridge,3,389000.0,349916.1334151741
10473,Ridge,3,285000.0,259636.6411542498
10597,Ridge,3,580000.0,520274.76964610576
10694,Ridge,3,704000.0,437965.749862237
11291,Ridge,3,780000.0,775852.9947590241
11309,Ridge,3,273000.0,257731.18918559165
11318,Ridge,3,524950.0,493613.50986886054
11359,Ridge,3,533000.0,540988.5903551821
11643,Ridge,3,491000.0,380164.44520983205
11960,Ridge,3,286300.0,382898.87799840694
12015,Ridge,3,500000.0,289035.03192182374
12238,Ridge,3,180000.0,246772.39588597295
12269,Ridge,3,550000.0,426418.33832428197
12431,Ridge,3,595000.0,562707.4024954938
13133,Ridge,3,906000.0,1011703.1505973252
13199,Ridge,3,835000.0,840859.7701400981
13217,Ridge,3,455000.0,383823.35159330553
13351,Ridge,3,235000.0,266892.9966174601
13512,Ridge,3,728935.0,812375.1794616656
15240,Ridge,3,370000.0,409684.20952604525
15385,Ridge,3,450000.0,355626.2512588304
15788,Ridge,3,572000.0,701057.57036932
16292,Ridge,3,495000.0,564749.5117235238
16525,Ridge,3,1980000.0,1779568.6711472352
16687,Ridge,3,396000.0,313584.9255204281
16749,Ridge,3,425000.0,507865.0813517276
17078,Ridge,3,322000.0,279750.7940856399
17245,Ridge,3,1454000.0,1192659.6367831384
17456,Ridge,3,565000.0,538919.4425334921
17642,Ridge,3,575000.0,544301.0806821213
17749,Ridge,3,340000.0,265729.6570033365
17846,Ridge,3,700000.0,769056.8820794467
17875,Ridge,3,642000.0,471991.03624580364
18217,Ridge,3,479000.0,423296.094939935
18336,Ridge,3,285000.0,289641.2439646717
18473,Ridge,3,539000.0,628429.1972610747
18526,Ridge,3,482000.0,600599.3026433295
18539,Ridge,3,562000.0,649889.4619261684
19222,Ridge,3,675000.0,715833.240662891
19651,Ridge,3,319500.0,483245.86309175025
20060,Ridge,3,379950.0,425168.750714859
20179,Ridge,3,665000.0,541048.0508718605
20224,Ridge,3,1789950.0,1415937.110173447
20225,Ridge,3,895900.0,968543.6437876802
20326,Ridge,3,2350000.0,1549077.92260517
20444,Ridge,3,500012.0,473814.33406860585
20849,Ridge,3,329950.0,302683.24186985625
21034,Ridge,3,810000.0,742867.7439131574
21456,Ridge,3,450000.0,399271.87299818784
92,Ridge,3,153000.0,99139.1975051341
247,Ridge,3,181000.0,154163.90232234012
1039,Ridge,3,566000.0,394580.51131847216
1430,Ridge,3,470000.0,571484.790480997
2181,Ridge,3,1550000.0,1216228.5416133516
2494,Ridge,3,322000.0,209740.85149546596
3050,Ridge,3,517000.0,274803.7805280964
3051,Ridge,3,615000.0,763067.9099450086
3130,Ridge,3,250000.0,295481.88590485195
3171,Ridge,3,587500.0,528064.4866902416
3281,Ridge,3,1965000.0,1754178.9029362036
3635,Ridge,3,251000.0,118704.60554343852
3839,Ridge,3,830000.0,574188.0176011813
3953,Ridge,3,317000.0,377733.03233783995
5774,Ridge,3,310000.0,576714.1260281836
5852,Ridge,3,899000.0,712241.4191262021
6406,Ridge,3,279000.0,200810.16054621886
6835,Ridge,3,190000.0,134386.31718504563
7106,Ridge,3,284000.0,419359.94190365315
7186,Ridge,3,275500.0,134854.23446863855
7607,Ridge,3,430000.0,443929.28611654986
8140,Ridge,3,484000.0,750209.9921614705
8405,Ridge,3,970000.0,1032437.3965705081
8599,Ridge,3,635000.0,626127.7187236755
9653,Ridge,3,392000.0,402081.5855662101
10133,Ridge,3,219000.0,317775.98834281514
10195,Ridge,3,690000.0,755284.1572385828
10549,Ridge,3,440000.0,438617.5109945166
11174,Ridge,3,454900.0,528228.9215888245
11772,Ridge,3,615000.0,540957.775984075
12054,Ridge,3,401000.0,368961.6918049451
12739,Ridge,3,320000.0,416665.64491915354
12956,Ridge,3,269000.0,133570.77966582787
13195,Ridge,3,525000.0,627036.7821082528
13207,Ridge,3,259000.0,542704.1314842816
13654,Ridge,3,267500.0,271046.9763088131
13751,Ridge,3,464000.0,485917.3390636205
13773,Ridge,3,364000.0,295239.2584970321
14173,Ridge,3,286000.0,239154.81704597868
14177,Ridge,3,350000.0,457273.2163254249
14632,Ridge,3,267000.0,212122.534701169
15312,Ridge,3,190000.0,274702.88115338655
15653,Ridge,3,160000.0,-8947.753983058908
15726,Ridge,3,253750.0,95446.26891176176
16472,Ridge,3,330000.0,501927.8458172448
17272,Ridge,3,350000.0,237114.5575187472
17582,Ridge,3,616000.0,864082.8007977272
17590,Ridge,3,303697.0,531762.4149814703
17614,Ridge,3,228500.0,120546.14336175617
17976,Ridge,3,360000.0,336778.8804135317
18253,Ridge,3,400000.0,364370.9826130595
18711,Ridge,3,215000.0,150552.581070612
19425,Ridge,3,794500.0,779476.0071543594
20211,Ridge,3,347500.0,308660.1090410361
20283,Ridge,3,380000.0,469004.3585609743
20463,Ridge,3,510000.0,452430.49437706114
20991,Ridge,3,910000.0,1062514.5003441444
21140,Ridge,3,250000.0,178090.90647307818
21533,Ridge,3,999999.0,1112648.2938603393
21565,Ridge,3,341780.0,326300.2422605386
144,Ridge,3,500000.0,591077.0030012258
281,Ridge,3,170000.0,93932.83887397195
763,Ridge,3,374950.0,422700.3009424412
1242,Ridge,3,375000.0,407713.5670030948
1356,Ridge,3,643000.0,574147.153841092
1499,Ridge,3,720000.0,823619.1484154767
1698,Ridge,3,340000.0,288522.61446795147
1958,Ridge,3,429800.0,389971.6581025517
3025,Ridge,3,367000.0,306657.68619159725
3138,Ridge,3,450000.0,440815.5112409398
3185,Ridge,3,635000.0,682602.9317439115
4569,Ridge,3,140000.0,91362.54161634977
4642,Ridge,3,295000.0,245438.0481848805
4772,Ridge,3,205500.0,115957.70118395396
5966,Ridge,3,637000.0,637719.9034069588
6139,Ridge,3,425000.0,413225.8760155549
6781,Ridge,3,217000.0,125835.01934835181
6876,Ridge,3,435000.0,425376.7579693926
7251,Ridge,3,204000.0,182857.8692407352
7371,Ridge,3,395000.0,426375.4618205504
9481,Ridge,3,780000.0,883777.9922285064
9911,Ridge,3,400000.0,502262.87555500417
10045,Ridge,3,425590.0,532497.1052471235
10131,Ridge,3,309000.0,194621.9218666408
11023,Ridge,3,330000.0,205028.08402204327
11086,Ridge,3,315000.0,268750.9417460307
11492,Ridge,3,499000.0,473107.3427535465
12382,Ridge,3,207000.0,159290.30140491523
13312,Ridge,3,600000.0,1307732.220812694
13670,Ridge,3,369000.0,243341.01811436377
14555,Ridge,3,930000.0,693876.7588794669
15245,Ridge,3,1398000.0,1380213.4428815073
16308,Ridge,3,248500.0,137900.62314551382
17211,Ridge,3,275000.0,162910.05850252172
17281,Ridge,3,339000.0,227894.12321496868
17688,Ridge,3,612500.0,685073.7460325197
17850,Ridge,3,620047.0,644268.720735951
18355,Ridge,3,403000.0,431771.41459529515
19667,Ridge,3,1450000.0,1063088.465677997
19939,Ridge,3,325000.0,270950.75226811663
20508,Ridge,3,394950.0,400779.16935163364
20532,Ridge,3,550000.0,282086.1186617598
20560,Ridge,3,908990.0,898182.5933684213
20972,Ridge,3,370950.0,378406.22733433184
21006,Ridge,3,415000.0,287654.7157587681
21283,Ridge,3,988990.0,1046745.2691440762
21296,Ridge,3,445000.0,488453.9867226199
21514,Ridge,3,1865000.0,2249823.8485438344
21542,Ridge,3,715000.0,679496.2236739749
308,Ridge,3,550700.0,554442.6870818494
2750,Ridge,3,352000.0,183028.10452806012
5214,Ridge,3,997000.0,896590.1535740413
14760,Ridge,3,285000.0,276797.1820908204
21306,Ridge,3,579950.0,484115.3964359705
9015,Ridge,3,490000.0,451176.2128854558
12313,Ridge,3,624000.0,525660.4810366988
16600,Ridge,3,440000.0,493534.0302730233
18100,Ridge,3,505400.0,687981.8238741348
19176,Ridge,3,534000.0,664104.0969186464
19344,Ridge,3,151000.0,30598.155105567595
29,Ridge,3,719000.0,646627.8984010222
125,Ridge,3,1450000.0,1257023.4266373636
1419,Ridge,3,350000.0,336335.48352576466
2179,Ridge,3,1650000.0,1830143.3716245522
2474,Ridge,3,858000.0,835216.9888790392
4180,Ridge,3,235000.0,298832.9068203204
5012,Ridge,3,455000.0,457735.29013739096
5364,Ridge,3,404000.0,339190.5894178947
6072,Ridge,3,1100000.0,1106307.3234477087
6239,Ridge,3,200000.0,172858.63066000264
6295,Ridge,3,545000.0,565382.327602314
7145,Ridge,3,410000.0,365011.3048007751
7383,Ridge,3,585000.0,683813.6028760736
8642,Ridge,3,380000.0,333925.72746034566
8795,Ridge,3,265000.0,249801.44575737492
8951,Ridge,3,428750.0,478636.03728306264
10044,Ridge,3,585000.0,305930.8466448425
10468,Ridge,3,2000000.0,1208678.1600660658
10523,Ridge,3,310000.0,152384.58122971345
11606,Ridge,3,1300000.0,1187843.2245194954
11641,Ridge,3,350000.0,419802.53963988007
11716,Ridge,3,319950.0,236533.5739282948
11734,Ridge,3,245000.0,140751.75846119662
11778,Ridge,3,460000.0,311854.93672665284
12148,Ridge,3,895000.0,868493.7252206285
13073,Ridge,3,469000.0,430321.464639955
13796,Ridge,3,220000.0,-1674.811698456062
14472,Ridge,3,275000.0,285282.6150889023
15457,Ridge,3,365000.0,288986.4302945963
15619,Ridge,3,329950.0,281207.11606179725
16515,Ridge,3,885000.0,854902.2874570907
16580,Ridge,3,1810000.0,1664793.6255065477
16713,Ridge,3,455000.0,524688.9663003875
17102,Ridge,3,350000.0,263597.66564573516
18404,Ridge,3,650000.0,751472.4771849207
18742,Ridge,3,247500.0,202067.62414219748
19599,Ridge,3,515000.0,468632.2336049443
19736,Ridge,3,1680000.0,1210348.368813898
20220,Ridge,3,204000.0,84696.05246634188
20395,Ridge,3,395000.0,119862.50331320474
20690,Ridge,3,370000.0,288329.2513680472
21418,Ridge,3,750000.0,758540.6515088577
21522,Ridge,3,462500.0,414134.37542063906
54,Ridge,3,920000.0,890561.7896160476
204,Ridge,3,274250.0,112997.34912792908
229,Ridge,3,516500.0,337964.21055380563
640,Ridge,3,378000.0,393343.55182942585
863,Ridge,3,910000.0,838771.8296448339
1788,Ridge,3,256000.0,205792.45477941597
1829,Ridge,3,753000.0,646266.2289985776
2425,Ridge,3,992000.0,1151417.249475237
2545,Ridge,3,465000.0,330092.401801715
2870,Ridge,3,521000.0,486872.9378090181
2897,Ridge,3,435000.0,428444.3223297121
3227,Ridge,3,551000.0,432728.7990188334
4214,Ridge,3,525000.0,532780.1932918405
5768,Ridge,3,638250.0,631458.2106666345
6359,Ridge,3,670000.0,655119.4719936764
6553,Ridge,3,498500.0,427607.244147189
6613,Ridge,3,545000.0,791699.4267873332
6823,Ridge,3,1430000.0,1210374.860729615
6853,Ridge,3,772500.0,639936.0949182454
7379,Ridge,3,713000.0,640691.2232871971
7405,Ridge,3,564000.0,561286.0928184289
7661,Ridge,3,670000.0,605849.8688811106
7992,Ridge,3,90000.0,140154.60244673945
8255,Ridge,3,370000.0,301845.0605403888
8453,Ridge,3,340000.0,328523.27086478483
8489,Ridge,3,674000.0,545607.1320808758
8967,Ridge,3,720000.0,565414.4682296255
9091,Ridge,3,883000.0,1062302.8140458728
9207,Ridge,3,425000.0,314737.3254670793
9221,Ridge,3,750000.0,805673.8717229259
9397,Ridge,3,420000.0,223241.08199672325
9740,Ridge,3,259500.0,117185.45227674197
10487,Ridge,3,425000.0,462012.53768322174
11248,Ridge,3,575000.0,463223.6285191804
11451,Ridge,3,647000.0,604728.3495131654
11605,Ridge,3,495000.0,447665.19784492836
12099,Ridge,3,590000.0,529430.6521394365
13342,Ridge,3,385000.0,434677.01503036864
13505,Ridge,3,585000.0,629960.3024163893
13622,Ridge,3,339950.0,286395.13154739205
13636,Ridge,3,563500.0,413206.38178113004
13967,Ridge,3,3395000.0,2210852.0292366035
14203,Ridge,3,273000.0,121116.48176601814
14665,Ridge,3,177000.0,43226.514763690706
17047,Ridge,3,247500.0,175922.48702513258
17380,Ridge,3,310000.0,267220.49244026607
18368,Ridge,3,500000.0,447726.5589346833
18503,Ridge,3,359000.0,546734.270209631
19097,Ridge,3,420000.0,730194.451325976
19139,Ridge,3,335000.0,441277.84334943263
19303,Ridge,3,315000.0,306210.2447786578
19466,Ridge,3,1500000.0,1030704.6828211799
19524,Ridge,3,147000.0,156694.24093566014
19662,Ridge,3,405000.0,336510.5501687555
19680,Ridge,3,465000.0,362950.92927353294
19893,Ridge,3,425000.0,253785.09452748508
19956,Ridge,3,1563100.0,1464172.9067090796
20138,Ridge,3,734000.0,478408.4551894827
20708,Ridge,3,305000.0,253248.848075831
21061,Ridge,3,390000.0,263198.15768308233
21248,Ridge,3,1080000.0,754228.2355088394
21321,Ridge,3,1350000.0,1227646.9118955815
21420,Ridge,3,299950.0,199309.91656237753
111,Ridge,3,570000.0,486817.8820559443
162,Ridge,3,900000.0,909721.8185920308
297,Ridge,3,446500.0,560191.628172602
693,Ridge,3,410000.0,352615.65520382987
714,Ridge,3,405000.0,250107.4258594918
785,Ridge,3,218000.0,300640.8860504532
794,Ridge,3,210000.0,82432.14638728357
848,Ridge,3,512000.0,393816.3261057262
991,Ridge,3,585000.0,718074.429075164
1636,Ridge,3,325000.0,431540.1707637493
1863,Ridge,3,625000.0,697937.1026276664
2007,Ridge,3,1015000.0,1011763.5745231033
2890,Ridge,3,210500.0,183202.0203878496
3188,Ridge,3,200000.0,90522.66473077203
3197,Ridge,3,401000.0,660478.0989011803
3320,Ridge,3,496000.0,581154.3364812641
3699,Ridge,3,632500.0,605368.676510074
4039,Ridge,3,385000.0,381199.7872502073
4134,Ridge,3,292000.0,380233.42865295766
4187,Ridge,3,400800.0,224478.66587519646
4577,Ridge,3,690000.0,433826.4320138355
4805,Ridge,3,224975.0,61186.66266001819
4811,Ridge,3,2479000.0,2094085.926610127
4869,Ridge,3,950000.0,997879.3033373472
4994,Ridge,3,637000.0,657020.3511116259
5854,Ridge,3,512500.0,419108.5294315532
6294,Ridge,3,265953.0,185676.7522902207
6411,Ridge,3,529000.0,507515.43998433533
6428,Ridge,3,702000.0,691623.7793274163
6567,Ridge,3,280000.0,187510.8688695447
6812,Ridge,3,385000.0,277282.2492744441
6825,Ridge,3,243000.0,375628.62534136535
7135,Ridge,3,1430000.0,892830.818493946
7355,Ridge,3,315000.0,239564.42918260593
7510,Ridge,3,390000.0,479007.04004143603
7645,Ridge,3,492000.0,434662.28165373194
7709,Ridge,3,620000.0,595834.6186522102
7979,Ridge,3,590000.0,676108.325108316
7997,Ridge,3,250000.0,187922.61394199176
8015,Ridge,3,606000.0,576393.6401508126
8324,Ridge,3,239950.0,326686.2896055519
8369,Ridge,3,536000.0,542758.3096944008
8679,Ridge,3,895000.0,877734.8126418518
9227,Ridge,3,607000.0,557391.0352291792
9471,Ridge,3,320000.0,347868.74641068844
9559,Ridge,3,453000.0,379508.987313415
10313,Ridge,3,550500.0,564483.8549914375
10366,Ridge,3,750000.0,700404.9795290303
10381,Ridge,3,490000.0,390156.570856978
10474,Ridge,3,290000.0,302146.28961784625
10807,Ridge,3,729000.0,740123.1988437613
10961,Ridge,3,360000.0,447286.4438338954
11288,Ridge,3,539000.0,551120.3436455255
11738,Ridge,3,700000.0,663004.602456477
11931,Ridge,3,271920.0,205693.10743433813
11994,Ridge,3,445000.0,414873.49274884246
12192,Ridge,3,242000.0,189100.07925503346
12969,Ridge,3,225000.0,369900.9380559083
13010,Ridge,3,413252.0,418851.0452357015
13089,Ridge,3,365000.0,408334.3679399299
13260,Ridge,3,781000.0,754732.2025785286
13827,Ridge,3,339100.0,345211.44524670905
13832,Ridge,3,575000.0,520618.7575664819
13873,Ridge,3,390000.0,476029.98486165534
14012,Ridge,3,515000.0,439141.38205913774
14185,Ridge,3,2225000.0,1739605.417968637
14510,Ridge,3,380000.0,340520.3937294047
14782,Ridge,3,343000.0,454784.6631001407
14784,Ridge,3,273950.0,190523.00003627467
14829,Ridge,3,840000.0,1119064.326147428
15135,Ridge,3,1770000.0,1454403.5328197256
15147,Ridge,3,520000.0,351491.0838035239
15157,Ridge,3,279950.0,310015.9586922253
15937,Ridge,3,279000.0,264752.2216331446
16040,Ridge,3,226000.0,327025.46265731566
16141,Ridge,3,705000.0,756654.1266234643
16170,Ridge,3,532500.0,658221.1228054172
16452,Ridge,3,600000.0,537247.9427838038
16475,Ridge,3,431000.0,421355.2003451101
16621,Ridge,3,470000.0,425305.21287832083
16720,Ridge,3,2140000.0,1781831.8097838599
17284,Ridge,3,640000.0,567128.2885351565
17575,Ridge,3,763000.0,837687.3731220826
17946,Ridge,3,275000.0,188332.80932102358
18093,Ridge,3,310000.0,551442.7415235201
18174,Ridge,3,818900.0,440452.92751750926
18190,Ridge,3,400000.0,343368.81843914883
18565,Ridge,3,260000.0,74507.07773749845
18566,Ridge,3,196000.0,77841.2032729002
18727,Ridge,3,230000.0,146238.1993729117
19131,Ridge,3,163000.0,172958.9968338923
19172,Ridge,3,890000.0,872183.6732446322
19460,Ridge,3,279950.0,274019.4333286801
19636,Ridge,3,529500.0,481042.1151833879
20154,Ridge,3,2945000.0,1437241.864194927
20163,Ridge,3,383000.0,369458.00714696804
20204,Ridge,3,550000.0,743526.1418321545
20343,Ridge,3,855000.0,679453.3994711434
21327,Ridge,3,535000.0,790067.8668718769
21410,Ridge,3,695000.0,840498.0230539761
108,Ridge,3,680000.0,799902.9587600466
461,Ridge,3,348000.0,478798.0826606719
511,Ridge,3,480000.0,500777.6859800545
872,Ridge,3,795000.0,959196.4161370078
931,Ridge,3,545000.0,486245.4982654521
1029,Ridge,3,543115.0,606378.2810694141
1441,Ridge,3,264950.0,165342.83681472793
1787,Ridge,3,552500.0,659372.9063904544
1884,Ridge,3,150000.0,180119.35817901976
2167,Ridge,3,306000.0,270845.1285472129
2340,Ridge,3,230000.0,230286.26633934394
2668,Ridge,3,1380000.0,1449728.9178718198
2805,Ridge,3,385000.0,465802.0106470976
2828,Ridge,3,900000.0,903211.9631748146
3422,Ridge,3,250000.0,270934.3868942059
3777,Ridge,3,1650000.0,1052491.5187183511
3779,Ridge,3,605000.0,641508.1459731642
3991,Ridge,3,499900.0,420971.99957961077
4036,Ridge,3,825050.0,890052.4420850332
4352,Ridge,3,259950.0,301208.42450465425
4419,Ridge,3,425000.0,564658.1075523784
4485,Ridge,3,308000.0,336373.93732463795
4959,Ridge,3,1000000.0,826893.4004474527
5433,Ridge,3,1740000.0,1008972.1507690178
5683,Ridge,3,335000.0,483194.5112855028
5890,Ridge,3,420000.0,465386.8852146287
6225,Ridge,3,292000.0,360131.9005846363
6431,Ridge,3,354500.0,271760.5369634307
6969,Ridge,3,447500.0,443123.14715306356
7466,Ridge,3,599000.0,772087.7561720328
7476,Ridge,3,1025000.0,939343.7090897617
7978,Ridge,3,450000.0,656391.8803209112
8074,Ridge,3,284000.0,108194.93840784888
8378,Ridge,3,910000.0,858789.4744949021
8491,Ridge,3,453000.0,546995.3508513625
8722,Ridge,3,625000.0,601502.6630462895
8916,Ridge,3,740000.0,443694.0109052039
9121,Ridge,3,255000.0,101520.06212196808
9233,Ridge,3,733000.0,659808.9114786964
9446,Ridge,3,355000.0,287388.69539891585
9730,Ridge,3,256000.0,297304.4208585116
9739,Ridge,3,485000.0,485812.4498903649
11789,Ridge,3,218000.0,111202.7731064806
12347,Ridge,3,675000.0,557718.4015458018
12532,Ridge,3,539000.0,534249.0922154699
12567,Ridge,3,759950.0,538285.0317542669
12724,Ridge,3,130000.0,283539.0643915362
13210,Ridge,3,635000.0,595524.4075800042
13299,Ridge,3,700000.0,815316.2834493375
14254,Ridge,3,1950000.0,2292433.005443897
14326,Ridge,3,412500.0,386232.17211142223
14765,Ridge,3,780000.0,809703.2407378904
14990,Ridge,3,316500.0,248269.02309781307
15128,Ridge,3,340000.0,504031.33174873074
15210,Ridge,3,336600.0,214203.93573218852
15214,Ridge,3,175000.0,126774.08020942123
15817,Ridge,3,380000.0,363632.84037126636
15850,Ridge,3,205000.0,153299.2756474291
16380,Ridge,3,629950.0,713637.1478603238
16714,Ridge,3,85000.0,-2971.1488017990487
16926,Ridge,3,501000.0,461528.7020237425
17174,Ridge,3,175000.0,55039.91665020381
17320,Ridge,3,475000.0,525050.5388156237
18085,Ridge,3,525000.0,388548.36427306465
18159,Ridge,3,315000.0,527925.7068760472
18192,Ridge,3,345000.0,423245.36618323636
18325,Ridge,3,255000.0,188006.42838046694
18436,Ridge,3,230000.0,187611.74583244388
18693,Ridge,3,250000.0,180595.52022387035
18797,Ridge,3,244950.0,288301.34869128634
19551,Ridge,3,255000.0,186860.5014520088
19630,Ridge,3,855169.0,726132.8898759806
19694,Ridge,3,340000.0,324988.51665531483
20277,Ridge,3,308000.0,299509.82353243465
20298,Ridge,3,289950.0,321941.4905034777
20836,Ridge,3,402395.0,453774.2757839835
21223,Ridge,3,561000.0,492609.6679452264
21587,Ridge,3,385000.0,368160.62283026724
400,Ridge,3,557000.0,579199.8017575992
948,Ridge,3,369950.0,484489.507021813
1109,Ridge,3,367000.0,581616.6847311612
1859,Ridge,3,685000.0,528236.9239134192
2473,Ridge,3,1865000.0,1468531.163002171
3111,Ridge,3,196000.0,29845.00503862003
3352,Ridge,3,1100000.0,929281.8988879812
3783,Ridge,3,286950.0,267887.3594549665
4114,Ridge,3,365070.0,348361.7245469067
4465,Ridge,3,284000.0,285525.0023956832
5333,Ridge,3,195000.0,222637.99867686682
5343,Ridge,3,585000.0,415308.98772116925
5376,Ridge,3,185850.0,328464.69740962976
5467,Ridge,3,595000.0,450302.4981042199
6095,Ridge,3,713900.0,844347.2733063761
8250,Ridge,3,508000.0,506296.427397806
8293,Ridge,3,615000.0,666371.7002722954
8784,Ridge,3,1800000.0,1854154.418090312
8807,Ridge,3,1050000.0,1011346.2653448635
9012,Ridge,3,259875.0,282296.95443276153
9172,Ridge,3,1234000.0,1099648.962471135
10067,Ridge,3,325000.0,273100.9655895732
10191,Ridge,3,225000.0,196357.0646846993
10224,Ridge,3,550000.0,464083.1951020818
10472,Ridge,3,262500.0,170696.51460362336
10718,Ridge,3,260000.0,241426.2342684427
10921,Ridge,3,725000.0,536328.8622732416
11335,Ridge,3,515000.0,692791.8881285563
11488,Ridge,3,1325000.0,839649.4487503686
12055,Ridge,3,655000.0,617548.522366309
12076,Ridge,3,595000.0,626514.238789209
12255,Ridge,3,605000.0,502388.3679964652
12536,Ridge,3,1030000.0,1171774.7868067685
12863,Ridge,3,215150.0,24539.47641035082
13290,Ridge,3,272450.0,181478.95863469795
13309,Ridge,3,335000.0,364501.9573194355
13413,Ridge,3,122000.0,185096.52180033334
13513,Ridge,3,850000.0,937498.908130666
13729,Ridge,3,265000.0,256453.49852225743
14071,Ridge,3,235000.0,347278.1079642252
14425,Ridge,3,550000.0,461827.5297876969
15172,Ridge,3,619100.0,629052.2841098153
15831,Ridge,3,970000.0,1077546.6797407786
16091,Ridge,3,588000.0,643682.3419964145
16312,Ridge,3,198500.0,67723.3017455872
16461,Ridge,3,254000.0,293177.99293021136
17262,Ridge,3,308000.0,314485.45136615017
17568,Ridge,3,397500.0,460609.80538614606
17842,Ridge,3,550000.0,381569.0548750897
18176,Ridge,3,240000.0,134850.14317023125
18281,Ridge,3,959000.0,1040906.2612889295
18710,Ridge,3,280000.0,250617.50452262614
19525,Ridge,3,500000.0,615522.933791308
19945,Ridge,3,530000.0,643001.2024546373
20287,Ridge,3,324950.0,243000.8278431024
20455,Ridge,3,820000.0,771539.0403372132
20711,Ridge,3,530000.0,548386.7201465039
21152,Ridge,3,450000.0,338257.81573853747
6369,Ridge,3,263300.0,248098.2832231072
9803,Ridge,3,305000.0,259822.7327736295
11141,Ridge,3,392500.0,376838.7661847479
18846,Ridge,3,475000.0,392941.0143274924
15066,Ridge,3,340000.0,194012.99835569534
161,Ridge,3,438000.0,460958.13301052863
226,Ridge,3,479950.0,468944.9332574808
396,Ridge,3,530000.0,607402.3143786398
1153,Ridge,3,298900.0,257956.770140832
1173,Ridge,3,359000.0,217214.16961418034
1339,Ridge,3,435000.0,519542.56645354757
1618,Ridge,3,549500.0,501929.45926882455
1883,Ridge,3,320000.0,249073.1987265534
2029,Ridge,3,325000.0,245685.5605439035
2207,Ridge,3,258500.0,213611.74041473534
2331,Ridge,3,307000.0,92845.31345690833
2662,Ridge,3,418200.0,325624.4511018293
2780,Ridge,3,665000.0,623535.013628866
3794,Ridge,3,255500.0,141013.15871715825
3858,Ridge,3,347500.0,267760.69966553245
4142,Ridge,3,260000.0,333161.2339581656
4337,Ridge,3,622000.0,505539.6209629857
4409,Ridge,3,565000.0,474773.46412309137
4670,Ridge,3,375000.0,363315.60065178864
5073,Ridge,3,859000.0,795342.8197181359
5740,Ridge,3,347500.0,283415.40190773905
6055,Ridge,3,270000.0,261164.02085315378
6458,Ridge,3,998160.0,997300.2078313524
6680,Ridge,3,535900.0,562690.5590321154
6681,Ridge,3,230000.0,243656.2091586511
6746,Ridge,3,204555.0,91335.88418216899
6891,Ridge,3,763000.0,635122.908930601
7044,Ridge,3,649000.0,538651.69066698
7247,Ridge,3,428900.0,550550.45199962
7482,Ridge,3,679000.0,630552.6486518754
7719,Ridge,3,245000.0,238876.32676988357
8269,Ridge,3,190000.0,179499.3112052678
8317,Ridge,3,314950.0,216701.1103560701
8759,Ridge,3,411500.0,308491.1333558833
8778,Ridge,3,325000.0,320389.61883597536
8893,Ridge,3,440000.0,603005.1457882914
8911,Ridge,3,190500.0,371281.5108901043
9917,Ridge,3,649000.0,518844.4496201987
9992,Ridge,3,385000.0,389583.9180903543
10389,Ridge,3,750000.0,719035.110444848
10506,Ridge,3,535950.0,538392.7406268889
10719,Ridge,3,392500.0,266428.87106707675
10760,Ridge,3,470000.0,437895.7076270683
11109,Ridge,3,200000.0,66771.96646202717
11554,Ridge,3,400000.0,445653.50460021663
11646,Ridge,3,270000.0,391447.42526910995
12295,Ridge,3,1712750.0,1947445.0137184728
13015,Ridge,3,295000.0,389815.73331135797
13268,Ridge,3,185000.0,196523.67759911477
13522,Ridge,3,620000.0,685661.6806293277
14376,Ridge,3,546000.0,550707.1306777919
15224,Ridge,3,752000.0,691741.0196627317
15600,Ridge,3,558000.0,659739.7096500328
15767,Ridge,3,443000.0,461103.8489299035
15910,Ridge,3,415000.0,442090.5432132815
15990,Ridge,3,265000.0,256082.30562984507
15991,Ridge,3,765000.0,598498.0419863453
16118,Ridge,3,329990.0,378645.69594324904
16536,Ridge,3,369000.0,365692.41012123215
16813,Ridge,3,352500.0,473497.97930018377
17631,Ridge,3,260000.0,166002.70963006158
17940,Ridge,3,610000.0,533552.891534494
18442,Ridge,3,635000.0,593601.8447133027
18591,Ridge,3,526000.0,435667.3917898132
19527,Ridge,3,991500.0,1119677.875728084
19872,Ridge,3,437000.0,440349.4351460637
20910,Ridge,3,311850.0,241652.50190578145
21273,Ridge,3,775000.0,739695.6272556176
