source_row,janela,preco_real,preco_previsto
12703,1,390000.0,465976.8799555598
13389,1,594950.0,569532.171852892
13743,1,810000.0,827940.6489972163
16438,1,755000.0,711574.6878985739
101,1,555000.0,602514.9957468056
264,1,369900.0,395001.3925664282
326,1,274975.0,656705.2050014499
377,1,275000.0,273078.11826866225
483,1,525000.0,405827.00223997084
559,1,331500.0,296413.97420992306
1333,1,430000.0,348044.2202296364
1473,1,650000.0,557912.8133535213
1556,1,307500.0,295556.495429727
1678,1,275000.0,291602.2034168842
1765,1,390000.0,351754.2088513054
2140,1,1700000.0,1256605.6232919432
2247,1,600000.0,623509.7343345945
2275,1,610000.0,558037.4211867254
2402,1,322500.0,316927.15744907694
2411,1,487000.0,603803.5863444307
2584,1,387000.0,354618.70157995645
3230,1,511718.0,475791.78775296255
3680,1,135000.0,306526.7336141095
3870,1,120000.0,209346.18755059806
4305,1,315000.0,294720.9381893755
4468,1,925000.0,1115701.2307794553
4792,1,720000.0,757904.4827162198
5389,1,630000.0,664867.1661294973
5533,1,530000.0,544929.109694763
6045,1,2196000.0,1675586.8155263616
6108,1,361500.0,414523.6254827301
6678,1,830000.0,855579.7950055802
6795,1,472000.0,498350.0390956771
6936,1,315000.0,281813.21293138317
7003,1,513000.0,586612.0048210934
7381,1,460000.0,494849.25072275527
7807,1,485000.0,445808.4939856184
8414,1,212000.0,251102.98968878054
8456,1,299000.0,303969.74089059135
8624,1,299990.0,361513.6423018029
8656,1,440000.0,480099.2430049686
9341,1,339950.0,369711.266569425
10148,1,333500.0,365705.97231127927
10223,1,535000.0,560160.7830400816
10295,1,260000.0,337648.76611288066
10437,1,350000.0,341231.89316387114
10536,1,901000.0,993560.1126237693
11075,1,315000.0,299952.45687399566
11381,1,355000.0,480599.17037210165
11583,1,306500.0,311552.86690086714
11679,1,840000.0,846703.5634860975
11732,1,530000.0,474459.44144473365
11918,1,447000.0,474125.1186792311
12019,1,1100000.0,724541.094108359
12059,1,715000.0,548906.1287820976
12853,1,315000.0,337850.7917609809
12890,1,400000.0,378539.95856338384
12951,1,246000.0,354841.87236440054
13238,1,685000.0,412814.13073829137
13772,1,289000.0,252944.9239128998
14169,1,321500.0,312470.8454584495
14544,1,325250.0,291687.296425387
14589,1,1045000.0,1011692.9238809237
14777,1,299000.0,352038.01064048114
14896,1,667500.0,569079.7057565158
14980,1,935000.0,1186189.5914985545
15208,1,155000.0,190162.21363706244
15543,1,210000.0,273121.4713538055
15683,1,620000.0,604485.2189966877
15740,1,546200.0,607376.7632476862
15823,1,435000.0,432285.7984487619
15968,1,279950.0,248518.65016617952
15997,1,415000.0,387220.3681399145
16010,1,540000.0,542247.0872571889
16191,1,465000.0,363429.13569793967
16796,1,278000.0,279227.57613540156
16820,1,280500.0,277774.3071632079
17115,1,182500.0,186324.93926850086
17117,1,360000.0,454467.51707435853
17191,1,997950.0,813900.9419607457
17461,1,622200.0,426513.29733455164
17522,1,605000.0,696975.9405186168
17656,1,598555.0,657677.8457643159
17814,1,334500.0,305451.9897564892
17924,1,420000.0,509722.5886730676
18049,1,314000.0,232858.6549327143
18441,1,330000.0,339044.3512102455
18522,1,287500.0,319911.81144004315
18615,1,483000.0,529745.0821657542
18684,1,360000.0,398578.760200353
18962,1,450000.0,471367.54056717904
19059,1,218000.0,214235.28011647135
19522,1,268000.0,268738.6117518317
19970,1,600000.0,584754.0578731508
20461,1,489950.0,545463.4647044599
20580,1,289000.0,258216.30773983445
21033,1,1049990.0,1067605.3093235963
21370,1,331000.0,372047.9715552041
43,1,685000.0,586642.6516690179
82,1,355000.0,339306.39680576115
114,1,480000.0,476894.5687732423
430,1,328500.0,367228.84258036
560,1,460000.0,410895.9408605678
970,1,532500.0,492599.7174432966
1252,1,399000.0,453161.9670962403
1373,1,830000.0,792044.3776096542
1624,1,750000.0,687974.1169785891
2356,1,618000.0,689784.7917515391
2593,1,337500.0,315717.79567220947
3003,1,259000.0,279408.464564671
3054,1,308000.0,337860.57149042725
3131,1,759000.0,942448.920133058
3175,1,520000.0,656353.5780829097
3304,1,206000.0,239864.27084555218
3343,1,247300.0,350974.8206100659
3469,1,330000.0,323944.916459015
3483,1,209950.0,199941.38158141286
3686,1,436300.0,455713.7381248751
4375,1,352800.0,382659.6270485432
4476,1,400000.0,419076.3718346666
4567,1,599000.0,573499.19486946
4853,1,840000.0,741476.9296257197
5276,1,226450.0,207964.55059430396
5313,1,349000.0,309751.191098715
5629,1,350000.0,403469.22902590217
5636,1,420000.0,411700.0931928829
5675,1,1419000.0,1486509.3460359543
6051,1,312000.0,370329.84670454403
6096,1,427500.0,416660.6056226487
6117,1,277500.0,252437.60957229632
6168,1,435000.0,447329.8226959716
6306,1,313000.0,297627.87516379775
6366,1,817000.0,818640.6736859017
6616,1,299950.0,269157.45122880244
6755,1,350000.0,312038.0464798029
6976,1,415000.0,450056.2270535205
7097,1,285000.0,558455.2931665396
7133,1,445000.0,449757.22284375736
7197,1,235000.0,317085.9136175408
7289,1,390000.0,483358.4695136438
7334,1,483000.0,459852.9328318551
7887,1,439000.0,570692.1824778572
8020,1,450000.0,462613.57043343585
8073,1,270000.0,249866.20063532348
8612,1,340000.0,321009.1514178528
8629,1,575000.0,626218.6988770749
8673,1,1090000.0,957822.706057136
8744,1,490000.0,526543.8735442089
9075,1,765000.0,716351.0312550123
9194,1,240000.0,250411.30484899346
9312,1,370000.0,279326.1017524278
9338,1,217000.0,211486.7306667976
9620,1,473000.0,396768.1252981809
9713,1,1250000.0,1047224.3759264284
9753,1,246000.0,293581.4048336347
9974,1,230000.0,217764.02823533022
10065,1,315000.0,356495.9323642057
10144,1,245000.0,225845.25382868174
10280,1,550000.0,640090.7175860575
10345,1,324000.0,312807.2120377716
10384,1,695000.0,708433.4022783793
10500,1,476000.0,447744.6598779984
11014,1,397500.0,457936.1666960331
11372,1,292500.0,316409.93916878005
11412,1,484950.0,558280.4820288285
11439,1,935000.0,917110.9116993072
11462,1,290000.0,273730.38149395015
11526,1,825000.0,800350.4092166303
12396,1,943500.0,829427.5494819805
12563,1,845000.0,870536.5015943813
12566,1,400000.0,448604.10508527653
12576,1,309500.0,269310.7223959183
12620,1,669888.0,575941.8535842247
12658,1,290000.0,334680.3320320847
13500,1,372000.0,405968.2803970267
13527,1,940000.0,890140.3400590442
14038,1,202950.0,183001.608469421
14226,1,749500.0,676317.2177319876
14278,1,769950.0,727806.3876587569
14454,1,159995.0,169699.94433448953
14699,1,526500.0,512504.0975754206
14907,1,740000.0,835423.5929090151
15229,1,1395000.0,964735.7316794035
15290,1,340000.0,331892.7092346898
15490,1,320000.0,305619.93778478174
15578,1,369950.0,379342.71399713075
15815,1,322000.0,288258.8485927552
16247,1,255000.0,231507.41984695295
16429,1,865000.0,815026.3299866882
16599,1,710000.0,750931.2293724726
16881,1,353500.0,269342.7329247012
16884,1,547500.0,569232.992586871
16905,1,520000.0,593037.0547794132
17064,1,550000.0,775386.6650307624
17265,1,545000.0,812850.3281464662
17333,1,430000.0,409361.20604133635
17560,1,879000.0,1091291.9155641636
17621,1,450000.0,389136.6431129368
17796,1,389000.0,370139.3330995676
17939,1,424000.0,413588.12066140916
18574,1,397380.0,357260.43559949665
18604,1,815000.0,522839.1749382586
18722,1,1225000.0,924440.4303552364
18826,1,760000.0,616435.5045073591
18891,1,391265.0,437793.2604407734
19069,1,275000.0,291094.1665370156
19107,1,429000.0,398686.7792229934
19526,1,1010000.0,1105703.7040210583
20144,1,1575000.0,963946.3053731017
20219,1,515000.0,524373.8232667728
20305,1,849990.0,839534.4957027757
20906,1,274900.0,273957.9383553814
20954,1,492000.0,525128.0008060691
21243,1,630000.0,609226.3306452928
21323,1,1500000.0,1246424.2554600434
516,1,308000.0,273691.31952852523
820,1,325000.0,228777.77813102995
1146,1,510000.0,495830.6667504179
1628,1,880000.0,795854.7183494755
1639,1,810000.0,708800.6352109726
1676,1,2250000.0,1976358.5683002134
1682,1,390000.0,341109.3768136076
2190,1,568000.0,622842.4690975852
2231,1,529219.0,557530.6357752689
2687,1,385195.0,320520.1649915863
2777,1,325900.0,300114.313561022
3215,1,650000.0,582170.0452203342
3546,1,436000.0,450642.75303359487
3731,1,470000.0,467786.60980799916
3762,1,524500.0,491593.7180271852
3875,1,387000.0,423811.99448127736
4098,1,1055000.0,965859.2865745062
4241,1,865000.0,817880.5630997992
4350,1,659950.0,663897.3898073751
4417,1,299950.0,315694.03312853153
4424,1,355000.0,280081.47049933317
4602,1,435000.0,423952.09687796107
5075,1,465000.0,369172.0819778689
5256,1,294000.0,402552.80222537316
5723,1,96500.0,145892.18030874452
5820,1,653000.0,407698.2761028275
6129,1,590000.0,499028.0445287274
6413,1,481500.0,424911.08858920424
6587,1,740000.0,870967.6810904676
7282,1,600000.0,455187.5392819456
7344,1,922000.0,1047213.846954714
7419,1,393000.0,316010.79783451994
7839,1,315000.0,298058.2036423898
7869,1,231200.0,229205.3916502961
7993,1,342000.0,362381.88373985677
8202,1,389500.0,367048.66442940047
8243,1,695000.0,652094.0509400779
8306,1,549000.0,568177.0792585739
9123,1,245000.0,266997.53315452306
9421,1,329922.0,322183.3537947919
9606,1,608000.0,607418.981227424
9881,1,738000.0,878302.9138121275
9912,1,240000.0,304860.1306634638
10973,1,595000.0,597620.5171932769
11357,1,246950.0,266716.4638686768
11361,1,495000.0,482681.94134547043
11573,1,680000.0,608403.9947619592
11689,1,400000.0,260558.8138131121
12094,1,630000.0,631531.9901780969
12104,1,1430000.0,1311244.4548917199
12319,1,795127.0,919710.7869864082
12527,1,625000.0,649251.4916047114
13288,1,322000.0,311598.7410763121
13425,1,1169000.0,1168596.366509855
13797,1,535000.0,553582.1993820352
13894,1,467000.0,456905.86916354724
13922,1,572500.0,619269.8404706594
14231,1,815000.0,875947.8956839164
15161,1,650000.0,660972.4451084854
15442,1,195000.0,307103.34294071625
15707,1,480000.0,450592.04889390746
15780,1,359950.0,385007.31673817086
16272,1,276693.0,339865.2836759521
16597,1,376000.0,486529.27602434537
16610,1,270000.0,254254.77019901064
16633,1,205000.0,207627.15964424232
16695,1,221000.0,225452.69926204954
16962,1,152500.0,153860.1988307264
17000,1,495000.0,502214.4118090703
17384,1,297000.0,299222.4938569479
17444,1,979700.0,822555.292953037
17745,1,272450.0,278901.2602902724
17804,1,550000.0,602616.5682810355
17885,1,645000.0,638853.310916447
18039,1,344000.0,309516.8382013835
18108,1,290000.0,281073.6658679124
18189,1,770000.0,881702.7311271214
18379,1,265000.0,505696.6696338285
18572,1,299000.0,306118.4650768982
18639,1,410000.0,464802.1340269125
19239,1,340000.0,364186.296477103
19421,1,610000.0,610427.1706305387
19540,1,588000.0,591684.8711508409
19647,1,1040890.0,1063791.5346779095
19725,1,1375000.0,1127948.6627583024
19739,1,450000.0,482606.63261974265
20119,1,399000.0,414483.74734575005
20132,1,552000.0,535000.2799046
20500,1,1699990.0,1387970.126811246
20544,1,455000.0,478303.20123166486
20820,1,452000.0,477904.8411273703
21149,1,950000.0,969572.8650306106
21218,1,465000.0,471497.866994774
148,1,258000.0,277624.8750051804
493,1,669950.0,572508.7922942651
541,1,280000.0,312962.2339807589
1240,1,685100.0,674407.5060782654
1312,1,537250.0,513649.5469034594
1625,1,192000.0,206596.55273606075
2209,1,1050000.0,1155742.9981871652
2312,1,260000.0,260918.2758720364
2475,1,345000.0,300457.6271186702
3370,1,700000.0,545134.0532527841
3432,1,289950.0,300012.8010344789
3494,1,790000.0,729164.7609483224
3826,1,856000.0,858587.4649431913
3902,1,270000.0,382643.39664669964
4160,1,579100.0,517435.5190167168
4277,1,220000.0,209217.75683282677
4829,1,339950.0,315850.77406031574
4888,1,275000.0,245435.7703041181
5037,1,459000.0,424883.493232793
5198,1,813000.0,623953.7244401617
5540,1,538000.0,491682.3691570836
5621,1,110000.0,141367.13790714016
5744,1,404500.0,368143.75233046745
5830,1,759000.0,563350.1047353162
6190,1,445000.0,427568.46550297755
6561,1,1337500.0,1165374.8090463304
7271,1,1200000.0,1206042.9904370636
7423,1,935100.0,771881.0624053652
8473,1,236000.0,270911.98065090174
8640,1,225000.0,239433.78551509674
9398,1,685000.0,715021.913473243
9860,1,330000.0,374620.4492086554
9893,1,679000.0,676840.4370108839
10025,1,230000.0,265365.12453594245
10031,1,579500.0,531481.9721930705
10294,1,488500.0,402361.1085458416
10360,1,340500.0,415014.78473500995
10387,1,134000.0,213559.94950861967
10789,1,450000.0,439658.51396203414
11063,1,845000.0,796018.5721915899
11160,1,375000.0,391774.6285004825
11497,1,580000.0,566627.0010709133
11829,1,1785000.0,1533815.3503242042
12419,1,214950.0,213708.00014961528
12420,1,580000.0,605459.3145556579
12482,1,770000.0,794430.673276326
12581,1,478000.0,449844.90490023186
13004,1,490000.0,529479.5827208229
13345,1,1100000.0,1092736.3154196423
13395,1,230000.0,228058.93858375502
13740,1,750000.0,767615.8681120406
13845,1,430000.0,395318.3611634822
14039,1,622000.0,725994.1294705124
14528,1,294000.0,255330.99479928834
14637,1,415000.0,386080.85128688463
14818,1,219900.0,183203.04213787452
15322,1,999000.0,832997.632841277
15495,1,250000.0,223385.15279327895
15690,1,407000.0,491202.22324672167
15852,1,395000.0,398077.2338902452
15919,1,299250.0,350224.91293197876
15951,1,268950.0,254932.67690314105
16084,1,465000.0,524389.1299167009
16441,1,1220000.0,1285507.9206557374
16479,1,675000.0,495429.4483553395
16555,1,249900.0,221006.26383679255
16702,1,704000.0,823376.8565911367
16958,1,225000.0,293334.1110811801
17657,1,820000.0,902998.8611886583
18236,1,315000.0,339521.2626458485
18448,1,325000.0,328895.49594013224
18515,1,564000.0,487806.5469801101
18590,1,194250.0,252801.1203390512
19290,1,447000.0,407965.3819132049
19404,1,513000.0,487156.7139065525
19713,1,345000.0,340282.62707777444
19744,1,759990.0,706773.1314201577
19755,1,569900.0,422458.73956007045
19941,1,450000.0,410582.327566531
19986,1,1465000.0,1038347.6447248084
20400,1,306500.0,285204.8524017866
20535,1,2950000.0,1391909.372097938
20748,1,395000.0,450986.378278464
21133,1,613000.0,561641.5389581018
21417,1,598500.0,569003.174541606
1495,1,495000.0,521113.80410258356
1700,1,270000.0,269481.78188884753
2483,1,543000.0,481057.07241935167
2785,1,401000.0,373547.6453823606
2845,1,1400000.0,1277969.3725501455
3160,1,485000.0,545265.0699929689
3264,1,556000.0,555355.2685106148
3835,1,889000.0,851396.8265305143
4345,1,230000.0,234663.89499305096
4649,1,415900.0,349496.98815183825
5104,1,569950.0,525290.8658397095
5314,1,635000.0,707796.9545631313
5775,1,730000.0,759268.1788811797
6635,1,400000.0,358095.5610351983
7057,1,490000.0,546695.5117341415
7858,1,475000.0,518685.4386903103
8294,1,605000.0,624137.4635466341
8676,1,380000.0,285951.95844446204
9044,1,1348000.0,1120834.7927167276
10452,1,655000.0,644647.5068915122
10653,1,285000.0,271614.9300335446
11033,1,903000.0,1008090.139479136
11227,1,753000.0,681279.4890030853
13227,1,370000.0,507048.81019310234
13228,1,150000.0,236246.17327924643
13485,1,470000.0,472902.6105893743
14174,1,427500.0,515318.3490379611
15562,1,730000.0,747658.7224122726
15625,1,249950.0,248651.2744189012
16722,1,340000.0,283777.0018717397
17209,1,1450000.0,1601335.3941848397
17552,1,515000.0,534372.2288622477
19506,1,565000.0,561483.7905871008
20246,1,457000.0,404776.9443351074
20263,1,575000.0,575550.8523738906
20405,1,499000.0,460526.61715938395
21089,1,359950.0,351019.5513981007
21116,1,474950.0,438400.1084207104
21278,1,335900.0,325363.7103850691
21595,1,520000.0,530359.9700469204
2924,1,353000.0,358340.415974244
10094,1,350000.0,359422.5017765712
13029,1,644500.0,695496.0054090502
18148,1,399000.0,412082.5969373308
21473,1,1750000.0,1722112.7805324036
9158,1,825000.0,726104.7018128335
25,1,233000.0,216460.30795257314
86,1,305000.0,290874.36824500194
702,1,480000.0,437896.688773704
1275,1,363000.0,305366.4002961302
1528,1,555000.0,550540.7404912724
1807,1,930000.0,895793.3980032037
2166,1,265000.0,263285.041193783
2191,1,605000.0,650895.5970421537
2369,1,674750.0,683999.7516274406
2575,1,690000.0,710113.5393767112
2835,1,697000.0,698230.6463235676
2850,1,399950.0,352112.86908259965
3010,1,210000.0,190882.8054246392
3388,1,637000.0,651189.7887813704
3413,1,189000.0,147444.792550577
3554,1,277500.0,251374.20925505873
4188,1,585000.0,560198.1956530473
4737,1,425000.0,394515.72242123977
4741,1,666000.0,635765.0092818856
4797,1,369950.0,328134.38552793296
5074,1,435000.0,380747.65567257913
6416,1,238950.0,139287.74696298936
6634,1,612000.0,618212.7034372982
6670,1,1515000.0,1154344.7800845294
6780,1,292000.0,341787.3960090182
6838,1,508000.0,571090.4939185414
8086,1,650000.0,586751.7670729292
8283,1,296000.0,314624.9754653317
9236,1,500000.0,633403.2587824821
9321,1,290000.0,303517.96286651574
9326,1,720000.0,772008.556377769
9463,1,398500.0,401868.54930973426
9491,1,365000.0,393716.77849033574
9542,1,734000.0,700542.3634308317
9899,1,599950.0,473799.83683192084
10024,1,455000.0,426897.95075812924
10271,1,426950.0,405591.68114286795
10357,1,334000.0,314739.4002353714
10517,1,313000.0,293301.13252356235
10675,1,257700.0,269728.98017520027
10841,1,265000.0,248397.8623480949
11138,1,825000.0,677898.4995247961
11675,1,244000.0,334738.5503821696
11817,1,250000.0,268762.59921372886
11913,1,685000.0,722015.6864130225
12011,1,395000.0,361847.8024280518
12093,1,295000.0,315516.44116893434
12152,1,375000.0,349319.8085611554
12383,1,164000.0,180079.26608991507
13608,1,447500.0,561666.2031860435
13679,1,431000.0,438510.0883279217
13900,1,772000.0,905012.2722639773
13981,1,235000.0,215897.11429368382
13994,1,370000.0,480701.7751369723
14322,1,480000.0,394814.0458860939
14830,1,465000.0,514751.01738151157
15532,1,750500.0,774527.2227993942
17546,1,337000.0,379796.57357187103
17645,1,253000.0,225465.479184298
18499,1,550000.0,575656.800253833
18686,1,699950.0,680351.6004113625
19090,1,250000.0,298586.7134169215
19242,1,435000.0,511273.90996613266
19267,1,495000.0,540756.896407213
19314,1,316000.0,309295.2696437245
19741,1,660000.0,596004.6101434218
19749,1,379900.0,368223.6268886525
19926,1,409950.0,354955.4265818251
20081,1,599000.0,584056.1417262853
20082,1,478000.0,474301.547918946
20952,1,549900.0,470977.3761403223
21242,1,452000.0,430721.93616984744
21256,1,249950.0,251390.98671697595
123,1,445000.0,379756.187669773
149,1,511000.0,464084.1524261506
412,1,632925.0,660068.8924151561
462,1,230000.0,231984.0219079563
480,1,378500.0,457578.8559448791
765,1,560000.0,550865.510457266
864,1,280000.0,290893.2014744168
1338,1,825000.0,785508.2402078887
1643,1,238000.0,251259.4722649539
1657,1,400000.0,358139.23334650893
1747,1,397000.0,349149.81967103836
1960,1,800000.0,617636.6735976769
2050,1,235000.0,266603.7917476444
2476,1,340000.0,327313.7973985717
2930,1,295000.0,321693.83411961485
2987,1,392000.0,364183.45068258705
3449,1,546000.0,492807.5534014609
3497,1,457500.0,447629.0478667515
4956,1,611000.0,568674.3312620886
5310,1,390000.0,388678.40971216175
5423,1,665000.0,560409.9263639511
5804,1,272000.0,263900.82038072
5832,1,280000.0,163102.60227736112
6228,1,380000.0,373270.95565627486
6278,1,241000.0,225377.22340101996
6760,1,339888.0,285720.12338507554
7684,1,355000.0,354948.9678138184
7755,1,390000.0,400860.33751749067
7918,1,475000.0,333774.2284597162
8680,1,690000.0,844638.1899490849
8915,1,350000.0,391393.9796845548
8977,1,398000.0,390787.9093674141
9577,1,449500.0,349728.04909046675
10700,1,274900.0,240361.57914784658
11053,1,354000.0,354291.1177386485
11456,1,300000.0,282600.2279164173
12608,1,291000.0,351716.71583776583
12792,1,495000.0,489283.87777891615
13000,1,295000.0,292094.41714547784
13806,1,325000.0,326218.553905839
14035,1,550000.0,508991.1401423411
14122,1,380000.0,484406.291714342
14269,1,349000.0,307978.5151580978
14695,1,380950.0,346109.67096841655
14717,1,289000.0,319042.52411078755
14807,1,410000.0,523241.52547253814
14841,1,952000.0,942669.5788406281
14949,1,405000.0,364196.44083796325
15052,1,429900.0,442987.81747572345
15176,1,225000.0,198743.7156504174
15411,1,502000.0,429720.6241069805
15535,1,1047000.0,1245208.7802559438
15992,1,509000.0,592644.7850756879
16239,1,500000.0,633644.6233148079
16519,1,425000.0,468442.85553312086
16609,1,275000.0,257944.0173675506
16715,1,239000.0,235078.97752228312
16861,1,435000.0,444084.74209589243
18161,1,660000.0,705165.4199284243
18300,1,715000.0,687120.1128771479
18868,1,925850.0,861959.8356632229
19044,1,290000.0,425101.9162689078
19089,1,299500.0,268986.6214801136
19312,1,345000.0,309965.3642447671
19593,1,257000.0,261152.98436718291
20285,1,456500.0,472254.7509063604
20286,1,382495.0,345660.1889873004
20438,1,530000.0,520755.31316362816
20449,1,294000.0,275101.5659589455
20682,1,922755.0,878594.7019029487
20981,1,857326.0,808511.1140376863
75,1,832500.0,822949.1639057389
191,1,166950.0,215463.96377558756
315,1,305000.0,329313.82129280025
449,1,520000.0,549730.2924955605
513,1,290000.0,360106.7879290246
523,1,235000.0,240004.869258006
528,1,365000.0,331250.13688200444
611,1,650000.0,674348.2446404187
1066,1,140000.0,186829.24655897013
1101,1,631000.0,526163.1434452405
1210,1,585000.0,533522.9777577742
1422,1,799000.0,748387.3415823118
1634,1,415000.0,515464.6955565569
1795,1,503000.0,635705.8680055031
1973,1,409000.0,392994.880201484
1996,1,194000.0,187422.01273107366
2099,1,365000.0,318231.2922687421
2678,1,462000.0,491292.5525527217
2860,1,929000.0,930087.8031100237
3427,1,732350.0,673305.8210444226
3766,1,575000.0,561081.6449731151
4044,1,269900.0,254644.36485179694
4109,1,198500.0,189489.28431028943
4659,1,302000.0,468440.24084111955
6005,1,300000.0,332165.3111694882
6315,1,239950.0,245798.00733440713
6445,1,286285.0,255353.6096992578
7063,1,319450.0,249144.07865132196
7380,1,1070000.0,889904.995483403
7821,1,599000.0,388853.8723611854
7822,1,199950.0,203393.25690515846
8005,1,865000.0,782097.4107798433
8458,1,340000.0,379858.38345023803
8853,1,560000.0,642450.2596223124
9031,1,435000.0,473728.2957078453
9206,1,525000.0,546914.9235667139
9485,1,349170.0,301736.80707094644
9824,1,372000.0,281872.87837466726
9874,1,311000.0,326985.5135470611
10199,1,682000.0,637342.0361752657
10213,1,649000.0,767233.5029391346
10420,1,740000.0,1067628.5223064886
10677,1,300000.0,289164.17811981967
11052,1,398000.0,351539.8325358336
11102,1,300000.0,258549.8680786836
11104,1,575000.0,526905.3150049336
11281,1,710000.0,840170.6134510875
11344,1,544300.0,495655.3729258502
11413,1,1295000.0,1380680.6260909936
11587,1,385000.0,357933.5201564813
12300,1,741000.0,638165.786825047
12650,1,1850000.0,1170268.7324630027
12855,1,435000.0,381563.35578133445
13498,1,850000.0,883076.00236113
13537,1,200000.0,298119.8701850665
14230,1,850000.0,724638.4454440225
14330,1,405000.0,489141.58455016447
14733,1,308500.0,337008.2562028962
14802,1,290000.0,321679.73729446373
14978,1,475000.0,548736.3142873517
14985,1,635000.0,815737.0468727349
15123,1,320000.0,331159.6445349827
15406,1,650000.0,626049.3216688741
16396,1,616000.0,683044.0621108253
16894,1,986000.0,794466.7430813807
17136,1,290000.0,352192.5196947119
17563,1,512500.0,499576.0398070785
17650,1,496600.0,515421.4287609119
18153,1,373000.0,361399.3319751164
18618,1,355000.0,456454.0892293339
18871,1,280000.0,180527.3176477934
18880,1,239000.0,225014.56312514524
20565,1,350000.0,379555.70113687427
21359,1,924000.0,869605.7402897185
21442,1,580000.0,524334.0566674072
21500,1,443000.0,454715.5897823172
341,1,684000.0,655695.1350655248
499,1,437500.0,434732.81351916236
728,1,328000.0,303681.9259239148
1049,1,716500.0,845410.1858661312
1504,1,1102030.0,1164748.0578868412
1510,1,360000.0,350543.19711390394
1661,1,331500.0,304985.2689111315
2374,1,575000.0,594673.6256672806
2686,1,343000.0,333288.64298256853
2724,1,390000.0,444356.66390291514
3551,1,355000.0,355434.30427396006
4121,1,635000.0,626746.123542912
4128,1,245000.0,256816.6189733387
4406,1,2050000.0,1410301.7335904746
5146,1,432000.0,441310.95545693784
5391,1,345000.0,387201.7734908495
5452,1,299950.0,291553.147798371
5519,1,285000.0,346028.57650975895
5580,1,353000.0,358540.7139994772
5589,1,1880000.0,1435525.9166197574
5703,1,395000.0,388389.9250331861
5904,1,416500.0,542989.2845180659
5980,1,685000.0,627552.0086630887
6241,1,280000.0,321617.5855636549
6263,1,175000.0,225057.75362234502
6264,1,560000.0,667021.2469675023
6532,1,500000.0,411826.4563760239
6704,1,203000.0,192759.06062559914
7268,1,195000.0,227139.26747405695
7622,1,481500.0,542782.2168785547
8261,1,375000.0,344339.9419398852
8284,1,193000.0,230716.68813046615
8318,1,375000.0,364913.77674510924
8494,1,338000.0,346432.80763539113
8524,1,320000.0,292092.2317913296
8543,1,445000.0,496542.5240767649
8819,1,1005000.0,877282.9816776494
9188,1,144000.0,195492.66995604424
9271,1,926500.0,825929.0397772663
9665,1,195700.0,198001.82169040616
9734,1,410000.0,369810.7886925012
10153,1,985000.0,793651.5651239542
10717,1,555000.0,543043.5620587172
10833,1,608700.0,592714.9181035461
11071,1,420000.0,435333.7780140941
11079,1,774000.0,772194.2037674444
11340,1,1078500.0,1106930.2473922665
13035,1,300000.0,268927.21987791546
13367,1,610000.0,566952.9788555
13596,1,515000.0,553503.1009616547
13837,1,465000.0,459217.80709343776
14195,1,473600.0,430435.41548241087
14225,1,310000.0,261768.27911497225
14297,1,1500000.0,1484904.0776529585
14672,1,274000.0,273758.50099348015
14836,1,215500.0,221647.66111269657
15626,1,390000.0,377078.07995050633
15646,1,368000.0,390288.2592899473
15877,1,282500.0,283167.1543028751
15926,1,778000.0,832519.3975695589
16237,1,216500.0,187421.65322026156
16659,1,552321.0,523945.8939515219
16793,1,465000.0,443671.9047222735
16932,1,605125.0,511504.254241814
17285,1,735000.0,720468.6311204338
17587,1,428950.0,430077.7798651686
17598,1,160000.0,205749.15065649073
17668,1,465000.0,425257.7632169894
17730,1,515000.0,596172.1098814581
17925,1,550000.0,553694.3046927329
18166,1,230000.0,244533.92916616646
18959,1,315000.0,308918.10299348104
19266,1,302000.0,338736.8541628981
19297,1,1430800.0,1081760.3092586035
20284,1,345000.0,333994.5999820614
20614,1,308625.0,307757.1484551092
20864,1,1275000.0,1160236.0287077427
21084,1,680000.0,667297.0258020149
742,1,740000.0,616160.9371816393
1193,1,655000.0,631542.9723878737
1204,1,179950.0,201285.9524384414
1442,1,352950.0,459467.96681902045
1740,1,785000.0,666933.6461365928
1806,1,574000.0,651657.203898491
2355,1,1187500.0,1170494.072408447
2493,1,195000.0,247363.68111811727
2880,1,599950.0,706136.2629843494
3338,1,1675000.0,1987782.6992194827
3381,1,799950.0,815417.960374768
3496,1,697000.0,706745.8619580305
4046,1,267000.0,242185.3181035501
4077,1,875000.0,666412.4097913684
4099,1,875000.0,935285.3980531056
4857,1,320000.0,305802.04716492206
4925,1,245000.0,242338.5711289451
5416,1,785000.0,754758.9923564956
5550,1,227000.0,228574.13530932573
7354,1,279900.0,331300.23720441514
7376,1,295000.0,238969.20237655484
7385,1,450000.0,805738.1488432015
7610,1,449000.0,486147.3865892601
7623,1,224500.0,225840.0316223782
7910,1,616000.0,602054.4469053731
8282,1,245000.0,287293.2266509845
8402,1,248000.0,222512.84434854164
8480,1,808100.0,766930.7089895986
9648,1,359950.0,361275.6646041296
9965,1,485000.0,479782.0382153279
10247,1,324360.0,315863.2869788861
10297,1,440000.0,442711.01651530835
10564,1,195000.0,199664.1457994491
11153,1,515000.0,485890.0777639937
11430,1,320000.0,340827.54520694254
11617,1,275000.0,214356.86464873824
11624,1,614000.0,543188.6653907358
11664,1,255000.0,213557.91306644003
11914,1,429950.0,423233.3480221407
11986,1,330000.0,363190.36437078787
12133,1,650000.0,633379.5700963915
12427,1,230000.0,266233.0900914073
12548,1,442500.0,532835.9447863873
12603,1,470950.0,520968.633824811
12895,1,645000.0,566593.2430814757
13155,1,456000.0,543560.5867872346
13237,1,429000.0,260299.94443148887
13283,1,415000.0,418112.61187685054
13464,1,790000.0,665934.7061954002
13696,1,240000.0,262066.57368118924
14008,1,129000.0,157362.9764494919
14110,1,407185.0,454695.53041308786
14142,1,290000.0,296234.0341846939
14428,1,980000.0,1134657.9973794746
15360,1,707500.0,669721.5812336507
15393,1,421000.0,361290.26211096236
15432,1,660000.0,649029.5515150855
15550,1,339950.0,373504.3412303386
15663,1,185000.0,219350.2874500363
15703,1,465000.0,426732.6480251291
16063,1,278000.0,266386.2366262029
16868,1,590000.0,680013.9876950436
17292,1,379770.0,405043.298262689
17505,1,982000.0,800860.6692642238
17886,1,217000.0,165443.7048603672
18607,1,1156000.0,1187952.6569207334
18697,1,335000.0,310709.1324056639
19110,1,715000.0,641908.3202140686
19493,1,370000.0,332125.52977029927
19997,1,287000.0,261441.44474840924
20590,1,445000.0,451764.23721816257
20973,1,1242000.0,1557239.2625521126
21169,1,855000.0,884670.6084912701
2790,1,1610000.0,1446146.3722620218
4920,1,450000.0,443553.33879174513
8346,1,325000.0,351539.8325358336
12597,1,313999.0,309772.40930149966
20365,1,310000.0,320045.33006283775
4204,1,373000.0,380264.94761908625
8444,1,607000.0,582205.1932719025
15676,1,346000.0,351682.6834903305
30,1,580500.0,598841.9833971236
33,1,535000.0,505499.366650204
446,1,1030000.0,852863.8499828946
891,1,1010000.0,833641.5341622081
1100,1,1570000.0,1517702.6416876367
1136,1,400000.0,486149.9238643552
1265,1,467000.0,490165.40176884143
1492,1,521000.0,447451.4558096188
2080,1,545000.0,569700.1959864346
2346,1,520000.0,484480.30282152485
2350,1,350000.0,370802.7727809962
2397,1,280000.0,288579.3152349346
2818,1,1385000.0,1179791.2465940502
3460,1,640000.0,592454.9351578353
4439,1,1250000.0,1254637.1776381521
4466,1,415000.0,441214.99778013275
4698,1,354000.0,305861.71426044026
5046,1,600000.0,570935.6983283537
5520,1,700000.0,697006.923112486
5535,1,250000.0,256765.86425715903
5965,1,315000.0,387951.40865729493
7047,1,390000.0,368472.7766271923
7885,1,713500.0,708652.825089097
8399,1,507000.0,581610.8432675314
8534,1,898000.0,775832.1446380125
8536,1,1240000.0,972382.2297831894
9915,1,234000.0,351527.6665259999
10126,1,350000.0,332951.0782926874
10149,1,373000.0,353823.81843877106
10184,1,725000.0,682140.603105678
10348,1,1197000.0,912184.4802076637
11334,1,700000.0,615468.4922698094
11425,1,277700.0,387708.675109748
11481,1,195000.0,204707.07893157538
11570,1,510000.0,504508.91608308436
11677,1,218000.0,188530.1804480951
11749,1,447000.0,407389.8988212797
12692,1,470000.0,622167.8753448619
12733,1,1149000.0,1122137.3414394679
12823,1,145000.0,371347.67117192794
12877,1,575000.0,566731.9414379294
13063,1,338950.0,262663.7472830626
13116,1,600000.0,691988.8991287781
13136,1,468000.0,410277.0636629867
13157,1,485000.0,449304.2763676649
13339,1,210000.0,188794.42481352077
13423,1,720000.0,665307.4841066005
13674,1,338000.0,334032.8216691366
13879,1,330000.0,315068.84162524785
14086,1,830000.0,692606.8854951359
14190,1,824000.0,527328.9449741648
14444,1,593000.0,641591.0306873774
14937,1,187000.0,216361.24120968886
15026,1,439000.0,428762.6417298682
15039,1,2000000.0,1489813.174164437
15136,1,425000.0,382829.81291621586
15459,1,497950.0,401248.7952060691
15501,1,1075000.0,839410.2969842788
15907,1,339300.0,391645.2454469509
15952,1,264500.0,231689.64159756966
15953,1,240000.0,250751.3146708214
16424,1,438200.0,458882.48538759217
16545,1,362000.0,358742.70581927965
16567,1,1260000.0,1077002.7315198684
16623,1,369950.0,362304.3398412677
16727,1,279000.0,270668.27939759946
16914,1,425000.0,463216.9909549624
17050,1,379400.0,477197.8419834504
17406,1,436000.0,488593.3666439359
17494,1,959750.0,792866.4372521689
17795,1,523000.0,424954.746338457
18479,1,520000.0,396157.4284214394
18816,1,208000.0,210081.29927517855
19054,1,135900.0,162984.47002069792
19754,1,282000.0,286957.0249323451
19792,1,385000.0,426493.2080955516
20788,1,469950.0,454472.0021911972
20799,1,290000.0,339673.7918141831
21038,1,370000.0,292659.5612647037
21315,1,440000.0,382718.1610305053
196,1,423000.0,403097.4245228251
385,1,799000.0,876224.4735870813
886,1,700000.0,694823.614728042
1799,1,465000.0,457933.96220018994
1893,1,915000.0,827098.640513643
2238,1,315000.0,320555.6775372299
2694,1,830000.0,776302.1862753917
2826,1,256000.0,272838.21019041876
2836,1,1324050.0,1322772.9559025988
2920,1,1125000.0,990056.4177127178
3214,1,555565.0,621938.1447482905
3340,1,437500.0,498606.11300417094
4113,1,462600.0,480825.4983867456
4475,1,670000.0,744862.9188396337
4635,1,2485000.0,2675221.5245716865
4861,1,220000.0,266025.4781318397
5562,1,250000.0,283884.25842578686
6006,1,252000.0,282577.15611912205
6900,1,502700.0,519866.038739275
6987,1,515000.0,537581.6271346033
7364,1,749950.0,840055.7433053164
9800,1,240000.0,255925.5120858428
10095,1,200000.0,277727.92570960394
10992,1,554950.0,563906.3329306754
11211,1,577000.0,506264.0899227921
11966,1,550000.0,661945.4944521855
12970,1,519950.0,512531.2599893941
13027,1,825000.0,1062991.7689671586
13660,1,399000.0,312556.8861380698
14679,1,220000.0,220421.0313117295
15010,1,970000.0,1290325.488146219
15869,1,362000.0,378704.1935673856
16651,1,283000.0,287316.744265069
16857,1,380000.0,384797.79049664503
16908,1,457000.0,322676.67177768226
16973,1,632000.0,559950.1750036009
16997,1,430000.0,353016.802740104
17183,1,640000.0,658009.5226281539
17346,1,370000.0,376021.20664297533
17713,1,590000.0,715395.8276586763
18111,1,1096500.0,992955.0930132311
19299,1,174900.0,195351.95628631767
19361,1,450000.0,428649.6223561814
20027,1,572115.0,523719.2128742275
20426,1,998000.0,1026139.0536534025
20855,1,329950.0,392733.81955512066
21231,1,452000.0,457245.4336377425
21336,1,559630.0,514071.92731032864
21575,1,399950.0,366339.4073762788
201,1,297000.0,319446.66786710685
464,1,330000.0,264207.4112457837
960,1,650000.0,768821.0620470202
1229,1,457000.0,414247.991122712
1346,1,620000.0,825371.7306115055
1586,1,1150000.0,1204009.7778307188
1652,1,231500.0,239929.2839110204
1964,1,252000.0,241842.74319649473
2235,1,220000.0,238764.39939882632
2256,1,245000.0,244404.18159139133
2529,1,392450.0,499928.52826278383
2562,1,493000.0,504437.23562114954
3786,1,284700.0,236635.62707089022
3996,1,318700.0,388441.39166719356
4144,1,701000.0,629882.1639468583
4333,1,281000.0,215322.95659363706
4416,1,425000.0,416921.54620736436
4469,1,468000.0,385700.77499450854
4717,1,750000.0,961749.8145782705
4900,1,550000.0,534403.0161429626
4903,1,259950.0,310535.6756584069
5039,1,235000.0,233434.29985491032
5093,1,395000.0,465127.4334690494
5802,1,460000.0,454910.367135825
5877,1,449950.0,574888.4007039507
6323,1,376000.0,420438.3725202616
7326,1,275000.0,297249.89705987705
7503,1,549000.0,580249.1148805148
8002,1,379500.0,368345.88966806454
8912,1,465000.0,550614.6186270999
9152,1,525000.0,542515.6715992206
9353,1,300000.0,271944.5179144063
9627,1,765000.0,693012.825550487
10287,1,196700.0,203223.23490962657
10780,1,750000.0,657181.5089334693
11055,1,399000.0,362461.68833212997
11083,1,450000.0,496404.5767959926
11306,1,402300.0,492452.767350337
11540,1,950000.0,1059697.0723033787
11807,1,362000.0,378564.5855428899
11988,1,329000.0,313062.1498881346
12035,1,415000.0,487059.3314095263
12070,1,396500.0,360484.1689715213
12211,1,1190000.0,1165312.5916386861
13048,1,870000.0,931934.3816600675
13134,1,980000.0,991691.708399935
13161,1,790000.0,636575.0754249713
13956,1,1160000.0,1689952.2803503396
13982,1,599950.0,570727.5726755129
14080,1,260000.0,267334.6136293876
14136,1,557865.0,681248.0254026612
14606,1,395000.0,375350.95966679015
15087,1,365000.0,415470.869765013
15390,1,524950.0,471124.92298229056
15975,1,475000.0,382102.1947354862
16334,1,745000.0,774706.5035985425
16582,1,1350000.0,1379952.6189769781
17337,1,476800.0,470342.0011686053
17392,1,179950.0,180243.48466770383
17648,1,805000.0,898654.7121727217
18012,1,640000.0,589146.3969621015
18260,1,493000.0,580776.7230082494
18400,1,1065000.0,1018641.5030867296
18440,1,357500.0,335129.4541705664
18523,1,465000.0,512185.0117936836
18589,1,732500.0,710450.3643440269
18596,1,645500.0,619197.6856870664
19100,1,399000.0,442220.2823439253
19249,1,129888.0,210921.59934018797
19502,1,445000.0,447761.16217648954
19650,1,155000.0,219639.85580970542
19785,1,290000.0,324366.8609255573
20250,1,1050000.0,883932.4814726992
20586,1,653500.0,716424.7236103774
20956,1,650000.0,602089.0772812777
21091,1,530000.0,538604.9471234911
21177,1,663000.0,602414.1149259909
21190,1,405000.0,399584.2277113817
21325,1,659000.0,649226.508172144
21354,1,495000.0,478110.217900812
21477,1,1010800.0,976797.218618233
21582,1,490000.0,494246.45001429506
158,1,247000.0,208783.57729957634
277,1,770000.0,767957.0681366951
472,1,1199000.0,1275852.390321813
661,1,496500.0,449666.24266145506
738,1,1300000.0,1510666.6788211958
771,1,341500.0,268409.2878348988
859,1,166600.0,209340.2629843096
1201,1,472800.0,502237.54154135083
1215,1,455000.0,476906.59816011414
1248,1,449000.0,474688.81453494006
1267,1,340000.0,370373.215409209
1603,1,703770.0,740541.436557483
1975,1,200000.0,347903.9833247849
1979,1,210000.0,229602.67295814853
2617,1,210000.0,242258.76268870005
3306,1,430000.0,401563.80369674263
3595,1,630000.0,608176.1516363254
3758,1,205000.0,201472.5530888236
3808,1,245000.0,241045.19438430772
4141,1,545000.0,547790.0689643722
4603,1,305000.0,296692.7738463681
4605,1,700000.0,714401.5161156544
4716,1,415000.0,432044.8901894074
4766,1,490000.0,573884.463468942
5470,1,410000.0,323351.86419763253
5646,1,720000.0,749494.4302087027
5759,1,580000.0,546663.0282113352
5776,1,637800.0,632466.4096759339
6209,1,435000.0,474311.46395144874
6282,1,270000.0,226471.19791449446
6743,1,275000.0,224543.0462601604
6921,1,284000.0,255709.57082913537
7468,1,415000.0,369981.2425693959
7774,1,440000.0,416622.19147293776
8103,1,163250.0,225472.80160740606
8221,1,506000.0,451063.2906401389
8237,1,250000.0,324601.21286101884
8332,1,250000.0,217269.69566987286
8457,1,350000.0,289495.3297580975
8504,1,549950.0,637950.9156061931
8780,1,510000.0,521840.28345054947
8875,1,310000.0,410133.4192816611
9019,1,510000.0,547580.5826730618
9374,1,349950.0,322101.74559198983
9549,1,275000.0,241841.4942856442
9738,1,518000.0,525702.00949768
9890,1,128000.0,179834.90739532112
9891,1,210500.0,243563.2118752265
10492,1,227950.0,230277.19257215978
10687,1,595000.0,613951.2080396396
10755,1,400000.0,466825.3713600043
10762,1,379750.0,374353.09619656275
10852,1,580000.0,556410.1209603134
10876,1,238950.0,234033.72485454005
10882,1,600000.0,420921.3164985126
10893,1,312620.0,290174.97348086326
11021,1,315000.0,267097.7076950657
11190,1,276000.0,263883.56899339065
11531,1,765000.0,789116.7848552444
11783,1,370000.0,360346.05515496753
11819,1,206990.0,197377.6273522313
11964,1,378000.0,348733.22505390155
11973,1,760000.0,685691.6628133204
12032,1,550000.0,546633.4616090693
12120,1,400000.0,443774.3602935887
12281,1,471000.0,548305.9145720066
12355,1,305000.0,349637.95766478486
12405,1,239000.0,202895.7493594973
12709,1,425000.0,456903.76882267575
12875,1,310000.0,391238.8773864532
13730,1,325000.0,296245.38635487645
14060,1,397950.0,432828.2751828506
14275,1,1100000.0,951150.4437684411
14766,1,390000.0,332557.6988156426
15061,1,725000.0,736290.8253988099
15301,1,314000.0,300290.91207310127
15493,1,320000.0,311457.80815147347
15569,1,309950.0,247353.2221752267
15791,1,400000.0,378318.2373091572
15874,1,1600000.0,1695064.4723664857
16014,1,252500.0,349125.2584483311
16570,1,340000.0,339616.95375392033
17308,1,518000.0,577791.0051050354
17557,1,260000.0,251534.8380505132
17701,1,356000.0,343199.28167671803
18465,1,799000.0,537141.4393907891
18593,1,526000.0,482455.0207193656
18660,1,572000.0,472486.4928547044
18750,1,465000.0,544216.6437490645
18908,1,180000.0,190078.69085943044
19957,1,840000.0,669832.5270708434
19990,1,685000.0,660481.0463172201
20217,1,437718.0,402608.04940232995
20244,1,1333000.0,1435217.1164897664
20356,1,359950.0,382525.8565573589
20573,1,305000.0,283445.38588327775
21040,1,2900000.0,3030384.6648314856
21419,1,729999.0,758992.6524258459
21483,1,407500.0,409414.43172719993
21588,1,414500.0,464364.761219516
85,1,940000.0,966228.9475762742
426,1,310000.0,375731.27905569633
518,1,2250000.0,2029489.5029157845
895,1,431650.0,470993.62417894683
1259,1,295700.0,273353.708746334
1828,1,460000.0,567256.5890792978
1997,1,180000.0,193475.45985566443
2085,1,3850000.0,4434994.141661576
2310,1,380000.0,434958.5916849778
2408,1,1015000.0,675287.7569980168
2915,1,455000.0,449526.80013514694
3094,1,425000.0,416404.1589133853
3360,1,454000.0,399982.1273525769
4165,1,523000.0,605022.2922662441
4170,1,810000.0,722777.1138824464
4192,1,1045000.0,911382.1617735876
4412,1,864500.0,828876.6862039809
5338,1,303500.0,316630.7490541624
6029,1,575000.0,511593.172510559
6486,1,545000.0,552366.8250428155
6654,1,358000.0,416746.4837334206
7060,1,517500.0,486420.30798808247
7781,1,430000.0,407155.2754011463
7798,1,488000.0,535444.8450236717
8204,1,269950.0,251596.8198257796
9313,1,790000.0,723246.2979545451
9595,1,236000.0,222076.65769908446
9609,1,339950.0,283320.2193663828
10061,1,574000.0,672913.2140309364
10236,1,310000.0,332100.720126126
10816,1,605000.0,486097.0716505376
11208,1,427800.0,441284.6173479804
11509,1,156000.0,198563.2208864272
12091,1,490000.0,473752.8425443197
12177,1,595000.0,666896.2542868606
12198,1,260000.0,232960.8131433944
12224,1,265500.0,235058.11426687514
12489,1,357950.0,430256.06500040006
12878,1,284000.0,306097.51985560224
13255,1,840000.0,828148.1626075301
13767,1,505000.0,497191.10678004054
13897,1,223000.0,194506.57484070005
14458,1,185000.0,212008.02730312443
14879,1,630000.0,693305.7095313873
15049,1,1535000.0,1754902.3206383116
15185,1,490000.0,495568.33686333994
16453,1,525300.0,512632.2243358687
16596,1,252500.0,282312.5566576155
17061,1,272000.0,247711.73495001538
17442,1,577500.0,604920.1873496636
17781,1,460000.0,477244.2430612808
18052,1,247000.0,140873.72408279715
18090,1,244000.0,303564.9252492458
18306,1,440000.0,452153.2197653138
18345,1,280000.0,255657.9014549549
18366,1,975000.0,1366430.992150465
18390,1,551000.0,580658.819603954
18989,1,370000.0,333342.19907571113
19140,1,430000.0,423633.12657876057
19143,1,635500.0,662150.4335694825
19225,1,199900.0,186283.6353095462
19640,1,338900.0,337831.7815775249
19738,1,299000.0,395158.86274036905
19750,1,335000.0,310903.116326948
19828,1,530000.0,477626.54297454713
20529,1,565000.0,500638.9573856167
20607,1,805000.0,766599.3362259412
20758,1,358000.0,369397.6965891548
21025,1,727000.0,685955.8402429445
2734,1,700000.0,568955.3647103027
4071,1,324888.0,326728.44778834557
10993,1,326000.0,499337.08616804134
12368,1,336500.0,333034.049305989
178,1,269950.0,306238.9967343672
554,1,396000.0,366535.2329596001
584,1,268500.0,262573.4159409177
650,1,220000.0,219902.91864388136
1256,1,265000.0,332817.5146619407
1543,1,860000.0,816967.7370037233
2107,1,272000.0,349336.4502180769
2135,1,185000.0,192424.79884056112
3023,1,409500.0,484684.1274489774
3121,1,1320000.0,1473802.7731656977
3190,1,445000.0,397794.2391983797
3816,1,239000.0,257744.16408887008
4367,1,800000.0,793286.079499232
4435,1,249950.0,256561.9777262033
4503,1,295500.0,326175.40270758717
4613,1,880000.0,808636.2705256689
4780,1,310000.0,360038.53611012374
6658,1,554000.0,514438.73120273603
6820,1,274000.0,231629.15764103504
7082,1,600000.0,604135.6136459056
7667,1,220000.0,245617.3742848065
7731,1,775000.0,800003.2384510494
7987,1,740000.0,695253.2905943788
8093,1,627000.0,622865.3965534775
8278,1,453000.0,460737.04375522764
8305,1,473000.0,515766.42018000415
8477,1,339950.0,340204.94242481794
9064,1,545000.0,574044.887369895
9435,1,225000.0,254591.59949250764
9566,1,540000.0,576701.5560289138
9698,1,357000.0,346775.5603620367
9962,1,525000.0,466533.5227713915
10479,1,400000.0,450150.07801653293
10821,1,795000.0,858631.2095098919
10840,1,1575000.0,959845.7351730986
10972,1,455000.0,426005.1661672286
11050,1,427000.0,373949.45495631447
11327,1,313000.0,197900.73028823984
11718,1,410000.0,460899.44804737176
11811,1,375000.0,379898.65398602077
11943,1,571000.0,596457.5146468127
12051,1,688500.0,680743.9645426486
12326,1,925900.0,909855.8839811122
12335,1,295000.0,434781.6211487088
12504,1,311000.0,277755.57266771985
12730,1,577288.0,626694.8112831098
13306,1,395000.0,432283.27137314575
13753,1,230000.0,254579.34170354242
13789,1,302500.0,310957.62248701276
13866,1,318000.0,306914.06157888
13939,1,348000.0,234613.7521636945
14041,1,805000.0,925108.683296898
14378,1,489000.0,550608.2120730757
14437,1,234950.0,228831.56197850942
14506,1,435000.0,467866.7120366595
14868,1,383000.0,342367.34130667633
15003,1,397000.0,403922.53691756487
15167,1,230000.0,228979.49662107116
15430,1,1311000.0,1127717.370873639
15800,1,426000.0,367573.0528615946
15894,1,254950.0,263814.69890265574
16885,1,264500.0,254347.15625724575
16906,1,237600.0,223014.81425114797
17274,1,368000.0,371418.451486014
17295,1,600000.0,612950.0669232861
18229,1,475000.0,441191.78132745455
18275,1,285000.0,481964.58241994365
18766,1,443000.0,491278.9959203068
18839,1,295000.0,292726.9220241756
19153,1,567000.0,679924.8115533447
19376,1,440000.0,492481.42996195337
19802,1,545000.0,628198.2454530959
19900,1,288790.0,319356.5649477294
20193,1,614000.0,581601.6820329049
20418,1,709950.0,723223.4455711107
20496,1,847093.0,865547.1844239341
20561,1,485230.0,439253.8426541694
20667,1,496000.0,456739.5734064612
20781,1,239000.0,258513.8703223956
21097,1,780000.0,830454.4319300773
21295,1,279500.0,242395.34168619534
21300,1,453000.0,473582.6561049458
21340,1,417000.0,383861.73713015363
21377,1,403000.0,386894.749169962
648,1,157000.0,167818.9225077035
782,1,320000.0,310832.7376597739
806,1,308000.0,325921.7641220774
841,1,320000.0,347347.81974553666
1094,1,430000.0,426747.6594653506
1304,1,275000.0,375017.5211425862
1359,1,549000.0,595668.1185506637
1563,1,607010.0,495942.8502418184
1671,1,293000.0,315728.1201907836
1721,1,360400.0,400104.3060672121
1810,1,480000.0,508472.00897658285
2017,1,580000.0,555479.2664314698
2025,1,719950.0,712183.9325719408
2109,1,307000.0,300819.1926511328
2774,1,416000.0,451120.64136120403
2864,1,3600000.0,3056591.903291193
3177,1,450000.0,580210.505738627
3225,1,875000.0,886297.7750437141
3356,1,850000.0,695443.8330913554
3778,1,810000.0,863648.428058098
4090,1,462500.0,472113.31059513247
4168,1,359950.0,336993.37602543336
4228,1,509500.0,538409.1990643637
4311,1,339000.0,360976.1715739547
4402,1,515000.0,522405.3150787671
4598,1,643500.0,516785.02368618397
4851,1,988830.0,997419.669232707
5127,1,510000.0,722215.49351275
5489,1,751305.0,822856.4803060167
6270,1,530000.0,535842.3736279769
7701,1,345000.0,323932.34789621376
7838,1,342450.0,297120.33467721223
8112,1,299950.0,304959.64010792354
8447,1,250000.0,328059.54303301946
9375,1,1565000.0,1302051.6883815655
9671,1,905000.0,922439.4790297751
9694,1,865000.0,879415.0084069236
10120,1,250000.0,233181.03943963232
10242,1,279000.0,373039.1030190384
10388,1,645500.0,698532.0243372283
10529,1,770000.0,607171.9613131315
10577,1,333000.0,406790.20115455636
10706,1,456700.0,469599.70288801973
10721,1,135000.0,178977.01775157504
10824,1,598850.0,591447.2068783195
10854,1,594000.0,563771.5193716444
10990,1,425000.0,436330.9627529475
11038,1,250000.0,238075.30791071185
11078,1,365000.0,344823.29047931323
11084,1,814950.0,851838.2268241302
11349,1,490000.0,563308.5483021032
11417,1,751000.0,840511.528680856
11693,1,422500.0,378729.049803871
11850,1,688100.0,667295.0828531341
12085,1,210000.0,231807.88278155462
12206,1,540000.0,493285.65496872424
12659,1,158000.0,207122.71235716325
13105,1,315000.0,347447.3542610733
13178,1,225000.0,296171.86983639695
13615,1,210000.0,239411.17104991054
13965,1,277500.0,333205.8580157128
14280,1,352000.0,361653.8107373275
15110,1,268000.0,256184.2848106331
15649,1,252000.0,298498.04168615583
15765,1,525000.0,574333.534081126
16819,1,505000.0,444474.5405949448
16900,1,355000.0,325103.8619882764
17027,1,445000.0,502025.1205402495
17419,1,219000.0,177930.19542125196
17625,1,531000.0,565037.82258187
17762,1,300000.0,194605.33529514208
17867,1,255000.0,298341.95643910044
17887,1,255000.0,206064.95572574422
18224,1,459800.0,453394.4726581271
18263,1,475000.0,401209.74362137995
18435,1,589000.0,549827.4730652876
18655,1,1388000.0,956891.7007650576
18696,1,650000.0,624900.4886288864
19086,1,774900.0,518351.4625033617
19141,1,266490.0,265797.1851245113
19179,1,475000.0,505126.49893592054
19431,1,565000.0,472478.6817382101
19528,1,510000.0,603552.2552292616
19648,1,299000.0,295513.4445431332
19773,1,399000.0,390074.0035170313
20228,1,565997.0,548520.5292175459
21560,1,540000.0,548764.2476416774
121,1,391500.0,393021.7987647737
739,1,233000.0,230827.12036991006
1006,1,515000.0,512178.68776194734
1238,1,659000.0,475390.4439964471
1800,1,206000.0,213694.20811754596
1945,1,2400000.0,2227689.234496724
2153,1,1010000.0,944384.644459498
2964,1,999000.0,639676.4963219435
3405,1,515000.0,538610.5856452396
4512,1,312000.0,338675.16069469095
4656,1,425000.0,388530.07675963006
4948,1,425000.0,507392.3918773608
5050,1,249000.0,298917.55498535867
5078,1,250000.0,214556.2799300231
5168,1,611900.0,701502.3409273085
5345,1,365500.0,347121.4852992889
5436,1,375000.0,365437.3789418326
6131,1,517500.0,492181.5283805111
6547,1,530000.0,531922.2595566086
6614,1,340000.0,434172.59556047356
6623,1,550000.0,521841.0357403124
6645,1,378000.0,356574.62985368574
6662,1,193000.0,161354.91153143925
6837,1,299000.0,334957.56339704106
6977,1,690000.0,579094.7448882378
7196,1,900000.0,555288.4326921876
7558,1,382000.0,421453.07230112643
7656,1,960000.0,868553.0010636483
7761,1,170000.0,177298.92259350538
8182,1,495000.0,297530.8907018251
8210,1,203000.0,229606.4285889976
8559,1,506400.0,462556.32084744284
9000,1,1050000.0,1310169.1975919239
9190,1,525000.0,470413.75508667476
9240,1,412133.0,469211.68590592156
9487,1,2375000.0,1277003.1848507882
9575,1,460000.0,367964.1020263758
9682,1,415000.0,368493.2997270657
9691,1,601000.0,540557.8066069108
9895,1,352000.0,370290.2440480313
9970,1,290000.0,205904.5827201351
10351,1,465000.0,451223.97274499945
10409,1,269000.0,237680.7622520265
10430,1,570000.0,601907.4906785123
10463,1,519500.0,537914.981820386
10890,1,440000.0,418264.2802709876
11181,1,595000.0,650155.2785837032
11192,1,355000.0,301570.528211403
11316,1,240000.0,232889.38212194396
11972,1,839900.0,774532.5710209683
12340,1,190000.0,201070.26921620386
12683,1,705000.0,675064.1608066333
13142,1,262500.0,229007.6801541898
13176,1,667500.0,939433.5175855039
13771,1,325000.0,364266.85224485386
14081,1,294000.0,293229.64011731354
14572,1,195000.0,175863.29359341177
14725,1,415000.0,414772.65058741526
15181,1,415000.0,394034.72718297446
15202,1,710000.0,839658.1426295796
15205,1,528000.0,532400.1834466265
15402,1,246000.0,255848.56648017096
15901,1,315000.0,343359.12849983183
16011,1,392500.0,372872.3486409451
16251,1,215000.0,229096.50931238013
16273,1,185000.0,241761.27926809047
16742,1,508500.0,529293.8120942309
16948,1,542500.0,525798.8888003035
17418,1,290000.0,260950.07163468652
17856,1,718000.0,493238.90866642486
17947,1,290000.0,347994.40574178624
18083,1,770000.0,930610.606706154
18091,1,397000.0,444231.7595869574
18122,1,576925.0,528199.929782879
18248,1,740000.0,817704.8628645182
18700,1,788000.0,729971.5993039787
18857,1,520000.0,479453.9272706273
18947,1,313500.0,313545.39364042634
19159,1,252000.0,238282.1682972429
19673,1,375000.0,432135.0835589372
20061,1,700000.0,635823.2918698351
20588,1,333000.0,450003.35315941274
24,1,329000.0,337354.2067691686
65,1,317625.0,601279.5529806799
156,1,650000.0,787547.9205772474
233,1,213000.0,236472.8243462482
369,1,338000.0,319645.42600553273
490,1,452000.0,440867.32856085536
656,1,3070000.0,1584453.2348091647
787,1,460000.0,455847.2615802104
834,1,249900.0,215693.4664759325
1435,1,290000.0,364234.80516554427
1578,1,440000.0,399890.9788838948
1730,1,1679000.0,1424790.179523838
2435,1,355000.0,299738.50381653773
2842,1,375000.0,359198.1807122385
2851,1,534000.0,544698.8532783639
3101,1,190000.0,200911.45437268203
3265,1,218000.0,260174.12646925202
3318,1,445000.0,485183.0041558591
3464,1,805000.0,663614.1720946656
3713,1,421000.0,373099.1295618774
4399,1,1150000.0,1143051.3913486276
4536,1,297000.0,296248.4195583337
4801,1,410000.0,391139.3570273921
5247,1,890000.0,663469.4569929069
5528,1,805000.0,849628.759774851
5680,1,1470000.0,1268337.426927175
5821,1,435000.0,478254.63844220986
6041,1,2385000.0,2764528.9294465617
6042,1,230000.0,234090.5763362698
6517,1,560000.0,431278.0665580532
7294,1,700000.0,672482.9905879556
7335,1,445500.0,446041.6877715675
7393,1,366000.0,435872.5012179508
7477,1,370000.0,389551.0678402034
7520,1,229950.0,238788.30049618016
7801,1,321000.0,331788.14803582325
8218,1,490000.0,475157.0128279078
8376,1,300000.0,281525.1010473883
9183,1,305000.0,339048.6484630034
9216,1,340000.0,580863.5420834684
9256,1,811500.0,800557.9915448449
9540,1,961000.0,917637.634277108
9984,1,205000.0,289677.16160321626
10110,1,920000.0,714855.8865635245
10312,1,398000.0,405725.94533884537
10317,1,524000.0,591739.9323324113
10814,1,432500.0,461843.96077224944
11579,1,185000.0,191914.51131861162
11762,1,350000.0,287549.84813765547
11890,1,365000.0,196236.71145233093
12191,1,438950.0,474655.54983381595
12337,1,749950.0,761005.2818869399
12753,1,292000.0,304380.2830201847
12985,1,500000.0,553487.3702915229
13061,1,496600.0,544838.8102655346
13396,1,770000.0,710226.1261804225
13838,1,280000.0,261039.10765656034
14076,1,294000.0,283732.37537335965
14143,1,690000.0,549378.2324743015
14795,1,190000.0,198575.57026703405
15270,1,457000.0,491549.8672802256
15334,1,649500.0,606594.634189575
15405,1,990000.0,1138658.7620073513
15744,1,560000.0,580708.3309638596
16115,1,616950.0,664678.7704435026
16369,1,580000.0,529187.8203782162
16565,1,385000.0,433926.1931123632
16668,1,808000.0,779649.5920289343
16744,1,206000.0,212609.9357019536
16859,1,202000.0,213391.47385250742
16939,1,262500.0,346815.19919478573
17215,1,297000.0,344682.6057020838
18635,1,179950.0,201692.088260368
18784,1,419000.0,382153.50688995613
19313,1,342000.0,325622.0482508136
19626,1,880000.0,961827.3899789841
19688,1,349000.0,364085.2455987945
19702,1,359950.0,357119.80496191216
19799,1,385000.0,382281.97969456937
19822,1,388000.0,406066.6364303786
19841,1,272000.0,300233.21099799033
19842,1,418395.0,422512.9847321392
19922,1,455000.0,485986.4792425928
19983,1,479000.0,469533.16050580295
20266,1,625000.0,497862.8966462884
20660,1,315000.0,309485.1367471157
115,1,740500.0,988610.5657058143
185,1,1095000.0,1150623.070872757
232,1,315000.0,313976.7144339563
525,1,727500.0,670126.1141228718
544,1,375000.0,345784.1290178551
1722,1,345000.0,375064.1760761907
2459,1,674250.0,682230.2480813625
2980,1,390000.0,383827.85701564717
2986,1,950000.0,924651.6844187288
3207,1,637250.0,650797.4305774198
3571,1,277950.0,277629.34825928195
3755,1,194820.0,213279.45395776443
3789,1,533250.0,392937.72373621445
3976,1,279000.0,285820.32131958485
4369,1,1150000.0,644537.7402488652
4800,1,274000.0,316365.0584696804
5221,1,600000.0,678182.3947782178
5462,1,845800.0,882577.7086545116
5673,1,299500.0,333338.9972710937
6119,1,289200.0,343259.5080720051
6526,1,585000.0,500565.0696214262
6542,1,544900.0,550385.1604094303
6881,1,715000.0,799733.8801642729
7206,1,628000.0,565025.4489244877
7469,1,319000.0,315100.9812696861
7654,1,640000.0,687835.4603808897
7844,1,1646000.0,1311901.0066743337
8245,1,375000.0,368580.61917029804
8839,1,298000.0,319924.48575844633
8888,1,405000.0,397025.3354453303
9032,1,225000.0,314520.69547095476
9333,1,1335000.0,931512.789954168
9750,1,885000.0,1022299.2241563661
10118,1,319000.0,288016.8844881548
10251,1,212644.0,303362.497325089
10795,1,209000.0,208425.59281672182
11205,1,470000.0,538740.6304900179
11259,1,950000.0,982699.6260249589
11638,1,800000.0,693908.1747131787
11648,1,250000.0,264127.8917440399
11752,1,302500.0,312587.33216429775
11859,1,410500.0,506468.3438410822
11971,1,395000.0,361249.29238621454
11996,1,315000.0,355767.4554626252
12159,1,418000.0,403028.843345179
12247,1,225000.0,254680.85260597637
13141,1,570000.0,621272.4838389813
13360,1,530000.0,523960.37730158353
13460,1,475999.0,566053.6977396389
14228,1,267500.0,268918.3528898496
14396,1,725000.0,656402.8284155028
14938,1,450000.0,455033.210488545
15036,1,200000.0,233534.60392744312
15154,1,735000.0,910429.4554136912
15375,1,880000.0,960270.622330014
16193,1,1815000.0,1842985.3980814652
16679,1,478000.0,340925.8980103309
17015,1,488000.0,519564.8124952969
17578,1,219000.0,295532.3901919462
17673,1,217500.0,222625.68103698525
17823,1,579000.0,592449.5522417712
17936,1,390000.0,429647.0251348121
18136,1,550000.0,499309.2080278767
18196,1,760000.0,1026349.4709606357
18459,1,305000.0,319938.80946976715
18752,1,695000.0,754779.9740360924
18843,1,481000.0,532150.9177376754
19015,1,581000.0,658001.5761992558
19026,1,724950.0,687188.4054577614
19048,1,365000.0,377197.81588940375
19150,1,476000.0,423166.8868706021
19459,1,387000.0,414441.92582417344
20148,1,660000.0,689187.8552205988
20297,1,333000.0,309189.8916930553
20644,1,418000.0,419417.3833860511
20741,1,345500.0,320042.92858132743
21052,1,1075000.0,857413.2028653114
21072,1,637850.0,688462.3829585732
21147,1,659950.0,729687.5660054781
21198,1,450000.0,382923.3875701709
21229,1,380000.0,400597.13832864445
319,1,268750.0,189615.6303066104
2101,1,643000.0,622566.866407429
4461,1,263500.0,288142.11339713965
14178,1,385000.0,409088.2830678197
15415,1,1650000.0,947303.3846273646
16608,1,245000.0,278257.7290450755
20986,1,334900.0,341270.38612582895
208,1,180250.0,216857.63732014093
13401,1,452000.0,463669.95113426755
14965,1,402000.0,425977.88745121914
15647,1,599995.0,524357.1605543408
113,1,329950.0,398544.3956325822
258,1,255000.0,270528.9159963605
274,1,331000.0,405793.80659081315
651,1,521000.0,518398.9315887719
664,1,323000.0,324792.3365109766
665,1,331000.0,315687.12329682853
910,1,234000.0,222019.48083943987
1264,1,390000.0,376072.39443538175
1539,1,1300000.0,1484925.370532044
1615,1,290000.0,294043.8202230524
1989,1,335000.0,367763.2059636675
2146,1,950000.0,823698.0111088264
2188,1,360000.0,349247.5871398027
2283,1,569000.0,548730.996126938
3109,1,158800.0,192950.44440956356
3384,1,2544750.0,2745725.5383435194
3695,1,625000.0,672876.7726751927
4391,1,399000.0,424701.93285343813
4449,1,379500.0,355096.16146871104
4830,1,215000.0,186417.60159045475
4933,1,360000.0,350740.77761076664
5252,1,589950.0,611509.4107971743
7360,1,907000.0,909430.5162868005
8502,1,249900.0,262498.00935804704
8790,1,415000.0,425315.38549309934
8812,1,800000.0,828971.342838768
8906,1,1325000.0,1041999.3442020776
9199,1,225000.0,195525.6823158597
9676,1,315000.0,272753.9012644131
10212,1,489000.0,402263.39452485804
10359,1,216000.0,260208.53296900218
10458,1,774950.0,710530.4308041276
10465,1,3120000.0,2876426.1964492965
10656,1,304500.0,246804.63482951635
10917,1,247000.0,229126.81346697605
11222,1,450000.0,383504.75481256685
11426,1,299900.0,263436.42847918667
11520,1,475000.0,467515.90525001945
11709,1,589450.0,564906.4637257961
11717,1,208417.0,122684.55223852856
11728,1,995000.0,841273.1637665324
11896,1,294400.0,257588.95517055827
12640,1,520000.0,502212.6042963142
12672,1,410000.0,427732.2335218237
12686,1,260000.0,248005.67052737737
13180,1,335000.0,396737.0898847314
13325,1,350000.0,315702.84834542876
13326,1,220000.0,321964.06182321813
13800,1,775000.0,766034.7887647516
13830,1,356000.0,425398.3046715484
14602,1,720000.0,852977.8874107525
14800,1,210000.0,219961.73206116748
15351,1,290000.0,299240.3233112549
16491,1,444950.0,426634.20575630653
16551,1,199988.0,204642.04195281316
16774,1,457000.0,487942.1073792376
16937,1,240000.0,224884.45788516456
16945,1,480000.0,677678.7827295238
17105,1,272000.0,321878.50970185205
17356,1,905000.0,873571.5988495818
17443,1,560000.0,592266.8773168027
17638,1,858450.0,856186.2226299008
17760,1,325000.0,401910.3656019961
17909,1,428000.0,525155.1598315724
18131,1,475000.0,449935.1843044688
18323,1,218250.0,194735.18243500963
18955,1,950000.0,1163438.5416427706
18958,1,394250.0,391561.5026375215
19008,1,571500.0,457987.0270846743
19121,1,182000.0,136977.54073230628
19189,1,400000.0,460983.4189586239
19875,1,430000.0,412013.5532807319
19911,1,515000.0,581488.2811458923
19925,1,340000.0,290996.8205734393
20210,1,570000.0,646684.4636667715
20957,1,379950.0,363418.9268130984
21168,1,630500.0,609231.0768067243
21305,1,495000.0,479420.53195490624
21525,1,1450000.0,1313446.1557151403
846,1,664000.0,631651.0260265763
877,1,390000.0,406340.2871054237
1214,1,500000.0,548997.0745985536
1553,1,299000.0,301871.5355856097
1885,1,340000.0,257897.4795512556
2328,1,283000.0,268766.25612281705
2882,1,700000.0,512198.50031483336
3218,1,405000.0,462334.9351098862
3493,1,150000.0,375385.18788749626
4178,1,790000.0,688966.4531968143
4348,1,562000.0,629238.6037055266
5105,1,549000.0,504629.1129678808
5231,1,635000.0,694718.4513627352
5317,1,150000.0,147024.36159613292
5871,1,399000.0,400598.9300854928
5943,1,554000.0,580170.257558392
6476,1,775000.0,567620.5878277984
6772,1,396000.0,340308.87077481474
7202,1,500000.0,552129.4342577341
7221,1,258000.0,342254.3537164201
7436,1,1310000.0,979493.676336967
7740,1,978000.0,936529.029362008
7932,1,664000.0,656969.2019547932
8289,1,431750.0,386027.0085301108
8343,1,320000.0,313660.93768692575
8443,1,2140000.0,1253881.5447527596
8630,1,190000.0,289755.96793448785
9283,1,305000.0,319429.0043890721
9539,1,500000.0,469363.89980141335
9810,1,616500.0,555940.3291072508
9811,1,750000.0,739216.4071799528
10059,1,510000.0,541594.0991605148
10284,1,218000.0,204713.20462552676
10340,1,370000.0,347739.8448309352
10996,1,757000.0,694423.5641345812
11753,1,1250000.0,992716.4884305178
12079,1,216300.0,263098.17513433646
12209,1,227000.0,196763.78067903666
13677,1,349950.0,348220.40926285693
13799,1,592000.0,594444.7758187864
14032,1,1680000.0,2336304.521003742
14116,1,675000.0,670104.7851388394
14162,1,279000.0,274518.445987073
14475,1,488000.0,649988.3354235034
14758,1,530000.0,554889.7518646056
14892,1,195000.0,270997.22494179226
15188,1,473000.0,459912.79967797
15259,1,442500.0,441729.5861327176
15321,1,345000.0,257746.0686858715
16061,1,437500.0,454054.1366550928
16200,1,326000.0,297890.3010718572
16674,1,645000.0,622828.0733414543
16904,1,437500.0,533812.7996725575
16951,1,1225000.0,1398826.267828487
17326,1,189950.0,179372.44844857533
17715,1,775000.0,404526.9525751475
18676,1,455000.0,492791.39042035874
18744,1,725000.0,800615.5928930485
18901,1,325500.0,395613.34908287646
19041,1,707000.0,723746.6195604161
19302,1,575000.0,509689.66542778554
19714,1,505000.0,482777.00543614954
19993,1,439108.0,395199.95176099666
20117,1,424950.0,427025.74047737505
20650,1,560000.0,523120.06912743615
20848,1,353000.0,316879.1452878995
20944,1,925000.0,978455.0087549697
21068,1,400950.0,374842.8470537749
21262,1,559000.0,571041.7416796894
21364,1,419500.0,380966.35943817144
457,1,705000.0,642786.5048845644
608,1,223000.0,257968.5581728815
1196,1,357000.0,307401.73028069537
1337,1,495000.0,525238.6460801528
2560,1,612000.0,605075.5592179607
2898,1,355000.0,354446.9658784634
3016,1,746000.0,645606.12204582
3259,1,580000.0,561536.3783903951
3603,1,933000.0,705404.7461309675
3924,1,1495000.0,1365297.3880531848
4260,1,489950.0,536254.0955909063
4339,1,2125000.0,1336135.008474948
4975,1,815000.0,853557.1263904652
5040,1,711800.0,698592.004169148
5123,1,730000.0,892656.2818700015
5265,1,215000.0,233789.54494464715
5822,1,207000.0,227493.0236428803
6124,1,345000.0,440131.765234584
6375,1,435000.0,415995.33948325703
6394,1,324950.0,269706.94901477866
6868,1,1555000.0,1252375.987219837
6893,1,900000.0,941522.3709101457
6942,1,565000.0,587347.5250394184
7167,1,445000.0,424628.0284854358
7184,1,358000.0,311466.04643336346
7692,1,295000.0,293009.52353214694
8044,1,420000.0,413499.1065742901
9836,1,1730000.0,1672111.307379181
11113,1,425000.0,384889.51935305865
11416,1,106000.0,152440.26819631626
11921,1,525000.0,418224.9419377581
11999,1,832500.0,806508.8842114529
12494,1,660000.0,626698.5722866076
12748,1,750000.0,810027.4462757261
12884,1,1610000.0,1918064.0951177063
12933,1,469000.0,443273.61783195235
15503,1,395000.0,405914.8431558141
15777,1,699950.0,685505.5838883983
17085,1,250000.0,271652.02716385794
17276,1,250000.0,286840.8681185132
17379,1,563000.0,520245.6176480054
17979,1,575000.0,560481.705514813
18600,1,192000.0,226567.03293529846
18988,1,140000.0,188252.95607988574
19815,1,299950.0,261165.87261170006
20071,1,485000.0,484427.923959639
20771,1,650000.0,561236.7286705956
8799,1,975000.0,927093.2322399762
20367,1,399950.0,430088.4238899224
12917,1,226000.0,257503.59092113003
18939,1,90000.0,146076.48774017414
20301,1,498445.0,504682.7507449984
18794,1,1000000.0,741570.6999139341
27,1,667000.0,636209.6535918851
31,1,280000.0,273316.2494582409
194,1,230000.0,312956.9430413102
466,1,465000.0,362719.72943721234
1772,1,467500.0,497164.9946620109
1838,1,1100000.0,1273560.1690074906
2122,1,405000.0,370428.00474920287
2368,1,575000.0,552892.0286159007
2806,1,401000.0,421637.3509356893
2837,1,490000.0,503703.62965368317
2861,1,443000.0,425803.5582448801
2895,1,180000.0,211347.56029342915
3337,1,299000.0,311323.72500594816
3691,1,179950.0,219133.14810138434
3917,1,335000.0,309323.4432829998
4087,1,515000.0,454087.329606261
4140,1,1210000.0,1139022.8464593063
4210,1,255000.0,278894.5952685145
4223,1,571900.0,472464.3142568164
4317,1,250000.0,259383.8249288559
4440,1,225000.0,291332.4943219483
4742,1,330000.0,304347.222715455
4865,1,268000.0,275165.6536775537
4904,1,240000.0,301899.70542727323
5279,1,368000.0,390427.3379220912
5609,1,575000.0,533091.1471650118
5883,1,400375.0,401847.23570025124
5998,1,599000.0,782024.1120826895
6107,1,555000.0,589110.1478311915
6182,1,300000.0,324489.14365379896
6367,1,320000.0,305856.9271844752
6766,1,350000.0,325606.9236997549
6792,1,560000.0,638645.4369071268
7280,1,800000.0,797274.0865162524
7312,1,555000.0,518928.0750461403
7561,1,258900.0,304885.43352480896
7893,1,500000.0,532082.2063309122
8268,1,425000.0,420685.50999222044
8644,1,1438890.0,1201780.722823696
9156,1,450000.0,617935.2605632142
9314,1,903000.0,709138.3067653094
10168,1,605000.0,621799.2067448813
10554,1,660000.0,676562.1494336138
10558,1,460000.0,428932.92066473165
10574,1,253000.0,243106.24416100082
10619,1,799000.0,750176.3578641381
10666,1,653000.0,649165.7017988478
10737,1,1035000.0,1024738.8622183017
11604,1,355000.0,390160.3173046722
12143,1,460000.0,435144.10435624525
12190,1,615000.0,603189.3274731493
12391,1,385000.0,493463.5673306084
12454,1,229000.0,243581.4479906422
12509,1,1890000.0,1985289.4664834077
12615,1,467000.0,458989.6469278996
12965,1,672000.0,635082.7035846392
13103,1,453000.0,464522.9797269848
13219,1,713500.0,630895.44950743
13233,1,910000.0,1027791.3160168788
13258,1,260000.0,308061.64526890166
13607,1,495000.0,602841.6808975441
13741,1,775000.0,875585.2895597368
13947,1,350000.0,363529.3207502437
13950,1,834000.0,938509.116994634
14481,1,645000.0,577848.15338324
14865,1,1520000.0,1475523.0428684603
15692,1,1637500.0,2052537.0161824666
15718,1,480000.0,406908.6742556677
15881,1,827235.0,792056.7912427007
15998,1,345000.0,340538.44991752255
16282,1,632500.0,723995.4972121223
16352,1,1185000.0,994448.1535327062
16999,1,420000.0,416527.3788068109
17003,1,500000.0,445331.15458676044
17205,1,796500.0,804868.1898535386
17297,1,364000.0,348321.1731496264
17314,1,247500.0,277773.2336604828
17496,1,258000.0,257285.26441478965
17622,1,635000.0,598431.6957810475
18005,1,1444000.0,1236035.5096929653
18076,1,427000.0,426935.0913937517
18602,1,283450.0,285435.38753109804
18760,1,400000.0,785203.0019848227
19457,1,342000.0,293068.1219484311
19809,1,932990.0,907247.0294790005
19975,1,175003.0,216146.3505160815
20296,1,950000.0,913461.9581154828
20476,1,375000.0,375265.18804233597
20613,1,220000.0,230853.3684802764
20803,1,536000.0,527336.6290023831
20887,1,355000.0,327042.6935040583
20932,1,286950.0,263470.5016166328
21011,1,515000.0,598260.1696024174
21031,1,359782.0,462400.52172554634
21467,1,1987500.0,1789642.15168592
80,1,390000.0,368051.0365681738
260,1,780000.0,705602.5081397538
445,1,400000.0,420371.96012871654
784,1,650000.0,714523.8095052119
963,1,210000.0,207202.6954977018
1617,1,370000.0,368567.5062301427
1866,1,475000.0,468030.06745242263
1875,1,425000.0,402701.01503435604
1917,1,210000.0,223890.9873813034
2432,1,233000.0,249574.56640875764
2582,1,965000.0,1065272.450805445
2602,1,343000.0,404408.3669592126
3129,1,1265000.0,1116026.596314365
3271,1,800000.0,983094.5623517983
3324,1,555000.0,578705.4089192984
3598,1,270000.0,263287.2073819827
3795,1,949000.0,928497.1262804279
4097,1,280000.0,274032.3169785931
4444,1,705000.0,696413.8630441355
4548,1,466000.0,422854.69362661405
4688,1,465000.0,418996.4534597799
4816,1,475000.0,453869.6148086251
4835,1,219000.0,186248.56124825112
4936,1,440000.0,418439.2973548963
5200,1,792500.0,746534.4630559307
5661,1,538000.0,426345.2272842205
5809,1,258000.0,260169.73021093686
5810,1,450000.0,448197.9391662591
5927,1,440000.0,535550.5587290741
6064,1,228000.0,249604.93166559216
6165,1,382000.0,531299.4261355582
6452,1,340000.0,286641.91561183124
6585,1,260000.0,232826.9009220792
6611,1,549950.0,616005.1832091025
6696,1,385000.0,428818.7409192275
6703,1,520000.0,562029.0702851318
7321,1,355000.0,362363.1490788241
7794,1,580000.0,648025.6633326312
7916,1,443750.0,400537.78213387256
8031,1,399000.0,379748.17565338925
8206,1,249000.0,289985.9177328252
8515,1,353000.0,327196.27325159876
8652,1,244900.0,237645.7225321705
8710,1,506000.0,527913.9377198583
8902,1,350000.0,334458.57864342193
9042,1,505500.0,466627.8484965351
9378,1,625000.0,516642.7221036865
10034,1,665000.0,676296.1260161198
10559,1,516000.0,707376.2637157709
10647,1,510000.0,559477.6064273175
11013,1,1020000.0,705336.8681681867
11147,1,234000.0,206157.20040919437
11196,1,209000.0,192901.28278742236
11406,1,387500.0,412211.91706644703
11663,1,695000.0,855006.6247943853
12292,1,550000.0,580138.547925705
12378,1,232900.0,206822.2464145247
12723,1,281000.0,220304.53492350795
12742,1,135000.0,186653.24523820417
12990,1,545000.0,554026.6412422408
13642,1,570000.0,500805.29797031335
14150,1,290000.0,328299.01817588595
14213,1,403000.0,356549.3956022069
14284,1,420000.0,477781.42059037136
14799,1,725000.0,659365.4962234527
14987,1,432500.0,517578.42435838265
15134,1,230000.0,305591.19345136854
15219,1,410000.0,465741.93978975294
15239,1,340000.0,352129.2221108803
15427,1,404000.0,314790.8806636476
15583,1,436000.0,442107.31483204727
15859,1,535000.0,488674.07355714304
16215,1,528000.0,425589.82130169735
16986,1,650000.0,722212.8634998656
17019,1,357000.0,382187.708082974
17243,1,349900.0,265080.1654943615
17431,1,410000.0,475319.8056225579
17691,1,389900.0,395420.8180995378
17703,1,755000.0,732229.221606693
18061,1,446950.0,450507.56458676973
18221,1,270000.0,264544.52388201206
18282,1,330000.0,351194.04330731306
18284,1,280000.0,258497.60186048428
18698,1,350000.0,331383.66875007865
18938,1,350000.0,307879.8406288103
18956,1,320000.0,345791.85587403324
19093,1,450000.0,547152.3601508156
19122,1,250000.0,234388.1389688656
19201,1,925000.0,1032272.7035388375
19586,1,450000.0,500547.03771313594
19654,1,267800.0,273981.6913137787
20008,1,759000.0,693630.6139994333
20058,1,325000.0,316632.73587669944
20332,1,375000.0,425206.408859845
20611,1,732000.0,604843.66809068
20724,1,420000.0,431675.42320456385
21584,1,380000.0,384322.29922447307
34,1,322500.0,328188.96111321
145,1,921500.0,829471.9983344631
353,1,437500.0,492311.28860210744
420,1,482000.0,448481.3752694747
925,1,990000.0,760153.5185903282
959,1,378000.0,367899.80060370406
1205,1,525000.0,503293.3229922563
1879,1,835000.0,581148.7917400211
2409,1,435000.0,552434.4149986648
2661,1,225000.0,241311.68461513167
2782,1,375000.0,294658.1802550218
2887,1,520000.0,503136.24350769207
2988,1,590000.0,651624.5251761576
3582,1,355000.0,390322.06660393794
3749,1,500000.0,555479.2664314698
3861,1,2200000.0,1491821.4283159904
4421,1,247000.0,275605.30590621586
4714,1,827500.0,663634.4956288779
5473,1,325000.0,290070.70181073877
5642,1,560000.0,491889.0818512459
5828,1,455000.0,452084.44661474804
5873,1,652450.0,637491.8379673088
5967,1,2725000.0,2276498.6046596062
6039,1,330000.0,481685.1197126522
6183,1,471000.0,507585.59085440275
6348,1,440000.0,469968.9512157401
6381,1,675000.0,736362.0822477345
6923,1,315000.0,341743.85008241003
7110,1,240000.0,233078.27992284583
7127,1,1735000.0,1778757.9089024188
7148,1,738000.0,617792.2797397844
8260,1,602000.0,559372.9495764583
8549,1,409000.0,435800.5986953855
8632,1,601150.0,569730.626133889
8677,1,496000.0,511155.21881230455
8927,1,515000.0,546008.2286286599
9210,1,350000.0,350419.72751141846
9300,1,400000.0,431163.23542303726
9657,1,261000.0,268840.1960127005
10537,1,500000.0,411251.40248995146
10837,1,700000.0,694581.8390776961
10873,1,291000.0,246265.70543111677
11238,1,260000.0,281417.20686817425
11260,1,865000.0,884972.2922187408
11398,1,1705000.0,1729182.6311499148
11678,1,359000.0,367928.7057921883
11977,1,501000.0,499821.7930320986
12466,1,399950.0,371146.9725165708
12606,1,412000.0,379839.67620634707
12959,1,245560.0,360489.20479533705
13281,1,365500.0,339972.7180230556
13482,1,375000.0,369851.7431163251
13886,1,575000.0,570297.868125166
14104,1,521900.0,534307.3766522886
14364,1,620000.0,633787.3318211029
14852,1,345000.0,355895.288841859
14877,1,392000.0,395879.4827499614
14900,1,430000.0,450468.06931432843
14998,1,240000.0,267396.3365867076
15207,1,250000.0,286905.1237638073
15362,1,720000.0,686243.4364648887
15373,1,762000.0,689802.9578205002
15925,1,285000.0,268958.5718982021
15963,1,180000.0,233368.05134132082
16546,1,227000.0,234360.3124752255
16987,1,445000.0,539411.9835707336
17194,1,187250.0,201095.21905680269
17293,1,340000.0,354905.9590244027
17373,1,670000.0,596336.7396053458
18126,1,271500.0,282102.55145484704
18388,1,474000.0,515749.4025097527
18545,1,325000.0,320875.90006791597
18568,1,810000.0,724446.6394906888
18820,1,474950.0,502612.7684687629
19174,1,209000.0,185583.4050309507
19213,1,900000.0,898451.1792432014
20222,1,550000.0,532898.464430704
20546,1,515000.0,416590.1070499265
20738,1,1135000.0,1503903.2702178566
21531,1,346000.0,323085.22826071613
370,1,280000.0,295716.45701591484
537,1,595000.0,614319.9335299154
1400,1,292000.0,324691.9584571125
1426,1,350000.0,287027.9639522372
1660,1,490000.0,623054.7010932872
1757,1,550000.0,606879.359745108
2229,1,265000.0,290323.06367306114
2318,1,429000.0,522116.8266093401
2587,1,265000.0,268442.76687933464
2665,1,456150.0,431197.64437918173
2720,1,320000.0,319831.2280651219
2798,1,310000.0,316630.17335729266
2888,1,205000.0,231945.30600431105
2918,1,160000.0,199719.56253998805
3203,1,528000.0,512723.4746935819
3459,1,1075000.0,861720.3365354198
3491,1,325088.0,280558.05604139616
3679,1,527500.0,551879.5690566192
4358,1,660000.0,563221.6469410355
4764,1,315000.0,273116.3648836915
5614,1,750000.0,614939.9569239956
5687,1,248000.0,251768.30767889088
6519,1,199500.0,205025.6312180577
6758,1,295000.0,319845.834887721
6850,1,343000.0,321486.0338084105
6875,1,425000.0,376084.7466851761
7062,1,560000.0,741588.5852898221
7166,1,237000.0,249397.36629823077
7663,1,1270000.0,1440154.0203028193
7675,1,385000.0,458951.8884223076
8814,1,350000.0,314249.4723715807
8950,1,626100.0,603420.1245089386
9062,1,427500.0,320067.4206321706
9699,1,390000.0,369056.848119437
10222,1,450000.0,427104.4543472179
10289,1,309900.0,267857.68660281564
10380,1,268450.0,248681.19550213637
10415,1,439950.0,458604.30614083365
10785,1,250000.0,244845.38023748275
12109,1,290000.0,312560.65914952644
13185,1,420000.0,314586.4780617748
13279,1,717500.0,765785.2647261461
14125,1,875000.0,836152.9556847595
14809,1,622100.0,527459.5590638432
14848,1,400000.0,453953.7198552804
15002,1,745000.0,676943.3462886731
15349,1,835000.0,834682.0075977608
15738,1,538000.0,607371.4712501462
15797,1,277500.0,297761.83506425476
16068,1,1250000.0,1026157.8963223659
16897,1,972000.0,999203.6532666715
17309,1,147500.0,201133.26238786947
17329,1,209950.0,225562.10064548897
17529,1,340000.0,364865.6175042624
18007,1,458000.0,581462.1443631072
18187,1,273500.0,232583.4619429422
18289,1,405000.0,377749.7182136858
18381,1,419995.0,383830.11474593915
18397,1,306000.0,225100.5124780647
18472,1,255000.0,251716.62501544747
18536,1,665000.0,622967.7909573173
18789,1,510000.0,464468.09201579634
19523,1,240000.0,309502.755183696
20194,1,385000.0,324538.31301962864
20413,1,529950.0,515364.09753617126
20943,1,294500.0,291196.8968694358
18,1,189000.0,202521.34414528677
189,1,585188.0,575813.6607454426
347,1,320000.0,321904.5232064056
1236,1,270000.0,242609.0683372303
1644,1,299000.0,323811.58069012465
2021,1,340000.0,363763.9831321025
2274,1,299500.0,356279.64948576083
2278,1,625000.0,584982.9475616795
2358,1,232000.0,239890.8687162796
2561,1,330000.0,342640.16023084015
2663,1,356500.0,377686.50987103465
2814,1,450000.0,419515.6843743073
2917,1,372000.0,308289.4449695389
3178,1,325000.0,314111.1324815329
3266,1,425000.0,416493.6055204235
3390,1,579000.0,518272.47636895144
3402,1,115000.0,143087.2266557163
3809,1,430000.0,495493.27777640143
4710,1,328000.0,316155.8392221126
5203,1,675000.0,589551.4844578817
6499,1,1925000.0,1756257.4046984722
6791,1,390000.0,546874.7131770184
7050,1,239999.0,246420.217718601
7230,1,438000.0,446298.9803037218
7399,1,360000.0,339550.26232461847
8791,1,550000.0,580843.7122684482
8838,1,1406890.0,1339425.452444985
9322,1,2575000.0,2225349.4687960935
9667,1,1175000.0,926412.163445355
10084,1,1227500.0,1162200.979890175
10622,1,692500.0,747987.7478146333
10630,1,338000.0,366028.273030756
10933,1,324000.0,315844.57447830803
11313,1,485000.0,491341.9566640912
11542,1,690000.0,682248.145305357
11925,1,559500.0,570378.2301625921
12271,1,450000.0,444771.9792472002
12376,1,357000.0,487178.6613180237
12544,1,567500.0,506568.5945144455
12631,1,495200.0,423656.1825861648
12636,1,585000.0,538368.8618081608
12851,1,529000.0,447921.8889242787
12958,1,690500.0,606306.5662876157
13193,1,363000.0,380797.6129440983
13515,1,215000.0,220319.86711223712
13691,1,405000.0,410890.49071094964
14123,1,515000.0,541317.805649902
14183,1,500000.0,334703.6903589305
15812,1,294450.0,340165.9666269691
16248,1,660000.0,618500.1857917504
16256,1,400000.0,561399.544970158
16618,1,369000.0,377906.5935324361
16925,1,358000.0,294459.2863335423
17386,1,780000.0,516570.2446155376
18244,1,464000.0,294628.623206207
18563,1,675000.0,681078.3056140244
19000,1,565000.0,545607.8140658983
19950,1,743000.0,852079.8992088237
20739,1,590000.0,529105.7415512609
21247,1,510000.0,492574.021330165
6767,1,319000.0,311214.4769808311
8256,1,320000.0,341422.5112172202
13013,1,285000.0,302886.9333464398
13253,1,760000.0,747382.2723866318
17975,1,430000.0,485138.8432597692
19902,1,615000.0,588204.147512521
63,1,549000.0,590234.5300566207
3278,1,843500.0,948475.7370646617
165,1,370000.0,409256.1877241637
240,1,225000.0,235822.8829083457
1398,1,465000.0,435625.53745589114
1550,1,355000.0,325923.6443727254
1696,1,440000.0,446010.0476166011
1703,1,617000.0,521566.1696346505
1709,1,550000.0,521453.7205098173
1910,1,400000.0,332349.1240954294
1968,1,490000.0,472032.23304405186
2083,1,800000.0,786958.2979929467
2304,1,290000.0,357211.452393214
2962,1,310000.0,323020.496638614
3075,1,650000.0,479791.4994883071
3456,1,508500.0,550080.6362031839
3799,1,851500.0,800059.2708093317
3812,1,750000.0,730275.451229884
3910,1,408500.0,392663.4087996213
4418,1,864000.0,819109.0857943866
4579,1,238000.0,233951.05524081894
4877,1,849000.0,753364.4816489872
5213,1,368000.0,359123.80167482595
5406,1,459900.0,469045.6386012972
5811,1,720168.0,574229.5678392941
5893,1,695000.0,718513.2848253191
6668,1,523000.0,643362.5115581491
6800,1,645000.0,690499.5976711366
6991,1,708000.0,573566.4185709812
7002,1,2175000.0,2146378.457916177
7156,1,180000.0,246140.62049983698
7903,1,475000.0,357154.39712204615
7927,1,659000.0,672364.2381961516
8571,1,726500.0,660740.4668844496
8678,1,399950.0,412268.8378370002
9867,1,600000.0,629359.263998034
10139,1,800000.0,761092.5937643044
10436,1,312000.0,233649.9467599016
10476,1,820000.0,804061.2244632969
10849,1,292000.0,243257.22085925777
10851,1,500000.0,510752.8573882051
11089,1,910000.0,817454.8458961436
11286,1,278000.0,249564.1706215242
11568,1,258950.0,239775.43231555505
11932,1,104950.0,181299.90089759353
12014,1,185000.0,202885.18100100156
12418,1,244900.0,149532.93205467873
12721,1,670000.0,718232.7089695367
12816,1,760000.0,712258.3506615388
13043,1,174950.0,189509.46529774333
13127,1,465000.0,406261.8486377145
13416,1,360000.0,346072.67444141256
14356,1,1010000.0,1126688.7486535513
14442,1,697000.0,710298.8335451877
14734,1,989900.0,979608.206816888
15078,1,650000.0,559230.6836190674
16751,1,208000.0,188797.06837613528
16798,1,529000.0,502708.70859741664
17073,1,390000.0,371088.7114978564
17375,1,492500.0,414410.53143866267
17729,1,600000.0,461030.2809239298
17973,1,458450.0,446227.2728549878
18035,1,326995.0,302397.2955885712
18409,1,2630000.0,2450919.7370078075
18606,1,1315000.0,1156533.4198433144
18673,1,475000.0,487514.49172904354
18825,1,611000.0,636471.3797493855
18855,1,405000.0,353849.76080316375
19018,1,225000.0,226665.2110062606
19760,1,292000.0,293084.7618624327
19921,1,315000.0,331409.16667860385
20090,1,551500.0,554012.3768168222
20136,1,1237500.0,1066889.6182941103
20189,1,730000.0,742090.335523808
20928,1,287000.0,326809.12549859926
1,1,538000.0,495321.9643619298
3,1,604000.0,481825.1649827047
314,1,1400000.0,1245730.9574317199
463,1,359500.0,359743.0188664544
576,1,266000.0,272027.294589715
610,1,340000.0,310821.67046631075
844,1,456500.0,441321.5687184723
1197,1,361000.0,261946.40742325835
1731,1,337000.0,271035.17997743265
2285,1,225000.0,215172.09700531524
2683,1,725786.0,787260.597502784
3531,1,495800.0,583055.2915441602
3728,1,422000.0,452212.1164696421
3764,1,367777.0,355558.419445321
3883,1,589950.0,628931.3143833389
3958,1,1145000.0,1086778.9968665035
4056,1,363000.0,360962.90086742607
4101,1,634800.0,627029.2208264909
4275,1,1275000.0,1033079.0712991045
4693,1,173250.0,190979.2787469386
4734,1,565000.0,554391.5047349748
5260,1,220000.0,255473.8022006213
5368,1,1600000.0,1378687.917379473
5634,1,558000.0,492129.25352679344
6217,1,219950.0,197990.5569260574
6374,1,251100.0,264768.1983063014
6695,1,490000.0,504322.44633362873
6819,1,269500.0,248262.6542908725
6862,1,685000.0,959644.0276320904
6905,1,465000.0,450296.16926526855
7347,1,323000.0,309712.5613619072
7581,1,678940.0,715823.6166610724
7771,1,276000.0,323788.96431555133
8222,1,2193000.0,1669009.4138136702
8244,1,915000.0,817149.9405575474
8321,1,525000.0,537025.8509114542
8412,1,445000.0,419613.0109143384
8768,1,470000.0,451341.3891765348
9101,1,675000.0,667666.5522428465
9530,1,450000.0,423767.37288140354
9818,1,753000.0,746770.1945777108
10669,1,245000.0,227835.69919889295
10968,1,535000.0,624419.1444491718
11093,1,1295000.0,1093054.0382527118
11380,1,275000.0,249914.20504791572
11446,1,2750000.0,2269622.972073935
11688,1,597500.0,590080.1003647181
12445,1,592500.0,535148.1530556201
12463,1,795000.0,857629.224276885
13007,1,330000.0,304856.67367340217
13145,1,417400.0,380109.8505434943
13494,1,790000.0,810378.2272433023
13819,1,215000.0,213279.45395776443
13945,1,975000.0,1198792.282175799
14630,1,283000.0,337710.93498384865
14706,1,405000.0,397560.1191288181
14793,1,600000.0,524766.5484909328
15033,1,699000.0,812078.1034793508
15079,1,288000.0,284929.888187904
15103,1,348500.0,420546.2735250758
15395,1,255000.0,277711.29091412574
15512,1,1800000.0,1255145.5787188364
15671,1,345000.0,325846.5475364937
15945,1,680000.0,766367.4943440404
17618,1,436000.0,432867.81221476535
18334,1,480000.0,546386.760214611
18340,1,470000.0,417894.95752807986
18728,1,192500.0,204470.20477131006
18913,1,224000.0,214684.50838285353
19237,1,306000.0,294123.79532496794
19495,1,257000.0,288857.48346780025
20177,1,261950.0,286644.92981918936
20359,1,279000.0,291966.9436756656
20503,1,355000.0,374382.06414074684
20655,1,859950.0,818093.7873746408
21138,1,398500.0,435861.70637851144
21347,1,338000.0,360352.6719413388
21521,1,1378000.0,1145626.2939399628
60,2,650000.0,543798.5769308066
362,2,329500.0,303124.83690887515
390,2,345000.0,279528.83966843
751,2,950000.0,816981.3827433027
917,2,324000.0,301957.09654609556
1009,2,280300.0,334128.4632958786
1293,2,550000.0,439130.4747634369
1387,2,381000.0,379012.8932517545
1653,2,415000.0,593699.8665257609
1779,2,355000.0,384626.9652884253
2148,2,670950.0,571961.4571084836
2444,2,3278000.0,2676765.0735238334
2549,2,276000.0,299108.55453143036
2592,2,620000.0,617634.6405631722
2675,2,278000.0,270243.01908921375
2952,2,250750.0,271113.72442537546
3457,2,345950.0,397598.0019438088
3503,2,500000.0,445946.5589706088
3926,2,775000.0,827814.1424249461
4403,2,235000.0,245563.87503381562
4686,2,828200.0,855624.1379414315
4711,2,572500.0,599080.9899779182
5024,2,1060000.0,1025685.842125145
5077,2,740000.0,870510.4709669064
5090,2,355000.0,331235.0912692638
5124,2,245000.0,235088.41828753482
5440,2,693000.0,796571.2887117908
6078,2,438900.0,429908.5270904004
6363,2,264950.0,245638.05371969411
6459,2,377000.0,363784.7770640675
6985,2,217000.0,233791.65019546033
7705,2,760000.0,664981.4049168953
7789,2,245000.0,285945.1966600269
7899,2,300000.0,335600.893960326
8215,2,733500.0,635444.3996388998
8511,2,360000.0,387822.77136554604
9066,2,685000.0,745258.494856611
9116,2,399990.0,348845.56119451916
9261,2,530000.0,661482.1034244427
9290,2,490000.0,490335.3074271993
9550,2,661000.0,548227.8770823572
9589,2,275000.0,295092.1876004616
9787,2,202000.0,203435.82621989696
10009,2,160000.0,186136.68635728364
10428,2,315000.0,349886.6913101258
10773,2,409950.0,360262.9546264933
10930,2,357000.0,353392.9581594176
11204,2,595000.0,667364.3512716738
12037,2,257000.0,203206.06235827086
13021,2,360000.0,341703.0869107898
14037,2,1075000.0,827462.12282464
15015,2,266000.0,258217.52105880604
15397,2,325000.0,302613.43263819255
15994,2,465000.0,474005.8432950129
16145,2,535000.0,629868.1764940489
16323,2,575950.0,491072.1668522197
16893,2,125000.0,336479.53035256837
17095,2,1475000.0,1538037.4094231224
17114,2,375000.0,455066.8337274195
17661,2,243500.0,236031.0892426933
18106,2,176000.0,230128.33994223355
18267,2,385000.0,364951.9591764677
18313,2,835000.0,791654.6221177367
19051,2,299000.0,260498.6144822203
19377,2,244000.0,227270.7635137709
19573,2,541338.0,514611.1499721023
20407,2,929000.0,1011244.4754612198
20439,2,290500.0,422804.5872993824
20805,2,469000.0,434124.21134243795
20835,2,533500.0,531735.0116009425
20995,2,450000.0,446477.4581062628
21041,2,365000.0,363965.64132247336
21118,2,834538.0,830872.4365955659
21167,2,215000.0,218655.73665519225
21181,2,725000.0,717099.0810577131
577,2,930000.0,1025939.1061832167
579,2,180000.0,216447.35868550124
849,2,254000.0,248848.23554964605
1902,2,485000.0,485576.677955503
1911,2,685000.0,716539.4171883601
2151,2,525000.0,502633.44581585244
2478,2,275000.0,313087.20530642936
3008,2,430000.0,554937.8359434144
3132,2,640000.0,600351.3871329682
3182,2,395000.0,445470.6238270901
3414,2,280000.0,220756.76852744407
3636,2,830000.0,689847.7441964536
3880,2,357000.0,227307.55439625503
4171,2,245000.0,237771.0622962094
5302,2,368500.0,328945.0449374418
5847,2,565000.0,535695.0036918516
5968,2,490000.0,538492.316771784
6013,2,587000.0,633476.2889778949
6274,2,549950.0,638254.2678132881
6333,2,400000.0,343219.67791360395
6338,2,755000.0,682178.1278774204
6974,2,275000.0,278155.7639330647
7177,2,287000.0,255243.5350916402
7286,2,654000.0,678716.0600523871
7333,2,449888.0,441556.90528043377
7708,2,592500.0,653516.8847398913
7757,2,224950.0,227654.1457517319
7851,2,335000.0,327630.483998449
7965,2,466000.0,467509.3275011297
8009,2,476500.0,429416.34058733913
8360,2,354000.0,332424.19911094045
8545,2,752000.0,565134.7208262526
9762,2,299950.0,311706.2911327128
10243,2,225000.0,237285.60644125976
10350,2,565000.0,582387.1673768992
10379,2,730000.0,739555.078847423
10741,2,205000.0,153677.63520967556
10865,2,310000.0,310123.81974390923
11197,2,344950.0,362057.85528512637
11230,2,725000.0,758546.408110443
11268,2,1400000.0,1171556.2934456184
11482,2,1125000.0,1032220.4298655567
12117,2,585000.0,557095.7771768707
12178,2,676000.0,549432.4905556338
12308,2,429000.0,501574.31066507974
12371,2,670000.0,710265.2789972636
12373,2,172000.0,205759.1691422023
12656,2,676000.0,573279.2662843445
12937,2,372000.0,355829.7620872019
13094,2,460000.0,471483.9446509671
13346,2,375000.0,371753.67226321844
13851,2,1795000.0,1409131.6037727923
13942,2,891500.0,818951.8731572722
14404,2,265800.0,277853.2208869951
15070,2,430000.0,498759.8586281217
15105,2,660000.0,616924.5115779703
15522,2,1110000.0,917269.8294599326
15604,2,700000.0,675651.817711474
15732,2,300000.0,303136.49033255264
15825,2,700000.0,600597.7112679125
16290,2,329000.0,351308.69048220915
16403,2,305000.0,316930.4477392419
17028,2,179950.0,186077.42476012203
18070,2,545000.0,515441.54384381115
18262,2,148900.0,237366.5434863714
18396,2,259000.0,287274.5714661576
19095,2,665000.0,590858.5871685628
19133,2,1028950.0,1017777.2288027698
19595,2,300000.0,280011.6340446304
19643,2,650000.0,711087.9104141803
19998,2,377000.0,366625.2848941591
20105,2,399950.0,388698.27556117193
21104,2,585000.0,727083.8312589512
21113,2,320000.0,323956.99950156227
21349,2,608000.0,543999.5143859613
21537,2,370000.0,379339.51377757924
102,2,699950.0,599007.4397374572
632,2,426700.0,432808.2563047754
1011,2,475000.0,427549.8387010828
1211,2,460000.0,472590.4741045064
1708,2,429000.0,388697.19838620146
1809,2,415000.0,379848.84645884956
2443,2,143000.0,146745.58980629098
2522,2,356500.0,345411.02127063915
2554,2,265000.0,241158.10859280452
2669,2,161500.0,215464.66255749215
2907,2,760000.0,593917.1036786148
3321,2,95000.0,175361.34569249448
4325,2,371000.0,405774.2975977087
4336,2,485000.0,456286.4022754665
4422,2,475000.0,432668.05703973834
4953,2,278000.0,548375.8489318651
5152,2,436000.0,494640.3576839294
5477,2,836000.0,730014.6939714082
5522,2,458000.0,591452.6494121458
6008,2,340000.0,317772.6155076808
6181,2,289950.0,260503.7343713542
6570,2,301000.0,298148.78655172786
6730,2,385000.0,323904.1190854442
6872,2,439000.0,504368.26183609694
7064,2,1500000.0,1196824.9753821061
7102,2,765000.0,787309.404294428
7345,2,330000.0,340860.4663478685
7426,2,1393000.0,1338005.7798037047
7489,2,765000.0,790028.9714886593
8356,2,585000.0,576065.671778151
8633,2,315000.0,294345.788539735
8786,2,287000.0,217366.37352351093
9052,2,1205000.0,1189823.7691752228
9792,2,325000.0,249561.8360979428
10112,2,510000.0,598258.3665066452
10315,2,402000.0,350136.2648496034
10373,2,2983000.0,2181984.490587401
10604,2,385000.0,385473.8116548056
11206,2,600000.0,540454.785380937
11518,2,420000.0,421543.57754808106
11969,2,249000.0,307618.8186661874
12041,2,312500.0,282103.6406329683
12894,2,285950.0,238911.17632907737
13163,2,1250000.0,944977.6081916934
13223,2,543000.0,567185.9660461845
13716,2,180000.0,196958.13824679228
13973,2,425000.0,474297.84366744844
14021,2,170000.0,197840.58054115108
14207,2,305000.0,390435.3099487724
14240,2,862500.0,1080831.2304440206
14445,2,410000.0,387488.0355431359
14452,2,400000.0,384175.7174057644
14744,2,420000.0,507140.266209839
15086,2,360000.0,426484.93352761836
15620,2,180000.0,278480.45008502324
15704,2,322000.0,320924.6664238179
16514,2,500000.0,534129.9869075948
16563,2,365000.0,395321.7808289573
17905,2,425000.0,511077.21369115316
18114,2,645000.0,594967.4456846744
18225,2,451000.0,484179.4505560299
18878,2,220000.0,290423.2797603867
19331,2,399888.0,423666.67172602523
19690,2,479950.0,482382.18243642175
20430,2,659950.0,632388.9913171256
20661,2,939000.0,925476.8855179381
20872,2,689000.0,717509.7278485246
20915,2,303000.0,303696.97253114206
4967,2,1575000.0,1494830.3303406464
5307,2,1122500.0,1146814.9560823294
5318,2,410000.0,413193.1489681991
9093,2,320000.0,299886.47662379406
2534,2,358000.0,294709.8921084468
4051,2,339888.0,337973.0830360936
4529,2,450000.0,378522.900393085
6624,2,242550.0,276939.6095099819
741,2,459000.0,407796.77857733244
840,2,282000.0,251610.56156017163
1145,2,252500.0,269702.91185565427
1191,2,220000.0,222318.50429944295
1961,2,250000.0,262757.9358244913
2076,2,715000.0,683262.5327659663
2084,2,1250000.0,1113741.8097241668
2268,2,403500.0,483644.2309757471
2438,2,985000.0,917636.6177515646
2699,2,250000.0,261394.3257300786
2874,2,499000.0,494197.64232533734
3102,2,975000.0,1064857.293679046
3468,2,535000.0,493455.92224295065
3487,2,195000.0,197593.04782980934
4104,2,417000.0,325491.16755329515
4313,2,430000.0,512178.88797223783
4373,2,191000.0,214875.67898612996
4747,2,680000.0,615908.4409577994
5006,2,325000.0,386453.589597982
5223,2,852500.0,881983.473726085
5315,2,682000.0,685924.9366251073
5448,2,290000.0,270204.08124807506
5618,2,435000.0,439158.1311924844
5953,2,705000.0,719654.754732815
6948,2,319990.0,292358.2610630311
7031,2,424500.0,350693.9149924571
7330,2,1245000.0,1169358.7702488443
7497,2,365000.0,409530.8110870827
8107,2,330000.0,304808.4970028474
8217,2,364950.0,359038.8863744901
8879,2,289900.0,337394.7480522496
9161,2,748000.0,822659.4694797917
9266,2,347000.0,354898.54099683603
9293,2,327500.0,336494.25081698515
9601,2,599000.0,594651.5086652975
9922,2,429950.0,358917.0192937676
10349,2,385000.0,443530.6998493094
10411,2,379950.0,375968.35100371786
11256,2,199950.0,186977.53753555534
11470,2,850000.0,869660.8578624915
11787,2,1280000.0,1376239.9092623184
12345,2,353000.0,298197.490174884
12586,2,932808.0,1108830.7943994761
12874,2,255000.0,238510.6377799558
13101,2,290000.0,248425.18526713832
13941,2,269950.0,317715.60294869635
14063,2,734000.0,660465.6076296065
14290,2,469950.0,456208.91030519333
14519,2,500000.0,492152.9816409837
14964,2,730000.0,554679.382530466
15016,2,325000.0,433810.7304823092
15781,2,517000.0,508630.5484896068
15841,2,696000.0,938956.550686462
15957,2,693000.0,870681.5408382434
16094,2,499950.0,451359.20523373963
16127,2,387846.0,459452.0065548257
16539,2,1000000.0,891383.5387651094
17692,2,710000.0,655356.2184207105
17913,2,292000.0,283186.29521821527
18398,2,315000.0,252861.94127858747
18649,2,550000.0,518180.8921584836
18688,2,625000.0,571578.5331003803
18862,2,740000.0,646649.071619843
19112,2,455000.0,418419.7847277775
19329,2,242000.0,252690.68545142715
19614,2,370000.0,451273.5702489924
19951,2,345000.0,315405.4374833872
20062,2,675000.0,570599.9516959498
20468,2,900000.0,967371.893189075
20541,2,312500.0,324737.43543007
20604,2,256950.0,284996.4750948681
20888,2,356000.0,354232.95382914774
20945,2,730000.0,743123.2398127577
21115,2,425000.0,455462.92752590444
21413,2,869950.0,860137.9836052958
21515,2,942990.0,904952.5952724149
21545,2,405000.0,380286.53042634856
262,2,525000.0,594224.9776074303
488,2,699900.0,682271.6929194684
564,2,638700.0,588643.268688883
1404,2,635000.0,580061.2919917849
2319,2,471000.0,472634.3816146565
3232,2,475000.0,470287.36904144904
3237,2,739000.0,722455.3409308491
4264,2,235000.0,245731.39944832135
4319,2,432500.0,493567.25977116235
4941,2,635000.0,590565.5952800754
5016,2,453000.0,632722.8650527983
5022,2,425000.0,480751.8867958985
5061,2,370000.0,422796.39040144166
5110,2,499900.0,400859.1737879098
5162,2,1500000.0,1551658.0499574174
5555,2,434000.0,425250.94345226465
5676,2,998000.0,799892.7305500978
6543,2,557500.0,573443.1513915271
6763,2,780000.0,804597.3529171381
6790,2,539000.0,534736.9656228096
7146,2,721000.0,694750.3868751441
7279,2,767500.0,852672.2925551655
7367,2,406000.0,348887.38728674705
7453,2,292000.0,315116.7927424653
8404,2,315000.0,322068.1376011821
8815,2,353750.0,319491.5640450834
9134,2,284850.0,274016.051722985
9137,2,560000.0,485825.30820497323
9564,2,257100.0,230744.8917430661
10522,2,645000.0,643032.4879537221
10599,2,422500.0,388693.5372445291
11087,2,880000.0,706134.5225043248
11219,2,393000.0,373469.02637733344
11280,2,500000.0,550439.4501400957
11315,2,490000.0,540993.663659014
11350,2,651500.0,552544.8089871496
13138,2,430000.0,409865.8680423924
13448,2,1045000.0,980509.2292407065
13461,2,565000.0,640405.841221146
13577,2,635000.0,561923.9578244246
13710,2,2600000.0,2423145.2786187474
14662,2,850000.0,696616.7170346607
14676,2,265000.0,216313.269522476
14905,2,625000.0,591271.1024814667
15162,2,930000.0,766744.222844317
15317,2,147000.0,205216.27948747345
15403,2,380000.0,323632.8768003227
15587,2,1005000.0,1268558.9568513741
16030,2,375000.0,373046.8651618445
16102,2,589000.0,717703.068454553
16502,2,305000.0,267700.7311118219
16656,2,324900.0,289702.1913730126
16888,2,995000.0,1286516.6350296575
17671,2,505000.0,492720.3988882539
17907,2,310000.0,288926.96614001
18599,2,725000.0,775281.901976729
18645,2,575000.0,346050.6532397104
18932,2,465000.0,433767.8724196247
19036,2,303000.0,293633.3977389925
19446,2,1900000.0,1513361.179142162
20021,2,429900.0,419297.21981492196
20469,2,664950.0,756510.7497274327
21074,2,375000.0,419996.1555652587
21282,2,706000.0,657853.9298128266
21357,2,1065000.0,1004545.1168817147
562,2,880000.0,937388.9963842969
575,2,300000.0,319127.988769295
764,2,405300.0,392294.1478507384
1195,2,632000.0,482011.3373459126
1273,2,590000.0,498527.3496139883
1313,2,255000.0,262706.54171693785
2011,2,305000.0,316774.95824278315
2347,2,430000.0,422772.5045146205
2430,2,305500.0,309447.7355468162
2441,2,355950.0,403104.5865443518
3173,2,490000.0,510212.89616260276
3238,2,271000.0,261410.28748903007
3939,2,425000.0,355458.9860667976
3945,2,480000.0,474756.3035125428
5183,2,220000.0,287522.0731223126
6807,2,299500.0,265689.79724201
7205,2,630000.0,516115.5136864055
7209,2,352500.0,355881.2361043063
7305,2,445000.0,476502.47621574986
7814,2,291000.0,220463.10986396132
8148,2,1250000.0,1134515.3091358766
8161,2,275000.0,276400.5678884809
8499,2,336500.0,300327.2088622276
8603,2,279000.0,286055.7145712413
9330,2,825000.0,1004528.9374857572
9451,2,500000.0,509544.3181815848
9503,2,435000.0,445002.1089470391
9512,2,1275000.0,995184.6506599884
9971,2,235000.0,239980.09466990302
9989,2,388500.0,403496.958028675
10027,2,578500.0,625116.8209542573
10100,2,550000.0,674477.6613047009
10175,2,495000.0,619840.3331772761
10198,2,325000.0,327802.6375239733
10238,2,730000.0,827993.1528076236
10318,2,800000.0,986441.8752838628
10783,2,700500.0,609477.0761268673
10982,2,1565000.0,1168841.8398213494
11285,2,236000.0,212515.43710569962
11449,2,228900.0,280573.5774901565
11898,2,505000.0,596526.6401243884
11987,2,365000.0,356898.3121513081
12164,2,290000.0,342667.0025355156
12235,2,820000.0,842628.8136133925
12314,2,215000.0,277949.75688432786
12727,2,642860.0,570569.3909463687
13318,2,570000.0,570700.7198444509
13708,2,670000.0,635015.763962336
13810,2,415000.0,543812.2876133114
14062,2,201000.0,218288.85445371436
15095,2,500000.0,436089.1686094711
15184,2,340000.0,460145.9048415974
15195,2,244000.0,235593.2050253409
15359,2,287000.0,297065.8525093946
15879,2,330000.0,337080.6909511295
16587,2,740000.0,770740.9021380285
16680,2,598800.0,300007.950348918
16833,2,465000.0,440944.44671048975
17588,2,800000.0,796322.4820644514
18021,2,830000.0,590408.1379199033
18998,2,270000.0,222392.17327851767
20245,2,649000.0,636066.8410638015
21266,2,440000.0,408099.89136295853
21396,2,685000.0,654492.1258233745
569,2,405000.0,273569.7416957691
1004,2,245000.0,244779.19904343877
1482,2,504750.0,488446.7137666543
2019,2,275000.0,263554.4817977844
2293,2,390000.0,396049.51330866327
2546,2,299900.0,303212.1265792385
3465,2,200000.0,184237.89096141176
3732,2,360000.0,477351.6347586918
3768,2,255000.0,243998.2596240011
4151,2,825000.0,936539.5776540103
4749,2,319000.0,323427.43893480446
4943,2,895000.0,829330.1711804882
6391,2,303000.0,312854.8009191177
7075,2,350000.0,314660.8668927875
7173,2,420000.0,411796.5653349286
7857,2,582000.0,519582.80896199815
8121,2,175000.0,182179.1522045825
8259,2,329000.0,371315.2996675197
8535,2,480000.0,408962.48855213734
8688,2,520000.0,543534.1115961226
9049,2,952000.0,978432.5908064587
9109,2,570000.0,527149.1945610844
9242,2,650000.0,721695.407848774
9454,2,213400.0,269763.2253778886
9894,2,784950.0,786750.2093235217
10021,2,465000.0,435058.18292342406
10421,2,630000.0,572927.2343028915
10923,2,582500.0,474866.8847371153
11741,2,405000.0,407067.54408664646
11769,2,325000.0,322706.7134630343
11878,2,1620000.0,1386161.4560720439
12084,2,338000.0,288631.8651157509
12101,2,348500.0,328104.8372936944
12111,2,315000.0,354212.4708520134
12558,2,364000.0,330029.18773500476
12601,2,288000.0,240119.8774636561
12695,2,258500.0,255507.22098494577
12812,2,420000.0,471163.8005681579
14265,2,229000.0,195036.99612185196
14467,2,825000.0,953032.9786625071
14558,2,357500.0,343086.84640659456
14690,2,565000.0,595551.8319717668
14857,2,327000.0,348126.12556013593
15281,2,339999.0,320745.87009782874
15336,2,276000.0,375564.3419375887
15354,2,572500.0,616030.433554516
15423,2,279000.0,312639.73535811866
15840,2,1335000.0,763721.8176830459
16082,2,210000.0,310669.19980399846
16231,2,260000.0,261453.52813666424
16264,2,315000.0,279142.16169094824
16495,2,735000.0,738995.167463891
16527,2,950000.0,1238702.2617653694
17458,2,463000.0,341349.3326251915
17942,2,623500.0,589956.127723936
18058,2,244000.0,233098.82873552045
18059,2,275000.0,196917.98456695722
18103,2,677000.0,689491.3078960455
18664,2,249000.0,243040.0075950345
19400,2,229950.0,224770.33593005483
19420,2,557000.0,613149.0688784985
19514,2,349900.0,339825.3214783171
20077,2,1035290.0,970070.0285652363
20558,2,620000.0,568877.1550670944
20577,2,825000.0,846776.5067042307
20811,2,580000.0,498815.90654365544
21433,2,465750.0,527363.646483737
422,2,538000.0,483896.2291736448
703,2,485000.0,615641.2753637875
878,2,229000.0,187660.04831620163
1096,2,241000.0,177376.29891126155
1983,2,555000.0,625203.5614210232
2802,2,179500.0,229216.9624743583
3035,2,1799000.0,1366100.0171997696
3383,2,430000.0,305979.83003006026
3572,2,770000.0,448216.53935258964
3813,2,2890000.0,2660539.7902882765
4528,2,239900.0,228963.42383107345
5881,2,268500.0,342358.586881267
6188,2,675000.0,687270.6011811176
6731,2,319000.0,342805.7903165339
6737,2,269950.0,259305.79449530924
6827,2,340000.0,519127.4946383995
7028,2,567000.0,556762.2778707144
8885,2,309000.0,252403.63292112676
9752,2,329000.0,326235.0727623011
11229,2,395000.0,281891.84131664544
12324,2,280000.0,217168.15273498822
12885,2,808000.0,793976.4444444635
13058,2,375000.0,378881.6342839177
13557,2,311000.0,355465.5547031596
15029,2,299500.0,257392.2125352757
15088,2,396900.0,371836.3761094233
15278,2,765000.0,843074.1377124325
15803,2,375000.0,365605.0094938057
16136,2,1320000.0,784460.7571050668
16533,2,651000.0,667775.0897359672
16990,2,296500.0,257953.34744286034
17467,2,304500.0,311262.3744647057
17493,2,1050000.0,781829.7715729607
17512,2,386100.0,392779.4127030364
17707,2,633000.0,711043.807724654
18238,2,750000.0,680173.3284010701
18514,2,245000.0,260840.4929063364
19047,2,340500.0,355339.40812725696
19581,2,340768.0,258043.03234989755
19617,2,450000.0,498147.91557108547
20647,2,539950.0,511602.25188806094
21352,2,495000.0,500630.80486106954
1621,2,248000.0,283883.6188635236
3096,2,285000.0,281768.09125654405
7536,2,1320000.0,955728.372234835
16707,2,255000.0,305873.68324560934
17165,2,420000.0,474658.275657257
18258,2,260000.0,256960.11064839366
18733,2,229000.0,445152.65687615494
1904,2,1045000.0,1002157.3423382469
19170,2,517000.0,540062.7071009608
81,2,360000.0,306771.06747645093
715,2,250000.0,243079.7344056119
816,2,310000.0,320027.4166156084
1156,2,350000.0,393780.19554784667
1217,2,1875000.0,1734380.1407601854
1785,2,285000.0,261100.0511711218
1868,2,411800.0,462822.15195061086
2089,2,750000.0,862358.7192500281
2119,2,585000.0,727167.9989154353
2749,2,722500.0,670586.5948228969
3489,2,210000.0,295030.69170558185
3624,2,650000.0,492742.7819223564
3864,2,790000.0,767118.153734299
4256,2,261500.0,284974.914684621
5215,2,335000.0,413450.7178301206
5377,2,610000.0,524693.9762120196
5765,2,650000.0,764239.8606844571
6094,2,239000.0,234051.26644242305
6207,2,337500.0,457591.20972806687
6229,2,360000.0,373864.93517512485
6249,2,332500.0,445059.9552179546
6284,2,499000.0,490519.90318792727
7809,2,266000.0,255890.7664695241
7840,2,328000.0,325254.01510086295
8025,2,323000.0,350460.7245661311
8417,2,520000.0,574915.6166650763
8506,2,270000.0,398624.19161875267
8560,2,324000.0,329839.008511118
9087,2,575000.0,639542.4933197779
9238,2,379000.0,364946.08508553036
9580,2,244000.0,247844.62235766984
10377,2,570000.0,535082.8779219799
10598,2,278000.0,299609.5615787616
10863,2,232000.0,240618.6263586983
10915,2,332000.0,357422.5230992042
11356,2,350000.0,342056.4686178373
12156,2,200000.0,246477.3091886192
13175,2,670000.0,598678.5729566584
13497,2,289950.0,272790.48606805137
13763,2,625000.0,688851.1726784105
13813,2,600000.0,504578.5860907238
14069,2,221000.0,190426.25909793854
14318,2,317500.0,309692.8846324921
14329,2,340000.0,316432.03350528143
14500,2,462370.0,462751.03709925956
15348,2,550000.0,664012.8954863393
15934,2,745000.0,643945.6447203606
16228,2,202500.0,234900.78812944502
16287,2,260000.0,258364.80257612746
16709,2,520000.0,481628.2813010659
16734,2,500000.0,535708.095936998
17327,2,637500.0,581063.5561404949
17803,2,705000.0,640146.3411949412
18227,2,525000.0,430780.7872314575
18424,2,274000.0,223280.3063311938
19103,2,400000.0,531199.3170711813
19652,2,274000.0,279258.45334270666
19789,2,550000.0,560708.0428223187
19843,2,465000.0,439015.08578185627
19955,2,570000.0,560654.1991353552
20041,2,975000.0,672427.2898341119
20067,2,633000.0,740343.5678744927
20110,2,436000.0,441787.5079778219
20553,2,344000.0,358843.87572136644
20685,2,810000.0,816071.4111682188
20877,2,627000.0,587462.0918696617
20907,2,325000.0,305130.32888350193
94,2,700000.0,582788.5655081286
373,2,380000.0,463193.2832353178
418,2,355000.0,385575.0027895474
815,2,379000.0,381760.2718760725
1268,2,302495.0,330089.67143280566
1372,2,330000.0,476111.7366770543
1924,2,432000.0,555675.4905033902
2523,2,225000.0,185311.6880055544
2660,2,523000.0,556578.1020814532
2695,2,705000.0,653923.5450665184
3103,2,1130000.0,1221073.2024191082
3925,2,540000.0,475748.6757781231
4031,2,276000.0,258271.5121614896
4064,2,383000.0,443073.66945581237
4159,2,215000.0,199815.29570419196
4881,2,285000.0,280934.46228791284
5236,2,199999.0,217945.58279038384
5565,2,472000.0,519464.0047537281
5717,2,405000.0,420763.4994487608
5752,2,565000.0,473512.1432823741
6047,2,510000.0,443256.5172999181
6520,2,760000.0,685509.502347157
7217,2,292500.0,288296.5915953589
7594,2,395000.0,418041.62840826827
9328,2,334950.0,326007.30526362796
9754,2,405000.0,422231.15806076786
9854,2,235000.0,305052.3367375659
11710,2,219950.0,235765.98840410283
12025,2,756450.0,681983.6719320655
12231,2,887500.0,931943.3086146755
12503,2,450000.0,461867.6237157094
12560,2,445000.0,438036.22700698127
12719,2,345500.0,322256.8613724792
12749,2,515000.0,464876.40255617327
12896,2,312000.0,290667.81140537193
13335,2,440000.0,378128.1395792006
13466,2,1272000.0,1365622.5455173762
13514,2,515000.0,319225.721631693
13738,2,252000.0,256831.71050946094
13828,2,435000.0,443237.6178128035
13902,2,539500.0,523471.4240916775
15180,2,2200000.0,1563705.87965066
15330,2,520000.0,572328.6395960712
15667,2,1715000.0,1530129.0663899926
15974,2,325000.0,314509.9292826002
16354,2,575000.0,480363.9321672109
16581,2,269000.0,275095.72130219225
17251,2,490000.0,525516.2733379931
17490,2,275000.0,258952.1672417939
18264,2,415000.0,412102.0636721727
18386,2,390000.0,378179.4717001984
18394,2,325000.0,302270.4158277029
18498,2,206000.0,180098.2633197682
18671,2,383000.0,328419.40344710567
19621,2,235000.0,174347.9257212583
19712,2,263000.0,254312.49442855042
19734,2,250000.0,198541.5489037898
19947,2,395000.0,400557.3869616603
20267,2,1042000.0,1058241.6195481978
20420,2,599000.0,624160.6355409168
20473,2,661000.0,637265.5736350458
20884,2,270500.0,290906.05232467706
21320,2,625000.0,632171.4959231506
2145,2,415000.0,381836.4320726971
2301,2,370000.0,356355.28583457274
2380,2,363000.0,320816.1508402468
3361,2,160000.0,182513.4233510678
4083,2,246700.0,243407.77755092218
6132,2,700000.0,649161.545007085
6257,2,280000.0,267562.51949658646
6843,2,255000.0,240287.0852023859
9673,2,535000.0,614417.2576398797
9862,2,360000.0,364972.0952924977
10049,2,439000.0,432776.93580739177
10308,2,329000.0,350965.53920323984
10410,2,422800.0,411636.6654877794
10579,2,345000.0,331445.62220775755
10727,2,265000.0,244324.72326767974
11213,2,255000.0,222312.87825644354
11873,2,650000.0,691867.3058084705
12243,2,480000.0,430602.15807851707
13147,2,320000.0,289917.02506219305
13563,2,715000.0,745281.7263283682
13618,2,310000.0,222001.14894713965
13720,2,410000.0,424698.1932206903
15363,2,319000.0,296726.25161912525
15444,2,539500.0,549964.7246017652
16131,2,434400.0,427098.9757172043
16319,2,500000.0,635943.4330436271
18500,2,325000.0,271821.6026357547
18960,2,480000.0,335307.4717538153
19024,2,1001000.0,829036.148291019
21551,2,1375000.0,1300241.5470924256
868,2,381156.0,356828.2894618556
1871,2,247500.0,258591.11535009788
2427,2,473000.0,390047.1373872788
2789,2,524000.0,382180.0425234063
2799,2,415000.0,402558.42557607056
2941,2,123300.0,200523.2082751879
3995,2,241250.0,237358.52633049904
4372,2,160134.0,209160.44945145125
5207,2,500000.0,430516.997311235
5325,2,485000.0,589098.7015185627
5339,2,350000.0,304912.2006393954
5619,2,874000.0,859440.5050922848
6382,2,605000.0,582870.1500003713
6513,2,535000.0,515475.3016959288
6896,2,255000.0,257561.71934954796
7101,2,199950.0,171420.99156773556
7603,2,475000.0,454645.5968543868
7638,2,250000.0,296340.87250013277
8247,2,335000.0,293194.1281863438
9436,2,375000.0,471150.4408481906
9785,2,920000.0,806780.9304741533
10412,2,525000.0,397359.22810051905
10681,2,795000.0,893657.3903095725
11596,2,575000.0,491506.48104621394
12846,2,860000.0,910751.2300112061
13110,2,1135000.0,1429422.6025897819
13321,2,275000.0,442413.5141855831
15476,2,215000.0,295897.0567796058
16050,2,399000.0,273008.7402620506
16526,2,250000.0,291980.16217168455
16762,2,449400.0,432880.98626410484
17008,2,370000.0,370253.67070688825
17049,2,455000.0,428364.86627806205
17435,2,353500.0,367137.6803734243
19670,2,865950.0,949995.8979225686
21042,2,255000.0,274891.0596429014
21194,2,375500.0,370905.3872613688
14621,2,350000.0,409714.29677753116
15216,2,475000.0,398232.6269065884
346,2,239900.0,198783.2604256521
696,2,700000.0,770720.6740442074
1157,2,790000.0,699497.9272697658
1263,2,614000.0,697160.0437486112
1424,2,340895.0,329393.7857523213
2442,2,485000.0,478189.3895243697
2463,2,262000.0,232939.9801998017
3426,2,515000.0,664900.9471637142
3705,2,230000.0,267616.8948085096
3776,2,680000.0,667071.4035813562
4032,2,2500000.0,1757888.3861813126
4324,2,459500.0,382292.66832637374
4878,2,1151250.0,918493.6244799166
5363,2,307000.0,310964.9657544352
5952,2,376000.0,420867.889960565
6602,2,1035000.0,1026389.4419138387
6877,2,305000.0,282835.49287224154
7843,2,550000.0,469485.25920805783
7948,2,200000.0,254020.65219839622
8291,2,315000.0,277453.06039786123
8863,2,562000.0,593638.3684551772
9074,2,220000.0,210721.18139042298
9200,2,250000.0,225440.61791129087
9269,2,500000.0,481255.4846381756
9428,2,800000.0,794500.4357116566
10723,2,238000.0,216387.50377645725
10761,2,207000.0,235300.10600281777
11088,2,195000.0,204748.75784151
11150,2,399950.0,338536.21045949723
11555,2,530000.0,515856.74420204747
11839,2,320000.0,309188.78327384463
11992,2,738000.0,714471.761247234
12491,2,377500.0,380346.5065513267
12513,2,445000.0,452702.47310594574
13727,2,472000.0,616289.6815603599
14033,2,360000.0,368213.74390063673
14077,2,714000.0,787813.570816994
14932,2,920000.0,780445.8562296017
14972,2,1425000.0,1326075.2345494682
15948,2,555000.0,598208.4394404452
15983,2,185000.0,195391.23586297553
16390,2,302300.0,307316.39032417134
16455,2,202000.0,161520.88324200606
16500,2,271000.0,213452.76476099918
16573,2,438500.0,401980.64474121307
16957,2,575000.0,471328.2493875286
16992,2,420000.0,401119.72038471326
17775,2,515000.0,505110.5244023393
17992,2,415000.0,363718.29053543037
18212,2,362950.0,372891.9499578066
18747,2,275000.0,243443.51928461378
18951,2,559000.0,557195.2319853874
18999,2,540000.0,455338.8017833783
19254,2,660000.0,691224.9406318325
19579,2,495000.0,538938.3370445678
20209,2,659000.0,756510.7497274327
20270,2,577000.0,638669.4238932168
20566,2,345000.0,346922.8673313148
20816,2,1105000.0,906895.0029766968
20862,2,336900.0,357680.1524297995
20980,2,495000.0,562741.65857428
21028,2,255000.0,239166.03472888444
21163,2,620000.0,632797.7823170292
21213,2,785000.0,766163.4799282621
37,2,640000.0,884476.0773425914
1013,2,538200.0,526441.2669464712
1058,2,528000.0,430860.3113708742
1107,2,609850.0,688751.5717478275
1484,2,530000.0,369202.91635239706
1538,2,420000.0,389572.6474759597
2461,2,1700000.0,1940577.0082656322
3059,2,424950.0,408332.0394657987
3369,2,189000.0,283934.908640201
4209,2,825000.0,847971.1674305272
4216,2,305000.0,324065.08895714406
4782,2,260000.0,281453.61799962615
4914,2,455000.0,490538.37546371727
5208,2,685000.0,657542.0210581839
6100,2,495000.0,467879.5062786856
7040,2,190000.0,225315.61427426696
7343,2,1535000.0,1272069.0623804182
7568,2,621000.0,591114.8381278634
8072,2,350000.0,352564.56452022336
8459,2,460000.0,472711.0727673487
8531,2,415000.0,394303.73167509446
9131,2,250000.0,273782.0832717558
9430,2,355000.0,421032.862496114
9783,2,340000.0,385329.6800796609
10254,2,235000.0,168209.1943862472
10427,2,1200000.0,436746.296966779
10502,2,226500.0,233672.74653089326
10635,2,739000.0,778277.3885017714
11026,2,469000.0,423140.1211612171
11768,2,771000.0,831355.728074291
12044,2,1060000.0,1065151.2925176008
12662,2,150000.0,194929.54565591872
13455,2,230000.0,268011.22292081325
17051,2,190000.0,253917.76989165178
17453,2,630000.0,624054.5931122098
17753,2,160000.0,203130.18611546644
18199,2,3300000.0,2993013.9776495053
18875,2,1945000.0,1986942.9430814285
19390,2,620000.0,618176.6682169468
19496,2,350000.0,350767.49344213214
19837,2,1255780.0,1066642.7347197502
20171,2,550000.0,605038.7794057342
21293,2,208400.0,292115.8331814202
52,2,600000.0,531025.3403628368
451,2,333500.0,316090.109419246
566,2,260000.0,221547.35548752098
1139,2,605000.0,632835.0513768662
1692,2,825000.0,819923.2241608946
3004,2,441000.0,311108.9155354163
3403,2,221700.0,280747.3298997344
3480,2,1225000.0,898944.4812392608
3633,2,406500.0,467068.1136077939
3803,2,795000.0,771198.2670683048
4081,2,905000.0,616175.1281665298
4882,2,240000.0,250376.1305282911
5574,2,241500.0,228870.48727237023
6500,2,755000.0,752317.3395614859
7372,2,609000.0,624054.5931122098
7526,2,614285.0,574200.1008748639
7878,2,205000.0,211777.27348374703
8393,2,582000.0,585099.1203614512
8626,2,425000.0,406618.9978110777
9069,2,565000.0,669992.2305418379
9263,2,315000.0,316306.8150676238
9850,2,875000.0,723903.8770671062
12746,2,518000.0,451435.90165447956
12892,2,209000.0,188812.48641260283
12984,2,146000.0,174591.36570932574
13076,2,931000.0,1001994.638349494
13152,2,575000.0,527266.5864923294
13749,2,272000.0,244372.19723686855
15126,2,449000.0,404452.29850803775
15572,2,330000.0,279037.25212311663
16205,2,485000.0,555868.9990309027
16303,2,365000.0,314662.8897962564
16936,2,397000.0,364205.48392508633
17365,2,826000.0,964602.292971649
17507,2,665000.0,638761.2121099121
18433,2,261000.0,232509.28490423522
18462,2,219200.0,237686.4923959489
18666,2,690000.0,635516.8281159868
18935,2,460000.0,453931.7873709271
18976,2,579000.0,542384.1146259785
19293,2,310000.0,292348.3310296698
19375,2,509000.0,508126.5935772465
19607,2,689000.0,748512.9230921261
19952,2,443000.0,375997.4796384284
21549,2,327500.0,311889.0007963855
120,2,660000.0,630155.7296504613
171,2,272000.0,252120.33181857274
574,2,263500.0,284295.7608428869
658,2,748000.0,649026.1339192515
718,2,730000.0,563719.7304050243
1734,2,252000.0,261264.26202875236
1851,2,500000.0,517515.09118924907
2046,2,1568000.0,1321653.6876075654
2794,2,1289000.0,959834.0904636894
3604,2,625000.0,609459.7096545895
4856,2,147500.0,219251.93888216588
5321,2,475000.0,394481.6096344579
6053,2,762500.0,782689.578202017
6633,2,782000.0,845051.7570723249
7597,2,825000.0,830110.7415561808
7971,2,350000.0,319158.4213231477
8302,2,325000.0,321491.6432081965
8872,2,408000.0,389464.7493332809
8932,2,273000.0,328773.57720022876
9486,2,287000.0,270426.59807089006
9711,2,510000.0,493700.4988022956
9875,2,332500.0,312775.31926099566
10296,2,166000.0,202348.55924119666
10758,2,520000.0,372516.60576791805
11155,2,256000.0,240705.54376968154
11447,2,514500.0,478895.532038599
11515,2,475000.0,468695.42860362626
12020,2,247000.0,261273.89923509
12634,2,489500.0,532650.467498011
13412,2,829000.0,748748.3543659054
13908,2,230000.0,246699.9252978954
14380,2,519000.0,443075.2096924492
14530,2,325000.0,301338.43754180416
14685,2,1465000.0,1555391.3025427838
15024,2,633000.0,549461.9898893725
15141,2,345000.0,340855.496874044
16077,2,500000.0,502219.0193858918
18123,2,243000.0,264130.16180722276
18181,2,262500.0,245877.78818287383
18245,2,476000.0,412451.27058422886
18271,2,238000.0,217022.08450565435
18658,2,440000.0,511813.908180631
19257,2,675000.0,619813.0293670581
19910,2,430000.0,401115.59598932776
21189,2,530200.0,566493.4801642183
71,2,325000.0,363756.6168195292
130,2,212000.0,210036.66099255183
417,2,423000.0,425965.80753530405
685,2,802541.0,839872.7879955184
1135,2,420000.0,429019.85604769003
1557,2,937500.0,940108.2570420669
1654,2,330000.0,351412.35637353704
1746,2,729000.0,701355.1708455859
1976,2,830000.0,661459.2418941441
2552,2,313000.0,317369.4874292464
2816,2,600000.0,531799.0921787091
3549,2,652427.0,620611.0130353894
4227,2,755000.0,571616.5619411732
4265,2,593500.0,581850.7021283702
5303,2,99000.0,130996.33527258814
5827,2,1697000.0,1776119.3401530941
5919,2,855000.0,899146.8781768195
6358,2,317500.0,298069.4431410177
6423,2,445000.0,437194.20367157314
7077,2,1650000.0,1176848.8756528832
7121,2,500000.0,505862.1925452811
7267,2,469500.0,464159.80859088467
7316,2,330000.0,361999.20344090293
7564,2,725000.0,649709.7761728157
7700,2,2150000.0,2235113.6909287865
7955,2,299950.0,242126.0880218344
8368,2,362500.0,372497.9872882901
9364,2,467500.0,429061.5569484118
9886,2,241000.0,246604.77621613597
10102,2,312500.0,403796.45345581346
10176,2,600000.0,708741.0968459004
11358,2,400000.0,412138.42326855933
11735,2,400000.0,404866.6010709513
13092,2,482500.0,464467.4155301825
13961,2,485000.0,484930.4806821731
14433,2,276750.0,256293.73099170942
14493,2,299999.0,314867.8098219001
14835,2,300523.0,940880.8004229305
15131,2,135000.0,133761.79935954555
15353,2,780000.0,886898.2269423427
15379,2,344500.0,281874.32267204084
15652,2,419950.0,438537.26762617147
16135,2,270000.0,276624.773100485
17033,2,165000.0,193916.09551002178
17303,2,317000.0,238841.65411276452
17455,2,490000.0,480995.9891310558
18235,2,383000.0,387842.2161248581
18349,2,570000.0,420548.49248380726
18504,2,490000.0,419896.291971158
18708,2,713000.0,719015.0997759431
18726,2,707000.0,477434.6859227964
18872,2,245000.0,284478.0834796643
19022,2,550000.0,565513.1390927037
19543,2,385000.0,402600.01722384454
19587,2,739000.0,721176.1346336352
20534,2,960000.0,876721.4423216975
21196,2,1100000.0,1054853.4974482337
21391,2,269950.0,298027.2825840739
21484,2,850000.0,854669.8492559504
469,2,342500.0,302719.4397388516
1108,2,200000.0,271843.7791401094
2234,2,608000.0,678143.5017850238
2333,2,555000.0,539085.7972663209
3049,2,272000.0,270308.513121015
3088,2,325000.0,319809.35183746426
3454,2,665000.0,441279.1640378603
3613,2,563000.0,623147.2072694076
4058,2,299950.0,332742.3296760571
4235,2,700000.0,831395.2638169304
4664,2,405000.0,388435.7754589342
5499,2,365000.0,264288.71770286193
6346,2,430000.0,405569.44753051014
8087,2,154200.0,234519.65774283672
8873,2,392000.0,349688.9065743402
8991,2,214000.0,199687.1923741615
9034,2,340000.0,351233.3494867025
9728,2,215000.0,193283.34573957912
9964,2,335000.0,286859.2270656691
12735,2,375000.0,404182.2355099145
12736,2,325000.0,283203.01390965324
12785,2,537000.0,539360.92509758
12789,2,282500.0,300526.60285282024
13220,2,240000.0,284389.0263368756
15090,2,245000.0,237080.2227259104
15238,2,283500.0,277877.2676435877
15982,2,652600.0,704129.1595645751
17234,2,1085000.0,1111073.1073057123
17324,2,1629000.0,1530025.387633587
17506,2,248500.0,244053.2991372861
17966,2,320000.0,299950.0057448396
17998,2,216000.0,228996.94861368753
18576,2,315000.0,320958.19866253086
18983,2,237500.0,247430.71627067987
19105,2,463000.0,427677.80175043154
19208,2,265000.0,240012.18312583343
19294,2,190000.0,230808.6306751105
19765,2,390000.0,334617.52006674715
20022,2,459000.0,423354.1243806709
20397,2,480000.0,516417.48676712485
20411,2,653000.0,620796.4207649349
20437,2,344000.0,390923.383615724
179,2,330000.0,397699.9827142871
423,2,380000.0,390782.27255488373
468,2,340500.0,324705.69749487925
768,2,760000.0,765796.0214497442
803,2,625000.0,642039.6513628863
839,2,332000.0,329116.1126927637
1194,2,406000.0,374969.99407235143
1465,2,765000.0,783132.2774749129
1630,2,180500.0,276960.7856066843
1668,2,550000.0,590724.4618725156
2656,2,350000.0,372412.8406190877
3541,2,326000.0,254908.32286415694
4972,2,528000.0,537987.3038683549
5826,2,250000.0,276856.08405815193
6176,2,354000.0,382216.79276405054
7310,2,585000.0,543212.819166048
7387,2,1775000.0,1863307.1173170076
7473,2,325000.0,312149.03584069107
7665,2,285000.0,236559.31232189693
8785,2,790000.0,438056.95949081413
8813,2,580000.0,614519.8390267125
8852,2,291000.0,226194.71699299884
9056,2,553000.0,440637.63472192414
9714,2,937500.0,1349570.1240095245
10146,2,596500.0,520858.11992564955
10276,2,728725.0,744331.0687074697
10331,2,305000.0,303657.62400834414
10393,2,575000.0,698384.8201071464
10991,2,349000.0,339302.0460084191
11034,2,998500.0,836399.7498694839
11486,2,390000.0,357905.5779855104
11908,2,879900.0,747040.348125302
11957,2,499000.0,378665.6170879134
12538,2,350000.0,318281.65904511954
13174,2,540000.0,514662.5223358099
13295,2,162000.0,323656.2840618325
14658,2,320000.0,281371.6916051465
15392,2,551100.0,428077.88559412624
15504,2,273500.0,297746.95605388214
16156,2,445000.0,465501.85129738564
16406,2,445000.0,447993.2252589606
16697,2,1150000.0,1035207.9134377268
16721,2,685000.0,704815.8969889012
17080,2,988000.0,1008932.5879942501
17469,2,485000.0,295528.6073148616
17548,2,290000.0,423232.59591799526
17562,2,261590.0,168490.2192429998
17686,2,750000.0,629382.3235215155
18118,2,515000.0,545921.3553480249
18195,2,605000.0,571776.4352601421
19845,2,484950.0,479837.83375301724
20404,2,729000.0,648908.5251635074
20542,2,850000.0,820032.3373055818
21576,2,3567000.0,2732467.0753749516
118,2,171800.0,227161.29668909335
309,2,665000.0,629013.4883716884
456,2,496500.0,470585.1870901299
992,2,645000.0,610829.2086435305
1360,2,815000.0,896826.7920025156
1667,2,349950.0,390818.5298300637
2743,2,388000.0,402136.19559087744
3060,2,387000.0,395571.0570315682
3834,2,349950.0,261148.56234313213
4025,2,1010000.0,855475.7930625147
4219,2,329500.0,330165.9623000047
4524,2,875000.0,921698.0634850084
4561,2,185000.0,163060.17852586234
4699,2,1195000.0,1331586.7050148142
5206,2,768500.0,746221.5105553648
5410,2,899000.0,779484.8759266183
5739,2,1620500.0,1555799.40540096
6060,2,760000.0,780994.3039102156
6665,2,455000.0,425679.6985382524
7394,2,987500.0,1295617.1422035138
7570,2,395000.0,449021.22553186625
8351,2,510000.0,517592.11723425554
9991,2,419000.0,414068.6193910664
10038,2,375000.0,386647.93762380845
10903,2,331500.0,445222.9721303923
12862,2,595000.0,568387.4242788112
12901,2,770000.0,799943.1480688483
13074,2,305000.0,370707.36904036585
13626,2,240000.0,259355.46236083328
13694,2,386500.0,406768.1501039582
13783,2,185000.0,223039.96823121674
14020,2,425000.0,346429.4776230298
14064,2,357500.0,346743.82325688703
14232,2,2200000.0,1967963.841890788
16152,2,350000.0,324885.77441024105
16970,2,288000.0,273895.9221940757
17635,2,230000.0,284933.21594347846
17959,2,185000.0,186993.12862655253
17994,2,320000.0,410896.80159036454
18725,2,180000.0,283242.14339254913
19221,2,218250.0,196261.6440636225
19371,2,224000.0,272584.43113974005
19491,2,330000.0,339032.49476050504
20028,2,918000.0,877060.0612860908
20070,2,524000.0,488184.031271138
20376,2,600000.0,597672.3097144457
20506,2,305000.0,313119.2829230096
20942,2,375000.0,368213.04745368287
21225,2,635000.0,596703.7279585766
1105,2,550000.0,493237.33859878767
1517,2,610000.0,560804.5386957286
2325,2,270000.0,302994.63599880977
3833,2,524000.0,481832.90499521786
4708,2,323000.0,374584.42755746306
5089,2,803000.0,413069.7654700087
5465,2,560000.0,522951.10254831443
5741,2,629000.0,541650.8813206569
5764,2,465000.0,481145.26606662007
5942,2,908950.0,918027.2839067084
6023,2,700000.0,651147.8229645849
6637,2,313000.0,323896.1783852575
7440,2,928950.0,1002229.2743114759
8775,2,640000.0,543359.1122883803
8802,2,367500.0,374994.7032737784
8857,2,264950.0,247246.8413522668
9045,2,600000.0,623545.6091200708
9339,2,335000.0,330218.709082807
9840,2,1140000.0,1025327.8060544985
10362,2,600000.0,393631.1287284222
11535,2,3200000.0,2499985.842125758
11684,2,510000.0,449617.6328839821
13446,2,292500.0,262796.5043108103
13492,2,1650000.0,1405359.0903595455
13645,2,300000.0,316985.2478374605
15770,2,520000.0,475964.51665988646
15849,2,322000.0,331393.71831236006
16414,2,322968.0,420478.7888848166
17977,2,311000.0,266903.2252913159
18429,2,295000.0,260347.15279324236
18446,2,270000.0,284081.66885937983
18580,2,435000.0,430065.0345370621
19656,2,480000.0,365118.31827561866
19691,2,319000.0,287583.3129444945
21173,2,880000.0,849436.2847958102
21470,2,249000.0,259809.36064837908
12088,2,325000.0,318802.07794782
945,2,419000.0,397148.9533215601
2267,2,2750000.0,2691085.622783989
2481,2,236500.0,346120.9081935185
2550,2,265000.0,246640.08215115126
3355,2,374500.0,365134.0511690182
3946,2,400000.0,490690.06707252224
4446,2,344000.0,327056.96310413914
5228,2,835000.0,757189.806059156
5382,2,329000.0,279285.32093377074
5818,2,338500.0,347640.7585716054
6829,2,332500.0,325543.79011433024
7614,2,419950.0,344599.0090573354
7741,2,530000.0,471861.86242786975
7953,2,920000.0,786812.1048281355
8415,2,710000.0,790709.5499031204
8671,2,385000.0,430833.97467917355
10219,2,950000.0,1084345.0412971748
11040,2,1225000.0,1280506.0642013617
11098,2,435000.0,424116.8334916527
11871,2,1950000.0,1461482.870544494
12379,2,800000.0,872063.0070970114
12389,2,237000.0,324021.9630576381
12465,2,222900.0,190719.040325478
12738,2,287000.0,264166.60297152086
13030,2,320000.0,311749.36486919294
13458,2,780000.0,717262.4634927539
13546,2,415000.0,384182.6376832702
14439,2,495000.0,493843.73123589566
14585,2,984000.0,952937.1955433346
15525,2,262000.0,230943.11490332673
15837,2,440000.0,461431.60637163353
15928,2,550285.0,523330.78484257235
16085,2,449000.0,434553.1016658345
16465,2,200000.0,257877.0157061953
16837,2,1300000.0,1319788.1710289589
17699,2,500000.0,450607.9237617569
18413,2,359000.0,353944.398664528
18659,2,618000.0,584188.9319727338
18694,2,835000.0,758147.0726062458
19298,2,565000.0,691583.9529262111
19374,2,330000.0,326239.1682984308
20715,2,540000.0,562868.7009186539
198,2,440000.0,451388.10697401175
618,2,175000.0,263461.7962745613
734,2,347500.0,364004.1428615842
1288,2,320000.0,308373.95181191544
1331,2,515000.0,451431.74788439885
1598,2,451101.0,412193.7169308393
1878,2,832000.0,870746.3761219643
2574,2,630000.0,585672.6877118184
3458,2,207500.0,212028.31866049318
3865,2,635000.0,705458.3530034653
3913,2,357823.0,351357.64705090463
5282,2,515000.0,478620.365074438
5671,2,500000.0,452499.9805204613
5791,2,810000.0,798553.4113710662
5985,2,441000.0,445847.440682458
6167,2,460000.0,524255.1202540844
6218,2,215000.0,253605.26550238742
7480,2,320000.0,239499.22429177302
7676,2,725000.0,531433.2132215137
8742,2,500000.0,440029.653664961
9036,2,667000.0,399145.7820504309
9097,2,314000.0,282652.16951814445
9127,2,190000.0,235508.59445827533
9450,2,300000.0,457865.364242632
10163,2,769000.0,703594.6597012619
10611,2,489000.0,478033.58606340876
10817,2,1688000.0,1394601.2070374095
11224,2,425000.0,202707.12368889208
11495,2,455000.0,415243.8500430249
11703,2,294000.0,335891.5540904166
13284,2,272000.0,267094.9887687848
14120,2,358000.0,266594.52146701765
14615,2,160000.0,206398.43339884956
15851,2,229000.0,236191.03842595583
16024,2,579000.0,503636.88427951455
16281,2,855000.0,829229.8452156521
16535,2,460000.0,456341.7930647319
20080,2,635000.0,640253.3598401496
20102,2,594491.0,560945.7578368636
20440,2,335000.0,297634.6256319347
20656,2,560000.0,658263.5134435343
20901,2,410000.0,389214.08634818264
21540,2,1881580.0,1357624.8262738376
213,2,465000.0,416932.81638999475
615,2,425000.0,431559.18289448216
843,2,330000.0,364493.923368112
1075,2,320000.0,361170.7889644813
1095,2,435000.0,450349.3799304985
1130,2,332500.0,350987.2493624358
2465,2,500000.0,544994.3631349291
2728,2,570000.0,744995.8215873236
3663,2,400000.0,274065.7683051231
5035,2,235000.0,253005.65133321885
6281,2,760000.0,660195.7913389312
7246,2,212000.0,174226.0861676013
7793,2,358000.0,341624.8781217289
7914,2,820000.0,750051.468596714
8183,2,357500.0,339808.83528203086
8601,2,470000.0,485529.7891689675
8627,2,665000.0,902073.3739693523
8806,2,215000.0,235582.53682970238
9248,2,462000.0,443395.9431560922
9808,2,1175000.0,1007299.3757674549
10424,2,109000.0,181399.8133468857
10483,2,250000.0,262545.1827773838
11018,2,1378600.0,1183610.1179874311
11351,2,270000.0,250142.2418424919
12199,2,1015000.0,1136216.2334090474
12774,2,290000.0,315206.49176939897
12926,2,509000.0,386891.13315648056
12973,2,599500.0,560231.1391538463
13184,2,220000.0,240099.81598930512
14160,2,212000.0,278303.6212000774
14300,2,272000.0,258437.03016495492
14681,2,1475000.0,1307089.6996165826
15371,2,658000.0,397163.2498940331
15389,2,757500.0,642697.9550330897
15523,2,265000.0,209350.85268403246
17193,2,335000.0,345442.21518536547
17368,2,286000.0,256232.3034304109
17987,2,300000.0,383002.12070811004
18186,2,343500.0,351710.07412263146
18621,2,559950.0,574233.1130147579
18707,2,340000.0,347610.48779738677
19253,2,680000.0,643648.7698981102
19622,2,1150000.0,532784.8592875883
19675,2,280000.0,291685.4357205908
19874,2,333500.0,315939.3497695907
20128,2,675000.0,535338.9545326426
20151,2,248000.0,276213.50575470924
20391,2,700000.0,716051.0203125839
20696,2,554000.0,564590.050634142
21174,2,525000.0,555595.420767686
21186,2,303500.0,527463.9486795098
7,2,291850.0,208138.08593590217
215,2,280000.0,173337.496951758
228,2,235000.0,265124.47197923006
304,2,315000.0,337107.2859037447
802,2,422120.0,429543.72363595327
3213,2,505000.0,386533.3350466793
3721,2,884900.0,1534287.2043180559
4254,2,271900.0,243667.1323164403
4374,2,221000.0,193040.3507802651
4600,2,495000.0,503909.7467166243
4898,2,245000.0,337017.2182980839
5511,2,140000.0,177746.30729193782
5844,2,203000.0,225424.63333642893
6646,2,265000.0,301874.9842251667
6725,2,703300.0,669079.716518431
6935,2,390000.0,417747.7120611245
7753,2,460000.0,406448.8801517197
7762,2,658000.0,708344.3077923893
8088,2,238000.0,221218.15992890773
8685,2,275000.0,284817.5003806553
8935,2,285000.0,338435.1718504801
9617,2,240000.0,262111.61073062033
9892,2,420000.0,347807.9098134554
10040,2,583000.0,550368.6522232456
10555,2,729000.0,785215.3352578953
11125,2,255000.0,216780.2525289969
11395,2,275000.0,278002.8600198865
13377,2,599950.0,589685.3996089487
13445,2,465000.0,396640.46526096587
13488,2,200000.0,272680.41858751787
14579,2,719000.0,600640.861748852
15115,2,715000.0,764159.0065346967
15463,2,235000.0,222625.74197272348
15551,2,547000.0,448316.5647456693
16031,2,470000.0,387007.7340195086
17106,2,233000.0,191988.57528057788
17294,2,515500.0,530405.5626797308
17599,2,220000.0,202256.93941648252
17767,2,2050000.0,1625138.2831886848
18326,2,215000.0,267052.87854022393
19157,2,435500.0,495715.74770822667
19638,2,834950.0,876773.0679554747
20088,2,389000.0,382458.5291295511
20527,2,1898000.0,1799987.3961569367
21561,2,750000.0,727464.0476948567
173,2,917500.0,1064195.09618748
1347,2,735000.0,717492.9623321897
1670,2,635000.0,688444.6645940124
1710,2,453000.0,390783.5607556261
1874,2,348000.0,343192.87207662035
1899,2,330000.0,310958.09702866
2480,2,432500.0,405421.65718808695
2520,2,415000.0,535071.2651309926
3127,2,176500.0,170404.9474851841
3492,2,790000.0,472942.0237821826
4136,2,700000.0,663914.8276175318
4153,2,435000.0,477863.31587381504
5041,2,440000.0,395307.68817812286
5259,2,199990.0,166897.43485762412
5757,2,365000.0,297338.15469154785
6031,2,300000.0,353512.8267384999
6328,2,372000.0,379320.0166880617
7328,2,345000.0,438744.7638875557
7688,2,404600.0,374688.77912945184
8540,2,1590000.0,1281833.056031426
8578,2,560000.0,528927.9247461028
9085,2,650000.0,757398.0146395152
9348,2,465000.0,691474.3845005354
9358,2,356000.0,324415.0051403189
9859,2,450000.0,432498.86006031034
10121,2,749950.0,645466.2590613567
10788,2,200000.0,269478.98355033447
10809,2,218500.0,227634.47791890436
11166,2,463000.0,544245.4560006952
11187,2,674000.0,714282.5199023875
12072,2,605000.0,744322.598350059
12824,2,291970.0,176840.7655534961
15158,2,1950000.0,1998877.7913527393
15254,2,910000.0,990687.9819974161
15438,2,278226.0,370395.09917156294
15623,2,375000.0,420095.2516912038
15868,2,570000.0,570285.2757412188
16009,2,775000.0,777156.3307315796
16271,2,341000.0,416062.5486482624
16296,2,620000.0,715023.3124336138
17353,2,919000.0,1076431.2676132305
17500,2,115000.0,158487.45870367056
17540,2,447500.0,412223.28506824106
17687,2,479000.0,465303.08584523643
19091,2,745000.0,807214.185553383
19322,2,820000.0,748380.2926938412
20101,2,550000.0,532930.6447785175
20254,2,278000.0,258403.94347917414
20424,2,471500.0,445724.16449385375
20961,2,389700.0,461995.8927295742
21311,2,539900.0,480117.2942588421
21611,2,400000.0,426818.75899240025
14862,2,235000.0,225720.68013297542
2117,2,339900.0,296553.80452113395
3887,2,425000.0,356473.0242967748
7769,2,855000.0,887097.4502326847
12720,2,243000.0,249393.105978189
14745,2,355000.0,329368.5246072046
19701,2,657000.0,562592.3072119941
20585,2,552500.0,537518.1517845043
921,2,342000.0,359337.86914037395
939,2,350000.0,374686.6637046276
1755,2,545000.0,671847.9812104272
2827,2,864000.0,831112.0327184078
3276,2,456500.0,428137.4059060603
4026,2,290000.0,337005.20385499805
4732,2,545000.0,544277.0180754629
5805,2,535000.0,607242.5603203876
6081,2,670000.0,639409.41089958
6595,2,445000.0,446638.16768937896
7547,2,165000.0,238074.14120658554
7582,2,299000.0,284779.40555174416
7595,2,300000.0,243857.6045628912
7636,2,190000.0,127981.56181374768
7925,2,537000.0,525298.8005686288
8059,2,760000.0,756398.2187836287
8353,2,775000.0,712970.7896785595
8907,2,259950.0,253436.4114445429
8930,2,199950.0,235147.03858592658
9400,2,197200.0,204274.5280616282
9709,2,348000.0,341898.3706741715
9770,2,831000.0,747217.2956234405
10078,2,520000.0,551131.757497003
12339,2,415000.0,268610.7146972113
12921,2,539000.0,395420.6440007873
13276,2,905000.0,921339.8737195705
13406,2,538000.0,501624.2960073221
13574,2,436000.0,412077.5707372161
13781,2,585000.0,567668.1391927327
14109,2,274950.0,239998.87440846555
14850,2,389000.0,389699.2456771486
15017,2,615000.0,572739.9205189879
15659,2,420000.0,462258.96786927694
15872,2,596000.0,450171.7451286977
16978,2,316000.0,297791.1200901721
17148,2,204250.0,263962.0858443317
17826,2,170000.0,231744.8507838242
17878,2,560000.0,522033.54949374136
18188,2,1000000.0,877291.6979124591
19182,2,279000.0,294957.76375644596
19897,2,545000.0,556966.5903815788
20648,2,524225.0,472189.26495434984
20719,2,440000.0,532114.4766277957
20904,2,519990.0,537080.74779205
21076,2,544000.0,505108.4541087433
21489,2,352500.0,333082.54331525683
383,2,560000.0,592953.7048286974
637,2,245000.0,252344.99194211327
662,2,475000.0,369136.816819534
757,2,1310000.0,1337558.168175839
783,2,715000.0,639084.0809226884
978,2,216000.0,208463.13984158947
2096,2,383000.0,350840.7018866207
3743,2,312500.0,302548.06227619987
3856,2,535000.0,542635.7199118673
4135,2,625000.0,622458.1025981944
4185,2,393500.0,387122.69539197505
4752,2,219000.0,210491.00627131466
4952,2,452000.0,404467.52766570414
5571,2,334000.0,310740.02446153
5851,2,900000.0,842115.4073146328
5997,2,152000.0,216207.48367891344
6687,2,350000.0,321368.7283871977
8123,2,220000.0,229619.40967072512
8209,2,621500.0,633330.7836362525
8349,2,455000.0,461866.03106651164
8441,2,245000.0,236690.24062319813
8835,2,410000.0,446869.09335398104
9115,2,682500.0,407908.2934323604
9168,2,353000.0,360572.6195325469
9342,2,340000.0,290525.6230382584
10444,2,455000.0,685497.6996089808
11020,2,375000.0,356084.30406982213
11502,2,319000.0,265999.7475928276
11656,2,272000.0,249879.4788101253
11682,2,205000.0,249188.44764512585
13637,2,439000.0,427150.83409992995
14180,2,315000.0,237450.57181563767
14241,2,140000.0,231749.44468855998
14377,2,585000.0,505142.7869659093
15454,2,464550.0,455208.11741952115
15494,2,290000.0,426404.87539775076
15865,2,464000.0,436311.36293330294
16413,2,760000.0,935883.2331194589
16637,2,222500.0,236043.45037656688
16711,2,795000.0,685695.6018831034
16808,2,620000.0,589460.6799947805
17246,2,1288000.0,1201122.0987714126
17844,2,1375000.0,1189356.7832048319
18361,2,212000.0,261926.0013854694
18620,2,270000.0,284182.0342781599
18821,2,419000.0,473389.44782461424
19409,2,205000.0,225408.87462236325
19707,2,885000.0,875695.8216325599
19756,2,385000.0,334773.0016175302
19824,2,730000.0,636347.2960713679
19936,2,541000.0,536113.2471719411
20184,2,1312000.0,1435189.8439091146
20242,2,392440.0,385753.63945115375
20857,2,555000.0,486190.69479375245
20953,2,427000.0,418692.057924506
810,2,345000.0,427143.00763511454
1027,2,315000.0,327509.7582703377
1796,2,780000.0,723494.0198112339
2813,2,157500.0,156386.04920500726
2934,2,380000.0,389649.93005392083
4033,2,325000.0,302952.1616158902
4706,2,333000.0,323332.9138900892
5271,2,657500.0,618778.4795991014
6940,2,225000.0,282140.6981973346
7208,2,170000.0,222210.6035163106
7465,2,305000.0,314245.9349700512
7589,2,367500.0,380074.87644155655
7630,2,507200.0,609788.7643942655
7877,2,360000.0,340250.34352850844
8047,2,1195000.0,854305.3244260284
8146,2,865000.0,833614.9948907332
8527,2,610000.0,867562.1992928039
9717,2,400000.0,465709.5174161667
9795,2,263500.0,306466.03256544116
10910,2,360000.0,421188.0121797533
11103,2,289950.0,293066.7097158555
11161,2,422250.0,413607.67851592106
11900,2,435000.0,400987.12153068767
11935,2,260250.0,263313.1258552869
12902,2,374950.0,297928.1972700043
12949,2,329950.0,294219.160757296
13187,2,626000.0,681689.4710613781
13378,2,810000.0,856223.5097490015
13405,2,781000.0,744675.5084587119
13936,2,372000.0,507506.5743189206
14114,2,275000.0,333302.2021669929
14157,2,1103990.0,1019633.3905024092
14218,2,320000.0,287070.77818202064
14309,2,577000.0,526993.2504504352
14367,2,490000.0,185768.52623259215
14524,2,485000.0,505306.92423389986
15465,2,610000.0,568642.6237042939
15666,2,500000.0,616602.2852663994
16096,2,465000.0,525458.0577608298
17471,2,650500.0,695858.2922974804
17514,2,650000.0,532626.9915689448
18025,2,536000.0,590254.4044446935
18626,2,1050000.0,1121830.453310176
18663,2,535000.0,534058.7984475509
19190,2,935000.0,1046184.7598577269
19198,2,699999.0,545488.9172789048
19473,2,370000.0,353570.01215099625
19858,2,2700000.0,2197209.9273352185
571,2,720000.0,805582.5212643233
745,2,560000.0,544900.2445887328
1065,2,550000.0,706540.1031478718
1385,2,250000.0,486792.7649832169
2282,2,429500.0,437103.0798920651
2784,2,340000.0,372883.191292169
3508,2,695000.0,582952.106998697
3511,2,418500.0,317347.1261209211
3592,2,478000.0,511107.11984356114
4043,2,580000.0,501007.4425902584
4048,2,227064.0,325072.7416747334
4331,2,480000.0,552691.3701087518
4845,2,261000.0,258968.21649968377
5185,2,243500.0,248671.38100465853
5283,2,410000.0,392897.2703392721
5450,2,259950.0,255042.90198344257
5882,2,200000.0,213790.5550921501
6040,2,282510.0,272887.218853613
6155,2,239975.0,264210.46924090566
6648,2,400000.0,416035.485151876
6694,2,509990.0,244676.19426673886
7248,2,510000.0,390053.90994035575
7417,2,459000.0,392156.4829341531
9028,2,625000.0,557228.2825901237
9586,2,563250.0,536030.8112125929
9878,2,264500.0,257485.73306619367
10158,2,460000.0,453616.8650789195
10632,2,563225.0,661086.8480828212
12127,2,299500.0,260925.80258646415
12274,2,480000.0,516888.50617657986
12924,2,782000.0,830395.432072575
13182,2,600000.0,466288.5524630342
13269,2,290000.0,287901.61590568087
14320,2,495000.0,471454.145925794
14534,2,760000.0,728253.7918700532
14652,2,760000.0,712017.1861734666
15528,2,615000.0,525668.1779510876
15790,2,162500.0,203653.14913485802
17065,2,225000.0,207386.63120649543
17269,2,625000.0,604039.8870543046
18242,2,480000.0,341874.8345950717
19695,2,250000.0,257900.08601577344
19740,2,585000.0,587979.5821780325
19881,2,952990.0,894177.4996063783
20314,2,255000.0,239671.18459938854
20471,2,1800000.0,1622452.1006428893
21275,2,950000.0,958966.2655107843
21577,2,579000.0,592132.2635253938
15,3,650000.0,703188.18739397
3116,3,900000.0,768090.4469227253
5412,3,530000.0,671650.7276278416
14370,3,615000.0,599864.4993555621
9643,3,550000.0,545832.4482996718
12702,3,575000.0,464099.5164503536
20814,3,312000.0,320092.0255639143
134,3,675000.0,716967.5700025358
352,3,315000.0,371474.8435956051
1016,3,520000.0,485461.93632667745
2121,3,594000.0,633776.0908673994
2684,3,315500.0,346223.41047506535
3574,3,230000.0,213533.53985406712
4489,3,716000.0,623354.6673210239
5261,3,440000.0,496189.39129195036
5442,3,805000.0,554821.1983853552
5781,3,625700.0,620998.9958307692
5916,3,170000.0,208559.53110112605
5955,3,285000.0,289770.791397814
6050,3,295000.0,286845.144601693
6178,3,769000.0,740329.0863619075
6412,3,750000.0,728314.457002199
6895,3,225000.0,216803.72340083806
7947,3,251000.0,265956.22825791576
8091,3,315000.0,281614.3199456859
8137,3,345000.0,325676.5595052846
8227,3,722800.0,881002.2210385633
8375,3,1250000.0,1112024.4484655834
8776,3,438000.0,557709.7606128264
8779,3,380000.0,397393.91180708155
8905,3,840000.0,722677.0835640426
8986,3,450000.0,453106.15505613224
9274,3,1680000.0,1578295.5987483023
9678,3,432000.0,493540.9264322475
10672,3,575000.0,432124.3195853496
10771,3,600000.0,512087.79322345834
11382,3,233000.0,241705.29308120164
11813,3,364900.0,421738.8404298288
11970,3,484000.0,422583.0187495623
13554,3,252000.0,276801.8428210919
13778,3,537500.0,709491.2196102167
13954,3,733000.0,700236.8618890354
14051,3,389000.0,422267.29776204727
15367,3,650000.0,674030.4728215756
15374,3,340000.0,403326.2242950257
15624,3,388000.0,318297.74477247463
15802,3,449000.0,394986.85392519325
16401,3,578000.0,593767.2592249686
17481,3,440000.0,513925.5892562458
17854,3,610000.0,784476.8608480977
17911,3,415000.0,405615.0862471552
19046,3,925000.0,870123.0302339727
19884,3,350000.0,339852.5935930188
21604,3,429000.0,427425.0927958015
242,3,455000.0,442849.510424588
276,3,450000.0,386671.6809045242
492,3,232000.0,230539.69640767665
578,3,530000.0,511951.4327594686
677,3,188000.0,228748.39805117395
1083,3,490000.0,719621.7417538629
1325,3,110000.0,167961.11898939277
1894,3,1575000.0,1421963.7722793606
2001,3,280000.0,252977.68447277806
2375,3,469000.0,443473.33768615226
2858,3,1835000.0,1499271.5866001672
3019,3,202000.0,243375.9361448696
3027,3,273500.0,243521.07874062608
3193,3,315000.0,275057.85834758973
3269,3,805500.0,779081.1517636841
3392,3,122000.0,168002.504281719
3404,3,726000.0,662454.9503504479
3539,3,621500.0,541892.0681090021
4939,3,359000.0,325718.58007978904
4944,3,625000.0,494007.4873366168
5148,3,994900.0,928782.7493937406
5428,3,680000.0,632002.0327554771
5688,3,265000.0,309459.36622144794
5761,3,215000.0,258100.61725025944
6350,3,270000.0,242846.00993850405
6438,3,322000.0,333054.4822752892
6782,3,398500.0,373522.52656983153
6815,3,473975.0,536712.9698415414
7010,3,465000.0,433155.89477572317
8194,3,365000.0,254586.353610048
8463,3,330000.0,400054.4114182859
8483,3,799990.0,803833.0530089015
9197,3,405000.0,376989.27005134
9411,3,678500.0,532389.441831539
9858,3,1100000.0,1016401.5863350804
10269,3,480000.0,447995.15367498464
11015,3,186000.0,229335.66963050453
11167,3,750000.0,945318.5163072607
11188,3,442250.0,431528.72038193804
11467,3,615000.0,579000.0386163513
11476,3,265000.0,293630.69274230424
12043,3,857500.0,1004937.396386015
12221,3,474950.0,513780.9497570515
12240,3,350000.0,310788.7352385467
12809,3,335000.0,321787.5772190888
14769,3,550000.0,513887.648419555
15145,3,600000.0,577379.368733437
15439,3,340000.0,452237.30931033776
15981,3,230000.0,215385.9580751791
16693,3,324950.0,332599.9145204772
17328,3,2225000.0,1278280.0924001178
18360,3,337000.0,438459.00123623747
19186,3,500000.0,357531.5746816089
19784,3,679950.0,534699.7856065651
19959,3,572800.0,592960.8039865524
19969,3,850000.0,876287.9068605314
21170,3,235245.0,271891.54974148195
83,3,356000.0,312620.8772413587
459,3,255000.0,237616.3265649537
496,3,725000.0,813713.5068519735
1428,3,914600.0,980581.0649066438
2219,3,398000.0,420720.2763955651
2844,3,282000.0,229448.72146538147
2933,3,276000.0,243292.3111372827
3062,3,156000.0,115311.3641456823
3198,3,210000.0,204607.18859014567
3802,3,225000.0,196848.6688052936
4774,3,275000.0,314245.7465068736
5218,3,260000.0,216367.1525552584
5322,3,530000.0,551284.8502583802
5326,3,774000.0,748187.2344978445
5666,3,1600000.0,1677942.9803590148
6310,3,310650.0,312383.95936254057
6370,3,215000.0,263073.2061643963
6946,3,649950.0,800034.7638410785
7293,3,279900.0,249189.7819645065
8265,3,350000.0,529005.8419935879
8741,3,810000.0,762851.9793856394
8971,3,392800.0,452908.3781215573
9270,3,585000.0,568150.8245239606
9532,3,275000.0,304780.1713641168
9806,3,357000.0,312785.5373444578
10344,3,830000.0,767721.5999147104
10980,3,545000.0,487812.4863324825
11119,3,592000.0,603380.3124943721
11614,3,311000.0,326843.72399251675
11723,3,622000.0,706620.3693282009
11744,3,400000.0,408784.1263880399
11776,3,238000.0,232872.79726026204
12036,3,365000.0,296588.5726049521
12306,3,196000.0,280030.26096463937
12641,3,515000.0,473102.569065671
13164,3,425000.0,365713.37445421214
13282,3,580000.0,538365.9841855157
13669,3,375000.0,331725.0482780384
14171,3,179500.0,165506.43116831477
14321,3,691000.0,775887.9573020886
15166,3,1755000.0,1557274.9405736167
15425,3,466000.0,375878.7988458416
15614,3,312000.0,259970.59290037947
15705,3,276900.0,265342.0746078298
16195,3,360000.0,374690.06434396066
17289,3,1350000.0,1115280.1230461136
17323,3,379000.0,405990.5873205654
17666,3,800000.0,846696.7785112095
17790,3,296500.0,260203.08876311302
18094,3,315000.0,321270.2561998351
18444,3,358500.0,365876.6377273538
18588,3,1100000.0,918642.7644873898
18813,3,520000.0,524030.14371697797
18969,3,665000.0,757433.8608165085
19211,3,374500.0,331181.2006963705
20320,3,385000.0,471127.6510838893
20517,3,292000.0,282889.7872132553
20856,3,399500.0,406256.21796934004
21408,3,569888.0,525242.9732820147
1752,3,480000.0,435654.42977088725
2544,3,336800.0,379843.08874966955
2697,3,184500.0,169202.2857367661
2707,3,485000.0,476661.22925471334
2755,3,410000.0,446913.2412222314
3194,3,805000.0,729927.9513825567
3249,3,625000.0,517087.8541842055
3292,3,875000.0,967303.2564738028
4296,3,156000.0,172849.82817348678
5052,3,269950.0,270262.5137509037
6105,3,440000.0,476255.3197386434
6448,3,286000.0,245963.7667808825
6742,3,495000.0,566418.8104825083
6931,3,532000.0,505816.2837178756
7231,3,1490000.0,1259567.2039633712
7331,3,340500.0,417313.57629828993
7529,3,487000.0,518735.6799287843
7634,3,206000.0,222933.31567375312
7908,3,329000.0,284300.4289418018
8949,3,188000.0,214560.06111104426
10011,3,530000.0,399524.17959754524
12145,3,231000.0,203236.1535527557
12333,3,615500.0,546506.0674611861
12574,3,184000.0,187737.66215259294
12910,3,429000.0,389807.68251831835
13469,3,652000.0,672949.0586303177
13571,3,682000.0,773272.2158248964
13732,3,322500.0,277563.23055666
13820,3,550000.0,471107.8155502192
13996,3,160000.0,182554.66429389745
14449,3,248000.0,200662.8872625798
14678,3,168500.0,216419.94236590655
15264,3,675000.0,642962.1458744877
18001,3,300000.0,540818.5382210014
18215,3,330950.0,298080.58845936094
18380,3,200000.0,197698.12756118423
18438,3,524000.0,541005.6314056148
19115,3,283500.0,223692.7003188089
19659,3,535000.0,491772.1066478452
20324,3,310000.0,331761.8523657616
20427,3,262000.0,310702.43412229634
21239,3,332000.0,327287.5990892601
21329,3,375000.0,376503.0848713214
365,3,465000.0,369630.8296476546
1619,3,245000.0,261558.0498496376
2220,3,257000.0,374881.70634261734
3187,3,1400000.0,1483674.0462688925
3420,3,465000.0,415058.44859468046
3775,3,472500.0,719477.3675901742
6318,3,250000.0,259577.04885578784
6518,3,1339000.0,1156097.34978286
6582,3,536000.0,520891.84455615276
6683,3,359000.0,318687.1998835943
7255,3,350000.0,241956.1318055392
7765,3,615000.0,541784.2874731203
8067,3,825000.0,810804.5417214332
8623,3,325000.0,122665.95666818858
8660,3,318000.0,286619.1209447451
10172,3,442000.0,462862.99812459236
11594,3,544000.0,597101.4387703672
12155,3,667000.0,640581.3624877504
12296,3,185900.0,157006.71785689256
12464,3,502775.0,473172.07939347875
13020,3,2300000.0,1650586.0422413999
13411,3,2415000.0,2742301.306822134
14152,3,662500.0,661390.1519873233
16054,3,330000.0,368785.01292517455
16199,3,1285000.0,1057567.8525882284
16242,3,323400.0,301464.97159678536
16773,3,1920000.0,2013260.7690243695
17636,3,418000.0,367599.6649139318
17903,3,715000.0,801850.6712853691
18134,3,330000.0,359812.3131409876
18251,3,339900.0,308977.45732542605
18656,3,665000.0,621594.7730885923
20013,3,245000.0,254893.38585108437
20130,3,252000.0,335699.4553478656
21568,3,1700000.0,1304369.503854813
13358,3,690000.0,827598.3895553437
18014,3,301500.0,335646.4034807279
20158,3,205000.0,243355.7716215727
323,3,240000.0,210395.3350938729
507,3,442000.0,466746.5398556653
758,3,856600.0,789939.9519543926
972,3,397500.0,440227.99423076067
1055,3,935000.0,1431415.593033455
1076,3,310000.0,329855.18927830487
1321,3,455000.0,364449.284109731
2102,3,279000.0,208603.45276879286
2103,3,583500.0,578891.8260718983
2879,3,334000.0,336433.89526368765
2899,3,3000000.0,2114795.475860556
3330,3,253000.0,248555.5221532178
3523,3,700000.0,1188437.8701166934
3710,3,361000.0,340218.4109392072
3831,3,399950.0,357062.0633573676
5337,3,474000.0,439519.4845780447
5347,3,335000.0,309407.0154921906
5552,3,540400.0,486814.1502304691
5727,3,675000.0,626492.6672574545
6212,3,510000.0,504212.52872617234
6898,3,336000.0,299031.8152707473
7187,3,495000.0,457494.3065183837
7696,3,762000.0,741176.4498359861
8065,3,287500.0,276526.5564532188
10298,3,375000.0,341325.6535738903
10546,3,209000.0,152637.20093506985
11172,3,592500.0,467477.1075072843
11234,3,431000.0,437565.4039216561
12092,3,299000.0,311850.30138811696
12259,3,359950.0,316544.56100072374
12710,3,218000.0,245703.5975956891
12798,3,360000.0,392147.9489762395
14196,3,490000.0,623793.7937897396
15174,3,612125.0,604512.9133945163
15179,3,500000.0,483521.21031815937
15474,3,225900.0,220531.58157313496
15524,3,519000.0,540940.6799630607
16430,3,1750000.0,1655372.0310116336
16619,3,338500.0,231910.35434089092
16753,3,277500.0,262724.1696679935
17472,3,960000.0,1026742.3486483683
17702,3,616750.0,486463.84120632656
20331,3,442515.0,456805.05580560316
20488,3,1289990.0,1082152.3100566047
20649,3,424950.0,473264.91306024016
20665,3,394950.0,370738.78306893696
21103,3,598992.0,658130.3603269609
21436,3,255000.0,340748.21687114163
1715,3,338000.0,360823.0706713739
1753,3,368000.0,386081.5381020511
1848,3,1569500.0,2026160.640105267
1925,3,467000.0,469065.3250620625
2155,3,535000.0,511353.95004272496
2260,3,208000.0,182307.65843363327
3395,3,369900.0,362566.13332902576
3481,3,415000.0,494562.07280751626
3616,3,280000.0,284021.04351469025
3781,3,759000.0,826874.0097989367
3798,3,680000.0,558779.2410256799
3828,3,205000.0,218644.881454713
3838,3,348000.0,325952.35233720543
4102,3,269950.0,203440.10374417066
4571,3,527200.0,443074.25377270416
4847,3,440000.0,494388.02092471236
5126,3,299000.0,300615.8873266675
5316,3,321027.0,359090.2287660475
5400,3,375000.0,348583.8722565002
5414,3,290000.0,370911.63584711513
5544,3,587000.0,625768.3371151525
6846,3,765000.0,566122.095811141
7902,3,463000.0,435867.1303957656
8160,3,511000.0,450188.70932161435
8386,3,408000.0,430489.6010640404
8424,3,700000.0,694125.0247918877
8772,3,895000.0,727148.3891077106
9222,3,289000.0,282159.5882956391
11558,3,804000.0,735253.8871172093
12408,3,311600.0,303596.0014276338
12764,3,450000.0,419489.7950704713
12964,3,455500.0,369718.9609954316
13619,3,427500.0,396066.2695230127
15447,3,257000.0,255959.72054784026
15678,3,335000.0,335396.72058285726
16062,3,575000.0,610071.0215835867
16254,3,212000.0,225471.53138786185
17128,3,153000.0,215426.07667562953
17336,3,600000.0,781387.1600799363
18152,3,845000.0,814414.4227122117
18616,3,377000.0,326807.3418238162
19072,3,425000.0,507660.12471011747
19943,3,292500.0,308891.0362384864
20854,3,690000.0,759318.8987956913
21425,3,1050000.0,1073563.7329893454
21501,3,1150000.0,990376.4465635421
601,3,399950.0,393946.8856421413
1137,3,225000.0,217877.9691159558
1391,3,439000.0,492857.3513020322
1462,3,140000.0,191216.6584943109
1564,3,610000.0,524385.1600827818
1713,3,300000.0,247920.10815477523
2583,3,675000.0,851892.867338062
3270,3,507250.0,377767.74944247067
3586,3,1598890.0,1607696.618337207
4389,3,580000.0,527043.3860448308
4639,3,360000.0,390841.56149518705
4906,3,395000.0,382816.1055270058
5009,3,419950.0,456437.8921552444
5413,3,215000.0,236318.7671169592
5575,3,245000.0,274787.4102211151
5579,3,485000.0,454287.8546266875
5599,3,350000.0,444839.8342903097
5879,3,241000.0,200786.7646849661
6243,3,1050000.0,733664.8169294604
6524,3,254000.0,260110.29566165403
6834,3,450000.0,528367.7603324507
7111,3,419900.0,424560.9231168838
7115,3,715000.0,757771.8100007862
7586,3,256000.0,244699.3328467089
8014,3,526750.0,478469.59891854826
8057,3,550000.0,215671.70993052932
8063,3,260000.0,255247.76553255832
8308,3,317000.0,342249.59834337415
8913,3,370000.0,397833.03533200023
9343,3,582500.0,406777.14185369684
9502,3,230000.0,264022.04011057084
10048,3,252000.0,252063.27302527885
10765,3,445500.0,427900.3329566199
10784,3,710000.0,739710.5934767002
10869,3,305000.0,295108.2676298699
10911,3,294900.0,270576.297893847
10953,3,279900.0,260413.19178641555
11810,3,429950.0,398228.1733289397
12772,3,510000.0,548360.1681106606
13071,3,2250000.0,1540978.5282954935
13266,3,450000.0,490764.621596652
14384,3,476000.0,433416.27195922856
14986,3,368750.0,351348.2214506594
15318,3,334000.0,276712.9887616437
16146,3,437400.0,540453.4898372975
16421,3,424950.0,372706.0414046062
17836,3,245000.0,258165.89591849488
18048,3,548050.0,569379.6038947173
18421,3,240000.0,277458.0918550674
19262,3,959000.0,1221618.4603992666
20355,3,657044.0,699519.0344092522
20572,3,467000.0,464145.3928990579
21026,3,395000.0,454385.8402114497
53,3,585000.0,468550.13493650703
207,3,425000.0,405456.61348629295
491,3,370000.0,330039.10048164194
933,3,299900.0,287396.1923824738
936,3,378000.0,387471.5061164185
1074,3,515000.0,486322.4904718033
1407,3,345000.0,265910.6454572168
1493,3,577000.0,599077.991986483
1768,3,1175000.0,1089461.7557877875
1957,3,345000.0,395864.2967036703
3119,3,380000.0,377364.039250238
3136,3,390000.0,395201.2070881663
3250,3,240000.0,237703.33280068985
3443,3,276000.0,277140.2396152073
4558,3,160000.0,201744.49821036178
4694,3,599900.0,388026.9003060301
5559,3,539950.0,577032.5868516201
5561,3,1150000.0,1171857.3342713648
6539,3,442500.0,460282.8334554168
7666,3,219950.0,249083.29273062243
8008,3,495500.0,598447.9977435714
8364,3,414500.0,392876.8223531717
9046,3,329800.0,298403.1285941247
9507,3,490000.0,307070.6723757222
9703,3,449000.0,427753.7634575464
9920,3,535000.0,789615.3842178065
10145,3,493500.0,535102.9844195185
10302,3,464000.0,519140.40326752514
10811,3,442500.0,379997.89384344255
10922,3,215000.0,246635.2356875201
10962,3,271000.0,309154.1640638492
12671,3,686500.0,689406.4084306342
12911,3,818000.0,886263.1548143285
13077,3,385000.0,372019.88324114087
13926,3,240000.0,228742.9279823605
14618,3,666000.0,573274.9179341076
15198,3,426500.0,387967.05924949574
15498,3,352900.0,355965.33559824614
15500,3,360000.0,324782.50107170956
15824,3,359900.0,377382.0398138696
15959,3,222000.0,308149.68790805625
16534,3,485000.0,382120.47077742947
16750,3,800000.0,807882.0135485654
17263,3,613500.0,584145.2965638675
17644,3,239950.0,236333.98545606426
18047,3,240000.0,233377.50809348648
18280,3,750000.0,666022.7654790872
19014,3,717500.0,663333.829715181
20274,3,313200.0,309315.0384714542
20643,3,640000.0,634443.4538032123
20804,3,419900.0,398963.1758184263
607,3,443500.0,391177.62285557186
1115,3,262000.0,279365.9783576404
1134,3,303000.0,290682.96868516586
1418,3,530000.0,472483.16251273296
2197,3,311750.0,279909.87988332997
2634,3,590000.0,591759.1538422299
2752,3,856000.0,754117.4210336691
3830,3,414250.0,405437.1926837651
3884,3,440000.0,683968.2950410297
4493,3,393000.0,409203.99543554
4757,3,1465000.0,1145105.706282327
4919,3,620000.0,699367.8901492929
5017,3,219950.0,209404.3037826741
5686,3,203000.0,196351.4709822094
5777,3,225000.0,226468.12790585883
6010,3,455000.0,444311.6528007734
6354,3,299900.0,277404.3643729621
6377,3,800000.0,862311.1822347032
6392,3,800000.0,648685.130512459
6446,3,474905.0,402628.97359344125
6649,3,750000.0,646312.4974018174
6960,3,475000.0,344375.37558841176
7179,3,470000.0,381344.9742091751
7537,3,410000.0,421228.5322911917
9139,3,557510.0,474203.1010260195
9373,3,259000.0,302090.1189959257
9418,3,565000.0,501390.1352161003
9789,3,900000.0,966196.9886649452
9790,3,680200.0,621432.0799405299
9856,3,629000.0,400732.21094778425
9869,3,176000.0,246030.70157362925
10728,3,360000.0,465670.79570578836
10810,3,175000.0,197540.63905183173
11808,3,225000.0,143718.77663766523
12346,3,390000.0,376386.7163011679
12492,3,475000.0,464228.7000979401
12497,3,366400.0,292835.9159093925
13014,3,365000.0,362459.6555434261
13340,3,510000.0,513129.10244837665
14305,3,848000.0,797181.7920354513
15326,3,295000.0,260630.25569167855
16763,3,829000.0,734647.6260995619
17058,3,637500.0,670094.7504927041
17382,3,499950.0,393974.2212018963
17647,3,1550000.0,1383825.7404045968
17744,3,635000.0,710635.3205486771
17835,3,555000.0,497698.99809373874
19678,3,425000.0,401012.59773981967
19860,3,293467.0,352522.0093724731
20497,3,599950.0,579938.1683789606
21035,3,605000.0,546163.1634977869
4609,3,293000.0,326741.2286013892
18247,3,270000.0,264839.2881404009
19631,3,380000.0,343677.75178918935
287,3,405000.0,418143.2430657021
310,3,834000.0,817576.6880334978
774,3,390000.0,407193.0854996816
946,3,260000.0,253646.15988091246
1222,3,130000.0,407002.6393100042
1282,3,2260000.0,1714265.9320272477
2138,3,400000.0,418522.31628993305
3475,3,417000.0,526685.7341124244
3729,3,866500.0,800022.6773311029
4285,3,215000.0,240428.72985801924
4300,3,340000.0,378364.1787084007
5386,3,214000.0,258168.66819356705
5509,3,1086000.0,812352.2241384368
6501,3,1940000.0,2766860.4117101375
6573,3,366000.0,359579.37473572174
6809,3,275000.0,275332.67944960174
7340,3,565000.0,560101.5730785901
7542,3,1050000.0,1010406.9124673015
8698,3,500000.0,478581.28119563154
8774,3,835000.0,720856.1264634905
8817,3,465000.0,446700.8535920321
9417,3,375000.0,669172.7371868677
9457,3,411000.0,484044.9267304954
9458,3,762500.0,737956.3737427805
9679,3,1695000.0,1498202.428914097
9819,3,475000.0,429175.0381414477
9996,3,262000.0,231596.0441478493
10185,3,275000.0,317029.7638072121
10541,3,1165000.0,1035032.8233107785
10895,3,297262.0,270509.28302242776
11267,3,1600000.0,1437134.6231716152
11567,3,315000.0,319425.8881336085
12272,3,432500.0,358855.72756203887
12350,3,1650000.0,1432990.051712592
12534,3,530000.0,523735.47443615046
12726,3,485000.0,488177.77864237624
13085,3,599380.0,468893.2037110867
13583,3,315000.0,273987.7344975137
13765,3,216000.0,226649.5125725427
14812,3,925000.0,958677.6383616119
14844,3,220000.0,239036.2141079416
14846,3,648000.0,680528.5195121355
15458,3,208000.0,187064.0924717558
17135,3,146000.0,152183.77400018758
17518,3,265000.0,212842.26114312443
17932,3,637000.0,580576.2722243975
18074,3,259000.0,228704.9767156159
18086,3,925000.0,699442.544368361
18847,3,265000.0,267760.4565325792
19023,3,565000.0,573368.3375627099
19646,3,348000.0,366516.6084355471
20313,3,305000.0,261474.0682765828
20366,3,635000.0,624730.1662593882
20631,3,380000.0,401921.3404182404
21020,3,450000.0,481728.7380883566
21346,3,825750.0,792287.0305341467
175,3,425000.0,396934.14460302825
489,3,1280000.0,727455.9820376622
504,3,280000.0,279184.7529858016
830,3,595000.0,587204.3428032931
1091,3,448000.0,448112.470151328
1741,3,372000.0,356266.7087771597
2082,3,822500.0,820981.1878205512
2421,3,525000.0,454382.4656348984
2489,3,353000.0,343788.5873869791
2846,3,593500.0,560012.1891887649
2993,3,604000.0,538178.7663235656
3682,3,430000.0,546741.7320246642
4078,3,940000.0,743323.0528894314
4641,3,898000.0,846287.7392215357
5748,3,339000.0,372973.10590166424
6715,3,602000.0,551800.6932525175
7346,3,1525000.0,1709931.4057825326
7357,3,325000.0,325961.32662640343
7446,3,277000.0,356780.97834703216
7884,3,278800.0,304810.4338271091
7909,3,634000.0,552403.7002920912
8228,3,342888.0,324591.2325107729
9026,3,565000.0,554340.555645386
9249,3,1115000.0,905420.1948344667
9498,3,875000.0,921995.5330540133
9689,3,280000.0,450735.44710090256
9702,3,305000.0,307985.19260484853
10469,3,1050000.0,759365.7033009822
10510,3,250000.0,246495.65672588974
10818,3,318000.0,322517.5706139596
10889,3,435000.0,385060.9666667615
10896,3,735000.0,613179.8687725943
11347,3,535000.0,608465.4254544682
12688,3,610000.0,428762.31182157015
12833,3,599000.0,469037.29008512304
12942,3,173000.0,255917.89766118515
13011,3,600000.0,621855.5917542626
13250,3,1075000.0,978318.1233792104
13263,3,466200.0,445500.43565167714
13990,3,940000.0,817663.7982922512
15117,3,345000.0,302427.7814704603
15200,3,615000.0,456900.4204845772
15693,3,645000.0,666867.4573114347
15985,3,447000.0,327445.6520102434
16557,3,631000.0,444296.5046348054
17389,3,525000.0,546398.2131969259
18022,3,539950.0,586194.2402705488
18354,3,545000.0,470474.4832777101
18669,3,495000.0,477500.63628633233
19410,3,620000.0,575074.9071807765
19668,3,340000.0,385436.52699261886
20911,3,526000.0,503135.7538501422
21112,3,542300.0,581036.4061676901
21253,3,671500.0,655457.8450719895
257,3,315000.0,311472.43261994136
873,3,785000.0,766544.8784378658
1513,3,190000.0,174727.699732143
1852,3,386500.0,413329.70721011504
1914,3,411753.0,446647.7743883241
1931,3,598800.0,665750.4513775406
2120,3,723000.0,621477.2816669665
2565,3,1650000.0,1435390.4274295534
2909,3,476000.0,399602.1955954569
3042,3,362000.0,401537.3787430709
3334,3,340000.0,341284.4607501799
3854,3,756000.0,1035188.4854568085
4123,3,235000.0,238845.89818176773
4173,3,1191000.0,1067951.1609065144
4767,3,600000.0,512725.797977458
4905,3,186000.0,197055.82198899623
5229,3,760000.0,803491.1944224657
5479,3,111300.0,153388.83948353762
6700,3,468000.0,530873.037895924
8701,3,249950.0,237628.26771511958
9251,3,660000.0,655739.8319820537
10367,3,355000.0,385274.0757956747
10658,3,417000.0,425472.65149969026
11249,3,246900.0,213305.29749666344
11265,3,257000.0,273431.95697270037
11463,3,199000.0,277616.77987944067
11611,3,550000.0,529568.0264451487
11757,3,160000.0,283077.9901488093
12087,3,249500.0,239535.2483914192
12722,3,325000.0,258852.08232673394
13484,3,447000.0,414963.970776872
13808,3,300000.0,289029.10581244656
14323,3,549010.0,537031.1391987713
14351,3,319500.0,258725.0538373377
14517,3,345000.0,360582.0666709042
15196,3,550000.0,578733.1391781187
15598,3,383000.0,585983.2437480126
15610,3,140000.0,218736.8262080017
15776,3,546000.0,331020.4146647724
16183,3,480000.0,467677.8639259516
16261,3,380000.0,329373.0684389951
16315,3,267000.0,261735.06461128715
16379,3,189000.0,190516.9139800512
16449,3,822600.0,812210.9332577529
16540,3,419625.0,441664.23635147774
17277,3,220000.0,260177.29044947316
17477,3,293000.0,266136.90423715964
18182,3,900000.0,609789.0086994973
18356,3,299950.0,278503.49921148247
18391,3,230000.0,231270.293813323
18751,3,259000.0,224354.5544534651
18833,3,640500.0,528327.2198966162
18876,3,1500000.0,797014.7744068708
19287,3,316000.0,286603.70571979275
19356,3,454000.0,466305.5260891
19720,3,327555.0,345858.9974346369
19879,3,909500.0,951018.1488059128
20378,3,889950.0,924532.6904026314
20689,3,275000.0,273664.53117763624
20720,3,287450.0,252011.1775017371
21217,3,391000.0,381430.26573309326
245,3,363000.0,365202.95276573004
414,3,339000.0,366987.5035507042
881,3,200000.0,357861.1117736954
1451,3,302000.0,296415.1478129034
1569,3,797000.0,865032.5844707668
2624,3,677100.0,658881.2195519175
2810,3,175000.0,235362.21615747793
2994,3,570000.0,523974.264265354
3761,3,1905000.0,2441824.455192372
4980,3,860000.0,619993.5759671609
4981,3,147200.0,226673.89911516604
5737,3,325000.0,287247.96423707047
5848,3,572500.0,556021.124875439
6487,3,410000.0,422769.06094688724
6698,3,185000.0,175424.25720638208
7093,3,309000.0,298040.9290764108
7500,3,614905.0,535198.003247236
7577,3,363000.0,326122.78768505814
8134,3,565000.0,514860.4305065565
8174,3,1625000.0,1668957.0309550373
8311,3,500000.0,443973.1677334118
8315,3,542000.0,597110.7614549089
8435,3,520000.0,408273.73193563236
9163,3,275000.0,195670.11486698053
11072,3,290000.0,326116.6689992648
11154,3,770000.0,943469.0446070726
11493,3,225000.0,219665.96701457986
11637,3,178500.0,168979.16542341997
12160,3,601500.0,523343.66096596466
12758,3,505000.0,462489.34500516235
12767,3,452500.0,471949.3581801006
13547,3,250000.0,244399.9404579629
13668,3,557000.0,563745.2903791023
14282,3,660000.0,623024.2712365229
14705,3,315000.0,291485.35435697983
15013,3,265000.0,243583.31392430558
15258,3,3065000.0,2026666.5429372182
15286,3,1120280.0,884520.4068339152
15669,3,570000.0,493273.51432524435
17040,3,420000.0,350651.99296335015
18078,3,363000.0,343114.71745920216
19320,3,746000.0,727236.0024908296
19777,3,2641100.0,2336761.3295666077
19835,3,695000.0,764667.4239913102
20447,3,356999.0,372449.4765981648
20934,3,880000.0,870096.788516196
21106,3,380950.0,311522.8447093709
21164,3,375900.0,347984.0276314135
38,3,240000.0,175975.54549984902
471,3,868700.0,911087.5952128874
594,3,360000.0,304200.52937447815
876,3,147500.0,221529.92526425052
1129,3,369000.0,319961.8307227668
1511,3,390000.0,278457.6073472246
2013,3,387500.0,375987.7025971055
2239,3,205000.0,246558.09973709018
3066,3,400000.0,361078.80704501306
3303,3,334000.0,423667.33959030616
3607,3,502500.0,470710.59812700626
3685,3,641000.0,759593.0936107492
3842,3,576750.0,540157.5164880932
3882,3,265000.0,214529.6497142472
3981,3,310597.0,272847.4103977028
4061,3,725000.0,767755.7407467375
4740,3,190000.0,186160.34161018272
4770,3,196900.0,191896.02990315686
5020,3,798750.0,768058.9396902567
6776,3,425000.0,331969.29869409796
6832,3,428000.0,433284.5152105098
6845,3,607500.0,645508.5329510177
7024,3,802500.0,556482.4571531827
7392,3,584999.0,592590.4411464876
8198,3,610000.0,589171.6355733214
8614,3,575700.0,509944.13117367745
9175,3,1955000.0,1506795.9997973358
9490,3,328000.0,312438.517059805
9677,3,607500.0,548332.2134618668
9722,3,680000.0,744536.5963319625
9914,3,1315000.0,1185100.2211733868
10135,3,338000.0,339860.4307914422
10207,3,383150.0,328554.91144595714
10678,3,269100.0,312459.96465624735
10966,3,411500.0,365961.65639768506
11022,3,467500.0,408872.79014351335
11062,3,570000.0,386461.4650119998
11216,3,435000.0,407565.213905866
11536,3,550000.0,483621.53926649835
12245,3,600000.0,491534.94346618647
12273,3,432000.0,446390.3138050212
12941,3,310000.0,299259.6374549276
13301,3,241000.0,211639.06138962
13703,3,360500.0,300793.9872315906
13841,3,355000.0,417183.4434515736
14040,3,455000.0,508034.4811676407
14562,3,279000.0,226493.39201537767
14991,3,536000.0,516619.7195287701
15226,3,678700.0,536047.8713307049
15280,3,329000.0,241715.27474878405
15618,3,605000.0,528983.0200826799
15639,3,334950.0,316702.4052344125
15855,3,312000.0,298624.51449315774
15943,3,305000.0,284811.44654993666
16037,3,660000.0,565833.1434048808
16071,3,340000.0,307432.71302459727
16257,3,311500.0,317074.9069637902
17473,3,710000.0,684360.888983778
17600,3,1284000.0,1236068.8456893442
18373,3,655000.0,618735.0885623177
18544,3,625000.0,515957.702938007
19010,3,810000.0,926841.9858550186
19081,3,560000.0,549031.2337744953
19274,3,685000.0,580118.9631870302
19811,3,949990.0,1008266.9829336789
19853,3,318000.0,315904.0988633132
21264,3,722000.0,534617.317604745
21412,3,334950.0,308855.90554755216
1392,3,325000.0,287095.539346242
11142,3,605000.0,559385.6007291016
13078,3,815000.0,798582.5121961926
17236,3,219000.0,225201.75801172742
4085,3,555750.0,241097.33277208288
7069,3,750000.0,747181.5826155285
7137,3,510000.0,584659.0174387024
14373,3,550700.0,523741.272859565
18283,3,425000.0,367365.7879647049
19370,3,199900.0,238677.5251742641
51,3,345000.0,416030.6437928721
305,3,725000.0,740350.7605922172
1149,3,75000.0,174161.35137920742
1427,3,470000.0,471590.8146759645
1758,3,600000.0,593064.0579947903
1887,3,410500.0,372214.0108414573
1923,3,315000.0,273705.95409268007
2324,3,437000.0,433598.7919953751
2422,3,562000.0,461014.40778259706
2854,3,856000.0,557441.673001819
2881,3,149900.0,178453.5468920739
3041,3,530000.0,576204.8661375369
3313,3,428000.0,360298.17763170844
3440,3,355000.0,279079.8071337419
3466,3,749700.0,465265.2486179664
3565,3,405000.0,398810.6600651217
3673,3,464500.0,447767.8874897869
5042,3,515000.0,489360.05110903183
5230,3,532500.0,412906.2194386433
5773,3,810000.0,952979.2228101435
6118,3,325000.0,289491.7777098505
6201,3,275000.0,265610.5193522082
6283,3,675000.0,705908.0984558332
6682,3,325500.0,310290.24543420883
6933,3,435000.0,367090.4650241459
7378,3,323000.0,323107.62304309435
7475,3,396480.0,316669.65994016896
7528,3,290000.0,224087.1623993093
7926,3,279950.0,286451.9550408738
7999,3,199000.0,259891.90709502844
9063,3,439000.0,454204.1140850985
10512,3,400000.0,428833.19372579124
10670,3,547000.0,390155.4374206065
11077,3,630000.0,569996.95192413
11134,3,220000.0,278918.8303939608
11165,3,850000.0,820372.9043017786
11171,3,319000.0,305927.72840010154
11489,3,429900.0,395799.501838158
11504,3,398500.0,392055.5213343664
12289,3,156601.0,247671.46476010315
12384,3,570500.0,483584.4644790339
12602,3,227490.0,245783.51303516337
12887,3,340000.0,435712.90581666015
12950,3,250000.0,397145.8326441923
12991,3,350000.0,302296.1611691825
13091,3,915000.0,1011119.8241668124
13216,3,579000.0,548610.1252977082
13387,3,260000.0,237509.4692114208
14146,3,590000.0,644420.4361825611
14248,3,230000.0,354381.97633975843
14936,3,335000.0,332406.70379922574
15867,3,257500.0,353350.8298466105
15914,3,325000.0,276418.32727672247
16001,3,500000.0,437340.7959556272
16174,3,425000.0,448314.93470789195
16246,3,400000.0,338123.37462913356
16532,3,407000.0,449784.46707815805
16915,3,137000.0,189830.19905066796
17521,3,1200000.0,1077700.3467917303
17597,3,565000.0,507014.3161011172
17765,3,410000.0,358586.1557647111
17935,3,590000.0,740855.7009734918
18628,3,1600000.0,1413171.748998394
19092,3,279475.0,255240.19142098867
19165,3,348125.0,307559.8838794167
19245,3,403000.0,531909.7288940992
20318,3,540000.0,494217.89274311595
20398,3,539000.0,559781.1962688662
21528,3,585000.0,577710.6465913184
4,3,510000.0,499122.2087855859
534,3,204000.0,233197.46771828816
535,3,358000.0,304642.65408339904
540,3,2125000.0,1815899.6645403965
824,3,431000.0,371453.9238663942
904,3,300000.0,289577.90450285724
1302,3,285000.0,270641.4494791725
1626,3,169317.0,509051.50550315285
1900,3,330000.0,230946.1619129045
1920,3,265000.0,242352.14181077457
2185,3,700000.0,577296.1152222294
2327,3,446500.0,496137.72889183776
2770,3,604000.0,621675.2654717914
2773,3,509250.0,540625.3289088497
3039,3,2298000.0,1787432.9894111566
3224,3,270000.0,331436.2990162612
3525,3,277500.0,272040.9982689631
3642,3,593700.0,521829.0311237499
3889,3,341500.0,315333.7135055987
3894,3,422500.0,301432.91731515835
4271,3,394900.0,351529.00889308343
4784,3,470000.0,444368.7188367233
4807,3,437500.0,441574.84198346006
4864,3,175000.0,345519.19186459173
5145,3,529888.0,540873.8464639412
5268,3,495000.0,525361.4243736065
5482,3,550000.0,532381.6962774916
5868,3,490000.0,438005.56849732215
5886,3,1200000.0,966026.5589393497
5925,3,450000.0,339768.4101132868
6115,3,310000.0,296254.01264113106
6560,3,475000.0,463195.43396059633
7314,3,295000.0,454431.95909718686
7317,3,286000.0,347160.6253982466
7820,3,265000.0,245682.94987614886
7974,3,285000.0,274968.0430585228
8040,3,440000.0,389610.0083975914
8051,3,590000.0,567182.3072027285
8104,3,444950.0,383613.9829988194
8216,3,555000.0,597248.964405185
9664,3,1093000.0,1034523.3845198054
9675,3,460500.0,416686.4425167646
10128,3,290000.0,278273.37279767205
10693,3,280500.0,275140.7159671083
10712,3,428000.0,494407.64809939516
10950,3,665000.0,665183.6239697351
11243,3,640000.0,601396.8009166962
11844,3,770000.0,1002058.3378892951
11855,3,1475000.0,2002636.155883964
11881,3,380000.0,347912.7912725079
11917,3,406250.0,481712.9110252917
12082,3,325000.0,319874.72104018077
12369,3,685000.0,766910.3228487688
12500,3,162000.0,234306.76557283828
12573,3,370000.0,413713.7067955112
12653,3,320000.0,316869.85849892424
12707,3,245000.0,196922.3357954029
13317,3,580000.0,556960.8759642052
13545,3,896000.0,922610.0766218648
13560,3,290000.0,289850.7815643197
13742,3,325000.0,310445.0837674621
14813,3,554000.0,529446.9797976596
14874,3,234950.0,210902.41722122533
15680,3,799990.0,742700.920171857
16383,3,415000.0,407225.31311803084
16486,3,249500.0,242668.08195012886
16541,3,435000.0,393779.42330824555
16706,3,213500.0,269726.8911912675
17196,3,425000.0,378808.33054495737
17291,3,624900.0,540867.6833004482
17675,3,325000.0,380813.008884514
17725,3,575000.0,521249.7210681731
17915,3,227000.0,251272.6047967638
18254,3,225000.0,329456.6179178324
18720,3,475000.0,277927.4647078699
19185,3,324950.0,302467.2031409407
19250,3,260000.0,260108.17380539942
19281,3,781500.0,816111.2160651725
19316,3,221347.0,245230.4704944953
19547,3,945000.0,948111.3726334677
19682,3,720000.0,649550.8825718774
19733,3,489000.0,432741.9099300488
19882,3,622500.0,529216.749871041
20828,3,1900000.0,1227239.4618942586
20924,3,400000.0,379238.4695091102
21127,3,365000.0,331436.3957498554
166,3,269950.0,241107.84887318406
1221,3,330000.0,409823.65690770483
1291,3,170000.0,207355.51392510775
1416,3,241000.0,251588.14097412495
2300,3,357000.0,403331.10718742653
2725,3,298500.0,277445.61342911125
3108,3,89950.0,130790.55857007256
3155,3,700000.0,650434.3504707537
3389,3,895000.0,644153.4163491799
4067,3,373000.0,295853.9678929886
4274,3,858000.0,838382.7500276859
4541,3,700000.0,645235.540354389
4949,3,329999.0,363659.58636483847
5133,3,770000.0,693581.1970323162
5549,3,630000.0,623412.3649112188
5735,3,990400.0,945345.3568352076
6597,3,425000.0,454669.36581757007
6757,3,415000.0,462594.70772662404
6810,3,256400.0,217968.49836720576
6907,3,655000.0,586113.2141532045
6943,3,650000.0,570652.9448821023
6995,3,385000.0,384328.153010912
7210,3,615000.0,534305.7424628716
7494,3,841000.0,888807.5253523231
7513,3,435000.0,357917.44023736095
7530,3,935000.0,473018.80642369576
7605,3,518000.0,444943.18900463515
7744,3,258000.0,241596.607106592
7819,3,250000.0,267960.1232275552
8203,3,330000.0,334233.87196766946
8385,3,751000.0,518185.2454118847
8570,3,189000.0,185292.79374924305
8595,3,245000.0,222894.0183985101
8653,3,289900.0,201567.84419452286
8708,3,417200.0,414909.49834210484
9135,3,570000.0,592316.6528175265
9224,3,529000.0,487859.5498052333
9259,3,485000.0,502980.5138192322
10020,3,435000.0,396043.0879729314
10089,3,383610.0,340468.6160186186
10336,3,750000.0,672118.4711585557
11145,3,877500.0,846326.3350694213
12075,3,156000.0,222386.1172853376
12435,3,340000.0,304971.6839860203
12691,3,689000.0,654823.5904036972
13114,3,535000.0,421576.2234102501
13126,3,346000.0,298041.1915219951
13194,3,245000.0,238267.77203445978
13382,3,530000.0,496031.6139367669
13398,3,461000.0,450855.14809011196
13722,3,1160000.0,1065832.571725041
13835,3,245000.0,346889.78347840864
14337,3,800500.0,666761.3134221728
14653,3,560000.0,477080.66032702156
14770,3,110000.0,115807.63890536064
14903,3,638000.0,682336.2801369553
15950,3,325000.0,324297.69599355455
16211,3,260000.0,260397.46968543943
17011,3,420000.0,332344.03448649176
17048,3,208000.0,199667.5783520249
17187,3,531800.0,504786.8493709528
17283,3,529000.0,480296.50639357715
17664,3,315000.0,257610.52735697996
18144,3,760000.0,643620.9197294902
18509,3,705640.0,676639.8564940408
18889,3,410000.0,466116.7010533881
19434,3,710000.0,793716.907083321
19438,3,375000.0,414863.6124373838
20181,3,645000.0,599142.9092231039
20337,3,550000.0,476529.73618484224
20867,3,299000.0,253659.85540486907
21050,3,900000.0,2255368.3021912775
21422,3,386950.0,384232.58009188855
21539,3,338500.0,368587.4191682649
21607,3,475000.0,461110.5865127056
1038,3,380000.0,351891.40987678024
1103,3,195000.0,196992.87003003052
1472,3,519500.0,382551.2871623
1637,3,440000.0,415185.3242412156
1773,3,305000.0,297923.6463394763
2440,3,520000.0,592714.516908087
2469,3,290000.0,413105.63106595096
2733,3,278500.0,235734.012446785
3163,3,415000.0,480579.1683967574
3690,3,132500.0,185311.2038637197
3978,3,350000.0,372101.35338483925
3994,3,425000.0,433825.7776259715
4326,3,289500.0,282855.3119194959
4496,3,327000.0,354605.093246828
4630,3,369900.0,648365.5417819315
4921,3,690000.0,724797.9782451723
5081,3,643000.0,438146.951723353
5130,3,300000.0,267304.4861015687
5134,3,255000.0,245064.27848492868
5468,3,257500.0,247109.66217545347
5493,3,325000.0,296045.3049264165
6061,3,199000.0,213292.93803523073
6091,3,540000.0,586775.6322078937
6301,3,248000.0,224835.89728873625
6824,3,220000.0,253546.37138188505
7159,3,430000.0,470544.0458606801
7565,3,236775.0,269363.3451246009
7785,3,210000.0,201571.40378775581
8301,3,306500.0,271793.33460561937
8908,3,998000.0,1256797.0200398823
9212,3,205000.0,322267.9640630633
9420,3,246000.0,256487.2925924596
9634,3,290000.0,310892.99452805164
9975,3,234000.0,227239.80154139138
10320,3,365000.0,268082.5950717096
10404,3,965000.0,913212.233359979
10699,3,705000.0,648230.3488759459
11254,3,522500.0,451481.91010799404
11432,3,745000.0,611071.5272701426
11522,3,650000.0,733287.8375744422
11552,3,252000.0,261153.7092621928
11669,3,300000.0,274928.7533280979
11781,3,265000.0,262181.33761362854
12309,3,270000.0,284990.0622487872
12358,3,324950.0,314665.4775744885
12362,3,285000.0,154700.96393166843
12541,3,550000.0,526856.5651244621
12810,3,302000.0,405576.67233305477
12818,3,1313000.0,1229730.0738163008
13036,3,413000.0,425185.50396481255
13592,3,230000.0,277676.1315722121
13609,3,575000.0,560851.2533342307
14808,3,1050000.0,982929.4838250946
15549,3,565000.0,406517.4399604947
15954,3,819000.0,736747.5487402689
16356,3,190000.0,200838.53990883564
16764,3,450000.0,525360.7256163615
17330,3,460000.0,347254.2524297592
17696,3,709000.0,756187.5080739891
18719,3,295000.0,369193.2555171131
19349,3,708000.0,707268.4716651557
19537,3,590000.0,511179.00300014386
19787,3,439950.0,448070.7689693341
19869,3,625250.0,597957.0748010217
19994,3,260000.0,244905.59437995218
20185,3,429900.0,411003.0420958767
20618,3,610000.0,531132.5488688053
21023,3,286000.0,266205.2587827729
21071,3,1080000.0,902297.0760657274
21216,3,369500.0,347010.78218805976
21307,3,331000.0,324634.433027611
21430,3,700000.0,534699.7856065651
216,3,1505000.0,1505486.7729980943
2625,3,465000.0,406207.8880294845
4073,3,761000.0,672557.2635844992
452,3,232000.0,215875.31451874788
6432,3,279950.0,283748.16154034366
7363,3,269000.0,261575.05715672925
12222,3,490000.0,475440.2189308611
14438,3,269950.0,219709.99071436867
15231,3,467500.0,448469.23349848605
16190,3,264500.0,259929.31898961536
18200,3,1063000.0,1058782.497367639
19445,3,490000.0,498775.1146754158
19892,3,390000.0,418191.9835354809
20050,3,379900.0,405447.83345715574
20121,3,635000.0,837323.541004579
21376,3,365000.0,336922.9327302333
59,3,430000.0,399905.4172478511
1797,3,212000.0,273208.1570061367
1801,3,615000.0,668827.5222583052
2252,3,340000.0,319522.91171584296
3977,3,635000.0,536179.806163285
4655,3,390000.0,542242.668928681
4889,3,325000.0,348435.75717951125
5136,3,690700.0,673501.2769648457
5266,3,605000.0,490398.6303726542
5583,3,357500.0,303259.82377082336
5653,3,350000.0,280955.6419418354
5855,3,775000.0,628940.3901629719
5983,3,458500.0,421130.8951888268
6137,3,325000.0,310979.47071664676
6617,3,829900.0,953306.3681324733
6950,3,482000.0,429289.65929888
7554,3,322500.0,305246.168857038
7673,3,765000.0,803005.9379644591
7736,3,535500.0,551427.1599886921
7866,3,615000.0,543564.3662387356
8631,3,314950.0,297113.6623910844
8726,3,614000.0,718424.1671993637
9027,3,359999.0,356709.26694745186
10217,3,685000.0,665749.1782149092
10400,3,399000.0,353355.690223664
10514,3,342000.0,315089.90978908655
10792,3,392000.0,297107.135049887
10801,3,436000.0,407356.95683515206
11501,3,328500.0,323502.0177468258
11661,3,255000.0,224364.74081721876
12820,3,598780.0,594508.5361082263
13504,3,440250.0,434092.4535381076
13518,3,390000.0,380396.0936379062
14244,3,275000.0,257510.64913546937
14578,3,335750.0,306657.91104573186
15168,3,316000.0,692657.6676684609
15201,3,542000.0,581315.6126201039
15486,3,335000.0,320939.3510662311
15634,3,265000.0,334865.9433782249
16042,3,485000.0,476313.81073673366
16101,3,637000.0,588567.1537520158
16229,3,710000.0,738319.3213181241
16487,3,485000.0,560393.4419221369
17429,3,300000.0,360587.0611881096
17503,3,241500.0,244314.17183047446
17615,3,293000.0,276359.5256632578
17690,3,1364000.0,1069231.343764872
17825,3,425000.0,382143.2795532312
17908,3,400000.0,327449.98484727024
17927,3,260000.0,278539.1443224787
18016,3,340000.0,358854.00940356916
18026,3,575000.0,552087.2908249979
18327,3,1265000.0,1038805.3739538118
18425,3,420000.0,356161.3277891184
18463,3,455000.0,410026.6018856935
18761,3,529941.0,556935.0746313347
19277,3,365000.0,363619.14479123737
19598,3,400000.0,529562.7679159376
19890,3,559950.0,575195.6428312781
19999,3,649950.0,715371.1467475529
20095,3,335000.0,313610.02960181807
20494,3,399000.0,380389.3665215756
20555,3,379500.0,351884.74360753666
20624,3,635000.0,615899.8533881954
20813,3,1325000.0,1529903.7081382857
20831,3,489950.0,494453.9287520022
20883,3,461000.0,374884.1575596774
20913,3,299999.0,291422.82614701404
21047,3,302059.0,313681.5654776697
21374,3,705000.0,669272.0327753595
21609,3,400000.0,432889.1146591139
291,3,630000.0,646392.9791961855
403,3,437000.0,420997.5582624291
532,3,970000.0,1043007.9822080482
604,3,435500.0,417660.0338001222
689,3,396000.0,367625.7439215505
736,3,588000.0,544290.8574840729
748,3,517500.0,547546.0543278981
799,3,1100000.0,1253643.8337683124
1141,3,380000.0,345957.79926697904
1505,3,230000.0,212601.69001186127
2608,3,450000.0,381781.9167261345
2671,3,470000.0,498853.6729889092
2808,3,330000.0,350440.60807564243
3022,3,279000.0,294274.51604743215
3147,3,345000.0,492611.66583253344
3200,3,178000.0,270149.0500825565
3241,3,350000.0,310500.6664880711
3544,3,197000.0,217952.41895305648
4269,3,199500.0,256404.11416620988
4880,3,265000.0,322710.4713641787
4946,3,312500.0,281884.86089442973
5357,3,320000.0,310936.7304276154
5518,3,815000.0,945593.9519599588
5601,3,255000.0,254161.72151874035
5605,3,265000.0,268098.0548305736
6070,3,671300.0,627126.5699528633
6251,3,408000.0,384611.59462418576
6332,3,430000.0,518317.2932312204
6343,3,260000.0,259555.32014379487
6405,3,473000.0,407820.70205990976
6478,3,417500.0,454951.9625984528
6640,3,350000.0,337104.5102322545
6811,3,310000.0,262343.2205430667
6910,3,596000.0,534548.246753483
7403,3,269000.0,254536.51312855296
7588,3,163000.0,238080.82578209057
8036,3,258305.0,304737.05742938817
8079,3,522500.0,452405.1343366518
8117,3,386000.0,341527.62732887256
8142,3,875000.0,906160.1192000655
8761,3,270500.0,236534.85270432435
8972,3,394999.0,370966.5123510225
9086,3,415000.0,412838.00733047514
9108,3,420000.0,330667.03748134716
9112,3,1360000.0,1582723.0924107418
9151,3,319502.0,350667.3202598807
9461,3,499000.0,511840.8483523965
9805,3,284200.0,277676.79338398087
9973,3,290000.0,277104.7651589789
10062,3,430000.0,435605.80298394023
10314,3,709000.0,736484.1979353199
10402,3,406500.0,252988.77316138288
10827,3,583500.0,525010.9932423215
10970,3,868000.0,761734.0890246045
11136,3,500000.0,616889.5147801761
11317,3,285000.0,342147.8340856552
11364,3,875000.0,860942.5909171903
11699,3,191950.0,192424.04400042424
12166,3,718000.0,723867.3954976208
12175,3,490000.0,479627.0092930323
12626,3,209900.0,214017.9102397535
12690,3,850000.0,843950.6644574739
12932,3,850000.0,642013.9251237127
13056,3,565000.0,483904.5683445558
13631,3,255000.0,234150.94996664254
14090,3,270000.0,269837.62525297207
14238,3,240000.0,289791.6312555056
14243,3,589000.0,550626.9742261606
14325,3,365000.0,377797.05565906083
14421,3,115000.0,212411.29492501396
14441,3,260000.0,401131.0954272177
14832,3,396000.0,343408.72299972986
14833,3,397000.0,425662.72769328597
15699,3,418200.0,496111.91316124576
15829,3,499950.0,395686.47704164864
16201,3,447000.0,363456.19634047296
16226,3,420000.0,451160.71654660517
16327,3,1030000.0,940791.2469078244
16367,3,139000.0,231160.62118911959
16543,3,293000.0,324622.9676538493
16692,3,540000.0,541361.9388350253
16981,3,229950.0,183665.31263251725
17515,3,545000.0,350481.69418250385
18178,3,369300.0,405476.5489210575
18519,3,1450000.0,1058015.322913147
18567,3,515000.0,502245.94854995655
18641,3,430000.0,470703.3865688975
19013,3,375000.0,383039.18380016874
19061,3,540000.0,431896.18640465225
19178,3,873000.0,811861.1745055129
19565,3,323000.0,365434.96172356774
19909,3,598950.0,556644.0974174199
20361,3,609500.0,579714.4840505756
20653,3,405000.0,391806.88788858766
20795,3,450000.0,442605.7000726807
20822,3,780000.0,722315.6224790256
21200,3,720000.0,675479.2184789989
21366,3,370000.0,296205.2706011689
2,3,180000.0,259839.7586193084
427,3,1300000.0,1110201.791307209
623,3,605000.0,540975.3509736134
780,3,305000.0,308827.440858705
989,3,484950.0,494011.43638810306
1541,3,350000.0,423187.30261852616
1742,3,445000.0,443222.6581359113
2269,3,235000.0,216321.92182221983
2306,3,302000.0,591468.6638114854
2503,3,575000.0,437734.7857504338
2572,3,439950.0,459547.3249750576
2632,3,250000.0,196556.16246089188
2677,3,399500.0,371411.81432622066
2877,3,195000.0,213724.91820709777
3223,3,262000.0,189841.04371476267
3283,3,855000.0,853464.6588504624
3556,3,325000.0,436359.54886749346
3720,3,735000.0,759100.2132452214
4138,3,545000.0,554088.8424815097
4591,3,539000.0,538232.3592824708
4703,3,299800.0,300121.056324135
5053,3,735000.0,545112.6545537021
5161,3,822000.0,729859.4109543263
5341,3,595000.0,417441.2112563404
5500,3,482000.0,496629.6329679678
5724,3,185000.0,158611.64164358395
5807,3,325000.0,332324.24598521815
5941,3,440000.0,379693.9453649658
6065,3,525000.0,491314.5485286353
6236,3,275000.0,269354.4024179028
6484,3,425500.0,400190.2851587652
6631,3,340000.0,345155.4690255517
7160,3,460000.0,537336.6762856707
7181,3,249000.0,239664.08660221138
7190,3,380500.0,327899.6455142451
7515,3,450000.0,406289.0464231174
8062,3,200000.0,198213.001359467
8069,3,319950.0,254254.4824444697
8413,3,1110000.0,945899.0137289232
8827,3,565000.0,550229.2690804268
8858,3,200000.0,258321.10593621686
9070,3,274000.0,236620.96935326853
9349,3,551870.0,362601.7312410143
9654,3,760500.0,681695.5160487691
10098,3,1326000.0,1168318.876606646
10299,3,529500.0,471437.26896877895
10425,3,389000.0,297802.55135803507
10473,3,285000.0,257149.23422997713
10597,3,580000.0,525075.9775728363
10694,3,704000.0,500437.7839352732
11291,3,780000.0,700045.8741741207
11309,3,273000.0,229556.55822566143
11318,3,524950.0,459558.7458294842
11359,3,533000.0,533630.2406512973
11643,3,491000.0,422248.3903371177
11960,3,286300.0,358464.4359779435
12015,3,500000.0,473266.8895460607
12238,3,180000.0,242818.03326039782
12269,3,550000.0,335260.89595152787
12431,3,595000.0,546678.5216132473
13133,3,906000.0,821028.878731313
13199,3,835000.0,821800.6780459236
13217,3,455000.0,442784.3626247853
13351,3,235000.0,273307.8482755128
13512,3,728935.0,812867.7710214743
15240,3,370000.0,359575.01469537517
15385,3,450000.0,367669.16158956016
15788,3,572000.0,680111.0033740685
16292,3,495000.0,506702.3003501566
16525,3,1980000.0,1537435.5196763666
16687,3,396000.0,404712.130289333
16749,3,425000.0,388698.5173634043
17078,3,322000.0,353026.88443394285
17245,3,1454000.0,1394632.8315660576
17456,3,565000.0,504555.4996054778
17642,3,575000.0,509535.4479518775
17749,3,340000.0,319733.51063143427
17846,3,700000.0,622741.0646947025
17875,3,642000.0,601271.2783134945
18217,3,479000.0,356492.20061104785
18336,3,285000.0,272165.95116322156
18473,3,539000.0,565966.8233646906
18526,3,482000.0,508741.40061330673
18539,3,562000.0,537358.1607576928
19222,3,675000.0,599926.7352932411
19651,3,319500.0,327984.11572981504
20060,3,379950.0,356211.2153870863
20179,3,665000.0,591603.1399556398
20224,3,1789950.0,1609548.6447419352
20225,3,895900.0,863182.79580539
20326,3,2350000.0,1959234.2967157585
20444,3,500012.0,466610.1322851562
20849,3,329950.0,303798.83742485207
21034,3,810000.0,841989.8989351307
21456,3,450000.0,418744.79138578544
92,3,153000.0,191430.98422927843
247,3,181000.0,216006.79076184178
1039,3,566000.0,475014.6018934633
1430,3,470000.0,491985.25826197147
2181,3,1550000.0,1286862.465375476
2494,3,322000.0,233182.8800661699
3050,3,517000.0,365495.03334328963
3051,3,615000.0,654045.7895857823
3130,3,250000.0,246303.0356796502
3171,3,587500.0,508779.2745322998
3281,3,1965000.0,1876036.667875422
3635,3,251000.0,233315.99413057228
3839,3,830000.0,619463.824717401
3953,3,317000.0,328878.6957636013
5774,3,310000.0,482126.7012919955
5852,3,899000.0,742060.1832638263
6406,3,279000.0,264008.2607120594
6835,3,190000.0,196538.23563754675
7106,3,284000.0,334592.0766631645
7186,3,275500.0,231015.30753333354
7607,3,430000.0,449783.3209390015
8140,3,484000.0,645751.1788520446
8405,3,970000.0,1004014.9104029656
8599,3,635000.0,563825.3777784606
9653,3,392000.0,383421.782878645
10133,3,219000.0,276409.13489313086
10195,3,690000.0,796819.0577457567
10549,3,440000.0,430089.78730894264
11174,3,454900.0,513913.68948513374
11772,3,615000.0,565458.5137995961
12054,3,401000.0,357312.04647171317
12739,3,320000.0,314000.6495605422
12956,3,269000.0,235404.37269977486
13195,3,525000.0,509545.52517251356
13207,3,259000.0,315132.52303372335
13654,3,267500.0,258745.5335927943
13751,3,464000.0,491200.8098121487
13773,3,364000.0,340246.5432733388
14173,3,286000.0,279911.4968372642
14177,3,350000.0,376343.74458880763
14632,3,267000.0,237589.06357991236
15312,3,190000.0,282470.00557180715
15653,3,160000.0,167945.81337129197
15726,3,253750.0,211708.97325525648
16472,3,330000.0,477903.7257499437
17272,3,350000.0,273153.000594925
17582,3,616000.0,636535.1873401725
17590,3,303697.0,455343.4608025745
17614,3,228500.0,186107.08096556301
17976,3,360000.0,341814.575487965
18253,3,400000.0,404354.16197720787
18711,3,215000.0,230626.92303458092
19425,3,794500.0,670655.4867995082
20211,3,347500.0,309199.18937747594
20283,3,380000.0,388915.97627043497
20463,3,510000.0,369738.3767583047
20991,3,910000.0,845143.1707295197
21140,3,250000.0,242383.93630754025
21533,3,999999.0,942645.8393777895
21565,3,341780.0,321516.3864024666
144,3,500000.0,542400.6367858474
281,3,170000.0,196098.40174677002
763,3,374950.0,356732.0315140729
1242,3,375000.0,444385.2283302355
1356,3,643000.0,581161.4196844227
1499,3,720000.0,650227.5187842799
1698,3,340000.0,346445.0298331016
1958,3,429800.0,343210.91884530365
3025,3,367000.0,281064.4387346378
3138,3,450000.0,455570.99492559687
3185,3,635000.0,661958.549135771
4569,3,140000.0,218548.04829486192
4642,3,295000.0,362567.61036826554
4772,3,205500.0,241003.9067962251
5966,3,637000.0,571867.3354379586
6139,3,425000.0,361886.01200136106
6781,3,217000.0,168560.4391701334
6876,3,435000.0,477166.30232441885
7251,3,204000.0,243489.00155344463
7371,3,395000.0,451242.3342465743
9481,3,780000.0,765993.9811741998
9911,3,400000.0,376826.9107050782
10045,3,425590.0,402252.8711438646
10131,3,309000.0,203719.21929677756
11023,3,330000.0,242898.58336964
11086,3,315000.0,280999.7742870089
11492,3,499000.0,457984.83234243357
12382,3,207000.0,255956.81454093254
13312,3,600000.0,717828.2391626188
13670,3,369000.0,325035.7290744761
14555,3,930000.0,694837.1588341686
15245,3,1398000.0,1219260.7062251158
16308,3,248500.0,245968.37145235453
17211,3,275000.0,197948.79326141014
17281,3,339000.0,266662.01289793383
17688,3,612500.0,653737.8477297442
17850,3,620047.0,637467.214888729
18355,3,403000.0,368720.01633160317
19667,3,1450000.0,1297262.4831231257
19939,3,325000.0,318558.3022210147
20508,3,394950.0,411774.17447319435
20532,3,550000.0,348146.56753656844
20560,3,908990.0,880579.092862284
20972,3,370950.0,339448.0561775592
21006,3,415000.0,353565.77971144445
21283,3,988990.0,1042356.6947557086
21296,3,445000.0,423291.21146307094
21514,3,1865000.0,1900928.071173832
21542,3,715000.0,694959.7847671048
308,3,550700.0,467565.3847515618
2750,3,352000.0,284820.6338077824
5214,3,997000.0,904904.5250655164
14760,3,285000.0,280988.36913131934
21306,3,579950.0,492188.61573928915
9015,3,490000.0,433612.91812007624
12313,3,624000.0,553295.306106787
16600,3,440000.0,519016.39809906273
18100,3,505400.0,566372.1286569922
19176,3,534000.0,528493.4938199299
19344,3,151000.0,185497.4956557892
29,3,719000.0,672355.3187807733
125,3,1450000.0,1218314.4448030072
1419,3,350000.0,332262.08055684157
2179,3,1650000.0,1745572.1892722924
2474,3,858000.0,781227.8986469081
4180,3,235000.0,244195.4626126676
5012,3,455000.0,449351.6077128612
5364,3,404000.0,357585.7569466123
6072,3,1100000.0,1027265.6367262703
6239,3,200000.0,242434.64246016607
6295,3,545000.0,530380.5094024936
7145,3,410000.0,356745.7629706971
7383,3,585000.0,663270.2552353393
8642,3,380000.0,416998.89677772083
8795,3,265000.0,305167.0255062073
8951,3,428750.0,475399.5159361293
10044,3,585000.0,328931.46561693307
10468,3,2000000.0,1465529.1689301946
10523,3,310000.0,223351.07140549095
11606,3,1300000.0,1266794.3108845018
11641,3,350000.0,379086.01201130205
11716,3,319950.0,300514.2809589125
11734,3,245000.0,240817.7680378306
11778,3,460000.0,349486.27656137815
12148,3,895000.0,905932.4537621805
13073,3,469000.0,401348.10352565465
13796,3,220000.0,154873.23479117
14472,3,275000.0,238020.65788746075
15457,3,365000.0,311818.187443447
15619,3,329950.0,283487.00079556985
16515,3,885000.0,766417.4550221637
16580,3,1810000.0,1912182.8630984738
16713,3,455000.0,414816.2615340472
17102,3,350000.0,335468.8629573796
18404,3,650000.0,680631.8036013714
18742,3,247500.0,249725.08785883235
19599,3,515000.0,513853.6673093205
19736,3,1680000.0,1487282.5862889204
20220,3,204000.0,242383.08438480378
20395,3,395000.0,238387.5868847742
20690,3,370000.0,333404.1507436652
21418,3,750000.0,794816.5435519593
21522,3,462500.0,335386.99022994516
54,3,920000.0,914992.3551748672
204,3,274250.0,218922.7578969906
229,3,516500.0,454393.52991052397
640,3,378000.0,402889.9757968973
863,3,910000.0,764026.1338630981
1788,3,256000.0,202203.6152520318
1829,3,753000.0,644692.6117289937
2425,3,992000.0,970912.365973132
2545,3,465000.0,422539.02184478595
2870,3,521000.0,543660.8919768984
2897,3,435000.0,431637.7747947868
3227,3,551000.0,427527.4956295854
4214,3,525000.0,522911.6129360119
5768,3,638250.0,634237.1798829056
6359,3,670000.0,641788.2162694032
6553,3,498500.0,403561.5102631699
6613,3,545000.0,573351.8681883008
6823,3,1430000.0,991452.1654799619
6853,3,772500.0,618132.5217577019
7379,3,713000.0,658090.4588471238
7405,3,564000.0,588083.2007145854
7661,3,670000.0,595478.8338180212
7992,3,90000.0,239210.3112236192
8255,3,370000.0,357096.1628596151
8453,3,340000.0,398897.9322618759
8489,3,674000.0,597409.639160173
8967,3,720000.0,559900.4225661827
9091,3,883000.0,1139594.5297972858
9207,3,425000.0,347421.4222081349
9221,3,750000.0,683911.9393936238
9397,3,420000.0,237804.85473756972
9740,3,259500.0,272494.1764971723
10487,3,425000.0,452228.3937793462
11248,3,575000.0,517831.2452980569
11451,3,647000.0,620186.9584109405
11605,3,495000.0,437162.12100171996
12099,3,590000.0,549553.9207678754
13342,3,385000.0,383580.8273770566
13505,3,585000.0,574361.5242776835
13622,3,339950.0,320879.74812916596
13636,3,563500.0,476949.9014043314
13967,3,3395000.0,2594460.2816518894
14203,3,273000.0,248981.09752881236
14665,3,177000.0,180961.64809593366
17047,3,247500.0,238015.4524275783
17380,3,310000.0,324635.92057680734
18368,3,500000.0,455624.03316011897
18503,3,359000.0,335395.3305397117
19097,3,420000.0,517441.00214187294
19139,3,335000.0,323330.723862052
19303,3,315000.0,290570.45719498105
19466,3,1500000.0,1245647.6864802914
19524,3,147000.0,211592.44075216167
19662,3,405000.0,370328.40375359217
19680,3,465000.0,505382.1247937768
19893,3,425000.0,412810.4654942653
19956,3,1563100.0,1503166.857016017
20138,3,734000.0,500786.6716018922
20708,3,305000.0,283358.44115889585
21061,3,390000.0,370758.2385478413
21248,3,1080000.0,760363.3059722384
21321,3,1350000.0,1341585.8658746614
21420,3,299950.0,285560.74275792314
111,3,570000.0,413312.280458764
162,3,900000.0,842859.9907249426
297,3,446500.0,485817.1719688112
693,3,410000.0,316901.35227775504
714,3,405000.0,385358.38339849975
785,3,218000.0,274894.25228372065
794,3,210000.0,174071.47549622718
848,3,512000.0,496017.60259608866
991,3,585000.0,653102.2429005525
1636,3,325000.0,286370.6052631195
1863,3,625000.0,727283.3081785518
2007,3,1015000.0,957305.6939810462
2890,3,210500.0,197476.39283733012
3188,3,200000.0,211286.7209605817
3197,3,401000.0,596097.4900298612
3320,3,496000.0,442739.5280923528
3699,3,632500.0,583745.0523431452
4039,3,385000.0,338103.95665847027
4134,3,292000.0,367326.9982461307
4187,3,400800.0,337561.83896149026
4577,3,690000.0,509541.6278191229
4805,3,224975.0,205871.96346236597
4811,3,2479000.0,2724648.7045007315
4869,3,950000.0,906781.1869572954
4994,3,637000.0,621943.3765317296
5854,3,512500.0,476020.4771669466
6294,3,265953.0,241929.38058129628
6411,3,529000.0,511480.34899312747
6428,3,702000.0,690766.1265884796
6567,3,280000.0,248368.72010667168
6812,3,385000.0,297604.02020707075
6825,3,243000.0,265760.9025123294
7135,3,1430000.0,887062.5862564383
7355,3,315000.0,296049.8038452177
7510,3,390000.0,399752.7324271539
7645,3,492000.0,430675.53722924
7709,3,620000.0,616366.3579967946
7979,3,590000.0,587860.2651590952
7997,3,250000.0,234091.18862058045
8015,3,606000.0,534724.0386437323
8324,3,239950.0,235954.73766800953
8369,3,536000.0,523550.77351309836
8679,3,895000.0,830743.7640417205
9227,3,607000.0,566806.7916292988
9471,3,320000.0,350734.8527989891
9559,3,453000.0,430499.8521814798
10313,3,550500.0,518237.8337210394
10366,3,750000.0,622340.1309942522
10381,3,490000.0,383751.6868630148
10474,3,290000.0,334003.05337854347
10807,3,729000.0,709748.1442236799
10961,3,360000.0,443939.9250942149
11288,3,539000.0,474347.5518503621
11738,3,700000.0,566449.8289826498
11931,3,271920.0,243990.61894153056
11994,3,445000.0,461666.30167599354
12192,3,242000.0,227398.45088397883
12969,3,225000.0,347972.64945683803
13010,3,413252.0,449403.6498651612
13089,3,365000.0,354740.25502787426
13260,3,781000.0,640669.8236102035
13827,3,339100.0,318588.3858436243
13832,3,575000.0,522086.5894115054
13873,3,390000.0,449607.1915096093
14012,3,515000.0,387300.25326358597
14185,3,2225000.0,2343526.5252864975
14510,3,380000.0,356528.45096836216
14782,3,343000.0,349327.4511540441
14784,3,273950.0,243922.54829781427
14829,3,840000.0,982544.1409151318
15135,3,1770000.0,1250901.3956664116
15147,3,520000.0,306054.28473066725
15157,3,279950.0,262652.5797423575
15937,3,279000.0,253045.81511663928
16040,3,226000.0,227857.0110758073
16141,3,705000.0,721071.7639574226
16170,3,532500.0,496635.00257429434
16452,3,600000.0,493255.8810028585
16475,3,431000.0,362947.7664841442
16621,3,470000.0,415965.6502973952
16720,3,2140000.0,2493232.7334062653
17284,3,640000.0,613789.8686024508
17575,3,763000.0,772600.0177297529
17946,3,275000.0,227954.14646531575
18093,3,310000.0,421254.362875191
18174,3,818900.0,458624.9359932924
18190,3,400000.0,416545.56906977703
18565,3,260000.0,203553.59985757121
18566,3,196000.0,190761.79630547803
18727,3,230000.0,191055.44057709433
19131,3,163000.0,219336.06240449348
19172,3,890000.0,785752.9683370524
19460,3,279950.0,298581.31302640174
19636,3,529500.0,571894.9865063188
20154,3,2945000.0,1613002.1132423976
20163,3,383000.0,396810.9462161471
20204,3,550000.0,606660.7883836646
20343,3,855000.0,808273.0978744428
21327,3,535000.0,637826.3931159487
21410,3,695000.0,749570.4620920314
108,3,680000.0,794405.6153044532
461,3,348000.0,351956.4226615223
511,3,480000.0,498460.2657831848
872,3,795000.0,837022.4302407964
931,3,545000.0,531884.348220086
1029,3,543115.0,591892.536366296
1441,3,264950.0,237695.2088096767
1787,3,552500.0,582991.9095660693
1884,3,150000.0,228999.29330552355
2167,3,306000.0,336910.93646575
2340,3,230000.0,217268.6155926131
2668,3,1380000.0,1394034.484841393
2805,3,385000.0,383330.4712137213
2828,3,900000.0,983013.7240153913
3422,3,250000.0,236705.79107481265
3777,3,1650000.0,1136532.2210954002
3779,3,605000.0,561816.6338329602
3991,3,499900.0,452867.5243897554
4036,3,825050.0,914989.6762330838
4352,3,259950.0,271567.4489499232
4419,3,425000.0,548576.8560476602
4485,3,308000.0,335167.58805139764
4959,3,1000000.0,868811.6172576138
5433,3,1740000.0,1406375.3070748951
5683,3,335000.0,485294.57011737704
5890,3,420000.0,426229.51712575415
6225,3,292000.0,359385.4185505442
6431,3,354500.0,331635.117694183
6969,3,447500.0,428855.97740086453
7466,3,599000.0,631017.6413194059
7476,3,1025000.0,848236.8085121029
7978,3,450000.0,589685.8144449604
8074,3,284000.0,270345.16994468635
8378,3,910000.0,824268.8965978861
8491,3,453000.0,506935.10779457085
8722,3,625000.0,582239.5653564866
8916,3,740000.0,384945.73319283465
9121,3,255000.0,219788.97673801548
9233,3,733000.0,633171.6598918773
9446,3,355000.0,233698.83734204405
9730,3,256000.0,283725.37912965653
9739,3,485000.0,478462.0636373286
11789,3,218000.0,186641.14344409452
12347,3,675000.0,486341.85929390474
12532,3,539000.0,543296.5551731617
12567,3,759950.0,523739.66893029213
12724,3,130000.0,283315.50056742097
13210,3,635000.0,630042.6348061711
13299,3,700000.0,771536.3190501683
14254,3,1950000.0,2107325.476114637
14326,3,412500.0,411509.0357036022
14765,3,780000.0,747646.6541859966
14990,3,316500.0,330243.6016877265
15128,3,340000.0,384391.83588519134
15210,3,336600.0,300418.96971981565
15214,3,175000.0,177748.28145429166
15817,3,380000.0,322962.28490711254
15850,3,205000.0,202604.0031693905
16380,3,629950.0,622814.2796206728
16714,3,85000.0,160361.16524631926
16926,3,501000.0,393200.0677399812
17174,3,175000.0,136248.87143091505
17320,3,475000.0,469400.6526386783
18085,3,525000.0,463572.6051165013
18159,3,315000.0,301132.2861244913
18192,3,345000.0,423565.33040009794
18325,3,255000.0,244279.3238094705
18436,3,230000.0,238358.42792538274
18693,3,250000.0,305402.35254136723
18797,3,244950.0,277782.14547970524
19551,3,255000.0,258590.55924182752
19630,3,855169.0,776441.3575475756
19694,3,340000.0,346969.50167188555
20277,3,308000.0,305606.8507918846
20298,3,289950.0,296478.1130050688
20836,3,402395.0,406549.02166846476
21223,3,561000.0,541118.1790502936
21587,3,385000.0,366112.247534789
400,3,557000.0,545878.706650204
948,3,369950.0,366260.37915353774
1109,3,367000.0,442982.1184684912
1859,3,685000.0,556662.6762362515
2473,3,1865000.0,1396481.3124105851
3111,3,196000.0,193262.44902447646
3352,3,1100000.0,882683.6685956996
3783,3,286950.0,271965.3166697803
4114,3,365070.0,331708.2401934436
4465,3,284000.0,292606.82115065085
5333,3,195000.0,254723.494409677
5343,3,585000.0,503608.2329285314
5376,3,185850.0,258977.8423343029
5467,3,595000.0,455363.9479360726
6095,3,713900.0,842688.8468526675
8250,3,508000.0,526621.8804739085
8293,3,615000.0,594306.9314211913
8784,3,1800000.0,1805755.4223546283
8807,3,1050000.0,971754.4430440562
9012,3,259875.0,319012.3908121018
9172,3,1234000.0,976084.2655136536
10067,3,325000.0,287254.88631087815
10191,3,225000.0,232604.46480982835
10224,3,550000.0,492289.4615790361
10472,3,262500.0,249512.67354988088
10718,3,260000.0,253470.70809845775
10921,3,725000.0,577052.0116320443
11335,3,515000.0,535518.2332161904
11488,3,1325000.0,890223.7113313295
12055,3,655000.0,619972.8074554232
12076,3,595000.0,598763.565172712
12255,3,605000.0,543949.8520975723
12536,3,1030000.0,881282.7366604427
12863,3,215150.0,146547.9316822832
13290,3,272450.0,212481.14024151032
13309,3,335000.0,311795.7707327133
13413,3,122000.0,255560.30205027122
13513,3,850000.0,812411.6533222784
13729,3,265000.0,267371.8214629911
14071,3,235000.0,274666.0675855107
14425,3,550000.0,466593.98809059506
15172,3,619100.0,473247.08527594595
15831,3,970000.0,1015897.9122198073
16091,3,588000.0,551911.5522791739
16312,3,198500.0,185640.540845585
16461,3,254000.0,249793.27869104873
17262,3,308000.0,320176.846854775
17568,3,397500.0,368908.6252231005
17842,3,550000.0,483983.7198596539
18176,3,240000.0,245933.18034972993
18281,3,959000.0,887795.1327413002
18710,3,280000.0,264503.6947759587
19525,3,500000.0,468064.1294124837
19945,3,530000.0,625075.3704937897
20287,3,324950.0,315156.7904110671
20455,3,820000.0,740033.3912125692
20711,3,530000.0,480683.9097362078
21152,3,450000.0,422130.23463389924
6369,3,263300.0,218809.46308914255
9803,3,305000.0,307867.4798437599
11141,3,392500.0,331475.137618833
18846,3,475000.0,449919.23753088113
15066,3,340000.0,279830.95523920737
161,3,438000.0,410211.8524881207
226,3,479950.0,477060.1267182524
396,3,530000.0,555308.5613881972
1153,3,298900.0,275046.7873154418
1173,3,359000.0,353843.8747002875
1339,3,435000.0,416971.1084602112
1618,3,549500.0,515911.8260642552
1883,3,320000.0,294940.99706866365
2029,3,325000.0,343222.85688883165
2207,3,258500.0,252043.35427663932
2331,3,307000.0,207962.50713281022
2662,3,418200.0,304274.21655972133
2780,3,665000.0,653517.0918518808
3794,3,255500.0,202352.26993059987
3858,3,347500.0,309232.58475813083
4142,3,260000.0,272378.7960362184
4337,3,622000.0,550662.1271828274
4409,3,565000.0,509790.2742913983
4670,3,375000.0,327216.5499426113
5073,3,859000.0,674153.725564357
5740,3,347500.0,313384.222223705
6055,3,270000.0,298093.6549070748
6458,3,998160.0,953692.7681070935
6680,3,535900.0,529406.7299659787
6681,3,230000.0,212776.2529174058
6746,3,204555.0,228082.90789240808
6891,3,763000.0,663797.4808088848
7044,3,649000.0,559810.6405944551
7247,3,428900.0,424943.0169460664
7482,3,679000.0,557564.9124512192
7719,3,245000.0,258617.85453603027
8269,3,190000.0,231387.46137160814
8317,3,314950.0,294910.63325175166
8759,3,411500.0,316003.25469515484
8778,3,325000.0,288054.5093491766
8893,3,440000.0,576379.0654989649
8911,3,190500.0,326544.9587382668
9917,3,649000.0,511133.50169055036
9992,3,385000.0,398246.7837868873
10389,3,750000.0,653614.6806875237
10506,3,535950.0,545142.1656083304
10719,3,392500.0,283330.9096080978
10760,3,470000.0,447650.9533689523
11109,3,200000.0,224123.55020811455
11554,3,400000.0,381531.4646907594
11646,3,270000.0,297526.93380798877
12295,3,1712750.0,1496914.6799004267
13015,3,295000.0,335279.49426770094
13268,3,185000.0,170580.0257337622
13522,3,620000.0,703985.2252139044
14376,3,546000.0,504543.0006577637
15224,3,752000.0,598279.0615628606
15600,3,558000.0,610051.815375153
15767,3,443000.0,426723.2372108416
15910,3,415000.0,312162.5553763386
15990,3,265000.0,257016.44600319138
15991,3,765000.0,705871.4563712147
16118,3,329990.0,324163.70752226154
16536,3,369000.0,379039.0995275236
16813,3,352500.0,409055.193130112
17631,3,260000.0,243457.12079884048
17940,3,610000.0,560049.638382069
18442,3,635000.0,623916.0179208298
18591,3,526000.0,481073.36378499365
19527,3,991500.0,1035526.082571175
19872,3,437000.0,371106.41549033613
20910,3,311850.0,332334.99522944307
21273,3,775000.0,668273.9631828367
