source_row,janela,preco_real,preco_previsto
12703,1,390000.0,458832.57724279485
13389,1,594950.0,611124.1842314225
13743,1,810000.0,815690.4331394066
16438,1,755000.0,761923.7652353544
101,1,555000.0,598591.2012776718
264,1,369900.0,393090.79362480546
326,1,274975.0,649400.261326636
377,1,275000.0,278303.0783989087
483,1,525000.0,379453.53020594927
559,1,331500.0,302830.6444664101
1333,1,430000.0,352984.6014453115
1473,1,650000.0,606973.7655911082
1556,1,307500.0,301996.0472135034
1678,1,275000.0,310904.61074106453
1765,1,390000.0,355584.651625765
2140,1,1700000.0,1118945.1842276882
2247,1,600000.0,609535.825005858
2275,1,610000.0,584975.2217461384
2402,1,322500.0,315588.9337078338
2411,1,487000.0,554918.3539194182
2584,1,387000.0,359009.62049884774
3230,1,511718.0,502761.86332079285
3680,1,135000.0,268787.87294819666
3870,1,120000.0,211021.11593124788
4305,1,315000.0,307984.335954662
4468,1,925000.0,1006907.8738018763
4792,1,720000.0,706442.4363230056
5389,1,630000.0,706660.0123206057
5533,1,530000.0,546264.8299934586
6045,1,2196000.0,1602920.3577997144
6108,1,361500.0,415268.47903830174
6678,1,830000.0,857815.8738013465
6795,1,472000.0,485544.98426529864
6936,1,315000.0,281823.5447744086
7003,1,513000.0,596078.8512855243
7381,1,460000.0,514526.7330003202
7807,1,485000.0,438687.32283384283
8414,1,212000.0,254207.78558517701
8456,1,299000.0,299927.1669734474
8624,1,299990.0,333766.9290613487
8656,1,440000.0,461153.8791630116
9341,1,339950.0,372655.04232208093
10148,1,333500.0,373863.97097344685
10223,1,535000.0,566766.2277069293
10295,1,260000.0,340209.0017207906
10437,1,350000.0,321504.4246543028
10536,1,901000.0,972879.83104323
11075,1,315000.0,282524.93206304545
11381,1,355000.0,471075.51219523547
11583,1,306500.0,320897.3482658863
11679,1,840000.0,823477.6233401779
11732,1,530000.0,468461.3650548342
11918,1,447000.0,489703.2412007327
12019,1,1100000.0,690973.6075286447
12059,1,715000.0,542148.9748121412
12853,1,315000.0,334673.96422036825
12890,1,400000.0,363323.7435829721
12951,1,246000.0,391039.0027523676
13238,1,685000.0,399861.6814953312
13772,1,289000.0,242355.90870622615
14169,1,321500.0,325982.4325966037
14544,1,325250.0,299520.7573556998
14589,1,1045000.0,999928.2851358181
14777,1,299000.0,354316.15520623536
14896,1,667500.0,594626.7462874801
14980,1,935000.0,1160088.5393433205
15208,1,155000.0,193839.4936797176
15543,1,210000.0,268042.6841036287
15683,1,620000.0,582279.5800697736
15740,1,546200.0,604664.1900014358
15823,1,435000.0,453005.28668214806
15968,1,279950.0,251029.4670793421
15997,1,415000.0,417578.14939791925
16010,1,540000.0,537063.3671810246
16191,1,465000.0,373563.1865065247
16796,1,278000.0,299196.6038794628
16820,1,280500.0,284875.8948178277
17115,1,182500.0,185202.5237017994
17117,1,360000.0,482927.8631098847
17191,1,997950.0,858087.286936729
17461,1,622200.0,428677.6239205382
17522,1,605000.0,685479.4045777292
17656,1,598555.0,630834.8241611016
17814,1,334500.0,301975.44864838483
17924,1,420000.0,515581.8583364879
18049,1,314000.0,240660.2793430376
18441,1,330000.0,347931.5083889655
18522,1,287500.0,335061.1438141715
18615,1,483000.0,523344.44017898745
18684,1,360000.0,390542.3315385148
18962,1,450000.0,470741.8661847746
19059,1,218000.0,230253.09022502034
19522,1,268000.0,296940.67519966053
19970,1,600000.0,584487.4027027271
20461,1,489950.0,568929.8372536405
20580,1,289000.0,262901.62305150274
21033,1,1049990.0,995510.0135983422
21370,1,331000.0,363011.33382728876
43,1,685000.0,590740.1630603304
82,1,355000.0,318605.84567642875
114,1,480000.0,430514.0075444162
430,1,328500.0,374983.84487058525
560,1,460000.0,390063.33579734614
970,1,532500.0,495594.08889688266
1252,1,399000.0,436398.04735360236
1373,1,830000.0,875821.1238993495
1624,1,750000.0,754915.5888752316
2356,1,618000.0,716922.1416284641
2593,1,337500.0,309411.9039581654
3003,1,259000.0,293369.3532862403
3054,1,308000.0,377429.8425538203
3131,1,759000.0,942548.3561593315
3175,1,520000.0,627531.7222805467
3304,1,206000.0,216705.03574377712
3343,1,247300.0,332675.30711037526
3469,1,330000.0,329183.79597951
3483,1,209950.0,211084.88843580466
3686,1,436300.0,442165.66394066217
4375,1,352800.0,375451.2490950359
4476,1,400000.0,404792.1582228985
4567,1,599000.0,578301.4374333441
4853,1,840000.0,760816.6674637916
5276,1,226450.0,215970.3965923448
5313,1,349000.0,304321.9095377928
5629,1,350000.0,422260.8372944654
5636,1,420000.0,421604.6570442469
5675,1,1419000.0,1506081.6489178874
6051,1,312000.0,348683.0665013415
6096,1,427500.0,409092.92686757393
6117,1,277500.0,240704.76418728367
6168,1,435000.0,460546.67876718217
6306,1,313000.0,322089.1381680578
6366,1,817000.0,861554.862708439
6616,1,299950.0,260288.4946462573
6755,1,350000.0,320637.9726816883
6976,1,415000.0,444507.32849701704
7097,1,285000.0,604548.9636631652
7133,1,445000.0,465885.8863035081
7197,1,235000.0,298786.4246192539
7289,1,390000.0,488620.92970307433
7334,1,483000.0,482761.3608677619
7887,1,439000.0,603532.1970688473
8020,1,450000.0,456893.1635769824
8073,1,270000.0,247879.16451315288
8612,1,340000.0,307377.6837320009
8629,1,575000.0,638325.2118584091
8673,1,1090000.0,978021.0934437073
8744,1,490000.0,522116.8795842352
9075,1,765000.0,675039.5448549268
9194,1,240000.0,249721.8727357753
9312,1,370000.0,285851.75864833547
9338,1,217000.0,217092.07243825847
9620,1,473000.0,403417.6382221113
9713,1,1250000.0,1098688.353608072
9753,1,246000.0,289256.1947578238
9974,1,230000.0,223280.56219874314
10065,1,315000.0,381596.7312522458
10144,1,245000.0,223226.66926351175
10280,1,550000.0,592997.2264465531
10345,1,324000.0,301092.55709539313
10384,1,695000.0,691894.6494240203
10500,1,476000.0,459779.3496929982
11014,1,397500.0,465057.4135557811
11372,1,292500.0,294352.94162802066
11412,1,484950.0,556528.1910594966
11439,1,935000.0,894447.7060903837
11462,1,290000.0,265539.42563300644
11526,1,825000.0,807550.5968534482
12396,1,943500.0,877820.3597279236
12563,1,845000.0,823723.0931607233
12566,1,400000.0,468268.77579630347
12576,1,309500.0,260881.15775189936
12620,1,669888.0,599001.1054045209
12658,1,290000.0,365494.92022220406
13500,1,372000.0,405957.97869117645
13527,1,940000.0,905112.3932096843
14038,1,202950.0,183164.44797395868
14226,1,749500.0,687260.792207218
14278,1,769950.0,752720.7692407306
14454,1,159995.0,165635.9936428766
14699,1,526500.0,501963.6175232097
14907,1,740000.0,854979.3445798963
15229,1,1395000.0,943226.0862941542
15290,1,340000.0,361660.104399082
15490,1,320000.0,307464.7091313166
15578,1,369950.0,379222.36224617914
15815,1,322000.0,288327.47378989076
16247,1,255000.0,240445.14246697372
16429,1,865000.0,874071.1980591994
16599,1,710000.0,729099.7214976179
16881,1,353500.0,279284.9244041637
16884,1,547500.0,560449.1007705261
16905,1,520000.0,609564.4589323985
17064,1,550000.0,776491.8759221575
17265,1,545000.0,704404.1714064173
17333,1,430000.0,408950.0484098795
17560,1,879000.0,1082782.7298457085
17621,1,450000.0,387980.48909738834
17796,1,389000.0,386221.22887934186
17939,1,424000.0,441889.27606937685
18574,1,397380.0,353759.42782619415
18604,1,815000.0,466376.199925654
18722,1,1225000.0,882733.7251398633
18826,1,760000.0,685205.4441411928
18891,1,391265.0,420955.03834975924
19069,1,275000.0,295613.22261372965
19107,1,429000.0,404574.0905467087
19526,1,1010000.0,1082745.976681732
20144,1,1575000.0,1006565.5042152556
20219,1,515000.0,515658.5183213063
20305,1,849990.0,855115.3074183156
20906,1,274900.0,270435.63179216924
20954,1,492000.0,514713.8477633753
21243,1,630000.0,588225.6593051294
21323,1,1500000.0,1251806.7635778836
516,1,308000.0,309455.6560332353
820,1,325000.0,229725.50226167843
1146,1,510000.0,498414.5224643922
1628,1,880000.0,739331.7287399916
1639,1,810000.0,683398.7658877608
1676,1,2250000.0,1989283.629103492
1682,1,390000.0,342277.6366512327
2190,1,568000.0,649486.1130919831
2231,1,529219.0,538769.5030040067
2687,1,385195.0,314159.2691187776
2777,1,325900.0,295831.34246080305
3215,1,650000.0,593293.1016484349
3546,1,436000.0,450575.586150165
3731,1,470000.0,460649.39014746645
3762,1,524500.0,507347.03664725734
3875,1,387000.0,412340.47599194443
4098,1,1055000.0,898315.8777653845
4241,1,865000.0,896809.3633513482
4350,1,659950.0,670987.1219965992
4417,1,299950.0,320949.00631892605
4424,1,355000.0,336649.58893413545
4602,1,435000.0,412738.0701024894
5075,1,465000.0,365571.46589060803
5256,1,294000.0,425035.8421724076
5723,1,96500.0,154137.39116671597
5820,1,653000.0,427904.66925840994
6129,1,590000.0,507722.6164406114
6413,1,481500.0,421274.7427772571
6587,1,740000.0,821871.6303028997
7282,1,600000.0,467430.1304802648
7344,1,922000.0,968900.332671477
7419,1,393000.0,296876.9275000708
7839,1,315000.0,304609.5031776315
7869,1,231200.0,229714.45424140268
7993,1,342000.0,371870.57481274876
8202,1,389500.0,365480.1335543711
8243,1,695000.0,659747.8201918914
8306,1,549000.0,575769.7885866412
9123,1,245000.0,256530.4147329971
9421,1,329922.0,343387.5926585075
9606,1,608000.0,599442.7430695732
9881,1,738000.0,865393.1814809293
9912,1,240000.0,284019.87612301
10973,1,595000.0,568194.4219175488
11357,1,246950.0,268335.1621465889
11361,1,495000.0,524257.7368343905
11573,1,680000.0,605487.3706737143
11689,1,400000.0,259907.25077006032
12094,1,630000.0,629836.4705987654
12104,1,1430000.0,1317386.200951009
12319,1,795127.0,893592.3357591601
12527,1,625000.0,614710.8339895869
13288,1,322000.0,301409.0999513116
13425,1,1169000.0,1198133.4991931678
13797,1,535000.0,583257.5378826185
13894,1,467000.0,469190.10188113316
13922,1,572500.0,610740.9962741699
14231,1,815000.0,844776.211874844
15161,1,650000.0,599983.1826733749
15442,1,195000.0,299619.35769574915
15707,1,480000.0,472494.5498020926
15780,1,359950.0,398474.9005174631
16272,1,276693.0,335821.2634274695
16597,1,376000.0,492827.2809792379
16610,1,270000.0,260537.17512451316
16633,1,205000.0,205053.5557417176
16695,1,221000.0,234020.63363953127
16962,1,152500.0,162263.4883970118
17000,1,495000.0,502766.2722157879
17384,1,297000.0,306321.68691059545
17444,1,979700.0,757383.8896640734
17745,1,272450.0,277376.21210246277
17804,1,550000.0,580581.3003700438
17885,1,645000.0,685933.9322591132
18039,1,344000.0,309066.98290830664
18108,1,290000.0,271663.57955276454
18189,1,770000.0,841818.8136748056
18379,1,265000.0,404327.9623632374
18572,1,299000.0,280441.6840610618
18639,1,410000.0,440010.1420119799
19239,1,340000.0,368800.6923082725
19421,1,610000.0,608512.0063640976
19540,1,588000.0,578350.8536388404
19647,1,1040890.0,1007426.7153589835
19725,1,1375000.0,1137186.5374589125
19739,1,450000.0,484600.4944380907
20119,1,399000.0,394528.99456608016
20132,1,552000.0,527243.8962310189
20500,1,1699990.0,1424886.5863092276
20544,1,455000.0,457073.72342125006
20820,1,452000.0,461679.6832699654
21149,1,950000.0,957878.0764414318
21218,1,465000.0,424750.7821754382
148,1,258000.0,285492.04955582327
493,1,669950.0,574831.204816609
541,1,280000.0,302244.6803553761
1240,1,685100.0,679161.5159953211
1312,1,537250.0,516366.58387703134
1625,1,192000.0,228638.00234422748
2209,1,1050000.0,1017185.3857144172
2312,1,260000.0,268705.19202427496
2475,1,345000.0,314106.3021632582
3370,1,700000.0,566448.534194177
3432,1,289950.0,292639.7040620719
3494,1,790000.0,721765.5381828208
3826,1,856000.0,838534.8582814017
3902,1,270000.0,351225.9567162254
4160,1,579100.0,517262.02290581784
4277,1,220000.0,211296.57799507366
4829,1,339950.0,302521.9374749982
4888,1,275000.0,246122.0423821614
5037,1,459000.0,427129.84899822826
5198,1,813000.0,622798.7462948845
5540,1,538000.0,498488.6479634778
5621,1,110000.0,152007.98507839392
5744,1,404500.0,393487.93209254765
5830,1,759000.0,603340.0936308271
6190,1,445000.0,411970.3705713123
6561,1,1337500.0,1249991.6601109663
7271,1,1200000.0,1162204.7146928096
7423,1,935100.0,795611.1816985449
8473,1,236000.0,260538.21479879657
8640,1,225000.0,238826.6030696216
9398,1,685000.0,692689.7062060601
9860,1,330000.0,352475.50328820857
9893,1,679000.0,665580.4599954941
10025,1,230000.0,263716.3484470631
10031,1,579500.0,541998.1390563988
10294,1,488500.0,401860.3118976714
10360,1,340500.0,482918.9466147585
10387,1,134000.0,197361.98876308458
10789,1,450000.0,448002.42649785505
11063,1,845000.0,792522.6213722832
11160,1,375000.0,386262.3808039112
11497,1,580000.0,565017.8423103149
11829,1,1785000.0,1817830.4979205688
12419,1,214950.0,217216.5586551609
12420,1,580000.0,609564.6618120217
12482,1,770000.0,790893.9447365406
12581,1,478000.0,440598.8827988121
13004,1,490000.0,549322.9242770739
13345,1,1100000.0,1111219.350929718
13395,1,230000.0,231823.38688890004
13740,1,750000.0,796009.3493249579
13845,1,430000.0,405316.8774656685
14039,1,622000.0,729460.8279293645
14528,1,294000.0,251739.5415765335
14637,1,415000.0,398328.45340398967
14818,1,219900.0,179173.85661941182
15322,1,999000.0,810877.1378492622
15495,1,250000.0,221138.8539124681
15690,1,407000.0,522524.1877851316
15852,1,395000.0,381919.2548571956
15919,1,299250.0,341410.11853134574
15951,1,268950.0,238824.72072271866
16084,1,465000.0,496482.9290877387
16441,1,1220000.0,1232727.9708464234
16479,1,675000.0,521382.5464095678
16555,1,249900.0,220101.4460661724
16702,1,704000.0,772070.1814041823
16958,1,225000.0,286462.72713154217
17657,1,820000.0,961843.4635964907
18236,1,315000.0,346684.7369028167
18448,1,325000.0,338595.2853026385
18515,1,564000.0,496668.12525997264
18590,1,194250.0,251568.45959842144
19290,1,447000.0,415723.2012571016
19404,1,513000.0,485645.99534811627
19713,1,345000.0,336624.31303577236
19744,1,759990.0,697199.052801065
19755,1,569900.0,434548.020495589
19941,1,450000.0,409029.3265336213
19986,1,1465000.0,1030839.4745459383
20400,1,306500.0,294050.9283974634
20535,1,2950000.0,1417597.649341549
20748,1,395000.0,509674.43874154496
21133,1,613000.0,544370.3867973717
21417,1,598500.0,556362.1123448701
1495,1,495000.0,515900.5745425879
1700,1,270000.0,258083.523192413
2483,1,543000.0,509084.903997205
2785,1,401000.0,379212.6581018105
2845,1,1400000.0,1115353.3718539109
3160,1,485000.0,538576.3511967297
3264,1,556000.0,546511.053154174
3835,1,889000.0,788652.3755026157
4345,1,230000.0,238119.20932168406
4649,1,415900.0,341616.4681071566
5104,1,569950.0,508387.5909426133
5314,1,635000.0,781233.9412426346
5775,1,730000.0,718007.8206353207
6635,1,400000.0,360263.3635168347
7057,1,490000.0,621110.4113678555
7858,1,475000.0,491913.1770191509
8294,1,605000.0,605187.6041171069
8676,1,380000.0,283620.60443833814
9044,1,1348000.0,1155726.654497336
10452,1,655000.0,662245.3610029399
10653,1,285000.0,264607.5659306778
11033,1,903000.0,1095104.037699371
11227,1,753000.0,663974.3985571751
13227,1,370000.0,527279.0133159944
13228,1,150000.0,236946.79217010003
13485,1,470000.0,494622.2114309908
14174,1,427500.0,515969.3976573241
15562,1,730000.0,678699.9355950487
15625,1,249950.0,252482.37149545332
16722,1,340000.0,297903.6599275257
17209,1,1450000.0,1688115.6499841015
17552,1,515000.0,530698.8154614246
19506,1,565000.0,560881.7632659007
20246,1,457000.0,396677.92018297093
20263,1,575000.0,522080.0956053808
20405,1,499000.0,422499.7788935391
21089,1,359950.0,360532.6787109253
21116,1,474950.0,458777.39425423736
21278,1,335900.0,329885.5192584251
21595,1,520000.0,520295.0589909009
2924,1,353000.0,356993.73451779597
10094,1,350000.0,367108.834200467
13029,1,644500.0,668425.9985661423
18148,1,399000.0,413215.56215843564
21473,1,1750000.0,1641339.4352121695
9158,1,825000.0,693076.4997886146
25,1,233000.0,221244.1374903501
86,1,305000.0,295661.4421754313
702,1,480000.0,455895.3882096741
1275,1,363000.0,328847.2123887436
1528,1,555000.0,542501.978315723
1807,1,930000.0,956281.9147183507
2166,1,265000.0,270127.87883700046
2191,1,605000.0,651982.3242779134
2369,1,674750.0,691174.1191661864
2575,1,690000.0,712380.8647546499
2835,1,697000.0,714496.3322353342
2850,1,399950.0,408918.31797981187
3010,1,210000.0,198314.35390943644
3388,1,637000.0,632321.2209783419
3413,1,189000.0,155381.9266456121
3554,1,277500.0,250786.1979837461
4188,1,585000.0,549814.1021175932
4737,1,425000.0,372710.9092233876
4741,1,666000.0,658286.1225466916
4797,1,369950.0,315820.81087253767
5074,1,435000.0,372036.11353906593
6416,1,238950.0,141207.8392889858
6634,1,612000.0,633052.345806881
6670,1,1515000.0,1277494.2450496135
6780,1,292000.0,345007.4420272427
6838,1,508000.0,564679.7011278723
8086,1,650000.0,558761.3984443998
8283,1,296000.0,302773.9261465137
9236,1,500000.0,640496.4564339395
9321,1,290000.0,291553.49909103237
9326,1,720000.0,793719.2703228283
9463,1,398500.0,415750.9709159775
9491,1,365000.0,389848.4811620376
9542,1,734000.0,708688.3487811903
9899,1,599950.0,459127.24765364995
10024,1,455000.0,436080.8195835154
10271,1,426950.0,418357.65041753766
10357,1,334000.0,310885.79832664155
10517,1,313000.0,284594.9074204354
10675,1,257700.0,257828.9890376261
10841,1,265000.0,239051.36459763383
11138,1,825000.0,670069.2428571564
11675,1,244000.0,349634.2287812798
11817,1,250000.0,261703.06050370715
11913,1,685000.0,744182.5380654085
12011,1,395000.0,357892.58200431004
12093,1,295000.0,301965.41194108606
12152,1,375000.0,329413.82758342463
12383,1,164000.0,182969.59813747296
13608,1,447500.0,563080.0767693467
13679,1,431000.0,408899.1718077966
13900,1,772000.0,868547.8850037351
13981,1,235000.0,214803.38254554506
13994,1,370000.0,499179.70070780575
14322,1,480000.0,464204.18886314577
14830,1,465000.0,552035.1417637449
15532,1,750500.0,735658.7239116242
17546,1,337000.0,384787.2139286521
17645,1,253000.0,228264.99298345298
18499,1,550000.0,560808.512838395
18686,1,699950.0,668141.4775308564
19090,1,250000.0,294130.1099567546
19242,1,435000.0,505968.26193372835
19267,1,495000.0,564247.1000120091
19314,1,316000.0,290523.4738380489
19741,1,660000.0,580730.5069880849
19749,1,379900.0,366334.80127547414
19926,1,409950.0,351323.0568878106
20081,1,599000.0,592595.7624212604
20082,1,478000.0,479155.50418817025
20952,1,549900.0,522235.28413819894
21242,1,452000.0,415384.18260232126
21256,1,249950.0,248626.09285126315
123,1,445000.0,386975.83108755795
149,1,511000.0,483431.88420290244
412,1,632925.0,627079.0908490308
462,1,230000.0,228164.446954288
480,1,378500.0,448112.4832690724
765,1,560000.0,535135.8290153631
864,1,280000.0,290912.0943239906
1338,1,825000.0,786628.7165063663
1643,1,238000.0,247704.71699929488
1657,1,400000.0,371613.9671282786
1747,1,397000.0,377168.73416088446
1960,1,800000.0,608853.7995276502
2050,1,235000.0,252395.30258849377
2476,1,340000.0,312518.0818865393
2930,1,295000.0,318382.21751224535
2987,1,392000.0,351497.31252964446
3449,1,546000.0,508353.46767472726
3497,1,457500.0,464855.7659587047
4956,1,611000.0,544081.3523505921
5310,1,390000.0,378594.3307194044
5423,1,665000.0,557730.0104127007
5804,1,272000.0,252625.95530209906
5832,1,280000.0,190627.6541549427
6228,1,380000.0,374352.295916405
6278,1,241000.0,208975.877911586
6760,1,339888.0,276722.6533303366
7684,1,355000.0,355591.5951141311
7755,1,390000.0,387361.23915065994
7918,1,475000.0,337834.65202335827
8680,1,690000.0,833433.4167447252
8915,1,350000.0,381510.77288798505
8977,1,398000.0,392920.5157501469
9577,1,449500.0,358615.9713091434
10700,1,274900.0,242578.44813115383
11053,1,354000.0,333200.2557502256
11456,1,300000.0,288530.67730180465
12608,1,291000.0,342486.514414547
12792,1,495000.0,481038.5498593786
13000,1,295000.0,298053.4525776235
13806,1,325000.0,325381.03638042364
14035,1,550000.0,501336.8085736934
14122,1,380000.0,484191.5892956427
14269,1,349000.0,303769.57219037955
14695,1,380950.0,354116.80354850594
14717,1,289000.0,301209.91114131483
14807,1,410000.0,457429.07480213
14841,1,952000.0,912294.7142496915
14949,1,405000.0,351646.0607167919
15052,1,429900.0,449402.16943906754
15176,1,225000.0,206143.25669094856
15411,1,502000.0,422614.90066651645
15535,1,1047000.0,1315204.9324906033
15992,1,509000.0,592794.34739814
16239,1,500000.0,620795.9490786425
16519,1,425000.0,465534.65416084044
16609,1,275000.0,259403.97810436063
16715,1,239000.0,226942.20650634886
16861,1,435000.0,434726.1203468319
18161,1,660000.0,763184.3795715366
18300,1,715000.0,697934.4853089515
18868,1,925850.0,842356.8701863239
19044,1,290000.0,425125.8905791271
19089,1,299500.0,259977.65920066612
19312,1,345000.0,305326.86252588267
19593,1,257000.0,281283.60279916873
20285,1,456500.0,487285.57660308736
20286,1,382495.0,333745.37183127383
20438,1,530000.0,538904.3548840943
20449,1,294000.0,299786.94706631475
20682,1,922755.0,862202.6510139368
20981,1,857326.0,760009.4447455737
75,1,832500.0,850117.3713982992
191,1,166950.0,212108.9486594465
315,1,305000.0,329454.79957486014
449,1,520000.0,544720.7997317045
513,1,290000.0,348643.1540944708
523,1,235000.0,232769.13102764997
528,1,365000.0,335715.182304532
611,1,650000.0,651687.7992724846
1066,1,140000.0,195388.99494229764
1101,1,631000.0,516832.4043286144
1210,1,585000.0,541007.3235224822
1422,1,799000.0,770829.5804729951
1634,1,415000.0,510275.58053561434
1795,1,503000.0,655604.6740141828
1973,1,409000.0,402304.99738831265
1996,1,194000.0,187825.34224685776
2099,1,365000.0,322682.9307110413
2678,1,462000.0,528522.3727253815
2860,1,929000.0,969203.0261863811
3427,1,732350.0,668290.5447035138
3766,1,575000.0,560477.7212935002
4044,1,269900.0,260953.5237709411
4109,1,198500.0,201516.9790428738
4659,1,302000.0,408774.9897758351
6005,1,300000.0,322332.5667385831
6315,1,239950.0,244729.68511589585
6445,1,286285.0,247162.4694740668
7063,1,319450.0,259189.33610684317
7380,1,1070000.0,979694.0662859338
7821,1,599000.0,407465.79759418167
7822,1,199950.0,206225.9807912789
8005,1,865000.0,787938.5322211392
8458,1,340000.0,375144.77507744305
8853,1,560000.0,635104.7737115126
9031,1,435000.0,480518.3611489627
9206,1,525000.0,540796.8351686697
9485,1,349170.0,296456.1244471944
9824,1,372000.0,281660.1354375323
9874,1,311000.0,315759.3434640971
10199,1,682000.0,620377.3870915428
10213,1,649000.0,759341.8803679368
10420,1,740000.0,1047963.2592512451
10677,1,300000.0,288957.8529261435
11052,1,398000.0,334781.89021742507
11102,1,300000.0,257005.07900549565
11104,1,575000.0,561142.2717574832
11281,1,710000.0,809809.4110397681
11344,1,544300.0,507664.90931287693
11413,1,1295000.0,1388011.2263232756
11587,1,385000.0,344578.4678413641
12300,1,741000.0,651394.351811617
12650,1,1850000.0,1167898.5632738061
12855,1,435000.0,382725.0300253648
13498,1,850000.0,781622.8516357003
13537,1,200000.0,316296.38313598774
14230,1,850000.0,715002.0770034369
14330,1,405000.0,477029.77180300374
14733,1,308500.0,321390.40106141544
14802,1,290000.0,302350.1020327588
14978,1,475000.0,543786.4123364453
14985,1,635000.0,738172.1721278545
15123,1,320000.0,335162.9600309879
15406,1,650000.0,614758.9342127397
16396,1,616000.0,703320.5081233504
16894,1,986000.0,833073.3332509891
17136,1,290000.0,346108.38550772745
17563,1,512500.0,566779.1598783679
17650,1,496600.0,518632.1605399218
18153,1,373000.0,367962.49802019476
18618,1,355000.0,424591.97051793506
18871,1,280000.0,191827.49621491332
18880,1,239000.0,227348.16715953048
20565,1,350000.0,379572.8573776989
21359,1,924000.0,841448.3128097176
21442,1,580000.0,538460.9177713363
21500,1,443000.0,502529.5317483646
341,1,684000.0,679011.6974028148
499,1,437500.0,421136.2074603084
728,1,328000.0,304292.7107090896
1049,1,716500.0,859957.978133854
1504,1,1102030.0,1137145.2151864115
1510,1,360000.0,348272.702041046
1661,1,331500.0,304810.02161604306
2374,1,575000.0,605437.4117780251
2686,1,343000.0,322925.936991515
2724,1,390000.0,460208.6775557413
3551,1,355000.0,355697.4277391723
4121,1,635000.0,624261.4010633954
4128,1,245000.0,256198.02725612657
4406,1,2050000.0,1673730.9750578387
5146,1,432000.0,437002.3025377956
5391,1,345000.0,390528.6669401741
5452,1,299950.0,269196.1644246623
5519,1,285000.0,333269.38951418793
5580,1,353000.0,363869.98758539784
5589,1,1880000.0,1619285.0129064743
5703,1,395000.0,384299.9066674708
5904,1,416500.0,538451.4411564282
5980,1,685000.0,615601.685406012
6241,1,280000.0,308080.98319270025
6263,1,175000.0,223320.2994575145
6264,1,560000.0,632508.6826992923
6532,1,500000.0,436782.673138598
6704,1,203000.0,194214.47838392886
7268,1,195000.0,223782.29232052178
7622,1,481500.0,540079.8349014616
8261,1,375000.0,357332.80706659
8284,1,193000.0,233660.07464446672
8318,1,375000.0,352857.4154462168
8494,1,338000.0,358424.61880127946
8524,1,320000.0,301586.7979521255
8543,1,445000.0,506552.1151881857
8819,1,1005000.0,831073.5231092719
9188,1,144000.0,199598.5178564541
9271,1,926500.0,808123.3854246521
9665,1,195700.0,201470.36347636624
9734,1,410000.0,346744.570844743
10153,1,985000.0,705653.8686650211
10717,1,555000.0,551691.0296714198
10833,1,608700.0,589338.5677405962
11071,1,420000.0,451987.0307451024
11079,1,774000.0,771487.9286213161
11340,1,1078500.0,1067802.3075767683
13035,1,300000.0,267637.89684093714
13367,1,610000.0,538915.1732857489
13596,1,515000.0,559698.7711736803
13837,1,465000.0,435368.634336869
14195,1,473600.0,430635.11023054115
14225,1,310000.0,275800.55388828693
14297,1,1500000.0,1425510.6058131715
14672,1,274000.0,276293.6332356547
14836,1,215500.0,175202.83691104257
15626,1,390000.0,379985.4394095312
15646,1,368000.0,423223.98643741984
15877,1,282500.0,286606.8136949965
15926,1,778000.0,830368.2777614245
16237,1,216500.0,183382.14024455636
16659,1,552321.0,529604.8609200813
16793,1,465000.0,456037.75055695366
16932,1,605125.0,498747.3492729614
17285,1,735000.0,701055.2059119402
17587,1,428950.0,432752.69010863145
17598,1,160000.0,218465.24248570428
17668,1,465000.0,427620.80535475805
17730,1,515000.0,565546.8128099383
17925,1,550000.0,567871.0869584607
18166,1,230000.0,231853.78524688765
18959,1,315000.0,324375.2136111453
19266,1,302000.0,321399.57002431195
19297,1,1430800.0,1051533.1222578166
20284,1,345000.0,332426.24830762786
20614,1,308625.0,310430.89064346976
20864,1,1275000.0,1163652.8132353006
21084,1,680000.0,675359.5818747908
742,1,740000.0,639988.4024606624
1193,1,655000.0,576874.783448614
1204,1,179950.0,194370.22661028474
1442,1,352950.0,426566.89803559484
1740,1,785000.0,701313.1398979091
1806,1,574000.0,622690.878289281
2355,1,1187500.0,1216425.313139386
2493,1,195000.0,238076.62748914378
2880,1,599950.0,721336.1258851992
3338,1,1675000.0,2083088.8150019224
3381,1,799950.0,803031.162347689
3496,1,697000.0,715932.5069954415
4046,1,267000.0,250198.22216251428
4077,1,875000.0,790341.3448047901
4099,1,875000.0,920823.3723541504
4857,1,320000.0,313393.21445592196
4925,1,245000.0,229960.42610506775
5416,1,785000.0,764864.3718246273
5550,1,227000.0,211369.70670524606
7354,1,279900.0,329293.7135960986
7376,1,295000.0,289843.99656914815
7385,1,450000.0,695518.1501449104
7610,1,449000.0,460489.03457409365
7623,1,224500.0,222176.60803150345
7910,1,616000.0,574631.3557557376
8282,1,245000.0,279825.1102618698
8402,1,248000.0,227046.648061128
8480,1,808100.0,728387.1218949064
9648,1,359950.0,353762.37083147175
9965,1,485000.0,507968.9553950691
10247,1,324360.0,309414.78488959087
10297,1,440000.0,420905.3815644383
10564,1,195000.0,193976.20691225646
11153,1,515000.0,519390.62349405343
11430,1,320000.0,352200.0242924211
11617,1,275000.0,213090.08288433458
11624,1,614000.0,518492.89477734274
11664,1,255000.0,204164.30113721782
11914,1,429950.0,422681.61565139354
11986,1,330000.0,370406.9863271192
12133,1,650000.0,633986.6309726142
12427,1,230000.0,267173.2068760893
12548,1,442500.0,546236.0107228011
12603,1,470950.0,517317.8796134431
12895,1,645000.0,525617.5200188751
13155,1,456000.0,502246.1479205731
13237,1,429000.0,269954.6436603993
13283,1,415000.0,389584.2051135442
13464,1,790000.0,653491.4432311
13696,1,240000.0,257739.87196890285
14008,1,129000.0,152083.29545550313
14110,1,407185.0,505128.6830047285
14142,1,290000.0,294397.36900048656
14428,1,980000.0,1042068.6326572753
15360,1,707500.0,657894.3814694604
15393,1,421000.0,352640.76052966435
15432,1,660000.0,660793.6822552764
15550,1,339950.0,392435.2925758751
15663,1,185000.0,226780.61354123123
15703,1,465000.0,420289.57592102676
16063,1,278000.0,263636.9195242678
16868,1,590000.0,707124.3563521032
17292,1,379770.0,394339.00052488805
17505,1,982000.0,801094.4666630649
17886,1,217000.0,171393.76271945573
18607,1,1156000.0,1099891.1116841403
18697,1,335000.0,322020.0835977406
19110,1,715000.0,644506.6142506968
19493,1,370000.0,340168.5468456683
19997,1,287000.0,266796.80901730736
20590,1,445000.0,426921.1228138534
20973,1,1242000.0,1645070.8350319748
21169,1,855000.0,858738.5729004126
2790,1,1610000.0,1298108.9280614553
4920,1,450000.0,427548.3720361855
8346,1,325000.0,334781.89021742507
12597,1,313999.0,309959.2477663366
20365,1,310000.0,324049.66671510873
4204,1,373000.0,367890.14376634144
8444,1,607000.0,571861.539443126
15676,1,346000.0,358572.72967845784
30,1,580500.0,605114.3893994011
33,1,535000.0,505813.41669342486
446,1,1030000.0,839663.9424947487
891,1,1010000.0,842880.9830443664
1100,1,1570000.0,1396699.4192220774
1136,1,400000.0,487862.37244146655
1265,1,467000.0,497453.21932376584
1492,1,521000.0,444236.8324148721
2080,1,545000.0,535574.466184051
2346,1,520000.0,456441.8908712773
2350,1,350000.0,365270.3619532426
2397,1,280000.0,291555.20567915443
2818,1,1385000.0,1208891.7235816666
3460,1,640000.0,608334.6548808498
4439,1,1250000.0,1165233.7649548822
4466,1,415000.0,444613.49276455404
4698,1,354000.0,309594.7241711475
5046,1,600000.0,503404.08329736686
5520,1,700000.0,698290.0486922141
5535,1,250000.0,263417.0435297502
5965,1,315000.0,373794.32435832656
7047,1,390000.0,399746.282343645
7885,1,713500.0,695202.9452052721
8399,1,507000.0,567548.7731694204
8534,1,898000.0,798486.7840524202
8536,1,1240000.0,941589.3170756316
9915,1,234000.0,311872.7609801704
10126,1,350000.0,326498.4957248553
10149,1,373000.0,359499.96722184983
10184,1,725000.0,692562.0878697481
10348,1,1197000.0,963099.2528742664
11334,1,700000.0,624863.7621391456
11425,1,277700.0,404802.7791576798
11481,1,195000.0,203912.82670918904
11570,1,510000.0,496310.55278709467
11677,1,218000.0,188957.05005081397
11749,1,447000.0,411648.4272547509
12692,1,470000.0,620318.3696918284
12733,1,1149000.0,1103367.6742813417
12823,1,145000.0,360854.211897903
12877,1,575000.0,556894.5799078005
13063,1,338950.0,263413.68743508245
13116,1,600000.0,689625.2378053732
13136,1,468000.0,441686.87469292956
13157,1,485000.0,432922.7239046893
13339,1,210000.0,192779.45695037174
13423,1,720000.0,629985.7332633482
13674,1,338000.0,327858.02888928
13879,1,330000.0,305839.54594925954
14086,1,830000.0,729455.994882341
14190,1,824000.0,528943.7361054642
14444,1,593000.0,672636.9448123925
14937,1,187000.0,215363.1823175097
15026,1,439000.0,403222.4162697286
15039,1,2000000.0,1342657.46510934
15136,1,425000.0,374528.4866249319
15459,1,497950.0,396289.5055048427
15501,1,1075000.0,876380.6110514003
15907,1,339300.0,374316.20788220613
15952,1,264500.0,228257.74169071528
15953,1,240000.0,258720.75485993686
16424,1,438200.0,444876.73647314176
16545,1,362000.0,346654.33118343377
16567,1,1260000.0,1073846.528692483
16623,1,369950.0,340948.08351951395
16727,1,279000.0,262537.0246273523
16914,1,425000.0,456146.39566586365
17050,1,379400.0,480846.34904526186
17406,1,436000.0,464802.66674975737
17494,1,959750.0,832793.3113337535
17795,1,523000.0,429374.63903698
18479,1,520000.0,381249.536461475
18816,1,208000.0,210397.8921671525
19054,1,135900.0,167943.2305765906
19754,1,282000.0,253508.30511192328
19792,1,385000.0,428057.933555065
20788,1,469950.0,463600.3163542962
20799,1,290000.0,343206.31256526895
21038,1,370000.0,278110.7882041284
21315,1,440000.0,337340.01458779065
196,1,423000.0,418910.6398171766
385,1,799000.0,852042.3762454899
886,1,700000.0,720402.0057381438
1799,1,465000.0,457455.1759605905
1893,1,915000.0,842702.0581236496
2238,1,315000.0,336796.41864008014
2694,1,830000.0,821368.8310078452
2826,1,256000.0,287340.0745911651
2836,1,1324050.0,1315356.4306501856
2920,1,1125000.0,902247.3444947561
3214,1,555565.0,649125.5982075788
3340,1,437500.0,504144.3062193118
4113,1,462600.0,483416.2611249477
4475,1,670000.0,740267.3788901985
4635,1,2485000.0,2283310.427704977
4861,1,220000.0,273109.54928539187
5562,1,250000.0,286850.0866261548
6006,1,252000.0,270811.2470180367
6900,1,502700.0,513525.03582866426
6987,1,515000.0,536892.056921923
7364,1,749950.0,832215.017836772
9800,1,240000.0,256030.27830703265
10095,1,200000.0,271723.20776328567
10992,1,554950.0,555882.5974279586
11211,1,577000.0,467344.76295994496
11966,1,550000.0,670188.7983824982
12970,1,519950.0,537597.1318489104
13027,1,825000.0,1045902.760732951
13660,1,399000.0,312723.6481547293
14679,1,220000.0,225683.0634494459
15010,1,970000.0,1298694.980128384
15869,1,362000.0,365504.5237825226
16651,1,283000.0,284084.7214212851
16857,1,380000.0,371332.1893508301
16908,1,457000.0,372889.91510343883
16973,1,632000.0,577554.0525965499
16997,1,430000.0,366823.93761914945
17183,1,640000.0,668586.3703973432
17346,1,370000.0,382902.46159593185
17713,1,590000.0,706642.831015366
18111,1,1096500.0,997608.5556426832
19299,1,174900.0,186605.3257280962
19361,1,450000.0,428826.85147809435
20027,1,572115.0,511367.8000868643
20426,1,998000.0,1019900.3686507253
20855,1,329950.0,390152.83080907684
21231,1,452000.0,472581.09821930504
21336,1,559630.0,504231.9733223256
21575,1,399950.0,374119.83165641996
201,1,297000.0,300223.11353398574
464,1,330000.0,263560.69575724495
960,1,650000.0,694745.9002282857
1229,1,457000.0,408879.71386401285
1346,1,620000.0,817394.6332674604
1586,1,1150000.0,1157954.7965106014
1652,1,231500.0,232217.16068653227
1964,1,252000.0,243448.28262559898
2235,1,220000.0,238446.95965757305
2256,1,245000.0,265376.0567276422
2529,1,392450.0,510845.7025179929
2562,1,493000.0,519968.9865768264
3786,1,284700.0,226239.7274090584
3996,1,318700.0,375246.27138846734
4144,1,701000.0,646535.5811435059
4333,1,281000.0,198645.14688607908
4416,1,425000.0,431572.66049084807
4469,1,468000.0,403097.2887141958
4717,1,750000.0,1026111.7468884949
4900,1,550000.0,500462.43990659574
4903,1,259950.0,311147.0531084841
5039,1,235000.0,217078.02160740193
5093,1,395000.0,454129.305934961
5802,1,460000.0,481146.7059086724
5877,1,449950.0,547974.2458696135
6323,1,376000.0,422283.01709850377
7326,1,275000.0,303503.318676187
7503,1,549000.0,536739.1092475932
8002,1,379500.0,366252.92767070385
8912,1,465000.0,573774.6849657894
9152,1,525000.0,529510.1977688603
9353,1,300000.0,268923.6178077022
9627,1,765000.0,605191.3595083214
10287,1,196700.0,202660.4861602166
10780,1,750000.0,652323.1892962612
11055,1,399000.0,339087.64893543115
11083,1,450000.0,499586.9129890363
11306,1,402300.0,488208.2361176794
11540,1,950000.0,997642.2258678578
11807,1,362000.0,362101.7760592997
11988,1,329000.0,319122.8986620016
12035,1,415000.0,458895.1904240165
12070,1,396500.0,356490.26296786725
12211,1,1190000.0,1149378.9641030354
13048,1,870000.0,883664.4213285405
13134,1,980000.0,1018991.4806202207
13161,1,790000.0,624413.4610019285
13956,1,1160000.0,1716643.8430114544
13982,1,599950.0,558126.2271756636
14080,1,260000.0,266089.21551560843
14136,1,557865.0,699040.3766420512
14606,1,395000.0,364618.808794489
15087,1,365000.0,398341.1812793171
15390,1,524950.0,459145.23450281844
15975,1,475000.0,389070.92137723026
16334,1,745000.0,767740.2196397664
16582,1,1350000.0,1426994.9092953599
17337,1,476800.0,530497.6267538905
17392,1,179950.0,178447.6544483237
17648,1,805000.0,928240.7442808815
18012,1,640000.0,583155.0134415576
18260,1,493000.0,614033.5672917895
18400,1,1065000.0,1053127.9047321235
18440,1,357500.0,337085.32370816596
18523,1,465000.0,557352.6087468787
18589,1,732500.0,700175.2385968857
18596,1,645500.0,596717.750300295
19100,1,399000.0,425528.8096841961
19249,1,129888.0,201734.066510085
19502,1,445000.0,464821.3285260259
19650,1,155000.0,259997.06277739457
19785,1,290000.0,323114.43915493094
20250,1,1050000.0,843551.3066781054
20586,1,653500.0,644953.4950086827
20956,1,650000.0,588234.8657275569
21091,1,530000.0,544672.6105324366
21177,1,663000.0,597009.7833067446
21190,1,405000.0,375169.5498083398
21325,1,659000.0,685492.3048424231
21354,1,495000.0,458868.8938540899
21477,1,1010800.0,953942.9469408636
21582,1,490000.0,492975.63472313544
158,1,247000.0,223281.34889886924
277,1,770000.0,809854.3964269223
472,1,1199000.0,1129747.3438551957
661,1,496500.0,450544.68131640094
738,1,1300000.0,1547323.9549643635
771,1,341500.0,284107.4821965223
859,1,166600.0,218539.88391083898
1201,1,472800.0,479930.01469514053
1215,1,455000.0,463021.37805848976
1248,1,449000.0,478839.05113481055
1267,1,340000.0,371481.6948197836
1603,1,703770.0,751737.6329381148
1975,1,200000.0,307589.5090595919
1979,1,210000.0,228848.02100671682
2617,1,210000.0,220144.67304195696
3306,1,430000.0,400643.3438774656
3595,1,630000.0,599319.5849812342
3758,1,205000.0,195740.28970357706
3808,1,245000.0,244994.57737649136
4141,1,545000.0,538607.1785435616
4603,1,305000.0,341072.75648887595
4605,1,700000.0,701593.3689654362
4716,1,415000.0,417980.75160311494
4766,1,490000.0,568382.5948381751
5470,1,410000.0,319786.02758934035
5646,1,720000.0,715500.0105564531
5759,1,580000.0,551713.9785610988
5776,1,637800.0,661120.057034635
6209,1,435000.0,505283.1863403946
6282,1,270000.0,222824.5622460972
6743,1,275000.0,234379.08895188267
6921,1,284000.0,260923.6434094768
7468,1,415000.0,375697.5389082233
7774,1,440000.0,410205.3044411256
8103,1,163250.0,210862.14127359746
8221,1,506000.0,442142.5321819531
8237,1,250000.0,309922.4600611107
8332,1,250000.0,234585.85342753286
8457,1,350000.0,291782.7202835305
8504,1,549950.0,617314.3174649305
8780,1,510000.0,543163.3838316649
8875,1,310000.0,330491.8608947688
9019,1,510000.0,582503.8856634093
9374,1,349950.0,321283.3681014094
9549,1,275000.0,251860.45836017228
9738,1,518000.0,492131.21962806844
9890,1,128000.0,174074.52795987806
9891,1,210500.0,256569.1364528437
10492,1,227950.0,228490.12787975557
10687,1,595000.0,635568.9465599938
10755,1,400000.0,481766.25508338906
10762,1,379750.0,358916.628697038
10852,1,580000.0,537690.5502691215
10876,1,238950.0,227743.29983697963
10882,1,600000.0,396701.95828742767
10893,1,312620.0,293459.24636882334
11021,1,315000.0,261309.77000920844
11190,1,276000.0,268127.79268705234
11531,1,765000.0,776862.50701936
11783,1,370000.0,348496.2261131399
11819,1,206990.0,201640.07044828517
11964,1,378000.0,340744.67661818233
11973,1,760000.0,689914.9002384882
12032,1,550000.0,531856.2640977318
12120,1,400000.0,411632.87675327685
12281,1,471000.0,558729.4859053086
12355,1,305000.0,376230.2856610856
12405,1,239000.0,198987.86516347431
12709,1,425000.0,446196.4764009482
12875,1,310000.0,399537.7645244449
13730,1,325000.0,299034.01633330365
14060,1,397950.0,422041.72867831774
14275,1,1100000.0,913340.546640044
14766,1,390000.0,331254.38037557545
15061,1,725000.0,744413.8788607419
15301,1,314000.0,295886.69767717476
15493,1,320000.0,293901.5116486023
15569,1,309950.0,254783.71970170608
15791,1,400000.0,397814.25420460314
15874,1,1600000.0,1917467.1698607192
16014,1,252500.0,343210.2728584269
16570,1,340000.0,328104.1528140632
17308,1,518000.0,555353.7452569527
17557,1,260000.0,245848.41864731675
17701,1,356000.0,322369.0522321237
18465,1,799000.0,622082.0202423355
18593,1,526000.0,477839.2593113502
18660,1,572000.0,462668.3470232423
18750,1,465000.0,545860.3516481017
18908,1,180000.0,190745.31375887338
19957,1,840000.0,653454.4419618343
19990,1,685000.0,647321.0200364252
20217,1,437718.0,412437.00635977223
20244,1,1333000.0,1437545.2110542376
20356,1,359950.0,420809.7838320904
20573,1,305000.0,292981.23397043237
21040,1,2900000.0,3007341.3336009737
21419,1,729999.0,677589.7851821055
21483,1,407500.0,430406.0023767874
21588,1,414500.0,448231.07912506716
85,1,940000.0,996958.8458005587
426,1,310000.0,405907.68125125475
518,1,2250000.0,2097820.0662414567
895,1,431650.0,462709.03748118266
1259,1,295700.0,273829.0525374841
1828,1,460000.0,566745.9129693053
1997,1,180000.0,188881.0738601364
2085,1,3850000.0,3796554.5325862397
2310,1,380000.0,444573.69026356976
2408,1,1015000.0,682083.4947501646
2915,1,455000.0,466875.309812469
3094,1,425000.0,428317.84344557626
3360,1,454000.0,402353.8814507153
4165,1,523000.0,592419.9205382311
4170,1,810000.0,725954.6548531448
4192,1,1045000.0,851911.7016414719
4412,1,864500.0,865426.277312543
5338,1,303500.0,318962.4303502141
6029,1,575000.0,515557.5054191457
6486,1,545000.0,563048.822660798
6654,1,358000.0,398398.37304365315
7060,1,517500.0,502564.6825088816
7781,1,430000.0,419289.83836720674
7798,1,488000.0,539557.0217738458
8204,1,269950.0,255329.36870563545
9313,1,790000.0,782086.1382508863
9595,1,236000.0,218965.49415242617
9609,1,339950.0,284787.3120645664
10061,1,574000.0,672116.227412659
10236,1,310000.0,340190.1670774925
10816,1,605000.0,526275.281088171
11208,1,427800.0,421648.087652934
11509,1,156000.0,173225.85229385877
12091,1,490000.0,473829.911788467
12177,1,595000.0,664961.3174598276
12198,1,260000.0,234049.02719877043
12224,1,265500.0,233446.57404191446
12489,1,357950.0,406838.53231822344
12878,1,284000.0,306595.11489937943
13255,1,840000.0,866107.6204807458
13767,1,505000.0,483136.63890134724
13897,1,223000.0,201725.564648345
14458,1,185000.0,208185.62044077675
14879,1,630000.0,778426.7658896301
15049,1,1535000.0,1782287.340385932
15185,1,490000.0,501253.80281387793
16453,1,525300.0,524679.163207149
16596,1,252500.0,283538.37584800075
17061,1,272000.0,245513.9570224611
17442,1,577500.0,600062.7021769651
17781,1,460000.0,509349.28677241196
18052,1,247000.0,146001.9975134938
18090,1,244000.0,314601.79054702335
18306,1,440000.0,448692.0131394841
18345,1,280000.0,259236.77288972787
18366,1,975000.0,1380244.0839772276
18390,1,551000.0,572044.7450551516
18989,1,370000.0,326080.69353774394
19140,1,430000.0,434614.94445609854
19143,1,635500.0,613339.9604692323
19225,1,199900.0,196305.3873989481
19640,1,338900.0,320260.58874292776
19738,1,299000.0,379961.6485597367
19750,1,335000.0,294006.8655763995
19828,1,530000.0,497219.4417973972
20529,1,565000.0,502421.890567057
20607,1,805000.0,736281.7631971082
20758,1,358000.0,372832.65352929104
21025,1,727000.0,656467.8877060344
2734,1,700000.0,586759.6103418323
4071,1,324888.0,306263.7632127202
10993,1,326000.0,466646.27302336827
12368,1,336500.0,352786.4809459929
178,1,269950.0,313193.0078508683
554,1,396000.0,365029.37084176636
584,1,268500.0,254353.46300529363
650,1,220000.0,214136.89625881563
1256,1,265000.0,347290.28021674696
1543,1,860000.0,880201.3848943644
2107,1,272000.0,326529.8841566113
2135,1,185000.0,185508.69170328366
3023,1,409500.0,474925.1864872198
3121,1,1320000.0,1552930.9172781804
3190,1,445000.0,393280.28307895205
3816,1,239000.0,247709.49301425533
4367,1,800000.0,834839.133872868
4435,1,249950.0,252907.95562132628
4503,1,295500.0,314292.68296266755
4613,1,880000.0,850165.3906248338
4780,1,310000.0,372202.2817177129
6658,1,554000.0,497547.59181973874
6820,1,274000.0,231774.53636462882
7082,1,600000.0,583803.5480409266
7667,1,220000.0,244926.604100025
7731,1,775000.0,806939.5874312073
7987,1,740000.0,716343.7826286238
8093,1,627000.0,597582.2162137629
8278,1,453000.0,454163.1974841023
8305,1,473000.0,558474.344710082
8477,1,339950.0,337903.17224808445
9064,1,545000.0,526180.9377933743
9435,1,225000.0,246806.83281927602
9566,1,540000.0,570490.077658085
9698,1,357000.0,345635.3146636941
9962,1,525000.0,459521.2926576531
10479,1,400000.0,398591.5265870773
10821,1,795000.0,866079.1128131172
10840,1,1575000.0,1018094.9730795525
10972,1,455000.0,424117.4672946857
11050,1,427000.0,401416.5602849367
11327,1,313000.0,222873.43069606705
11718,1,410000.0,496832.92515981983
11811,1,375000.0,388865.0440104936
11943,1,571000.0,591746.6840437031
12051,1,688500.0,653037.7074562424
12326,1,925900.0,938097.2579313895
12335,1,295000.0,428101.40694560163
12504,1,311000.0,292291.0118015605
12730,1,577288.0,582549.4281651613
13306,1,395000.0,422742.5880961396
13753,1,230000.0,249608.56232327977
13789,1,302500.0,290620.72674198454
13866,1,318000.0,298984.9079884352
13939,1,348000.0,235027.46241595605
14041,1,805000.0,903060.5841253134
14378,1,489000.0,553472.3025391991
14437,1,234950.0,231650.3793966778
14506,1,435000.0,495490.2907211401
14868,1,383000.0,335470.7850877396
15003,1,397000.0,414438.8345431036
15167,1,230000.0,225512.07417591586
15430,1,1311000.0,1160826.0967928078
15800,1,426000.0,375223.83704844996
15894,1,254950.0,264008.6212283019
16885,1,264500.0,252500.18831545667
16906,1,237600.0,216547.46219923074
17274,1,368000.0,397909.815307278
17295,1,600000.0,600681.3225641623
18229,1,475000.0,478344.9870310044
18275,1,285000.0,468317.3903320249
18766,1,443000.0,503436.5280907966
18839,1,295000.0,291479.2994727461
19153,1,567000.0,701205.8497934616
19376,1,440000.0,480570.7742238287
19802,1,545000.0,627752.9931116563
19900,1,288790.0,332812.3321922234
20193,1,614000.0,560868.2452696548
20418,1,709950.0,723880.2549100547
20496,1,847093.0,829485.1955622756
20561,1,485230.0,400246.5153153883
20667,1,496000.0,441114.0910056574
20781,1,239000.0,269505.6767501908
21097,1,780000.0,834194.6220940489
21295,1,279500.0,255214.66365459457
21300,1,453000.0,483154.97984470794
21340,1,417000.0,383541.13085322536
21377,1,403000.0,384051.40344254655
648,1,157000.0,177385.60575863914
782,1,320000.0,314853.0164346683
806,1,308000.0,331004.0820183454
841,1,320000.0,329015.0395761288
1094,1,430000.0,419355.4958700678
1304,1,275000.0,360139.2300312359
1359,1,549000.0,576032.2318706074
1563,1,607010.0,495392.09370240633
1671,1,293000.0,318893.58505357255
1721,1,360400.0,398100.3164879971
1810,1,480000.0,510902.44683801936
2017,1,580000.0,553934.1465628466
2025,1,719950.0,727680.4482189608
2109,1,307000.0,292816.62720595713
2774,1,416000.0,460090.4402045315
2864,1,3600000.0,2959274.13279188
3177,1,450000.0,538264.4985711653
3225,1,875000.0,851296.7011673781
3356,1,850000.0,702371.928789729
3778,1,810000.0,860988.9806489047
4090,1,462500.0,507165.37695315917
4168,1,359950.0,335446.05134057364
4228,1,509500.0,517982.61181946145
4311,1,339000.0,363689.05886300775
4402,1,515000.0,518721.7032557878
4598,1,643500.0,510524.3476377677
4851,1,988830.0,972781.3648319907
5127,1,510000.0,699928.3758032492
5489,1,751305.0,826747.9123749054
6270,1,530000.0,546355.4067867004
7701,1,345000.0,314705.20893082255
7838,1,342450.0,305808.5331951319
8112,1,299950.0,308883.1853411437
8447,1,250000.0,345934.41622237564
9375,1,1565000.0,1206241.5588969798
9671,1,905000.0,909250.455527576
9694,1,865000.0,917783.0159393325
10120,1,250000.0,258800.1205526108
10242,1,279000.0,380345.8669543489
10388,1,645500.0,688111.1383237707
10529,1,770000.0,619112.1336901939
10577,1,333000.0,417212.4760249914
10706,1,456700.0,457510.0660082569
10721,1,135000.0,185125.19561480067
10824,1,598850.0,587535.0153146777
10854,1,594000.0,576348.4585467918
10990,1,425000.0,429936.8660856214
11038,1,250000.0,226060.44588697382
11078,1,365000.0,343882.86905461096
11084,1,814950.0,834145.9853677796
11349,1,490000.0,551411.2214504502
11417,1,751000.0,797960.4941060112
11693,1,422500.0,413605.4630909062
11850,1,688100.0,660362.9732554925
12085,1,210000.0,234924.57540866433
12206,1,540000.0,472486.92106623686
12659,1,158000.0,206049.29223872826
13105,1,315000.0,349197.0447486551
13178,1,225000.0,285049.7038025746
13615,1,210000.0,241792.8179116474
13965,1,277500.0,332774.90565036086
14280,1,352000.0,347569.2747107113
15110,1,268000.0,253636.65000231037
15649,1,252000.0,296820.69135546027
15765,1,525000.0,713243.4905328124
16819,1,505000.0,452572.51207722956
16900,1,355000.0,326212.28234150447
17027,1,445000.0,494678.5599401665
17419,1,219000.0,183236.81178553545
17625,1,531000.0,578802.5736242317
17762,1,300000.0,200911.31980447983
17867,1,255000.0,293593.35610931716
17887,1,255000.0,224215.8246435297
18224,1,459800.0,438330.58073645056
18263,1,475000.0,407740.74704157363
18435,1,589000.0,561156.5027370325
18655,1,1388000.0,1001037.8977085572
18696,1,650000.0,658189.232777837
19086,1,774900.0,519115.8600257481
19141,1,266490.0,271037.2816132747
19179,1,475000.0,506434.62898085464
19431,1,565000.0,477826.56032734754
19528,1,510000.0,623398.365316421
19648,1,299000.0,281575.0502008976
19773,1,399000.0,365312.17233901273
20228,1,565997.0,517993.85241133627
21560,1,540000.0,549534.6443140624
121,1,391500.0,395668.9054526579
739,1,233000.0,236199.1486220023
1006,1,515000.0,525283.4964715338
1238,1,659000.0,527927.0069521412
1800,1,206000.0,213825.76762025128
1945,1,2400000.0,2281350.5742751854
2153,1,1010000.0,869620.2987969564
2964,1,999000.0,749655.8070565627
3405,1,515000.0,527298.1333312932
4512,1,312000.0,344478.48230768787
4656,1,425000.0,393679.7404556038
4948,1,425000.0,514797.4985411063
5050,1,249000.0,297504.5203974984
5078,1,250000.0,220070.17776214026
5168,1,611900.0,708915.9368993744
5345,1,365500.0,349284.41857473704
5436,1,375000.0,380425.3210109648
6131,1,517500.0,509826.68624311575
6547,1,530000.0,524844.4461497265
6614,1,340000.0,403293.67516586283
6623,1,550000.0,527032.8879912214
6645,1,378000.0,321327.8942782964
6662,1,193000.0,162334.1896660193
6837,1,299000.0,321706.7557044908
6977,1,690000.0,583173.1521770974
7196,1,900000.0,539815.061840752
7558,1,382000.0,428442.7565076722
7656,1,960000.0,858170.7563932947
7761,1,170000.0,167703.31122161602
8182,1,495000.0,339272.3128448647
8210,1,203000.0,231126.18620752223
8559,1,506400.0,492974.2868593313
9000,1,1050000.0,1243722.3023210946
9190,1,525000.0,461851.21594078833
9240,1,412133.0,416821.47008219577
9487,1,2375000.0,1092295.2775606813
9575,1,460000.0,365845.19977505994
9682,1,415000.0,377515.3929816835
9691,1,601000.0,546251.7986405003
9895,1,352000.0,366735.20636211504
9970,1,290000.0,214319.49554706833
10351,1,465000.0,458355.35134859686
10409,1,269000.0,241829.919152879
10430,1,570000.0,602792.1138269753
10463,1,519500.0,543681.9274746389
10890,1,440000.0,422615.348235346
11181,1,595000.0,671718.2953196273
11192,1,355000.0,313783.4481663617
11316,1,240000.0,252822.1428541322
11972,1,839900.0,765501.1115362656
12340,1,190000.0,203093.87679881518
12683,1,705000.0,695639.533422992
13142,1,262500.0,228213.85833642105
13176,1,667500.0,991246.5906473481
13771,1,325000.0,366045.6624025163
14081,1,294000.0,278081.4507865374
14572,1,195000.0,177913.99810451292
14725,1,415000.0,419364.9604092199
15181,1,415000.0,401268.21697870904
15202,1,710000.0,835369.9934913893
15205,1,528000.0,543324.3167637172
15402,1,246000.0,257156.0399186151
15901,1,315000.0,342405.3509757255
16011,1,392500.0,365300.13616227295
16251,1,215000.0,230774.92320093428
16273,1,185000.0,231829.74547665834
16742,1,508500.0,533698.6891619104
16948,1,542500.0,545907.2918721344
17418,1,290000.0,278700.70212291804
17856,1,718000.0,524467.2992451346
17947,1,290000.0,344413.3217067639
18083,1,770000.0,1013265.3078308981
18091,1,397000.0,435161.5292474926
18122,1,576925.0,513666.05591685616
18248,1,740000.0,814764.7338489703
18700,1,788000.0,724033.2896257394
18857,1,520000.0,503223.91407952725
18947,1,313500.0,303317.06995420257
19159,1,252000.0,235580.41267105044
19673,1,375000.0,433666.1474230809
20061,1,700000.0,622446.3720211951
20588,1,333000.0,432646.1740316145
24,1,329000.0,344715.0544214093
65,1,317625.0,593391.8516421631
156,1,650000.0,717237.901364936
233,1,213000.0,248208.9893358621
369,1,338000.0,331001.15567637375
490,1,452000.0,443037.7680162912
656,1,3070000.0,1698133.09047293
787,1,460000.0,435902.956884064
834,1,249900.0,187460.68655429003
1435,1,290000.0,357588.5461751679
1578,1,440000.0,476176.6490160814
1730,1,1679000.0,1686864.7097831878
2435,1,355000.0,306193.7710012484
2842,1,375000.0,345458.5099664673
2851,1,534000.0,559128.9428966616
3101,1,190000.0,213495.41029377197
3265,1,218000.0,254205.94161622843
3318,1,445000.0,481417.2035639326
3464,1,805000.0,687727.8465463805
3713,1,421000.0,372458.9002564195
4399,1,1150000.0,1129748.4244926055
4536,1,297000.0,299310.76670139807
4801,1,410000.0,390119.82338738703
5247,1,890000.0,663518.8152114572
5528,1,805000.0,847030.3167566881
5680,1,1470000.0,1243244.6441696696
5821,1,435000.0,460209.6826713263
6041,1,2385000.0,2473210.4793951088
6042,1,230000.0,233899.68512698828
6517,1,560000.0,426533.7927194143
7294,1,700000.0,663047.5285232381
7335,1,445500.0,445997.5490917708
7393,1,366000.0,425078.9321734352
7477,1,370000.0,388057.8210020795
7520,1,229950.0,259045.50788803882
7801,1,321000.0,333402.46312039596
8218,1,490000.0,479526.88735807146
8376,1,300000.0,277184.2325774489
9183,1,305000.0,334985.02699588996
9216,1,340000.0,543317.9473432656
9256,1,811500.0,801575.9298234618
9540,1,961000.0,847729.1246442364
9984,1,205000.0,279940.81894441857
10110,1,920000.0,686898.5763505002
10312,1,398000.0,417573.9341555484
10317,1,524000.0,623764.8432409334
10814,1,432500.0,466018.1126594972
11579,1,185000.0,199468.89221458382
11762,1,350000.0,302881.56672320986
11890,1,365000.0,218894.70645889716
12191,1,438950.0,447644.5984481072
12337,1,749950.0,752626.3046938524
12753,1,292000.0,292228.896664154
12985,1,500000.0,614730.7102524303
13061,1,496600.0,533883.0004243894
13396,1,770000.0,688883.153720691
13838,1,280000.0,249203.1380125756
14076,1,294000.0,278279.8396019171
14143,1,690000.0,554451.6606718634
14795,1,190000.0,191183.46056726598
15270,1,457000.0,465981.5953085021
15334,1,649500.0,691605.7890663784
15405,1,990000.0,1094776.554406743
15744,1,560000.0,570849.3047396443
16115,1,616950.0,665949.0318838665
16369,1,580000.0,533677.869011861
16565,1,385000.0,422012.0773069895
16668,1,808000.0,776914.8322888229
16744,1,206000.0,221101.77450028248
16859,1,202000.0,219311.22736370846
16939,1,262500.0,343089.62583081593
17215,1,297000.0,339287.673090586
18635,1,179950.0,197318.9532549701
18784,1,419000.0,376109.7099079473
19313,1,342000.0,326088.89508956246
19626,1,880000.0,1060236.0359804167
19688,1,349000.0,346300.3890724431
19702,1,359950.0,374582.88613558514
19799,1,385000.0,427501.88535197807
19822,1,388000.0,421605.43663912243
19841,1,272000.0,316036.80550892977
19842,1,418395.0,415538.1579699177
19922,1,455000.0,474041.3876104746
19983,1,479000.0,455163.33398876205
20266,1,625000.0,477147.57062118186
20660,1,315000.0,324228.9191587734
115,1,740500.0,971534.7042057574
185,1,1095000.0,1159035.0139724992
232,1,315000.0,295694.7098599681
525,1,727500.0,661516.7601675346
544,1,375000.0,349839.4977612954
1722,1,345000.0,352169.7689282777
2459,1,674250.0,683989.9757241957
2980,1,390000.0,388112.130558729
2986,1,950000.0,984571.0375761179
3207,1,637250.0,630072.9941741326
3571,1,277950.0,274521.8097302224
3755,1,194820.0,220285.66670916218
3789,1,533250.0,389229.0828682354
3976,1,279000.0,292969.46349354275
4369,1,1150000.0,766510.8770963164
4800,1,274000.0,308587.87624865543
5221,1,600000.0,661153.7509085778
5462,1,845800.0,854934.3565772647
5673,1,299500.0,344009.42182730034
6119,1,289200.0,333049.32063897187
6526,1,585000.0,506474.1825791808
6542,1,544900.0,538607.1785435616
6881,1,715000.0,782834.0740418102
7206,1,628000.0,576147.5038505152
7469,1,319000.0,320376.37339283037
7654,1,640000.0,662325.4537313909
7844,1,1646000.0,1349681.3436856787
8245,1,375000.0,366878.0336688252
8839,1,298000.0,326307.49059122795
8888,1,405000.0,397973.2460515122
9032,1,225000.0,305304.4848014866
9333,1,1335000.0,968923.7767673206
9750,1,885000.0,1003771.2707516289
10118,1,319000.0,296136.02047250385
10251,1,212644.0,248729.55273697642
10795,1,209000.0,215651.10218637265
11205,1,470000.0,513604.6119250308
11259,1,950000.0,952332.1839096522
11638,1,800000.0,708070.2423077839
11648,1,250000.0,270706.403154861
11752,1,302500.0,286115.4071444706
11859,1,410500.0,468849.68582966266
11971,1,395000.0,364953.44211166917
11996,1,315000.0,333589.04759912647
12159,1,418000.0,397270.64452753746
12247,1,225000.0,247017.74169781173
13141,1,570000.0,628509.553693505
13360,1,530000.0,510919.0266530007
13460,1,475999.0,570948.9052558441
14228,1,267500.0,246233.77325380337
14396,1,725000.0,682633.6826227766
14938,1,450000.0,468692.2743030345
15036,1,200000.0,240591.0402311851
15154,1,735000.0,912904.935969973
15375,1,880000.0,992860.7016308886
16193,1,1815000.0,2000125.459330629
16679,1,478000.0,349585.5595141062
17015,1,488000.0,492953.8289694432
17578,1,219000.0,284134.11112886714
17673,1,217500.0,225651.65849677753
17823,1,579000.0,596479.038461833
17936,1,390000.0,435922.80353515234
18136,1,550000.0,476499.6095341178
18196,1,760000.0,980820.666374941
18459,1,305000.0,322416.5613844629
18752,1,695000.0,743854.290496234
18843,1,481000.0,521899.97541734664
19015,1,581000.0,661176.9082600413
19026,1,724950.0,699597.254560694
19048,1,365000.0,363649.57967900706
19150,1,476000.0,432318.271274654
19459,1,387000.0,428376.6505964335
20148,1,660000.0,675427.8450256235
20297,1,333000.0,301623.7629720852
20644,1,418000.0,417042.1455195423
20741,1,345500.0,312085.26954392093
21052,1,1075000.0,837081.2720606508
21072,1,637850.0,617179.9267846883
21147,1,659950.0,730183.1917178605
21198,1,450000.0,365256.99142612243
21229,1,380000.0,378705.3911535882
319,1,268750.0,198550.55815370398
2101,1,643000.0,621524.8589442752
4461,1,263500.0,295579.27891298855
14178,1,385000.0,417039.1868142536
15415,1,1650000.0,1082771.0915346893
16608,1,245000.0,277973.38498440746
20986,1,334900.0,355053.69704264484
208,1,180250.0,218182.42420213835
13401,1,452000.0,479624.13936183695
14965,1,402000.0,407767.1611533249
15647,1,599995.0,531117.1102865178
113,1,329950.0,406401.9550918673
258,1,255000.0,271501.2681606489
274,1,331000.0,388299.0179515549
651,1,521000.0,522368.46135419083
664,1,323000.0,328394.5354332229
665,1,331000.0,317002.0892675716
910,1,234000.0,220458.0575332294
1264,1,390000.0,368898.8356071513
1539,1,1300000.0,1395845.7623527797
1615,1,290000.0,286286.88916942157
1989,1,335000.0,391430.82187641726
2146,1,950000.0,889992.084357512
2188,1,360000.0,347388.0085062446
2283,1,569000.0,578972.7201054556
3109,1,158800.0,194321.79704601318
3384,1,2544750.0,3025859.7112688227
3695,1,625000.0,646484.8952457843
4391,1,399000.0,416151.63666476775
4449,1,379500.0,366782.9335756826
4830,1,215000.0,196325.6419758647
4933,1,360000.0,332663.8206992467
5252,1,589950.0,604206.5302187962
7360,1,907000.0,909968.5426892869
8502,1,249900.0,258306.07339976507
8790,1,415000.0,427123.89990152355
8812,1,800000.0,868480.365421844
8906,1,1325000.0,1123663.0679940595
9199,1,225000.0,201761.7017982112
9676,1,315000.0,280702.7485109431
10212,1,489000.0,385933.0225777162
10359,1,216000.0,251911.33251200194
10458,1,774950.0,746692.7018198507
10465,1,3120000.0,3373374.7969185645
10656,1,304500.0,248600.0503778311
10917,1,247000.0,249188.98190318485
11222,1,450000.0,402858.8466976424
11426,1,299900.0,268359.46605551016
11520,1,475000.0,468400.8126327933
11709,1,589450.0,550824.7044306442
11717,1,208417.0,156878.26403989847
11728,1,995000.0,760307.9003884036
11896,1,294400.0,249547.7154502918
12640,1,520000.0,520079.7221965387
12672,1,410000.0,425090.5915612745
12686,1,260000.0,206546.73597118357
13180,1,335000.0,382894.3480059158
13325,1,350000.0,304333.7161523966
13326,1,220000.0,292215.0369431758
13800,1,775000.0,769278.1674963678
13830,1,356000.0,426921.9758304994
14602,1,720000.0,862715.5077696006
14800,1,210000.0,230352.03917116352
15351,1,290000.0,281460.867742649
16491,1,444950.0,421131.0961479119
16551,1,199988.0,191752.2482938382
16774,1,457000.0,481449.76714634796
16937,1,240000.0,251253.51251800757
16945,1,480000.0,669455.9810515491
17105,1,272000.0,326665.2505762411
17356,1,905000.0,914813.1023344607
17443,1,560000.0,586468.4018687349
17638,1,858450.0,842308.7651062844
17760,1,325000.0,400362.2971251467
17909,1,428000.0,484568.4958707982
18131,1,475000.0,448184.71611116535
18323,1,218250.0,195482.34261203418
18955,1,950000.0,1299619.2106183697
18958,1,394250.0,434778.4620394433
19008,1,571500.0,461649.21638399624
19121,1,182000.0,136538.81657394304
19189,1,400000.0,468729.19039474876
19875,1,430000.0,395568.3237241586
19911,1,515000.0,583053.5656693941
19925,1,340000.0,288838.6052290765
20210,1,570000.0,648513.387840427
20957,1,379950.0,369910.995298494
21168,1,630500.0,594153.5210373346
21305,1,495000.0,489153.05159823335
21525,1,1450000.0,1267070.2069124433
846,1,664000.0,660168.9995345317
877,1,390000.0,405126.34574078594
1214,1,500000.0,549516.8748035193
1553,1,299000.0,300505.50610594946
1885,1,340000.0,248434.77636010345
2328,1,283000.0,259269.89242362368
2882,1,700000.0,507752.8086174461
3218,1,405000.0,444032.83271436737
3493,1,150000.0,323023.52652310254
4178,1,790000.0,680448.2583233404
4348,1,562000.0,635396.0704193155
5105,1,549000.0,508340.2211939715
5231,1,635000.0,655132.7865247986
5317,1,150000.0,154842.40619972255
5871,1,399000.0,389050.40747735783
5943,1,554000.0,515887.65643110324
6476,1,775000.0,597640.682206212
6772,1,396000.0,333302.7073644103
7202,1,500000.0,608353.8701032619
7221,1,258000.0,334947.4775962581
7436,1,1310000.0,983783.0542203388
7740,1,978000.0,956446.9778320973
7932,1,664000.0,675007.7315075037
8289,1,431750.0,374082.7298324871
8343,1,320000.0,309380.97717344767
8443,1,2140000.0,1379161.09258079
8630,1,190000.0,295062.89696569805
9283,1,305000.0,316194.4840349545
9539,1,500000.0,476327.1335689862
9810,1,616500.0,596720.5597293294
9811,1,750000.0,753266.8169033041
10059,1,510000.0,534803.2577481131
10284,1,218000.0,204913.47866861886
10340,1,370000.0,350292.3742019469
10996,1,757000.0,731570.404304722
11753,1,1250000.0,958587.0568176984
12079,1,216300.0,253275.66124360968
12209,1,227000.0,212929.65106508782
13677,1,349950.0,364871.7411411274
13799,1,592000.0,618458.3233006244
14032,1,1680000.0,1793213.6795180049
14116,1,675000.0,694016.8285057046
14162,1,279000.0,271225.1104354343
14475,1,488000.0,638610.6791723251
14758,1,530000.0,557478.6129009739
14892,1,195000.0,270688.81535285915
15188,1,473000.0,461780.69009567314
15259,1,442500.0,428336.8696684167
15321,1,345000.0,260487.80433950308
16061,1,437500.0,442148.9775988513
16200,1,326000.0,274759.0472797693
16674,1,645000.0,617476.3260360463
16904,1,437500.0,512200.4292615667
16951,1,1225000.0,1340367.8255652473
17326,1,189950.0,183190.9321923207
17715,1,775000.0,401280.2330453568
18676,1,455000.0,501929.133507108
18744,1,725000.0,773199.5605836937
18901,1,325500.0,391024.06206725887
19041,1,707000.0,769851.296100923
19302,1,575000.0,491785.1433166068
19714,1,505000.0,478327.84367831395
19993,1,439108.0,406690.74469109246
20117,1,424950.0,414278.63468687155
20650,1,560000.0,520620.83193171554
20848,1,353000.0,301175.90257936827
20944,1,925000.0,1009562.9543690651
21068,1,400950.0,383233.08568650286
21262,1,559000.0,552291.2796809053
21364,1,419500.0,371693.7115734854
457,1,705000.0,685670.0077018901
608,1,223000.0,259833.74669064675
1196,1,357000.0,315552.20393685525
1337,1,495000.0,510426.13426176895
2560,1,612000.0,602212.6649987802
2898,1,355000.0,345621.5987886779
3016,1,746000.0,639013.8739617236
3259,1,580000.0,596190.2792889494
3603,1,933000.0,725966.1152117884
3924,1,1495000.0,1369543.0376193768
4260,1,489950.0,521202.5001712518
4339,1,2125000.0,1451823.5313386638
4975,1,815000.0,779654.3399402545
5040,1,711800.0,693255.7916212251
5123,1,730000.0,890171.1065968057
5265,1,215000.0,229971.49523160048
5822,1,207000.0,204627.14160458636
6124,1,345000.0,432572.2783069029
6375,1,435000.0,414391.37025667535
6394,1,324950.0,271372.95800021326
6868,1,1555000.0,1374634.9799798117
6893,1,900000.0,940315.905483135
6942,1,565000.0,589963.4341374016
7167,1,445000.0,450106.56677422446
7184,1,358000.0,307825.1979205646
7692,1,295000.0,295310.836296164
8044,1,420000.0,452361.34686374373
9836,1,1730000.0,1698220.5700842487
11113,1,425000.0,374537.65930695366
11416,1,106000.0,163803.76055993777
11921,1,525000.0,422462.5576713373
11999,1,832500.0,829748.1966509855
12494,1,660000.0,639566.0349654295
12748,1,750000.0,784298.8563160182
12884,1,1610000.0,2076746.4875647717
12933,1,469000.0,436463.3994330304
15503,1,395000.0,412454.5632268223
15777,1,699950.0,694711.2446995958
17085,1,250000.0,274857.31091822573
17276,1,250000.0,276205.2998044199
17379,1,563000.0,519064.78271404305
17979,1,575000.0,551569.1528843438
18600,1,192000.0,229565.07161224578
18988,1,140000.0,207367.71377222118
19815,1,299950.0,260201.0856891326
20071,1,485000.0,449356.2160954718
20771,1,650000.0,572109.1327519672
8799,1,975000.0,973530.4978025522
20367,1,399950.0,446788.6735828432
12917,1,226000.0,267594.6122265286
18939,1,90000.0,147105.93659238738
20301,1,498445.0,528557.4690064429
18794,1,1000000.0,739737.7173203646
27,1,667000.0,668095.0400887339
31,1,280000.0,282537.6725161469
194,1,230000.0,298798.8514581955
466,1,465000.0,360595.1736650935
1772,1,467500.0,473055.800053989
1838,1,1100000.0,1252674.4207607233
2122,1,405000.0,375333.95713801944
2368,1,575000.0,517069.60108563956
2806,1,401000.0,410628.2792210109
2837,1,490000.0,517220.2934567895
2861,1,443000.0,403519.67730965314
2895,1,180000.0,217948.360448987
3337,1,299000.0,306449.2141614646
3691,1,179950.0,204749.3825568486
3917,1,335000.0,315816.190019218
4087,1,515000.0,460930.72520277597
4140,1,1210000.0,1134435.5070215636
4210,1,255000.0,276580.5755047698
4223,1,571900.0,477108.46798871626
4317,1,250000.0,277196.4288580801
4440,1,225000.0,268642.62311347073
4742,1,330000.0,318308.95376159635
4865,1,268000.0,258063.87385909312
4904,1,240000.0,298124.9253183971
5279,1,368000.0,376691.7763311002
5609,1,575000.0,544635.2679133494
5883,1,400375.0,361187.6932541069
5998,1,599000.0,751869.4631986393
6107,1,555000.0,583702.2372089621
6182,1,300000.0,321971.8652149306
6367,1,320000.0,300542.32210518443
6766,1,350000.0,323937.95098428015
6792,1,560000.0,661618.7107614008
7280,1,800000.0,840535.9486283385
7312,1,555000.0,525116.0962124087
7561,1,258900.0,303206.7400524201
7893,1,500000.0,542130.922882642
8268,1,425000.0,401195.68357845006
8644,1,1438890.0,1232464.794141437
9156,1,450000.0,625817.7232614724
9314,1,903000.0,666927.5841270845
10168,1,605000.0,599719.9804447459
10554,1,660000.0,655429.915533115
10558,1,460000.0,446595.5918742499
10574,1,253000.0,245908.2420753021
10619,1,799000.0,883208.9951748751
10666,1,653000.0,641576.4841312958
10737,1,1035000.0,1062942.6543167646
11604,1,355000.0,357044.43730354577
12143,1,460000.0,417164.43566840666
12190,1,615000.0,593328.952380747
12391,1,385000.0,496278.9694415987
12454,1,229000.0,251531.63436323174
12509,1,1890000.0,1985597.942692799
12615,1,467000.0,470873.07631032285
12965,1,672000.0,582806.0686603136
13103,1,453000.0,509331.2636899004
13219,1,713500.0,636053.5152576974
13233,1,910000.0,1050934.8809423933
13258,1,260000.0,299738.034875765
13607,1,495000.0,552745.9191312724
13741,1,775000.0,954798.7803063514
13947,1,350000.0,363738.96188390016
13950,1,834000.0,879150.8020293593
14481,1,645000.0,606813.533348564
14865,1,1520000.0,1224749.6178886378
15692,1,1637500.0,1999370.0546358225
15718,1,480000.0,421192.02174429316
15881,1,827235.0,791943.9911984586
15998,1,345000.0,363905.27059378976
16282,1,632500.0,719217.2186782749
16352,1,1185000.0,987975.270889025
16999,1,420000.0,414113.3670102566
17003,1,500000.0,436727.67417228065
17205,1,796500.0,804646.2496842217
17297,1,364000.0,331361.9797137449
17314,1,247500.0,273094.6245925481
17496,1,258000.0,249380.77965718636
17622,1,635000.0,577790.6401913295
18005,1,1444000.0,1275085.2666936107
18076,1,427000.0,436120.82141007966
18602,1,283450.0,286669.9637579252
18760,1,400000.0,753182.2645983653
19457,1,342000.0,313361.0721351032
19809,1,932990.0,909752.5839040836
19975,1,175003.0,250612.98917958201
20296,1,950000.0,874763.2694142832
20476,1,375000.0,372152.2258745412
20613,1,220000.0,232144.51950306704
20803,1,536000.0,524308.8640961265
20887,1,355000.0,313725.2239550064
20932,1,286950.0,271391.6155990398
21011,1,515000.0,627907.9956981483
21031,1,359782.0,479822.69620824093
21467,1,1987500.0,1948892.6482545615
80,1,390000.0,367289.4913622019
260,1,780000.0,694982.0145539253
445,1,400000.0,405549.0322578379
784,1,650000.0,699602.7698662434
963,1,210000.0,212780.59985294452
1617,1,370000.0,370409.03343400464
1866,1,475000.0,463176.2297049104
1875,1,425000.0,398339.0683243834
1917,1,210000.0,220691.40644147678
2432,1,233000.0,261924.15855517343
2582,1,965000.0,990890.102481716
2602,1,343000.0,404050.6556625636
3129,1,1265000.0,1092686.642419099
3271,1,800000.0,945489.2405960716
3324,1,555000.0,589188.4845720606
3598,1,270000.0,266585.6693221976
3795,1,949000.0,901260.7027956271
4097,1,280000.0,265317.01314326836
4444,1,705000.0,703030.6494861249
4548,1,466000.0,421445.69123601884
4688,1,465000.0,424313.89495754393
4816,1,475000.0,464353.6707603004
4835,1,219000.0,184476.4839669434
4936,1,440000.0,458973.15146320045
5200,1,792500.0,740082.9524349023
5661,1,538000.0,481909.74375093635
5809,1,258000.0,254166.19326167324
5810,1,450000.0,446478.4356373899
5927,1,440000.0,541449.8166110371
6064,1,228000.0,246680.05489699583
6165,1,382000.0,525382.3175311054
6452,1,340000.0,290545.340342406
6585,1,260000.0,225004.62206371804
6611,1,549950.0,620500.6188556565
6696,1,385000.0,398004.478615198
6703,1,520000.0,595982.976654656
7321,1,355000.0,351545.95478586457
7794,1,580000.0,659691.0434734417
7916,1,443750.0,411540.0995537101
8031,1,399000.0,389100.5323798493
8206,1,249000.0,286122.47392872267
8515,1,353000.0,365738.8895063394
8652,1,244900.0,239984.7550108216
8710,1,506000.0,521999.48624019895
8902,1,350000.0,342139.0879803093
9042,1,505500.0,464324.0383254083
9378,1,625000.0,537467.515906291
10034,1,665000.0,673500.4556008618
10559,1,516000.0,694189.9425132617
10647,1,510000.0,535167.4456792634
11013,1,1020000.0,674786.1338616002
11147,1,234000.0,219626.0597389102
11196,1,209000.0,192857.56310613872
11406,1,387500.0,429293.94459971343
11663,1,695000.0,850656.9123277524
12292,1,550000.0,564480.7096700375
12378,1,232900.0,208276.99274787106
12723,1,281000.0,218156.6820697075
12742,1,135000.0,166279.42048092748
12990,1,545000.0,575945.4384361933
13642,1,570000.0,494270.65405407
14150,1,290000.0,291873.1654289826
14213,1,403000.0,368398.1648918528
14284,1,420000.0,469304.99486493954
14799,1,725000.0,611390.9294771894
14987,1,432500.0,516027.37364694703
15134,1,230000.0,306737.18268346606
15219,1,410000.0,462292.3412548852
15239,1,340000.0,340165.85119601805
15427,1,404000.0,319596.17918595334
15583,1,436000.0,429483.88621056883
15859,1,535000.0,478271.329473748
16215,1,528000.0,416771.78295514575
16986,1,650000.0,734714.7458859748
17019,1,357000.0,373580.21834128257
17243,1,349900.0,283129.7319071801
17431,1,410000.0,483152.25462004304
17691,1,389900.0,393859.85346799676
17703,1,755000.0,718546.2086696014
18061,1,446950.0,438356.4789460667
18221,1,270000.0,262219.68663535593
18282,1,330000.0,347399.98213805136
18284,1,280000.0,251614.19998877993
18698,1,350000.0,348857.50513364386
18938,1,350000.0,328323.90177494707
18956,1,320000.0,357446.2938713551
19093,1,450000.0,523932.52661344706
19122,1,250000.0,227184.6588173457
19201,1,925000.0,991878.6717325918
19586,1,450000.0,514992.4284976614
19654,1,267800.0,272711.38267094427
20008,1,759000.0,686380.3979059941
20058,1,325000.0,318123.6094807707
20332,1,375000.0,432280.5241528957
20611,1,732000.0,601872.6948608996
20724,1,420000.0,406194.00021437736
21584,1,380000.0,390950.49064061855
34,1,322500.0,325436.39098056965
145,1,921500.0,838010.649842942
353,1,437500.0,530048.0007620859
420,1,482000.0,443743.83249068673
925,1,990000.0,814415.584999273
959,1,378000.0,375402.06030717154
1205,1,525000.0,476402.2105190279
1879,1,835000.0,615267.1606929101
2409,1,435000.0,549715.1924617911
2661,1,225000.0,239316.87883032297
2782,1,375000.0,302704.0256001204
2887,1,520000.0,472941.3878821166
2988,1,590000.0,662259.357133238
3582,1,355000.0,420593.76615592866
3749,1,500000.0,553934.1465628466
3861,1,2200000.0,1498029.5856050868
4421,1,247000.0,271119.4184420532
4714,1,827500.0,675310.5845922602
5473,1,325000.0,292677.38309197134
5642,1,560000.0,474982.3439410296
5828,1,455000.0,437317.90312870947
5873,1,652450.0,646255.0041443236
5967,1,2725000.0,2200632.7744167433
6039,1,330000.0,403760.65182901226
6183,1,471000.0,499965.82622599625
6348,1,440000.0,518632.92647436407
6381,1,675000.0,783232.4493726405
6923,1,315000.0,357190.5637482307
7110,1,240000.0,223688.6524123097
7127,1,1735000.0,1821330.6153610966
7148,1,738000.0,630538.7274089
8260,1,602000.0,610624.8023596422
8549,1,409000.0,421957.8820747785
8632,1,601150.0,559733.8227427078
8677,1,496000.0,541393.4088005672
8927,1,515000.0,551657.7738622649
9210,1,350000.0,339532.2145314233
9300,1,400000.0,423434.29629307246
9657,1,261000.0,267518.71771861904
10537,1,500000.0,421099.79214323167
10837,1,700000.0,741108.7912792246
10873,1,291000.0,246205.06285536962
11238,1,260000.0,276764.42893398204
11260,1,865000.0,852000.552462111
11398,1,1705000.0,1545912.369335673
11678,1,359000.0,362140.6006357841
11977,1,501000.0,489206.7538127266
12466,1,399950.0,386060.40874496277
12606,1,412000.0,367222.2843228139
12959,1,245560.0,345094.8975899863
13281,1,365500.0,330814.60370342224
13482,1,375000.0,402465.87373434927
13886,1,575000.0,557412.3290335078
14104,1,521900.0,536531.1921651989
14364,1,620000.0,627026.477553152
14852,1,345000.0,369355.0495945165
14877,1,392000.0,394507.4660829957
14900,1,430000.0,434593.3846994519
14998,1,240000.0,263327.39597189764
15207,1,250000.0,281748.99658287095
15362,1,720000.0,702222.222257308
15373,1,762000.0,703046.498741158
15925,1,285000.0,285454.9519795792
15963,1,180000.0,254011.2879756323
16546,1,227000.0,247800.70722369422
16987,1,445000.0,508094.4521294382
17194,1,187250.0,195023.81999852552
17293,1,340000.0,351515.9951764971
17373,1,670000.0,656110.6817613491
18126,1,271500.0,285637.0321106766
18388,1,474000.0,522001.41712650657
18545,1,325000.0,324135.67799594457
18568,1,810000.0,699732.2011334571
18820,1,474950.0,461465.2913760029
19174,1,209000.0,188397.92367909252
19213,1,900000.0,858196.6286966118
20222,1,550000.0,514396.55518538586
20546,1,515000.0,417773.4085825551
20738,1,1135000.0,1521345.2796053377
21531,1,346000.0,308527.56957264827
370,1,280000.0,293545.8134935564
537,1,595000.0,615198.0997256098
1400,1,292000.0,310176.5175755791
1426,1,350000.0,282019.652450759
1660,1,490000.0,649366.112424596
1757,1,550000.0,643305.3260537022
2229,1,265000.0,294047.07802548225
2318,1,429000.0,498136.69219543936
2587,1,265000.0,277615.56053959095
2665,1,456150.0,423381.9358453527
2720,1,320000.0,330418.61495176505
2798,1,310000.0,306576.882344683
2888,1,205000.0,225506.85831416756
2918,1,160000.0,213040.64851313143
3203,1,528000.0,529982.067256195
3459,1,1075000.0,768893.3340666168
3491,1,325088.0,280469.7574094208
3679,1,527500.0,595684.3901997767
4358,1,660000.0,504437.29815298447
4764,1,315000.0,268104.2109619258
5614,1,750000.0,654087.780920085
5687,1,248000.0,257582.43824097633
6519,1,199500.0,204401.1420436716
6758,1,295000.0,325744.9989376993
6850,1,343000.0,321029.3240924052
6875,1,425000.0,388246.26037493965
7062,1,560000.0,718846.6797222318
7166,1,237000.0,240638.3586910207
7663,1,1270000.0,1518944.5452244235
7675,1,385000.0,455626.4458539529
8814,1,350000.0,291692.46792732715
8950,1,626100.0,609865.8832739933
9062,1,427500.0,320916.2692675754
9699,1,390000.0,402465.87373434927
10222,1,450000.0,411639.9934596691
10289,1,309900.0,274782.61018668715
10380,1,268450.0,257189.7821664388
10415,1,439950.0,475879.8729400572
10785,1,250000.0,246640.42467794323
12109,1,290000.0,305166.1551049491
13185,1,420000.0,371265.31921423227
13279,1,717500.0,781173.7436405154
14125,1,875000.0,898841.7437632779
14809,1,622100.0,514046.1457980478
14848,1,400000.0,433713.0340261024
15002,1,745000.0,666074.5181734774
15349,1,835000.0,831050.8262951737
15738,1,538000.0,591572.572248067
15797,1,277500.0,288299.41024608153
16068,1,1250000.0,1020949.6308508142
16897,1,972000.0,1010539.4281515068
17309,1,147500.0,198788.15247404907
17329,1,209950.0,227413.440456934
17529,1,340000.0,360953.5829646286
18007,1,458000.0,637437.9681851966
18187,1,273500.0,218569.17636377414
18289,1,405000.0,389943.3303905075
18381,1,419995.0,391968.69693789614
18397,1,306000.0,230701.86729160507
18472,1,255000.0,239290.4101123262
18536,1,665000.0,638370.6456959584
18789,1,510000.0,532964.0172302258
19523,1,240000.0,302598.19579404005
20194,1,385000.0,331448.73647760774
20413,1,529950.0,502491.1493384198
20943,1,294500.0,288178.0227221373
18,1,189000.0,191496.88995630306
189,1,585188.0,568890.5164535413
347,1,320000.0,279445.2739939623
1236,1,270000.0,252549.3863787749
1644,1,299000.0,323696.17946413864
2021,1,340000.0,357339.3977227896
2274,1,299500.0,350042.3364979762
2278,1,625000.0,584708.629282716
2358,1,232000.0,245517.60509673832
2561,1,330000.0,346696.6916269917
2663,1,356500.0,381484.43624220573
2814,1,450000.0,409315.1929281953
2917,1,372000.0,332194.7378409309
3178,1,325000.0,321136.2853266366
3266,1,425000.0,396072.4155719918
3390,1,579000.0,496927.66856647964
3402,1,115000.0,145862.48484005028
3809,1,430000.0,502240.30189837597
4710,1,328000.0,312113.7562152666
5203,1,675000.0,668197.938391373
6499,1,1925000.0,1629797.4134828437
6791,1,390000.0,535733.0748425244
7050,1,239999.0,240994.40336309915
7230,1,438000.0,451302.5188698063
7399,1,360000.0,329549.25477187964
8791,1,550000.0,551549.4317281643
8838,1,1406890.0,1307976.597027303
9322,1,2575000.0,2656029.5263523767
9667,1,1175000.0,931293.0790668279
10084,1,1227500.0,1175226.4139757832
10622,1,692500.0,739711.606095291
10630,1,338000.0,374194.7367029916
10933,1,324000.0,317749.5544324231
11313,1,485000.0,498150.6520358243
11542,1,690000.0,675301.5990657894
11925,1,559500.0,568466.700109305
12271,1,450000.0,425730.1772873786
12376,1,357000.0,465128.72893700993
12544,1,567500.0,512545.3512999902
12631,1,495200.0,435876.68939658575
12636,1,585000.0,535166.9687373387
12851,1,529000.0,530157.6454106682
12958,1,690500.0,585200.4557826063
13193,1,363000.0,372069.0852350787
13515,1,215000.0,202582.49229974498
13691,1,405000.0,396356.39757163625
14123,1,515000.0,582349.7145529097
14183,1,500000.0,326974.8864822475
15812,1,294450.0,352304.15438566246
16248,1,660000.0,609182.8501223552
16256,1,400000.0,541889.2282918419
16618,1,369000.0,397991.6000097557
16925,1,358000.0,294115.32957630657
17386,1,780000.0,571784.5449656842
18244,1,464000.0,302561.08747960575
18563,1,675000.0,702421.9446333313
19000,1,565000.0,547945.1309995766
19950,1,743000.0,851192.6865951
20739,1,590000.0,508722.3687237062
21247,1,510000.0,487783.2675389359
6767,1,319000.0,315041.2578168879
8256,1,320000.0,320158.549616605
13013,1,285000.0,297684.0861380222
13253,1,760000.0,706092.310720133
17975,1,430000.0,483738.3397472272
19902,1,615000.0,563711.2355936011
63,1,549000.0,554204.9390436728
3278,1,843500.0,980048.387421284
165,1,370000.0,417465.7403141076
240,1,225000.0,230537.3875399352
1398,1,465000.0,452913.709410872
1550,1,355000.0,332124.39483921597
1696,1,440000.0,478875.3742097855
1703,1,617000.0,507766.1420148023
1709,1,550000.0,502876.5650666262
1910,1,400000.0,336443.6448454989
1968,1,490000.0,461674.2444391079
2083,1,800000.0,774972.9713787754
2304,1,290000.0,350234.4991153882
2962,1,310000.0,326639.65805136133
3075,1,650000.0,496473.83277257485
3456,1,508500.0,556033.65475088
3799,1,851500.0,860634.6450273505
3812,1,750000.0,743417.6201675467
3910,1,408500.0,372359.9679058809
4418,1,864000.0,835109.4702207934
4579,1,238000.0,231343.68613083917
4877,1,849000.0,758112.9205014956
5213,1,368000.0,355252.07506173407
5406,1,459900.0,485162.19987771654
5811,1,720168.0,563205.4218619532
5893,1,695000.0,741503.7426342296
6668,1,523000.0,709444.5814530284
6800,1,645000.0,686939.1451786138
6991,1,708000.0,589202.0785579399
7002,1,2175000.0,2544952.79230179
7156,1,180000.0,246928.33034118285
7903,1,475000.0,362210.6451183748
7927,1,659000.0,670881.8703816421
8571,1,726500.0,663303.3648143342
8678,1,399950.0,408715.6623865654
9867,1,600000.0,620351.4007454473
10139,1,800000.0,702515.726633793
10436,1,312000.0,234079.56909260064
10476,1,820000.0,813550.988100635
10849,1,292000.0,246843.46395015885
10851,1,500000.0,527281.4482372412
11089,1,910000.0,805183.2478043315
11286,1,278000.0,244561.0380770013
11568,1,258950.0,264276.43780928076
11932,1,104950.0,169728.06200749613
12014,1,185000.0,202558.6232222914
12418,1,244900.0,169492.57743540275
12721,1,670000.0,728681.5177077468
12816,1,760000.0,694960.6753369628
13043,1,174950.0,181799.99423614427
13127,1,465000.0,408119.9836917192
13416,1,360000.0,359054.1307459448
14356,1,1010000.0,1073286.452909823
14442,1,697000.0,718655.0902444567
14734,1,989900.0,984121.5412363731
15078,1,650000.0,565763.2609268177
16751,1,208000.0,200530.6272324036
16798,1,529000.0,478140.18676261185
17073,1,390000.0,389597.2194725289
17375,1,492500.0,382416.6635494883
17729,1,600000.0,459760.47451257944
17973,1,458450.0,424811.18552750844
18035,1,326995.0,313579.78660060675
18409,1,2630000.0,2271844.4607072845
18606,1,1315000.0,1146171.2431742735
18673,1,475000.0,485026.2780432164
18825,1,611000.0,633257.7425473508
18855,1,405000.0,358797.757867684
19018,1,225000.0,231350.03101309363
19760,1,292000.0,301112.6196628617
19921,1,315000.0,343180.4779709699
20090,1,551500.0,548583.7581444784
20136,1,1237500.0,1077409.5660806908
20189,1,730000.0,769330.2402316906
20928,1,287000.0,326537.9725411796
1,1,538000.0,504842.9558857913
3,1,604000.0,486523.86917188566
314,1,1400000.0,1282510.8534533556
463,1,359500.0,363236.02026777563
576,1,266000.0,267821.7114903486
610,1,340000.0,326946.2974608445
844,1,456500.0,456077.5861177337
1197,1,361000.0,260258.7098580902
1731,1,337000.0,283622.0061107681
2285,1,225000.0,218111.91491369804
2683,1,725786.0,792805.7971677473
3531,1,495800.0,556014.9145076383
3728,1,422000.0,450521.37548144965
3764,1,367777.0,370791.63375225273
3883,1,589950.0,612074.3776006689
3958,1,1145000.0,1138466.7756625982
4056,1,363000.0,354854.3764681075
4101,1,634800.0,627087.5754678881
4275,1,1275000.0,1059863.5597126174
4693,1,173250.0,185203.06248691928
4734,1,565000.0,593559.9080957064
5260,1,220000.0,250345.467579046
5368,1,1600000.0,1376287.0786499558
5634,1,558000.0,523067.0907395212
6217,1,219950.0,194507.13152415334
6374,1,251100.0,260097.75734462382
6695,1,490000.0,482233.0589326601
6819,1,269500.0,249772.34702659876
6862,1,685000.0,918912.994748173
6905,1,465000.0,463620.81426379754
7347,1,323000.0,306412.0017494131
7581,1,678940.0,725141.1380320163
7771,1,276000.0,338139.8615007474
8222,1,2193000.0,1637512.046208448
8244,1,915000.0,912399.5396482704
8321,1,525000.0,515460.55628771393
8412,1,445000.0,416409.9893172113
8768,1,470000.0,476280.1118658137
9101,1,675000.0,674054.3154078489
9530,1,450000.0,454706.36930318514
9818,1,753000.0,772376.5352850631
10669,1,245000.0,236388.3042652296
10968,1,535000.0,589170.6791090103
11093,1,1295000.0,1121240.6978336903
11380,1,275000.0,242177.77485961517
11446,1,2750000.0,2401119.4243229427
11688,1,597500.0,595509.2825494779
12445,1,592500.0,535971.3901412364
12463,1,795000.0,813616.655856896
13007,1,330000.0,310283.9624058041
13145,1,417400.0,391969.3237027375
13494,1,790000.0,787214.2025210472
13819,1,215000.0,221694.56668088038
13945,1,975000.0,1189081.2229371567
14630,1,283000.0,332426.3560023085
14706,1,405000.0,401401.7927335779
14793,1,600000.0,517888.9294335871
15033,1,699000.0,779832.5397978509
15079,1,288000.0,283594.36775333434
15103,1,348500.0,428697.1949696794
15395,1,255000.0,291797.88058837876
15512,1,1800000.0,1501912.122541172
15671,1,345000.0,332386.0857095006
15945,1,680000.0,757981.9211665387
17618,1,436000.0,427831.2965411996
18334,1,480000.0,492712.53835700016
18340,1,470000.0,427608.6033706359
18728,1,192500.0,207207.48849847834
18913,1,224000.0,215782.5814907453
19237,1,306000.0,320539.68694753636
19495,1,257000.0,296917.07331656816
20177,1,261950.0,282592.7278592082
20359,1,279000.0,291441.4647160262
20503,1,355000.0,363777.0255341996
20655,1,859950.0,840277.7516925489
21138,1,398500.0,423386.2977177092
21347,1,338000.0,357214.59692767914
21521,1,1378000.0,1011039.884160752
60,2,650000.0,604118.8305753206
362,2,329500.0,303814.1084024063
390,2,345000.0,280147.93791146576
751,2,950000.0,798804.7967815372
917,2,324000.0,297588.49394283904
1009,2,280300.0,332327.4814230012
1293,2,550000.0,454285.50446150993
1387,2,381000.0,426269.07660355186
1653,2,415000.0,600730.6882195866
1779,2,355000.0,378653.50217090227
2148,2,670950.0,555810.0723945369
2444,2,3278000.0,2476678.793851408
2549,2,276000.0,305540.14800200774
2592,2,620000.0,605022.6871437663
2675,2,278000.0,264674.01952117245
2952,2,250750.0,276709.52638024674
3457,2,345950.0,409120.2841186786
3503,2,500000.0,421130.95591514953
3926,2,775000.0,861506.9630471414
4403,2,235000.0,248399.75766672727
4686,2,828200.0,909441.6412501123
4711,2,572500.0,594870.8891975881
5024,2,1060000.0,1184119.2104105924
5077,2,740000.0,831111.848204189
5090,2,355000.0,328178.31876696635
5124,2,245000.0,239857.75097492908
5440,2,693000.0,802072.0929566425
6078,2,438900.0,411652.04189978226
6363,2,264950.0,252212.0966088404
6459,2,377000.0,384726.255037364
6985,2,217000.0,232036.4084649553
7705,2,760000.0,628445.2424143376
7789,2,245000.0,287153.56232949405
7899,2,300000.0,312456.96824942034
8215,2,733500.0,629908.8996407375
8511,2,360000.0,373977.5481270149
9066,2,685000.0,770880.2921215366
9116,2,399990.0,351468.41976405424
9261,2,530000.0,706976.4892412943
9290,2,490000.0,495230.84046989033
9550,2,661000.0,552727.9764322868
9589,2,275000.0,299351.9239574935
9787,2,202000.0,198401.1351257562
10009,2,160000.0,190914.16715228674
10428,2,315000.0,331328.1783757447
10773,2,409950.0,373567.41049768275
10930,2,357000.0,351024.9871754614
11204,2,595000.0,683669.1619478393
12037,2,257000.0,206750.3376178253
13021,2,360000.0,332660.83911205886
14037,2,1075000.0,832726.3751602642
15015,2,266000.0,257446.54132883134
15397,2,325000.0,303173.1752091148
15994,2,465000.0,416049.6432095878
16145,2,535000.0,609794.7401196556
16323,2,575950.0,491105.71057899226
16893,2,125000.0,308184.7629559152
17095,2,1475000.0,1540275.2177723232
17114,2,375000.0,422875.7505721045
17661,2,243500.0,242952.20899144866
18106,2,176000.0,218091.74794946282
18267,2,385000.0,381411.0580046453
18313,2,835000.0,815896.6902640371
19051,2,299000.0,250631.2557782042
19377,2,244000.0,230118.98496786857
19573,2,541338.0,514108.479467014
20407,2,929000.0,1014537.3436748807
20439,2,290500.0,483548.22394452203
20805,2,469000.0,409364.65732213657
20835,2,533500.0,542912.1085856814
20995,2,450000.0,444741.9449857406
21041,2,365000.0,368491.7211731108
21118,2,834538.0,824647.9201569988
21167,2,215000.0,220762.0952142142
21181,2,725000.0,720790.3851177595
577,2,930000.0,1012827.9317798314
579,2,180000.0,202556.47286941172
849,2,254000.0,251195.14653144425
1902,2,485000.0,486834.34176489676
1911,2,685000.0,717827.7208652741
2151,2,525000.0,479307.7093248165
2478,2,275000.0,316385.8596170168
3008,2,430000.0,574876.6843456789
3132,2,640000.0,572996.1062892729
3182,2,395000.0,479763.0036371948
3414,2,280000.0,218245.496523592
3636,2,830000.0,663082.8153297525
3880,2,357000.0,230877.05579285845
4171,2,245000.0,245575.40804557467
5302,2,368500.0,314199.03029318736
5847,2,565000.0,534408.2658151207
5968,2,490000.0,519303.60049502354
6013,2,587000.0,653910.2342645911
6274,2,549950.0,593341.4902520599
6333,2,400000.0,342716.5706725655
6338,2,755000.0,684912.6994323547
6974,2,275000.0,271180.5370534477
7177,2,287000.0,253441.97235275467
7286,2,654000.0,690222.0992518213
7333,2,449888.0,444266.3018073343
7708,2,592500.0,620477.7250173277
7757,2,224950.0,228428.47324183112
7851,2,335000.0,330540.2747057465
7965,2,466000.0,496851.6272903186
8009,2,476500.0,419569.772916071
8360,2,354000.0,329163.1140805264
8545,2,752000.0,592185.1186040118
9762,2,299950.0,318177.7326900855
10243,2,225000.0,227164.7441286343
10350,2,565000.0,538631.9719958667
10379,2,730000.0,731567.3443194577
10741,2,205000.0,167920.15839602912
10865,2,310000.0,309379.6216494118
11197,2,344950.0,365612.3325179147
11230,2,725000.0,765331.9820590996
11268,2,1400000.0,1247946.9359488345
11482,2,1125000.0,971017.2986770207
12117,2,585000.0,504189.3764109447
12178,2,676000.0,588882.7311129121
12308,2,429000.0,523290.0124401233
12371,2,670000.0,736172.8019179729
12373,2,172000.0,202614.54013010318
12656,2,676000.0,579388.0036016189
12937,2,372000.0,369858.8276656489
13094,2,460000.0,489859.2425919361
13346,2,375000.0,378949.3921213279
13851,2,1795000.0,1430384.403945619
13942,2,891500.0,822194.5097674966
14404,2,265800.0,287700.3082834056
15070,2,430000.0,501958.7719900459
15105,2,660000.0,578873.1074938247
15522,2,1110000.0,948048.1471546704
15604,2,700000.0,689729.8206236389
15732,2,300000.0,304479.7957419873
15825,2,700000.0,502913.2914512205
16290,2,329000.0,374484.7125080689
16403,2,305000.0,316307.4614929687
17028,2,179950.0,188909.7098723975
18070,2,545000.0,525076.4913418114
18262,2,148900.0,224486.27430555495
18396,2,259000.0,295274.7400134571
19095,2,665000.0,609472.3631146125
19133,2,1028950.0,1104778.40538913
19595,2,300000.0,287385.9220848975
19643,2,650000.0,679541.1095596758
19998,2,377000.0,371441.6778749326
20105,2,399950.0,385395.94144179096
21104,2,585000.0,761536.3046847334
21113,2,320000.0,325730.4254173725
21349,2,608000.0,522038.1124326965
21537,2,370000.0,365183.95029341115
102,2,699950.0,595787.4000652881
632,2,426700.0,424696.813457733
1011,2,475000.0,428540.48091970367
1211,2,460000.0,392845.51422271295
1708,2,429000.0,381492.8271900924
1809,2,415000.0,373871.77136715315
2443,2,143000.0,142761.58276079383
2522,2,356500.0,342056.59424669074
2554,2,265000.0,245190.50377758115
2669,2,161500.0,214778.13699317208
2907,2,760000.0,574923.0804083402
3321,2,95000.0,171922.01143003852
4325,2,371000.0,406367.7569067514
4336,2,485000.0,448878.2266171992
4422,2,475000.0,407901.81205170054
4953,2,278000.0,560360.966608836
5152,2,436000.0,484366.13248742383
5477,2,836000.0,730519.5641949927
5522,2,458000.0,555905.3773714673
6008,2,340000.0,327534.3622463703
6181,2,289950.0,265845.0171934421
6570,2,301000.0,287283.81596633536
6730,2,385000.0,328338.983135279
6872,2,439000.0,470551.73999266216
7064,2,1500000.0,1223007.5855741159
7102,2,765000.0,740023.9276287868
7345,2,330000.0,337889.6907640324
7426,2,1393000.0,1297108.2445817515
7489,2,765000.0,781705.791499666
8356,2,585000.0,589237.2493531344
8633,2,315000.0,247104.31717291017
8786,2,287000.0,229678.4413236657
9052,2,1205000.0,1110836.747049967
9792,2,325000.0,250323.05758270013
10112,2,510000.0,607138.1227661069
10315,2,402000.0,348664.6408150146
10373,2,2983000.0,2179796.9717240944
10604,2,385000.0,366509.4871883881
11206,2,600000.0,518855.3439043419
11518,2,420000.0,407272.7121813711
11969,2,249000.0,297658.9014582283
12041,2,312500.0,287594.9103031439
12894,2,285950.0,252201.35164048432
13163,2,1250000.0,999851.013749092
13223,2,543000.0,576501.5302286439
13716,2,180000.0,198415.69902188145
13973,2,425000.0,469222.14815408585
14021,2,170000.0,200286.69614951735
14207,2,305000.0,390027.28989128885
14240,2,862500.0,1115518.4009423696
14445,2,410000.0,382709.5155640248
14452,2,400000.0,381680.6873810336
14744,2,420000.0,501783.3083490778
15086,2,360000.0,421704.89013350935
15620,2,180000.0,233118.8302996353
15704,2,322000.0,317753.2370190911
16514,2,500000.0,515847.64954355493
16563,2,365000.0,413534.8026067476
17905,2,425000.0,497486.22921294975
18114,2,645000.0,612858.2153190146
18225,2,451000.0,476123.26823216473
18878,2,220000.0,299365.7412125704
19331,2,399888.0,413199.69146321045
19690,2,479950.0,484234.58632279176
20430,2,659950.0,609313.8057886998
20661,2,939000.0,932958.7888309906
20872,2,689000.0,738172.826222594
20915,2,303000.0,297772.132357101
4967,2,1575000.0,1399430.8533346993
5307,2,1122500.0,1184042.3329259958
5318,2,410000.0,410974.44902069034
9093,2,320000.0,287367.3764571357
2534,2,358000.0,288989.7592769988
4051,2,339888.0,334026.9475948005
4529,2,450000.0,374664.410981251
6624,2,242550.0,280636.9238390031
741,2,459000.0,403509.4265695439
840,2,282000.0,246496.65237018795
1145,2,252500.0,264776.69684091036
1191,2,220000.0,220423.35008429002
1961,2,250000.0,263037.6728116208
2076,2,715000.0,668589.8706731332
2084,2,1250000.0,1076114.42007756
2268,2,403500.0,485065.09024442814
2438,2,985000.0,959889.6344344472
2699,2,250000.0,257769.36152838942
2874,2,499000.0,491300.8679424622
3102,2,975000.0,1057193.2814146562
3468,2,535000.0,509889.3714609726
3487,2,195000.0,204925.81250931867
4104,2,417000.0,346918.1031696081
4313,2,430000.0,496966.5907448111
4373,2,191000.0,221075.31429182814
4747,2,680000.0,622482.0103438132
5006,2,325000.0,399254.03386013146
5223,2,852500.0,888078.4073158097
5315,2,682000.0,685298.2398288964
5448,2,290000.0,285025.09669352113
5618,2,435000.0,440067.70828131883
5953,2,705000.0,731030.3288447834
6948,2,319990.0,298350.5680478314
7031,2,424500.0,347746.594062307
7330,2,1245000.0,1301878.1067366563
7497,2,365000.0,414784.68648574164
8107,2,330000.0,328858.32946291997
8217,2,364950.0,354603.46529438434
8879,2,289900.0,314135.36757969257
9161,2,748000.0,873287.8232856301
9266,2,347000.0,342145.9048386533
9293,2,327500.0,336469.92860685766
9601,2,599000.0,600103.3664611557
9922,2,429950.0,369035.07587137946
10349,2,385000.0,435329.80763587
10411,2,379950.0,390904.67565020325
11256,2,199950.0,191408.1508633651
11470,2,850000.0,787262.4437419603
11787,2,1280000.0,1271340.7303041841
12345,2,353000.0,298044.76685789437
12586,2,932808.0,989912.4936234192
12874,2,255000.0,243218.752387914
13101,2,290000.0,250569.05639268123
13941,2,269950.0,283512.5681869543
14063,2,734000.0,656060.7049989046
14290,2,469950.0,447817.84401109454
14519,2,500000.0,465183.46489617956
14964,2,730000.0,537734.854544407
15016,2,325000.0,403865.74645133474
15781,2,517000.0,512296.36347605335
15841,2,696000.0,931450.4626367802
15957,2,693000.0,869998.5317358347
16094,2,499950.0,450838.0605978214
16127,2,387846.0,455439.3764447138
16539,2,1000000.0,937292.6362881437
17692,2,710000.0,659671.8083901786
17913,2,292000.0,267703.42756390094
18398,2,315000.0,250542.63491814892
18649,2,550000.0,508039.9414610437
18688,2,625000.0,618497.0851315857
18862,2,740000.0,662518.610961557
19112,2,455000.0,428075.27840198216
19329,2,242000.0,254174.412346252
19614,2,370000.0,441274.52131577756
19951,2,345000.0,315459.6190684106
20062,2,675000.0,506057.6732043521
20468,2,900000.0,978527.0682463925
20541,2,312500.0,324446.32881660183
20604,2,256950.0,315907.3946558358
20888,2,356000.0,355919.9901612381
20945,2,730000.0,734890.9198411143
21115,2,425000.0,453564.3799225238
21413,2,869950.0,826046.3318126184
21515,2,942990.0,923070.9275055995
21545,2,405000.0,391590.6599061686
262,2,525000.0,579528.5439910323
488,2,699900.0,679238.8389280862
564,2,638700.0,575015.9742295635
1404,2,635000.0,584459.3516660547
2319,2,471000.0,471996.5687000139
3232,2,475000.0,465903.1291188067
3237,2,739000.0,705926.6098196255
4264,2,235000.0,263764.642063088
4319,2,432500.0,501806.70539352705
4941,2,635000.0,582501.4511493959
5016,2,453000.0,626109.081968482
5022,2,425000.0,485723.38395437447
5061,2,370000.0,413405.5450810167
5110,2,499900.0,422630.7303316805
5162,2,1500000.0,1547133.3068125804
5555,2,434000.0,431890.4426078504
5676,2,998000.0,799032.6604412824
6543,2,557500.0,565778.0198118445
6763,2,780000.0,806489.0190221032
6790,2,539000.0,518624.7896478057
7146,2,721000.0,662931.4950226868
7279,2,767500.0,828899.8562861192
7367,2,406000.0,338881.71980950545
7453,2,292000.0,306811.79471235204
8404,2,315000.0,330725.9577498329
8815,2,353750.0,321099.7091517344
9134,2,284850.0,281912.1522088118
9137,2,560000.0,471667.8549602821
9564,2,257100.0,218622.2557415093
10522,2,645000.0,628163.2469972847
10599,2,422500.0,378019.7334152553
11087,2,880000.0,701990.8217851479
11219,2,393000.0,393728.04718812875
11280,2,500000.0,567439.1988050367
11315,2,490000.0,533191.8467554036
11350,2,651500.0,545101.5781670017
13138,2,430000.0,420155.195736688
13448,2,1045000.0,969612.0894273504
13461,2,565000.0,602466.0791676814
13577,2,635000.0,530131.1319273519
13710,2,2600000.0,2340279.0905584246
14662,2,850000.0,664126.3062052196
14676,2,265000.0,211241.04274716115
14905,2,625000.0,605273.1817719238
15162,2,930000.0,736413.8366474647
15317,2,147000.0,216599.29173614222
15403,2,380000.0,322604.2065791652
15587,2,1005000.0,1389272.0378055866
16030,2,375000.0,381342.03479545884
16102,2,589000.0,655030.0916730259
16502,2,305000.0,287987.23107468634
16656,2,324900.0,294923.1507557289
16888,2,995000.0,1087649.3372574083
17671,2,505000.0,483696.4687596079
17907,2,310000.0,291405.444250203
18599,2,725000.0,721986.8323919228
18645,2,575000.0,358894.7546521606
18932,2,465000.0,457432.97592753445
19036,2,303000.0,303263.6219776271
19446,2,1900000.0,1359355.9641172227
20021,2,429900.0,428949.23226846295
20469,2,664950.0,667341.2441753293
21074,2,375000.0,437452.06961296604
21282,2,706000.0,679454.115843899
21357,2,1065000.0,1033801.1147776832
562,2,880000.0,933696.3476164364
575,2,300000.0,303522.2848591892
764,2,405300.0,389411.9228293591
1195,2,632000.0,491348.22821701085
1273,2,590000.0,532466.391764211
1313,2,255000.0,250894.5083664681
2011,2,305000.0,316229.3637640682
2347,2,430000.0,432589.2198764309
2430,2,305500.0,316172.94154693844
2441,2,355950.0,415280.5526096779
3173,2,490000.0,507093.0947522294
3238,2,271000.0,258428.53525256072
3939,2,425000.0,354606.31341068225
3945,2,480000.0,480748.09433914884
5183,2,220000.0,290344.53355845885
6807,2,299500.0,270041.4605399648
7205,2,630000.0,509868.58068487205
7209,2,352500.0,361506.34079789923
7305,2,445000.0,470212.9806328297
7814,2,291000.0,232833.92684112472
8148,2,1250000.0,1173923.9852012675
8161,2,275000.0,292898.3533685
8499,2,336500.0,295766.3547986115
8603,2,279000.0,291728.50829325727
9330,2,825000.0,958755.0825529846
9451,2,500000.0,530009.2162987952
9503,2,435000.0,448106.8051911858
9512,2,1275000.0,804257.2200748953
9971,2,235000.0,222104.327875041
9989,2,388500.0,411483.8020108849
10027,2,578500.0,627012.9257780432
10100,2,550000.0,711873.2488341641
10175,2,495000.0,541738.397109772
10198,2,325000.0,328047.50528522144
10238,2,730000.0,825134.1885417261
10318,2,800000.0,1064614.7375615938
10783,2,700500.0,610020.1321234421
10982,2,1565000.0,1129688.8296966362
11285,2,236000.0,214297.6745476869
11449,2,228900.0,277571.2971210171
11898,2,505000.0,600460.4572271027
11987,2,365000.0,351375.5524258958
12164,2,290000.0,338883.40537591255
12235,2,820000.0,826104.5683570333
12314,2,215000.0,269277.60395839665
12727,2,642860.0,573762.7468725618
13318,2,570000.0,565649.5825601197
13708,2,670000.0,664511.7062804595
13810,2,415000.0,488440.15862200566
14062,2,201000.0,219160.49123248618
15095,2,500000.0,441544.98712821153
15184,2,340000.0,466656.1003320193
15195,2,244000.0,241974.03876685075
15359,2,287000.0,314488.95712184324
15879,2,330000.0,345776.7164186678
16587,2,740000.0,761383.6895404543
16680,2,598800.0,282360.81478026294
16833,2,465000.0,450455.7144074821
17588,2,800000.0,801738.1933613103
18021,2,830000.0,612107.7465181667
18998,2,270000.0,229590.25797074244
20245,2,649000.0,613692.4324825587
21266,2,440000.0,399620.2250494394
21396,2,685000.0,637593.0431415974
569,2,405000.0,263512.4881323415
1004,2,245000.0,238678.76125659922
1482,2,504750.0,478199.05507215735
2019,2,275000.0,254947.6196459909
2293,2,390000.0,393227.1066149479
2546,2,299900.0,298199.5554609793
3465,2,200000.0,186563.60991057305
3732,2,360000.0,521791.9020930926
3768,2,255000.0,228712.29880018454
4151,2,825000.0,1024581.0096727036
4749,2,319000.0,324537.78695989
4943,2,895000.0,826216.0910118134
6391,2,303000.0,285938.98878691305
7075,2,350000.0,324636.7142203461
7173,2,420000.0,396605.20900741953
7857,2,582000.0,508573.391114689
8121,2,175000.0,174081.19118862925
8259,2,329000.0,370884.8742818373
8535,2,480000.0,399991.227783571
8688,2,520000.0,548827.2431943519
9049,2,952000.0,926907.1661191487
9109,2,570000.0,529771.3397052148
9242,2,650000.0,692275.9215034525
9454,2,213400.0,258129.26180965634
9894,2,784950.0,795759.9690433737
10021,2,465000.0,439949.2561108306
10421,2,630000.0,552612.4437997742
10923,2,582500.0,486545.4843280801
11741,2,405000.0,396069.28499061684
11769,2,325000.0,301986.5122837765
11878,2,1620000.0,1358509.482231141
12084,2,338000.0,281634.82351728564
12101,2,348500.0,327088.15162739216
12111,2,315000.0,354860.4481629163
12558,2,364000.0,347571.19553045125
12601,2,288000.0,278569.198412604
12695,2,258500.0,253589.6101971961
12812,2,420000.0,494529.0103007769
14265,2,229000.0,194303.57091115747
14467,2,825000.0,903303.6769032158
14558,2,357500.0,346798.6961154551
14690,2,565000.0,613218.4805082995
14857,2,327000.0,343015.19254932844
15281,2,339999.0,324500.28634592344
15336,2,276000.0,385392.33293776517
15354,2,572500.0,607906.6543329585
15423,2,279000.0,303499.7597915854
15840,2,1335000.0,828164.2466683398
16082,2,210000.0,316634.79626749863
16231,2,260000.0,261975.67742565356
16264,2,315000.0,266903.47037344705
16495,2,735000.0,714601.4479162632
16527,2,950000.0,1258206.923354704
17458,2,463000.0,335849.5003495143
17942,2,623500.0,577472.4554973885
18058,2,244000.0,246224.08661730323
18059,2,275000.0,213099.43920082308
18103,2,677000.0,701559.0126908062
18664,2,249000.0,241389.3325789027
19400,2,229950.0,226874.47274899986
19420,2,557000.0,609807.3799840143
19514,2,349900.0,345375.7337950641
20077,2,1035290.0,1029072.1098142586
20558,2,620000.0,579083.5497179612
20577,2,825000.0,817773.1054744377
20811,2,580000.0,501962.4573819971
21433,2,465750.0,521040.4447961247
422,2,538000.0,480332.25081337075
703,2,485000.0,572946.6204269276
878,2,229000.0,195889.01078109577
1096,2,241000.0,176244.77109410038
1983,2,555000.0,640871.6946737409
2802,2,179500.0,248414.71121622494
3035,2,1799000.0,1443432.959157534
3383,2,430000.0,333989.1821599072
3572,2,770000.0,430228.1870535697
3813,2,2890000.0,2767577.1236650576
4528,2,239900.0,233609.46910137573
5881,2,268500.0,363803.2146900447
6188,2,675000.0,698079.5858691739
6731,2,319000.0,372634.14898734115
6737,2,269950.0,260052.6464307993
6827,2,340000.0,530869.2016175648
7028,2,567000.0,555675.6772592785
8885,2,309000.0,242009.25888728828
9752,2,329000.0,336208.9230468343
11229,2,395000.0,273199.02804392617
12324,2,280000.0,218817.20799266346
12885,2,808000.0,832497.6322942822
13058,2,375000.0,367665.4866404977
13557,2,311000.0,357787.4091609668
15029,2,299500.0,258297.3831269194
15088,2,396900.0,393330.81793612335
15278,2,765000.0,828552.6680830283
15803,2,375000.0,377490.52146480605
16136,2,1320000.0,762226.8033764006
16533,2,651000.0,668449.9417684084
16990,2,296500.0,258447.41747516574
17467,2,304500.0,302362.5295546468
17493,2,1050000.0,776201.952059543
17512,2,386100.0,382097.0503895453
17707,2,633000.0,685902.9011162723
18238,2,750000.0,655816.4779788485
18514,2,245000.0,265179.12699551263
19047,2,340500.0,353944.19710064406
19581,2,340768.0,261579.72606465706
19617,2,450000.0,501940.56858153566
20647,2,539950.0,487331.8382232081
21352,2,495000.0,493078.3488843862
1621,2,248000.0,286772.28610006394
3096,2,285000.0,286975.65939125174
7536,2,1320000.0,934853.5801751985
16707,2,255000.0,287250.1850237658
17165,2,420000.0,491178.8425221844
18258,2,260000.0,244323.45377163967
18733,2,229000.0,414987.6264950942
1904,2,1045000.0,1015570.3163161556
19170,2,517000.0,555351.0025910286
81,2,360000.0,303469.6040763731
715,2,250000.0,246262.9650982548
816,2,310000.0,322851.97943975084
1156,2,350000.0,400641.2335131878
1217,2,1875000.0,1724022.7216117948
1785,2,285000.0,258276.63896263237
1868,2,411800.0,451157.1470645365
2089,2,750000.0,906298.0170325829
2119,2,585000.0,685825.1575365389
2749,2,722500.0,644056.0099618362
3489,2,210000.0,309789.64373389917
3624,2,650000.0,506160.0269010681
3864,2,790000.0,772705.3703788435
4256,2,261500.0,284409.45460349583
5215,2,335000.0,429412.9960578438
5377,2,610000.0,536564.2314299918
5765,2,650000.0,776314.4972577968
6094,2,239000.0,227764.54972700778
6207,2,337500.0,452418.093603125
6229,2,360000.0,357082.31126362045
6249,2,332500.0,444477.7463109699
6284,2,499000.0,494667.54976987466
7809,2,266000.0,264766.0460154134
7840,2,328000.0,326032.6782990981
8025,2,323000.0,359024.3337616509
8417,2,520000.0,597946.0644622942
8506,2,270000.0,430157.65547791455
8560,2,324000.0,306416.43983517075
9087,2,575000.0,617636.2712539089
9238,2,379000.0,375199.0170569116
9580,2,244000.0,238647.49709185687
10377,2,570000.0,545975.7943678544
10598,2,278000.0,297280.03216538235
10863,2,232000.0,242903.06711577682
10915,2,332000.0,370714.0666550489
11356,2,350000.0,330799.5360672879
12156,2,200000.0,238679.9660790553
13175,2,670000.0,597463.5770897813
13497,2,289950.0,283664.6155535267
13763,2,625000.0,706727.4166920639
13813,2,600000.0,529554.4144763227
14069,2,221000.0,189731.6332533833
14318,2,317500.0,315229.5899800629
14329,2,340000.0,321039.6409917082
14500,2,462370.0,459808.8813524343
15348,2,550000.0,641200.6315264407
15934,2,745000.0,663255.7056718973
16228,2,202500.0,239577.67912322312
16287,2,260000.0,258698.63399877166
16709,2,520000.0,520747.8509369541
16734,2,500000.0,560418.746723224
17327,2,637500.0,586884.8172495768
17803,2,705000.0,643752.6175707427
18227,2,525000.0,459712.31882317184
18424,2,274000.0,223515.880314773
19103,2,400000.0,498994.18999055884
19652,2,274000.0,266398.3454461502
19789,2,550000.0,568961.9779260942
19843,2,465000.0,440755.00733228103
19955,2,570000.0,559405.0199037732
20041,2,975000.0,646936.9751548963
20067,2,633000.0,737078.8849926793
20110,2,436000.0,431427.802777292
20553,2,344000.0,361244.8983274499
20685,2,810000.0,833787.0668913905
20877,2,627000.0,564050.5371359716
20907,2,325000.0,315470.79669542913
94,2,700000.0,597213.6726821659
373,2,380000.0,428624.90561327327
418,2,355000.0,367449.638212921
815,2,379000.0,429476.0212708217
1268,2,302495.0,323857.9278515967
1372,2,330000.0,495670.93962556496
1924,2,432000.0,555436.4261848438
2523,2,225000.0,186519.19218309253
2660,2,523000.0,582294.8280452084
2695,2,705000.0,675921.0295842343
3103,2,1130000.0,1364304.5391988002
3925,2,540000.0,460230.3065572531
4031,2,276000.0,259479.85730348076
4064,2,383000.0,416757.7725801208
4159,2,215000.0,205861.62378839665
4881,2,285000.0,281683.9292114666
5236,2,199999.0,218613.61479815713
5565,2,472000.0,560749.4090790306
5717,2,405000.0,414306.5554259246
5752,2,565000.0,476471.4651734783
6047,2,510000.0,461695.2322619989
6520,2,760000.0,668772.6594443307
7217,2,292500.0,286376.2267348859
7594,2,395000.0,439713.03103770997
9328,2,334950.0,322286.67123124906
9754,2,405000.0,410857.8622404039
9854,2,235000.0,305352.4418359896
11710,2,219950.0,234259.6324376063
12025,2,756450.0,609696.451089926
12231,2,887500.0,906941.7851885386
12503,2,450000.0,445256.80193241936
12560,2,445000.0,425072.05261394824
12719,2,345500.0,323392.21312845044
12749,2,515000.0,470134.22474531084
12896,2,312000.0,276798.21187445096
13335,2,440000.0,397514.7415377066
13466,2,1272000.0,1176994.4174770955
13514,2,515000.0,314628.78567406785
13738,2,252000.0,264396.7144135882
13828,2,435000.0,450746.3883121923
13902,2,539500.0,534889.4746580438
15180,2,2200000.0,1547040.3752637084
15330,2,520000.0,466951.74329897255
15667,2,1715000.0,1632350.048003709
15974,2,325000.0,317915.7585152288
16354,2,575000.0,474332.9229215251
16581,2,269000.0,276388.5551000274
17251,2,490000.0,540701.1118811172
17490,2,275000.0,258779.118508117
18264,2,415000.0,395302.18872825266
18386,2,390000.0,425612.33450601285
18394,2,325000.0,306540.7201362128
18498,2,206000.0,177703.0502036946
18671,2,383000.0,317126.5495458393
19621,2,235000.0,172148.94986916802
19712,2,263000.0,248962.3072272872
19734,2,250000.0,204991.30208796897
19947,2,395000.0,404907.8977495183
20267,2,1042000.0,1125778.8509471843
20420,2,599000.0,596778.0893510316
20473,2,661000.0,622661.8362008121
20884,2,270500.0,295120.5417255853
21320,2,625000.0,613298.3924852957
2145,2,415000.0,375847.02699156
2301,2,370000.0,369721.10534164065
2380,2,363000.0,318311.8975258121
3361,2,160000.0,167882.96538143622
4083,2,246700.0,246233.60649880025
6132,2,700000.0,643365.1685226066
6257,2,280000.0,269779.9658038755
6843,2,255000.0,231226.5278216312
9673,2,535000.0,596981.1960966473
9862,2,360000.0,350435.55400783644
10049,2,439000.0,432053.85941606533
10308,2,329000.0,326856.16139051033
10410,2,422800.0,406624.6353294501
10579,2,345000.0,339395.8021675973
10727,2,265000.0,239013.83323961287
11213,2,255000.0,226317.50488411507
11873,2,650000.0,680083.4162805014
12243,2,480000.0,420905.98451085476
13147,2,320000.0,292855.0840182029
13563,2,715000.0,758921.532880598
13618,2,310000.0,231389.88540952816
13720,2,410000.0,417005.69872180576
15363,2,319000.0,302149.22989240783
15444,2,539500.0,560773.5268073014
16131,2,434400.0,426843.91812053387
16319,2,500000.0,584750.5519766472
18500,2,325000.0,293673.3134872087
18960,2,480000.0,331819.23401925934
19024,2,1001000.0,811434.791768333
21551,2,1375000.0,1229315.3515998265
868,2,381156.0,389208.5600460732
1871,2,247500.0,255210.5644018881
2427,2,473000.0,369308.571078689
2789,2,524000.0,397134.2218126049
2799,2,415000.0,382599.1019317042
2941,2,123300.0,204051.49158899055
3995,2,241250.0,242079.17138237038
4372,2,160134.0,206100.5761557554
5207,2,500000.0,441233.6457334425
5325,2,485000.0,578135.8753864138
5339,2,350000.0,327163.8748307102
5619,2,874000.0,832097.2047435702
6382,2,605000.0,571808.4433150187
6513,2,535000.0,533742.1549245506
6896,2,255000.0,267612.3413882862
7101,2,199950.0,174313.307813875
7603,2,475000.0,460256.58004832995
7638,2,250000.0,299200.5852048581
8247,2,335000.0,285253.34134139685
9436,2,375000.0,465090.56956290605
9785,2,920000.0,863826.7262935964
10412,2,525000.0,400854.508378989
10681,2,795000.0,862780.9657786404
11596,2,575000.0,503125.9856941544
12846,2,860000.0,896982.7037350116
13110,2,1135000.0,1413994.6315659403
13321,2,275000.0,455005.1762721194
15476,2,215000.0,298748.612580356
16050,2,399000.0,305494.0826735482
16526,2,250000.0,288121.4894982756
16762,2,449400.0,435996.44888767076
17008,2,370000.0,370884.8742818373
17049,2,455000.0,449022.7476402124
17435,2,353500.0,368495.15254565474
19670,2,865950.0,874756.1965421718
21042,2,255000.0,274153.5968732922
21194,2,375500.0,360635.9265489817
14621,2,350000.0,394330.45059500093
15216,2,475000.0,414557.9860272967
346,2,239900.0,195903.65538935154
696,2,700000.0,724748.010634227
1157,2,790000.0,677950.2044069798
1263,2,614000.0,686292.6342053423
1424,2,340895.0,336974.9148819916
2442,2,485000.0,495601.14901249576
2463,2,262000.0,229842.20752438682
3426,2,515000.0,639860.3594609038
3705,2,230000.0,246160.68816002915
3776,2,680000.0,691863.4345129475
4032,2,2500000.0,1746433.3826800592
4324,2,459500.0,397284.0517135614
4878,2,1151250.0,850854.8507360022
5363,2,307000.0,307528.035114101
5952,2,376000.0,431301.40283922147
6602,2,1035000.0,979583.9395386807
6877,2,305000.0,278248.1445948799
7843,2,550000.0,486780.70348313043
7948,2,200000.0,257438.91984339003
8291,2,315000.0,281844.2475379555
8863,2,562000.0,584040.9095816046
9074,2,220000.0,208583.61940671448
9200,2,250000.0,222779.7632693831
9269,2,500000.0,445599.00248393073
9428,2,800000.0,779760.6483257588
10723,2,238000.0,216913.69951396962
10761,2,207000.0,239374.1633689972
11088,2,195000.0,201555.87385348772
11150,2,399950.0,342363.00833891716
11555,2,530000.0,515656.2109458683
11839,2,320000.0,319779.1103683341
11992,2,738000.0,698332.7102189832
12491,2,377500.0,391534.16242328717
12513,2,445000.0,457770.3004658582
13727,2,472000.0,579622.7351734976
14033,2,360000.0,370196.6579677403
14077,2,714000.0,816408.507047183
14932,2,920000.0,797975.1096877073
14972,2,1425000.0,1331058.972334912
15948,2,555000.0,613589.947202884
15983,2,185000.0,205862.47452845905
16390,2,302300.0,321195.5348160738
16455,2,202000.0,153991.17720655527
16500,2,271000.0,225409.03867004826
16573,2,438500.0,413857.40864918736
16957,2,575000.0,483343.5117899144
16992,2,420000.0,413267.3244329568
17775,2,515000.0,501585.8547579691
17992,2,415000.0,380714.170631839
18212,2,362950.0,395714.7634551061
18747,2,275000.0,245278.71381824103
18951,2,559000.0,548087.138045273
18999,2,540000.0,438072.9884160257
19254,2,660000.0,741868.6290866871
19579,2,495000.0,526351.0231955079
20209,2,659000.0,667341.2441753293
20270,2,577000.0,648737.2868917423
20566,2,345000.0,354415.64754507045
20816,2,1105000.0,869147.5015620353
20862,2,336900.0,349132.170100248
20980,2,495000.0,534889.9891895792
21028,2,255000.0,240251.27078299603
21163,2,620000.0,659683.0748011292
21213,2,785000.0,756291.6591129514
37,2,640000.0,796147.6536625064
1013,2,538200.0,521801.59854512406
1058,2,528000.0,445629.83819562406
1107,2,609850.0,698412.9390832455
1484,2,530000.0,371768.0869883259
1538,2,420000.0,402740.82001764746
2461,2,1700000.0,2146805.3451217054
3059,2,424950.0,416564.94557637
3369,2,189000.0,255929.9617879378
4209,2,825000.0,834573.892148371
4216,2,305000.0,317808.5924474969
4782,2,260000.0,289980.6593782991
4914,2,455000.0,441393.43500027724
5208,2,685000.0,665314.2133257887
6100,2,495000.0,470241.05397007806
7040,2,190000.0,222076.95842448375
7343,2,1535000.0,1243634.762277214
7568,2,621000.0,583306.847972208
8072,2,350000.0,360720.2580951404
8459,2,460000.0,474637.8856795504
8531,2,415000.0,390309.51047849073
9131,2,250000.0,257766.42437833536
9430,2,355000.0,411851.23921459186
9783,2,340000.0,352297.906294966
10254,2,235000.0,165797.80558641284
10427,2,1200000.0,451000.16243548744
10502,2,226500.0,231739.5999349192
10635,2,739000.0,789896.8041298636
11026,2,469000.0,418067.87584519904
11768,2,771000.0,807760.8199458987
12044,2,1060000.0,1010786.3525552285
12662,2,150000.0,199049.7063302986
13455,2,230000.0,224733.35519357782
17051,2,190000.0,227940.36462353924
17453,2,630000.0,629685.9223831465
17753,2,160000.0,195934.99888137658
18199,2,3300000.0,2794227.4749519844
18875,2,1945000.0,2109503.420318865
19390,2,620000.0,613956.7668136832
19496,2,350000.0,349111.4375877139
19837,2,1255780.0,1082666.9796452548
20171,2,550000.0,601267.5836640985
21293,2,208400.0,286412.56920959934
52,2,600000.0,534975.6898453037
451,2,333500.0,336997.16289185453
566,2,260000.0,221777.64837815185
1139,2,605000.0,601556.0050301458
1692,2,825000.0,805998.5677841502
3004,2,441000.0,355960.0380100119
3403,2,221700.0,270231.58897699113
3480,2,1225000.0,930847.5325359657
3633,2,406500.0,442042.227592005
3803,2,795000.0,803323.7231273806
4081,2,905000.0,644853.9069679793
4882,2,240000.0,250251.84165758523
5574,2,241500.0,221852.46706297688
6500,2,755000.0,714221.4991569287
7372,2,609000.0,629685.9223831465
7526,2,614285.0,574454.5805487109
7878,2,205000.0,215757.4464299552
8393,2,582000.0,614114.1673890182
8626,2,425000.0,426109.23060050054
9069,2,565000.0,683373.3147252536
9263,2,315000.0,309933.84446634125
9850,2,875000.0,726554.2504113996
12746,2,518000.0,443684.2346164414
12892,2,209000.0,191333.9506153796
12984,2,146000.0,171574.77815812023
13076,2,931000.0,881124.7098046931
13152,2,575000.0,547447.6988894199
13749,2,272000.0,243176.8098330834
15126,2,449000.0,405451.45899069397
15572,2,330000.0,286099.4917114182
16205,2,485000.0,558825.5780669386
16303,2,365000.0,316374.49227150745
16936,2,397000.0,352508.0476268565
17365,2,826000.0,1109993.6330459425
17507,2,665000.0,644478.0081148564
18433,2,261000.0,246435.795804136
18462,2,219200.0,232697.7380051502
18666,2,690000.0,714912.5597599881
18935,2,460000.0,393017.7834570381
18976,2,579000.0,512635.0678885295
19293,2,310000.0,293457.24882045627
19375,2,509000.0,522020.395858268
19607,2,689000.0,748443.1364093575
19952,2,443000.0,372023.05370951607
21549,2,327500.0,309381.7173114367
120,2,660000.0,619822.7735813757
171,2,272000.0,258037.85360874733
574,2,263500.0,278044.5945200495
658,2,748000.0,644150.2094802039
718,2,730000.0,503086.5534936203
1734,2,252000.0,301700.80834808084
1851,2,500000.0,529039.9212824272
2046,2,1568000.0,1225676.5337275395
2794,2,1289000.0,970967.677844239
3604,2,625000.0,611938.4051061363
4856,2,147500.0,223268.42232436145
5321,2,475000.0,388844.2935911904
6053,2,762500.0,783267.1377198391
6633,2,782000.0,833702.0652505839
7597,2,825000.0,846275.4580548637
7971,2,350000.0,313686.2573762492
8302,2,325000.0,321787.6579687277
8872,2,408000.0,384449.3812805307
8932,2,273000.0,324708.4619560598
9486,2,287000.0,266816.21896218794
9711,2,510000.0,521327.5992615955
9875,2,332500.0,326148.60161647724
10296,2,166000.0,205441.43979632994
10758,2,520000.0,401467.08564532746
11155,2,256000.0,239377.10769802405
11447,2,514500.0,484617.52678693726
11515,2,475000.0,456361.64450089267
12020,2,247000.0,254101.5481162762
12634,2,489500.0,558437.2930250077
13412,2,829000.0,799407.3930600508
13908,2,230000.0,257723.87412156205
14380,2,519000.0,441301.2206192575
14530,2,325000.0,288676.85963022744
14685,2,1465000.0,1441277.7482715873
15024,2,633000.0,531197.0462335238
15141,2,345000.0,338792.39467141416
16077,2,500000.0,490995.6633829236
18123,2,243000.0,261670.58933992655
18181,2,262500.0,239566.04542331217
18245,2,476000.0,423343.30406101316
18271,2,238000.0,199985.7036427184
18658,2,440000.0,489839.71030852495
19257,2,675000.0,611148.9667807289
19910,2,430000.0,419550.0828281168
21189,2,530200.0,561589.3553407987
71,2,325000.0,352918.9628061037
130,2,212000.0,209465.92616037896
417,2,423000.0,418113.7663591696
685,2,802541.0,863900.9315261599
1135,2,420000.0,451480.813410658
1557,2,937500.0,1019994.6162339491
1654,2,330000.0,319635.83107835473
1746,2,729000.0,699521.8565047745
1976,2,830000.0,669843.5056954278
2552,2,313000.0,321610.93751148356
2816,2,600000.0,519654.6599916411
3549,2,652427.0,606139.7657855438
4227,2,755000.0,532907.4786605511
4265,2,593500.0,593713.8740276148
5303,2,99000.0,154117.0958375604
5827,2,1697000.0,1453183.599004831
5919,2,855000.0,892099.7265225034
6358,2,317500.0,293896.5196303101
6423,2,445000.0,444418.56306758843
7077,2,1650000.0,1160071.6145730324
7121,2,500000.0,523010.7686293749
7267,2,469500.0,455543.4784323835
7316,2,330000.0,345899.0395705111
7564,2,725000.0,642949.2999147228
7700,2,2150000.0,2536589.302060138
7955,2,299950.0,242378.01675376907
8368,2,362500.0,366227.3464698246
9364,2,467500.0,446323.6329104983
9886,2,241000.0,247854.62079758625
10102,2,312500.0,414417.24536098173
10176,2,600000.0,701706.7485821507
11358,2,400000.0,427060.66825054854
11735,2,400000.0,412169.58962842764
13092,2,482500.0,466475.97667094856
13961,2,485000.0,478765.79212728795
14433,2,276750.0,259308.85345476016
14493,2,299999.0,306007.4607945605
14835,2,300523.0,921940.4562292523
15131,2,135000.0,147358.1745418073
15353,2,780000.0,963901.0975201284
15379,2,344500.0,279072.84487897676
15652,2,419950.0,442021.02907062665
16135,2,270000.0,277794.66129241366
17033,2,165000.0,198301.84879063486
17303,2,317000.0,248207.22436853006
17455,2,490000.0,493097.9820003387
18235,2,383000.0,376807.78248313844
18349,2,570000.0,455247.5347751916
18504,2,490000.0,411749.9938248953
18708,2,713000.0,713809.938749512
18726,2,707000.0,492745.4558567191
18872,2,245000.0,280894.8278670955
19022,2,550000.0,557841.8272652137
19543,2,385000.0,444724.43712430913
19587,2,739000.0,743850.6801554743
20534,2,960000.0,830013.9237919411
21196,2,1100000.0,988283.3145711651
21391,2,269950.0,290830.25940335385
21484,2,850000.0,897881.8399822953
469,2,342500.0,304488.2485925238
1108,2,200000.0,272840.1593693034
2234,2,608000.0,707599.2198246486
2333,2,555000.0,531438.4574460932
3049,2,272000.0,278237.8686536735
3088,2,325000.0,317431.9177366347
3454,2,665000.0,438159.5294975537
3613,2,563000.0,616827.6663802108
4058,2,299950.0,337523.85124306177
4235,2,700000.0,806608.735590001
4664,2,405000.0,390570.89941960206
5499,2,365000.0,263531.3895411445
6346,2,430000.0,401025.1738415188
8087,2,154200.0,232648.793208739
8873,2,392000.0,356194.8080586286
8991,2,214000.0,197711.7804590497
9034,2,340000.0,350755.0153443259
9728,2,215000.0,194642.5481851327
9964,2,335000.0,297068.23285334907
12735,2,375000.0,357635.2182566681
12736,2,325000.0,293110.6444165761
12785,2,537000.0,545514.2735034567
12789,2,282500.0,296667.0355349456
13220,2,240000.0,278420.7632668202
15090,2,245000.0,239180.65935649283
15238,2,283500.0,271520.1896334392
15982,2,652600.0,698955.8142469064
17234,2,1085000.0,1139723.883904237
17324,2,1629000.0,1426821.2318349937
17506,2,248500.0,252107.38766486413
17966,2,320000.0,299765.5297173593
17998,2,216000.0,231519.3475226
18576,2,315000.0,313302.78239669936
18983,2,237500.0,250508.11547987958
19105,2,463000.0,435498.66939113365
19208,2,265000.0,258401.27434357736
19294,2,190000.0,223980.96900577788
19765,2,390000.0,350294.3646136632
20022,2,459000.0,417540.040622942
20397,2,480000.0,528069.3624517511
20411,2,653000.0,607579.240505512
20437,2,344000.0,371823.68306264473
179,2,330000.0,377506.7114092393
423,2,380000.0,384603.6450062692
468,2,340500.0,314325.6036906297
768,2,760000.0,784905.1050516954
803,2,625000.0,610629.4621236105
839,2,332000.0,331090.9626501902
1194,2,406000.0,364826.0377350573
1465,2,765000.0,776597.081125291
1630,2,180500.0,265908.8972904355
1668,2,550000.0,572815.8492628015
2656,2,350000.0,369100.1043878692
3541,2,326000.0,244894.86076344748
4972,2,528000.0,519347.6270483723
5826,2,250000.0,255221.8758144207
6176,2,354000.0,380589.2231425288
7310,2,585000.0,535658.4345907973
7387,2,1775000.0,2022426.8152582531
7473,2,325000.0,307310.6414988401
7665,2,285000.0,239229.3691159162
8785,2,790000.0,450493.4955974609
8813,2,580000.0,633238.9342086122
8852,2,291000.0,219608.63721282157
9056,2,553000.0,441925.3503226478
9714,2,937500.0,1292601.9809362728
10146,2,596500.0,522141.5504745292
10276,2,728725.0,747788.9633840374
10331,2,305000.0,315752.8561409136
10393,2,575000.0,680495.7202890549
10991,2,349000.0,330718.50709329196
11034,2,998500.0,832353.8598982217
11486,2,390000.0,381164.3133003097
11908,2,879900.0,714807.0614208628
11957,2,499000.0,362575.873663879
12538,2,350000.0,316148.3678090836
13174,2,540000.0,513106.83394161257
13295,2,162000.0,292055.36257896194
14658,2,320000.0,278980.8544648306
15392,2,551100.0,453449.58745339175
15504,2,273500.0,295534.17642564006
16156,2,445000.0,499943.6868379664
16406,2,445000.0,466985.01500094373
16697,2,1150000.0,1050492.4881713148
16721,2,685000.0,660922.8454780137
17080,2,988000.0,986138.0978488025
17469,2,485000.0,279752.906718404
17548,2,290000.0,416186.1423787599
17562,2,261590.0,169363.66104577636
17686,2,750000.0,594210.0523514658
18118,2,515000.0,539812.6010898169
18195,2,605000.0,588267.5154408874
19845,2,484950.0,460825.3386733605
20404,2,729000.0,680330.060708474
20542,2,850000.0,805600.4051273027
21576,2,3567000.0,2513282.4171704305
118,2,171800.0,227947.86487553435
309,2,665000.0,636721.4110793421
456,2,496500.0,498768.3942119112
992,2,645000.0,657815.7129593994
1360,2,815000.0,812706.6471959165
1667,2,349950.0,386036.0298970657
2743,2,388000.0,400068.3997037083
3060,2,387000.0,397801.20168180164
3834,2,349950.0,264813.38266010594
4025,2,1010000.0,889963.2473608541
4219,2,329500.0,317177.0128500556
4524,2,875000.0,921085.0600277188
4561,2,185000.0,154367.2468121048
4699,2,1195000.0,1277720.6840602646
5206,2,768500.0,772108.4028991216
5410,2,899000.0,854254.6464107207
5739,2,1620500.0,1572318.7661503656
6060,2,760000.0,784797.66738529
6665,2,455000.0,444212.5772777706
7394,2,987500.0,1161717.1432040692
7570,2,395000.0,456084.4940733688
8351,2,510000.0,518259.98065103457
9991,2,419000.0,424113.1566499792
10038,2,375000.0,392366.06438316696
10903,2,331500.0,454063.3949710107
12862,2,595000.0,563028.1538954346
12901,2,770000.0,825265.9846470252
13074,2,305000.0,395627.1548669078
13626,2,240000.0,262653.4256453958
13694,2,386500.0,399257.69701054215
13783,2,185000.0,224250.29051622917
14020,2,425000.0,353185.9332723712
14064,2,357500.0,353921.1016655633
14232,2,2200000.0,2191216.642185241
16152,2,350000.0,331122.76200616575
16970,2,288000.0,282699.07931972505
17635,2,230000.0,299425.5087524158
17959,2,185000.0,180179.03088522502
17994,2,320000.0,406352.05523616564
18725,2,180000.0,287399.1493340794
19221,2,218250.0,193872.00480832718
19371,2,224000.0,263660.63827312825
19491,2,330000.0,332987.8898500429
20028,2,918000.0,853055.1616033646
20070,2,524000.0,489817.5075205545
20376,2,600000.0,609208.4180077176
20506,2,305000.0,322939.43526086275
20942,2,375000.0,356564.80840450496
21225,2,635000.0,568353.0983802702
1105,2,550000.0,504713.0275347386
1517,2,610000.0,564512.2835517959
2325,2,270000.0,310079.0482070539
3833,2,524000.0,462724.25218200515
4708,2,323000.0,409790.7081514666
5089,2,803000.0,434650.4598270509
5465,2,560000.0,528823.3337079717
5741,2,629000.0,529017.9216193005
5764,2,465000.0,480118.9974896341
5942,2,908950.0,944924.9078410954
6023,2,700000.0,613221.9717502437
6637,2,313000.0,333929.116345214
7440,2,928950.0,1020681.4294518777
8775,2,640000.0,541125.899433326
8802,2,367500.0,360448.5341027986
8857,2,264950.0,245335.63130347469
9045,2,600000.0,579364.7354175211
9339,2,335000.0,344626.7197851407
9840,2,1140000.0,1204663.0231862054
10362,2,600000.0,409295.8412526174
11535,2,3200000.0,2295305.9946111143
11684,2,510000.0,435654.4597687044
13446,2,292500.0,259117.76555670894
13492,2,1650000.0,1444016.1517063775
13645,2,300000.0,323345.353478559
15770,2,520000.0,484759.68599459494
15849,2,322000.0,329854.1428614032
16414,2,322968.0,431188.28598176985
17977,2,311000.0,268134.09565790975
18429,2,295000.0,254388.63154375134
18446,2,270000.0,283747.9504309882
18580,2,435000.0,419086.84540314996
19656,2,480000.0,379618.98445756204
19691,2,319000.0,279513.7306460284
21173,2,880000.0,901854.6578298596
21470,2,249000.0,240512.7584728124
12088,2,325000.0,313565.6305680107
945,2,419000.0,398660.9071678217
2267,2,2750000.0,2836637.0744664418
2481,2,236500.0,363249.1966804254
2550,2,265000.0,248771.75199056262
3355,2,374500.0,364614.0222279731
3946,2,400000.0,469035.20772692515
4446,2,344000.0,347300.5475338096
5228,2,835000.0,848392.2873510369
5382,2,329000.0,277153.05451473745
5818,2,338500.0,336453.255401362
6829,2,332500.0,330336.39306924277
7614,2,419950.0,350624.23561566503
7741,2,530000.0,478336.97516261204
7953,2,920000.0,770786.6325683396
8415,2,710000.0,765772.4446081553
8671,2,385000.0,430440.1984761942
10219,2,950000.0,1103044.0514092983
11040,2,1225000.0,1292774.2484767418
11098,2,435000.0,408945.26615729317
11871,2,1950000.0,1281005.5660387962
12379,2,800000.0,854334.9343615582
12389,2,237000.0,266384.3083281455
12465,2,222900.0,195817.45059000634
12738,2,287000.0,265222.41195160744
13030,2,320000.0,316863.7525056662
13458,2,780000.0,752784.3238939273
13546,2,415000.0,410900.2925235957
14439,2,495000.0,506760.4646845185
14585,2,984000.0,941525.4525079046
15525,2,262000.0,234221.8429433297
15837,2,440000.0,468693.4179737648
15928,2,550285.0,527011.9194762311
16085,2,449000.0,437183.6968870196
16465,2,200000.0,247664.53544234388
16837,2,1300000.0,1311533.9089664703
17699,2,500000.0,475839.9136747053
18413,2,359000.0,368364.37683315855
18659,2,618000.0,599331.8995832329
18694,2,835000.0,748974.6202250284
19298,2,565000.0,646124.158245838
19374,2,330000.0,320957.36042030307
20715,2,540000.0,528558.7219253068
198,2,440000.0,452237.51488639694
618,2,175000.0,269466.3182173948
734,2,347500.0,378245.38151112787
1288,2,320000.0,305684.8234025182
1331,2,515000.0,460853.69664452004
1598,2,451101.0,425834.70728018024
1878,2,832000.0,863580.2704226503
2574,2,630000.0,596882.655294894
3458,2,207500.0,211144.50264318803
3865,2,635000.0,669242.7908418763
3913,2,357823.0,350458.9854007241
5282,2,515000.0,496661.30087645573
5671,2,500000.0,463953.0956584154
5791,2,810000.0,849983.116635011
5985,2,441000.0,435140.2234448519
6167,2,460000.0,532767.1880614404
6218,2,215000.0,259110.90222399548
7480,2,320000.0,238300.72563254499
7676,2,725000.0,452505.82931599487
8742,2,500000.0,432116.10008393903
9036,2,667000.0,413656.47426148684
9097,2,314000.0,289423.6767782405
9127,2,190000.0,252803.35914252876
9450,2,300000.0,451549.1946829518
10163,2,769000.0,689836.3718173137
10611,2,489000.0,480257.7993824471
10817,2,1688000.0,1469737.626540058
11224,2,425000.0,182086.09058583068
11495,2,455000.0,399740.7206217291
11703,2,294000.0,323491.5017627586
13284,2,272000.0,253156.20820599777
14120,2,358000.0,278228.3224985083
14615,2,160000.0,216293.3030549717
15851,2,229000.0,235491.8027729521
16024,2,579000.0,504529.9828325161
16281,2,855000.0,862819.0836290357
16535,2,460000.0,430235.0563469466
20080,2,635000.0,629625.3418952588
20102,2,594491.0,568687.1365224991
20440,2,335000.0,289433.59568487643
20656,2,560000.0,687058.4390186737
20901,2,410000.0,409151.26836042135
21540,2,1881580.0,1281691.0336239599
213,2,465000.0,420683.511047851
615,2,425000.0,432909.40441846213
843,2,330000.0,334851.7025113326
1075,2,320000.0,394611.20224299206
1095,2,435000.0,447914.33562018466
1130,2,332500.0,359396.57515289757
2465,2,500000.0,547242.2098862824
2728,2,570000.0,716433.9040374227
3663,2,400000.0,269554.2116632162
5035,2,235000.0,241614.79674258005
6281,2,760000.0,663561.5006951174
7246,2,212000.0,179239.62369121404
7793,2,358000.0,332173.02959854883
7914,2,820000.0,710873.1681368824
8183,2,357500.0,361844.91558588255
8601,2,470000.0,506239.5785739309
8627,2,665000.0,918467.8954163684
8806,2,215000.0,232121.34873554096
9248,2,462000.0,407995.54240414663
9808,2,1175000.0,986364.3617482616
10424,2,109000.0,175813.96784215161
10483,2,250000.0,263230.6267317382
11018,2,1378600.0,1156104.4817380034
11351,2,270000.0,257752.98367353258
12199,2,1015000.0,1030854.3464221845
12774,2,290000.0,322999.8722079453
12926,2,509000.0,384232.343657011
12973,2,599500.0,548831.3689214765
13184,2,220000.0,232910.88859693534
14160,2,212000.0,267597.3445835187
14300,2,272000.0,259217.07989927864
14681,2,1475000.0,1517271.7583200657
15371,2,658000.0,383543.8808077612
15389,2,757500.0,645621.5223414644
15523,2,265000.0,209236.22250322244
17193,2,335000.0,358481.2731840438
17368,2,286000.0,248261.7421072849
17987,2,300000.0,375036.3222780965
18186,2,343500.0,345387.5609529779
18621,2,559950.0,545981.5444502505
18707,2,340000.0,318946.58151586686
19253,2,680000.0,715490.0816991174
19622,2,1150000.0,586641.2824512108
19675,2,280000.0,303901.6814830256
19874,2,333500.0,323383.7894456034
20128,2,675000.0,548595.8689006553
20151,2,248000.0,277560.5372127302
20391,2,700000.0,683769.5166535957
20696,2,554000.0,569444.9671762774
21174,2,525000.0,546470.6977591093
21186,2,303500.0,517558.810997253
7,2,291850.0,207110.91315795088
215,2,280000.0,184712.44544098855
228,2,235000.0,262650.0649604427
304,2,315000.0,345319.60191906494
802,2,422120.0,419053.04612816346
3213,2,505000.0,385091.21673373407
3721,2,884900.0,1351214.9212382059
4254,2,271900.0,245172.4393859202
4374,2,221000.0,195121.25073298352
4600,2,495000.0,521963.5073670246
4898,2,245000.0,327582.36010734603
5511,2,140000.0,180441.48363711152
5844,2,203000.0,232963.84289114468
6646,2,265000.0,299548.44354443403
6725,2,703300.0,669928.4500104375
6935,2,390000.0,413322.4922868467
7753,2,460000.0,390813.9117762427
7762,2,658000.0,709645.1839052096
8088,2,238000.0,221290.04691447486
8685,2,275000.0,276636.28776265844
8935,2,285000.0,342242.16626320727
9617,2,240000.0,265405.4668212759
9892,2,420000.0,347580.1499569321
10040,2,583000.0,534332.9521137008
10555,2,729000.0,740830.3887024535
11125,2,255000.0,215501.61539181782
11395,2,275000.0,290221.9900765493
13377,2,599950.0,613398.4694023696
13445,2,465000.0,392887.3868603709
13488,2,200000.0,275818.6312229404
14579,2,719000.0,621487.8992608185
15115,2,715000.0,871401.2020637385
15463,2,235000.0,220050.83407531425
15551,2,547000.0,483910.9787849904
16031,2,470000.0,383981.2829073081
17106,2,233000.0,193856.945233182
17294,2,515500.0,520443.5132215925
17599,2,220000.0,206883.8970473681
17767,2,2050000.0,1469116.1213687097
18326,2,215000.0,270027.2611978594
19157,2,435500.0,472591.2213613831
19638,2,834950.0,854611.2170155962
20088,2,389000.0,374877.9554946641
20527,2,1898000.0,1709070.9835588234
21561,2,750000.0,709316.0418851955
173,2,917500.0,1083486.8658128474
1347,2,735000.0,719441.838646765
1670,2,635000.0,725872.5536608706
1710,2,453000.0,394354.1176348713
1874,2,348000.0,337781.65606823453
1899,2,330000.0,317368.4128132875
2480,2,432500.0,410011.7023039934
2520,2,415000.0,518053.735685587
3127,2,176500.0,153716.78000286705
3492,2,790000.0,526737.2782015257
4136,2,700000.0,657657.2669517167
4153,2,435000.0,471562.8612206517
5041,2,440000.0,395030.1780767548
5259,2,199990.0,177289.4679375839
5757,2,365000.0,299681.6181431531
6031,2,300000.0,357831.3808134568
6328,2,372000.0,386412.3391709779
7328,2,345000.0,436781.66176108166
7688,2,404600.0,379215.0876655276
8540,2,1590000.0,1261704.4772665424
8578,2,560000.0,543575.6657944496
9085,2,650000.0,798682.003780319
9348,2,465000.0,669287.37115637
9358,2,356000.0,335440.6489662337
9859,2,450000.0,436812.99950367917
10121,2,749950.0,645731.8606967919
10788,2,200000.0,244286.46818503118
10809,2,218500.0,229988.9813594133
11166,2,463000.0,523657.2059718272
11187,2,674000.0,686372.3433266939
12072,2,605000.0,758182.843004373
12824,2,291970.0,202571.1836254322
15158,2,1950000.0,1711480.4520805206
15254,2,910000.0,1019680.9270251493
15438,2,278226.0,370302.27886122453
15623,2,375000.0,407481.7304147674
15868,2,570000.0,584889.7469917419
16009,2,775000.0,775578.2629050196
16271,2,341000.0,433884.6165502787
16296,2,620000.0,693433.5633167952
17353,2,919000.0,1208411.5696598473
17500,2,115000.0,153422.7478527534
17540,2,447500.0,418403.8342730969
17687,2,479000.0,451941.1274184858
19091,2,745000.0,820292.3709199416
19322,2,820000.0,772577.8553226257
20101,2,550000.0,509723.3929773471
20254,2,278000.0,266584.216957942
20424,2,471500.0,459927.9938239722
20961,2,389700.0,486831.8393649956
21311,2,539900.0,485426.93665837165
21611,2,400000.0,414095.46052204655
14862,2,235000.0,221682.79745332157
2117,2,339900.0,310384.82350704196
3887,2,425000.0,372834.42172101873
7769,2,855000.0,867092.770720091
12720,2,243000.0,252398.28470520835
14745,2,355000.0,336426.16234761046
19701,2,657000.0,563955.8903015845
20585,2,552500.0,549589.2905471855
921,2,342000.0,335607.54062573164
939,2,350000.0,360259.1523807754
1755,2,545000.0,672995.0785162811
2827,2,864000.0,839337.8092117509
3276,2,456500.0,436090.9404332729
4026,2,290000.0,338499.40121591743
4732,2,545000.0,550251.7840634941
5805,2,535000.0,589607.2766376517
6081,2,670000.0,631948.6170971488
6595,2,445000.0,442679.6952214892
7547,2,165000.0,234867.89536850646
7582,2,299000.0,281531.32959873485
7595,2,300000.0,234450.51322176695
7636,2,190000.0,180034.97675387174
7925,2,537000.0,518629.5826303635
8059,2,760000.0,742586.9034000409
8353,2,775000.0,721789.0403372936
8907,2,259950.0,246774.132043275
8930,2,199950.0,246158.47426848367
9400,2,197200.0,205023.50493411254
9709,2,348000.0,336238.69806747977
9770,2,831000.0,744632.5092454061
10078,2,520000.0,547903.0542770143
12339,2,415000.0,253830.7632506773
12921,2,539000.0,402600.05205551366
13276,2,905000.0,927191.2173566562
13406,2,538000.0,509483.8917096275
13574,2,436000.0,421584.92161732976
13781,2,585000.0,612429.7320581324
14109,2,274950.0,240653.62126108052
14850,2,389000.0,379597.48621107393
15017,2,615000.0,566000.9183783696
15659,2,420000.0,475536.40702757007
15872,2,596000.0,451931.17681481206
16978,2,316000.0,298775.2400582876
17148,2,204250.0,252057.6303626564
17826,2,170000.0,236807.51291778797
17878,2,560000.0,517781.90752991085
18188,2,1000000.0,819079.0413867161
19182,2,279000.0,288940.27898823126
19897,2,545000.0,541790.641973822
20648,2,524225.0,445733.0000798807
20719,2,440000.0,515391.85907151323
20904,2,519990.0,528841.9090386664
21076,2,544000.0,516090.0715283207
21489,2,352500.0,353588.1756446951
383,2,560000.0,596601.7925906533
637,2,245000.0,250821.05682161613
662,2,475000.0,367490.00311067345
757,2,1310000.0,1468286.152364253
783,2,715000.0,648491.2288450673
978,2,216000.0,207483.2380146699
2096,2,383000.0,364229.5448683022
3743,2,312500.0,308798.4176709767
3856,2,535000.0,479008.4582364107
4135,2,625000.0,632166.570454713
4185,2,393500.0,398383.54322738276
4752,2,219000.0,212105.0961494524
4952,2,452000.0,416388.5906338197
5571,2,334000.0,322801.4620158119
5851,2,900000.0,870910.4793951552
5997,2,152000.0,210916.3509963253
6687,2,350000.0,310015.1910446309
8123,2,220000.0,238298.36862027657
8209,2,621500.0,612469.1829729716
8349,2,455000.0,451019.26504123583
8441,2,245000.0,244708.7286103437
8835,2,410000.0,432915.9978315847
9115,2,682500.0,427063.2588305214
9168,2,353000.0,360522.3425303439
9342,2,340000.0,295511.30502507027
10444,2,455000.0,665870.3920969478
11020,2,375000.0,360868.9834088054
11502,2,319000.0,263366.66045836976
11656,2,272000.0,233460.18936178222
11682,2,205000.0,229735.58231937024
13637,2,439000.0,414967.24368825584
14180,2,315000.0,243619.07986234638
14241,2,140000.0,241158.67372757717
14377,2,585000.0,559363.3260764289
15454,2,464550.0,447013.6282513201
15494,2,290000.0,425425.78718373546
15865,2,464000.0,445191.4068084676
16413,2,760000.0,870330.1105080867
16637,2,222500.0,237340.02533701743
16711,2,795000.0,666113.8181095959
16808,2,620000.0,589699.7121307336
17246,2,1288000.0,1146562.357951494
17844,2,1375000.0,1144653.2588238937
18361,2,212000.0,245118.68332415633
18620,2,270000.0,289147.8462813181
18821,2,419000.0,457012.09830019815
19409,2,205000.0,231207.81852769988
19707,2,885000.0,837961.8318034904
19756,2,385000.0,342609.02989079687
19824,2,730000.0,603957.4180556186
19936,2,541000.0,515960.3394213076
20184,2,1312000.0,1444773.6738943818
20242,2,392440.0,381646.79367696034
20857,2,555000.0,482136.91915183334
20953,2,427000.0,393751.7032462203
810,2,345000.0,429921.78575849754
1027,2,315000.0,326781.00741901173
1796,2,780000.0,725776.5112396412
2813,2,157500.0,160692.28460888722
2934,2,380000.0,414630.0956980174
4033,2,325000.0,286470.30150499166
4706,2,333000.0,321437.94988975127
5271,2,657500.0,602250.0481684918
6940,2,225000.0,275519.4202943145
7208,2,170000.0,225821.981596435
7465,2,305000.0,306449.83645974484
7589,2,367500.0,359265.27729746886
7630,2,507200.0,602133.4413870309
7877,2,360000.0,359929.91227843583
8047,2,1195000.0,838263.1668346856
8146,2,865000.0,818134.5030082104
8527,2,610000.0,919496.2679415724
9717,2,400000.0,465023.9135438019
9795,2,263500.0,301680.8079340601
10910,2,360000.0,458523.5072036065
11103,2,289950.0,290579.86726495327
11161,2,422250.0,425024.7176623553
11900,2,435000.0,399705.3837438296
11935,2,260250.0,261397.6061850725
12902,2,374950.0,284808.6303722265
12949,2,329950.0,290063.1105552763
13187,2,626000.0,668476.3218046643
13378,2,810000.0,927322.7909879838
13405,2,781000.0,742094.5233635165
13936,2,372000.0,547018.1108263236
14114,2,275000.0,349374.6496127807
14157,2,1103990.0,1013695.7500392366
14218,2,320000.0,305159.40298220946
14309,2,577000.0,535295.7580390694
14367,2,490000.0,195572.21027580308
14524,2,485000.0,489448.375443995
15465,2,610000.0,549920.553860675
15666,2,500000.0,622153.1257629998
16096,2,465000.0,539972.3132077578
17471,2,650500.0,764306.4287227765
17514,2,650000.0,523104.5768138258
18025,2,536000.0,553937.2233866096
18626,2,1050000.0,1186006.5662456308
18663,2,535000.0,533723.3518548354
19190,2,935000.0,1030570.577339211
19198,2,699999.0,552268.4555659565
19473,2,370000.0,335321.2764387289
19858,2,2700000.0,1851434.2916520808
571,2,720000.0,777088.4612505374
745,2,560000.0,533876.5367122764
1065,2,550000.0,704614.3434809695
1385,2,250000.0,480972.50235730805
2282,2,429500.0,433007.86889511277
2784,2,340000.0,336278.66118589987
3508,2,695000.0,558558.6517611335
3511,2,418500.0,332338.40395318996
3592,2,478000.0,494046.8564155304
4043,2,580000.0,498470.8124093804
4048,2,227064.0,329207.7900090426
4331,2,480000.0,549031.0742727973
4845,2,261000.0,266986.50244879024
5185,2,243500.0,240076.73496068898
5283,2,410000.0,395151.24224279326
5450,2,259950.0,230405.7259687457
5882,2,200000.0,209073.25988980575
6040,2,282510.0,269188.5244180327
6155,2,239975.0,259156.8220341129
6648,2,400000.0,421075.1222212726
6694,2,509990.0,261590.7565642924
7248,2,510000.0,400508.5883623575
7417,2,459000.0,401171.19941903744
9028,2,625000.0,534183.5185285291
9586,2,563250.0,559439.6133951285
9878,2,264500.0,249606.69823814003
10158,2,460000.0,460490.69373744674
10632,2,563225.0,690018.4753367208
12127,2,299500.0,263549.55955702515
12274,2,480000.0,520354.471603472
12924,2,782000.0,834689.4763504202
13182,2,600000.0,475987.92637281376
13269,2,290000.0,297007.95340269554
14320,2,495000.0,494323.00003254204
14534,2,760000.0,746612.169933346
14652,2,760000.0,716910.188538805
15528,2,615000.0,500696.17990628583
15790,2,162500.0,208014.05547960234
17065,2,225000.0,216402.56387527095
17269,2,625000.0,601727.3130790709
18242,2,480000.0,318787.6231661486
19695,2,250000.0,256629.70575997856
19740,2,585000.0,556992.6636571932
19881,2,952990.0,886942.9873582376
20314,2,255000.0,239167.70014354715
20471,2,1800000.0,1394647.8683036666
21275,2,950000.0,940727.5837088014
21577,2,579000.0,543449.2313625513
15,3,650000.0,709002.2740661893
3116,3,900000.0,806300.6562880834
5412,3,530000.0,654943.7615885095
14370,3,615000.0,586324.5156995471
9643,3,550000.0,539299.8174485166
12702,3,575000.0,488023.31175553834
20814,3,312000.0,322311.4267706405
134,3,675000.0,695600.8375528721
352,3,315000.0,372293.68434078473
1016,3,520000.0,468942.98320393433
2121,3,594000.0,616655.5252802339
2684,3,315500.0,339295.50982412655
3574,3,230000.0,223870.80154204502
4489,3,716000.0,589914.7594053112
5261,3,440000.0,502491.6603494677
5442,3,805000.0,545163.6504572085
5781,3,625700.0,634074.7257758229
5916,3,170000.0,196744.63268749774
5955,3,285000.0,295261.07449100114
6050,3,295000.0,280715.0300255057
6178,3,769000.0,736169.5299746245
6412,3,750000.0,743852.8010205909
6895,3,225000.0,205659.64031162747
7947,3,251000.0,275331.1522366727
8091,3,315000.0,283922.1512045355
8137,3,345000.0,322331.75894753495
8227,3,722800.0,891476.9875685839
8375,3,1250000.0,1087623.3027295647
8776,3,438000.0,562705.1373585021
8779,3,380000.0,368708.36056732835
8905,3,840000.0,745570.4421288985
8986,3,450000.0,437176.08071981743
9274,3,1680000.0,1812720.136934527
9678,3,432000.0,473823.8881301152
10672,3,575000.0,424822.5603210577
10771,3,600000.0,539522.2471843715
11382,3,233000.0,242784.45733036308
11813,3,364900.0,406311.24120710796
11970,3,484000.0,423533.8474165232
13554,3,252000.0,278385.1354643934
13778,3,537500.0,636330.3233763655
13954,3,733000.0,712486.241582899
14051,3,389000.0,441970.76920705714
15367,3,650000.0,686479.3505166151
15374,3,340000.0,407777.4366105371
15624,3,388000.0,312845.70545274764
15802,3,449000.0,399993.90641147224
16401,3,578000.0,620914.4620709657
17481,3,440000.0,528883.1149171862
17854,3,610000.0,734541.4999624712
17911,3,415000.0,399977.48456113413
19046,3,925000.0,917975.1641496159
19884,3,350000.0,329617.6950184229
21604,3,429000.0,420684.5284724846
242,3,455000.0,423506.10340069915
276,3,450000.0,371092.77695597755
492,3,232000.0,240586.46761320278
578,3,530000.0,482256.79024246405
677,3,188000.0,234487.51044755208
1083,3,490000.0,714075.4808300151
1325,3,110000.0,168517.16348475474
1894,3,1575000.0,1342380.8276131586
2001,3,280000.0,250312.5901808131
2375,3,469000.0,442820.7482025809
2858,3,1835000.0,1575100.667682449
3019,3,202000.0,230328.46151756178
3027,3,273500.0,234563.87255273914
3193,3,315000.0,268951.13067070034
3269,3,805500.0,751136.2900813122
3392,3,122000.0,164060.81858715697
3404,3,726000.0,688511.0993357194
3539,3,621500.0,531828.523198164
4939,3,359000.0,312492.9491038987
4944,3,625000.0,455903.2138906366
5148,3,994900.0,916046.261840171
5428,3,680000.0,611666.2937399938
5688,3,265000.0,315564.4129052648
5761,3,215000.0,268569.16577845695
6350,3,270000.0,239381.83350720923
6438,3,322000.0,333375.49133697536
6782,3,398500.0,394139.7563343427
6815,3,473975.0,528326.0059815319
7010,3,465000.0,435843.3837019538
8194,3,365000.0,262044.57430780208
8463,3,330000.0,380002.57874984905
8483,3,799990.0,772024.0202724731
9197,3,405000.0,366879.8849762185
9411,3,678500.0,531116.99442061
9858,3,1100000.0,1007695.2050170226
10269,3,480000.0,446829.74025507906
11015,3,186000.0,226195.26605974117
11167,3,750000.0,1005026.6387546911
11188,3,442250.0,444038.39452584623
11467,3,615000.0,599053.7457960884
11476,3,265000.0,301812.32823380636
12043,3,857500.0,1005357.5942036615
12221,3,474950.0,489839.91977653047
12240,3,350000.0,325785.1206332134
12809,3,335000.0,335518.5317963852
14769,3,550000.0,510253.29304217023
15145,3,600000.0,572391.4652640958
15439,3,340000.0,460936.1753280885
15981,3,230000.0,227112.13476468125
16693,3,324950.0,352688.76658188546
17328,3,2225000.0,1362142.7843875706
18360,3,337000.0,393682.4360966404
19186,3,500000.0,348912.2012773824
19784,3,679950.0,538570.3560538962
19959,3,572800.0,605630.9301442872
19969,3,850000.0,834713.6249655696
21170,3,235245.0,279675.30021009437
83,3,356000.0,325287.6970364499
459,3,255000.0,238493.14804428973
496,3,725000.0,771682.4738566908
1428,3,914600.0,930366.9182146303
2219,3,398000.0,417167.4739790931
2844,3,282000.0,231765.22752945623
2933,3,276000.0,246830.97331473118
3062,3,156000.0,128952.14882148524
3198,3,210000.0,205324.95359659626
3802,3,225000.0,207781.44430132257
4774,3,275000.0,301312.65923782176
5218,3,260000.0,214932.79362763712
5322,3,530000.0,554690.7178150514
5326,3,774000.0,737823.5128104513
5666,3,1600000.0,1656876.5805545007
6310,3,310650.0,305304.46635771036
6370,3,215000.0,258032.9924688833
6946,3,649950.0,768970.7352367822
7293,3,279900.0,247495.15774159812
8265,3,350000.0,545037.0355428699
8741,3,810000.0,777141.6044374828
8971,3,392800.0,446232.60054743296
9270,3,585000.0,562677.3764751898
9532,3,275000.0,286785.18731138925
9806,3,357000.0,313933.4815372707
10344,3,830000.0,753138.413309843
10980,3,545000.0,508385.8956126686
11119,3,592000.0,621422.6509409549
11614,3,311000.0,322653.3728705081
11723,3,622000.0,678358.1109294877
11744,3,400000.0,388962.2055815486
11776,3,238000.0,246465.16519407765
12036,3,365000.0,309606.71193099854
12306,3,196000.0,296520.55561380734
12641,3,515000.0,482042.15803126374
13164,3,425000.0,368337.3505114933
13282,3,580000.0,537375.4214980752
13669,3,375000.0,359144.0532766657
14171,3,179500.0,170471.30737283052
14321,3,691000.0,756565.9641953959
15166,3,1755000.0,1777051.6624989298
15425,3,466000.0,371949.2969664044
15614,3,312000.0,269104.96447877906
15705,3,276900.0,271369.13411402074
16195,3,360000.0,366305.62993413454
17289,3,1350000.0,1176047.6448063375
17323,3,379000.0,402362.4488540644
17666,3,800000.0,793636.7151838193
17790,3,296500.0,265102.81443185575
18094,3,315000.0,329774.3885480206
18444,3,358500.0,374765.7979965646
18588,3,1100000.0,880651.4050204089
18813,3,520000.0,507107.87910265056
18969,3,665000.0,724562.8302998428
19211,3,374500.0,351163.89400416805
20320,3,385000.0,487613.3988724084
20517,3,292000.0,293790.22615768394
20856,3,399500.0,392575.57495613006
21408,3,569888.0,540488.4155188948
1752,3,480000.0,450761.69164875796
2544,3,336800.0,364238.569059803
2697,3,184500.0,175958.28442161382
2707,3,485000.0,465097.41593387106
2755,3,410000.0,430608.2248893111
3194,3,805000.0,738645.8750141661
3249,3,625000.0,501996.65168230014
3292,3,875000.0,960721.4956833792
4296,3,156000.0,172551.68045454737
5052,3,269950.0,261960.04771048465
6105,3,440000.0,466609.08967964497
6448,3,286000.0,253149.55233995387
6742,3,495000.0,571688.4404509505
6931,3,532000.0,486648.92535185046
7231,3,1490000.0,1194718.1279183372
7331,3,340500.0,406249.6851776219
7529,3,487000.0,515467.3567238207
7634,3,206000.0,218036.38018527557
7908,3,329000.0,286433.1187365163
8949,3,188000.0,215809.3040023039
10011,3,530000.0,399702.72018777893
12145,3,231000.0,206549.09828650398
12333,3,615500.0,544746.2988776749
12574,3,184000.0,180566.4512947587
12910,3,429000.0,366273.5294823085
13469,3,652000.0,646500.9667528081
13571,3,682000.0,709420.9833570289
13732,3,322500.0,274519.12530312355
13820,3,550000.0,461924.2108667994
13996,3,160000.0,180281.86663286987
14449,3,248000.0,203120.06337297193
14678,3,168500.0,215051.13409288658
15264,3,675000.0,671559.6045494508
18001,3,300000.0,580273.3046025252
18215,3,330950.0,311844.20562908036
18380,3,200000.0,201588.77381401733
18438,3,524000.0,538709.6036839938
19115,3,283500.0,226163.64381025813
19659,3,535000.0,482420.4254488527
20324,3,310000.0,332500.2690443454
20427,3,262000.0,308963.0567205391
21239,3,332000.0,327585.1096536044
21329,3,375000.0,385720.8120210122
365,3,465000.0,378185.31326518446
1619,3,245000.0,248501.98514898992
2220,3,257000.0,363968.75006437546
3187,3,1400000.0,1437038.1723226686
3420,3,465000.0,411292.60033628123
3775,3,472500.0,683685.888361065
6318,3,250000.0,259752.6141053588
6518,3,1339000.0,1175546.084483582
6582,3,536000.0,489020.7813044013
6683,3,359000.0,321205.84654997714
7255,3,350000.0,227838.27814962252
7765,3,615000.0,523722.5251122276
8067,3,825000.0,811645.8509046905
8623,3,325000.0,132292.43201643488
8660,3,318000.0,282593.8260850549
10172,3,442000.0,451349.07693431876
11594,3,544000.0,617833.1857411216
12155,3,667000.0,608326.9026997831
12296,3,185900.0,154472.23300630116
12464,3,502775.0,448982.0039069385
13020,3,2300000.0,1702561.2529298805
13411,3,2415000.0,2231497.834266719
14152,3,662500.0,684841.6701084957
16054,3,330000.0,381479.50403273024
16199,3,1285000.0,985051.1675586976
16242,3,323400.0,286018.64388187346
16773,3,1920000.0,1881626.0224006972
17636,3,418000.0,371724.914406932
17903,3,715000.0,768355.658259443
18134,3,330000.0,369596.0917442387
18251,3,339900.0,301897.31215445115
18656,3,665000.0,631378.323752406
20013,3,245000.0,255506.63024407704
20130,3,252000.0,313918.7262914437
21568,3,1700000.0,1485852.0609432296
13358,3,690000.0,725522.9959798937
18014,3,301500.0,328086.6814466404
20158,3,205000.0,236322.25235589335
323,3,240000.0,212203.3104708308
507,3,442000.0,449167.52311202674
758,3,856600.0,792323.8300958655
972,3,397500.0,424670.15600693214
1055,3,935000.0,1250873.4442949884
1076,3,310000.0,304602.0259484537
1321,3,455000.0,360779.5978414197
2102,3,279000.0,201048.45927693121
2103,3,583500.0,572713.041680546
2879,3,334000.0,338160.6326836554
2899,3,3000000.0,2346046.9274592516
3330,3,253000.0,233587.9723771202
3523,3,700000.0,1132800.765788138
3710,3,361000.0,330063.93124087824
3831,3,399950.0,358803.0845286721
5337,3,474000.0,439175.351985508
5347,3,335000.0,306698.00454492064
5552,3,540400.0,493185.6944434434
5727,3,675000.0,617696.517514945
6212,3,510000.0,518049.7006007846
6898,3,336000.0,297872.98207404115
7187,3,495000.0,445344.98059234594
7696,3,762000.0,725729.6391074623
8065,3,287500.0,279531.3598869933
10298,3,375000.0,357392.6088664173
10546,3,209000.0,155135.0288040448
11172,3,592500.0,463082.12778437085
11234,3,431000.0,436385.7427248861
12092,3,299000.0,318073.97403327405
12259,3,359950.0,320120.1175203937
12710,3,218000.0,252706.51904797243
12798,3,360000.0,378568.21144440444
14196,3,490000.0,610247.5337249989
15174,3,612125.0,631841.8672109867
15179,3,500000.0,486123.0807130662
15474,3,225900.0,219705.88261976046
15524,3,519000.0,556435.1619385951
16430,3,1750000.0,1533063.3554036513
16619,3,338500.0,215235.01278142523
16753,3,277500.0,265194.04791831155
17472,3,960000.0,1080834.3263637375
17702,3,616750.0,536641.8244029141
20331,3,442515.0,487066.72815679543
20488,3,1289990.0,1045557.8123040687
20649,3,424950.0,456122.5869767733
20665,3,394950.0,341890.97404525394
21103,3,598992.0,651573.8460257318
21436,3,255000.0,341813.48546819354
1715,3,338000.0,363406.67714722577
1753,3,368000.0,388073.32565120835
1848,3,1569500.0,2081536.1943526405
1925,3,467000.0,484221.90295354824
2155,3,535000.0,543870.139988107
2260,3,208000.0,192022.94642799706
3395,3,369900.0,368395.3213792684
3481,3,415000.0,507638.8806696728
3616,3,280000.0,297786.6299807364
3781,3,759000.0,821756.5887530925
3798,3,680000.0,577169.1993395062
3828,3,205000.0,208965.23588065643
3838,3,348000.0,346146.783521539
4102,3,269950.0,186651.5879872116
4571,3,527200.0,470125.8709012388
4847,3,440000.0,488144.53258351935
5126,3,299000.0,307093.49387859844
5316,3,321027.0,351571.3730276599
5400,3,375000.0,331680.7319601435
5414,3,290000.0,376170.6467377988
5544,3,587000.0,619855.8116006457
6846,3,765000.0,571828.0969157072
7902,3,463000.0,430928.60324655485
8160,3,511000.0,464909.54362602136
8386,3,408000.0,359943.98050200194
8424,3,700000.0,715634.3482978202
8772,3,895000.0,803615.4118773191
9222,3,289000.0,282017.51081632776
11558,3,804000.0,714020.0548148929
12408,3,311600.0,309043.3777575096
12764,3,450000.0,409101.036384646
12964,3,455500.0,374223.198973354
13619,3,427500.0,395529.2053100025
15447,3,257000.0,287582.7079904181
15678,3,335000.0,342850.06628989056
16062,3,575000.0,606686.2038348705
16254,3,212000.0,234114.7484115654
17128,3,153000.0,217084.98264565523
17336,3,600000.0,805065.433405754
18152,3,845000.0,832486.0473070799
18616,3,377000.0,317708.3614935892
19072,3,425000.0,489960.632892116
19943,3,292500.0,309302.9401153374
20854,3,690000.0,728788.3131505245
21425,3,1050000.0,1125982.456390233
21501,3,1150000.0,1020494.5617859481
601,3,399950.0,384096.2231149501
1137,3,225000.0,209847.86663747378
1391,3,439000.0,502043.0004403563
1462,3,140000.0,191785.6138895858
1564,3,610000.0,517665.44693912624
1713,3,300000.0,248367.14729576427
2583,3,675000.0,769395.5962704094
3270,3,507250.0,364242.12117721664
3586,3,1598890.0,1677043.939254686
4389,3,580000.0,514544.3332174426
4639,3,360000.0,384675.9031978162
4906,3,395000.0,377404.9688539491
5009,3,419950.0,462219.9556954038
5413,3,215000.0,246394.89386507522
5575,3,245000.0,277157.39720945264
5579,3,485000.0,452548.69125277235
5599,3,350000.0,404269.5408165943
5879,3,241000.0,190793.31011551406
6243,3,1050000.0,690397.0275959243
6524,3,254000.0,257109.66653781355
6834,3,450000.0,522211.9025695879
7111,3,419900.0,433738.67423938366
7115,3,715000.0,749566.4162887805
7586,3,256000.0,240999.3742403503
8014,3,526750.0,460490.75357812014
8057,3,550000.0,228638.0747449646
8063,3,260000.0,263031.5734271746
8308,3,317000.0,342368.9046927233
8913,3,370000.0,395798.7956659942
9343,3,582500.0,378845.85068967403
9502,3,230000.0,269524.2789953033
10048,3,252000.0,262021.7173288077
10765,3,445500.0,411401.17233868485
10784,3,710000.0,784999.1513825747
10869,3,305000.0,302917.49384765077
10911,3,294900.0,259051.16601132575
10953,3,279900.0,271491.4866772732
11810,3,429950.0,393986.8694550212
12772,3,510000.0,545634.107743388
13071,3,2250000.0,1654949.6527542374
13266,3,450000.0,491545.3438781202
14384,3,476000.0,438002.69436781143
14986,3,368750.0,340239.3944259529
15318,3,334000.0,283936.380356536
16146,3,437400.0,532742.5342016554
16421,3,424950.0,381725.14874238055
17836,3,245000.0,257682.67000709547
18048,3,548050.0,564269.4224905939
18421,3,240000.0,283388.4126571956
19262,3,959000.0,1249584.4439761557
20355,3,657044.0,728417.3391739305
20572,3,467000.0,452149.25633342046
21026,3,395000.0,435606.272004239
53,3,585000.0,462117.41151146725
207,3,425000.0,411444.9803361094
491,3,370000.0,318441.9871441666
933,3,299900.0,278643.31478303106
936,3,378000.0,391858.88816573715
1074,3,515000.0,507293.37721903564
1407,3,345000.0,272953.1571007119
1493,3,577000.0,626659.8531465186
1768,3,1175000.0,1100622.2124751054
1957,3,345000.0,388413.96710502333
3119,3,380000.0,389574.48739499087
3136,3,390000.0,387574.6240968266
3250,3,240000.0,233922.85067359774
3443,3,276000.0,244053.71794990476
4558,3,160000.0,204608.65069003508
4694,3,599900.0,417550.1393319406
5559,3,539950.0,579438.035553174
5561,3,1150000.0,1149939.158899892
6539,3,442500.0,449260.65262077044
7666,3,219950.0,245355.48808688272
8008,3,495500.0,583693.769903104
8364,3,414500.0,411429.7586300809
9046,3,329800.0,292167.6612341118
9507,3,490000.0,320770.9443844481
9703,3,449000.0,418416.1640440464
9920,3,535000.0,723549.889856593
10145,3,493500.0,521945.38788442424
10302,3,464000.0,540948.5474833698
10811,3,442500.0,371547.5493075942
10922,3,215000.0,245847.66072858483
10962,3,271000.0,320449.6613855394
12671,3,686500.0,667116.2048526533
12911,3,818000.0,913390.7083577246
13077,3,385000.0,400093.8179612363
13926,3,240000.0,227074.99721813475
14618,3,666000.0,584784.1063775504
15198,3,426500.0,394125.2060677776
15498,3,352900.0,356118.1097210892
15500,3,360000.0,324175.8042824067
15824,3,359900.0,398445.6093753466
15959,3,222000.0,303168.7919821286
16534,3,485000.0,381736.0962308124
16750,3,800000.0,798136.6512403185
17263,3,613500.0,600609.9053976147
17644,3,239950.0,233252.35617595096
18047,3,240000.0,233690.83024746433
18280,3,750000.0,651266.3658085709
19014,3,717500.0,667756.027478032
20274,3,313200.0,305263.7541281407
20643,3,640000.0,640552.652725949
20804,3,419900.0,404656.7652879698
607,3,443500.0,395238.7312329362
1115,3,262000.0,272520.591963791
1134,3,303000.0,279791.439012786
1418,3,530000.0,462282.25368784234
2197,3,311750.0,276323.22431441414
2634,3,590000.0,619927.3544716372
2752,3,856000.0,783250.1215958518
3830,3,414250.0,403616.83597158734
3884,3,440000.0,641423.409235889
4493,3,393000.0,384728.7163985762
4757,3,1465000.0,1099282.519239001
4919,3,620000.0,710258.008742196
5017,3,219950.0,205533.02534845253
5686,3,203000.0,193936.0573962082
5777,3,225000.0,208322.14664928237
6010,3,455000.0,413591.5072250598
6354,3,299900.0,279207.41030931176
6377,3,800000.0,783647.5232375951
6392,3,800000.0,808880.9345815044
6446,3,474905.0,435655.3555442908
6649,3,750000.0,656041.6378551297
6960,3,475000.0,337081.90643261856
7179,3,470000.0,369561.48211538384
7537,3,410000.0,426766.77085155185
9139,3,557510.0,502699.80454628874
9373,3,259000.0,294509.74264760857
9418,3,565000.0,516354.83949979866
9789,3,900000.0,912055.7141547174
9790,3,680200.0,628480.0396865484
9856,3,629000.0,430917.5082703881
9869,3,176000.0,253999.08779409615
10728,3,360000.0,451522.58045329544
10810,3,175000.0,197836.75463155963
11808,3,225000.0,144214.39923418697
12346,3,390000.0,373982.5360759319
12492,3,475000.0,458782.51414808107
12497,3,366400.0,297014.452045119
13014,3,365000.0,369759.62550907204
13340,3,510000.0,515012.26011090545
14305,3,848000.0,787390.9403768084
15326,3,295000.0,270725.9969630779
16763,3,829000.0,727920.2914564317
17058,3,637500.0,631310.9500977626
17382,3,499950.0,387488.3665206047
17647,3,1550000.0,1467406.5611832805
17744,3,635000.0,699051.2144832329
17835,3,555000.0,473389.10796823277
19678,3,425000.0,387292.3966321152
19860,3,293467.0,361883.89158827055
20497,3,599950.0,549465.4416782381
21035,3,605000.0,541611.2398233234
4609,3,293000.0,318011.60237360385
18247,3,270000.0,259707.9652762057
19631,3,380000.0,349943.8379833272
287,3,405000.0,420200.5915575036
310,3,834000.0,881541.229192473
774,3,390000.0,401896.02958432847
946,3,260000.0,249710.15301312416
1222,3,130000.0,404401.2456518279
1282,3,2260000.0,1618871.8508038907
2138,3,400000.0,420504.7257518816
3475,3,417000.0,504376.9254019148
3729,3,866500.0,741689.8853061273
4285,3,215000.0,230272.8547214504
4300,3,340000.0,364851.7830058708
5386,3,214000.0,250960.7977028031
5509,3,1086000.0,824327.3012998479
6501,3,1940000.0,2453967.544255048
6573,3,366000.0,368792.1775585082
6809,3,275000.0,278818.8849397578
7340,3,565000.0,553059.7368373513
7542,3,1050000.0,1000554.4732522321
8698,3,500000.0,487978.0550093506
8774,3,835000.0,708363.7487854775
8817,3,465000.0,445777.51937435823
9417,3,375000.0,671024.8195048167
9457,3,411000.0,490930.76667303266
9458,3,762500.0,760724.95256049
9679,3,1695000.0,1432252.366447291
9819,3,475000.0,437137.60946561064
9996,3,262000.0,228728.4956183043
10185,3,275000.0,316489.24765553715
10541,3,1165000.0,1076185.8369870768
10895,3,297262.0,271831.322816197
11267,3,1600000.0,1499512.2834817981
11567,3,315000.0,305718.66139387625
12272,3,432500.0,404833.5808132565
12350,3,1650000.0,1415626.8032654135
12534,3,530000.0,595589.0962707865
12726,3,485000.0,512377.19180938805
13085,3,599380.0,495612.81284190906
13583,3,315000.0,279859.4096199884
13765,3,216000.0,221222.78978987542
14812,3,925000.0,908823.4550018663
14844,3,220000.0,233430.66846495197
14846,3,648000.0,649996.1269407214
15458,3,208000.0,196045.22331129637
17135,3,146000.0,159934.31075542205
17518,3,265000.0,237293.92961103353
17932,3,637000.0,594858.3200291133
18074,3,259000.0,238458.49898529839
18086,3,925000.0,722248.1061920151
18847,3,265000.0,263597.28909406235
19023,3,565000.0,562254.6236782423
19646,3,348000.0,357666.0645404648
20313,3,305000.0,265283.781502683
20366,3,635000.0,624226.0341439727
20631,3,380000.0,418722.5695026104
21020,3,450000.0,509210.8136635882
21346,3,825750.0,830048.1535658211
175,3,425000.0,407156.01834139146
489,3,1280000.0,701073.912930571
504,3,280000.0,275204.61238063243
830,3,595000.0,629271.9910353986
1091,3,448000.0,436333.99025724357
1741,3,372000.0,357179.3339528484
2082,3,822500.0,816133.6736402661
2421,3,525000.0,444604.57109780493
2489,3,353000.0,355815.2667481331
2846,3,593500.0,558526.6752239609
2993,3,604000.0,496319.6803081081
3682,3,430000.0,530154.1352105067
4078,3,940000.0,775496.2680967588
4641,3,898000.0,845781.1407233635
5748,3,339000.0,373122.49957557936
6715,3,602000.0,554810.6839471887
7346,3,1525000.0,1772644.5317832185
7357,3,325000.0,310505.55917171144
7446,3,277000.0,340384.29201954015
7884,3,278800.0,303995.7498624781
7909,3,634000.0,549721.5199320755
8228,3,342888.0,315910.58385473886
9026,3,565000.0,553904.5217773363
9249,3,1115000.0,795681.7460812792
9498,3,875000.0,902878.9304213357
9689,3,280000.0,440481.8209574332
9702,3,305000.0,313275.7113962152
10469,3,1050000.0,743938.736763936
10510,3,250000.0,244574.29730809975
10818,3,318000.0,302801.89346304466
10889,3,435000.0,377848.8908551321
10896,3,735000.0,617568.5437904646
11347,3,535000.0,605845.9959181627
12688,3,610000.0,458304.6551203982
12833,3,599000.0,452140.3398406493
12942,3,173000.0,247707.98697158927
13011,3,600000.0,626058.070970273
13250,3,1075000.0,908178.0657577781
13263,3,466200.0,447889.98914750986
13990,3,940000.0,823405.824507184
15117,3,345000.0,309786.8663653154
15200,3,615000.0,499210.9189207914
15693,3,645000.0,693510.6497312771
15985,3,447000.0,354821.30880672333
16557,3,631000.0,404761.23516807123
17389,3,525000.0,529039.2797031923
18022,3,539950.0,552494.1547524623
18354,3,545000.0,447454.3310125806
18669,3,495000.0,475594.8143865607
19410,3,620000.0,539775.9824833779
19668,3,340000.0,364075.7151826661
20911,3,526000.0,514130.07422532263
21112,3,542300.0,588523.3894080892
21253,3,671500.0,655936.2343001951
257,3,315000.0,308994.75479683845
873,3,785000.0,773350.719054549
1513,3,190000.0,193466.50053013273
1852,3,386500.0,404439.14006372035
1914,3,411753.0,456685.7690363366
1931,3,598800.0,800617.422128811
2120,3,723000.0,635631.3264541159
2565,3,1650000.0,1375607.6864541026
2909,3,476000.0,386514.92237183766
3042,3,362000.0,377021.67629236786
3334,3,340000.0,344646.18584792485
3854,3,756000.0,1005709.1755283313
4123,3,235000.0,236318.34163891128
4173,3,1191000.0,1015303.4931713096
4767,3,600000.0,507797.63911542395
4905,3,186000.0,201012.37665219692
5229,3,760000.0,828434.0449985868
5479,3,111300.0,160501.3892350447
6700,3,468000.0,507922.8233095026
8701,3,249950.0,235828.61434507763
9251,3,660000.0,632827.3538166939
10367,3,355000.0,381845.5725235938
10658,3,417000.0,412166.6074499983
11249,3,246900.0,216147.29198115246
11265,3,257000.0,269418.3501683567
11463,3,199000.0,283287.6156872753
11611,3,550000.0,528580.5816547166
11757,3,160000.0,291687.47602246207
12087,3,249500.0,235075.39485635926
12722,3,325000.0,252032.59585169933
13484,3,447000.0,413012.29889015894
13808,3,300000.0,304592.01820013515
14323,3,549010.0,541169.5557279392
14351,3,319500.0,259759.88696409753
14517,3,345000.0,361862.33675307577
15196,3,550000.0,589334.4818752587
15598,3,383000.0,587925.8725587664
15610,3,140000.0,220247.6398099419
15776,3,546000.0,320585.56616249564
16183,3,480000.0,485026.5679529623
16261,3,380000.0,330146.702759977
16315,3,267000.0,267022.3049820977
16379,3,189000.0,198563.25264415756
16449,3,822600.0,785193.5152233427
16540,3,419625.0,439196.16099490004
17277,3,220000.0,260724.4345341517
17477,3,293000.0,260452.61811844332
18182,3,900000.0,629910.6485367074
18356,3,299950.0,285528.9942320538
18391,3,230000.0,231376.8026453192
18751,3,259000.0,233084.16277498164
18833,3,640500.0,548101.9693823699
18876,3,1500000.0,805345.6156513698
19287,3,316000.0,261211.8575372485
19356,3,454000.0,478112.91716545343
19720,3,327555.0,342070.64748811204
19879,3,909500.0,955162.1987018352
20378,3,889950.0,893507.7690383954
20689,3,275000.0,272027.97560199926
20720,3,287450.0,243458.4945684932
21217,3,391000.0,374861.46291876095
245,3,363000.0,356726.0687850454
414,3,339000.0,406510.47184922395
881,3,200000.0,347199.1760010914
1451,3,302000.0,284442.7544196014
1569,3,797000.0,900026.1194726926
2624,3,677100.0,639416.9397581393
2810,3,175000.0,241811.5545100669
2994,3,570000.0,531063.9814649487
3761,3,1905000.0,2632895.9297513925
4980,3,860000.0,663374.9221325536
4981,3,147200.0,221347.73853845915
5737,3,325000.0,292093.0784443496
5848,3,572500.0,593186.7183382849
6487,3,410000.0,441478.8512547817
6698,3,185000.0,178454.45400444738
7093,3,309000.0,334133.5776244367
7500,3,614905.0,516578.51766043
7577,3,363000.0,320999.50922491174
8134,3,565000.0,512798.8483685549
8174,3,1625000.0,1755913.724715264
8311,3,500000.0,445016.91597732063
8315,3,542000.0,593296.938032792
8435,3,520000.0,415452.1337622604
9163,3,275000.0,197876.3284627264
11072,3,290000.0,327986.50114557176
11154,3,770000.0,952675.9887503764
11493,3,225000.0,219970.8350408013
11637,3,178500.0,171050.3029478011
12160,3,601500.0,503315.70202883694
12758,3,505000.0,441895.8331628586
12767,3,452500.0,493616.9088538029
13547,3,250000.0,247872.32154293483
13668,3,557000.0,537151.0416138354
14282,3,660000.0,616296.9524098147
14705,3,315000.0,278925.28030975565
15013,3,265000.0,244417.90531413918
15258,3,3065000.0,1991668.7783017056
15286,3,1120280.0,921831.5471478477
15669,3,570000.0,490386.130903255
17040,3,420000.0,358762.3924881268
18078,3,363000.0,349666.709498125
19320,3,746000.0,696617.6072367295
19777,3,2641100.0,2415263.9422281077
19835,3,695000.0,826029.743314748
20447,3,356999.0,340373.3811780136
20934,3,880000.0,866582.5801017421
21106,3,380950.0,314472.4791001644
21164,3,375900.0,362208.0509636377
38,3,240000.0,166472.98851870082
471,3,868700.0,932230.7254641278
594,3,360000.0,303297.0815306577
876,3,147500.0,225710.17733240695
1129,3,369000.0,333578.2169546227
1511,3,390000.0,293276.49396071193
2013,3,387500.0,388628.1900662234
2239,3,205000.0,242321.12606486108
3066,3,400000.0,341612.4168020052
3303,3,334000.0,402324.00152494106
3607,3,502500.0,481290.6176319191
3685,3,641000.0,705752.9847174536
3842,3,576750.0,550061.014335602
3882,3,265000.0,182664.35841656767
3981,3,310597.0,278312.6851034468
4061,3,725000.0,738862.9071122716
4740,3,190000.0,185397.67236466496
4770,3,196900.0,195713.86627958744
5020,3,798750.0,775468.8398339887
6776,3,425000.0,334028.7499964546
6832,3,428000.0,410670.2152916942
6845,3,607500.0,627671.1078128091
7024,3,802500.0,514746.44186398905
7392,3,584999.0,576437.141634351
8198,3,610000.0,604030.1822829709
8614,3,575700.0,513067.5764868244
9175,3,1955000.0,1940575.3780205243
9490,3,328000.0,300447.31058599794
9677,3,607500.0,537634.4583021045
9722,3,680000.0,742758.7636988407
9914,3,1315000.0,1221909.5667533914
10135,3,338000.0,337784.270623584
10207,3,383150.0,310521.5352786751
10678,3,269100.0,297873.72815796774
10966,3,411500.0,370182.0854643516
11022,3,467500.0,413115.93843404634
11062,3,570000.0,395759.9887978644
11216,3,435000.0,405316.84482367855
11536,3,550000.0,499657.52184336865
12245,3,600000.0,511230.2895216997
12273,3,432000.0,491655.66692388675
12941,3,310000.0,303287.70275198296
13301,3,241000.0,207812.12968151981
13703,3,360500.0,318520.8600041497
13841,3,355000.0,422094.90402271785
14040,3,455000.0,521811.5214748112
14562,3,279000.0,228438.56296680192
14991,3,536000.0,516396.2089487602
15226,3,678700.0,549540.9185532677
15280,3,329000.0,231005.26023917878
15618,3,605000.0,505271.5746767229
15639,3,334950.0,322351.0330275228
15855,3,312000.0,294518.60905445257
15943,3,305000.0,282730.6442116185
16037,3,660000.0,606855.865176414
16071,3,340000.0,305863.1600613661
16257,3,311500.0,307856.41037551773
17473,3,710000.0,710035.6568232288
17600,3,1284000.0,1220370.5711748954
18373,3,655000.0,612583.896269949
18544,3,625000.0,471654.4700125826
19010,3,810000.0,895151.1866628834
19081,3,560000.0,563136.3585534539
19274,3,685000.0,603711.4797168327
19811,3,949990.0,950215.9742396327
19853,3,318000.0,306980.507800473
21264,3,722000.0,537587.3200927301
21412,3,334950.0,331901.2847357868
1392,3,325000.0,299317.5017292362
11142,3,605000.0,591466.103364531
13078,3,815000.0,781587.3445297165
17236,3,219000.0,224915.25702632722
4085,3,555750.0,239841.23516624345
7069,3,750000.0,797650.7424289834
7137,3,510000.0,582037.8056545373
14373,3,550700.0,568606.6660517509
18283,3,425000.0,378108.2187834703
19370,3,199900.0,238243.80459561272
51,3,345000.0,427524.39807205024
305,3,725000.0,696647.2766453018
1149,3,75000.0,182641.41490644458
1427,3,470000.0,472590.25586102024
1758,3,600000.0,603167.822709579
1887,3,410500.0,394496.63511225785
1923,3,315000.0,292325.5606981444
2324,3,437000.0,452422.6619271072
2422,3,562000.0,446295.76803146454
2854,3,856000.0,568287.3411990725
2881,3,149900.0,186571.78749039932
3041,3,530000.0,568998.5339465294
3313,3,428000.0,346642.50412243715
3440,3,355000.0,296440.6282022381
3466,3,749700.0,465020.97116831917
3565,3,405000.0,372549.87146305887
3673,3,464500.0,465415.0079588824
5042,3,515000.0,499115.1291895121
5230,3,532500.0,421006.2742511825
5773,3,810000.0,963289.5966972859
6118,3,325000.0,290038.948976265
6201,3,275000.0,265469.2480477365
6283,3,675000.0,725024.1503783166
6682,3,325500.0,308393.9091467013
6933,3,435000.0,375392.39538709144
7378,3,323000.0,336852.1239981896
7475,3,396480.0,323708.9499734568
7528,3,290000.0,225820.16660921593
7926,3,279950.0,281412.4908612482
7999,3,199000.0,251334.1136610048
9063,3,439000.0,552980.7600112099
10512,3,400000.0,428720.03497055906
10670,3,547000.0,390273.77838972147
11077,3,630000.0,602173.7683153481
11134,3,220000.0,270641.56076882634
11165,3,850000.0,851237.7234182111
11171,3,319000.0,308319.7217163214
11489,3,429900.0,390931.499435581
11504,3,398500.0,425524.2426434921
12289,3,156601.0,262252.39975302084
12384,3,570500.0,473500.01618511305
12602,3,227490.0,248610.20075688697
12887,3,340000.0,444530.3139201199
12950,3,250000.0,376486.1812330374
12991,3,350000.0,307419.00463110773
13091,3,915000.0,951737.5950431485
13216,3,579000.0,556792.8354895953
13387,3,260000.0,240342.6841003463
14146,3,590000.0,674956.2388306276
14248,3,230000.0,336678.02675708284
14936,3,335000.0,333213.79332101496
15867,3,257500.0,336509.02192082704
15914,3,325000.0,261337.86678026672
16001,3,500000.0,447218.1369614394
16174,3,425000.0,441201.7119736495
16246,3,400000.0,339854.46141523455
16532,3,407000.0,437578.8640176463
16915,3,137000.0,197428.90747692098
17521,3,1200000.0,917140.2126899387
17597,3,565000.0,560998.9479299264
17765,3,410000.0,370720.0522116657
17935,3,590000.0,743030.1567398956
18628,3,1600000.0,1451868.5827039774
19092,3,279475.0,255284.3133481468
19165,3,348125.0,302894.24804606644
19245,3,403000.0,508602.222206182
20318,3,540000.0,482527.68051974114
20398,3,539000.0,519411.07673010667
21528,3,585000.0,559531.6334041232
4,3,510000.0,478561.18779839133
534,3,204000.0,222941.755220878
535,3,358000.0,300468.81645159965
540,3,2125000.0,2410029.8821077812
824,3,431000.0,374417.1277500463
904,3,300000.0,288203.11857711634
1302,3,285000.0,273794.2468286563
1626,3,169317.0,493076.287155651
1900,3,330000.0,237286.43814439594
1920,3,265000.0,237051.094697807
2185,3,700000.0,575296.8855311245
2327,3,446500.0,478489.20677332656
2770,3,604000.0,652475.4456922683
2773,3,509250.0,538505.4916452741
3039,3,2298000.0,1635812.3913331316
3224,3,270000.0,330640.67008851713
3525,3,277500.0,285887.5738820913
3642,3,593700.0,506863.62973639986
3889,3,341500.0,334966.3586533036
3894,3,422500.0,299121.0287627546
4271,3,394900.0,357519.0048478092
4784,3,470000.0,443875.38716960617
4807,3,437500.0,437481.9587945856
4864,3,175000.0,347567.8377023054
5145,3,529888.0,530289.8737539535
5268,3,495000.0,519488.5935298392
5482,3,550000.0,557091.084996094
5868,3,490000.0,433724.9683217665
5886,3,1200000.0,1063871.8946809696
5925,3,450000.0,365960.1793630915
6115,3,310000.0,305377.32991168456
6560,3,475000.0,460714.10498262796
7314,3,295000.0,447444.9295894681
7317,3,286000.0,338395.8569436882
7820,3,265000.0,253364.08240394163
7974,3,285000.0,272528.53290107264
8040,3,440000.0,395383.651390685
8051,3,590000.0,573614.7611706294
8104,3,444950.0,373927.61047577293
8216,3,555000.0,580526.7946237115
9664,3,1093000.0,1014393.4504797147
9675,3,460500.0,439173.8762949401
10128,3,290000.0,272468.54795531725
10693,3,280500.0,275997.3882149862
10712,3,428000.0,472614.7145311933
10950,3,665000.0,736304.7958101763
11243,3,640000.0,614747.9724320176
11844,3,770000.0,942821.6809854668
11855,3,1475000.0,1915926.0249538494
11881,3,380000.0,348011.41996610607
11917,3,406250.0,489309.6757975997
12082,3,325000.0,329574.7876129173
12369,3,685000.0,772700.1333826369
12500,3,162000.0,233098.3184598898
12573,3,370000.0,418043.1635385141
12653,3,320000.0,313109.167361373
12707,3,245000.0,204043.1977465147
13317,3,580000.0,552736.4195594153
13545,3,896000.0,928567.5511510028
13560,3,290000.0,291546.4617850049
13742,3,325000.0,307851.88353169954
14813,3,554000.0,520862.3706097464
14874,3,234950.0,215512.2354124827
15680,3,799990.0,726770.749567792
16383,3,415000.0,415085.37521287124
16486,3,249500.0,242645.1204740272
16541,3,435000.0,392468.8646438853
16706,3,213500.0,273018.6015267643
17196,3,425000.0,367558.0030166404
17291,3,624900.0,523053.4206227892
17675,3,325000.0,337085.92847526603
17725,3,575000.0,543743.437941617
17915,3,227000.0,250473.52202557377
18254,3,225000.0,318909.1116507988
18720,3,475000.0,296753.09114946495
19185,3,324950.0,316546.0179486506
19250,3,260000.0,275046.0611924839
19281,3,781500.0,832092.1379104014
19316,3,221347.0,239082.93623399557
19547,3,945000.0,959970.3026179981
19682,3,720000.0,671514.91341576
19733,3,489000.0,424453.84333147923
19882,3,622500.0,523275.8333713708
20828,3,1900000.0,1181262.694952725
20924,3,400000.0,378660.99486724444
21127,3,365000.0,319675.2626639611
166,3,269950.0,231422.86682393105
1221,3,330000.0,396247.84180758137
1291,3,170000.0,210810.8958786476
1416,3,241000.0,246623.5386846623
2300,3,357000.0,384547.03351262974
2725,3,298500.0,273479.92430411984
3108,3,89950.0,143451.00657149203
3155,3,700000.0,661977.4747574329
3389,3,895000.0,594805.3377128873
4067,3,373000.0,317063.97822691855
4274,3,858000.0,926768.9853838709
4541,3,700000.0,633819.2816231797
4949,3,329999.0,385692.66775544424
5133,3,770000.0,681832.7945378596
5549,3,630000.0,610278.0698648395
5735,3,990400.0,869514.7527449856
6597,3,425000.0,463261.5057200455
6757,3,415000.0,453682.36774437875
6810,3,256400.0,219756.2522819741
6907,3,655000.0,591272.9481813669
6943,3,650000.0,582787.5634439281
6995,3,385000.0,379600.5057552982
7210,3,615000.0,530754.6288365141
7494,3,841000.0,859912.4029847877
7513,3,435000.0,379748.754726197
7530,3,935000.0,484397.34469646437
7605,3,518000.0,459974.38429259113
7744,3,258000.0,224367.1860886788
7819,3,250000.0,239570.7149659376
8203,3,330000.0,335177.2836985999
8385,3,751000.0,527032.1976537557
8570,3,189000.0,179846.64648586357
8595,3,245000.0,228194.10436567973
8653,3,289900.0,203632.2800331791
8708,3,417200.0,422831.2356071103
9135,3,570000.0,561783.9289731864
9224,3,529000.0,479645.1569191159
9259,3,485000.0,447417.70862412715
10020,3,435000.0,374056.8091829004
10089,3,383610.0,342011.5959341588
10336,3,750000.0,653727.0611738707
11145,3,877500.0,821938.006098271
12075,3,156000.0,227165.56044548587
12435,3,340000.0,304997.4640625638
12691,3,689000.0,643726.5829114236
13114,3,535000.0,461152.76731256634
13126,3,346000.0,297053.43840648566
13194,3,245000.0,241454.23821812408
13382,3,530000.0,485545.29536470753
13398,3,461000.0,436964.5092003876
13722,3,1160000.0,1092257.0462855045
13835,3,245000.0,342393.9957898105
14337,3,800500.0,653915.8004365134
14653,3,560000.0,523489.15415127267
14770,3,110000.0,136073.89441905788
14903,3,638000.0,703916.0767995949
15950,3,325000.0,310834.8440782215
16211,3,260000.0,273327.0106394799
17011,3,420000.0,322944.3833086048
17048,3,208000.0,191525.59355091097
17187,3,531800.0,516020.788465969
17283,3,529000.0,461683.3981407381
17664,3,315000.0,246759.200026353
18144,3,760000.0,668599.8622014623
18509,3,705640.0,674419.7948854438
18889,3,410000.0,457425.3265753491
19434,3,710000.0,761576.7501884339
19438,3,375000.0,384961.32445788995
20181,3,645000.0,599901.290245597
20337,3,550000.0,465698.78074094746
20867,3,299000.0,275460.4979144918
21050,3,900000.0,2543889.565629631
21422,3,386950.0,382916.2299931225
21539,3,338500.0,366769.27835263807
21607,3,475000.0,452944.717822685
1038,3,380000.0,341536.48046897043
1103,3,195000.0,206584.15560085632
1472,3,519500.0,361959.4786224646
1637,3,440000.0,436871.0383113545
1773,3,305000.0,306179.9371332821
2440,3,520000.0,588048.2328561546
2469,3,290000.0,405299.81714443775
2733,3,278500.0,243143.65633958796
3163,3,415000.0,417409.54063961416
3690,3,132500.0,175180.83814024858
3978,3,350000.0,362602.4244511112
3994,3,425000.0,425348.41690463055
4326,3,289500.0,278564.2351236222
4496,3,327000.0,384837.4851207584
4630,3,369900.0,662213.7247957357
4921,3,690000.0,707958.9599096384
5081,3,643000.0,420737.04331575084
5130,3,300000.0,265420.7132784913
5134,3,255000.0,249276.32797992398
5468,3,257500.0,239804.75894571643
5493,3,325000.0,297754.8513209711
6061,3,199000.0,210045.5429273527
6091,3,540000.0,603163.1274288893
6301,3,248000.0,222518.35996788205
6824,3,220000.0,251779.55795438756
7159,3,430000.0,453757.98210576305
7565,3,236775.0,266492.05760129733
7785,3,210000.0,193661.72343431748
8301,3,306500.0,262950.92393777805
8908,3,998000.0,1294018.342421357
9212,3,205000.0,320422.2605804474
9420,3,246000.0,251135.6136921118
9634,3,290000.0,323884.4461381374
9975,3,234000.0,224240.10533032485
10320,3,365000.0,254207.44022231086
10404,3,965000.0,948561.3936973101
10699,3,705000.0,646035.7727749926
11254,3,522500.0,450157.5212465451
11432,3,745000.0,553767.3424766307
11522,3,650000.0,712709.6218685163
11552,3,252000.0,274871.3939429922
11669,3,300000.0,265787.7949343306
11781,3,265000.0,259152.9271958312
12309,3,270000.0,280864.7878227814
12358,3,324950.0,313211.2527885013
12362,3,285000.0,147990.3940776294
12541,3,550000.0,522738.1394976329
12810,3,302000.0,416507.9188824166
12818,3,1313000.0,1130208.53882657
13036,3,413000.0,417258.87319443736
13592,3,230000.0,270142.3992135589
13609,3,575000.0,526001.7223813426
14808,3,1050000.0,980006.2449333401
15549,3,565000.0,394983.6815137917
15954,3,819000.0,735753.197893627
16356,3,190000.0,204930.77036655616
16764,3,450000.0,524912.4145359269
17330,3,460000.0,345848.9226198489
17696,3,709000.0,710033.5201557924
18719,3,295000.0,363973.88650455594
19349,3,708000.0,721527.1384384222
19537,3,590000.0,539290.8540894674
19787,3,439950.0,461679.32786070503
19869,3,625250.0,599274.8082157517
19994,3,260000.0,235753.55923313493
20185,3,429900.0,387522.70455531357
20618,3,610000.0,537058.4308443014
21023,3,286000.0,278864.7263039583
21071,3,1080000.0,849789.5072277474
21216,3,369500.0,351934.09786813677
21307,3,331000.0,316442.5232446481
21430,3,700000.0,538570.3560538962
216,3,1505000.0,1337232.9949204715
2625,3,465000.0,413666.1403836638
4073,3,761000.0,721110.6576742731
452,3,232000.0,213766.1058393365
6432,3,279950.0,280567.54746011796
7363,3,269000.0,260659.33178390126
12222,3,490000.0,475796.82918305584
14438,3,269950.0,231732.88381717046
15231,3,467500.0,471694.44964008976
16190,3,264500.0,265416.98862141976
18200,3,1063000.0,1133775.546083349
19445,3,490000.0,489678.19576393755
19892,3,390000.0,412068.6392109352
20050,3,379900.0,405979.1172722051
20121,3,635000.0,788368.5039474971
21376,3,365000.0,332848.28888276743
59,3,430000.0,396675.31936383765
1797,3,212000.0,278024.51907629304
1801,3,615000.0,693004.0084188466
2252,3,340000.0,317666.0212698258
3977,3,635000.0,558546.4209148966
4655,3,390000.0,510921.9769448879
4889,3,325000.0,356364.8963176211
5136,3,690700.0,615149.6202926534
5266,3,605000.0,485822.9920195998
5583,3,357500.0,286651.15690643847
5653,3,350000.0,286760.0326387691
5855,3,775000.0,642492.9745561536
5983,3,458500.0,430787.81238221715
6137,3,325000.0,308717.0713881084
6617,3,829900.0,981123.3519743809
6950,3,482000.0,432047.86912557867
7554,3,322500.0,301804.4806227611
7673,3,765000.0,861004.3658205277
7736,3,535500.0,556593.3926925445
7866,3,615000.0,546940.3914993067
8631,3,314950.0,297347.01138901914
8726,3,614000.0,708636.2217392917
9027,3,359999.0,357934.3672334179
10217,3,685000.0,659217.6604291478
10400,3,399000.0,355363.3423681835
10514,3,342000.0,310205.91925160465
10792,3,392000.0,306010.83060308965
10801,3,436000.0,402733.213748834
11501,3,328500.0,323574.72594567004
11661,3,255000.0,225555.71601800405
12820,3,598780.0,606954.0699281953
13504,3,440250.0,421537.7840284346
13518,3,390000.0,357320.49152986234
14244,3,275000.0,262072.95395811764
14578,3,335750.0,309268.3058479513
15168,3,316000.0,613310.2140196458
15201,3,542000.0,614095.47364948
15486,3,335000.0,308196.76300760993
15634,3,265000.0,349468.9958835137
16042,3,485000.0,456460.58976606507
16101,3,637000.0,610726.558319899
16229,3,710000.0,736326.2723758601
16487,3,485000.0,555157.8772121823
17429,3,300000.0,363860.13258793467
17503,3,241500.0,242626.5594462277
17615,3,293000.0,269681.0758576091
17690,3,1364000.0,1158006.7900294734
17825,3,425000.0,350847.17162286374
17908,3,400000.0,373148.7445455639
17927,3,260000.0,265086.42969984084
18016,3,340000.0,345740.7866388741
18026,3,575000.0,546418.4423799802
18327,3,1265000.0,1002362.2952808175
18425,3,420000.0,369120.63599979156
18463,3,455000.0,417697.977094113
18761,3,529941.0,557664.7703972567
19277,3,365000.0,400478.5709902214
19598,3,400000.0,508314.83880243025
19890,3,559950.0,555688.4499521959
19999,3,649950.0,692730.3127263017
20095,3,335000.0,319061.07137804176
20494,3,399000.0,384091.31463350327
20555,3,379500.0,349761.98141710914
20624,3,635000.0,590126.8902102023
20813,3,1325000.0,1428467.104101887
20831,3,489950.0,471711.4765531834
20883,3,461000.0,371475.6014087665
20913,3,299999.0,291209.100903092
21047,3,302059.0,329173.5129392106
21374,3,705000.0,631275.4737512732
21609,3,400000.0,460463.8287529271
291,3,630000.0,638241.4181071968
403,3,437000.0,429876.4185122455
532,3,970000.0,1012555.934499902
604,3,435500.0,410844.98677970434
689,3,396000.0,363308.18994490895
736,3,588000.0,546735.3662216488
748,3,517500.0,525496.4886445841
799,3,1100000.0,1304062.3909953374
1141,3,380000.0,325951.8895990149
1505,3,230000.0,207532.56511067963
2608,3,450000.0,383082.3762521301
2671,3,470000.0,505219.52455132245
2808,3,330000.0,322489.73279162875
3022,3,279000.0,302754.75788199954
3147,3,345000.0,493119.73143883224
3200,3,178000.0,274252.76679375244
3241,3,350000.0,315376.7467594958
3544,3,197000.0,221092.62123386425
4269,3,199500.0,255797.0443314075
4880,3,265000.0,320018.3729320715
4946,3,312500.0,292677.62155050755
5357,3,320000.0,318348.27279806987
5518,3,815000.0,970167.5723335296
5601,3,255000.0,265805.42198679724
5605,3,265000.0,268865.44056812086
6070,3,671300.0,616329.2319511235
6251,3,408000.0,390206.176326213
6332,3,430000.0,519387.1945742363
6343,3,260000.0,261074.81945651842
6405,3,473000.0,401923.21440729935
6478,3,417500.0,430215.71411891514
6640,3,350000.0,340600.7170261082
6811,3,310000.0,266209.35769456526
6910,3,596000.0,548661.7625685228
7403,3,269000.0,291337.8751757103
7588,3,163000.0,240833.84602441717
8036,3,258305.0,263504.64956506644
8079,3,522500.0,455699.33273329894
8117,3,386000.0,354948.16236669174
8142,3,875000.0,871234.8106848223
8761,3,270500.0,247712.9873090198
8972,3,394999.0,367053.2319975669
9086,3,415000.0,411971.90078592935
9108,3,420000.0,315798.96118008107
9112,3,1360000.0,1472725.5689582704
9151,3,319502.0,379187.4399265582
9461,3,499000.0,504242.3137722588
9805,3,284200.0,282685.2122147328
9973,3,290000.0,271844.8302315412
10062,3,430000.0,443025.5081835962
10314,3,709000.0,714658.9810119219
10402,3,406500.0,262628.3936994743
10827,3,583500.0,528926.5436480197
10970,3,868000.0,810575.109586465
11136,3,500000.0,630257.9454274967
11317,3,285000.0,339741.2995312718
11364,3,875000.0,859801.1927358919
11699,3,191950.0,194895.32081286228
12166,3,718000.0,742689.7579721577
12175,3,490000.0,462861.6715965128
12626,3,209900.0,217655.2443025362
12690,3,850000.0,850869.9405459665
12932,3,850000.0,631103.4146552994
13056,3,565000.0,476337.276781643
13631,3,255000.0,235657.49735049802
14090,3,270000.0,269182.74879116635
14238,3,240000.0,304486.4209782152
14243,3,589000.0,504323.1113695279
14325,3,365000.0,396248.7652046189
14421,3,115000.0,206794.06885355842
14441,3,260000.0,401934.13972516335
14832,3,396000.0,342092.4430891678
14833,3,397000.0,430084.3885561543
15699,3,418200.0,470830.01209406543
15829,3,499950.0,378185.2343721878
16201,3,447000.0,341234.6985658466
16226,3,420000.0,463631.20269274514
16327,3,1030000.0,962686.2163485031
16367,3,139000.0,232419.74593973986
16543,3,293000.0,318351.24170715077
16692,3,540000.0,528574.1413188761
16981,3,229950.0,179193.26919378445
17515,3,545000.0,374630.04118509183
18178,3,369300.0,386837.8567973154
18519,3,1450000.0,1044396.5142858617
18567,3,515000.0,506868.1828859819
18641,3,430000.0,490409.70803803677
19013,3,375000.0,381147.733103343
19061,3,540000.0,446456.1597161974
19178,3,873000.0,774054.6810826544
19565,3,323000.0,375711.2512625392
19909,3,598950.0,549465.4416782381
20361,3,609500.0,559322.3664225854
20653,3,405000.0,376918.98807728925
20795,3,450000.0,428194.7985915645
20822,3,780000.0,746493.5552691616
21200,3,720000.0,693384.7356104528
21366,3,370000.0,305012.92227406456
2,3,180000.0,278575.95211230626
427,3,1300000.0,1062354.2573482222
623,3,605000.0,551540.848434888
780,3,305000.0,309243.4559759695
989,3,484950.0,493472.3541676331
1541,3,350000.0,436947.8752712053
1742,3,445000.0,440745.8291848243
2269,3,235000.0,216822.1326178935
2306,3,302000.0,567685.0899009643
2503,3,575000.0,452175.28842717205
2572,3,439950.0,436648.0857941667
2632,3,250000.0,202187.01107028083
2677,3,399500.0,350284.2519543779
2877,3,195000.0,211534.5275970278
3223,3,262000.0,180913.45673866148
3283,3,855000.0,798660.3583999306
3556,3,325000.0,429098.3726896687
3720,3,735000.0,656283.0143181194
4138,3,545000.0,538413.3212850968
4591,3,539000.0,531032.9390526339
4703,3,299800.0,315078.5989289574
5053,3,735000.0,520870.7638264381
5161,3,822000.0,684559.7597975251
5341,3,595000.0,437473.5773111392
5500,3,482000.0,493869.1538129171
5724,3,185000.0,160084.02329374265
5807,3,325000.0,329994.02645953133
5941,3,440000.0,373834.35096119397
6065,3,525000.0,503087.17714546865
6236,3,275000.0,270332.2824306402
6484,3,425500.0,386268.37865422404
6631,3,340000.0,321290.7786037648
7160,3,460000.0,524150.36754052446
7181,3,249000.0,255552.1799228811
7190,3,380500.0,330604.4036984117
7515,3,450000.0,397800.0326193403
8062,3,200000.0,189813.55512343033
8069,3,319950.0,249671.51520332473
8413,3,1110000.0,949114.7903652557
8827,3,565000.0,545623.9545041928
8858,3,200000.0,291150.6620117052
9070,3,274000.0,237614.31631367156
9349,3,551870.0,345339.92095916753
9654,3,760500.0,671993.2576691766
10098,3,1326000.0,1257531.7612329638
10299,3,529500.0,444241.4961575744
10425,3,389000.0,307219.1255614583
10473,3,285000.0,257376.59178567407
10597,3,580000.0,538002.1801802681
10694,3,704000.0,525029.1792150398
11291,3,780000.0,701408.4015414877
11309,3,273000.0,224610.65968932255
11318,3,524950.0,441244.1909393807
11359,3,533000.0,517445.9606304667
11643,3,491000.0,434953.7591824285
11960,3,286300.0,330832.0204635158
12015,3,500000.0,453270.5978751902
12238,3,180000.0,252900.8016717145
12269,3,550000.0,370603.4199409187
12431,3,595000.0,565047.1656779951
13133,3,906000.0,908079.2961480285
13199,3,835000.0,798022.8970127782
13217,3,455000.0,420952.2396585188
13351,3,235000.0,281982.96928233304
13512,3,728935.0,818202.4342704401
15240,3,370000.0,352514.1588091202
15385,3,450000.0,358102.34219961625
15788,3,572000.0,623439.8073128782
16292,3,495000.0,506631.1720432578
16525,3,1980000.0,1599423.0907657647
16687,3,396000.0,387778.3790907903
16749,3,425000.0,414971.8104639494
17078,3,322000.0,337006.2306203879
17245,3,1454000.0,1302969.5066835324
17456,3,565000.0,500911.5403593558
17642,3,575000.0,541506.8815220359
17749,3,340000.0,327560.70871229644
17846,3,700000.0,636257.1217929854
17875,3,642000.0,568009.5253061451
18217,3,479000.0,343768.0841079253
18336,3,285000.0,270159.5407408908
18473,3,539000.0,568195.6973657705
18526,3,482000.0,510670.65366299823
18539,3,562000.0,545775.1018111238
19222,3,675000.0,620444.3595148963
19651,3,319500.0,334429.933572919
20060,3,379950.0,377584.358184092
20179,3,665000.0,577513.3094266459
20224,3,1789950.0,1647775.5008651642
20225,3,895900.0,970997.1208641063
20326,3,2350000.0,2155717.487374934
20444,3,500012.0,478600.2687202912
20849,3,329950.0,307308.04943250434
21034,3,810000.0,731795.574094576
21456,3,450000.0,409224.7089426805
92,3,153000.0,195665.1680240928
247,3,181000.0,216073.93201165335
1039,3,566000.0,468949.8581578297
1430,3,470000.0,480937.45928881003
2181,3,1550000.0,1233846.2682924306
2494,3,322000.0,252257.929542686
3050,3,517000.0,355799.33338383015
3051,3,615000.0,627576.6054130922
3130,3,250000.0,263015.89793021
3171,3,587500.0,491666.61408115725
3281,3,1965000.0,1906077.067582567
3635,3,251000.0,228759.35174825264
3839,3,830000.0,589943.4971614118
3953,3,317000.0,323870.7217698949
5774,3,310000.0,484812.65642542747
5852,3,899000.0,732245.6051110098
6406,3,279000.0,259161.45937808105
6835,3,190000.0,196963.10525921808
7106,3,284000.0,312805.7232749737
7186,3,275500.0,221108.22121125506
7607,3,430000.0,454977.5595424318
8140,3,484000.0,645631.5464444731
8405,3,970000.0,974341.5366583234
8599,3,635000.0,576980.2754894326
9653,3,392000.0,370150.9573480496
10133,3,219000.0,281278.90010906046
10195,3,690000.0,737937.0620313003
10549,3,440000.0,432193.77284779743
11174,3,454900.0,514990.56499700045
11772,3,615000.0,547596.6511495404
12054,3,401000.0,356108.79916322953
12739,3,320000.0,310644.83618912863
12956,3,269000.0,244253.52716521284
13195,3,525000.0,492286.78194523015
13207,3,259000.0,325658.5022470955
13654,3,267500.0,250933.879853921
13751,3,464000.0,507385.1191002687
13773,3,364000.0,351501.29815103824
14173,3,286000.0,284388.37389876327
14177,3,350000.0,357830.93302381464
14632,3,267000.0,238038.0842363861
15312,3,190000.0,285995.1044728679
15653,3,160000.0,173425.30899457898
15726,3,253750.0,211484.71774834415
16472,3,330000.0,478666.778729151
17272,3,350000.0,292539.5724096628
17582,3,616000.0,687578.6006291178
17590,3,303697.0,462498.64380925073
17614,3,228500.0,190860.44786791535
17976,3,360000.0,343272.554636636
18253,3,400000.0,423417.2955058488
18711,3,215000.0,215012.22616766905
19425,3,794500.0,669041.2025767602
20211,3,347500.0,328504.618025377
20283,3,380000.0,395421.28911190794
20463,3,510000.0,372237.48001192353
20991,3,910000.0,893909.7122601656
21140,3,250000.0,235059.7759552251
21533,3,999999.0,869514.7527449856
21565,3,341780.0,312057.03704455396
144,3,500000.0,537266.1854682749
281,3,170000.0,194718.16466761462
763,3,374950.0,368291.8776225984
1242,3,375000.0,396490.1225963863
1356,3,643000.0,599696.1152314137
1499,3,720000.0,621702.6282569773
1698,3,340000.0,341366.58490916085
1958,3,429800.0,336012.96942619863
3025,3,367000.0,290883.73099258787
3138,3,450000.0,452761.84734442236
3185,3,635000.0,603983.3853896789
4569,3,140000.0,214815.99490394845
4642,3,295000.0,355351.08652573155
4772,3,205500.0,234674.79716726916
5966,3,637000.0,594319.5078035928
6139,3,425000.0,358405.2687000521
6781,3,217000.0,171304.5581225111
6876,3,435000.0,477582.00942877267
7251,3,204000.0,245686.64853588422
7371,3,395000.0,446390.3316818466
9481,3,780000.0,784645.4043923768
9911,3,400000.0,370572.11349729495
10045,3,425590.0,396069.515818724
10131,3,309000.0,205752.35612834714
11023,3,330000.0,243387.55906239568
11086,3,315000.0,280417.89210890705
11492,3,499000.0,450708.5912978013
12382,3,207000.0,253044.99266824996
13312,3,600000.0,716923.2988453151
13670,3,369000.0,358002.76047460636
14555,3,930000.0,722466.7088708965
15245,3,1398000.0,1222362.6103524913
16308,3,248500.0,236783.25332773835
17211,3,275000.0,210442.22662099983
17281,3,339000.0,267192.0471639868
17688,3,612500.0,649063.0040714572
17850,3,620047.0,620595.0676098008
18355,3,403000.0,367760.56904528
19667,3,1450000.0,1209500.8118868384
19939,3,325000.0,311500.4873454371
20508,3,394950.0,404148.4830576243
20532,3,550000.0,357928.62852611404
20560,3,908990.0,905550.6794895342
20972,3,370950.0,341519.0913656444
21006,3,415000.0,356562.138830128
21283,3,988990.0,984938.6107919094
21296,3,445000.0,441570.11990452046
21514,3,1865000.0,1938140.6954725243
21542,3,715000.0,704213.3469117922
308,3,550700.0,446737.1834643142
2750,3,352000.0,274285.4303266663
5214,3,997000.0,897516.1911632499
14760,3,285000.0,283893.69524976873
21306,3,579950.0,463576.22625670256
9015,3,490000.0,434292.17615794146
12313,3,624000.0,533625.5906978484
16600,3,440000.0,493864.0113522831
18100,3,505400.0,560966.5579376799
19176,3,534000.0,547368.1703572065
19344,3,151000.0,176575.02165891964
29,3,719000.0,662202.9163826671
125,3,1450000.0,1250785.8071301258
1419,3,350000.0,335771.6697765951
2179,3,1650000.0,1630803.9851094212
2474,3,858000.0,796604.3918930765
4180,3,235000.0,239745.68160733205
5012,3,455000.0,449236.6033005865
5364,3,404000.0,373302.691406092
6072,3,1100000.0,1052862.4121640148
6239,3,200000.0,239723.1955891523
6295,3,545000.0,524657.9707333568
7145,3,410000.0,373238.64279334305
7383,3,585000.0,636868.1439502143
8642,3,380000.0,426872.76044484356
8795,3,265000.0,292341.5042121184
8951,3,428750.0,486637.8643055288
10044,3,585000.0,344148.6628633179
10468,3,2000000.0,1492254.391749056
10523,3,310000.0,225028.13727397492
11606,3,1300000.0,1200918.811197124
11641,3,350000.0,376857.79736066866
11716,3,319950.0,306713.04004021717
11734,3,245000.0,231436.62197818264
11778,3,460000.0,345279.7653578933
12148,3,895000.0,911587.9372858292
13073,3,469000.0,399371.6526908029
13796,3,220000.0,165235.75096839678
14472,3,275000.0,233566.88349288088
15457,3,365000.0,300392.88961128565
15619,3,329950.0,287081.32041981036
16515,3,885000.0,848764.4908462706
16580,3,1810000.0,1965218.0292354776
16713,3,455000.0,426175.20112920814
17102,3,350000.0,347705.4184309326
18404,3,650000.0,641720.08913139
18742,3,247500.0,240771.23542468995
19599,3,515000.0,493832.81863900466
19736,3,1680000.0,1478076.1996200802
20220,3,204000.0,254529.01906483373
20395,3,395000.0,226817.33522098762
20690,3,370000.0,332290.78713377943
21418,3,750000.0,785325.1265398271
21522,3,462500.0,351882.2686331918
54,3,920000.0,995539.6171944779
204,3,274250.0,224402.44805311298
229,3,516500.0,469453.0993055861
640,3,378000.0,387828.46850719757
863,3,910000.0,805514.5554648746
1788,3,256000.0,186034.36261084516
1829,3,753000.0,641114.8225220594
2425,3,992000.0,1079883.1239993735
2545,3,465000.0,440406.3111043224
2870,3,521000.0,517610.32077690004
2897,3,435000.0,431812.28255364
3227,3,551000.0,406512.38029975403
4214,3,525000.0,522103.7812784564
5768,3,638250.0,639895.3591311623
6359,3,670000.0,685035.7936386176
6553,3,498500.0,409218.3495049988
6613,3,545000.0,638547.7273994507
6823,3,1430000.0,1001838.6011953172
6853,3,772500.0,643620.8722744384
7379,3,713000.0,654497.5130713475
7405,3,564000.0,567175.7699747396
7661,3,670000.0,594889.2589932794
7992,3,90000.0,200051.61979873708
8255,3,370000.0,358861.4819637116
8453,3,340000.0,377775.6795760502
8489,3,674000.0,612377.6138586996
8967,3,720000.0,591016.2360785403
9091,3,883000.0,1093833.1484920117
9207,3,425000.0,342060.40737793694
9221,3,750000.0,669575.2832200022
9397,3,420000.0,253000.36630918688
9740,3,259500.0,266652.76932800916
10487,3,425000.0,469231.2674943279
11248,3,575000.0,517009.8800562026
11451,3,647000.0,625963.2245283889
11605,3,495000.0,429395.8605959077
12099,3,590000.0,562509.3874692
13342,3,385000.0,401881.32960454206
13505,3,585000.0,606298.241809038
13622,3,339950.0,302450.1273876366
13636,3,563500.0,476038.4460206261
13967,3,3395000.0,3452641.468802383
14203,3,273000.0,245324.24936344422
14665,3,177000.0,175984.46629185055
17047,3,247500.0,237177.1489821279
17380,3,310000.0,317453.9127801923
18368,3,500000.0,463218.9841232051
18503,3,359000.0,360142.6185796745
19097,3,420000.0,493658.5482800068
19139,3,335000.0,339160.89737255516
19303,3,315000.0,295580.21641533496
19466,3,1500000.0,1236423.2196369409
19524,3,147000.0,223311.69862617814
19662,3,405000.0,378788.17809315625
19680,3,465000.0,460689.6082190834
19893,3,425000.0,426056.353896338
19956,3,1563100.0,1476191.7259261915
20138,3,734000.0,508959.0863068009
20708,3,305000.0,290388.60747752513
21061,3,390000.0,368258.25972781033
21248,3,1080000.0,759616.4298279904
21321,3,1350000.0,1542086.727678916
21420,3,299950.0,280131.7653287035
111,3,570000.0,466860.68009385595
162,3,900000.0,850765.5414361621
297,3,446500.0,498449.38100727793
693,3,410000.0,309233.17371040664
714,3,405000.0,364457.3088413298
785,3,218000.0,269047.6147011007
794,3,210000.0,189219.14344139976
848,3,512000.0,481944.0095127333
991,3,585000.0,637641.3055033212
1636,3,325000.0,302012.21176451107
1863,3,625000.0,697084.9632554
2007,3,1015000.0,956097.3811243871
2890,3,210500.0,198160.48163781423
3188,3,200000.0,216794.22273472464
3197,3,401000.0,560113.3089204285
3320,3,496000.0,431684.13511431013
3699,3,632500.0,599936.0944596073
4039,3,385000.0,356995.91762587347
4134,3,292000.0,371241.6511136607
4187,3,400800.0,311055.2762352387
4577,3,690000.0,497122.39970352006
4805,3,224975.0,190265.15201511508
4811,3,2479000.0,2705962.8788435985
4869,3,950000.0,913657.4175156603
4994,3,637000.0,627440.6027858815
5854,3,512500.0,475784.5474450271
6294,3,265953.0,234732.0980472433
6411,3,529000.0,512727.9518465143
6428,3,702000.0,703193.7631281003
6567,3,280000.0,257106.67466736765
6812,3,385000.0,285638.2092702267
6825,3,243000.0,251913.70045910147
7135,3,1430000.0,975257.2722032384
7355,3,315000.0,292671.1625748484
7510,3,390000.0,385562.59788929886
7645,3,492000.0,448055.66415437433
7709,3,620000.0,598605.5441316307
7979,3,590000.0,590033.3266458764
7997,3,250000.0,228739.38939633456
8015,3,606000.0,529536.8668543333
8324,3,239950.0,249474.86910957034
8369,3,536000.0,507047.2207663293
8679,3,895000.0,815012.2211800428
9227,3,607000.0,588169.6397800783
9471,3,320000.0,354010.4489443551
9559,3,453000.0,431908.1827802147
10313,3,550500.0,522107.3844913893
10366,3,750000.0,607035.4261834157
10381,3,490000.0,384556.15156901925
10474,3,290000.0,331238.09622618277
10807,3,729000.0,735879.9911338849
10961,3,360000.0,451556.97795175045
11288,3,539000.0,510417.21319449076
11738,3,700000.0,590007.5391940036
11931,3,271920.0,245007.55676850208
11994,3,445000.0,426437.7521676162
12192,3,242000.0,230119.59937006445
12969,3,225000.0,344142.6602782133
13010,3,413252.0,454143.12211981625
13089,3,365000.0,372552.5112003086
13260,3,781000.0,662648.6976946724
13827,3,339100.0,321392.2575214378
13832,3,575000.0,527990.6165343105
13873,3,390000.0,460482.42113396456
14012,3,515000.0,391615.03964453103
14185,3,2225000.0,2112603.797274573
14510,3,380000.0,371278.345149377
14782,3,343000.0,387303.87719072343
14784,3,273950.0,246866.3328614095
14829,3,840000.0,1010613.644775144
15135,3,1770000.0,1271031.0681540358
15147,3,520000.0,314255.59951085097
15157,3,279950.0,258770.42735545145
15937,3,279000.0,253263.82031442522
16040,3,226000.0,232825.30459351576
16141,3,705000.0,727304.0827026985
16170,3,532500.0,478966.55013447674
16452,3,600000.0,559102.3851584035
16475,3,431000.0,369956.6619828743
16621,3,470000.0,424380.8882062487
16720,3,2140000.0,2469840.401831067
17284,3,640000.0,622975.1310049518
17575,3,763000.0,768998.6948101377
17946,3,275000.0,221965.6918767697
18093,3,310000.0,413717.32333364966
18174,3,818900.0,476723.38358700817
18190,3,400000.0,390320.4021980683
18565,3,260000.0,201174.29763633106
18566,3,196000.0,196126.19793322388
18727,3,230000.0,187839.127838903
19131,3,163000.0,223078.65664864526
19172,3,890000.0,799601.2762368927
19460,3,279950.0,299221.3521908895
19636,3,529500.0,575995.1742302681
20154,3,2945000.0,1954443.6981948717
20163,3,383000.0,401137.52871852205
20204,3,550000.0,616595.8901448597
20343,3,855000.0,820068.7101642514
21327,3,535000.0,753712.3331548013
21410,3,695000.0,753879.3842281001
108,3,680000.0,820270.3760494209
461,3,348000.0,355706.38096337975
511,3,480000.0,496323.50521852536
872,3,795000.0,833342.0583136713
931,3,545000.0,507239.0227469465
1029,3,543115.0,589283.8702482936
1441,3,264950.0,236106.32696348455
1787,3,552500.0,604594.3055561053
1884,3,150000.0,222770.3078426392
2167,3,306000.0,337386.34445510316
2340,3,230000.0,221999.90817773575
2668,3,1380000.0,1358826.6646052217
2805,3,385000.0,372305.3779443011
2828,3,900000.0,914290.0161583353
3422,3,250000.0,240696.0610119585
3777,3,1650000.0,1175742.402591034
3779,3,605000.0,568459.6170358
3991,3,499900.0,463690.42882488534
4036,3,825050.0,906468.1961097767
4352,3,259950.0,306944.67535415
4419,3,425000.0,549835.6191525738
4485,3,308000.0,340796.0586923064
4959,3,1000000.0,907677.9574511485
5433,3,1740000.0,1251590.0739341583
5683,3,335000.0,491419.8201295952
5890,3,420000.0,416335.3333086235
6225,3,292000.0,351879.04483406694
6431,3,354500.0,329125.8761921321
6969,3,447500.0,427747.160631134
7466,3,599000.0,619558.2290909991
7476,3,1025000.0,878036.3476196821
7978,3,450000.0,568053.038245362
8074,3,284000.0,272976.40699393494
8378,3,910000.0,835616.5097618438
8491,3,453000.0,499395.10076504
8722,3,625000.0,533931.3591983024
8916,3,740000.0,399358.731129621
9121,3,255000.0,219967.10234965113
9233,3,733000.0,624613.0808144679
9446,3,355000.0,237088.9245826356
9730,3,256000.0,272192.59964303917
9739,3,485000.0,477098.0547497767
11789,3,218000.0,189038.49097564674
12347,3,675000.0,485786.6031399913
12532,3,539000.0,554940.691018755
12567,3,759950.0,524106.2374101935
12724,3,130000.0,271406.4195252221
13210,3,635000.0,622215.9061685968
13299,3,700000.0,789250.0611328012
14254,3,1950000.0,2213456.5231726645
14326,3,412500.0,418121.18636643904
14765,3,780000.0,731659.7913862221
14990,3,316500.0,329310.34407952573
15128,3,340000.0,408609.78647236474
15210,3,336600.0,305379.95933245233
15214,3,175000.0,184587.0257420768
15817,3,380000.0,309967.46946074127
15850,3,205000.0,199808.76635201604
16380,3,629950.0,651741.9914769182
16714,3,85000.0,154100.83126923384
16926,3,501000.0,481187.4032388265
17174,3,175000.0,142002.56481269913
17320,3,475000.0,469747.0333695719
18085,3,525000.0,466530.96486800956
18159,3,315000.0,301859.6236669254
18192,3,345000.0,417359.86425460293
18325,3,255000.0,241761.16276674022
18436,3,230000.0,230790.76968855827
18693,3,250000.0,284325.48013123573
18797,3,244950.0,262540.5507773491
19551,3,255000.0,254290.17157403598
19630,3,855169.0,759343.7285524688
19694,3,340000.0,343629.1861397702
20277,3,308000.0,300870.0723804281
20298,3,289950.0,292106.8433243754
20836,3,402395.0,405578.22402491444
21223,3,561000.0,540787.631221608
21587,3,385000.0,370761.28986603284
400,3,557000.0,523035.0885536781
948,3,369950.0,341066.59126181336
1109,3,367000.0,441456.50172173395
1859,3,685000.0,554938.2429757953
2473,3,1865000.0,1408851.4709141075
3111,3,196000.0,192388.6849564487
3352,3,1100000.0,884176.9884537794
3783,3,286950.0,267830.5951608927
4114,3,365070.0,326021.88519444165
4465,3,284000.0,286068.4281866375
5333,3,195000.0,242797.1059309592
5343,3,585000.0,528607.8965308868
5376,3,185850.0,235986.52468094087
5467,3,595000.0,469445.68069552566
6095,3,713900.0,781207.6779872437
8250,3,508000.0,519778.87152914115
8293,3,615000.0,574151.4679762783
8784,3,1800000.0,2153591.568045281
8807,3,1050000.0,980758.9427245754
9012,3,259875.0,310594.23643335083
9172,3,1234000.0,991274.4679621884
10067,3,325000.0,271473.0530381232
10191,3,225000.0,236569.45314351714
10224,3,550000.0,492249.31625884137
10472,3,262500.0,250587.65557289647
10718,3,260000.0,261776.0693494072
10921,3,725000.0,581339.418209992
11335,3,515000.0,485244.2712227921
11488,3,1325000.0,931791.1079547162
12055,3,655000.0,621705.5111212719
12076,3,595000.0,610116.3408668501
12255,3,605000.0,562110.1330746176
12536,3,1030000.0,886940.4186919031
12863,3,215150.0,153270.99232558184
13290,3,272450.0,216628.4738559852
13309,3,335000.0,304518.5685786409
13413,3,122000.0,246551.5228402339
13513,3,850000.0,876546.6655447847
13729,3,265000.0,269073.214910028
14071,3,235000.0,265006.9784442298
14425,3,550000.0,469023.7022158397
15172,3,619100.0,466751.19433590636
15831,3,970000.0,1033253.6804944513
16091,3,588000.0,574133.8179944486
16312,3,198500.0,187518.12522339603
16461,3,254000.0,254562.83060113824
17262,3,308000.0,327837.8606998712
17568,3,397500.0,393833.4450159471
17842,3,550000.0,468621.24910783937
18176,3,240000.0,235548.81436427764
18281,3,959000.0,916308.3159509924
18710,3,280000.0,262045.2805253462
19525,3,500000.0,446790.9545746059
19945,3,530000.0,619384.1682675086
20287,3,324950.0,307470.94692589174
20455,3,820000.0,745544.3058690133
20711,3,530000.0,488510.92474429816
21152,3,450000.0,429093.41769084777
6369,3,263300.0,219337.47771731386
9803,3,305000.0,324710.6649400549
11141,3,392500.0,319321.23681514116
18846,3,475000.0,435879.8618481401
15066,3,340000.0,278877.1903124697
161,3,438000.0,413151.4947513336
226,3,479950.0,483426.6299222027
396,3,530000.0,562813.2904206796
1153,3,298900.0,277645.21199219715
1173,3,359000.0,340985.98005529057
1339,3,435000.0,404504.49153936334
1618,3,549500.0,500410.6083719237
1883,3,320000.0,283414.14923131524
2029,3,325000.0,373515.8449826486
2207,3,258500.0,269689.70156366803
2331,3,307000.0,192153.92009645308
2662,3,418200.0,318547.4963142502
2780,3,665000.0,593332.2216347008
3794,3,255500.0,201632.69760082744
3858,3,347500.0,311198.3556186977
4142,3,260000.0,273221.3345993978
4337,3,622000.0,532288.6073062648
4409,3,565000.0,481537.1176215089
4670,3,375000.0,315069.45660233934
5073,3,859000.0,675268.5891319015
5740,3,347500.0,309687.74345882516
6055,3,270000.0,296795.1108573844
6458,3,998160.0,933212.7980692828
6680,3,535900.0,520995.9640081932
6681,3,230000.0,224912.71982705002
6746,3,204555.0,241803.98284548527
6891,3,763000.0,632132.053498467
7044,3,649000.0,569596.9846097069
7247,3,428900.0,422563.4384324829
7482,3,679000.0,529764.6083381175
7719,3,245000.0,262898.3712884672
8269,3,190000.0,237625.22777569044
8317,3,314950.0,294316.1755894901
8759,3,411500.0,324869.52367423964
8778,3,325000.0,298482.6919223478
8893,3,440000.0,555740.8595242902
8911,3,190500.0,327314.1852949137
9917,3,649000.0,506317.40952187113
9992,3,385000.0,412589.64960270526
10389,3,750000.0,696629.3014292333
10506,3,535950.0,553973.1571024224
10719,3,392500.0,272932.9547832764
10760,3,470000.0,448556.9384872027
11109,3,200000.0,220372.2208592828
11554,3,400000.0,386340.624744112
11646,3,270000.0,283844.38203697355
12295,3,1712750.0,1467275.3149181735
13015,3,295000.0,340660.8046213153
13268,3,185000.0,182405.0181874771
13522,3,620000.0,703091.126084277
14376,3,546000.0,515794.1873392257
15224,3,752000.0,545210.2128316981
15600,3,558000.0,585051.3634401602
15767,3,443000.0,421130.77558368386
15910,3,415000.0,344115.6427539219
15990,3,265000.0,254344.9727273034
15991,3,765000.0,604613.1465405738
16118,3,329990.0,327717.95645065274
16536,3,369000.0,389482.4999497256
16813,3,352500.0,386447.0984751017
17631,3,260000.0,270819.3411756761
17940,3,610000.0,567219.68553412
18442,3,635000.0,626680.170225205
18591,3,526000.0,464587.70499267546
19527,3,991500.0,1032015.2492137608
19872,3,437000.0,367161.66969630163
20910,3,311850.0,319006.37749266066
21273,3,775000.0,663739.1141335723
