source_row,id,date,partition
0,7129300520,2014-10-13,development
1,6414100192,2014-12-09,development
2,5631500400,2015-02-25,development
3,2487200875,2014-12-09,development
4,1954400510,2015-02-18,development
5,7237550310,2014-05-12,development
6,1321400060,2014-06-27,development
7,2008000270,2015-01-15,development
8,2414600126,2015-04-15,test
9,3793500160,2015-03-12,test
10,1736800520,2015-04-03,test
11,9212900260,2014-05-27,development
12,0114101516,2014-05-28,development
13,6054650070,2014-10-07,development
14,1175000570,2015-03-12,test
15,9297300055,2015-01-24,development
16,1875500060,2014-07-31,development
17,6865200140,2014-05-29,development
18,0016000397,2014-12-05,development
19,7983200060,2015-04-24,test
20,6300500875,2014-05-14,development
21,2524049179,2014-08-26,development
22,7137970340,2014-07-03,development
23,8091400200,2014-05-16,development
24,3814700200,2014-11-20,development
25,1202000200,2014-11-03,development
26,1794500383,2014-06-26,development
27,3303700376,2014-12-01,development
28,5101402488,2014-06-24,development
29,1873100390,2015-03-02,development
30,8562750320,2014-11-10,development
31,2426039314,2014-12-01,development
32,0461000390,2014-06-24,development
33,7589200193,2014-11-10,development
34,7955080270,2014-12-03,development
35,9547205180,2014-06-13,development
36,9435300030,2014-05-28,development
37,2768000400,2014-12-30,development
38,7895500070,2015-02-13,development
39,2078500320,2014-06-20,development
40,5547700270,2014-07-15,development
41,7766200013,2014-08-11,development
42,7203220400,2014-07-07,development
43,9270200160,2014-10-28,development
44,1432701230,2014-07-29,development
45,8035350320,2014-07-18,development
46,8945200830,2015-03-25,test
47,4178300310,2014-07-16,development
48,9215400105,2015-04-28,test
49,0822039084,2015-03-11,test
50,5245600105,2014-09-16,development
51,7231300125,2015-02-17,development
52,7518505990,2014-12-31,development
53,3626039271,2015-02-05,development
54,4217401195,2015-03-03,development
55,9822700295,2014-05-12,development
56,9478500640,2014-08-19,development
57,2799800710,2015-04-07,test
58,7922800400,2014-08-27,development
59,8079040320,2015-02-23,development
60,1516000055,2014-12-10,development
61,9558200045,2014-08-28,development
62,5072410070,2014-10-21,development
63,9528102996,2014-12-07,development
64,1189001180,2014-06-03,development
65,3253500160,2014-11-20,development
66,3394100030,2014-09-09,development
67,3717000160,2014-10-09,development
68,1274500060,2014-08-25,development
69,1802000060,2014-06-12,development
70,1525059190,2014-09-12,development
71,1049000060,2015-01-05,development
72,8820901275,2014-06-10,development
73,5416510140,2014-07-10,development
74,3444100400,2015-03-16,test
75,3276920270,2014-11-05,development
76,4036801170,2014-10-13,development
77,2391600320,2015-04-20,test
78,6300000287,2014-06-09,development
79,1531000030,2015-03-23,test
80,5104520400,2014-12-02,development
81,7437100340,2014-12-22,development
82,9418400240,2014-10-28,development
83,1523059105,2015-01-28,development
84,1133000671,2014-06-02,development
85,4232902595,2014-11-14,development
86,2599001200,2014-11-03,development
87,3342103156,2014-06-18,development
88,1332700270,2014-05-19,development
89,3869900162,2014-09-04,development
90,2791500270,2014-05-22,development
91,5036300431,2015-03-11,test
92,4168000060,2015-02-26,development
93,6021501535,2014-07-25,development
94,6021501535,2014-12-23,development
95,1483300570,2014-09-08,development
96,3422049190,2015-03-30,test
97,1099611230,2014-09-12,development
98,0722079104,2014-07-11,development
99,7338200240,2014-05-16,development
100,1952200240,2014-06-11,development
101,5200100125,2014-10-27,development
102,7214720075,2014-12-12,development
103,2450000295,2014-10-07,development
104,6197800045,2014-09-24,development
105,1328310370,2015-04-02,test
106,0546000875,2014-05-23,development
107,3530510041,2014-07-23,development
108,1853000400,2015-03-05,development
109,3134100116,2014-08-27,development
110,9545230140,2014-07-25,development
111,3362400511,2015-03-04,development
112,2525310310,2014-09-16,development
113,6126500060,2014-11-24,development
114,8961960160,2014-10-28,development
115,3626039325,2014-11-21,development
116,3362400431,2014-06-26,development
117,4060000240,2014-06-23,development
118,3454800060,2015-01-08,development
119,1695900060,2015-05-11,test
120,7278700070,2015-01-02,development
121,6675500070,2014-11-19,development
122,3626039187,2015-04-06,test
123,3524049083,2014-11-04,development
124,3275860240,2014-06-18,development
125,4389200955,2015-03-02,development
126,4058801670,2014-07-17,development
127,8732020310,2014-07-17,development
128,2331300505,2014-06-13,development
129,7853210060,2015-04-06,test
130,3668000070,2015-01-05,development
131,9545240070,2015-04-28,test
132,1243100136,2014-06-12,development
133,8929000270,2014-05-12,development
134,2767602356,2015-01-26,development
135,0921049315,2014-08-13,development
136,3655000070,2014-08-05,development
137,4027700812,2014-05-29,development
138,3992700335,2014-07-07,development
139,2767603505,2014-05-07,development
140,4232901525,2014-06-27,development
141,1777500060,2014-07-08,development
142,1432900240,2015-05-08,test
143,6140100875,2015-04-15,test
144,6071600370,2015-02-27,development
145,1526069017,2014-12-03,development
146,0809001525,2014-06-25,development
147,3224079105,2014-08-06,development
148,8075400570,2014-10-30,development
149,1994200024,2014-11-04,development
150,3362900810,2014-08-20,development
151,1324300398,2015-04-09,test
152,0537000445,2015-03-31,test
153,7855801670,2015-04-01,test
154,7920100045,2014-05-16,development
155,8960000030,2014-07-28,development
156,6388930390,2014-11-20,development
157,8731900200,2014-08-07,development
158,8029200135,2014-11-13,development
159,1081200350,2014-10-03,development
160,0084000105,2014-05-07,development
161,3756500060,2015-03-09,development
162,7215720160,2015-03-04,development
163,3574800520,2014-06-20,development
164,2617300160,2014-08-12,development
165,2558660270,2014-12-08,development
166,2009000370,2015-02-19,development
167,1836980160,2015-03-24,test
168,3261020370,2014-06-05,development
169,1755700060,2014-06-11,development
170,4330600435,2015-03-16,test
171,9542800700,2015-01-02,development
172,1999700045,2014-05-02,development
173,1762600070,2015-01-16,development
174,1687900520,2014-09-29,development
175,7234600798,2015-02-10,development
176,3881900445,2014-07-09,development
177,2254502445,2014-05-30,development
178,5437810320,2014-11-17,development
179,9158100075,2015-01-07,development
180,3830630310,2014-07-25,development
181,8123100045,2015-04-14,test
182,3127200041,2014-06-13,development
183,6661200320,2014-07-23,development
184,0011510310,2014-09-05,development
185,0825059270,2014-11-21,development
186,8731951370,2015-04-15,test
187,1954440060,2014-05-05,development
188,2264500350,2015-04-18,test
189,1115810060,2014-12-05,development
190,9477200200,2014-08-18,development
191,1432600560,2014-11-05,development
192,2287000060,2014-09-12,development
193,3663500060,2014-06-25,development
194,3996900125,2014-12-01,development
195,7796450200,2014-05-15,development
196,7549802535,2014-11-11,development
197,3278600320,2014-07-23,development
198,2824079053,2015-01-13,development
199,1222069094,2014-10-14,development
200,3542300060,2015-03-11,test
201,2222059065,2014-11-12,development
202,7551300060,2014-07-16,development
203,0100600550,2014-08-04,development
204,3211100860,2015-03-03,development
205,3456000310,2014-08-04,development
206,9526600140,2014-09-19,development
207,7465900060,2015-02-05,development
208,1222000055,2014-11-23,development
209,6300000550,2014-07-17,development
210,2310030510,2015-04-22,test
211,1025049114,2014-07-17,development
212,8677300550,2014-05-15,development
213,4014400292,2015-01-14,development
214,1102000196,2014-05-27,development
215,0257000138,2015-01-15,development
216,0046100204,2015-02-21,development
217,1909600046,2014-07-03,development
218,1250202145,2014-08-28,development
219,7611200125,2014-10-23,development
220,5611500140,2014-08-22,development
221,7138000260,2014-06-05,development
222,0626059335,2014-09-04,development
223,1922059282,2014-09-18,development
224,0705700390,2014-09-03,development
225,7454001200,2014-06-04,development
226,8682281200,2015-03-09,development
227,7972000200,2014-05-29,development
228,0722059070,2015-01-15,development
229,7202340400,2015-03-03,development
230,8096000060,2015-04-13,test
231,2424000060,2014-06-16,development
232,9264902050,2014-11-21,development
233,0943100260,2014-11-20,development
234,3677400445,2014-09-02,development
235,1762600320,2014-06-10,development
236,4058000060,2015-04-09,test
237,7228500560,2015-03-20,test
238,0326069104,2014-07-01,development
239,5152100060,2014-05-29,development
240,3584000310,2014-12-08,development
241,8150100045,2014-10-01,development
242,1868901275,2015-01-27,development
243,6131600075,2015-04-27,test
244,9468200125,2014-08-26,development
245,8029510030,2015-02-12,development
246,2025069065,2014-09-29,development
247,7899800890,2015-02-26,development
248,3021059276,2015-03-14,test
249,3797001895,2015-04-22,test
250,3832710960,2014-09-23,development
251,1310430400,2014-05-13,development
252,1422300030,2015-04-01,test
253,1105000588,2015-04-21,test
254,3830630060,2014-09-29,development
255,5101404898,2014-05-19,development
256,7972601890,2014-10-20,development
257,5127001620,2015-02-11,development
258,9407100800,2014-11-24,development
259,1873100060,2014-08-29,development
260,8722101360,2014-12-02,development
261,8644000060,2014-10-24,development
262,3325069129,2014-12-16,development
263,1400300055,2015-04-28,test
264,2123039032,2014-10-27,development
265,8078560140,2014-05-19,development
266,3438500192,2014-09-29,development
267,7974200510,2014-08-14,development
268,2557000400,2015-04-09,test
269,7960900060,2015-05-04,test
270,4054500390,2014-10-07,development
271,6378500125,2015-05-01,test
272,1745100140,2014-10-17,development
273,2976800796,2014-09-25,development
274,4235400186,2014-11-24,development
275,4215100060,2015-03-20,test
276,9189700045,2015-01-27,development
277,1126049053,2014-11-13,development
278,2022069200,2015-05-05,test
279,9412900055,2015-05-05,test
280,1722059235,2014-07-03,development
281,6874200960,2015-02-27,development
282,7424700045,2015-05-13,test
283,7202360350,2014-06-30,development
284,5634500392,2015-04-10,test
285,1509500060,2014-09-05,development
286,7214810350,2014-10-17,development
287,6647200060,2015-02-09,development
288,9552700140,2014-07-02,development
289,2200500350,2014-08-12,development
290,6113400046,2014-07-23,development
291,6619910140,2015-02-24,development
292,1115450240,2014-10-22,development
293,6073240060,2014-10-02,development
294,9297300045,2014-07-09,development
295,9510920070,2014-07-10,development
296,5468730030,2014-08-22,development
297,8079030390,2015-03-04,development
298,0600000152,2014-06-02,development
299,1840000030,2014-05-29,development
300,3225069065,2014-06-24,development
301,3260800030,2014-08-11,development
302,2747100024,2014-06-19,development
303,5104530560,2015-04-01,test
304,4330600350,2015-01-15,development
305,5016001535,2015-02-17,development
306,7280300196,2015-04-03,test
307,8651520400,2014-06-12,development
308,7171200445,2015-02-28,development
309,3204800200,2015-01-08,development
310,3416600800,2015-02-09,development
311,7994700030,2014-10-23,development
312,1860600135,2014-05-02,development
313,4139480200,2014-06-18,development
314,4139480200,2014-12-09,development
315,1328320800,2014-11-05,development
316,7771300125,2015-04-08,test
317,3422059208,2015-05-11,test
318,9521101455,2014-07-23,development
319,4337000335,2014-11-22,development
320,0325059286,2014-05-13,development
321,2597650240,2014-10-23,development
322,3353400435,2014-07-21,development
323,7972000240,2015-02-02,development
324,7520000520,2014-09-05,purged
325,7520000520,2015-03-11,test
326,3530210260,2014-10-27,development
327,1959700550,2014-09-05,development
328,1665400045,2015-04-28,test
329,9542850320,2014-07-25,development
330,3179100060,2014-09-16,development
331,2946001550,2015-04-16,test
332,8078490390,2014-07-29,development
333,9550201550,2015-04-08,test
334,0191100045,2014-07-03,development
335,5009600070,2014-10-07,development
336,0200350070,2014-06-02,development
337,2877103726,2014-07-22,development
338,0405100295,2014-08-26,development
339,4268200055,2015-05-01,test
340,3126069068,2015-04-24,test
341,1115300070,2014-11-06,development
342,6414100671,2014-09-09,development
343,7004200060,2014-10-17,development
344,7852110140,2014-07-18,development
345,3969300030,2014-07-23,development
346,3969300030,2014-12-29,development
347,4048400070,2014-12-05,development
348,0808000070,2014-10-21,development
349,7374200030,2015-04-16,test
350,7325600160,2014-06-04,development
351,2757000030,2014-09-22,development
352,0616000140,2015-01-26,development
353,3363900111,2014-12-03,development
354,9262800171,2015-03-24,test
355,6607000126,2014-06-04,development
356,5416510830,2014-08-06,development
357,2201500030,2014-10-06,development
358,0325059171,2014-05-05,development
359,0952003285,2014-08-05,development
360,3211290370,2014-06-05,development
361,1072010350,2014-08-28,development
362,8856950070,2014-12-10,development
363,0925059078,2014-08-19,development
364,7855801090,2014-09-17,development
365,0723099065,2015-01-30,development
366,6116500075,2015-03-26,test
367,1118500030,2014-10-01,development
368,0424069250,2015-04-23,test
369,3291800710,2014-11-20,development
370,6838700060,2014-12-04,development
371,2231500030,2014-10-01,purged
372,2231500030,2015-03-24,test
373,7683900200,2014-12-23,development
374,8155830060,2014-08-11,development
375,0098020310,2014-05-20,development
376,9423400140,2014-06-09,development
377,1545804860,2014-10-27,development
378,2883200160,2015-04-29,test
379,7132300695,2015-04-21,test
380,1726059053,2014-09-16,development
381,0624111000,2014-08-05,development
382,0808300310,2015-03-13,test
383,8563040160,2015-01-21,development
384,0713500030,2014-07-28,development
385,8651600160,2014-11-11,development
386,9517200030,2014-06-25,development
387,2460700700,2014-05-15,development
388,1223039290,2014-09-05,development
389,2890100060,2014-08-01,development
390,7972600860,2014-12-10,development
391,8857320070,2014-09-17,development
392,4047200695,2014-06-18,development
393,1653500070,2014-05-12,development
394,1923000030,2014-07-28,development
395,3649100320,2015-04-30,test
396,7375300160,2015-03-09,development
397,5175800060,2014-06-23,development
398,1604601375,2014-06-19,development
399,2473251090,2014-06-19,development
400,9126100861,2015-03-06,development
401,3420069065,2014-08-25,development
402,6021501685,2015-04-22,test
403,1151100070,2015-02-24,development
404,8856950240,2014-06-18,development
405,9385200055,2014-09-12,development
406,7821200390,2014-08-06,development
407,8078520310,2015-04-17,test
408,1565950030,2015-04-27,test
409,1560930070,2014-09-11,development
410,6700400140,2015-03-18,test
411,2422029094,2014-07-16,development
412,1774220160,2014-11-04,development
413,1525200060,2014-07-23,development
414,1678400105,2015-02-12,development
415,3426059070,2014-09-09,development
416,0824079032,2014-06-26,development
417,2697100140,2015-01-05,development
418,8724300030,2014-12-23,development
419,8678500060,2014-07-10,development
420,0625049299,2014-12-03,development
421,6073200075,2014-07-30,development
422,6388900710,2014-12-19,development
423,1442860160,2015-01-07,development
424,7942600310,2014-07-17,development
425,1545808560,2015-04-03,test
426,0936000060,2014-11-14,development
427,9808650060,2015-02-25,development
428,3754700160,2014-05-06,development
429,0305500140,2015-05-12,test
430,5468750060,2014-10-28,development
431,2944010240,2014-09-08,development
432,3454000060,2014-07-22,development
433,0646910160,2014-09-03,development
434,8564950390,2014-09-19,development
435,2268400350,2014-09-16,development
436,7504101040,2014-08-21,development
437,0011500890,2015-03-12,test
438,9528102772,2014-07-08,development
439,0284000223,2014-09-16,development
440,3353401710,2014-09-23,development
441,8159610030,2014-07-22,development
442,3179100435,2014-07-15,development
443,0822079033,2015-04-22,test
444,8857600960,2014-08-19,development
445,1774000200,2014-12-02,development
446,2024069128,2014-11-10,development
447,1049010390,2015-03-19,test
448,7905370390,2014-10-09,development
449,4140090240,2014-11-05,development
450,4055700030,2015-05-02,test
451,3775300030,2014-12-31,development
452,2525300030,2015-02-22,development
453,1324059104,2015-04-21,test
454,2287000030,2014-10-14,development
455,7702010030,2014-05-20,development
456,1529200340,2015-01-08,development
457,2122039094,2014-11-26,development
458,1742800030,2014-06-12,development
459,1796360350,2015-01-28,development
460,6154500070,2014-06-26,development
461,1843100340,2015-03-05,development
462,8944290160,2014-11-04,development
463,4166600473,2014-12-09,development
464,7282300125,2014-11-12,development
465,8658300340,2014-05-23,development
466,2419600075,2014-12-01,development
467,2621760350,2014-10-15,development
468,1723049270,2015-01-07,development
469,4123840310,2015-01-06,development
470,2172000075,2014-06-23,development
471,8651611170,2015-02-13,development
472,8820902200,2014-11-13,development
473,8651610890,2014-10-14,development
474,1853080570,2014-08-11,development
475,3629920030,2014-08-08,development
476,1604602050,2014-07-11,development
477,6844700810,2014-09-01,development
478,0066000070,2015-04-06,test
479,6665800030,2014-07-18,development
480,2205700350,2014-11-04,development
481,5466000030,2014-06-03,development
482,6189200125,2015-03-25,test
483,9169600135,2014-10-27,development
484,2625069070,2015-04-10,test
485,8732131090,2015-04-28,test
486,9286000240,2014-07-11,development
487,1895000260,2014-07-21,development
488,8691370400,2014-12-16,development
489,5423010350,2015-02-10,development
490,8562501040,2014-11-20,development
491,2475200140,2015-02-05,development
492,7942100310,2015-01-27,development
493,3760000030,2014-10-30,development
494,1727500340,2014-06-14,development
495,9828702519,2014-05-12,development
496,4432600075,2015-01-28,development
497,7806300030,2014-09-17,development
498,9274202270,2014-08-18,development
499,7852030960,2014-11-06,development
500,7852170140,2015-05-10,test
501,7518503335,2014-05-19,development
502,5467900070,2014-05-02,development
503,1245002952,2014-10-15,development
504,8906200070,2015-02-10,development
505,5379805885,2014-05-21,development
506,2769600560,2014-05-27,development
507,9238901420,2015-02-02,development
508,5113400431,2014-05-08,development
509,3885805665,2014-06-12,development
510,8121200810,2015-05-05,test
511,5126310400,2015-03-05,development
512,7322910030,2014-07-21,development
513,2827100070,2014-11-05,development
514,9276201895,2014-08-20,development
515,4402700070,2015-03-11,test
516,1922059046,2014-10-29,development
517,0925059288,2015-05-07,test
518,4386700135,2014-11-14,development
519,1923069078,2014-08-05,development
520,1432400335,2015-03-25,test
521,1180003090,2014-09-06,development
522,0726049331,2015-03-26,test
523,3340401555,2014-11-05,development
524,7453000070,2014-08-18,development
525,4348800030,2014-11-21,development
526,7202331420,2014-06-20,development
527,3225079035,2014-06-18,development
528,6381500700,2014-11-05,development
529,0339500160,2014-10-08,development
530,1545807610,2015-04-29,test
531,1843200240,2015-05-05,test
532,4403600270,2015-02-24,development
533,2008200060,2014-06-24,development
534,1521069070,2015-02-18,development
535,2459500310,2015-02-18,development
536,6204420070,2015-05-01,test
537,5694500105,2014-12-04,development
538,5466410030,2015-04-10,test
539,9485740340,2015-03-10,test
540,0622049114,2015-02-18,development
541,2270000070,2014-10-30,development
542,1310900260,2014-10-13,development
543,0224069094,2014-09-11,development
544,7800800160,2014-11-21,development
545,2944000240,2015-04-22,test
546,4139400710,2014-05-23,development
547,7899800860,2015-03-19,test
548,2473420140,2014-09-23,development
549,5000500055,2014-05-28,development
550,4099500935,2014-07-23,development
551,1373800295,2014-10-13,development
552,4025300135,2015-05-08,test
553,3294700310,2014-09-02,development
554,8718500075,2014-11-17,development
555,4309710240,2014-07-22,development
556,5486800070,2014-06-20,development
557,0236400320,2014-07-15,development
558,4376700570,2015-04-27,test
559,8648100200,2014-10-27,development
560,3624079046,2014-10-28,development
561,1921069084,2014-07-07,development
562,6431500140,2014-12-17,development
563,2725069050,2014-06-13,development
564,5307100060,2014-12-16,development
565,7203102050,2014-07-28,development
566,0561000075,2014-12-31,development
567,2436701180,2014-08-14,development
568,0809002765,2014-10-22,development
569,4045500710,2014-12-18,development
570,5104510270,2014-07-18,development
571,0098020350,2015-01-23,development
572,1714900060,2015-04-24,test
573,1189000030,2014-06-03,development
574,2473360060,2015-01-02,development
575,0222069082,2014-12-17,development
576,8669160310,2014-12-09,development
577,1526069135,2014-12-11,development
578,1088650310,2015-01-27,development
579,8945200860,2014-12-11,development
580,7853240200,2014-05-16,development
581,7511800070,2014-08-21,development
582,2998800125,2014-07-01,development
583,3876300310,2014-10-22,development
584,5419800510,2014-11-17,development
585,0192460060,2014-07-15,development
586,7942601895,2014-08-19,development
587,7504010570,2014-07-08,development
588,1442740140,2014-09-30,development
589,6909200575,2015-03-14,test
590,2525069041,2014-09-04,development
591,3620069036,2014-10-21,development
592,2781280390,2015-03-24,test
593,9542830350,2014-09-02,development
594,1123049053,2015-02-13,development
595,8018600765,2014-06-04,development
596,3278600240,2014-07-22,development
597,7846200070,2014-10-02,development
598,0662310400,2014-10-17,development
599,8651100140,2014-08-05,development
600,8682250350,2014-10-09,development
601,3211230260,2015-02-04,development
602,4233400340,2014-08-20,development
603,7199350340,2014-08-25,development
604,3904901710,2015-02-24,development
605,0240000058,2015-04-08,test
606,6865200444,2014-05-05,development
607,9498200046,2015-02-06,development
608,1796380960,2014-11-26,development
609,5631500868,2015-04-17,test
610,3126049411,2014-12-09,development
611,2321300390,2014-11-05,development
612,3905040800,2014-09-25,development
613,4379400260,2014-06-10,development
614,5115000160,2014-06-17,development
615,2826049234,2015-01-14,development
616,6600700030,2015-05-06,test
617,3904930240,2014-09-22,development
618,9407110700,2015-01-13,development
619,1682500160,2014-06-19,development
620,8078570390,2015-04-15,test
621,3010300240,2014-06-23,development
622,9500900135,2014-10-21,development
623,0461001615,2015-02-25,development
624,6411600069,2014-05-21,development
625,7812800565,2014-08-14,development
626,7548300731,2014-08-08,development
627,8925100390,2015-04-06,test
628,7010700292,2014-10-09,development
629,9485951170,2014-05-22,development
630,5437820310,2014-05-23,development
631,0582000135,2014-06-22,development
632,3204800370,2014-12-12,development
633,8832900550,2014-09-12,development
634,9550204515,2014-09-24,development
635,7199330390,2014-06-24,development
636,6131600060,2014-08-15,development
637,5379805460,2015-01-21,development
638,7212652180,2014-07-01,development
639,6379500640,2015-04-09,test
640,4315700060,2015-03-03,development
641,3329500060,2014-07-28,development
642,4140090320,2015-03-20,test
643,9385200045,2015-05-12,test
644,7852180340,2014-09-30,development
645,1545804340,2015-04-09,test
646,2490200320,2015-03-20,test
647,2218000335,2014-07-07,development
648,0922049078,2014-11-18,development
649,2586800270,2015-04-07,test
650,4338800370,2014-11-17,development
651,7214700350,2014-11-24,development
652,3226200105,2014-05-23,development
653,2324039036,2015-04-03,test
654,7849202231,2014-07-23,development
655,5196410260,2015-04-22,test
656,3760500116,2014-11-20,development
657,2985800030,2014-05-07,development
658,0259900160,2015-01-02,development
659,0708000030,2014-09-02,development
660,0192460310,2015-03-24,test
661,9412200260,2014-11-13,development
662,1062100116,2015-01-21,development
663,6798100662,2014-05-27,development
664,1775920350,2014-11-24,development
665,2525500260,2014-11-24,development
666,6145600041,2014-05-14,development
667,3300701615,2014-09-30,development
668,5151600340,2014-07-09,development
669,7613700521,2014-08-02,development
670,2710600045,2014-06-16,development
671,5101405124,2014-09-12,development
672,6067910030,2015-03-16,test
673,1959701890,2014-07-29,development
674,1402200340,2014-08-13,development
675,3558900070,2014-07-18,development
676,7846700310,2014-06-23,development
677,3348401740,2015-01-27,development
678,3013300288,2014-09-30,development
679,7852070060,2014-07-31,development
680,5029450160,2014-08-15,development
681,3526069070,2014-05-28,development
682,5104540240,2014-06-09,development
683,3438500486,2014-10-16,development
684,5102400105,2014-10-13,development
685,2346200030,2015-01-05,development
686,1321710030,2014-05-19,development
687,7853290030,2015-03-11,test
688,1566100400,2014-09-24,development
689,1775800800,2015-02-24,development
690,9133600075,2014-08-21,development
691,5450900060,2014-09-23,development
692,1402600700,2014-07-21,development
693,8024200350,2015-03-04,development
694,3121500340,2014-07-12,development
695,7697870860,2014-06-25,development
696,7527200030,2014-12-29,development
697,2013200390,2014-09-22,development
698,0766500030,2014-06-10,development
699,6664000030,2014-10-09,development
700,9349900105,2015-04-07,test
701,1895000045,2015-05-04,test
702,6205500030,2014-11-03,development
703,7011200260,2014-12-19,development
704,0041000454,2014-08-15,development
705,7203600550,2014-08-04,development
706,9477200560,2015-04-13,test
707,4022907770,2014-10-14,development
708,5231000060,2014-08-05,development
709,6055000310,2014-07-01,development
710,3216900060,2014-06-25,development
711,7967200060,2014-09-08,development
712,8077210350,2014-07-22,development
713,7203000640,2014-09-18,development
714,2988000070,2015-03-04,development
715,3832200070,2014-12-22,development
716,3670500710,2014-07-15,development
717,8820903380,2014-07-28,development
718,8820903380,2015-01-02,development
719,4233400400,2015-04-14,test
720,3793500550,2014-08-08,development
721,6431000270,2014-07-28,development
722,2225059214,2014-08-08,development
723,7694800270,2015-04-20,test
724,2171400197,2014-09-18,development
725,2473400340,2014-06-04,development
726,3530490070,2014-06-13,development
727,1932300075,2014-09-10,development
728,2525000510,2014-11-06,development
729,1853000510,2014-05-09,development
730,1742800060,2014-06-12,development
731,2723089104,2014-09-17,development
732,2619950350,2014-05-08,development
733,4021100045,2014-07-15,development
734,0731500200,2015-01-13,development
735,2591820310,2014-10-06,development
736,3626039299,2015-02-24,development
737,9346980140,2014-08-20,development
738,6613000140,2014-11-13,development
739,8159610060,2014-11-19,development
740,7830800339,2014-07-28,development
741,1588600045,2014-12-15,development
742,0826069046,2014-11-07,development
743,1771000890,2014-09-17,development
744,3300701170,2014-06-20,development
745,7340500270,2015-01-23,development
746,9277200111,2014-07-14,development
747,0293720140,2014-06-05,development
748,0579003610,2015-02-24,development
749,1138020200,2014-09-03,development
750,3432500200,2015-04-09,test
751,1563102435,2014-12-10,development
752,3959400710,2014-07-30,development
753,8682300890,2014-08-28,development
754,4385700765,2014-06-03,development
755,5149300200,2014-09-02,development
756,9323600060,2014-07-15,development
757,9273200140,2015-01-21,development
758,9542300320,2015-02-02,development
759,0770000045,2014-10-24,development
760,6979900390,2014-05-29,development
761,6379500159,2014-09-11,development
762,0826079094,2015-03-24,test
763,8856940060,2015-02-27,development
764,2972300060,2014-12-17,development
765,3575200070,2014-11-04,development
766,8146100270,2015-03-24,test
767,8648200030,2014-07-16,development
768,0208500160,2015-01-07,development
769,1196003428,2014-06-24,development
770,5104450990,2014-06-19,development
771,3343901234,2014-11-13,development
772,0226039214,2014-06-12,development
773,1623300160,2014-05-06,development
774,2205500575,2015-02-09,development
775,4040800810,2014-05-02,development
776,2612000390,2014-06-15,development
777,3814400125,2014-10-16,development
778,7300400060,2014-05-15,development
779,1954700695,2014-06-12,development
780,7230200340,2015-02-25,development
781,3191000240,2014-06-12,development
782,1139000069,2014-11-18,development
783,5693500270,2015-01-21,development
784,0686500030,2014-12-02,development
785,8731901940,2015-03-04,development
786,2688100071,2015-04-15,test
787,2423069155,2014-11-20,development
788,2329500260,2014-07-09,development
789,2608300030,2014-05-16,development
790,1494300060,2014-06-11,development
791,7504101230,2014-06-23,development
792,8081020370,2014-07-09,development
793,1446800511,2014-10-09,development
794,1623049062,2015-03-04,development
795,6145601000,2014-07-11,development
796,0205000520,2014-10-06,development
797,3885805935,2014-09-26,development
798,7852020640,2014-10-20,development
799,6838800140,2015-02-24,development
800,4083305445,2014-08-15,development
801,7855801610,2014-05-19,development
802,7940700260,2015-01-15,development
803,8854100350,2015-01-07,development
804,4365200860,2014-06-06,development
805,3904980030,2015-04-14,test
806,7843500070,2014-11-18,development
807,6067900060,2014-06-05,development
808,7202340960,2014-09-08,development
809,1786640070,2014-08-06,development
810,0259600260,2015-01-22,development
811,7234600903,2014-10-16,development
812,4307350200,2015-05-12,test
813,3276930400,2014-10-22,development
814,4045100075,2015-03-25,test
815,1421069208,2014-12-23,development
816,4057300200,2014-12-22,development
817,1922059135,2015-05-13,test
818,5014600240,2014-08-14,development
819,1565900070,2014-07-21,development
820,3121059033,2014-10-29,development
821,6799300270,2014-08-06,development
822,2021200370,2014-09-01,development
823,0726049190,2014-10-02,development
824,0726049190,2015-02-18,development
825,4006000251,2014-08-22,development
826,3362400640,2015-05-12,test
827,1610000016,2014-09-11,development
828,7376300060,2014-05-15,development
829,7300200550,2015-03-19,test
830,2061100570,2015-02-10,development
831,8856890200,2014-06-26,development
832,8731951670,2014-06-06,development
833,4037200075,2014-09-11,development
834,5066400483,2014-11-20,development
835,4167300310,2015-03-17,test
836,8682262400,2014-07-18,purged
837,8682262400,2015-05-13,test
838,6777800160,2014-07-28,development
839,1402950550,2015-01-07,development
840,2843200070,2014-12-15,development
841,6450303785,2014-11-18,development
842,9429500045,2014-05-09,development
843,1443300140,2015-01-14,development
844,0108000127,2014-12-09,development
845,1081300200,2014-05-09,development
846,8818900060,2014-11-25,development
847,3395050060,2014-07-22,development
848,7197350070,2015-03-04,development
849,9510900270,2014-12-11,development
850,3905081070,2014-05-21,development
851,2322069114,2014-10-10,development
852,5637500070,2014-07-31,development
853,4164100160,2014-07-16,development
854,4136890260,2014-06-27,development
855,3056800160,2014-08-12,development
856,3654800200,2014-10-22,development
857,2296500036,2015-03-10,test
858,0623069068,2014-06-27,development
859,1865820370,2014-11-13,development
860,1723049033,2014-06-20,development
861,2359300030,2015-05-08,test
862,6403310060,2014-08-11,development
863,1937300270,2015-03-03,development
864,4137050060,2014-11-04,development
865,2310000240,2015-03-13,test
866,3955900830,2015-04-27,test
867,8665050060,2014-07-31,development
868,3330500875,2014-12-26,development
869,3327020400,2015-04-23,test
870,1250700060,2015-04-22,test
871,4039300400,2014-09-19,development
872,6665800060,2015-03-05,development
873,7504110030,2015-02-11,development
874,7805450810,2014-05-30,development
875,6306400140,2014-06-12,development
876,8802400416,2015-02-13,development
877,6204400270,2014-11-25,development
878,9536602080,2014-12-19,development
879,3826000070,2014-05-15,development
880,5101405335,2014-08-26,development
881,2349300060,2015-02-12,development
882,7749500370,2014-10-21,development
883,2436701200,2014-09-12,development
884,7871500070,2014-06-03,development
885,3323500030,2014-06-04,development
886,2110200036,2014-11-11,development
887,0510002519,2014-07-15,development
888,1387300070,2014-08-25,development
889,9465910070,2014-07-16,development
890,2324800070,2014-06-10,development
891,1962200435,2014-11-10,development
892,8562890700,2014-05-30,development
893,3298700946,2014-07-25,development
894,0880000189,2014-08-11,development
895,0643500030,2014-11-14,development
896,8566100200,2014-05-08,development
897,4298100240,2014-08-05,development
898,3275780030,2015-03-11,test
899,8648220270,2015-04-14,test
900,1923000160,2014-06-20,development
901,7574910860,2014-08-11,development
902,2296500136,2014-05-09,development
903,3278600710,2014-07-14,development
904,2460700260,2015-02-18,development
905,3188100400,2014-06-03,development
906,9406520830,2015-03-26,test
907,3387900390,2014-10-07,development
908,1596600024,2014-10-16,development
909,7625701891,2014-08-06,development
910,3224800075,2014-11-24,development
911,7526800200,2014-10-10,development
912,3329530200,2014-09-10,development
913,2115200125,2014-09-19,development
914,6623400135,2014-05-22,development
915,0103000116,2014-07-22,development
916,2768301525,2014-10-23,development
917,0739980260,2014-12-10,development
918,4302200695,2014-08-28,development
919,1431700370,2014-05-19,development
920,7524000030,2014-06-30,development
921,4046500320,2015-01-20,development
922,4325000125,2015-03-18,test
923,3456000160,2014-06-23,development
924,9297301580,2014-05-16,development
925,2465400036,2014-12-03,development
926,5412200270,2014-05-20,development
927,1109000390,2015-03-10,test
928,8730000270,2015-05-14,test
929,7937600830,2014-08-08,development
930,3395070640,2014-09-02,development
931,8663280160,2015-03-05,development
932,6151800624,2015-04-08,test
933,8594400370,2015-02-05,development
934,2301400640,2014-07-17,development
935,4441300240,2015-03-31,test
936,7714000070,2015-02-05,development
937,3432500486,2014-06-23,development
938,5466420030,2014-10-07,development
939,1324079046,2015-01-20,development
940,2768301715,2015-03-11,test
941,3332000135,2014-06-12,development
942,0065000400,2014-10-22,development
943,8820901670,2014-08-11,development
944,8712100575,2014-08-28,development
945,6116500341,2015-01-12,development
946,4167300030,2015-02-09,development
947,2925059135,2015-04-08,test
948,7708300140,2015-03-06,development
949,4139430340,2014-10-15,development
950,3812400070,2015-05-06,test
951,9455200445,2015-03-25,test
952,6203000160,2014-07-16,development
953,7517500611,2014-05-21,development
954,8691300860,2015-04-21,test
955,5489200435,2014-09-04,development
956,0510002065,2015-03-23,test
957,0252000400,2014-09-08,development
958,7279300070,2014-09-22,development
959,8113101670,2014-12-03,development
960,7578200310,2014-11-12,development
961,7715800570,2015-04-13,test
962,6852700478,2014-09-16,development
963,1917300260,2014-12-02,development
964,4298100070,2014-05-28,development
965,1842000140,2014-07-30,development
966,5462100240,2014-06-25,development
967,8651520510,2014-05-15,development
968,3578110200,2014-06-23,development
969,7555210340,2014-08-25,development
970,2313900510,2014-10-28,development
971,2009001600,2015-05-06,test
972,1455100116,2015-02-02,development
973,3629790160,2014-07-24,development
974,1778350070,2014-05-09,development
975,1703050200,2014-08-06,development
976,5469700570,2014-08-12,development
977,0100600860,2015-03-24,test
978,0421049116,2015-01-21,development
979,3205200640,2015-03-30,test
980,8899200570,2015-03-11,test
981,1777500160,2015-04-25,test
982,7853340860,2015-03-10,test
983,1862400132,2014-09-16,development
984,6380500135,2014-05-27,development
985,9528104108,2014-05-29,development
986,2571910160,2014-10-01,development
987,0316000160,2014-08-21,development
988,2695600505,2015-04-13,test
989,3904910320,2015-02-25,development
990,4100000140,2014-10-13,development
991,3226049270,2015-03-04,development
992,1455600030,2015-01-08,development
993,5559600140,2015-05-05,test
994,5147600105,2014-07-21,development
995,7437100570,2014-08-21,development
996,8856004730,2014-09-17,development
997,3856902996,2014-08-04,development
998,1442800370,2015-04-15,test
999,8001400340,2014-09-24,development
1000,3131200640,2015-04-27,test
1001,0984000710,2014-10-22,development
1002,4167300350,2014-05-08,development
1003,2826049282,2014-06-14,development
1004,8946750030,2014-12-18,development
1005,0461004720,2015-04-22,test
1006,7852090810,2014-11-19,development
1007,9264960340,2014-06-17,development
1008,1624079104,2015-04-02,test
1009,4310700570,2014-12-10,development
1010,1254200075,2014-05-09,development
1011,7214820030,2014-12-12,development
1012,0865100055,2014-06-12,development
1013,0686201000,2014-12-30,development
1014,0342000570,2014-09-09,development
1015,5476200160,2014-07-25,development
1016,7199320570,2015-01-26,development
1017,6414100560,2014-06-18,development
1018,1623049214,2014-09-26,development
1019,2379300340,2015-03-31,test
1020,7701990560,2014-07-29,development
1021,2025700860,2015-04-14,test
1022,8562500200,2014-06-05,development
1023,8143100350,2014-08-25,development
1024,0037000335,2014-08-14,development
1025,1862900350,2014-06-10,development
1026,1498302774,2014-05-20,development
1027,2224700136,2015-01-22,development
1028,7697920160,2014-05-15,development
1029,1370804430,2015-03-05,development
1030,2267000160,2014-10-20,development
1031,5700004028,2015-04-17,test
1032,8682231170,2015-04-29,test
1033,3353400860,2014-07-17,development
1034,2424059035,2014-08-20,development
1035,2021201000,2014-05-23,development
1036,3919000030,2015-04-20,test
1037,0789000550,2015-04-13,test
1038,5104511040,2015-02-20,development
1039,7215722010,2015-02-26,development
1040,0016000435,2015-03-16,test
1041,7197300105,2014-05-02,development
1042,2877101031,2014-07-02,development
1043,2892600016,2015-03-17,test
1044,2423020270,2014-07-15,development
1045,1825079070,2015-03-13,test
1046,5255710160,2015-03-18,test
1047,0723069135,2014-09-15,development
1048,2024059094,2014-08-25,development
1049,7613700860,2014-11-06,development
1050,2771101200,2014-05-17,development
1051,7625704510,2014-10-22,development
1052,1762600260,2014-05-22,development
1053,2553300030,2014-06-09,development
1054,5309101200,2014-06-05,development
1055,5416300240,2015-02-02,development
1056,3756600240,2015-03-19,test
1057,8127700445,2014-07-16,development
1058,9421500070,2014-12-30,development
1059,9477710160,2015-04-26,test
1060,1795500240,2014-06-23,development
1061,7203220260,2014-07-16,development
1062,3524039204,2014-08-13,development
1063,5706200060,2014-08-18,development
1064,7283900012,2014-10-21,development
1065,0809001070,2015-01-23,development
1066,3340401535,2014-11-05,development
1067,1607100139,2014-07-25,development
1068,8699800060,2014-09-03,development
1069,0524069037,2014-07-10,development
1070,6072600200,2015-04-17,test
1071,5144000036,2014-05-27,development
1072,7855300200,2015-03-19,test
1073,2485000202,2015-04-10,test
1074,9209900270,2015-02-05,development
1075,6099400030,2015-01-14,development
1076,9368700223,2015-02-02,development
1077,1782000160,2014-05-30,development
1078,0269001360,2015-04-22,test
1079,0390100060,2015-04-21,test
1080,7888400560,2014-10-02,development
1081,7567600045,2014-08-27,development
1082,7764200030,2014-07-16,development
1083,9828202545,2015-01-27,development
1084,6114600030,2014-05-20,development
1085,9834200885,2014-07-17,purged
1086,9834200885,2015-04-20,test
1087,3509600070,2014-07-25,development
1088,2473002080,2015-03-17,test
1089,1081300370,2015-04-27,test
1090,0011501160,2014-06-17,development
1091,7202330370,2015-02-10,development
1092,7000100631,2015-05-07,test
1093,2484200171,2014-07-14,development
1094,9477201040,2014-11-18,development
1095,7202290160,2015-01-14,development
1096,4366700140,2014-12-19,development
1097,5457300478,2015-05-13,test
1098,9158100116,2015-04-06,test
1099,7227500830,2014-05-28,development
1100,7237500390,2014-11-10,development
1101,2197600451,2014-11-05,development
1102,3278604400,2014-06-02,development
1103,1788700160,2015-02-20,development
1104,3276930270,2015-04-25,test
1105,7374600060,2015-01-09,development
1106,2505500030,2014-07-03,development
1107,2770604942,2014-12-30,development
1108,7831800505,2015-01-06,development
1109,5416510060,2015-03-06,development
1110,4137010260,2014-08-25,development
1111,7683800200,2015-04-02,test
1112,1509500160,2015-03-24,test
1113,3904940200,2014-06-20,development
1114,4037200295,2014-08-19,development
1115,7258200055,2015-02-06,development
1116,9178600560,2014-06-23,development
1117,0255520260,2015-03-24,test
1118,0751000060,2014-05-06,development
1119,3343900326,2015-03-11,test
1120,7137900320,2014-05-09,development
1121,2641800060,2015-04-27,test
1122,0293760310,2014-07-11,development
1123,7237501180,2014-06-25,development
1124,5332200550,2015-03-25,test
1125,3450300240,2014-05-15,development
1126,9352900695,2014-09-22,development
1127,3324069070,2014-07-07,development
1128,8062900070,2014-09-09,development
1129,8062900070,2015-02-13,development
1130,4427100030,2015-01-14,development
1131,4039100400,2015-05-06,test
1132,2171400126,2014-06-05,development
1133,7135520810,2014-07-30,development
1134,2475201180,2015-02-06,development
1135,4024100951,2015-01-05,development
1136,6021502830,2014-11-10,development
1137,7710100083,2015-02-04,development
1138,2781270550,2014-09-16,development
1139,0200510060,2014-12-31,development
1140,9554200105,2014-10-14,development
1141,3320000810,2015-02-24,development
1142,0643500060,2015-04-24,test
1143,2537500140,2014-06-27,development
1144,5112800421,2014-07-23,development
1145,3352402236,2014-12-15,development
1146,3905100520,2014-10-29,development
1147,6332940070,2014-05-07,development
1148,0809002435,2014-08-08,development
1149,3421079032,2015-02-17,development
1150,3797000295,2015-03-12,test
1151,1775801260,2015-03-11,test
1152,4055701200,2015-04-21,test
1153,7137960030,2015-03-09,development
1154,7880010060,2015-04-06,test
1155,3797001920,2014-07-02,development
1156,3901100055,2014-12-22,development
1157,8069000075,2014-12-29,development
1158,1541700240,2014-07-29,development
1159,6064800710,2014-10-02,development
1160,1865810060,2014-08-12,development
1161,7533800295,2014-08-19,development
1162,5415300060,2014-08-13,development
1163,3876100320,2014-09-05,development
1164,1247600105,2014-10-20,development
1165,3705900238,2014-08-28,development
1166,3876200070,2015-05-08,test
1167,4388000140,2014-07-29,development
1168,3523029041,2014-10-09,development
1169,3110800260,2014-07-15,development
1170,3131201290,2015-03-17,test
1171,1117200390,2014-05-07,development
1172,8956000350,2014-09-03,development
1173,7853210140,2015-03-09,development
1174,3250500140,2014-10-08,development
1175,2767601375,2014-08-21,development
1176,9465910320,2014-07-09,development
1177,3334000055,2015-04-29,test
1178,7893800335,2015-04-30,test
1179,3586500700,2014-07-09,development
1180,3630180400,2014-06-26,development
1181,3210950510,2014-09-04,development
1182,1224069074,2014-08-06,development
1183,7625700935,2014-06-05,development
1184,7856610200,2014-05-23,development
1185,7287100135,2014-10-01,development
1186,1023059324,2014-06-23,development
1187,6398000171,2014-07-10,development
1188,6149700350,2014-10-16,development
1189,9558020890,2015-03-24,test
1190,2624049185,2014-09-09,development
1191,0236400260,2014-12-15,development
1192,3826000560,2014-10-02,development
1193,7011201245,2014-11-07,development
1194,9222400510,2015-01-07,development
1195,9455200570,2014-12-17,development
1196,2112700030,2014-11-26,development
1197,8658300260,2014-12-09,development
1198,3996900160,2014-07-08,development
1199,5561400340,2014-06-05,development
1200,0011900140,2014-05-09,development
1201,6071600340,2014-11-13,development
1202,1231000510,2014-09-22,purged
1203,1231000510,2015-05-04,test
1204,7683800192,2014-11-07,development
1205,4123400340,2014-12-03,development
1206,5458300685,2014-05-20,development
1207,0194000505,2014-09-04,development
1208,3885804305,2014-09-11,development
1209,3971700560,2015-04-21,test
1210,8585400135,2014-11-05,development
1211,8691500990,2014-12-12,development
1212,2770606685,2014-08-13,development
1213,8856971000,2015-04-06,test
1214,1026049082,2014-11-25,development
1215,2095800400,2014-11-13,development
1216,7852030240,2015-04-08,test
1217,6321000045,2014-12-22,development
1218,3751600030,2014-07-17,development
1219,4046500510,2014-09-05,development
1220,8029520240,2014-10-10,development
1221,7016310030,2015-02-19,development
1222,1238500451,2015-02-09,development
1223,4401150070,2014-06-23,development
1224,3331000070,2014-06-06,development
1225,2636900126,2015-03-12,test
1226,1842900030,2015-04-16,test
1227,1761300310,2014-08-27,development
1228,5249800729,2015-03-30,test
1229,5104511600,2014-11-12,development
1230,8663370060,2014-10-09,development
1231,0613400030,2014-10-24,development
1232,6004510240,2015-04-14,test
1233,1450100070,2015-04-30,test
1234,6117501820,2014-06-18,purged
1235,6117501820,2015-04-28,test
1236,5420300240,2014-12-05,development
1237,4140900140,2014-05-27,development
1238,1630700135,2014-11-19,development
1239,5166700055,2015-05-04,test
1240,3224600310,2014-10-30,development
1241,7227802030,2014-06-23,development
1242,0226059078,2015-02-27,development
1243,1796100140,2014-07-15,development
1244,5309100140,2014-06-24,development
1245,8658300510,2015-04-19,test
1246,8691300060,2014-10-23,development
1247,9103000393,2014-09-10,development
1248,8682281170,2014-11-13,development
1249,0472000055,2014-05-14,development
1250,2473400570,2014-05-16,development
1251,3449500135,2014-06-25,development
1252,1926049355,2014-10-28,development
1253,8650000070,2014-08-08,development
1254,8732131200,2014-08-08,development
1255,1624079051,2014-07-10,development
1256,0993001629,2014-11-17,development
1257,3832711040,2015-04-24,test
1258,5244801230,2014-08-29,development
1259,2798600240,2014-11-14,development
1260,5701800030,2014-05-06,development
1261,7636800041,2014-06-25,development
1262,3904901200,2014-08-18,development
1263,4109600055,2014-12-29,development
1264,3339400349,2014-11-24,development
1265,7202340370,2014-11-10,development
1266,9477500060,2014-08-13,development
1267,4310701600,2014-11-13,development
1268,2215450060,2014-12-23,development
1269,2919702075,2014-09-25,development
1270,8079030350,2014-09-10,development
1271,7893804340,2014-07-24,development
1272,4389200765,2014-06-25,development
1273,1822069116,2014-12-17,development
1274,7276100282,2014-07-29,development
1275,0567000392,2014-11-03,development
1276,5729200030,2014-07-07,development
1277,8682220390,2014-07-23,development
1278,9828700200,2014-05-05,development
1279,7852180560,2015-04-24,test
1280,3655400060,2014-08-08,development
1281,7955030060,2015-03-26,test
1282,8964800445,2015-02-09,development
1283,6204410200,2014-06-16,development
1284,7625702400,2014-07-30,development
1285,5113200310,2014-09-09,development
1286,7893802800,2014-06-05,development
1287,2473003210,2015-03-13,test
1288,1402600570,2015-01-13,development
1289,8944460030,2014-10-14,development
1290,2473480560,2014-09-04,development
1291,3365900465,2015-02-19,development
1292,5341600030,2014-05-09,development
1293,6073500160,2014-12-10,development
1294,2025760160,2014-07-03,development
1295,9393700140,2015-03-10,test
1296,5458800125,2014-05-14,development
1297,2492200435,2014-06-06,development
1298,3759500046,2015-05-01,test
1299,8648220260,2015-03-24,test
1300,6392001670,2014-06-11,development
1301,2026049155,2015-03-20,test
1302,2329800240,2015-02-18,development
1303,3380900125,2014-05-27,development
1304,1324079041,2014-11-18,development
1305,8682230550,2014-09-16,development
1306,0853400240,2015-03-25,test
1307,2130702075,2014-09-26,development
1308,3260810260,2015-05-05,test
1309,2878600200,2014-05-08,development
1310,7298040310,2014-05-23,development
1311,0766000240,2014-09-15,development
1312,3459700340,2014-10-30,development
1313,2473251180,2014-12-17,development
1314,2407900200,2015-04-09,test
1315,7558700030,2015-04-13,test
1316,0203600140,2015-03-24,test
1317,4037800140,2014-08-14,development
1318,1683600240,2015-03-20,test
1319,1962200036,2014-08-19,development
1320,1775800510,2015-03-24,test
1321,1822350070,2015-02-02,development
1322,7772400160,2014-10-24,development
1323,0273900030,2014-10-20,development
1324,3323069084,2014-09-09,development
1325,4337000160,2015-01-27,development
1326,9126100550,2014-05-13,development
1327,5101405274,2014-05-29,development
1328,4232400860,2014-06-30,development
1329,2723069082,2015-04-24,test
1330,7436500270,2014-07-25,development
1331,5153200030,2015-01-13,development
1332,4022900125,2014-09-02,development
1333,7841300505,2014-10-27,development
1334,0573000685,2014-07-17,development
1335,8961990160,2015-04-13,test
1336,1250202255,2014-06-05,development
1337,7234600796,2014-11-26,development
1338,3630180340,2014-11-04,development
1339,5104450070,2015-03-09,development
1340,9477100060,2014-09-09,development
1341,4139440830,2014-06-03,development
1342,6772200055,2014-09-17,development
1343,8731982190,2014-06-18,development
1344,6300000335,2015-04-29,test
1345,9301300751,2014-07-28,development
1346,9542100135,2014-11-12,development
1347,8691410700,2015-01-16,development
1348,0217500135,2015-04-21,test
1349,3731800055,2014-06-05,development
1350,7234600786,2014-05-11,development
1351,2423059104,2014-10-08,development
1352,1823039205,2014-06-24,development
1353,2423020260,2014-08-14,development
1354,2695600070,2014-08-18,development
1355,6844703240,2014-07-02,development
1356,3904940070,2015-02-27,development
1357,1939130070,2014-09-29,development
1358,5589300370,2015-04-01,test
1359,3526039116,2014-11-18,development
1360,6821600390,2015-01-08,development
1361,1925069082,2015-05-11,test
1362,8100400160,2015-04-13,test
1363,5556300102,2014-07-14,development
1364,7222000393,2014-07-03,development
1365,9407001860,2014-05-24,development
1366,9468200140,2014-08-19,development
1367,3295950240,2014-09-05,development
1368,3905000340,2014-07-24,development
1369,3374300070,2014-06-23,development
1370,7812800310,2014-06-25,development
1371,7015200685,2014-07-31,development
1372,3521069051,2014-12-23,development
1373,8032700140,2014-10-28,development
1374,6117500320,2014-07-08,development
1375,7305300045,2014-07-07,development
1376,0922069139,2015-04-14,test
1377,0084000335,2014-06-26,development
1378,9232400055,2014-09-17,development
1379,1453600202,2014-05-20,development
1380,3904910520,2014-06-25,development
1381,5469300270,2014-05-06,development
1382,8681660060,2014-09-29,development
1383,3902300350,2014-08-06,development
1384,6392003490,2014-07-23,development
1385,3342700465,2015-01-23,development
1386,2592210160,2014-08-05,development
1387,0616000160,2014-12-10,development
1388,1687000270,2014-05-28,development
1389,4102000075,2014-05-22,development
1390,8078460550,2014-05-13,development
1391,2710600070,2015-02-04,development
1392,0037000435,2015-02-14,development
1393,5100401414,2014-05-02,development
1394,5631500254,2014-10-07,development
1395,8567300140,2014-07-23,development
1396,0098000060,2014-07-14,development
1397,2205500400,2014-05-14,development
1398,1726069084,2014-12-08,development
1399,8682291840,2015-03-31,test
1400,5003600240,2014-12-04,development
1401,5636000400,2014-05-07,development
1402,3298700125,2014-09-05,development
1403,7880000060,2014-06-04,development
1404,7811200310,2014-12-16,development
1405,5255690160,2014-10-09,development
1406,0869700320,2014-08-06,development
1407,6052401631,2015-02-05,development
1408,5089700260,2014-08-12,development
1409,9473200105,2014-09-24,development
1410,6678900140,2015-03-19,test
1411,9552700550,2015-04-21,test
1412,2171400218,2015-04-16,test
1413,9122001231,2015-04-03,test
1414,6639900012,2014-09-17,development
1415,8151601090,2014-08-01,development
1416,6664900260,2015-02-19,development
1417,7663700030,2015-05-03,test
1418,0952000055,2015-02-06,development
1419,4292300024,2015-03-02,development
1420,8073000550,2015-04-15,test
1421,9238450160,2015-04-28,test
1422,6127600036,2014-11-05,development
1423,1370801331,2014-08-04,development
1424,3500100226,2014-12-29,development
1425,0319500570,2014-05-05,development
1426,3751604974,2014-12-04,development
1427,7852030320,2015-02-17,development
1428,2481630070,2015-01-28,development
1429,4299000030,2014-09-23,development
1430,3886902590,2015-02-26,development
1431,9178601000,2014-07-30,development
1432,2861100030,2014-10-07,development
1433,9471200370,2015-03-30,test
1434,0625049286,2014-08-15,development
1435,0133000135,2014-11-20,development
1436,7214700830,2014-05-13,development
1437,4473400045,2014-08-26,development
1438,9413600350,2014-08-29,development
1439,1138010520,2014-06-01,development
1440,7431500341,2015-04-24,test
1441,8830400135,2015-03-05,development
1442,5694000710,2014-11-07,development
1443,1951820070,2014-08-22,development
1444,6137500320,2014-06-25,development
1445,6703100070,2015-04-06,test
1446,0339350070,2015-03-18,test
1447,7399300860,2014-08-25,development
1448,8907500070,2015-04-13,test
1449,8651430560,2014-05-22,development
1450,2228900270,2014-08-12,development
1451,2228900270,2015-02-12,development
1452,6880200030,2015-04-10,test
1453,7227501170,2014-06-26,development
1454,7504460200,2014-07-17,development
1455,1559900200,2015-03-26,test
1456,0546000400,2015-04-22,test
1457,1596600060,2015-05-01,test
1458,6021501920,2014-06-27,development
1459,3275860270,2014-10-22,development
1460,5457300703,2015-03-20,test
1461,2919700885,2014-08-26,development
1462,1951500030,2015-02-04,development
1463,9550200310,2014-08-11,development
1464,3630120700,2014-05-13,development
1465,3630120700,2015-01-07,development
1466,6370000070,2014-09-19,development
1467,7935000125,2014-06-05,development
1468,3034200058,2014-05-29,development
1469,2856102336,2015-03-25,test
1470,2523039239,2014-05-30,development
1471,5452800310,2015-04-20,test
1472,2724069070,2015-02-20,development
1473,6690500320,2014-10-27,development
1474,2413301070,2015-03-24,test
1475,1562100030,2014-09-10,development
1476,7941140070,2015-03-18,test
1477,1703050520,2015-04-14,test
1478,2412600030,2014-06-23,development
1479,5266300140,2015-04-08,test
1480,0011520030,2014-06-24,development
1481,7202290140,2014-07-28,development
1482,8161010060,2014-12-18,development
1483,8562900710,2014-07-11,development
1484,8888000055,2014-12-30,development
1485,3395800295,2014-07-11,development
1486,5557320030,2014-09-24,development
1487,2909300640,2014-07-23,development
1488,5202500030,2015-04-01,test
1489,5561300640,2015-05-06,test
1490,3449900030,2014-09-11,development
1491,0952003435,2014-08-26,development
1492,6204200340,2014-11-10,development
1493,1737100830,2015-02-05,development
1494,2207200520,2014-09-29,development
1495,3818400060,2014-10-31,development
1496,9264960560,2014-10-01,development
1497,6362900172,2014-09-23,development
1498,9272200810,2015-03-16,test
1499,3629160060,2015-02-27,development
1500,4324200060,2015-03-12,test
1501,3830620710,2014-06-13,development
1502,3276900030,2014-10-06,development
1503,4058800830,2015-03-18,test
1504,6202600070,2014-11-06,development
1505,8581200030,2015-02-24,development
1506,2771601940,2015-05-04,test
1507,2214800270,2014-09-25,development
1508,7312000240,2014-06-23,development
1509,8562890560,2014-06-26,development
1510,4136930310,2014-11-06,development
1511,1328330350,2015-02-13,development
1512,5255690060,2015-03-18,test
1513,0402000260,2015-02-11,development
1514,7787110060,2014-10-13,development
1515,8651580310,2014-05-28,development
1516,3705000060,2014-06-04,development
1517,7525410060,2015-01-09,development
1518,3295700060,2014-06-02,development
1519,8121500060,2014-08-07,development
1520,3728800320,2014-05-29,development
1521,6003501535,2014-08-28,development
1522,2621750340,2014-10-15,development
1523,3445000274,2015-05-13,test
1524,3288200030,2014-08-29,development
1525,4188000640,2014-09-11,development
1526,2558730070,2014-08-25,development
1527,7923500060,2014-09-22,development
1528,8016300030,2014-11-03,development
1529,3629920830,2015-05-06,test
1530,4054510270,2014-08-27,development
1531,2864600105,2014-06-24,development
1532,8165500830,2015-03-27,test
1533,4395600060,2014-06-30,development
1534,4444800045,2015-04-20,test
1535,1115300270,2015-04-28,test
1536,5363200200,2015-04-02,test
1537,6067900640,2015-04-20,test
1538,4279200060,2014-12-30,development
1539,3425059222,2014-11-24,development
1540,5253300397,2015-04-09,test
1541,1769600204,2015-02-25,development
1542,1176001195,2014-06-21,development
1543,1239400570,2014-11-17,development
1544,6071600270,2014-06-03,development
1545,1311100520,2015-04-14,test
1546,1402200070,2014-10-13,development
1547,1419700270,2014-05-07,development
1548,5126900310,2015-03-25,test
1549,8816400885,2014-10-08,development
1550,5412100550,2014-12-08,development
1551,7203000465,2014-10-18,development
1552,1862900160,2014-07-03,development
1553,0984220240,2014-11-25,development
1554,4458800060,2015-04-09,test
1555,1138000160,2014-09-08,development
1556,9406520550,2014-10-27,development
1557,7852160070,2015-01-05,development
1558,7214700160,2014-05-09,development
1559,2483700160,2014-09-17,development
1560,1972201820,2014-10-16,development
1561,9477000060,2015-03-31,test
1562,7932000041,2015-05-12,test
1563,1231000520,2014-11-18,development
1564,7522500070,2015-02-04,development
1565,4215250310,2014-09-19,development
1566,5560000070,2014-07-07,development
1567,1545804460,2015-04-01,test
1568,9510970310,2014-06-12,development
1569,0098030160,2015-02-12,development
1570,7853300070,2014-08-18,development
1571,0934300140,2015-03-23,test
1572,1245001820,2015-04-29,test
1573,1974200060,2015-04-24,test
1574,7300410060,2015-04-25,test
1575,1939110310,2015-03-10,test
1576,7888000390,2014-06-27,purged
1577,7888000390,2015-04-01,test
1578,1529300435,2014-11-20,development
1579,2960900045,2014-07-18,development
1580,3959400135,2014-06-02,development
1581,7972600765,2014-06-25,development
1582,7214810550,2015-04-13,test
1583,3271801090,2015-04-30,test
1584,8964800370,2014-10-22,development
1585,8019200030,2014-09-26,development
1586,2954400400,2014-11-12,development
1587,3013301525,2014-10-13,development
1588,3303100075,2014-10-14,development
1589,2004100075,2015-03-26,test
1590,4221270340,2015-03-27,test
1591,7177300575,2014-09-03,development
1592,1471630350,2014-10-24,development
1593,1250203335,2014-05-27,development
1594,8815400105,2014-06-03,development
1595,5315100737,2014-05-28,development
1596,3333002440,2014-06-04,development
1597,2130702205,2015-04-06,test
1598,2159900060,2015-01-13,development
1599,0194000575,2014-10-14,development
1600,1531000140,2014-07-01,development
1601,2125049139,2014-08-06,development
1602,3623500135,2015-03-26,test
1603,7805460310,2014-11-13,development
1604,3021059244,2014-08-14,development
1605,0925049360,2015-04-28,test
1606,3286800260,2015-05-06,test
1607,4137010240,2014-07-16,development
1608,9368700341,2014-08-22,development
1609,3832310350,2014-10-21,development
1610,0324000350,2015-04-15,test
1611,9407101840,2014-06-20,development
1612,1422300140,2014-09-05,development
1613,6127011000,2014-05-08,development
1614,2624049117,2014-09-03,development
1615,3295750550,2014-11-24,development
1616,7960100260,2014-07-01,development
1617,7625700012,2014-12-02,development
1618,5418200295,2015-03-09,development
1619,7454000295,2015-01-30,development
1620,8100000060,2014-07-29,development
1621,1310500550,2014-12-20,development
1622,9485950310,2014-10-03,development
1623,4213910030,2015-04-01,test
1624,1223089083,2014-10-28,development
1625,2143700861,2014-10-30,development
1626,5016003230,2015-02-18,development
1627,1338801019,2014-07-01,development
1628,3592500565,2014-10-29,development
1629,6414600070,2014-06-17,development
1630,8645500160,2015-01-07,development
1631,8651520240,2014-07-28,development
1632,9408300310,2014-06-24,development
1633,4202400135,2014-06-26,development
1634,7129300935,2014-11-05,development
1635,8143000310,2014-09-09,development
1636,6082400152,2015-03-04,development
1637,6838000520,2015-02-20,development
1638,4023500118,2014-07-23,development
1639,8952900204,2014-10-29,development
1640,7922800320,2014-10-16,development
1641,9542000030,2014-07-22,development
1642,3787000140,2014-09-01,development
1643,0646910030,2014-11-04,development
1644,5515600075,2014-12-05,development
1645,1377300135,2014-10-17,development
1646,5469501940,2014-06-04,development
1647,9276200890,2015-04-29,test
1648,6385910260,2014-09-10,development
1649,5101402482,2014-07-24,development
1650,9353300140,2014-06-18,development
1651,5379801600,2015-04-24,test
1652,6082400260,2014-11-12,development
1653,2025079033,2014-12-10,development
1654,6181430800,2015-01-05,development
1655,3649100473,2014-05-28,development
1656,2011400791,2014-10-07,development
1657,7549802030,2014-11-04,development
1658,1898200030,2014-09-22,development
1659,0567000672,2014-09-30,development
1660,9126101740,2014-12-04,development
1661,5127001600,2014-11-06,development
1662,1925069121,2015-03-30,test
1663,7511210310,2014-07-09,development
1664,0065000260,2014-08-20,development
1665,6372000060,2014-05-23,development
1666,2005300140,2015-03-30,test
1667,5649600435,2015-01-08,development
1668,2249500059,2015-01-07,development
1669,1773100510,2014-09-15,development
1670,9521100960,2015-01-16,development
1671,1785500132,2014-11-18,development
1672,8645530060,2014-07-11,development
1673,7697920060,2014-06-30,development
1674,9550202010,2014-07-10,development
1675,1821059264,2014-06-26,development
1676,5700003985,2014-10-29,development
1677,2320069248,2014-07-01,development
1678,2658000335,2014-10-27,development
1679,1702901557,2014-09-11,development
1680,1774220350,2015-04-01,test
1681,7355700171,2014-06-10,development
1682,3971701922,2014-10-29,development
1683,3583300135,2014-05-13,development
1684,9542000075,2015-03-27,test
1685,4055700955,2014-06-22,development
1686,4022902505,2014-07-31,development
1687,8680100030,2014-05-21,development
1688,2923039017,2014-07-17,development
1689,2767604247,2014-07-11,development
1690,5631500505,2014-06-16,development
1691,3356406510,2014-05-30,development
1692,7701990700,2014-12-31,development
1693,8835200800,2015-04-08,test
1694,8902500118,2014-08-12,development
1695,2822079012,2015-04-10,test
1696,9485950060,2014-12-08,development
1697,0424069264,2014-05-22,development
1698,3581000340,2015-02-27,development
1699,7625704005,2014-05-06,development
1700,1545803240,2014-10-31,development
1701,8080400045,2014-06-20,development
1702,8651402920,2014-05-05,development
1703,3121069036,2014-12-08,development
1704,2540800390,2014-09-04,development
1705,7978800621,2014-08-11,development
1706,1336300445,2015-04-22,test
1707,6159400060,2014-08-05,development
1708,9510930350,2014-12-12,development
1709,5535600520,2014-12-08,development
1710,7634800070,2015-01-16,development
1711,8581200350,2014-06-17,development
1712,6190701146,2015-04-15,test
1713,0522059299,2015-02-04,development
1714,1513800036,2014-05-16,development
1715,6699930550,2015-02-03,development
1716,9839300875,2014-05-14,development
1717,2493200435,2014-08-25,development
1718,0226039282,2014-07-28,development
1719,1020069017,2015-03-27,test
1720,5450900140,2014-05-08,development
1721,8093800200,2014-11-18,development
1722,3205000310,2014-11-21,development
1723,7230000350,2014-09-09,development
1724,1066600045,2014-09-04,development
1725,2822069078,2014-10-08,development
1726,8731900340,2014-06-23,development
1727,5088500310,2015-03-12,test
1728,1823059205,2014-06-04,development
1729,0225039082,2014-05-14,development
1730,5021900140,2014-11-20,development
1731,7883603750,2014-12-09,development
1732,8081500060,2014-10-01,development
1733,8099900260,2014-05-28,development
1734,0913000340,2015-01-02,development
1735,2115200160,2014-06-05,development
1736,5095600310,2014-07-25,development
1737,5402100045,2015-03-11,test
1738,2258500049,2014-06-02,development
1739,0626100023,2014-06-11,development
1740,4309720160,2014-11-07,development
1741,1843100070,2015-02-10,development
1742,4307350520,2015-02-25,development
1743,5561401260,2014-10-14,development
1744,2883200966,2015-03-18,test
1745,7214800240,2015-03-16,test
1746,3629920860,2015-01-05,development
1747,1320069179,2014-11-04,development
1748,9424400200,2014-05-15,development
1749,3500100189,2014-06-30,development
1750,2787720140,2015-04-07,test
1751,3856904740,2014-10-21,development
1752,0254000445,2015-01-29,development
1753,6821101837,2015-02-03,development
1754,5608000700,2014-09-18,development
1755,7784400060,2015-01-20,development
1756,3295610350,2015-03-23,test
1757,3260570260,2014-12-04,development
1758,1592000260,2015-02-17,development
1759,8670000060,2014-08-27,development
1760,8113600004,2014-05-20,development
1761,0235000075,2014-07-18,development
1762,1951700700,2014-06-05,development
1763,1832100030,2014-06-25,development
1764,8565000030,2015-04-29,test
1765,2473350710,2014-10-27,development
1766,9521101221,2014-05-19,development
1767,6152900273,2014-09-09,development
1768,2721600125,2015-02-05,development
1769,1180002378,2014-09-26,development
1770,0625059051,2014-09-03,development
1771,2113700060,2014-10-14,development
1772,7016100570,2014-12-01,development
1773,2944500710,2015-02-20,development
1774,1549500370,2014-05-05,development
1775,7211340030,2015-04-28,test
1776,2473480520,2014-09-08,development
1777,1722059326,2014-08-05,development
1778,9414100030,2015-03-31,test
1779,8911000030,2014-12-10,development
1780,2264500890,2014-05-08,development
1781,2481630200,2014-06-14,development
1782,7299500200,2014-08-15,development
1783,8598900125,2015-04-06,test
1784,7504010560,2014-05-09,development
1785,8732130140,2014-12-22,development
1786,2492200335,2015-04-23,test
1787,2770606602,2015-03-05,development
1788,7211400990,2015-03-03,development
1789,7148700160,2014-05-12,development
1790,0984220370,2015-03-26,test
1791,2600000510,2014-07-26,development
1792,7123400045,2014-05-23,development
1793,3751602329,2014-06-27,development
1794,6819100310,2015-04-14,test
1795,2925079012,2014-11-05,development
1796,7202430060,2015-01-22,development
1797,0185000118,2015-02-23,development
1798,1139000685,2014-07-29,development
1799,5312100060,2014-11-11,development
1800,3356404330,2014-11-19,development
1801,7805460030,2015-02-23,development
1802,1705400055,2014-07-19,development
1803,3303980520,2015-04-23,test
1804,2538410140,2014-08-08,development
1805,3810000860,2015-05-06,test
1806,8079100370,2014-11-07,development
1807,2025770560,2014-11-03,development
1808,0225069017,2014-07-14,development
1809,1138010510,2014-12-12,development
1810,4358700135,2014-11-18,development
1811,4327100045,2014-07-21,development
1812,6804600550,2014-07-08,development
1813,5634500251,2015-03-27,test
1814,3125079062,2015-04-26,test
1815,3629920140,2015-04-07,test
1816,6844703410,2014-09-24,development
1817,1337300070,2014-09-24,development
1818,9290900160,2014-09-11,development
1819,2251500270,2015-04-13,test
1820,0414100295,2014-06-23,development
1821,1771110640,2014-06-24,development
1822,0808300550,2015-05-05,test
1823,4322500055,2015-04-17,test
1824,3810000565,2014-07-02,development
1825,0461002025,2015-05-01,test
1826,8559900140,2015-03-31,test
1827,8899210320,2014-08-20,development
1828,0952002765,2014-11-14,development
1829,7101100055,2015-03-03,development
1830,3013300510,2015-05-06,test
1831,1623300765,2014-05-06,development
1832,9322800260,2014-09-12,development
1833,6141600140,2014-09-04,development
1834,9315300260,2014-05-21,development
1835,7015200335,2014-06-19,development
1836,1545806510,2014-08-20,development
1837,8643200055,2014-06-01,development
1838,7855000550,2014-12-01,development
1839,1313500070,2014-08-20,development
1840,0290000055,2014-05-16,development
1841,4139460200,2015-03-25,test
1842,3931900295,2015-04-23,test
1843,7365600070,2014-06-24,development
1844,9274200320,2015-04-13,test
1845,8856920260,2014-08-18,development
1846,4083306175,2015-04-01,test
1847,7588700204,2014-07-16,development
1848,3271800295,2015-02-03,development
1849,6052400575,2014-05-14,development
1850,7861300140,2014-06-16,development
1851,6117501176,2015-01-02,development
1852,2592400140,2015-02-11,development
1853,7135300046,2014-07-16,development
1854,8665900295,2015-04-23,test
1855,6699000810,2014-08-13,development
1856,5104510240,2014-05-19,development
1857,7856700990,2014-09-24,development
1858,8682300640,2014-08-28,development
1859,6918700320,2015-03-06,development
1860,9560700055,2015-03-10,test
1861,3013300055,2014-06-02,development
1862,9201000320,2015-04-16,test
1863,9151600695,2015-03-04,development
1864,2143700830,2014-10-06,purged
1865,2143700830,2015-03-12,test
1866,2591020140,2014-12-02,development
1867,6414600262,2014-08-29,development
1868,1387301360,2014-12-22,development
1869,5561400260,2014-07-21,development
1870,7942601805,2014-09-11,development
1871,1887500045,2014-12-26,development
1872,5505700055,2014-07-30,development
1873,3886902505,2015-03-11,test
1874,6703100135,2015-01-16,development
1875,1552520070,2014-12-02,development
1876,8163300320,2014-06-14,development
1877,1853081000,2014-07-17,development
1878,4403600240,2015-01-13,development
1879,3885803625,2014-12-03,development
1880,0869700370,2015-04-10,test
1881,4307301160,2014-07-22,development
1882,2402100575,2014-06-13,development
1883,4307350990,2015-03-09,development
1884,2873000260,2015-03-05,development
1885,0795001600,2014-11-25,development
1886,0098030140,2014-10-13,development
1887,5409800140,2015-02-17,development
1888,9253900354,2014-07-01,development
1889,3319500922,2015-04-21,test
1890,3404700041,2014-09-29,development
1891,2314300200,2014-10-21,development
1892,9265700045,2014-06-24,development
1893,3528000260,2014-11-11,development
1894,3066120030,2015-01-27,development
1895,4278900055,2014-05-28,development
1896,9512000140,2014-05-05,development
1897,6381500505,2015-04-02,test
1898,1697000400,2015-03-30,test
1899,2548100140,2015-01-16,development
1900,7225000140,2015-02-18,development
1901,2126049032,2014-09-05,development
1902,3876300890,2014-12-11,development
1903,7715800710,2014-07-22,development
1904,2397101200,2014-12-21,development
1905,5100401160,2014-07-07,development
1906,2741100800,2014-07-08,development
1907,0034001160,2014-09-19,development
1908,5637200200,2014-05-23,development
1909,3410600335,2014-06-03,development
1910,8024201370,2014-12-08,development
1911,3066410800,2014-12-11,development
1912,5306100240,2014-09-18,development
1913,9334800140,2014-10-23,development
1914,7203101260,2015-02-11,development
1915,7577700070,2014-08-28,development
1916,6072100140,2014-10-17,development
1917,3874000240,2014-12-02,development
1918,6151800135,2014-08-27,development
1919,1826049225,2015-04-17,test
1920,8150100240,2015-02-18,development
1921,5152960710,2014-05-14,development
1922,4027701275,2014-07-18,development
1923,1545807990,2015-02-17,development
1924,1726069179,2014-12-23,development
1925,3905100070,2015-02-03,development
1926,7316400070,2014-09-25,development
1927,2113700335,2015-04-08,test
1928,3972900160,2015-04-03,test
1929,2767603215,2014-05-16,development
1930,3664500041,2015-04-17,test
1931,5379804150,2015-02-11,development
1932,9188200570,2014-09-02,development
1933,3905010140,2014-05-29,development
1934,5141000685,2014-10-21,development
1935,6738700320,2015-04-14,test
1936,1246700152,2014-07-21,development
1937,2926069062,2014-08-11,development
1938,6114400136,2014-07-14,development
1939,6127010800,2014-06-09,development
1940,4222000320,2015-04-22,test
1941,2600010070,2015-04-14,test
1942,3826500570,2014-08-29,development
1943,8159620160,2015-04-24,test
1944,1118001805,2014-07-24,development
1945,3398800055,2014-11-19,development
1946,3528000510,2014-09-05,development
1947,0627300105,2014-07-29,development
1948,3279000070,2014-08-28,development
1949,1922039062,2015-04-20,test
1950,0312000135,2014-05-20,development
1951,6054650510,2014-06-09,development
1952,3279000240,2015-03-30,test
1953,1402000070,2014-05-20,development
1954,1562200240,2014-09-18,development
1955,3904921070,2014-08-12,development
1956,4045500510,2014-05-21,development
1957,8849300160,2015-02-05,development
1958,4123810140,2015-02-27,development
1959,2473251170,2014-06-26,development
1960,6430500186,2014-11-04,development
1961,4136950140,2014-12-15,development
1962,1370802650,2014-07-29,development
1963,1721069036,2014-05-29,development
1964,8637100370,2014-11-12,development
1965,8952900260,2014-09-19,development
1966,1972202080,2014-07-10,development
1967,9476200350,2014-10-13,development
1968,1523069204,2014-12-08,development
1969,2856100125,2014-10-01,development
1970,2968800626,2014-08-22,development
1971,2129700320,2015-05-05,test
1972,8965500320,2015-03-26,test
1973,0952005224,2014-11-05,development
1974,4443801160,2014-06-10,development
1975,5101404170,2014-11-13,development
1976,1241500350,2015-01-05,development
1977,4379400560,2014-05-29,development
1978,0629810350,2014-05-21,development
1979,5466400550,2014-11-13,development
1980,3619600132,2014-09-15,development
1981,4113800550,2014-07-21,development
1982,7298020240,2014-05-09,development
1983,0434000030,2014-12-19,development
1984,1138000830,2014-09-09,development
1985,8568000070,2014-09-05,development
1986,8822901200,2014-07-23,development
1987,1118002090,2014-06-28,development
1988,3856901525,2014-10-01,development
1989,1180500070,2014-11-24,development
1990,7856560320,2015-03-17,test
1991,5103900045,2014-07-25,development
1992,8562890370,2015-04-14,test
1993,8807600340,2015-03-25,test
1994,0993002325,2014-06-23,development
1995,1022059082,2014-05-08,development
1996,0179000350,2014-11-05,development
1997,3915500045,2014-11-14,development
1998,3578400030,2014-07-18,development
1999,9346700320,2015-03-23,test
2000,3856901715,2014-09-24,development
2001,8700120520,2015-01-27,development
2002,7335400400,2015-04-10,test
2003,4319200505,2014-06-17,development
2004,1426049083,2014-10-22,development
2005,7795400046,2014-06-11,development
2006,1337800045,2014-10-01,development
2007,2207500695,2015-03-04,development
2008,1112000125,2014-09-30,development
2009,2472930270,2014-09-05,development
2010,5651500140,2014-06-17,development
2011,7203102080,2014-12-17,development
2012,3626500045,2014-06-26,development
2013,3226049117,2015-02-13,development
2014,6699940140,2014-09-08,development
2015,7702600160,2014-07-09,development
2016,5379804730,2014-07-18,development
2017,3383900058,2014-11-18,development
2018,0629600030,2014-07-14,development
2019,1823049171,2014-12-18,development
2020,3760500516,2014-07-24,development
2021,2641400160,2014-12-05,development
2022,0534000075,2014-05-06,development
2023,3892500070,2014-07-28,development
2024,0224069084,2015-03-25,test
2025,2767600400,2014-11-18,development
2026,5347200160,2014-05-12,development
2027,9553200125,2015-03-31,test
2028,5379804888,2015-04-21,test
2029,0421079105,2015-03-09,development
2030,4215250030,2014-08-19,development
2031,2420069017,2015-03-24,test
2032,2414600400,2014-08-05,development
2033,2461900510,2014-09-26,development
2034,7695500200,2015-03-23,test
2035,0251200200,2014-06-27,development
2036,0513000550,2014-09-22,development
2037,8730000260,2015-05-04,test
2038,3395040550,2014-07-28,purged
2039,3395040550,2015-04-29,test
2040,9471200200,2015-03-25,test
2041,5469700260,2014-09-03,development
2042,2767600171,2014-05-19,development
2043,0898000200,2015-04-02,test
2044,5315100806,2014-09-15,development
2045,9269200786,2014-07-22,development
2046,1118001370,2015-01-02,development
2047,3558910640,2015-04-01,test
2048,3761100341,2014-08-28,development
2049,8682261070,2015-04-27,test
2050,8732040810,2014-11-04,development
2051,2991000400,2014-07-23,development
2052,2155500030,2015-04-28,test
2053,5727500102,2015-04-26,test
2054,5104510370,2014-10-14,development
2055,1895450200,2015-04-15,test
2056,8122101146,2014-09-29,development
2057,7789900030,2014-07-25,development
2058,6893300350,2014-06-02,development
2059,4073800140,2014-08-11,development
2060,0538000030,2014-07-30,development
2061,6632300478,2014-09-16,development
2062,4083800340,2015-04-02,test
2063,9214400135,2015-03-10,test
2064,8944600200,2014-06-23,development
2065,8651430370,2015-04-25,test
2066,2296700260,2014-06-26,development
2067,3066400140,2014-06-20,development
2068,1771100240,2014-09-25,development
2069,0461003251,2014-08-01,development
2070,8699100240,2015-05-05,test
2071,8691350200,2015-04-17,test
2072,2525300550,2014-06-03,development
2073,7452500045,2014-08-05,development
2074,2489200070,2014-07-20,development
2075,3623500260,2014-05-12,development
2076,0425069104,2014-12-15,development
2077,2239800070,2014-06-27,development
2078,2618300350,2014-07-18,development
2079,1336800160,2014-06-05,development
2080,7519000570,2014-11-10,development
2081,0257000105,2014-05-20,development
2082,4401200350,2015-02-10,development
2083,6402300070,2014-12-08,development
2084,5317100570,2014-12-15,development
2085,8106100105,2014-11-14,development
2086,9407150240,2014-10-01,development
2087,8682291940,2014-06-30,development
2088,4139420070,2014-09-10,development
2089,0629400340,2014-12-22,development
2090,3380900160,2015-04-28,test
2091,2175100270,2014-06-04,development
2092,3448000270,2015-03-13,test
2093,8701600510,2015-04-14,test
2094,6083000083,2014-06-11,development
2095,9178600135,2014-08-26,development
2096,1721059286,2015-01-21,development
2097,8161600135,2014-05-27,development
2098,2568300132,2014-10-08,development
2099,6414100111,2014-11-05,development
2100,9818700320,2014-10-07,development
2101,0686200510,2014-11-22,development
2102,3279000370,2015-02-02,development
2103,2767601031,2015-02-02,development
2104,4142450510,2014-07-23,development
2105,3291800510,2014-06-10,development
2106,7893203450,2015-03-23,test
2107,0908000260,2014-11-17,development
2108,3225069239,2014-07-07,development
2109,8645540320,2014-11-18,development
2110,9280200030,2014-07-17,development
2111,6159400030,2014-10-08,development
2112,7787400030,2014-06-09,development
2113,1888120140,2014-07-09,development
2114,2916620240,2014-06-18,development
2115,0251200240,2014-07-25,development
2116,7695500240,2014-05-14,development
2117,7749500070,2015-01-19,development
2118,6762700340,2015-04-27,test
2119,0824069121,2014-12-22,development
2120,2600100370,2015-02-11,development
2121,2326059082,2015-01-26,development
2122,2591010240,2014-12-01,development
2123,1085610030,2014-08-01,development
2124,9551202025,2014-06-25,development
2125,4379600030,2014-07-29,development
2126,4345000510,2014-10-15,purged
2127,4345000510,2015-04-28,test
2128,3327000140,2014-06-17,development
2129,7100000135,2014-05-20,development
2130,2483200060,2014-06-12,development
2131,2592400550,2014-07-09,development
2132,2113701200,2014-09-12,development
2133,5249804510,2014-07-16,development
2134,9264901040,2014-05-16,development
2135,7967600069,2014-11-17,development
2136,4219400520,2014-06-16,development
2137,3810000202,2014-09-05,development
2138,1226039129,2015-02-09,development
2139,8146100370,2014-09-04,development
2140,1224059053,2014-10-27,development
2141,1623049041,2014-05-08,development
2142,0098020140,2014-07-08,development
2143,9510900070,2014-09-23,development
2144,2473381090,2015-03-25,test
2145,6378500105,2014-12-24,development
2146,3861400030,2014-11-24,development
2147,0705700640,2014-09-16,development
2148,2767603210,2014-12-10,development
2149,3294700030,2014-05-09,development
2150,7524950830,2014-05-27,development
2151,2124069078,2014-12-11,development
2152,5728000060,2014-08-01,development
2153,2880100160,2014-11-19,development
2154,4435000520,2014-09-26,development
2155,8856900310,2015-02-03,development
2156,4315700390,2014-06-30,development
2157,2095800520,2015-04-24,test
2158,4193500140,2014-09-11,development
2159,3582200200,2015-04-27,test
2160,9521100106,2014-08-26,development
2161,7351000160,2014-07-08,development
2162,5422420140,2014-06-11,development
2163,7234601162,2014-09-15,development
2164,6623400217,2014-05-15,development
2165,3354400060,2015-05-01,test
2166,0408100105,2014-11-03,development
2167,7297700055,2015-03-05,development
2168,8029740060,2015-05-07,test
2169,1355200060,2014-09-04,development
2170,4136890560,2015-04-30,test
2171,1320069271,2014-06-12,development
2172,9269260240,2015-04-24,test
2173,1796381070,2014-06-25,development
2174,6840701125,2015-04-22,test
2175,7443000640,2014-09-12,development
2176,6344000060,2014-10-15,development
2177,3317500030,2015-03-16,test
2178,2130702270,2014-06-28,development
2179,3343301920,2015-03-02,development
2180,2688100075,2014-05-06,development
2181,6448600060,2015-02-26,development
2182,6619510060,2015-03-27,test
2183,4058802105,2014-09-04,development
2184,7212660640,2015-03-26,test
2185,8026700105,2015-02-18,development
2186,8018600640,2014-09-18,development
2187,0623049315,2014-07-01,development
2188,6632900340,2014-11-24,development
2189,6798100070,2015-05-11,test
2190,8644400060,2014-10-29,development
2191,4388600030,2014-11-03,development
2192,0629420260,2014-10-02,development
2193,1117200550,2014-10-14,development
2194,7461420060,2014-08-04,development
2195,5566100060,2014-07-18,development
2196,7714000340,2014-06-19,development
2197,5149300400,2015-02-06,development
2198,3815500045,2014-10-03,development
2199,1843100520,2014-07-25,development
2200,1329000030,2014-09-04,development
2201,7853240560,2014-09-03,development
2202,8078100260,2014-09-12,development
2203,3905120830,2015-04-15,test
2204,1442800400,2014-06-28,development
2205,3905000200,2014-05-09,development
2206,4399200075,2014-07-03,development
2207,1545802830,2015-03-09,development
2208,1370804100,2015-03-24,test
2209,0269000240,2014-10-30,development
2210,2619920030,2015-03-18,test
2211,3438500339,2014-05-26,development
2212,8563001070,2015-03-23,test
2213,4427100105,2015-04-28,test
2214,2767800140,2015-03-13,test
2215,2600140070,2015-04-09,test
2216,7231501610,2014-10-23,development
2217,2787250240,2015-04-21,test
2218,5309100295,2014-10-17,development
2219,2781260370,2015-01-28,development
2220,1926059155,2015-01-30,development
2221,7137900960,2014-06-25,development
2222,2817100570,2014-06-27,development
2223,3886902445,2015-03-16,test
2224,2215902010,2014-05-07,development
2225,1778350270,2014-09-15,development
2226,1449000270,2014-08-06,development
2227,3755100520,2015-04-27,test
2228,8651441620,2014-10-23,development
2229,1321970240,2014-12-04,development
2230,6816300060,2015-04-13,test
2231,8563000520,2014-10-29,development
2232,3663000070,2014-07-08,development
2233,0255400070,2014-07-01,development
2234,0269000070,2015-01-06,development
2235,1163400070,2014-11-12,development
2236,4139420370,2014-08-11,development
2237,2599200160,2014-08-18,development
2238,1704900135,2014-11-11,development
2239,6648701420,2015-02-13,development
2240,6123000070,2014-07-09,development
2241,7015200136,2015-05-03,test
2242,5104531820,2014-06-02,development
2243,6620400631,2014-07-09,development
2244,3582500240,2014-05-14,development
2245,1529300160,2014-06-19,development
2246,4027700844,2014-09-16,development
2247,0425069139,2014-10-27,development
2248,3047700105,2015-04-23,test
2249,2976800550,2015-04-14,test
2250,6151800070,2014-09-03,development
2251,4364700105,2014-08-04,development
2252,7893804845,2015-02-23,development
2253,7694800070,2014-08-18,development
2254,1922000070,2014-06-09,development
2255,4035900060,2014-09-19,development
2256,8880600070,2014-11-12,development
2257,0739800070,2014-05-27,development
2258,1561910270,2015-03-17,test
2259,7305300370,2015-05-04,test
2260,7345000340,2015-02-03,development
2261,3971701455,2014-10-03,development
2262,8035350260,2014-10-09,development
2263,0104550520,2015-03-30,test
2264,4037400295,2014-07-30,development
2265,5413200140,2014-10-21,development
2266,0522049104,2014-07-29,development
2267,3859900060,2015-01-12,development
2268,6145601715,2014-12-15,development
2269,1645000310,2015-02-25,development
2270,7471900045,2015-04-21,test
2271,7697100030,2014-09-29,development
2272,3313600340,2014-06-16,development
2273,1921069082,2014-05-12,development
2274,4263200030,2014-12-05,development
2275,6918700370,2014-10-27,development
2276,8125200483,2014-06-09,development
2277,1930301555,2014-07-01,development
2278,7974200776,2014-12-05,development
2279,2719100013,2015-04-29,test
2280,7234601544,2014-08-25,development
2281,5652601455,2014-06-23,development
2282,2558600060,2015-01-23,development
2283,5017000575,2014-11-24,development
2284,2796100160,2014-05-20,development
2285,5470100270,2014-12-09,development
2286,6112300140,2014-05-14,development
2287,4024101715,2014-09-05,development
2288,3205100060,2015-04-13,test
2289,4450700030,2014-08-22,development
2290,7920100083,2015-04-14,test
2291,1774350160,2014-07-18,development
2292,2115510340,2014-06-04,development
2293,8901000445,2014-12-18,development
2294,6121800060,2014-09-10,development
2295,8712100320,2014-07-28,development
2296,2979800520,2014-06-03,development
2297,2331540070,2014-07-03,development
2298,6345000160,2014-08-27,development
2299,5126950340,2015-03-30,test
2300,5152100160,2015-02-19,development
2301,3298201290,2014-12-24,development
2302,0428000055,2015-04-06,test
2303,8698600055,2014-06-20,development
2304,3034200885,2014-12-08,development
2305,2538400060,2014-06-12,development
2306,3145600045,2015-02-25,development
2307,7183000070,2014-08-21,development
2308,6788200800,2015-05-07,test
2309,0824059083,2014-09-02,development
2310,2724069117,2014-11-14,development
2311,9157600060,2014-09-10,development
2312,0943100262,2014-10-30,development
2313,3810000465,2014-05-20,development
2314,2451000070,2015-04-02,test
2315,7640400070,2014-09-15,development
2316,7732410370,2014-09-09,development
2317,3253500030,2014-07-25,development
2318,2128000160,2014-12-04,development
2319,3764650070,2014-12-16,development
2320,1118000465,2015-03-12,test
2321,2622059062,2014-10-15,development
2322,2211700160,2014-05-12,development
2323,9376301180,2015-04-08,test
2324,2203500570,2015-02-17,development
2325,3634100030,2015-01-09,development
2326,2599200830,2014-07-16,development
2327,4140090370,2015-02-18,development
2328,2320069083,2014-11-25,development
2329,6893300295,2014-07-15,development
2330,7454000030,2014-08-16,development
2331,7454001090,2015-03-09,development
2332,2944500340,2014-07-21,development
2333,2346800270,2015-01-06,development
2334,2796100640,2015-04-24,test
2335,0993000046,2014-09-22,development
2336,2333230270,2014-08-14,development
2337,5104510340,2015-05-04,test
2338,2517000700,2015-04-21,test
2339,1724069062,2014-07-14,development
2340,5556800260,2015-03-05,development
2341,2771603610,2015-04-23,test
2342,3629910240,2014-05-05,development
2343,5634500036,2014-08-20,development
2344,2887703066,2014-05-28,development
2345,3185600055,2014-06-11,development
2346,1421069159,2014-11-10,development
2347,0476000335,2014-12-17,development
2348,0251300260,2014-05-15,development
2349,2887700140,2014-07-07,development
2350,3298201170,2014-11-10,development
2351,2024059084,2015-03-13,test
2352,7229700105,2015-04-24,test
2353,2313900560,2014-08-25,development
2354,6192400400,2014-07-28,development
2355,1425069116,2014-11-07,development
2356,3582900200,2014-10-28,development
2357,0243000335,2014-09-29,development
2358,7760400350,2014-12-05,development
2359,0128500260,2014-05-08,development
2360,1697000370,2015-03-25,test
2361,8902000267,2015-04-02,test
2362,1218000030,2014-08-27,development
2363,6099400140,2014-09-04,development
2364,5710600030,2014-09-22,development
2365,7304300570,2014-05-19,development
2366,1702901180,2014-06-11,development
2367,3508100135,2015-03-16,test
2368,4443800030,2014-12-01,development
2369,2553300140,2014-11-03,development
2370,4154300465,2014-09-16,development
2371,3623029045,2014-09-25,development
2372,9371700125,2014-05-28,development
2373,4443800810,2014-08-19,development
2374,1330900570,2014-11-06,development
2375,4017110200,2015-01-27,development
2376,0303000445,2014-05-23,development
2377,7857003505,2014-09-09,development
2378,4027701291,2014-08-20,development
2379,3831200200,2015-04-20,test
2380,4123830070,2014-12-24,development
2381,8946750140,2015-04-30,test
2382,7129300400,2014-08-14,development
2383,2126059234,2014-09-24,development
2384,0621069074,2014-06-03,development
2385,7879600070,2014-10-24,development
2386,6151800486,2014-07-18,development
2387,8581200160,2014-10-24,development
2388,2395710070,2014-07-25,development
2389,6669100070,2014-05-12,development
2390,8856920070,2014-10-21,development
2391,0323089084,2014-08-27,development
2392,0798000342,2014-08-15,development
2393,5104511840,2014-08-27,development
2394,5205000400,2014-10-22,development
2395,8565900160,2015-03-26,test
2396,4302700445,2014-09-23,development
2397,2413300240,2014-11-10,development
2398,9477201620,2014-05-16,development
2399,3395000070,2014-09-27,development
2400,3336000791,2015-04-07,test
2401,1087700030,2014-06-19,development
2402,8856970570,2014-10-27,development
2403,2206700295,2014-09-15,development
2404,0293910030,2014-10-08,development
2405,9547205660,2015-05-04,test
2406,8856004400,2014-09-02,development
2407,3888100128,2014-07-28,development
2408,8562900240,2014-11-14,development
2409,1088000030,2014-12-03,development
2410,1545800640,2014-06-18,development
2411,3020079078,2014-10-27,development
2412,0011520640,2014-08-01,development
2413,3407700046,2014-06-24,development
2414,7696600240,2014-10-23,development
2415,3904100106,2015-04-27,test
2416,7849201600,2014-07-24,development
2417,8924100111,2015-04-24,test
2418,2221000070,2015-03-27,test
2419,8078350030,2014-06-02,development
2420,8682281710,2014-06-20,development
2421,1383500070,2015-02-10,development
2422,6744700181,2015-02-17,development
2423,6728700075,2014-05-20,development
2424,3630180240,2014-07-11,development
2425,2162000160,2015-03-03,development
2426,0705700140,2014-09-19,development
2427,9423400193,2014-12-26,development
2428,5137200140,2015-03-25,test
2429,5026900160,2015-04-24,test
2430,4024101052,2014-12-17,development
2431,1726069051,2014-05-23,development
2432,6300000693,2014-12-02,development
2433,6413100270,2015-03-31,test
2434,7215420160,2014-07-01,development
2435,7878400135,2014-11-20,development
2436,2597710070,2015-04-02,test
2437,9244900248,2014-07-09,development
2438,0824059277,2014-12-15,development
2439,3278601940,2014-08-06,development
2440,7853250160,2015-02-20,development
2441,1163100070,2014-12-17,development
2442,8106300510,2014-12-29,development
2443,4239400960,2014-12-12,development
2444,7524900003,2014-12-10,development
2445,3893100327,2014-07-23,development
2446,7856640560,2014-06-04,development
2447,7206900075,2014-08-18,development
2448,8691310070,2014-06-18,development
2449,4389200796,2014-05-22,development
2450,7436300160,2014-06-25,development
2451,7896300070,2015-05-01,test
2452,2425059074,2015-04-10,test
2453,2111010340,2014-06-12,development
2454,7852150140,2014-10-07,development
2455,1370800830,2015-05-05,test
2456,7632400400,2015-03-20,test
2457,5220300140,2014-09-03,development
2458,2568200140,2014-06-25,development
2459,1137300340,2014-11-21,development
2460,7640400106,2014-09-11,development
2461,2175100055,2014-12-30,development
2462,9274200990,2014-06-19,development
2463,5028600550,2014-12-29,development
2464,1471630160,2015-04-23,test
2465,9430110030,2015-01-14,development
2466,9275700016,2014-07-06,development
2467,6654700240,2015-04-08,test
2468,8563080270,2014-08-21,development
2469,7548300326,2015-02-20,development
2470,5457300696,2014-06-27,development
2471,1175001125,2014-10-06,development
2472,3034200197,2014-09-03,development
2473,7787400105,2015-03-06,development
2474,9346700270,2015-03-02,development
2475,6414600260,2014-10-30,development
2476,2620069195,2014-11-04,development
2477,1300301840,2015-04-25,test
2478,4358700186,2014-12-11,development
2479,0259600560,2014-08-27,development
2480,2634500070,2015-01-16,development
2481,7186800105,2015-01-12,development
2482,4459800070,2014-07-18,development
2483,3034200370,2014-10-31,development
2484,7887200390,2014-09-26,development
2485,2473390710,2015-04-03,test
2486,2600140370,2014-07-03,development
2487,7525100520,2014-05-02,development
2488,6204200560,2014-07-23,development
2489,5416100160,2015-02-10,development
2490,3905040070,2015-05-04,test
2491,8562900520,2014-06-12,development
2492,4027701182,2014-07-22,development
2493,9407110710,2014-11-07,development
2494,9407110710,2015-02-26,development
2495,5160300030,2015-04-01,test
2496,0001000102,2014-09-16,purged
2497,0001000102,2015-04-22,test
2498,8945300200,2014-08-15,development
2499,7796600070,2014-08-25,development
2500,4443800765,2014-06-10,development
2501,3298720030,2015-04-17,test
2502,1781500435,2014-08-20,development
2503,1781500435,2015-02-25,development
2504,6979970140,2015-04-17,test
2505,1005000036,2014-06-13,development
2506,3629921160,2014-05-08,development
2507,3629910370,2015-04-10,test
2508,5200100105,2014-08-07,development
2509,1024069159,2015-03-13,test
2510,0418000310,2014-05-14,development
2511,0765000060,2014-08-27,development
2512,2126079046,2015-04-07,test
2513,2024079035,2014-06-05,development
2514,7202270830,2014-06-25,development
2515,0133000070,2014-09-16,development
2516,2818600060,2014-09-04,development
2517,6082400083,2015-04-30,test
2518,9412900045,2014-05-19,development
2519,3905030140,2014-06-22,development
2520,7228501580,2015-01-16,development
2521,6679000390,2014-06-10,development
2522,1822500160,2014-12-12,development
2523,6889000060,2014-12-23,development
2524,0835000055,2014-06-20,development
2525,7811210320,2014-08-01,development
2526,3123049320,2015-04-15,test
2527,4123400320,2014-05-05,development
2528,4477000270,2014-08-22,development
2529,3126049094,2014-11-12,development
2530,8682282180,2014-09-23,development
2531,1232000810,2014-09-12,purged
2532,1232000810,2015-03-26,test
2533,8691330310,2014-05-05,development
2534,3996900295,2014-12-14,development
2535,0117000003,2014-09-19,development
2536,1471590060,2014-06-19,development
2537,2558650200,2014-09-16,development
2538,5104531580,2015-04-16,test
2539,6021503570,2014-09-18,development
2540,1862400517,2014-08-13,development
2541,2738650030,2015-05-11,test
2542,5560000710,2015-03-27,test
2543,7215410320,2015-03-11,test
2544,3971700510,2015-01-29,development
2545,7202330270,2015-03-03,development
2546,9542830160,2014-12-18,development
2547,3630120960,2014-07-18,development
2548,3622059155,2014-05-23,development
2549,1687000240,2014-12-10,development
2550,4322300340,2015-01-12,development
2551,3797000830,2014-05-30,development
2552,4137060270,2015-01-05,development
2553,7277100640,2015-04-09,test
2554,1312920060,2014-12-12,development
2555,1472330030,2015-03-24,test
2556,2973800030,2014-07-21,development
2557,5152920070,2014-07-31,development
2558,2021200058,2015-04-23,test
2559,9828202255,2014-09-22,development
2560,2126059276,2014-11-26,development
2561,7796450340,2014-12-05,development
2562,1449000260,2014-11-12,development
2563,8722100570,2015-04-03,test
2564,7856400240,2014-06-27,development
2565,7856400240,2015-02-11,development
2566,3037200060,2014-09-26,development
2567,6071700160,2014-06-23,development
2568,7645900055,2014-06-24,development
2569,0292000070,2015-04-06,test
2570,9510900710,2014-05-13,development
2571,1471620240,2014-05-16,development
2572,1626079012,2015-02-25,development
2573,3904901670,2014-06-20,development
2574,8927600070,2015-01-13,development
2575,3629970240,2014-11-03,development
2576,1099610260,2014-08-26,development
2577,5420300270,2014-08-13,development
2578,2954400520,2015-04-30,test
2579,1121059105,2014-07-08,development
2580,2591720070,2014-05-02,development
2581,9178600055,2015-05-05,test
2582,9290850800,2014-12-02,development
2583,5040800060,2015-02-04,development
2584,1437900350,2014-10-27,development
2585,1328300810,2015-03-30,test
2586,3990200125,2014-07-11,development
2587,7452500340,2014-12-04,development
2588,9215400075,2015-04-22,test
2589,5061300030,2014-05-08,development
2590,3362900696,2014-10-20,development
2591,2558640340,2014-05-27,development
2592,8078460810,2014-12-10,development
2593,0538000390,2014-10-28,development
2594,3584900160,2014-09-22,development
2595,8572900135,2014-05-23,development
2596,8056000075,2014-05-21,development
2597,2972300140,2014-08-21,development
2598,7697870350,2014-06-17,development
2599,7972601710,2015-04-15,test
2600,6421100342,2014-08-11,development
2601,2464400340,2014-06-25,development
2602,8113101232,2014-12-02,development
2603,5706500140,2014-08-18,development
2604,1024069037,2014-09-15,development
2605,9476700135,2015-03-19,test
2606,1926069035,2014-07-22,development
2607,3904990030,2014-07-09,development
2608,7132300550,2015-02-24,development
2609,2193340140,2014-08-14,development
2610,1422300160,2014-06-24,development
2611,2946000751,2014-07-24,development
2612,1796250140,2015-03-10,test
2613,6699001200,2015-05-07,test
2614,7525300310,2014-06-19,development
2615,5700000340,2015-04-27,test
2616,3210400340,2014-05-06,development
2617,0179003055,2014-11-13,development
2618,9829200566,2014-06-30,development
2619,1723059050,2014-06-11,development
2620,2624059036,2014-10-03,development
2621,5101406441,2015-04-16,test
2622,8582010240,2014-05-06,development
2623,6300500505,2014-07-14,development
2624,3275890310,2015-02-12,development
2625,7715801040,2015-02-21,development
2626,7738500731,2014-08-15,development
2627,1822079046,2015-05-04,test
2628,1062100075,2015-05-03,test
2629,8825900070,2014-08-18,development
2630,1158700135,2014-08-12,development
2631,7983000200,2014-10-05,development
2632,7983000200,2015-02-25,development
2633,1727510030,2015-03-12,test
2634,3286800370,2015-02-06,development
2635,6791400320,2014-09-23,development
2636,3992700036,2014-06-26,development
2637,1175000059,2014-10-10,development
2638,8732000390,2014-05-29,development
2639,1441800030,2014-07-06,development
2640,4045800030,2015-05-11,test
2641,1727850340,2014-09-29,development
2642,2268000370,2014-07-08,development
2643,2023049350,2015-04-10,test
2644,7018000560,2015-04-20,test
2645,4147200140,2014-08-21,development
2646,3176600055,2014-07-17,development
2647,7518500885,2014-05-19,development
2648,7504020810,2014-10-20,development
2649,3276930370,2014-07-08,development
2650,1687000200,2015-04-10,test
2651,7501000340,2014-08-18,development
2652,7611200136,2014-07-23,development
2653,5459500125,2014-08-05,development
2654,0825059271,2014-09-10,development
2655,9465200181,2015-04-28,test
2656,5469502860,2015-01-07,development
2657,0486000565,2014-05-15,development
2658,6071900070,2014-06-22,development
2659,7957600075,2015-04-06,test
2660,0823069074,2014-12-23,development
2661,2366800055,2014-12-03,development
2662,7272001805,2015-03-09,development
2663,3582700070,2014-12-05,development
2664,2402100055,2014-07-16,development
2665,5146000070,2014-12-04,development
2666,2607760890,2014-06-03,development
2667,9274200316,2015-04-09,test
2668,4139500200,2015-03-05,development
2669,3021059155,2014-12-12,development
2670,3580900160,2014-10-10,development
2671,3876000350,2015-02-24,development
2672,3959400400,2014-07-09,development
2673,8079100700,2015-03-18,test
2674,9407001610,2014-07-15,development
2675,8700120270,2014-12-10,development
2676,3204300860,2014-07-23,development
2677,3204800520,2015-02-25,development
2678,8857320260,2014-11-05,development
2679,6791400800,2015-04-13,test
2680,2768000270,2014-06-25,development
2681,1432400060,2014-05-29,development
2682,2547200240,2014-06-22,development
2683,6441800060,2014-12-09,development
2684,1775800710,2015-01-26,development
2685,7694600253,2014-05-06,development
2686,8910500238,2014-11-06,development
2687,3076500830,2014-10-29,development
2688,1072030510,2014-08-29,development
2689,3888100226,2014-06-30,development
2690,7227501369,2014-06-10,development
2691,3820350070,2014-09-29,development
2692,7616800350,2015-04-12,test
2693,7811210200,2015-04-20,test
2694,6891100260,2014-11-11,development
2695,6076500160,2014-12-23,development
2696,2872100445,2014-06-24,development
2697,3352400004,2015-01-29,development
2698,7942601200,2014-10-01,development
2699,0985001266,2014-12-15,development
2700,2218000390,2014-06-12,development
2701,7231502505,2015-03-12,test
2702,7555220140,2014-09-16,development
2703,7445000105,2014-05-22,development
2704,5583200810,2015-04-02,test
2705,7340600827,2014-05-16,development
2706,7436900045,2014-09-25,development
2707,4027701294,2015-01-29,development
2708,3570000160,2014-07-10,development
2709,9276202190,2014-08-08,development
2710,5016002180,2014-07-08,development
2711,7300000550,2015-04-24,test
2712,6817810310,2014-06-12,development
2713,7851980260,2014-07-30,development
2714,1423400260,2015-04-02,test
2715,3876810140,2014-05-27,development
2716,3276180140,2015-04-24,test
2717,9808590310,2015-04-08,test
2718,0546000045,2015-03-25,test
2719,2595650060,2015-03-24,test
2720,1771110550,2014-12-04,development
2721,5335700030,2014-06-03,development
2722,7203101580,2014-07-24,development
2723,0272000125,2014-08-29,development
2724,2770601741,2014-11-06,development
2725,4250200140,2015-02-19,development
2726,8965400390,2014-09-05,development
2727,5071401000,2014-08-29,development
2728,3760500435,2015-01-14,development
2729,5680000260,2015-05-12,test
2730,9170500060,2014-08-18,development
2731,0795000885,2014-10-01,development
2732,4038600260,2014-09-22,development
2733,4406000560,2015-02-20,development
2734,2260000340,2014-11-15,development
2735,9510310030,2014-07-28,development
2736,4245400045,2014-09-23,development
2737,9371700132,2014-08-06,development
2738,7272001610,2015-03-17,test
2739,1324059139,2014-09-18,development
2740,1552100135,2014-06-09,development
2741,1257200060,2015-03-27,test
2742,2822059350,2014-09-10,development
2743,2781260070,2015-01-08,development
2744,0619000045,2014-09-22,development
2745,8934100125,2014-08-29,development
2746,2472920140,2015-04-03,test
2747,7215730310,2014-07-14,development
2748,7697870310,2014-05-14,development
2749,2795000060,2014-12-22,development
2750,2408600160,2015-02-28,development
2751,7888200240,2015-03-19,test
2752,0151000075,2015-02-06,development
2753,5104530240,2014-07-24,development
2754,4139680070,2014-06-17,development
2755,7852180260,2015-01-29,development
2756,1471610060,2014-07-08,development
2757,3520069033,2014-06-23,development
2758,9268200550,2014-10-10,development
2759,1788700295,2015-03-11,test
2760,7379600240,2014-07-14,development
2761,8691330060,2015-04-07,test
2762,6384500581,2014-06-18,development
2763,6690500070,2014-07-21,development
2764,3205400140,2014-06-30,development
2765,6662410070,2015-04-14,test
2766,1919800260,2014-07-16,development
2767,7283900045,2015-04-28,test
2768,3756100160,2014-09-23,development
2769,3352401981,2014-05-21,development
2770,5315100394,2015-02-18,development
2771,3450300270,2015-04-03,test
2772,2325069117,2014-08-05,development
2773,7199340310,2015-02-18,development
2774,8663260030,2014-11-18,development
2775,9315100030,2014-05-15,development
2776,2190601049,2015-04-29,test
2777,9264930400,2014-10-29,development
2778,2490200055,2014-08-01,development
2779,3830630140,2014-09-24,development
2780,6385260160,2015-03-09,development
2781,5701500030,2014-06-01,development
2782,0859000160,2014-12-03,development
2783,0123039633,2014-09-09,development
2784,3601200465,2015-01-23,development
2785,0106000320,2014-10-31,development
2786,7631200292,2014-06-26,development
2787,2526059046,2015-04-29,test
2788,3416600111,2015-03-23,test
2789,3205500160,2014-12-26,development
2790,0824059331,2014-11-08,development
2791,5347200060,2014-09-09,development
2792,9323610260,2014-08-25,development
2793,8732160240,2014-10-17,development
2794,9808640320,2015-01-02,development
2795,1326069050,2015-05-04,test
2796,1454100267,2015-04-17,test
2797,5021900160,2014-06-18,development
2798,0818100030,2014-12-04,development
2799,0393000045,2014-12-26,development
2800,8091411040,2014-07-01,development
2801,5561200310,2014-06-09,development
2802,3204500340,2014-12-19,development
2803,9222400935,2014-05-23,development
2804,1796350570,2014-05-21,development
2805,2473450200,2015-03-05,development
2806,1387300570,2014-12-01,development
2807,8857640860,2014-09-26,development
2808,5415000240,2015-02-24,development
2809,2591760070,2014-06-03,development
2810,4131500140,2015-02-12,development
2811,7203220370,2015-03-20,test
2812,1651500060,2014-09-29,development
2813,7883600700,2015-01-22,development
2814,0567000755,2014-12-05,development
2815,9294300615,2014-09-18,development
2816,3213200215,2015-01-05,development
2817,9136101776,2014-09-18,development
2818,5035300850,2014-11-10,development
2819,3668001080,2014-09-11,development
2820,5540800100,2015-05-11,test
2821,3679401110,2014-05-30,development
2822,7852130100,2015-03-13,test
2823,9828200147,2015-04-10,test
2824,0826069085,2014-09-03,development
2825,6383900090,2014-09-04,development
2826,8100000090,2014-11-11,development
2827,7805450750,2015-01-20,development
2828,0148000705,2015-03-05,development
2829,1432400490,2015-04-01,test
2830,7974200820,2014-08-21,development
2831,8731951130,2014-06-09,development
2832,7227801955,2014-09-19,development
2833,3558910490,2014-07-31,development
2834,0324059112,2015-03-25,test
2835,2710600025,2014-11-03,development
2836,7582700100,2014-11-11,development
2837,3882300100,2014-12-01,development
2838,3735900590,2014-10-21,development
2839,5153200356,2015-05-12,test
2840,7625702350,2014-05-23,development
2841,2755200090,2014-07-14,development
2842,0626059317,2014-11-20,development
2843,7199360090,2015-03-20,test
2844,8651443480,2015-01-28,development
2845,9359100750,2014-10-31,development
2846,5561400740,2015-02-10,development
2847,1723099031,2014-10-20,development
2848,7236500025,2014-08-29,development
2849,2473411080,2014-06-09,development
2850,1773101335,2014-11-03,development
2851,9126100850,2014-11-20,development
2852,7202331220,2014-07-21,development
2853,5511600245,2015-03-24,test
2854,1344300090,2015-02-17,development
2855,9828702812,2014-09-23,development
2856,3825310820,2014-07-29,development
2857,7852040110,2014-09-08,development
2858,6752500090,2015-01-27,development
2859,3222079162,2014-08-13,development
2860,1025069192,2014-11-05,development
2861,5101404608,2014-12-01,development
2862,9477100490,2015-04-24,test
2863,0324069015,2014-07-08,development
2864,4114601570,2014-11-18,development
2865,7920100025,2015-04-27,test
2866,3275730110,2014-09-08,development
2867,7504030090,2014-06-01,development
2868,8813400405,2014-06-16,development
2869,1313300300,2015-04-07,test
2870,8121610110,2015-03-03,development
2871,1820069019,2014-05-29,development
2872,9406450090,2015-04-08,test
2873,2619950490,2014-07-12,development
2874,1646500785,2014-12-15,development
2875,1868901690,2015-05-05,test
2876,9542400025,2014-09-16,development
2877,2781270090,2015-02-25,development
2878,1665400165,2014-05-07,development
2879,1326069191,2015-02-02,development
2880,0381000110,2014-11-07,development
2881,3530530110,2015-02-17,development
2882,5210200107,2014-11-25,development
2883,1574100025,2014-08-07,development
2884,2523069192,2014-07-08,development
2885,6706600090,2014-05-08,development
2886,1994200031,2014-06-20,development
2887,2523069156,2014-12-03,development
2888,5029450850,2014-12-04,development
2889,2723069147,2014-09-02,development
2890,3750605349,2015-03-04,development
2891,9285800735,2014-08-12,development
2892,7574000100,2015-04-08,test
2893,9212900100,2015-04-23,test
2894,8651611130,2014-06-05,development
2895,0423059184,2014-12-01,development
2896,5451200600,2014-06-02,development
2897,6300000378,2015-03-03,development
2898,2570300090,2014-11-26,development
2899,9808100100,2015-02-02,development
2900,4019300906,2014-07-24,development
2901,1023059223,2014-07-25,development
2902,9320700090,2014-09-11,development
2903,5700002460,2014-07-25,development
2904,7598100735,2014-08-29,development
2905,2202500110,2014-08-05,development
2906,0726059395,2014-09-23,development
2907,1455600015,2014-12-12,development
2908,9528101224,2014-10-07,development
2909,6713100031,2015-02-11,development
2910,8677900123,2014-06-12,development
2911,4302201130,2014-05-08,development
2912,1310800090,2014-10-07,development
2913,6117502727,2014-09-02,development
2914,9324800110,2014-07-28,development
2915,8965000110,2014-11-14,development
2916,5700001055,2014-09-15,development
2917,0049500090,2014-12-05,development
2918,3812400657,2014-12-04,development
2919,2725069162,2014-08-15,development
2920,4232400110,2014-11-11,development
2921,9521100586,2014-05-24,development
2922,7215721570,2015-05-05,test
2923,3834000805,2014-07-10,development
2924,2274000026,2014-11-01,development
2925,5103300090,2014-08-01,development
2926,9558200025,2014-07-30,development
2927,8649401270,2015-04-30,test
2928,0686200740,2014-10-20,development
2929,7658600025,2014-07-09,development
2930,3702900165,2014-11-04,development
2931,7977201240,2015-03-11,test
2932,8651410090,2015-05-08,test
2933,3750603732,2015-01-28,development
2934,1023059429,2015-01-22,development
2935,2412100025,2014-06-06,development
2936,0203600600,2015-03-10,test
2937,2021069059,2014-06-26,development
2938,7227501645,2014-06-03,development
2939,4310702787,2014-07-17,development
2940,1494300110,2014-06-03,development
2941,1950900245,2014-12-26,development
2942,3512100110,2014-09-02,development
2943,8732750100,2014-05-25,development
2944,1332000110,2014-07-25,development
2945,2768100690,2015-04-23,test
2946,7525410090,2014-07-08,development
2947,9558800025,2015-04-29,test
2948,2788400315,2014-09-22,development
2949,7128300855,2014-10-14,development
2950,7655900038,2015-04-14,test
2951,7923500090,2014-10-20,development
2952,3339900096,2014-12-10,development
2953,5214500690,2014-09-04,development
2954,4045900147,2014-08-01,development
2955,6450302900,2014-10-06,development
2956,2597460090,2015-03-16,test
2957,2770601595,2015-03-20,test
2958,4188000490,2014-09-22,development
2959,1324079085,2015-05-04,test
2960,1720069006,2014-08-12,development
2961,1947300115,2014-06-19,development
2962,5490700100,2014-12-08,development
2963,7278100690,2014-09-18,development
2964,2322029048,2014-11-19,development
2965,6821102100,2015-03-17,test
2966,3176100110,2014-05-06,development
2967,2188200785,2014-09-12,development
2968,1446801030,2014-08-22,development
2969,8965520100,2014-10-08,development
2970,3649100586,2014-08-29,development
2971,7283900153,2015-04-07,test
2972,1036100100,2014-07-02,development
2973,3278602670,2014-09-30,development
2974,3625049014,2014-08-29,development
2975,7276100165,2014-09-16,development
2976,9136103130,2014-12-01,purged
2977,9136103130,2015-05-12,test
2978,1193000025,2014-09-03,development
2979,2744000100,2014-06-25,development
2980,3744600028,2014-11-21,development
2981,3679400025,2014-08-12,development
2982,9545260100,2014-06-25,development
2983,0375000165,2014-07-23,development
2984,4003000053,2014-08-13,development
2985,7855600820,2014-09-04,development
2986,3860400100,2014-11-21,development
2987,0121059147,2014-11-04,development
2988,0825079019,2014-12-03,development
2989,0123039313,2015-04-10,test
2990,7784000110,2014-07-22,development
2991,8835220090,2014-08-07,development
2992,6381501636,2014-08-20,development
2993,1370804446,2015-02-10,development
2994,9828701871,2015-02-12,development
2995,3396200090,2014-05-20,development
2996,1463400047,2014-08-22,development
2997,8825900855,2014-10-14,development
2998,7147600245,2014-06-27,development
2999,5071400485,2014-08-07,development
3000,8732040090,2015-05-06,test
3001,8082400100,2014-08-25,development
3002,0546000930,2014-06-30,development
3003,1665400025,2014-10-28,development
3004,9187200245,2014-12-31,development
3005,2123700015,2015-05-12,test
3006,8682291730,2014-05-13,development
3007,5318100504,2014-07-28,development
3008,9297800165,2014-12-11,development
3009,1342300265,2014-10-01,development
3010,2212901130,2014-11-03,development
3011,8122100690,2014-06-23,development
3012,0148000375,2014-06-19,development
3013,3423049209,2015-03-18,test
3014,0016000015,2015-04-17,test
3015,4035900015,2014-06-19,development
3016,8563010300,2014-11-26,development
3017,3396200300,2015-03-31,test
3018,2291401425,2014-09-10,development
3019,7454000110,2015-01-27,development
3020,3377900195,2014-09-29,development
3021,3824100082,2015-04-01,test
3022,3751604169,2015-02-24,development
3023,6431500283,2014-11-17,development
3024,6647400090,2014-07-02,development
3025,7387500195,2015-02-27,development
3026,3342101785,2014-05-23,development
3027,9320600090,2015-01-27,development
3028,8901001185,2014-10-07,development
3029,0825069097,2014-06-19,development
3030,7745000090,2014-05-09,development
3031,1771110090,2014-08-20,development
3032,7888100090,2014-09-25,development
3033,5083000375,2014-10-27,purged
3034,5083000375,2015-03-19,test
3035,1329000090,2014-12-19,development
3036,8143000600,2014-09-18,development
3037,2144800215,2014-05-19,development
3038,9268200658,2014-06-04,development
3039,5452301785,2015-02-18,development
3040,1137500090,2014-08-14,development
3041,6117500025,2015-02-17,development
3042,2326079039,2015-02-11,development
3043,7595700025,2014-07-25,development
3044,4443800110,2014-07-25,development
3045,5101405265,2014-09-11,development
3046,9206200110,2015-03-10,test
3047,2205700405,2014-07-08,development
3048,7852020300,2015-03-13,test
3049,5559200051,2015-01-06,development
3050,2826049165,2015-02-26,development
3051,2675600028,2015-02-26,development
3052,0259801110,2014-08-28,development
3053,1150001270,2014-07-24,development
3054,7130300690,2014-10-28,development
3055,2652500015,2014-06-10,development
3056,3693901801,2015-05-05,test
3057,8092501240,2014-07-01,development
3058,9552701030,2014-05-22,development
3059,9477101280,2014-12-30,development
3060,7462900015,2015-01-08,development
3061,6744700302,2014-06-20,development
3062,3163600015,2015-01-28,development
3063,6896300375,2014-05-05,development
3064,7419700015,2014-09-19,development
3065,4473400195,2014-07-16,development
3066,9358001566,2015-02-13,development
3067,6145600900,2015-05-13,test
3068,1865000110,2014-09-29,development
3069,8698100115,2015-04-07,test
3070,1454600038,2015-03-23,test
3071,5652601425,2015-04-23,test
3072,6381500690,2014-07-16,development
3073,1778500015,2014-10-16,development
3074,6021500245,2014-09-10,development
3075,2926049382,2014-12-08,development
3076,1692900110,2015-03-20,test
3077,8651401270,2015-05-04,test
3078,3332500265,2014-08-07,development
3079,4027700853,2015-04-28,test
3080,7301300215,2015-03-18,test
3081,7663700792,2014-07-24,development
3082,2919702235,2014-05-28,development
3083,5476200123,2014-07-10,development
3084,3797002585,2014-07-09,development
3085,8864000735,2014-07-09,development
3086,1193000115,2015-04-29,test
3087,7334501240,2014-05-19,development
3088,7885801460,2015-01-06,development
3089,1823099076,2014-08-20,development
3090,8900000110,2014-09-22,development
3091,0251620110,2014-07-02,development
3092,0221049191,2015-04-28,test
3093,9264950940,2014-08-05,development
3094,8820902540,2014-11-14,development
3095,3438500625,2014-05-19,development
3096,7452500315,2014-12-20,development
3097,8945200750,2015-04-30,test
3098,2599001240,2014-05-27,development
3099,5360200054,2014-10-02,development
3100,0622069006,2014-08-20,development
3101,0084000245,2014-11-20,development
3102,5605000590,2014-12-15,development
3103,6613000015,2014-12-23,development
3104,5151600195,2015-05-04,test
3105,7308900490,2014-07-14,development
3106,2222900082,2014-05-13,development
3107,3574801720,2014-10-22,development
3108,1721801591,2015-02-19,development
3109,2641800015,2014-11-24,development
3110,7625703885,2014-09-17,development
3111,3751600176,2015-03-06,development
3112,5035300750,2014-07-31,development
3113,9510970300,2014-09-23,development
3114,9286100300,2014-08-01,development
3115,4047200850,2015-04-02,test
3116,4019300195,2015-01-24,development
3117,7891600590,2015-04-07,test
3118,5249802424,2015-04-17,test
3119,3918400017,2015-02-05,development
3120,9209900315,2014-08-11,development
3121,7237500590,2014-11-17,development
3122,3271800850,2014-08-06,development
3123,1023059511,2014-10-20,development
3124,4109600195,2014-07-18,development
3125,5100401468,2014-07-15,development
3126,1926069137,2014-07-07,development
3127,3828000405,2015-01-16,development
3128,7773800015,2015-04-16,test
3129,1084000107,2014-12-02,development
3130,7832800015,2015-02-26,development
3131,9829200590,2014-10-28,development
3132,8127700820,2014-12-11,development
3133,9547202265,2015-04-27,test
3134,7663700261,2014-10-08,development
3135,1445200110,2015-04-21,test
3136,1023059313,2015-02-05,development
3137,0170000215,2015-03-24,test
3138,7550801220,2015-02-27,development
3139,7518501390,2014-06-17,development
3140,9407102460,2015-03-23,test
3141,8567300110,2014-06-04,development
3142,5029450110,2015-03-27,test
3143,7915100490,2014-08-12,development
3144,0114101500,2015-04-17,test
3145,9274201807,2014-08-20,development
3146,7893206095,2014-07-16,development
3147,2770602265,2015-02-24,development
3148,5418200245,2015-03-30,test
3149,7228502150,2014-10-23,development
3150,7972601030,2015-04-20,test
3151,7853270940,2014-09-05,development
3152,5561401220,2014-07-07,development
3153,1336800015,2014-05-21,development
3154,8944750850,2014-05-21,development
3155,3362400590,2015-02-19,development
3156,6821100195,2015-03-31,test
3157,1827200265,2014-09-11,development
3158,5100401429,2014-10-09,development
3159,6116500028,2015-05-03,test
3160,2759800110,2014-10-31,development
3161,0579000096,2014-10-10,development
3162,9169600096,2014-08-01,development
3163,1226059112,2015-02-20,development
3164,6021503830,2014-06-20,development
3165,3824100291,2014-09-16,development
3166,9264921030,2015-04-06,test
3167,8073000495,2014-10-10,development
3168,7129304105,2014-07-29,development
3169,0525049085,2014-09-18,development
3170,6117500785,2014-07-22,development
3171,6115400008,2015-02-26,development
3172,4024101545,2014-09-22,development
3173,8651511220,2014-12-17,development
3174,5561301280,2014-05-05,development
3175,3629800100,2014-10-28,development
3176,6141100750,2014-10-08,development
3177,2770605065,2014-11-18,development
3178,2517100490,2014-12-05,development
3179,4083801785,2015-03-13,test
3180,4318200405,2014-06-20,development
3181,2329810590,2014-08-06,development
3182,2768301214,2014-12-11,development
3183,1931301105,2014-07-17,development
3184,3343903640,2015-03-13,test
3185,8813400245,2015-02-27,development
3186,3521049048,2014-08-11,development
3187,1118001645,2015-01-30,development
3188,2968801105,2015-03-04,development
3189,3524039209,2014-05-06,development
3190,0952003480,2014-11-17,development
3191,2877102670,2014-07-07,development
3192,5014000100,2014-09-24,development
3193,7399301050,2015-01-27,development
3194,6979940100,2015-01-29,development
3195,8731982840,2014-08-26,development
3196,6909200037,2014-08-15,development
3197,1160000115,2015-03-04,development
3198,7893207665,2015-01-28,development
3199,8024201270,2014-07-22,development
3200,0003800008,2015-02-24,development
3201,6788200931,2014-05-20,development
3202,0723049596,2014-05-09,development
3203,7214711270,2014-12-04,development
3204,4136980090,2015-04-07,test
3205,9278200131,2014-08-04,development
3206,4046600750,2015-04-14,test
3207,9510970090,2014-11-21,development
3208,2594200375,2015-03-30,test
3209,1125069064,2015-03-31,test
3210,0117000100,2015-03-19,test
3211,9212900820,2014-08-28,development
3212,3959400855,2014-08-20,development
3213,2028700265,2015-01-15,development
3214,3041700090,2014-11-11,development
3215,0868001295,2014-10-29,development
3216,7853270740,2014-09-17,development
3217,5416500090,2014-07-24,development
3218,3574801110,2014-11-25,development
3219,0624110930,2014-07-24,development
3220,5335700110,2014-07-25,development
3221,1176000964,2015-04-22,test
3222,7334602070,2014-08-04,development
3223,2420069251,2015-02-25,development
3224,7885800740,2015-02-18,development
3225,8082400076,2014-11-18,development
3226,1310980110,2014-07-17,development
3227,2354300740,2015-03-03,development
3228,3023049236,2014-09-16,development
3229,9808700405,2014-06-04,development
3230,2877102345,2014-10-27,development
3231,1924069058,2014-10-10,development
3232,9269260100,2014-12-16,development
3233,2877104265,2015-04-15,test
3234,3123039089,2014-07-15,development
3235,8576400110,2015-03-17,test
3236,7660600131,2014-10-20,development
3237,2296500131,2014-12-16,development
3238,1761300850,2014-12-17,development
3239,6083000037,2014-06-13,development
3240,5259800090,2015-04-27,test
3241,2968801366,2015-02-24,development
3242,2126059172,2015-05-06,test
3243,7334501250,2014-09-09,development
3244,1545805490,2014-10-06,development
3245,7518500855,2015-05-04,test
3246,4171200025,2015-03-27,test
3247,9818700215,2015-03-30,test
3248,0798000535,2014-06-25,development
3249,3900100265,2015-01-29,development
3250,1951100110,2015-02-05,development
3251,7215420590,2015-05-04,test
3252,3343301910,2014-10-20,development
3253,9828702095,2014-09-25,development
3254,2917200645,2015-05-11,test
3255,6163900501,2014-10-21,development
3256,0540100057,2015-04-28,test
3257,2652500300,2014-06-03,development
3258,1330300300,2015-04-15,test
3259,1137301780,2014-11-26,development
3260,9842300485,2015-03-11,test
3261,7224000315,2014-07-23,development
3262,6161000015,2014-05-15,development
3263,5207200195,2014-07-01,development
3264,9191201790,2014-10-31,development
3265,8731902680,2014-11-20,development
3266,9448300115,2014-12-05,development
3267,4045500625,2014-08-22,development
3268,5603700025,2014-10-07,development
3269,1266200015,2015-01-27,development
3270,0952003350,2015-02-04,development
3271,2386000300,2014-12-02,development
3272,3625059143,2014-09-03,development
3273,8651500850,2015-03-17,test
3274,3359500110,2014-06-24,development
3275,0818500490,2014-10-09,development
3276,3876311390,2015-01-20,development
3277,8085400490,2014-08-01,development
3278,2355010090,2014-12-07,development
3279,9550200265,2014-08-18,development
3280,8818400490,2014-06-11,development
3281,8964800025,2015-02-26,development
3282,2125059112,2015-03-26,test
3283,2028700535,2015-02-25,development
3284,4309710100,2014-06-20,development
3285,4364700805,2014-10-15,development
3286,3356407665,2014-09-24,development
3287,9238900855,2015-03-13,test
3288,1086100100,2014-08-11,development
3289,6121000110,2014-06-03,development
3290,8700100100,2014-08-19,development
3291,9417400215,2014-07-31,development
3292,7701961030,2015-01-29,development
3293,2149800148,2014-05-14,development
3294,0686450490,2014-09-29,development
3295,9413400165,2014-06-24,development
3296,0104550690,2014-07-25,development
3297,1995200245,2014-06-06,development
3298,7409700215,2014-06-06,purged
3299,7409700215,2015-03-13,test
3300,1337800855,2015-05-12,test
3301,7015200615,2014-05-29,development
3302,8805400090,2014-05-13,development
3303,2391602350,2015-02-13,development
3304,0844001140,2014-10-28,development
3305,5210200131,2014-06-30,development
3306,6893300110,2014-11-13,development
3307,1796351080,2014-07-18,development
3308,1938400300,2014-07-08,development
3309,2877101340,2015-03-18,test
3310,6084200100,2014-08-01,development
3311,7977201910,2015-04-14,test
3312,6638900115,2015-03-31,test
3313,2587920110,2015-02-17,development
3314,3438500714,2014-05-06,development
3315,0726049184,2014-07-21,development
3316,2787720300,2015-03-19,test
3317,2821049048,2014-06-03,development
3318,3904901450,2014-11-20,development
3319,9829200495,2015-03-25,test
3320,1523089097,2015-03-04,development
3321,2724200705,2014-12-12,development
3322,8122600245,2014-09-25,development
3323,1323089184,2014-05-02,development
3324,2600300110,2014-12-02,development
3325,9485951030,2014-09-24,development
3326,4021700025,2014-06-10,development
3327,2473250850,2014-07-16,development
3328,9828702310,2014-06-11,development
3329,7523700245,2014-10-15,development
3330,1765100025,2015-02-02,development
3331,2011400405,2014-08-31,development
3332,3410600015,2015-04-06,test
3333,3276050110,2014-10-10,development
3334,7792000025,2015-02-11,development
3335,2810600015,2015-04-27,test
3336,8081900011,2014-09-16,development
3337,0104550740,2014-12-01,development
3338,1959701745,2014-11-07,development
3339,8078520090,2014-05-14,development
3340,6403510090,2014-11-11,development
3341,2326300090,2014-06-04,development
3342,8078380090,2015-03-11,test
3343,7132300042,2014-10-28,development
3344,3861470110,2014-06-23,development
3345,2734101055,2014-10-01,development
3346,4039701080,2014-06-25,development
3347,0464000600,2014-08-27,development
3348,5437400100,2015-03-31,test
3349,1423089055,2014-06-13,development
3350,6713700100,2014-09-07,development
3351,0339600110,2014-09-23,development
3352,5021900090,2015-03-06,development
3353,6099400053,2014-05-29,development
3354,7518508625,2015-04-16,test
3355,8143000490,2015-01-12,development
3356,3260000300,2014-11-18,development
3357,5742600090,2015-04-25,test
3358,7212650850,2015-04-27,test
3359,9158800090,2014-07-03,development
3360,7820000038,2014-11-14,development
3361,7135300026,2014-12-24,development
3362,8562700300,2014-07-08,development
3363,6114400028,2014-06-18,development
3364,3793501130,2015-03-16,test
3365,6052400625,2015-03-26,test
3366,2560805630,2014-09-23,development
3367,9558020600,2015-04-07,test
3368,9136101335,2014-05-15,development
3369,9407101380,2014-12-30,development
3370,8901500178,2014-10-30,development
3371,9551201250,2014-09-02,development
3372,3544400236,2014-07-07,development
3373,7215730090,2014-06-09,development
3374,8682291390,2015-04-03,test
3375,1770000490,2014-05-22,development
3376,2935400100,2014-05-22,development
3377,7686205020,2015-03-12,test
3378,3629921240,2014-07-28,development
3379,1775801340,2014-06-06,development
3380,3574801780,2014-05-05,development
3381,7854800090,2014-11-07,development
3382,4054530090,2015-04-29,test
3383,8807900236,2014-12-19,development
3384,1118001408,2014-11-24,development
3385,9290850740,2014-06-18,development
3386,3025059089,2015-05-05,test
3387,0923000265,2014-08-06,development
3388,8901001335,2014-11-03,development
3389,1523059066,2015-02-19,development
3390,5249801785,2014-12-05,development
3391,2190601055,2014-06-24,development
3392,1917300025,2015-01-27,development
3393,3797000300,2014-08-08,development
3394,5332200026,2014-05-08,development
3395,3278602760,2015-02-03,development
3396,2721049059,2014-05-28,development
3397,2172000750,2014-05-27,development
3398,1022069058,2014-10-09,development
3399,0249000115,2014-08-28,development
3400,7214710300,2014-07-16,development
3401,0192450300,2014-09-19,development
3402,3356403820,2014-12-05,development
3403,8075400100,2014-12-31,development
3404,1982200245,2015-01-27,development
3405,7905200037,2014-11-19,development
3406,2597531030,2014-08-26,development
3407,5318100645,2014-05-27,development
3408,7504400850,2014-05-21,development
3409,1761300110,2014-07-02,development
3410,9390700100,2014-09-10,development
3411,7518503200,2014-07-01,development
3412,3971700940,2014-09-30,development
3413,1446403835,2014-11-03,development
3414,9183702251,2014-12-11,development
3415,5589900590,2014-05-05,development
3416,7227501745,2015-03-25,test
3417,2473350930,2014-06-09,development
3418,6450303820,2014-09-30,development
3419,5469000100,2014-08-06,development
3420,8679600100,2015-01-30,development
3421,0638100015,2015-03-12,test
3422,3241600015,2015-03-05,development
3423,6411600026,2014-10-03,development
3424,3179101050,2014-08-04,development
3425,5363200266,2014-06-23,development
3426,7518502490,2014-12-29,development
3427,7732400490,2014-11-05,development
3428,5416510110,2014-06-05,development
3429,8604900017,2014-10-08,development
3430,0808300490,2015-05-05,test
3431,6855700115,2014-06-26,development
3432,9325800110,2014-10-30,development
3433,8121100015,2015-05-05,test
3434,8568700015,2015-04-23,test
3435,6399600115,2014-10-15,development
3436,5651010300,2014-08-21,development
3437,3423049311,2014-10-17,development
3438,7000100711,2014-06-21,development
3439,5482700115,2014-10-20,development
3440,9349900110,2015-02-17,development
3441,9328510100,2014-09-11,development
3442,6300500475,2014-09-02,development
3443,7849200315,2015-02-05,development
3444,7813200115,2014-09-04,development
3445,2851200100,2014-07-01,development
3446,2823059055,2015-03-29,test
3447,7853301560,2014-06-25,development
3448,9477001280,2014-05-06,development
3449,7905200147,2014-11-04,development
3450,6190701110,2015-04-20,test
3451,0871001500,2014-06-23,development
3452,2559950110,2015-04-22,test
3453,3693900245,2014-07-07,development
3454,1023089140,2015-01-06,development
3455,3026059085,2015-03-17,test
3456,3575302345,2014-12-08,development
3457,1568100076,2014-12-10,development
3458,6600400090,2015-01-13,development
3459,5451200110,2014-12-04,development
3460,3204300090,2014-11-10,development
3461,3023039066,2015-03-23,test
3462,3824100246,2014-10-21,development
3463,7768700315,2014-06-30,development
3464,4154305290,2014-11-20,development
3465,0621069113,2014-12-18,development
3466,1523059201,2015-02-17,development
3467,1453602309,2014-08-05,development
3468,7518504291,2014-12-15,development
3469,4058801240,2014-10-28,development
3470,2313900165,2014-07-30,development
3471,2122059206,2014-05-13,development
3472,9282801720,2015-03-19,test
3473,9542840590,2014-06-02,development
3474,2493200015,2014-06-20,development
3475,9550202870,2015-02-09,development
3476,0098000750,2014-10-21,development
3477,7504010900,2014-09-26,development
3478,1370803820,2014-06-02,development
3479,1446401220,2014-10-09,development
3480,0868000615,2014-12-31,development
3481,6625910100,2015-02-03,development
3482,3629870110,2015-04-22,test
3483,8651400750,2014-10-28,development
3484,0925069111,2015-05-07,test
3485,3352402250,2014-10-21,development
3486,4168000110,2014-08-26,development
3487,5647900930,2014-12-15,development
3488,2523039278,2014-06-24,development
3489,6149700405,2014-12-22,development
3490,0203100690,2015-04-25,test
3491,4410600100,2014-12-04,development
3492,3223059303,2015-01-16,development
3493,0522069097,2014-11-25,development
3494,2023069059,2014-10-30,development
3495,7987400356,2014-05-12,development
3496,0461005360,2014-11-07,development
3497,0461004195,2014-11-04,development
3498,9547204350,2014-05-19,development
3499,2331300025,2015-03-11,test
3500,2288000090,2015-04-29,test
3501,5525400300,2014-05-21,development
3502,9523103001,2014-10-13,development
3503,5249802460,2014-12-10,development
3504,7000100850,2014-09-26,development
3505,9477000300,2014-07-28,development
3506,8121100265,2014-05-21,development
3507,2817100900,2014-05-19,development
3508,3578700017,2015-01-23,development
3509,7550800195,2014-07-30,development
3510,3449900090,2015-04-10,test
3511,9232900165,2015-01-23,development
3512,1137300900,2014-06-05,development
3513,2617370090,2014-10-19,development
3514,5452301800,2014-07-22,development
3515,6648760100,2014-07-11,development
3516,0798000337,2014-07-31,development
3517,1737300110,2014-08-26,development
3518,2817800100,2014-07-01,development
3519,5700003640,2014-05-19,development
3520,0824069156,2015-04-29,test
3521,1997200165,2014-09-16,development
3522,4083301645,2014-10-24,development
3523,3880900245,2015-02-02,development
3524,1322059002,2015-03-19,test
3525,2426039313,2015-02-18,development
3526,6448000090,2014-05-12,development
3527,8005100025,2014-09-19,development
3528,2891000750,2014-08-21,development
3529,5456000110,2015-04-16,test
3530,5393601050,2014-05-09,development
3531,2979801095,2014-12-09,development
3532,6840701095,2015-04-03,test
3533,2221000100,2014-05-07,development
3534,5070000100,2014-07-11,development
3535,3793501450,2014-09-10,development
3536,0321079066,2015-04-23,test
3537,2026049125,2015-05-01,test
3538,1844500025,2015-03-25,test
3539,3541600405,2015-01-27,development
3540,1823049202,2014-06-10,development
3541,1823049202,2015-01-07,development
3542,1563100705,2014-09-12,development
3543,7968200090,2014-08-19,development
3544,5379802816,2015-02-24,development
3545,3340401570,2014-07-03,development
3546,7300700056,2014-10-29,development
3547,1257201130,2014-10-01,development
3548,7526400100,2014-08-26,development
3549,7504400750,2015-01-05,development
3550,1525059112,2014-10-18,development
3551,7300410300,2014-11-06,development
3552,1326039039,2014-07-29,development
3553,8100400110,2014-07-08,development
3554,6385900090,2014-11-03,development
3555,7229000025,2014-07-07,development
3556,6145602355,2015-02-25,development
3557,0003600057,2015-03-19,test
3558,4040200490,2014-08-20,development
3559,2919201095,2015-03-27,test
3560,5248800625,2015-03-16,test
3561,1257201295,2014-07-08,development
3562,3342700371,2014-06-09,development
3563,1724079013,2014-07-18,development
3564,2770606822,2014-08-20,development
3565,5706201930,2015-02-17,development
3566,8731800300,2014-07-23,development
3567,3751600457,2014-08-13,development
3568,9169100214,2014-05-14,development
3569,0809000820,2014-05-22,development
3570,9460000110,2014-09-24,development
3571,7888780090,2014-11-21,development
3572,2423059067,2014-12-19,development
3573,1331900110,2014-10-08,development
3574,6600490300,2015-01-26,development
3575,6042000090,2014-10-02,development
3576,7846700850,2014-07-01,development
3577,5381600110,2014-06-18,development
3578,3459100300,2014-06-17,development
3579,8151600590,2015-03-12,test
3580,7936000252,2015-05-11,test
3581,2825059256,2014-09-26,development
3582,1925069006,2014-12-03,development
3583,1274500300,2014-06-23,development
3584,7129304085,2014-07-08,development
3585,0104540820,2014-08-12,development
3586,9272200090,2015-02-04,development
3587,1787600164,2014-07-23,development
3588,8127700215,2015-04-09,test
3589,7348200115,2014-06-19,development
3590,7752200100,2014-09-30,development
3591,3904901570,2015-03-20,test
3592,1238501116,2015-01-23,development
3593,9392500100,2014-07-23,development
3594,7857003465,2014-06-05,development
3595,4038700930,2014-11-13,development
3596,6979920090,2014-06-26,development
3597,1515920090,2014-09-19,development
3598,2473100090,2014-12-02,development
3599,6402700100,2014-10-07,development
3600,0104530490,2014-05-16,development
3601,2487200940,2014-08-14,development
3602,6132600315,2014-08-27,development
3603,6848200475,2014-11-26,development
3604,2141310490,2015-01-02,development
3605,7571200110,2014-07-28,development
3606,5072300100,2014-07-18,development
3607,3342103148,2015-02-13,development
3608,1770000090,2015-04-07,test
3609,8658303585,2014-08-07,development
3610,1115400090,2014-08-21,development
3611,4400800061,2014-07-25,development
3612,4137000590,2014-07-17,development
3613,0809000945,2015-01-06,development
3614,4397000100,2015-03-24,test
3615,3426049031,2014-06-17,development
3616,4310702775,2015-02-03,development
3617,8965450110,2014-09-12,development
3618,2887700805,2014-10-22,development
3619,1446401460,2015-04-22,test
3620,0225039175,2014-05-13,development
3621,1151100165,2014-07-16,development
3622,4330600301,2014-07-18,development
3623,2767602141,2014-09-05,development
3624,2767602141,2014-12-22,development
3625,2223089048,2014-06-25,development
3626,3693900985,2014-05-29,development
3627,3574801790,2014-08-07,development
3628,2568800121,2014-09-11,development
3629,5249804560,2014-08-18,development
3630,7811100100,2014-09-18,development
3631,6116500300,2014-09-10,development
3632,2489200165,2014-08-07,development
3633,0425079100,2014-12-31,development
3634,1828001220,2014-10-07,development
3635,5602000025,2015-02-26,development
3636,0191101015,2014-12-11,development
3637,4249000100,2015-04-14,test
3638,7877400266,2015-04-07,test
3639,7657000165,2014-07-30,development
3640,4302200535,2014-05-06,development
3641,0369000881,2014-09-05,development
3642,7527200110,2015-02-18,development
3643,1561600025,2014-06-03,development
3644,2813100100,2014-07-14,development
3645,3179100755,2015-03-30,test
3646,1422700110,2014-07-03,development
3647,1075100090,2014-09-24,development
3648,7338402690,2015-04-01,test
3649,5451210100,2015-04-23,test
3650,7523900300,2015-04-07,test
3651,7237300090,2015-04-02,test
3652,4083303815,2015-04-21,test
3653,6117501015,2014-06-06,development
3654,6700390100,2015-03-18,test
3655,7334401450,2014-07-29,development
3656,8588000315,2014-06-24,development
3657,3121500100,2014-09-03,development
3658,0726049202,2015-05-06,test
3659,3629760110,2014-08-21,development
3660,8692800025,2014-05-14,development
3661,4392200165,2014-09-04,development
3662,1023089228,2014-07-17,development
3663,7625702615,2015-01-14,development
3664,8081030090,2014-08-15,development
3665,2201500490,2015-04-06,test
3666,7853250090,2014-09-29,development
3667,7133300044,2014-06-29,development
3668,0293700110,2014-09-26,development
3669,4038100110,2014-07-07,development
3670,7697870600,2014-09-09,development
3671,8847400115,2014-07-23,development
3672,7853240100,2014-09-02,development
3673,0326049058,2015-02-17,development
3674,8732800090,2015-04-24,test
3675,2526059086,2014-07-22,development
3676,2391600165,2014-06-17,development
3677,7225000090,2014-10-17,development
3678,1868901295,2014-07-29,development
3679,6072100490,2014-12-04,development
3680,2522069064,2014-10-27,development
3681,0806800090,2015-05-06,test
3682,7228500375,2015-02-10,development
3683,2891100820,2014-08-25,development
3684,8564850300,2014-09-12,development
3685,3861400061,2015-02-13,development
3686,3343903647,2014-10-28,development
3687,0809002680,2014-10-14,development
3688,5450300195,2015-03-27,test
3689,1231001110,2014-07-22,development
3690,6303401050,2015-02-20,development
3691,1003400245,2014-12-01,development
3692,7468900245,2015-04-20,test
3693,5021900265,2014-07-02,development
3694,8100900015,2014-10-22,development
3695,0573000490,2014-11-24,development
3696,4022900837,2014-06-13,development
3697,0475001295,2014-06-25,development
3698,5256500025,2014-08-27,development
3699,2767601390,2015-03-04,development
3700,6700400110,2014-07-02,development
3701,8860300300,2014-09-02,development
3702,3738900165,2014-10-24,development
3703,1314300018,2015-03-24,test
3704,3992700265,2014-08-04,development
3705,1105000296,2014-12-29,development
3706,1773100121,2014-06-23,development
3707,7585000110,2015-03-26,test
3708,0822069112,2015-04-23,test
3709,5423030300,2014-05-19,development
3710,1387301730,2015-02-02,development
3711,4447300008,2014-09-23,development
3712,6413600123,2014-10-08,development
3713,3288100100,2014-11-20,development
3714,6127600110,2014-05-02,development
3715,3423049165,2015-03-31,test
3716,1233100601,2014-10-24,development
3717,3422059085,2015-03-24,test
3718,9294300600,2015-04-15,test
3719,7282900025,2014-05-06,development
3720,2526059076,2015-02-25,development
3721,5451100490,2015-01-15,development
3722,0126059097,2014-10-23,development
3723,7739100015,2014-05-02,development
3724,9828702251,2014-06-23,development
3725,9558040820,2014-07-09,development
3726,1437580600,2015-03-31,test
3727,5469502460,2014-09-09,development
3728,2919701105,2014-12-09,development
3729,0952003585,2015-02-09,development
3730,3066400750,2015-04-13,test
3731,2607740100,2014-10-29,development
3732,0793200100,2014-12-18,development
3733,6744700900,2015-04-29,test
3734,1828300100,2015-03-30,test
3735,1118000110,2014-05-29,development
3736,9297301015,2015-04-08,test
3737,0585000008,2015-04-13,test
3738,4070700300,2015-05-04,test
3739,3026079031,2014-08-06,development
3740,2781250750,2014-08-28,development
3741,0203100625,2014-05-29,development
3742,0687600110,2014-10-20,development
3743,2473372250,2015-01-21,development
3744,7974700112,2014-07-14,development
3745,2330000015,2014-08-26,development
3746,7230300100,2014-08-26,development
3747,2133010110,2015-05-08,test
3748,4389201250,2014-05-13,development
3749,3383900057,2014-12-03,development
3750,2424410110,2014-06-11,development
3751,3126049436,2014-09-12,development
3752,9238500100,2015-03-18,test
3753,9828700900,2014-05-05,development
3754,0686400930,2014-08-25,development
3755,5515600088,2014-11-21,development
3756,1254200015,2014-12-16,purged
3757,1254200015,2015-04-08,test
3758,1523049209,2014-11-13,development
3759,0561000300,2014-06-23,development
3760,0399000195,2014-10-20,development
3761,2540700110,2015-02-12,development
3762,2523089097,2014-10-29,development
3763,3026079055,2014-08-26,development
3764,1105000011,2014-12-09,development
3765,5113400535,2014-05-07,development
3766,3876301140,2014-11-05,development
3767,1523049188,2015-04-30,test
3768,5621100115,2014-12-18,development
3769,4219401080,2014-05-20,development
3770,2112700600,2015-05-13,test
3771,3222049112,2015-05-07,test
3772,0622059019,2014-09-19,development
3773,9348700490,2015-04-10,test
3774,9259900025,2014-07-14,development
3775,3022059066,2015-01-30,development
3776,1777500090,2014-12-29,development
3777,3885803245,2015-03-05,development
3778,8819901030,2014-11-18,development
3779,2623069067,2015-03-05,development
3780,8635700025,2014-07-25,development
3781,0098020300,2015-02-03,development
3782,7243500025,2014-05-19,development
3783,3329510850,2015-03-06,development
3784,9521100855,2014-06-10,development
3785,0723049156,2014-05-23,development
3786,0723049156,2014-11-12,development
3787,5130000090,2014-09-09,development
3788,8562400025,2014-09-16,development
3789,5706201140,2014-11-21,development
3790,3034200198,2014-06-03,development
3791,4077800017,2014-08-13,development
3792,1245500099,2015-05-06,test
3793,4435000705,2014-07-08,development
3794,4435000705,2015-03-09,development
3795,2225059118,2014-12-02,development
3796,5126900405,2014-07-31,development
3797,5603800110,2014-09-15,development
3798,2426059076,2015-02-03,development
3799,3260200110,2014-12-08,development
3800,4235401055,2014-05-14,development
3801,1550000463,2014-08-26,development
3802,1823049144,2015-01-28,development
3803,7012200215,2014-12-31,development
3804,5149300100,2014-08-18,development
3805,7335400215,2015-05-05,test
3806,7227501450,2014-10-16,development
3807,8146300025,2014-08-13,development
3808,3530540090,2014-11-13,development
3809,9284802215,2014-12-05,development
3810,1250202430,2014-06-11,development
3811,1241900028,2015-04-17,test
3812,8691400600,2014-12-08,development
3813,1118000301,2014-12-19,development
3814,3905081500,2014-06-04,development
3815,5611000090,2014-08-05,development
3816,2013800705,2014-11-17,development
3817,9276200850,2014-06-16,development
3818,2785000110,2014-06-05,development
3819,2919702655,2014-06-06,development
3820,3942900115,2015-04-21,test
3821,5452301810,2014-09-05,development
3822,5104511730,2015-04-09,test
3823,3923400123,2014-10-17,development
3824,2249500367,2014-10-21,development
3825,2916600110,2015-04-30,test
3826,3629921140,2014-10-30,development
3827,8682250090,2014-05-04,development
3828,6929602605,2015-02-03,development
3829,8550001515,2014-10-01,development
3830,1775800740,2015-02-06,development
3831,1773101340,2015-02-02,development
3832,5561710110,2014-10-14,development
3833,1115800110,2015-01-09,development
3834,2131701240,2015-01-08,development
3835,8827901450,2014-10-31,development
3836,4302200336,2014-07-07,development
3837,7550800916,2014-06-02,development
3838,0534000112,2015-02-03,development
3839,3885801450,2015-02-26,development
3840,0522059013,2014-06-12,development
3841,3342700405,2014-05-22,development
3842,9276201140,2015-02-13,development
3843,7972601280,2015-05-04,test
3844,2734100734,2014-10-15,development
3845,4022900077,2015-04-13,test
3846,1777600490,2014-10-24,development
3847,2193310300,2015-04-01,test
3848,2322069168,2014-05-07,development
3849,7885800900,2014-08-01,development
3850,1545800090,2014-10-03,development
3851,7131300025,2014-05-21,development
3852,3221079055,2015-03-25,test
3853,9184700535,2015-04-13,test
3854,1877500090,2015-02-11,development
3855,0723049476,2014-07-24,development
3856,8556800100,2015-01-21,development
3857,9830200475,2015-03-23,test
3858,2525000690,2015-03-09,development
3859,1891100090,2014-05-05,development
3860,3447000100,2015-04-22,test
3861,1118001295,2014-12-03,development
3862,7968460110,2014-06-19,development
3863,5101406489,2015-05-01,test
3864,9275702350,2014-12-22,development
3865,7752000090,2015-01-13,development
3866,0293000165,2014-08-19,development
3867,7852100110,2015-04-22,test
3868,1311000600,2014-09-25,development
3869,1732800820,2014-06-19,development
3870,7893203565,2014-10-27,development
3871,2524049166,2014-09-18,development
3872,9406550100,2014-09-23,development
3873,3327000090,2014-06-12,development
3874,1220000100,2015-05-04,test
3875,1066600025,2014-10-29,development
3876,3626039228,2014-09-18,development
3877,7635801032,2014-07-10,development
3878,4364700600,2014-12-16,purged
3879,4364700600,2015-03-30,test
3880,7774200236,2014-12-11,development
3881,8025700590,2014-05-19,development
3882,7129302095,2015-02-13,development
3883,2997800076,2014-12-09,development
3884,7740100015,2015-02-06,development
3885,5279100625,2015-04-29,test
3886,1126059144,2014-09-11,development
3887,5409800110,2015-01-19,development
3888,7963900100,2014-09-12,development
3889,9264910100,2015-02-18,development
3890,8819900449,2015-05-08,test
3891,1525059160,2014-07-31,development
3892,7526800100,2014-07-08,development
3893,6385100100,2014-10-02,development
3894,2085200261,2015-02-18,development
3895,3522900061,2015-04-21,test
3896,2570500090,2014-10-07,development
3897,5482700100,2014-05-12,development
3898,0567000268,2014-08-21,development
3899,3649100315,2014-06-25,development
3900,6821102352,2014-10-08,development
3901,6072300110,2015-04-16,test
3902,3223049131,2014-10-30,development
3903,1068000110,2015-04-29,test
3904,2600020100,2014-09-30,development
3905,5422500110,2014-07-25,development
3906,4055700378,2014-10-09,development
3907,0795000820,2015-04-06,test
3908,0925059113,2014-08-13,development
3909,3275000090,2015-04-21,test
3910,8946700100,2014-12-08,development
3911,0809002485,2015-03-27,test
3912,5332200405,2014-06-02,development
3913,1775950100,2015-01-13,development
3914,9808700762,2014-06-11,development
3915,1133000542,2014-08-05,development
3916,7905200315,2015-04-16,test
3917,3949600090,2014-12-01,development
3918,9274201730,2014-06-16,development
3919,7883604065,2015-05-01,test
3920,1158700100,2014-08-11,development
3921,7237500110,2015-04-04,test
3922,8682280490,2014-08-01,development
3923,0224059111,2014-09-03,development
3924,4141800215,2014-11-26,development
3925,1822069097,2014-12-23,development
3926,1668500100,2014-12-10,development
3927,1254200615,2014-07-16,development
3928,7135520300,2015-04-07,test
3929,1755700090,2014-08-01,development
3930,2414600195,2014-07-21,development
3931,3592500985,2015-05-04,test
3932,1003600056,2014-10-24,development
3933,9285800755,2014-07-14,development
3934,1269200229,2014-07-23,development
3935,0304100090,2014-07-22,development
3936,7227800110,2015-04-09,test
3937,7507500015,2014-07-30,development
3938,0621069146,2014-08-18,development
3939,0263000164,2014-12-17,development
3940,0263000291,2014-09-04,development
3941,1566100625,2014-08-04,development
3942,8861500015,2014-05-20,development
3943,8961990090,2014-06-24,development
3944,3584900090,2014-06-13,development
3945,8902000407,2014-12-17,development
3946,3026059014,2015-01-12,development
3947,7304300906,2014-06-13,development
3948,8155820110,2015-03-25,test
3949,0722069232,2014-09-05,development
3950,1825069031,2014-08-14,development
3951,1825069031,2014-10-16,development
3952,3348401584,2014-08-21,development
3953,8029500100,2015-02-26,development
3954,7964410100,2015-05-04,test
3955,1457500026,2014-06-16,development
3956,7215730590,2014-09-02,development
3957,7525530100,2014-09-08,development
3958,1925059194,2014-12-09,development
3959,5561401110,2014-06-27,development
3960,7173700524,2014-09-24,development
3961,9828202215,2014-09-05,development
3962,4113800300,2015-04-14,test
3963,6145600855,2015-05-04,test
3964,2130702350,2014-06-04,development
3965,8815400735,2014-05-29,development
3966,5152600090,2014-07-08,development
3967,7852090750,2014-07-21,development
3968,2488200459,2014-05-05,development
3969,8035600590,2014-07-16,development
3970,4438000165,2015-04-20,test
3971,6744700423,2014-06-06,development
3972,2473002100,2014-08-27,development
3973,4399200245,2014-06-25,development
3974,1326059085,2014-07-21,development
3975,6324000090,2015-05-11,test
3976,9542830600,2014-11-21,development
3977,2767604580,2015-02-23,development
3978,0662310900,2015-02-20,development
3979,1432600100,2014-09-24,development
3980,8928100025,2015-03-24,test
3981,1221039058,2015-02-13,development
3982,3840700600,2015-04-01,test
3983,8691410100,2014-05-27,development
3984,7883607645,2014-06-02,development
3985,9435300051,2014-06-11,development
3986,6179900090,2015-05-07,test
3987,6840700165,2014-07-01,development
3988,2768301217,2015-05-06,test
3989,0629000615,2014-10-22,development
3990,7202360600,2014-10-08,development
3991,7852020590,2015-03-05,development
3992,2023039160,2015-04-23,test
3993,2597520090,2014-06-22,development
3994,8631600025,2015-02-20,development
3995,8100000110,2014-12-26,development
3996,5151800015,2014-11-12,development
3997,9521101055,2014-08-27,development
3998,2475901105,2014-07-15,development
3999,1726069202,2014-07-18,development
4000,3530450100,2014-07-26,development
4001,8941800100,2015-04-27,test
4002,0809002215,2014-05-19,development
4003,6209000165,2014-07-24,development
4004,4178500100,2014-07-23,development
4005,1523069086,2014-06-05,development
4006,6121000090,2014-06-16,development
4007,3342100785,2014-08-26,development
4008,6012500100,2014-10-01,development
4009,8682291720,2014-05-08,development
4010,5041300100,2014-07-10,development
4011,2473101140,2015-04-28,test
4012,8121100600,2015-03-24,test
4013,0724069059,2014-05-09,development
4014,2755200110,2014-06-02,development
4015,6169901130,2014-09-11,development
4016,6385000025,2014-10-17,development
4017,0509000090,2014-10-06,development
4018,0622059031,2014-06-04,development
4019,5358300100,2014-06-19,development
4020,4459800100,2015-04-22,test
4021,2473371780,2014-09-24,development
4022,9393700110,2014-06-03,development
4023,8691360490,2015-04-24,test
4024,9175600025,2014-10-07,development
4025,7605800090,2015-01-08,development
4026,7334500090,2015-01-20,development
4027,8964800930,2015-03-17,test
4028,2260800110,2014-05-13,development
4029,7550800945,2014-10-07,development
4030,1972205338,2015-04-18,test
4031,2946000590,2014-12-23,development
4032,5700003585,2014-12-29,development
4033,7129302235,2015-01-22,development
4034,3278602490,2014-09-26,development
4035,0685000115,2014-10-07,development
4036,3423600025,2015-03-05,development
4037,7173700518,2014-07-21,development
4038,3277801450,2015-04-15,test
4039,1862400518,2015-03-04,development
4040,8078350090,2015-03-31,test
4041,1423089118,2015-03-25,test
4042,7980900011,2015-04-27,test
4043,5309100750,2015-01-23,development
4044,0322059097,2014-11-05,development
4045,9834200165,2015-04-06,test
4046,2420069201,2014-11-07,development
4047,4167300300,2014-08-13,development
4048,1105000745,2015-01-23,development
4049,8927600100,2014-05-28,development
4050,8078490090,2015-05-08,test
4051,1736100090,2014-12-14,development
4052,3876200100,2014-07-10,development
4053,6844702290,2014-05-27,development
4054,4022906430,2014-06-30,development
4055,5040800015,2014-10-01,development
4056,9297301055,2014-12-09,development
4057,0318500300,2014-09-19,development
4058,1839910300,2015-01-06,development
4059,1446400785,2015-04-22,test
4060,4036800015,2014-10-01,development
4061,8965500900,2015-02-13,development
4062,3751603173,2014-06-04,development
4063,3423059140,2014-09-10,development
4064,0114101055,2014-12-23,development
4065,2475200590,2015-04-21,test
4066,3856905010,2014-08-05,development
4067,7226500100,2015-02-19,development
4068,3580900090,2014-09-02,development
4069,9558000100,2014-05-20,development
4070,1872900076,2014-06-20,development
4071,1221059112,2014-11-16,development
4072,2877102495,2015-04-29,test
4073,4400200057,2015-02-21,development
4074,1049010300,2015-04-27,test
4075,6802210090,2014-08-22,development
4076,0726049232,2014-06-23,development
4077,3262300940,2014-11-07,development
4078,3262300940,2015-02-10,development
4079,1214700090,2014-08-19,development
4080,8564950300,2014-09-19,development
4081,3321069006,2014-12-31,development
4082,3751601501,2014-07-16,development
4083,1156000100,2014-12-24,development
4084,3972900735,2014-08-14,development
4085,6888900115,2015-02-16,development
4086,3031200165,2014-06-11,development
4087,5683000033,2014-12-01,development
4088,7230000265,2014-06-17,development
4089,0985001015,2014-06-04,development
4090,2815600215,2014-11-18,development
4091,3585900090,2015-04-15,test
4092,5101407370,2015-04-22,test
4093,0871001105,2014-10-22,development
4094,0424069233,2014-05-31,development
4095,3830630090,2015-04-17,test
4096,1997200215,2014-05-07,development
4097,1898310110,2014-12-02,development
4098,3407700047,2014-10-29,development
4099,9542100165,2014-11-07,development
4100,7140800100,2014-10-14,development
4101,7202340930,2014-12-09,development
4102,9262800057,2015-02-03,development
4103,1159100100,2014-06-20,development
4104,7230900100,2014-12-15,development
4105,8682301910,2014-07-22,development
4106,7701450110,2014-08-15,development
4107,1725059209,2014-09-29,development
4108,4025300195,2015-03-18,test
4109,0985000900,2014-11-05,development
4110,7140700850,2015-03-26,test
4111,0522079067,2015-04-08,test
4112,1387300940,2015-04-29,test
4113,8562700090,2014-11-11,development
4114,2122059236,2015-03-06,development
4115,0514500090,2014-05-13,development
4116,5680001095,2015-04-28,test
4117,2475900855,2014-08-27,development
4118,8669400100,2014-08-05,development
4119,3824100051,2015-04-07,test
4120,0952004875,2014-06-02,development
4121,9522350090,2014-11-06,development
4122,1787600252,2015-05-05,test
4123,7148000315,2015-02-11,development
4124,2180001080,2014-08-19,development
4125,1328330590,2015-04-20,test
4126,0034001304,2015-04-10,test
4127,1558500100,2014-09-16,development
4128,2887950110,2014-11-06,development
4129,6852700412,2014-09-19,development
4130,1798000100,2014-05-29,development
4131,9516500100,2015-04-18,test
4132,0203400090,2014-07-29,development
4133,4036800805,2014-05-13,development
4134,7129302615,2015-03-04,development
4135,7278700100,2015-01-21,development
4136,7852070090,2015-01-16,development
4137,1250200552,2015-03-12,test
4138,9126100608,2015-02-25,development
4139,0396100025,2014-08-07,development
4140,9184700600,2014-12-01,development
4141,4221250090,2014-11-13,development
4142,8731901810,2015-03-09,development
4143,7977201707,2014-05-23,development
4144,3260350090,2014-11-12,development
4145,7399300850,2014-10-03,development
4146,0461002551,2014-10-04,development
4147,9158100090,2015-04-27,test
4148,9358002305,2015-03-13,test
4149,6447300265,2014-10-14,development
4150,2235000015,2014-08-04,development
4151,9523104345,2014-12-18,development
4152,6139100056,2014-10-23,development
4153,0808300090,2015-01-16,development
4154,8077100031,2015-04-22,test
4155,1402650110,2014-05-18,development
4156,7985000100,2014-10-21,development
4157,1796350690,2014-08-20,development
4158,7504110110,2015-03-25,test
4159,4324500490,2014-12-23,development
4160,1257202120,2014-10-30,development
4161,3987700115,2014-07-28,development
4162,9137101353,2014-09-19,development
4163,3298701066,2015-05-06,test
4164,8682290100,2015-04-21,test
4165,4055700778,2014-11-14,development
4166,0438000025,2014-05-13,development
4167,2474400300,2015-05-06,test
4168,0087000283,2014-11-18,development
4169,2946001645,2014-05-05,development
4170,9294300495,2014-11-14,development
4171,0492000475,2014-12-11,development
4172,3876540600,2015-05-07,test
4173,4122500100,2015-02-11,development
4174,2461900945,2015-04-21,test
4175,7221400495,2014-07-17,development
4176,2349300090,2014-05-16,development
4177,9523100459,2014-06-09,development
4178,3856904580,2014-11-25,development
4179,7345600755,2014-07-07,development
4180,0798000457,2015-03-02,development
4181,7986400945,2014-10-10,development
4182,0395300100,2014-05-14,development
4183,2473510090,2014-07-29,development
4184,1329300300,2014-10-01,development
4185,0952007069,2015-01-21,development
4186,8073000265,2014-09-18,development
4187,0952004745,2015-03-04,development
4188,1376800115,2014-11-03,development
4189,6613000750,2014-10-01,development
4190,2303900090,2014-07-29,development
4191,6713700025,2014-05-15,development
4192,4083304535,2014-11-14,development
4193,3626039403,2014-09-22,development
4194,0254000100,2014-06-20,development
4195,2724049076,2014-08-22,development
4196,8562500690,2014-05-13,development
4197,3834500195,2014-07-07,development
4198,2207100405,2015-05-06,test
4199,9482700475,2014-09-27,development
4200,7905200386,2014-07-29,development
4201,8680500090,2015-03-16,test
4202,3424089119,2015-05-01,test
4203,1437500015,2014-07-09,development
4204,3298700110,2014-11-09,development
4205,6300000337,2014-05-29,development
4206,8561200110,2014-05-21,development
4207,2781250110,2015-04-28,test
4208,4442800008,2014-09-26,development
4209,2619920110,2014-12-30,development
4210,7334501130,2014-12-01,development
4211,9471200115,2014-05-28,development
4212,2597500090,2014-08-08,development
4213,8665050490,2014-09-24,development
4214,1736800740,2015-03-03,development
4215,6163901751,2014-06-23,development
4216,2323059184,2014-12-30,development
4217,7349650490,2015-05-07,test
4218,1025039086,2014-09-16,development
4219,0274100090,2015-01-08,development
4220,3342104046,2014-07-08,development
4221,7893801862,2014-08-11,development
4222,7852060490,2014-07-09,development
4223,7923300115,2014-12-01,development
4224,2868300115,2014-08-21,development
4225,9477001270,2015-03-16,test
4226,0522069119,2015-05-12,test
4227,2025049175,2015-01-05,development
4228,2771604226,2014-11-18,development
4229,2917200615,2015-03-25,test
4230,9551201295,2014-07-28,development
4231,7443000985,2014-08-15,development
4232,3395041194,2014-08-27,development
4233,1024069162,2015-04-16,test
4234,5452800735,2014-07-22,development
4235,2902200015,2015-01-06,development
4236,1698900195,2014-09-02,development
4237,0442000015,2014-06-12,development
4238,0222069058,2014-09-15,development
4239,2926049449,2014-06-18,development
4240,6071800100,2015-03-27,test
4241,4003000110,2014-10-29,development
4242,0925059198,2014-08-28,development
4243,6072700110,2014-05-20,development
4244,1926069143,2014-10-16,development
4245,2871000300,2014-10-13,development
4246,6163900301,2015-04-27,test
4247,4318200090,2014-06-18,development
4248,9526600090,2015-04-24,test
4249,0629420100,2014-09-26,development
4250,6905200215,2015-03-31,test
4251,7202430110,2014-06-25,development
4252,0087000245,2014-09-30,development
4253,6667400090,2015-05-01,test
4254,6802200100,2015-01-15,development
4255,0913000315,2014-06-05,development
4256,8732030490,2014-12-22,development
4257,3629920600,2014-05-16,development
4258,1524079156,2014-06-10,development
4259,6450301690,2014-10-03,development
4260,5309101050,2014-11-26,development
4261,8857600820,2014-05-08,development
4262,3500100025,2014-06-28,development
4263,5152100110,2015-04-22,test
4264,3298600850,2014-12-16,development
4265,3856902250,2015-01-05,development
4266,8887001140,2014-07-23,development
4267,2621069066,2015-04-27,test
4268,0251620090,2014-05-30,development
4269,3546000090,2015-02-24,development
4270,3359500755,2014-09-02,development
4271,3579800485,2015-02-18,development
4272,2919201335,2014-07-31,development
4273,1796370930,2014-07-10,development
4274,3864000090,2015-02-19,development
4275,8651100110,2014-12-09,development
4276,8731730590,2015-05-13,test
4277,1761100300,2014-10-30,development
4278,9542800820,2015-04-30,test
4279,2644900110,2014-10-21,development
4280,1626069198,2014-10-03,development
4281,5101408593,2014-07-11,development
4282,7853270100,2015-03-15,test
4283,3308030100,2014-09-25,development
4284,1330280100,2014-08-01,development
4285,2212200090,2015-02-09,development
4286,9264921140,2015-03-12,test
4287,8902000068,2014-05-15,development
4288,7338000850,2014-07-31,development
4289,2770600853,2014-06-12,development
4290,4239400740,2014-07-16,development
4291,6184700100,2014-09-26,development
4292,3157600615,2014-07-08,development
4293,6145601810,2014-07-18,development
4294,1235700042,2014-05-28,development
4295,7781600025,2014-10-23,development
4296,7116500705,2015-01-29,development
4297,2320069206,2015-03-25,test
4298,1794501390,2015-05-01,test
4299,2122059160,2015-04-27,test
4300,2421069039,2015-02-09,development
4301,5452800495,2015-04-22,test
4302,4024100961,2014-07-28,development
4303,7857001560,2014-09-17,development
4304,9540100025,2014-07-31,development
4305,2473410740,2014-10-27,development
4306,2770604365,2014-06-23,development
4307,0173000025,2014-08-25,development
4308,7853340490,2014-06-17,development
4309,0239000115,2015-04-08,test
4310,9528101032,2015-03-25,test
4311,5416100110,2014-11-18,development
4312,4331000265,2014-09-26,development
4313,5249803885,2014-12-15,development
4314,7853301390,2014-08-21,development
4315,1376800025,2014-09-08,development
4316,7639900025,2014-06-28,development
4317,2822059262,2014-12-01,development
4318,8113100850,2015-04-10,test
4319,0565300110,2014-12-16,development
4320,1887000100,2014-08-14,development
4321,8731990090,2014-08-20,development
4322,3432500705,2014-10-21,development
4323,1015500300,2014-05-15,development
4324,3972300100,2014-12-29,development
4325,3876300600,2014-12-12,development
4326,2111010940,2015-02-20,development
4327,2771102158,2014-10-21,development
4328,1498304065,2014-06-14,development
4329,6150200375,2014-10-01,development
4330,3343901340,2014-08-04,development
4331,4037800015,2015-01-23,development
4332,1626079066,2014-08-06,development
4333,0006200017,2014-11-12,development
4334,5249805090,2015-04-07,test
4335,4217401055,2014-05-02,development
4336,7738500475,2014-12-12,development
4337,2767603250,2015-03-09,development
4338,2620069113,2014-09-02,development
4339,3760500336,2014-11-26,development
4340,5101404563,2014-06-27,development
4341,9407000600,2014-09-16,development
4342,9353300600,2014-06-24,purged
4343,9353300600,2015-03-26,test
4344,0993000090,2015-04-14,test
4345,1796361140,2014-10-31,development
4346,1112000031,2015-03-18,test
4347,2822049160,2015-04-17,test
4348,3856904560,2014-11-25,development
4349,2492200956,2014-08-05,development
4350,2770604079,2014-10-29,development
4351,2719100042,2014-06-23,development
4352,7899800864,2015-03-05,development
4353,9485750110,2014-09-18,development
4354,2024059058,2015-04-28,test
4355,7977201865,2015-04-21,test
4356,4232900940,2014-05-22,development
4357,3364900375,2015-04-23,test
4358,4151800375,2014-12-04,development
4359,2610100015,2014-08-13,development
4360,8682230590,2015-04-26,test
4361,3876100940,2015-04-27,test
4362,1221079058,2014-08-27,development
4363,2770605550,2015-03-10,test
4364,4468400214,2014-10-10,development
4365,2767705010,2014-10-06,development
4366,5422560930,2015-03-16,test
4367,0824059211,2014-11-17,development
4368,6825100015,2014-06-04,development
4369,4166600115,2014-11-21,development
4370,3574801500,2014-09-26,development
4371,9477001140,2014-07-10,development
4372,3384300100,2014-12-26,development
4373,6123600100,2014-12-15,development
4374,1311300100,2015-01-15,development
4375,3812400854,2014-10-28,development
4376,1326069188,2015-05-11,test
4377,3131201865,2014-06-17,development
4378,0321059059,2014-05-19,development
4379,0223039330,2015-04-07,test
4380,7857000900,2014-07-24,development
4381,8109800110,2014-08-01,development
4382,5422560900,2014-08-07,development
4383,3332000195,2014-09-24,development
4384,2423029245,2014-06-17,development
4385,8651600110,2015-04-21,test
4386,7902200015,2015-04-29,test
4387,3523089019,2014-05-19,development
4388,8827900015,2014-08-29,development
4389,9237800100,2015-02-04,development
4390,2724089019,2014-05-23,development
4391,5416501030,2014-11-24,development
4392,7211402305,2015-04-15,test
4393,1221059176,2015-03-11,test
4394,7549802600,2014-05-28,development
4395,4112100165,2015-03-17,test
4396,7518506595,2014-08-26,development
4397,2767602490,2014-07-24,development
4398,3821000100,2015-03-20,test
4399,0524069019,2014-11-20,development
4400,1492800296,2014-07-03,development
4401,7855900110,2014-07-18,development
4402,7853290090,2014-11-18,development
4403,2123049175,2014-12-10,development
4404,2025049064,2014-09-15,development
4405,6046401105,2015-04-23,test
4406,3505100756,2014-11-06,development
4407,5468730110,2014-05-08,development
4408,5154200015,2015-04-14,test
4409,9285800590,2015-03-09,development
4410,4083304190,2014-08-04,development
4411,2470100110,2014-08-04,development
4412,7574910490,2014-11-14,development
4413,0868001030,2014-09-15,development
4414,8108600464,2014-05-15,development
4415,3295610490,2015-05-04,test
4416,5013500110,2014-11-12,development
4417,3223069019,2014-10-29,development
4418,2725069085,2014-12-08,development
4419,6821600265,2015-03-05,development
4420,1471701780,2014-08-14,development
4421,9835800750,2014-12-03,development
4422,8835900015,2014-12-12,development
4423,0806800110,2014-08-01,development
4424,0826069002,2014-10-29,development
4425,2222059064,2015-03-18,test
4426,7781600100,2014-09-05,development
4427,4047200265,2014-08-11,development
4428,2125059013,2015-04-20,test
4429,2011400583,2014-06-06,development
4430,3526039160,2014-08-14,development
4431,8718500495,2014-07-30,development
4432,3815500165,2014-09-11,development
4433,5104450690,2014-07-16,development
4434,7202260300,2014-07-09,development
4435,1423600300,2014-11-17,development
4436,1796100015,2015-04-23,test
4437,3874900090,2015-03-26,test
4438,4232902615,2015-04-28,test
4439,3585900495,2014-11-10,development
4440,3790700110,2014-12-01,development
4441,3626079040,2014-07-30,development
4442,2461900375,2015-04-14,test
4443,8651611690,2014-06-20,development
4444,8682301050,2014-12-02,development
4445,1858600042,2015-04-29,test
4446,2767604252,2015-01-12,development
4447,1954700615,2014-10-22,development
4448,6844702690,2015-04-27,test
4449,2695600195,2014-11-24,development
4450,0426059055,2014-10-03,development
4451,1769600147,2014-07-31,development
4452,9268200300,2014-05-20,development
4453,3052700855,2014-06-28,development
4454,9828702262,2014-07-24,development
4455,1568100386,2014-06-30,development
4456,4385700735,2015-03-11,test
4457,3425059206,2014-06-24,development
4458,6848200018,2014-05-28,development
4459,3023049256,2014-06-04,development
4460,4019301500,2014-08-28,development
4461,0402000115,2014-11-22,development
4462,9206950110,2014-07-12,development
4463,8106300820,2014-08-14,development
4464,8082400011,2015-04-06,test
4465,7137960110,2015-03-06,development
4466,0546000820,2014-11-10,development
4467,3330500705,2014-05-15,development
4468,1454600266,2014-10-27,development
4469,3335000025,2014-11-12,development
4470,1454100056,2014-07-15,development
4471,5035300090,2014-08-12,development
4472,7504050090,2015-04-12,test
4473,0408100110,2014-06-12,development
4474,5701700011,2014-05-23,development
4475,3629970930,2014-11-11,development
4476,7017200110,2014-10-28,development
4477,4054500590,2014-06-26,development
4478,2126059048,2015-04-02,test
4479,0984200590,2015-03-10,test
4480,9353300090,2014-07-31,development
4481,0007600057,2014-08-05,development
4482,2919701944,2014-10-10,development
4483,7202341110,2015-03-13,test
4484,1122069019,2014-08-26,development
4485,1565950090,2015-03-05,development
4486,1724069059,2014-05-24,development
4487,4137000110,2014-07-25,development
4488,7849200945,2015-04-01,test
4489,2397101270,2015-01-26,development
4490,2726059100,2014-09-09,development
4491,7202331500,2014-08-29,development
4492,0439000090,2015-03-23,test
4493,7788000100,2015-02-06,development
4494,8658300315,2015-03-12,test
4495,1723049567,2014-07-30,development
4496,0621069039,2015-02-20,development
4497,6806300750,2015-03-18,test
4498,1898900100,2014-07-22,development
4499,2767603931,2014-08-18,development
4500,6072400820,2014-09-26,development
4501,1922059396,2015-04-04,test
4502,8818900300,2014-10-02,development
4503,9264910900,2014-11-17,development
4504,3223039013,2014-07-18,development
4505,5561300750,2014-07-25,development
4506,9407111220,2015-05-04,test
4507,1332200110,2014-07-08,development
4508,2207200820,2014-10-15,development
4509,3362400615,2014-08-20,development
4510,3013300017,2015-04-08,test
4511,1982200015,2014-09-19,development
4512,7140700300,2014-11-19,development
4513,9363600457,2014-06-03,development
4514,1245001220,2014-10-16,development
4515,0723049333,2015-04-05,test
4516,7853301220,2014-09-10,development
4517,8665900336,2014-07-17,development
4518,1591000015,2015-05-05,test
4519,7972601270,2014-05-30,development
4520,1221039156,2014-08-15,development
4521,0993001332,2014-09-03,development
4522,7748000025,2015-04-12,test
4523,7871500485,2015-04-27,test
4524,1370802540,2015-01-08,development
4525,1839500115,2014-07-12,development
4526,4389201064,2014-07-03,development
4527,1545805820,2015-04-14,test
4528,0273800100,2014-12-19,development
4529,7663700654,2014-12-14,development
4530,3751606513,2014-06-30,development
4531,0399000025,2015-04-15,test
4532,7130300785,2014-06-16,development
4533,3818700123,2014-08-13,development
4534,7891600245,2015-04-22,test
4535,5556300076,2015-04-23,test
4536,3421069118,2014-11-20,development
4537,7280300042,2015-04-01,test
4538,9368700031,2014-05-09,development
4539,3223069118,2014-06-16,development
4540,2522029039,2014-09-29,development
4541,7977200590,2015-02-19,development
4542,3124089086,2014-10-02,development
4543,1568100215,2014-10-07,development
4544,5364200649,2014-10-08,development
4545,2771601730,2014-06-29,development
4546,7201800300,2014-09-09,development
4547,7224500300,2015-03-25,test
4548,3876312350,2014-12-02,development
4549,0853000261,2014-06-19,development
4550,7165700110,2015-05-07,test
4551,5708500208,2014-10-03,development
4552,5014000215,2014-08-18,development
4553,2126079014,2014-05-12,development
4554,5595900090,2014-06-09,development
4555,1445500100,2015-05-11,test
4556,4270600025,2014-05-13,development
4557,3546000490,2014-10-07,development
4558,0423049067,2015-02-05,development
4559,9272201250,2015-03-30,test
4560,3226049184,2015-03-27,test
4561,5381000082,2015-01-08,development
4562,0475000750,2014-09-25,development
4563,1900000195,2014-06-30,development
4564,5162100820,2015-05-04,test
4565,6113400047,2015-03-31,test
4566,7460000015,2014-06-20,development
4567,7202340820,2014-10-28,development
4568,5393601690,2014-07-20,development
4569,7686203275,2015-02-27,development
4570,2490200165,2014-06-23,development
4571,0597000195,2015-02-03,development
4572,5119010090,2014-05-10,development
4573,1873100490,2015-05-02,test
4574,3336001911,2014-07-28,development
4575,1922059445,2014-06-23,development
4576,7203600750,2015-04-27,test
4577,6021503740,2015-03-04,development
4578,3324069058,2014-08-28,development
4579,7345310100,2014-12-08,development
4580,6398000011,2014-06-02,development
4581,5460600110,2015-04-23,test
4582,9478500590,2015-04-08,test
4583,8645501091,2015-03-11,test
4584,8099800590,2014-06-20,development
4585,0339600090,2014-09-25,development
4586,3522029031,2014-05-16,development
4587,0725079058,2014-08-11,development
4588,0104530110,2014-10-08,development
4589,6852700246,2014-09-23,development
4590,2124700015,2014-07-16,development
4591,8665900291,2015-02-25,development
4592,8965500820,2014-07-02,development
4593,1024000100,2015-04-08,test
4594,6132600165,2014-07-03,development
4595,4040800090,2014-05-06,development
4596,3432500215,2014-06-10,development
4597,3630030110,2014-06-16,development
4598,9297300740,2014-11-18,development
4599,3592500866,2015-04-02,test
4600,5019500215,2015-01-15,development
4601,3290800215,2014-07-30,development
4602,7853230590,2014-10-29,development
4603,1221000490,2014-11-13,development
4604,5210200077,2014-06-19,development
4605,3275880100,2014-11-13,development
4606,2767704345,2014-05-20,development
4607,1432701380,2015-04-07,test
4608,1564000740,2014-08-20,development
4609,8141300300,2015-02-07,development
4610,1388600110,2014-08-21,development
4611,3523029059,2014-07-31,development
4612,1061500110,2015-04-23,test
4613,7555210100,2014-11-17,development
4614,9407150100,2014-06-25,development
4615,6414100721,2015-04-16,test
4616,4307340490,2014-08-12,development
4617,4022900569,2014-10-17,development
4618,2114700115,2015-04-07,test
4619,2320069364,2014-10-16,development
4620,4331400090,2014-05-28,development
4621,3886902870,2014-05-27,development
4622,9136102680,2014-09-23,development
4623,2581900165,2014-10-21,development
4624,3793501050,2014-08-22,development
4625,0619000100,2014-07-24,development
4626,4178700100,2014-07-15,development
4627,3225059223,2014-05-19,development
4628,3885805325,2014-07-31,development
4629,4151800195,2015-03-30,test
4630,1137300690,2015-02-20,development
4631,0203600590,2014-06-27,development
4632,7745500015,2015-03-18,test
4633,1370802600,2014-07-03,development
4634,5452800645,2014-09-22,development
4635,1324049015,2014-11-11,development
4636,7645900165,2014-10-16,development
4637,6798100652,2014-07-15,development
4638,1023079147,2014-08-20,development
4639,7972601250,2015-02-04,development
4640,0421000215,2015-04-16,test
4641,4054520100,2015-02-10,development
4642,3579700015,2015-02-27,development
4643,9310300215,2015-05-06,test
4644,3905081800,2014-07-25,development
4645,7236100025,2015-05-04,test
4646,2023049206,2014-06-30,development
4647,3223059015,2015-04-10,test
4648,1726069064,2015-03-24,test
4649,1423089162,2014-10-31,development
4650,8024201503,2014-07-16,development
4651,0859000110,2014-10-02,development
4652,2322059039,2014-08-21,development
4653,2023049245,2014-08-20,development
4654,0114100745,2014-05-06,development
4655,2391601380,2015-02-23,development
4656,2313900740,2014-11-19,development
4657,9521101015,2014-06-26,development
4658,1036400110,2014-07-02,development
4659,2572400100,2014-11-05,development
4660,6821600300,2015-03-18,test
4661,9547205225,2014-08-14,development
4662,3876312490,2015-04-14,test
4663,1591600044,2014-10-10,development
4664,7201800090,2015-01-06,development
4665,4221270100,2014-06-11,development
4666,2473410690,2014-06-23,development
4667,7300410110,2014-05-19,development
4668,7224500090,2015-04-07,test
4669,7852000110,2014-09-03,development
4670,4302200590,2015-03-09,development
4671,8635750090,2014-06-02,development
4672,1133000100,2014-10-07,development
4673,7631800025,2014-06-06,development
4674,2998800110,2015-03-25,test
4675,2432000110,2014-05-07,development
4676,0824059140,2014-05-27,development
4677,4229400015,2015-05-07,test
4678,7805450110,2014-05-06,development
4679,9839301055,2014-06-26,development
4680,9471201110,2015-04-06,test
4681,1189000645,2014-10-22,development
4682,6788201015,2014-06-16,development
4683,0425069147,2015-03-13,test
4684,9268200600,2014-05-19,development
4685,9201000100,2015-04-14,test
4686,4140930110,2014-12-10,development
4687,7226000110,2014-07-26,development
4688,4358700100,2014-12-02,development
4689,2228900195,2015-03-11,test
4690,3905100740,2014-06-08,development
4691,3295900490,2014-07-29,development
4692,7379700051,2015-04-10,test
4693,7348200195,2014-12-09,development
4694,4047200300,2015-02-05,development
4695,4242900215,2014-06-18,development
4696,7851980100,2014-06-05,development
4697,9126101645,2014-06-10,development
4698,2695600375,2014-11-10,development
4699,6648150090,2015-01-08,development
4700,1189000245,2015-03-31,test
4701,1169000057,2014-10-06,development
4702,4013800131,2014-08-07,development
4703,1787270090,2015-02-25,development
4704,4037200735,2015-04-14,test
4705,4083302370,2015-03-13,test
4706,4319200820,2015-01-22,development
4707,7663700551,2015-04-07,test
4708,6821102350,2015-01-09,development
4709,0723069089,2014-07-15,development
4710,8165500110,2014-12-05,development
4711,8081900195,2014-12-10,development
4712,2878601425,2014-05-22,development
4713,5104512070,2015-04-20,test
4714,3885802970,2014-12-03,development
4715,3021049140,2015-03-25,test
4716,5249801720,2014-11-13,development
4717,2025049006,2014-11-12,development
4718,7575700015,2014-07-10,development
4719,2724049146,2015-03-17,test
4720,8074200100,2014-10-15,development
4721,1517900100,2014-10-21,development
4722,2391602250,2014-06-26,development
4723,7635801311,2014-06-23,development
4724,3362401295,2015-03-30,test
4725,3303230110,2014-08-04,development
4726,1522600100,2014-06-04,development
4727,6646200090,2014-08-19,development
4728,2522059112,2014-05-07,development
4729,3205100110,2015-04-21,test
4730,6414100025,2014-07-21,development
4731,3529000930,2014-06-16,development
4732,4141400100,2015-01-20,development
4733,9562200090,2014-06-24,development
4734,7399800110,2014-12-09,development
4735,6917700356,2014-05-14,development
4736,4040800600,2014-06-09,development
4737,3629920300,2014-11-03,development
4738,8944290090,2014-06-23,development
4739,8091410930,2015-03-23,test
4740,3313600266,2015-02-13,development
4741,9508850100,2014-11-03,development
4742,3330501545,2014-12-01,development
4743,0031000165,2014-09-11,development
4744,4123810090,2014-09-09,development
4745,1180500100,2014-09-24,development
4746,7549801140,2014-10-20,development
4747,7254000100,2014-12-15,development
4748,0644200090,2014-07-15,development
4749,5101407305,2014-12-18,development
4750,6817801030,2015-04-22,test
4751,7454001280,2014-06-11,development
4752,8651440740,2015-01-21,development
4753,1954430190,2014-08-08,development
4754,4292300010,2014-05-27,development
4755,8929000290,2014-05-14,development
4756,1250201680,2015-05-07,test
4757,0868001705,2015-02-06,development
4758,1370801585,2014-06-03,development
4759,7501000130,2014-05-05,development
4760,4178300130,2015-04-13,test
4761,7550801206,2014-09-04,development
4762,9201300050,2014-08-14,development
4763,3816300095,2014-05-14,development
4764,7399301100,2014-12-04,development
4765,4151800470,2014-08-20,development
4766,7811000020,2014-11-13,development
4767,5166700050,2015-02-11,development
4768,4045500130,2014-09-09,development
4769,2927600675,2014-06-09,development
4770,7686202580,2015-02-13,development
4771,5690500095,2014-08-26,development
4772,3876540630,2015-02-27,development
4773,8929000170,2014-06-16,development
4774,2621400080,2015-01-28,development
4775,8154100020,2014-09-06,development
4776,8097000190,2014-06-02,development
4777,2624089181,2014-08-12,development
4778,8718500275,2014-07-15,development
4779,3575305495,2015-04-13,test
4780,0411100020,2014-11-17,development
4781,9113200020,2014-06-12,development
4782,2011400019,2014-12-30,development
4783,3912000020,2015-04-30,test
4784,8078370010,2015-02-18,development
4785,5104650020,2015-05-05,test
4786,7417700664,2015-04-08,test
4787,2770604920,2014-09-03,development
4788,1930300190,2014-07-14,development
4789,3024079069,2014-09-11,development
4790,0723069049,2014-07-24,development
4791,2210500019,2015-03-24,test
4792,3856901435,2014-10-27,development
4793,3948900050,2015-04-27,test
4794,5412400170,2015-04-14,test
4795,2856102280,2014-05-14,development
4796,3288100290,2015-05-07,test
4797,5145000190,2014-11-03,development
4798,6679000170,2015-04-14,test
4799,9536601045,2015-04-28,test
4800,8731981410,2014-11-21,development
4801,3574801350,2014-11-20,development
4802,1922069099,2014-05-23,development
4803,0871001735,2014-09-11,development
4804,2022059308,2015-05-05,test
4805,2525300480,2015-03-04,development
4806,7979900440,2015-05-12,test
4807,2558660290,2015-02-18,development
4808,8650300190,2014-05-21,development
4809,8643000225,2015-05-06,test
4810,1105000233,2014-09-06,development
4811,9831200500,2015-03-04,development
4812,0945000250,2014-06-13,development
4813,4101410050,2015-04-21,test
4814,1571100130,2014-09-04,development
4815,7932000078,2014-05-07,development
4816,2592400170,2014-12-02,development
4817,2517010630,2015-05-08,test
4818,6926700225,2014-07-02,development
4819,8820902905,2014-08-22,development
4820,5104510190,2015-04-27,test
4821,9839301060,2015-04-06,test
4822,2425700005,2015-04-28,test
4823,9276201190,2014-05-20,development
4824,8644210050,2014-09-26,development
4825,2741100280,2014-05-13,development
4826,2891000680,2015-04-27,test
4827,7366100080,2014-07-31,development
4828,3211270170,2014-05-23,development
4829,3330500920,2014-10-30,development
4830,5437820080,2014-11-24,development
4831,8097000380,2014-08-18,development
4832,2591010290,2014-05-19,development
4833,1324300380,2014-07-16,development
4834,3226049478,2014-07-25,development
4835,7941500170,2014-12-02,development
4836,7522500005,2014-08-15,development
4837,1545801630,2014-07-21,development
4838,5151600480,2015-04-02,test
4839,2731600080,2015-04-22,test
4840,2804600010,2015-03-31,test
4841,8899210680,2014-09-15,development
4842,6649300190,2014-09-03,development
4843,1312200080,2014-05-28,development
4844,1721801025,2014-07-18,development
4845,7942200050,2015-01-23,development
4846,9528100963,2014-08-06,development
4847,9297301495,2015-02-03,development
4848,0192300020,2014-05-21,development
4849,9477100170,2014-07-21,development
4850,6705120280,2015-03-31,test
4851,7203220050,2014-11-18,development
4852,6858700225,2014-10-04,development
4853,8712100605,2014-10-28,development
4854,5702380500,2014-09-08,development
4855,6181430280,2014-09-15,development
4856,7138000170,2015-01-02,development
4857,6669010290,2014-11-07,development
4858,5706200280,2014-07-01,development
4859,1338300170,2015-03-24,test
4860,8562800250,2014-08-14,development
4861,0109210280,2014-11-11,development
4862,3216900080,2014-09-25,development
4863,0629500170,2015-03-26,test
4864,5272200005,2015-02-18,development
4865,7205000080,2014-12-01,development
4866,1117200170,2014-09-19,development
4867,5561300480,2015-04-08,test
4868,6896300380,2014-10-02,development
4869,3293400010,2015-03-04,development
4870,3421059049,2014-06-10,development
4871,0524069049,2015-04-02,test
4872,1524079093,2014-08-27,purged
4873,1524079093,2015-03-18,test
4874,3832710680,2014-07-21,development
4875,0686200840,2015-04-22,test
4876,8682310460,2014-07-09,development
4877,0446000190,2014-12-08,development
4878,8805900430,2014-12-29,development
4879,3629921060,2014-07-15,development
4880,8856890020,2015-02-24,development
4881,2115510470,2014-12-23,development
4882,1545803890,2014-12-31,development
4883,3322049126,2014-07-21,development
4884,6669020500,2014-06-27,development
4885,3832710840,2014-06-02,development
4886,7212651950,2014-07-10,development
4887,1331900020,2014-09-25,development
4888,7140200380,2014-10-30,development
4889,7972601235,2015-02-23,development
4890,2848700585,2015-04-24,test
4891,6132600380,2015-03-20,test
4892,2424059127,2014-08-20,development
4893,2591830130,2014-05-04,development
4894,1771100130,2015-03-16,test
4895,8856700190,2015-04-23,test
4896,7852040080,2015-04-21,test
4897,5648600190,2015-04-29,test
4898,4154300275,2015-01-15,development
4899,5438000280,2015-04-15,test
4900,9201000480,2014-11-12,development
4901,1604600660,2014-05-12,development
4902,0522069022,2014-07-14,development
4903,4331400190,2014-11-12,development
4904,9407150130,2014-12-01,development
4905,2212900470,2015-02-11,development
4906,6600220080,2015-02-04,development
4907,9558050020,2014-09-15,development
4908,8691300420,2014-08-04,development
4909,5450300010,2014-09-02,development
4910,0339600460,2014-10-17,development
4911,9264910920,2014-09-03,development
4912,0121029034,2014-06-24,development
4913,2123049420,2015-04-22,test
4914,7950302890,2014-12-30,development
4915,6117500430,2014-08-19,development
4916,1972200660,2015-04-15,test
4917,3629830050,2014-10-01,development
4918,9257900010,2015-04-22,test
4919,6072000440,2015-02-06,development
4920,6844702630,2014-11-08,development
4921,3630090050,2015-02-20,development
4922,9809000020,2014-05-13,purged
4923,9809000020,2015-03-13,test
4924,5021900050,2014-08-18,development
4925,1003600080,2014-11-07,development
4926,7701960130,2014-10-17,development
4927,2395710020,2014-08-07,development
4928,7203230010,2014-10-15,development
4929,9830200380,2014-09-17,development
4930,9407111100,2015-04-22,test
4931,9572000080,2014-06-16,development
4932,3629870420,2014-09-12,development
4933,2459970020,2014-11-24,development
4934,5547700190,2015-03-30,test
4935,0421000285,2015-04-23,test
4936,3277801640,2014-12-02,development
4937,1250203070,2014-05-14,development
4938,8077200470,2014-07-18,development
4939,0302000545,2015-01-27,development
4940,9542801990,2014-05-29,development
4941,3343901403,2014-12-16,development
4942,1121059030,2014-10-13,development
4943,9290850950,2014-12-18,development
4944,1136100006,2015-01-27,development
4945,7923300285,2015-03-12,test
4946,1823059028,2015-02-24,development
4947,8864000440,2014-09-25,development
4948,9512500680,2014-11-19,development
4949,3421069120,2015-02-19,development
4950,4376700430,2014-07-16,development
4951,8562890430,2015-04-07,test
4952,0452002005,2015-01-21,development
4953,7228500094,2014-12-12,development
4954,8078700020,2014-06-03,development
4955,5035300255,2015-04-14,test
4956,9528104985,2014-11-04,development
4957,7237590010,2014-06-05,development
4958,3158500250,2014-05-14,development
4959,0868001402,2015-03-05,development
4960,5606000233,2015-04-24,test
4961,5214500660,2015-05-05,test
4962,3578110020,2014-10-01,development
4963,3578401330,2014-07-18,development
4964,7525000080,2014-05-02,development
4965,4273000095,2015-05-11,test
4966,4014400190,2014-07-14,development
4967,8678500020,2014-12-13,development
4968,6918700130,2014-08-11,development
4969,2473350470,2015-05-11,test
4970,9274200314,2014-08-21,development
4971,2938100010,2014-09-24,development
4972,8564950250,2015-01-07,development
4973,3438502715,2014-07-30,development
4974,0280610020,2014-09-02,development
4975,2487200938,2014-11-26,development
4976,1775500362,2014-10-13,development
4977,2483200010,2014-10-07,development
4978,4365700130,2015-03-25,test
4979,9136101271,2015-04-16,test
4980,1370804295,2015-02-12,development
4981,0422049178,2015-02-12,development
4982,9161100795,2015-05-06,test
4983,5561300380,2014-08-07,development
4984,1443550020,2015-05-06,test
4985,9547201155,2014-10-16,development
4986,3625059120,2014-10-23,development
4987,0644000185,2014-07-07,development
4988,5710500010,2014-06-10,development
4989,2482410130,2014-06-10,development
4990,6071900130,2015-04-15,test
4991,6817800630,2014-05-16,development
4992,6204400130,2014-07-18,development
4993,9274203190,2014-06-11,development
4994,0293610020,2015-03-04,development
4995,3583400130,2014-10-14,development
4996,7230400430,2014-09-30,development
4997,7140600190,2014-09-05,development
4998,6817801410,2014-06-24,development
4999,6430500010,2014-06-20,development
5000,3023049215,2014-07-02,development
5001,3625710080,2014-06-26,development
5002,3390600010,2014-05-02,development
5003,9238480020,2015-03-19,test
5004,1036000080,2014-10-09,development
5005,1561930020,2014-05-22,development
5006,3876100080,2014-12-15,development
5007,7454000605,2014-07-10,development
5008,1870400635,2015-03-11,test
5009,8820900299,2015-02-04,development
5010,8132700185,2015-04-16,test
5011,6413600275,2014-07-24,development
5012,2888000020,2015-03-02,development
5013,3298700426,2014-07-09,development
5014,3362401815,2014-09-30,development
5015,5469500020,2015-05-05,test
5016,6430000280,2014-12-16,development
5017,1140000190,2015-02-06,development
5018,8021700715,2014-05-14,development
5019,5151600170,2014-10-16,development
5020,8129700255,2015-02-13,development
5021,9285800345,2014-06-26,development
5022,5706200170,2014-12-16,development
5023,5536500020,2014-07-16,development
5024,0098000950,2014-12-10,development
5025,3362401611,2015-03-25,test
5026,6205500280,2015-04-21,test
5027,7199330010,2015-04-17,test
5028,1332200130,2014-08-22,development
5029,3244500078,2014-08-22,development
5030,3342102880,2014-08-11,development
5031,2557000630,2014-07-07,development
5032,1117200190,2014-08-04,development
5033,8122100130,2014-06-18,development
5034,9558040050,2014-09-19,development
5035,5702380630,2015-01-14,development
5036,3300790670,2014-06-20,development
5037,2558660190,2014-10-30,development
5038,4388000460,2014-10-14,development
5039,3224800010,2014-11-12,development
5040,1672000020,2014-11-26,development
5041,2767701416,2015-01-16,development
5042,7821200307,2015-02-17,development
5043,4219400290,2014-05-02,development
5044,6072650290,2015-04-06,test
5045,5647900670,2014-06-20,development
5046,1965200010,2014-11-10,development
5047,0319500080,2014-06-18,development
5048,9526500080,2014-07-29,development
5049,7856410430,2014-05-30,development
5050,8128700005,2014-11-19,development
5051,3444910020,2014-07-15,development
5052,2025700130,2015-01-29,development
5053,0224069134,2015-02-25,development
5054,4217400305,2015-03-31,test
5055,3288301410,2014-09-11,development
5056,9264950660,2015-03-10,test
5057,6744700285,2015-03-11,test
5058,7750500275,2014-08-07,development
5059,1125069153,2014-08-22,development
5060,1425059178,2014-05-07,development
5061,6671900130,2014-12-16,development
5062,3172600151,2015-03-25,test
5063,7237550020,2014-07-03,development
5064,1934800078,2014-09-30,development
5065,4385700660,2014-08-07,development
5066,0923000414,2015-04-19,test
5067,2624049167,2015-04-23,test
5068,8929000380,2014-08-05,development
5069,4221250010,2015-04-14,test
5070,8861500080,2014-09-30,development
5071,1592000780,2014-05-23,development
5072,2484200080,2014-07-29,development
5073,2322059136,2015-03-09,development
5074,2591820080,2014-11-03,development
5075,5729000080,2014-10-29,development
5076,5100402764,2015-04-15,test
5077,5454000010,2014-12-10,development
5078,5412300130,2014-11-19,development
5079,6873000190,2015-03-11,test
5080,9485300190,2014-10-09,development
5081,0326069132,2015-02-20,development
5082,3832061060,2014-08-07,development
5083,6918730130,2014-07-21,development
5084,7952800010,2014-05-19,development
5085,3834500417,2014-08-09,development
5086,5071700020,2014-07-03,development
5087,3826000470,2014-09-29,development
5088,0921059132,2014-08-13,development
5089,1926059027,2015-01-09,development
5090,1328320440,2014-12-10,development
5091,1972202005,2014-05-21,development
5092,2592201350,2015-03-24,test
5093,6430500293,2014-11-12,development
5094,6450300840,2015-04-27,test
5095,1189000225,2015-04-02,test
5096,7804700020,2014-08-12,development
5097,9542300430,2015-03-31,test
5098,1775930440,2014-06-23,development
5099,1725059182,2014-07-01,development
5100,3992700130,2014-07-08,development
5101,0824069193,2014-09-11,development
5102,3904910480,2014-07-31,development
5103,2877102651,2014-05-29,development
5104,9289100170,2014-10-31,development
5105,3797000680,2014-11-25,development
5106,3378900020,2014-10-23,development
5107,4180300050,2014-08-01,development
5108,7852010670,2014-07-09,development
5109,8562890280,2014-06-26,development
5110,3991400080,2014-12-16,development
5111,8651510020,2014-08-27,development
5112,3924500130,2015-05-06,test
5113,2533300130,2014-07-16,development
5114,0510002995,2015-04-07,test
5115,3825500080,2015-03-18,test
5116,8682231190,2014-10-21,development
5117,9412400185,2014-06-19,development
5118,7893804790,2014-10-10,development
5119,3630070010,2015-03-11,test
5120,0723049132,2014-10-22,development
5121,1432600415,2014-09-19,development
5122,3306200010,2014-06-05,development
5123,0425069102,2014-11-26,development
5124,1683600130,2014-12-10,development
5125,3741600020,2014-09-15,development
5126,5412101150,2015-02-03,development
5127,0509000020,2014-11-18,development
5128,1311500020,2014-07-03,development
5129,0662350050,2014-05-23,development
5130,3327020290,2015-02-20,development
5131,1086100130,2014-09-04,development
5132,2111011060,2014-06-18,development
5133,7852090280,2015-02-19,development
5134,2873000780,2015-02-20,development
5135,3530470190,2015-05-05,test
5136,5014600440,2015-02-23,development
5137,5049800005,2014-06-27,development
5138,7443001470,2014-05-20,development
5139,2771604640,2015-03-13,test
5140,7140200280,2014-07-15,development
5141,3793500780,2014-05-10,development
5142,5525400420,2014-05-14,development
5143,7986400305,2015-04-24,test
5144,3619600143,2014-05-05,development
5145,7787890050,2015-02-18,development
5146,2780700050,2014-11-06,development
5147,5595900280,2015-03-18,test
5148,7203220130,2015-01-27,development
5149,9406540130,2015-04-03,test
5150,9526600250,2015-04-20,test
5151,9542900190,2014-05-16,development
5152,3840700653,2014-12-12,development
5153,6084200080,2014-05-28,development
5154,3705900130,2014-05-23,development
5155,3333002385,2015-04-17,test
5156,3904910050,2014-10-23,development
5157,5556900080,2014-09-26,development
5158,4443800415,2015-03-21,test
5159,3791400250,2015-04-25,test
5160,9551201585,2014-07-01,development
5161,7856620050,2015-02-25,development
5162,9320200050,2014-12-16,development
5163,1954420380,2015-03-30,test
5164,0740500010,2014-08-07,development
5165,6673050020,2015-04-01,test
5166,1853081060,2015-04-16,test
5167,6308000020,2015-04-03,test
5168,1720800305,2014-11-19,development
5169,1682000280,2015-03-19,test
5170,3814800280,2015-04-17,test
5171,3352402195,2014-07-16,development
5172,9320600170,2015-03-24,test
5173,5205000250,2015-04-10,test
5174,9264920250,2014-07-10,development
5175,2473101190,2015-04-27,test
5176,5437820020,2014-08-07,development
5177,4067600275,2014-08-26,development
5178,6447300345,2015-04-06,test
5179,3905100280,2014-07-01,development
5180,9285800275,2014-08-14,development
5181,1891100130,2015-04-17,test
5182,1592000250,2014-10-13,development
5183,2328800130,2014-12-17,development
5184,6067910130,2015-03-25,test
5185,3333002790,2015-01-23,development
5186,9478400080,2014-05-12,development
5187,3450300020,2015-03-18,test
5188,2663000050,2014-09-26,development
5189,3145600250,2015-03-17,test
5190,6206100130,2014-06-26,development
5191,8944320420,2014-07-10,development
5192,0224069145,2015-04-01,test
5193,3363900280,2015-03-11,test
5194,7504110050,2014-06-26,development
5195,0624100950,2015-03-11,test
5196,9416400020,2014-08-27,development
5197,3578400950,2014-08-01,development
5198,4100000050,2014-10-30,development
5199,3475000080,2014-08-28,development
5200,7871500345,2014-12-02,development
5201,8857600680,2015-03-13,test
5202,2817100430,2015-05-11,test
5203,7649400170,2014-12-05,development
5204,4048400185,2014-10-22,development
5205,3303960250,2015-05-07,test
5206,2785000480,2015-01-08,development
5207,2926049400,2014-12-26,development
5208,5452302195,2014-12-30,development
5209,3528900980,2014-05-23,development
5210,3886901795,2015-04-22,test
5211,1868900675,2014-09-12,development
5212,4031000290,2015-04-08,test
5213,9264960480,2014-12-08,development
5214,3303980680,2015-02-28,development
5215,1775930010,2014-12-22,development
5216,3329520170,2014-05-21,development
5217,9321010130,2015-03-12,test
5218,7696600020,2015-01-28,development
5219,2690600005,2014-10-01,development
5220,0923049323,2014-07-14,development
5221,6705870080,2014-11-21,development
5222,3797710010,2015-04-28,test
5223,0098030630,2014-12-15,development
5224,8106300840,2014-07-21,development
5225,1074100020,2014-10-07,development
5226,0418000010,2015-04-22,test
5227,1782000130,2014-05-23,development
5228,2124079093,2015-01-12,development
5229,9828702890,2015-02-11,development
5230,3797001815,2015-02-17,development
5231,6979900080,2014-11-25,development
5232,7319900345,2014-08-25,development
5233,4346300010,2014-06-18,development
5234,2432000130,2015-04-14,test
5235,9165100130,2014-06-18,development
5236,0844000425,2014-12-23,development
5237,6076500364,2014-09-10,development
5238,9238430430,2015-04-30,test
5239,2854800095,2014-07-08,development
5240,0031200020,2015-03-19,test
5241,5364200381,2014-10-10,development
5242,1515910290,2014-08-25,development
5243,3459000020,2015-04-14,test
5244,3303000130,2015-01-16,purged
5245,3303000130,2015-04-28,test
5246,3235100080,2014-07-01,development
5247,7284900460,2014-11-20,development
5248,6332940020,2014-08-26,development
5249,8802400415,2014-06-25,development
5250,4131500190,2015-05-07,test
5251,7524400250,2014-08-22,development
5252,7524400250,2014-11-24,development
5253,4441300440,2014-05-12,development
5254,1898200080,2015-03-12,test
5255,1245003375,2015-04-08,test
5256,3574300250,2014-10-29,development
5257,5071400104,2014-06-26,development
5258,9287801150,2015-04-23,test
5259,8651431100,2015-01-16,development
5260,0236500010,2014-12-09,development
5261,1441800250,2015-01-26,development
5262,8929000050,2014-09-04,development
5263,0098030660,2015-03-11,test
5264,3905100380,2015-04-21,test
5265,1140000050,2014-11-26,development
5266,5561000010,2015-02-23,development
5267,8856920250,2014-05-30,development
5268,5100402668,2015-02-18,development
5269,2426049180,2014-10-14,development
5270,0205000010,2014-06-24,development
5271,7504060020,2015-01-22,development
5272,4204400098,2015-01-19,purged
5273,4204400098,2015-04-21,test
5274,2131200766,2014-05-22,development
5275,7760400480,2015-05-13,test
5276,1863900225,2014-10-28,development
5277,1787600224,2015-03-10,test
5278,0323089134,2014-09-30,development
5279,7663700759,2014-12-01,development
5280,3856904970,2014-08-18,development
5281,1126059007,2015-03-23,test
5282,2473002850,2015-01-13,development
5283,1112700130,2015-01-23,development
5284,0121059007,2014-08-08,development
5285,2896600020,2015-03-25,test
5286,9264900660,2014-09-19,development
5287,7754900280,2014-06-23,development
5288,9282801950,2014-08-18,development
5289,3123039063,2014-09-08,development
5290,2770606915,2014-10-20,development
5291,5379804690,2014-08-13,development
5292,6855700080,2014-07-14,development
5293,3856900507,2014-05-12,development
5294,3501600185,2014-09-15,development
5295,1068000235,2014-06-05,development
5296,7519000585,2015-03-11,test
5297,1562200380,2014-09-16,development
5298,7523700305,2014-10-12,development
5299,8807810050,2014-05-29,development
5300,3699100130,2014-10-02,development
5301,2215901650,2015-04-02,test
5302,1099900020,2014-12-11,development
5303,5128000010,2015-01-05,development
5304,3303980660,2014-06-03,development
5305,1155640050,2014-08-26,development
5306,8087800020,2014-05-15,development
5307,3293200190,2014-12-13,development
5308,1862000010,2014-08-28,development
5309,5711200170,2014-05-23,development
5310,8690800130,2014-11-04,development
5311,2768100545,2014-09-08,development
5312,2596400050,2014-07-30,development
5313,2641400290,2014-10-28,development
5314,3210600010,2014-10-31,development
5315,8691370290,2014-12-15,development
5316,1790000080,2015-02-03,development
5317,7116000425,2014-11-25,development
5318,8143100500,2014-12-13,development
5319,3735900545,2014-05-23,development
5320,1443500305,2014-10-13,development
5321,3649100103,2015-01-02,development
5322,6746700605,2015-01-28,development
5323,7999950020,2014-07-22,development
5324,9211500010,2015-03-27,test
5325,1324300290,2014-12-26,development
5326,8691310380,2015-01-28,development
5327,4037400430,2014-10-15,development
5328,0254000545,2014-10-23,development
5329,7214780020,2015-04-17,test
5330,0114100314,2015-03-18,test
5331,3629930170,2014-05-14,development
5332,2946002140,2014-08-12,development
5333,1432400525,2015-03-06,development
5334,7011201470,2014-10-15,development
5335,7697800170,2015-04-28,test
5336,8682291630,2014-10-07,development
5337,1775800420,2015-02-02,development
5338,2215901310,2014-11-14,development
5339,1440500020,2014-12-26,development
5340,6632900574,2014-08-06,development
5341,6632900574,2015-02-25,development
5342,7933510080,2014-10-06,development
5343,1926069063,2015-03-06,development
5344,0973600020,2014-10-02,development
5345,9558010190,2014-11-19,development
5346,0267010020,2014-07-11,development
5347,8097000170,2015-02-02,development
5348,9136100420,2015-04-08,test
5349,8929000280,2014-05-19,development
5350,7883603190,2014-07-22,development
5351,0203600470,2015-04-09,test
5352,8643200020,2014-05-06,development
5353,0322069153,2014-08-27,development
5354,2473450430,2014-05-27,development
5355,7574910780,2014-05-14,development
5356,3629980780,2014-09-18,development
5357,3332000091,2015-02-24,development
5358,3395041236,2014-10-23,development
5359,2310030500,2014-07-10,development
5360,8665050080,2014-10-10,development
5361,4037000840,2015-04-06,test
5362,2856101845,2014-07-24,development
5363,8078550250,2014-12-29,development
5364,1837000010,2015-03-02,development
5365,8691390280,2014-07-31,development
5366,2372800050,2014-05-21,development
5367,6600250050,2014-09-03,development
5368,7215900020,2014-12-09,development
5369,6450304600,2014-10-23,development
5370,2541100050,2014-07-31,development
5371,1853200080,2014-06-19,development
5372,3058600050,2014-09-19,development
5373,3148750050,2015-03-25,test
5374,8651400680,2014-08-13,development
5375,4359100050,2015-03-30,test
5376,5379806185,2015-03-06,development
5377,1737300130,2014-12-22,development
5378,2781200010,2014-10-10,development
5379,0269000221,2014-08-26,development
5380,6421100502,2014-09-15,development
5381,4136900190,2015-03-20,test
5382,8731980680,2015-01-12,development
5383,2095800250,2014-08-27,development
5384,3629920630,2015-03-25,test
5385,6817800840,2015-03-25,test
5386,7520000440,2015-02-09,development
5387,0587550470,2015-04-29,test
5388,6851700381,2015-04-14,test
5389,4077800029,2014-10-27,development
5390,7202350480,2014-09-30,development
5391,1021079099,2014-11-06,development
5392,6075000050,2014-07-16,development
5393,5467910020,2014-05-16,development
5394,0322069109,2015-05-05,test
5395,8658300480,2014-07-21,development
5396,9187200285,2014-05-05,development
5397,3670500605,2014-09-08,development
5398,2141330050,2014-05-20,development
5399,3820350020,2015-04-28,test
5400,3291800780,2015-02-03,development
5401,2423069120,2014-05-08,development
5402,6918100170,2015-03-19,test
5403,7169200221,2014-10-23,development
5404,3579000440,2014-08-13,development
5405,8860500130,2014-07-17,development
5406,1441800010,2014-12-08,development
5407,7129300595,2015-05-06,test
5408,4322300010,2014-06-06,development
5409,7229800066,2014-08-19,development
5410,3625059071,2015-01-08,development
5411,9517200480,2014-07-02,development
5412,0240000269,2015-01-24,development
5413,9835800840,2015-02-04,development
5414,8058500005,2015-02-03,development
5415,2568200170,2015-03-11,test
5416,9545250010,2014-11-07,development
5417,4140090420,2015-03-18,test
5418,3334000050,2014-07-21,development
5419,5101404144,2014-07-24,development
5420,7338001190,2014-10-17,development
5421,1865810290,2015-03-18,test
5422,2785000290,2014-05-07,development
5423,7955040080,2014-11-04,development
5424,5480900010,2014-06-23,development
5425,6362900080,2014-08-14,development
5426,4078300050,2015-05-04,test
5427,3528000545,2014-08-15,development
5428,0710300010,2015-01-27,development
5429,3764800630,2014-08-25,development
5430,6383000825,2015-03-25,test
5431,9465900500,2014-06-17,development
5432,2568200290,2014-08-26,development
5433,3885808005,2015-03-05,development
5434,3723800086,2014-06-24,development
5435,6840701150,2015-03-11,test
5436,7301300050,2014-11-19,development
5437,6381500635,2014-05-16,development
5438,3980300020,2015-03-10,test
5439,1923000050,2015-03-30,test
5440,7215720250,2014-12-10,development
5441,3123049230,2015-04-20,test
5442,8163000020,2015-01-26,development
5443,7893808220,2014-07-09,development
5444,0538000440,2015-05-01,test
5445,7883603390,2015-04-01,test
5446,7645900235,2014-07-10,development
5447,9232900050,2014-08-06,development
5448,7305300500,2014-12-15,development
5449,6065300840,2015-05-01,test
5450,7227500020,2015-01-23,development
5451,7237501190,2014-10-10,development
5452,0422000010,2014-11-06,development
5453,0826069127,2015-04-06,test
5454,9413600420,2014-06-12,development
5455,9151600541,2014-05-08,development
5456,3423059153,2014-10-08,development
5457,3630120190,2015-03-26,test
5458,2787320430,2014-06-18,development
5459,1672000170,2014-09-08,development
5460,2050000020,2014-06-24,development
5461,3221079069,2014-08-15,development
5462,7501000080,2014-11-21,development
5463,3500100078,2014-06-11,development
5464,9493200010,2014-06-23,development
5465,3905081350,2015-01-09,development
5466,6061000010,2015-05-04,test
5467,7635801350,2015-03-06,development
5468,7806210380,2015-02-20,development
5469,7577700440,2014-05-28,development
5470,3876810190,2014-11-13,development
5471,1224059049,2014-06-13,development
5472,3348401319,2014-05-12,development
5473,5589300585,2014-12-03,development
5474,3293700221,2014-10-21,development
5475,2013300050,2014-07-11,development
5476,0408100050,2014-08-27,development
5477,4178300080,2014-12-12,development
5478,2310040020,2015-04-09,test
5479,8698100170,2015-02-11,development
5480,1330910280,2015-04-27,test
5481,9413600670,2014-06-23,development
5482,3825500020,2015-02-18,development
5483,2500600289,2015-04-16,test
5484,4385701440,2014-09-26,development
5485,8645501330,2015-04-21,test
5486,2323069073,2014-06-22,development
5487,2475200080,2014-09-08,development
5488,9533600185,2015-04-01,test
5489,4139440460,2014-11-18,development
5490,1443500725,2015-04-23,test
5491,0984000780,2014-06-16,development
5492,7575610170,2015-04-23,test
5493,2025800080,2015-02-20,development
5494,1425059180,2015-03-24,test
5495,1310440280,2014-07-10,development
5496,2264500425,2014-06-20,development
5497,1721800470,2014-05-21,development
5498,2589300170,2015-03-24,test
5499,2338800161,2015-01-06,development
5500,0855700170,2015-02-25,development
5501,1431700250,2014-05-16,development
5502,7942601410,2014-05-14,development
5503,4151800420,2014-08-15,development
5504,5700003280,2015-04-19,test
5505,1105000780,2015-04-03,test
5506,4046400440,2014-08-06,development
5507,1089700010,2014-10-08,development
5508,2600040130,2014-07-11,development
5509,8121100715,2015-02-09,development
5510,1771000440,2014-09-04,development
5511,7875200005,2015-01-15,development
5512,1822069109,2014-09-10,development
5513,9283800050,2014-08-19,development
5514,0238000244,2014-06-17,development
5515,7972600430,2015-03-11,test
5516,6204200470,2015-03-18,test
5517,0123039420,2015-04-28,test
5518,1525059215,2015-02-24,development
5519,1787600094,2014-11-06,development
5520,2877101100,2014-11-10,development
5521,9406550050,2015-03-30,test
5522,0826069016,2014-12-12,development
5523,8732030080,2014-08-18,development
5524,2231000020,2014-08-12,development
5525,9407000840,2014-07-31,development
5526,1775800290,2014-08-01,development
5527,3821200050,2014-06-04,development
5528,3224510080,2014-11-20,development
5529,3626039415,2014-06-11,development
5530,9262800294,2014-09-22,development
5531,0127100005,2015-04-01,test
5532,3905040170,2015-03-20,test
5533,0148000680,2014-10-27,development
5534,0458000235,2015-03-25,test
5535,1445200050,2014-11-10,development
5536,7950300005,2014-05-28,development
5537,2726049169,2014-09-05,development
5538,8944550050,2015-05-08,test
5539,0623049341,2014-10-22,development
5540,7922900380,2014-10-30,development
5541,2248000080,2014-05-21,development
5542,9406540050,2014-09-05,development
5543,5416100190,2014-07-29,development
5544,7215720680,2015-02-03,development
5545,4307330280,2014-08-20,development
5546,1562000050,2015-04-28,test
5547,4307320280,2014-07-30,development
5548,0569000050,2014-07-03,development
5549,5700000595,2015-02-19,development
5550,8029200190,2014-11-07,development
5551,2896000680,2014-07-29,development
5552,9328500680,2015-02-02,development
5553,3295730050,2014-10-01,development
5554,3629970130,2014-07-10,development
5555,3574801310,2014-12-16,development
5556,4083802195,2015-03-19,test
5557,9238500480,2014-05-23,development
5558,9264910280,2015-04-22,test
5559,3630120380,2015-02-05,development
5560,0424069088,2014-09-04,development
5561,2954400020,2015-02-05,development
5562,2154550020,2014-11-11,development
5563,5420800010,2014-05-08,development
5564,2459950010,2014-07-22,development
5565,4019301300,2014-12-23,development
5566,3179100480,2014-08-06,development
5567,7942601155,2014-07-22,development
5568,2493200235,2015-03-11,test
5569,6338000014,2014-10-13,development
5570,1735800050,2015-04-09,test
5571,2783100050,2015-01-21,development
5572,1604600095,2014-07-08,development
5573,3080000005,2015-04-17,test
5574,2268000470,2014-12-31,development
5575,0807800190,2015-02-04,development
5576,1274500170,2015-05-06,test
5577,8857600780,2014-10-03,development
5578,5145000130,2014-09-25,development
5579,3288200470,2015-02-04,development
5580,1771000950,2014-11-06,development
5581,3818400050,2015-04-06,test
5582,0537000130,2014-09-08,development
5583,5127000420,2015-02-23,development
5584,8656300380,2014-05-06,development
5585,6632300161,2015-04-28,test
5586,0622100130,2014-09-17,development
5587,4028900048,2014-08-21,development
5588,0411100005,2014-09-22,development
5589,6447300225,2014-11-06,development
5590,5739600427,2015-03-11,test
5591,5412310080,2014-06-12,development
5592,2726049071,2014-12-11,purged
5593,2726049071,2015-04-08,test
5594,3764650050,2014-07-30,development
5595,3905030480,2014-06-17,development
5596,2345700500,2014-10-21,development
5597,8650300130,2014-09-08,development
5598,2923049372,2014-05-06,development
5599,5437200080,2015-02-04,development
5600,9808100185,2014-10-03,development
5601,4337000285,2015-02-24,development
5602,2891000010,2014-08-06,development
5603,7224000545,2014-08-25,development
5604,3243100080,2015-05-01,test
5605,3925000020,2015-02-24,development
5606,0546000020,2015-04-29,test
5607,8651611060,2014-08-04,development
5608,3024079063,2014-07-01,development
5609,3039000050,2014-12-01,development
5610,1839900080,2014-07-12,development
5611,4024101434,2014-08-08,development
5612,2824069142,2015-04-09,test
5613,2618300080,2014-05-02,development
5614,7785000010,2014-12-04,development
5615,4307330050,2014-07-21,development
5616,2867100005,2015-04-07,test
5617,3880900010,2014-06-04,development
5618,5255710010,2014-12-15,development
5619,3213200314,2014-12-26,development
5620,9834200950,2014-06-16,development
5621,3806000005,2014-10-30,development
5622,6204400170,2014-06-20,development
5623,2491200675,2014-09-12,development
5624,0098020480,2014-08-28,development
5625,8068000585,2014-08-27,development
5626,4345000170,2015-05-04,test
5627,3101500010,2015-04-20,test
5628,3291800660,2015-03-13,test
5629,3541600235,2014-10-28,development
5630,2923039217,2014-06-10,development
5631,7852010290,2014-07-10,development
5632,7695450010,2014-05-22,development
5633,3424069145,2014-09-25,development
5634,3578400500,2014-12-09,development
5635,4365200895,2015-04-17,test
5636,4027700321,2014-10-28,development
5637,7923600250,2015-05-15,test
5638,8122100290,2014-08-13,development
5639,7224000980,2014-06-10,development
5640,9521100280,2014-06-12,development
5641,7875400050,2014-08-27,development
5642,6204420290,2014-12-03,development
5643,1041440050,2015-04-28,test
5644,1626069178,2014-09-10,development
5645,3342101937,2015-04-10,test
5646,9178601630,2014-11-13,development
5647,5273200080,2014-09-29,development
5648,7701930010,2014-05-30,development
5649,6820100010,2014-06-16,development
5650,3066400130,2015-04-15,test
5651,0339600010,2014-10-17,development
5652,3391900130,2014-09-03,development
5653,7283900010,2015-02-23,development
5654,1113000430,2014-07-29,development
5655,5101405276,2014-06-09,development
5656,7796100050,2014-07-30,development
5657,2207200675,2014-05-02,development
5658,3622910190,2014-05-21,development
5659,9346930250,2014-09-26,development
5660,3886000010,2014-08-21,development
5661,6326000130,2014-12-02,development
5662,0686900010,2014-05-28,development
5663,1310000130,2014-09-24,development
5664,0139000185,2015-04-28,test
5665,4039000050,2014-07-14,development
5666,9253900417,2015-01-28,development
5667,4128500380,2015-04-27,test
5668,8159300050,2015-03-12,test
5669,1338600185,2014-06-24,development
5670,7625703900,2014-09-26,development
5671,2767700022,2015-01-13,development
5672,3914000095,2014-07-18,development
5673,7334501410,2014-11-21,development
5674,2597710050,2014-06-24,development
5675,7933250050,2014-10-28,development
5676,2600140500,2014-12-16,development
5677,3876810170,2015-05-05,test
5678,3740000010,2014-10-09,development
5679,6895300050,2014-10-02,development
5680,6645900010,2014-11-20,development
5681,9413600380,2014-08-01,development
5682,2115720500,2014-10-23,development
5683,2202500255,2015-03-05,development
5684,2207100255,2014-05-15,development
5685,8035350010,2014-07-15,development
5686,1555300010,2015-02-06,development
5687,6135300010,2014-12-04,development
5688,1321730470,2015-01-27,development
5689,4083306345,2015-05-04,test
5690,1453602360,2015-04-06,test
5691,2025600280,2015-04-06,test
5692,1423800380,2015-03-12,test
5693,2113701100,2014-08-26,development
5694,3578401060,2014-12-16,purged
5695,3578401060,2015-05-04,test
5696,7691800020,2014-07-09,development
5697,8682230950,2015-03-17,test
5698,7202360010,2014-07-07,development
5699,2125049120,2014-05-05,development
5700,5540000010,2014-08-15,development
5701,1552800010,2015-03-11,test
5702,1118002000,2014-06-24,development
5703,8564600080,2014-11-06,development
5704,1446800660,2015-03-16,test
5705,2624079022,2014-10-20,development
5706,5051800130,2014-07-24,development
5707,7940700190,2014-08-13,development
5708,5422810010,2014-08-19,development
5709,3529200190,2014-05-14,development
5710,8944320280,2015-04-02,test
5711,3222069153,2014-10-24,development
5712,7211300050,2014-09-30,development
5713,1545806980,2014-06-30,development
5714,9297300255,2014-07-16,development
5715,4139400280,2014-10-08,development
5716,9201300020,2014-08-11,development
5717,8663280080,2014-12-23,development
5718,0098000980,2015-04-27,test
5719,1796100010,2014-09-11,development
5720,2781280290,2015-04-27,test
5721,1448800010,2014-09-01,development
5722,1526079026,2014-08-13,development
5723,1788800630,2014-10-29,development
5724,1788800630,2015-02-25,development
5725,8864000250,2014-08-27,development
5726,7972600670,2014-06-24,development
5727,4077800094,2015-02-02,development
5728,9834200440,2014-06-24,development
5729,1245002125,2014-06-04,development
5730,5634500170,2014-08-19,development
5731,1954400500,2014-06-25,development
5732,9528102771,2014-09-04,development
5733,2895600095,2014-07-16,development
5734,2921079027,2014-09-24,development
5735,0524059323,2015-02-19,development
5736,0824069173,2014-08-21,development
5737,2678100005,2015-02-12,development
5738,2025700080,2014-07-10,development
5739,6613000585,2015-01-08,development
5740,2597000006,2015-03-09,development
5741,1923300170,2015-01-09,development
5742,1224049005,2014-07-08,development
5743,4123840050,2014-06-30,development
5744,1937300280,2014-10-30,development
5745,9183703376,2014-05-13,development
5746,9542801310,2015-05-13,test
5747,2771104830,2014-06-11,development
5748,7967650010,2015-02-10,development
5749,6744701310,2015-04-15,test
5750,3131201310,2014-09-30,development
5751,3630180500,2014-10-06,development
5752,7624700050,2014-12-23,development
5753,3274800460,2014-05-20,development
5754,1939000010,2014-06-19,development
5755,4139490190,2014-07-11,development
5756,6381500170,2014-08-26,development
5757,6381500170,2015-01-16,development
5758,1954420170,2014-05-21,development
5759,1954420170,2014-11-13,development
5760,0623059016,2014-07-17,development
5761,6181400470,2015-01-27,development
5762,3904920980,2014-09-09,development
5763,7215730430,2014-09-03,development
5764,0475000190,2015-01-09,development
5765,2877100235,2014-12-22,development
5766,7893202340,2014-07-21,development
5767,9238430190,2015-04-28,test
5768,1939120050,2015-03-03,development
5769,9197800010,2014-10-17,development
5770,5248800250,2015-04-27,test
5771,4457300630,2014-07-16,development
5772,2228900161,2014-10-08,development
5773,6817850050,2015-02-17,development
5774,1775800280,2015-02-26,development
5775,0263000050,2014-10-31,development
5776,1870400470,2014-11-13,development
5777,7839300185,2015-02-06,development
5778,2426039130,2014-06-10,development
5779,2938200170,2015-03-20,test
5780,1954440050,2014-07-25,development
5781,2224079001,2015-01-26,development
5782,0200520080,2014-08-01,development
5783,2195900010,2014-07-14,development
5784,5707500050,2014-07-18,development
5785,8929000130,2014-07-08,development
5786,2944000170,2014-06-11,development
5787,8682262330,2014-09-30,development
5788,4167800130,2015-05-01,test
5789,1624079088,2014-08-11,development
5790,7370600050,2014-08-19,development
5791,2025059134,2015-01-13,development
5792,7522500020,2014-05-27,development
5793,1125069134,2015-04-30,test
5794,8032700010,2014-07-16,development
5795,2473370050,2014-06-04,development
5796,3276930050,2014-07-28,development
5797,3211230080,2014-07-28,development
5798,7519000471,2014-06-25,development
5799,8563000130,2014-07-17,development
5800,2770604103,2014-07-31,development
5801,3581000020,2014-09-26,development
5802,9432750190,2014-11-12,development
5803,1622059088,2014-06-26,development
5804,5559900080,2014-11-04,development
5805,7202260780,2015-01-20,development
5806,8651410950,2015-04-30,test
5807,7843500080,2015-02-25,development
5808,3205400290,2015-04-06,test
5809,7129300420,2014-12-02,development
5810,0263000280,2014-12-02,development
5811,2919200280,2014-12-08,development
5812,2769602880,2014-10-02,development
5813,8078440050,2014-07-30,development
5814,1922069071,2015-04-24,test
5815,7518502945,2014-05-19,development
5816,7568700480,2015-03-23,test
5817,9577800005,2014-10-22,development
5818,7436050170,2015-01-12,development
5819,7200001259,2015-05-01,test
5820,4127000095,2014-10-29,development
5821,1934800086,2014-11-20,development
5822,3361401025,2014-11-26,development
5823,7430500415,2014-07-25,development
5824,1622049182,2014-06-25,development
5825,7749500250,2014-08-27,development
5826,1773101159,2015-01-07,development
5827,9829200250,2015-01-05,development
5828,3303860130,2014-12-03,development
5829,9359100500,2014-05-27,development
5830,1250203860,2014-10-30,development
5831,2386000170,2015-03-26,test
5832,5702500050,2014-11-04,development
5833,2600000050,2014-08-27,development
5834,7856640170,2014-07-08,development
5835,5540800130,2015-03-18,test
5836,7955060010,2014-06-13,development
5837,7760400470,2015-04-14,test
5838,9551202130,2014-07-14,development
5839,4345000050,2014-06-30,development
5840,7334501440,2014-10-21,development
5841,1523069215,2014-06-03,development
5842,5525400430,2014-07-15,development
5843,0871001611,2014-07-01,development
5844,1685200190,2015-01-15,development
5845,1982200675,2015-05-06,test
5846,1201500010,2015-03-30,test
5847,1822360080,2014-12-11,development
5848,4113800500,2015-02-12,development
5849,4299700095,2014-05-16,development
5850,3585900500,2015-04-02,test
5851,0326069026,2015-01-21,development
5852,4070700290,2015-02-26,development
5853,7625703800,2015-04-24,test
5854,0643400130,2015-03-04,development
5855,2877103070,2015-02-23,development
5856,0421000185,2014-06-11,development
5857,2113700825,2014-07-31,development
5858,0623049093,2014-05-22,development
5859,4348800080,2014-07-11,development
5860,3762900010,2014-07-15,development
5861,3578401700,2014-07-01,development
5862,1211000280,2015-05-04,test
5863,1324300091,2014-05-28,development
5864,4141800285,2014-07-14,development
5865,1524079088,2014-05-09,development
5866,9320900420,2014-10-14,development
5867,7349800780,2014-08-05,development
5868,1196002948,2015-02-18,development
5869,5631500213,2014-05-15,development
5870,3416601045,2014-06-23,development
5871,9828701650,2014-11-25,development
5872,6071300500,2014-08-15,development
5873,6072760670,2014-12-03,development
5874,9141100255,2015-04-29,test
5875,2824600290,2015-04-03,test
5876,2787720170,2014-09-29,development
5877,9826701735,2014-11-12,development
5878,1703050420,2015-03-30,test
5879,4060000440,2015-02-04,development
5880,2525049148,2014-10-07,development
5881,8857310010,2014-12-19,development
5882,1823049178,2015-01-23,development
5883,4364200250,2014-12-01,development
5884,8682260480,2014-05-28,development
5885,1250200345,2014-10-24,development
5886,9808590460,2015-02-18,development
5887,7818700480,2015-04-09,test
5888,2792000010,2015-04-23,test
5889,1705400244,2015-04-02,test
5890,9358002375,2015-03-05,development
5891,8944320470,2014-06-23,development
5892,6372000101,2014-08-20,development
5893,2877100655,2014-12-08,development
5894,9378500050,2014-10-06,development
5895,3790600080,2015-04-08,test
5896,8944360080,2014-07-08,development
5897,7979900225,2015-03-23,test
5898,3163600130,2015-03-17,test
5899,4139380050,2014-06-16,development
5900,2749600095,2014-08-19,development
5901,7852160250,2014-10-24,development
5902,3303980500,2014-09-05,development
5903,1250200605,2015-03-25,test
5904,8887001640,2014-11-06,development
5905,2122059127,2014-09-16,development
5906,5700001045,2014-06-22,development
5907,7331900290,2014-07-31,development
5908,7844200415,2014-07-02,development
5909,4055700345,2014-07-14,development
5910,2923049421,2014-07-02,development
5911,1860600840,2014-08-15,development
5912,5095400460,2014-07-23,development
5913,3819750170,2015-03-10,test
5914,5021900779,2015-04-04,test
5915,4206901155,2014-09-24,development
5916,6303400290,2015-01-26,development
5917,7871500440,2014-10-14,development
5918,6085000130,2015-03-21,test
5919,1896700080,2015-01-05,development
5920,6197800101,2014-08-05,development
5921,7802900380,2014-09-08,development
5922,3024059126,2014-07-03,development
5923,7128300630,2015-03-30,test
5924,7626200305,2014-10-22,development
5925,7950300670,2015-02-18,development
5926,1233100321,2015-03-27,test
5927,9238500190,2014-12-02,development
5928,1972201856,2014-05-07,development
5929,0624110920,2014-07-25,development
5930,5003600080,2015-04-14,test
5931,0853600020,2014-07-10,development
5932,7625704317,2015-05-03,test
5933,2946000912,2014-09-23,development
5934,4188000670,2014-05-15,development
5935,5215200010,2014-06-26,development
5936,2911700020,2014-07-21,development
5937,0185000161,2014-10-15,development
5938,2140700190,2015-04-10,test
5939,9406600050,2014-05-12,development
5940,2473000470,2014-07-08,development
5941,5100403952,2015-02-25,development
5942,2024059127,2015-01-09,development
5943,1483300430,2014-11-25,development
5944,0291300170,2014-05-09,development
5945,9117000170,2015-05-05,test
5946,0461004095,2014-07-21,development
5947,9547201850,2014-07-23,development
5948,7942100290,2014-09-10,development
5949,4336000050,2015-03-17,test
5950,2571910420,2014-08-19,development
5951,8802400896,2014-10-23,development
5952,3630010020,2014-12-29,development
5953,6793300010,2014-12-15,development
5954,7852020250,2014-06-02,development
5955,2473400290,2015-01-26,development
5956,3328500250,2014-05-02,development
5957,0629420080,2014-08-20,development
5958,2524049215,2015-05-01,test
5959,8663310050,2014-10-06,development
5960,4083304835,2014-10-23,development
5961,8155800050,2015-04-22,test
5962,4403200255,2014-07-22,development
5963,5379800500,2014-09-30,development
5964,7010700660,2015-04-28,test
5965,9406540190,2014-11-10,development
5966,1795920250,2015-02-27,development
5967,5249800010,2014-12-03,development
5968,8651510420,2014-12-11,development
5969,1422700080,2014-06-10,development
5970,5468780250,2014-05-08,development
5971,3723800415,2014-10-15,development
5972,1545800290,2014-09-05,purged
5973,1545800290,2015-04-08,test
5974,2804100095,2014-05-16,development
5975,7282300095,2014-07-09,development
5976,0930000289,2015-03-16,test
5977,2822059181,2015-04-13,test
5978,1761100080,2014-07-17,development
5979,2953000250,2014-07-31,development
5980,3416600185,2014-11-06,development
5981,0927200380,2015-04-20,test
5982,7922750020,2014-07-08,development
5983,0259600050,2015-02-23,development
5984,3298300420,2015-03-31,test
5985,1310440470,2015-01-13,development
5986,3438502668,2014-08-29,development
5987,5591700290,2014-05-15,development
5988,4172100050,2014-08-25,development
5989,9275700005,2015-04-27,test
5990,1089000190,2015-04-12,test
5991,9523103000,2014-10-20,development
5992,2781270440,2014-05-19,development
5993,2105200050,2014-06-19,development
5994,7625703637,2014-08-28,development
5995,2926049408,2014-10-09,development
5996,3224079005,2014-10-09,development
5997,5147600095,2015-01-21,development
5998,2413900050,2014-12-01,development
5999,3820350050,2014-10-24,development
6000,8910500675,2014-05-19,development
6001,1461200020,2015-03-10,test
6002,0722079056,2014-10-06,development
6003,8663370020,2014-08-06,development
6004,2568200130,2014-05-16,development
6005,8947800080,2014-11-05,development
6006,1545803390,2014-11-11,development
6007,1088030010,2014-10-05,development
6008,1829700080,2014-12-12,development
6009,2125049024,2014-06-20,development
6010,5706200020,2015-02-06,development
6011,2316400285,2015-05-13,test
6012,7588700080,2015-04-21,test
6013,7853310380,2014-12-11,development
6014,6821101870,2014-05-05,development
6015,9551201660,2014-06-13,development
6016,3530500010,2014-09-30,development
6017,7387500185,2014-05-21,development
6018,1626079132,2014-06-05,development
6019,8854100130,2014-09-11,development
6020,2123049142,2014-08-14,development
6021,3423059109,2015-04-15,test
6022,5631500992,2014-05-15,development
6023,6641800020,2015-01-09,development
6024,7853301700,2015-04-20,test
6025,2158900290,2015-04-16,test
6026,2273600250,2014-08-04,development
6027,3298700840,2014-08-21,development
6028,5450500010,2015-03-13,test
6029,3629870020,2014-11-14,development
6030,8856700130,2014-06-12,development
6031,6381502155,2015-01-16,development
6032,1443550080,2015-03-30,test
6033,2205700345,2014-07-07,development
6034,6926700660,2014-09-11,development
6035,3279050130,2014-09-10,development
6036,2770606890,2014-08-07,development
6037,2867100190,2014-06-18,development
6038,8562600190,2014-06-23,development
6039,5680000545,2014-12-03,development
6040,1922059027,2015-01-23,development
6041,1725059316,2014-11-20,development
6042,3275300440,2014-11-20,development
6043,0952001735,2014-10-04,development
6044,1402950190,2014-09-16,development
6045,4045100190,2014-10-27,development
6046,1207200010,2015-03-18,test
6047,6815100095,2014-12-23,development
6048,3825310130,2014-06-24,development
6049,3276930380,2014-05-23,development
6050,8937600080,2015-01-26,development
6051,8024200010,2014-10-28,development
6052,0624110020,2014-09-25,development
6053,6192410280,2015-01-02,development
6054,4302201045,2014-05-28,development
6055,0507100020,2015-03-09,development
6056,0259600280,2015-04-06,test
6057,7691800130,2014-08-26,development
6058,2056100275,2014-10-06,development
6059,2202500080,2014-06-30,development
6060,3179102155,2015-01-08,development
6061,0937000280,2015-02-20,development
6062,5379805253,2014-10-20,development
6063,6821102340,2015-05-04,test
6064,7229900250,2014-12-02,development
6065,7287100177,2015-02-25,development
6066,8820900670,2014-06-23,development
6067,3275850020,2015-04-13,test
6068,9528100899,2015-04-28,test
6069,7016000440,2014-07-16,development
6070,7202340010,2015-02-24,development
6071,6911700066,2014-06-04,development
6072,7511000050,2015-03-02,development
6073,2925059260,2015-05-06,test
6074,3558000170,2014-07-11,development
6075,8651730290,2014-08-05,development
6076,9197100263,2014-08-19,development
6077,8941100095,2014-09-23,development
6078,2781100080,2014-12-10,development
6079,9822700190,2014-08-08,development
6080,3630030290,2014-10-17,development
6081,9510910250,2015-01-20,development
6082,8682231330,2015-05-04,test
6083,2473480780,2015-03-11,test
6084,8641500280,2014-05-22,development
6085,7605800050,2014-06-02,development
6086,9828200525,2014-08-15,development
6087,7971300050,2014-07-10,development
6088,0126049169,2014-08-28,development
6089,5062300280,2015-04-16,test
6090,7167000020,2014-06-16,development
6091,3303910010,2015-02-20,development
6092,2268000050,2014-07-21,development
6093,8857640170,2015-05-06,test
6094,7806210190,2014-12-22,development
6095,9206700190,2015-03-06,development
6096,4136930190,2014-10-28,development
6097,5666300010,2014-07-22,development
6098,1424059022,2014-07-08,development
6099,6204050080,2014-05-28,development
6100,7128300500,2014-12-30,development
6101,1233100642,2014-07-22,development
6102,0222029026,2014-09-17,development
6103,9485940290,2015-05-12,test
6104,4136890280,2015-03-27,test
6105,1775500050,2015-01-29,development
6106,7611200086,2014-06-02,development
6107,3376600010,2014-12-01,development
6108,7519001990,2014-10-27,development
6109,7613700950,2014-06-10,development
6110,3802000020,2014-07-09,development
6111,1796360470,2014-06-17,development
6112,8732160050,2014-08-22,development
6113,5249800345,2014-06-19,development
6114,6071200545,2014-05-05,development
6115,0291300280,2015-02-18,development
6116,3261000080,2015-03-10,test
6117,0321049127,2014-10-28,development
6118,5379804393,2015-02-17,development
6119,1559900080,2014-11-21,development
6120,7135300275,2014-09-04,development
6121,1377300005,2015-04-01,test
6122,6668900020,2015-03-18,test
6123,0326049024,2015-04-10,test
6124,7942600006,2014-11-26,development
6125,6430500233,2015-04-16,test
6126,7701800050,2014-06-25,development
6127,8165501640,2014-08-19,development
6128,2623069069,2014-09-11,development
6129,8024201870,2014-10-29,development
6130,9126101511,2015-04-28,test
6131,1377800010,2014-11-19,development
6132,6813600380,2014-12-24,development
6133,0923000280,2014-07-22,development
6134,0255550190,2014-07-22,development
6135,1829300130,2014-07-17,development
6136,3645500050,2014-05-14,development
6137,1518000080,2015-02-23,development
6138,7883605915,2015-05-08,test
6139,1112700170,2015-02-27,development
6140,8965500020,2015-03-17,test
6141,0323059167,2014-07-23,development
6142,1951700480,2014-08-13,development
6143,2005950050,2014-05-27,development
6144,9406500480,2015-04-20,test
6145,3522049063,2015-04-02,test
6146,2085700050,2014-08-26,development
6147,6751300130,2014-08-13,development
6148,2610100020,2015-04-08,test
6149,9476200680,2015-04-28,test
6150,6145600285,2014-05-29,development
6151,0203900460,2014-07-28,development
6152,7878400022,2015-05-06,test
6153,3585900460,2015-05-01,test
6154,1321720170,2014-08-17,development
6155,0236400130,2015-01-23,development
6156,4141680190,2014-08-07,development
6157,3629980440,2015-04-28,test
6158,1223039173,2015-04-29,test
6159,2473000130,2014-06-26,development
6160,2893000280,2015-05-01,test
6161,7977201845,2014-05-14,development
6162,4197400005,2014-06-20,development
6163,5561200980,2014-10-03,development
6164,3039000020,2014-09-16,development
6165,6840701100,2014-12-02,development
6166,2130410050,2014-05-13,development
6167,1924079091,2015-01-13,development
6168,3570300080,2014-10-28,development
6169,2321300351,2014-06-12,development
6170,2652501630,2015-05-04,test
6171,3810000020,2015-03-18,test
6172,8084400010,2015-03-16,test
6173,0304000380,2014-10-06,development
6174,1873400020,2014-07-03,development
6175,4359700080,2014-07-21,development
6176,1727500010,2015-01-07,development
6177,8651610680,2014-08-01,development
6178,3629970190,2015-01-26,development
6179,9136102057,2014-09-05,development
6180,1266200130,2014-06-15,development
6181,2787310130,2014-12-12,development
6182,8645511350,2014-12-01,development
6183,9284801435,2014-12-03,development
6184,3905010010,2014-07-18,development
6185,4058801310,2014-10-09,development
6186,6705850020,2015-04-01,test
6187,1623800440,2015-04-17,test
6188,3904902500,2014-12-19,development
6189,7308600050,2014-09-09,development
6190,5679501310,2014-10-30,development
6191,3935900005,2015-05-01,test
6192,3726800285,2014-10-01,development
6193,1183000005,2015-04-08,test
6194,5469502780,2014-08-12,development
6195,9185700440,2014-07-28,development
6196,0629600130,2014-08-01,development
6197,9178601660,2015-05-14,test
6198,2191600780,2014-10-10,development
6199,7852180430,2015-04-09,test
6200,8155820080,2015-04-15,test
6201,5248800440,2015-02-17,development
6202,9818700430,2014-10-01,development
6203,0425079099,2014-05-07,development
6204,5127000670,2015-03-18,test
6205,6341000221,2015-04-23,test
6206,7231501665,2015-04-03,test
6207,5014000225,2014-12-22,development
6208,4401200130,2014-08-19,development
6209,1558500050,2014-11-13,development
6210,8899000050,2015-03-25,test
6211,2877102846,2014-06-25,development
6212,7280300080,2015-02-02,development
6213,3624039073,2015-03-19,test
6214,3271300345,2015-03-23,test
6215,6190701483,2014-05-14,development
6216,0414100630,2014-07-29,development
6217,7686202275,2014-12-09,development
6218,5113260170,2015-01-13,development
6219,2421059090,2015-05-11,test
6220,2770601734,2014-06-30,development
6221,4222310290,2014-08-19,development
6222,5016001060,2014-05-30,development
6223,5445300050,2015-04-08,test
6224,7370600020,2014-10-07,development
6225,5127000470,2015-03-05,development
6226,1330250010,2014-06-04,development
6227,1898600050,2014-07-22,development
6228,9561100010,2014-11-04,development
6229,9524100050,2014-12-22,development
6230,2212200500,2014-06-23,development
6231,5416500680,2014-06-30,development
6232,6412600005,2014-10-03,development
6233,2024069008,2014-06-19,development
6234,2195700050,2014-05-19,development
6235,1437580480,2014-09-18,development
6236,2796100680,2015-02-25,development
6237,7203102140,2015-04-29,test
6238,0040000235,2015-04-14,test
6239,2946000285,2015-03-02,development
6240,6848200221,2014-09-02,development
6241,0952004725,2014-11-06,development
6242,7852110050,2014-06-25,development
6243,5536100010,2015-02-04,development
6244,5703000050,2014-05-08,development
6245,6071800480,2015-03-27,test
6246,1954600050,2014-07-16,development
6247,3819800280,2014-08-19,development
6248,7300400170,2014-09-10,development
6249,9834201100,2014-12-22,development
6250,8850000509,2014-09-23,development
6251,4123840470,2015-02-24,development
6252,1150900080,2015-04-27,test
6253,0514500235,2014-10-20,development
6254,1522059120,2014-07-09,development
6255,2895600680,2014-07-07,development
6256,8087800480,2015-03-31,test
6257,7931000066,2014-12-24,development
6258,5406500480,2014-07-21,development
6259,2540820010,2015-04-27,test
6260,3300700470,2014-05-14,development
6261,8823902005,2015-03-26,test
6262,6003001760,2014-09-24,development
6263,1432400095,2014-11-06,development
6264,2483700095,2014-11-06,development
6265,6600220380,2014-05-31,development
6266,3990200020,2014-09-08,development
6267,0112900020,2014-07-01,development
6268,8700110020,2014-09-17,development
6269,9831200221,2014-07-10,development
6270,8078400010,2014-11-18,development
6271,9550200225,2014-07-11,development
6272,2946001950,2015-05-05,test
6273,3905050280,2014-08-19,development
6274,3026059341,2014-12-11,development
6275,7292700005,2014-10-14,development
6276,8856970440,2015-05-06,test
6277,7504001440,2014-09-15,development
6278,8068000305,2014-11-04,development
6279,1681400010,2014-05-19,development
6280,6850700670,2014-05-13,development
6281,1546600020,2015-01-14,development
6282,8071000050,2014-11-13,development
6283,1036000280,2015-02-17,development
6284,5422560380,2014-12-22,development
6285,1762600280,2014-07-14,development
6286,5416500840,2014-06-27,development
6287,3523069008,2015-05-05,test
6288,8001210170,2014-08-22,development
6289,6806300920,2014-06-10,development
6290,9826701665,2014-07-25,development
6291,2253200010,2015-05-07,test
6292,1941400080,2014-10-20,development
6293,3317010130,2015-03-17,test
6294,1721059230,2015-03-04,development
6295,9328500630,2015-03-02,development
6296,6301800020,2014-05-06,development
6297,7855000460,2014-10-07,development
6298,9320350020,2014-06-30,development
6299,7849201061,2015-04-08,test
6300,3885805640,2014-07-04,development
6301,8960200630,2015-02-20,development
6302,1736800920,2015-04-21,test
6303,6152900402,2014-06-19,development
6304,9822700255,2014-05-05,development
6305,1423069102,2015-03-31,test
6306,5279100675,2014-10-28,development
6307,2524049056,2014-07-14,development
6308,4232400470,2014-05-27,development
6309,8562740440,2014-09-09,development
6310,8114000020,2015-01-28,development
6311,6600780130,2014-05-02,development
6312,5100403947,2014-08-04,development
6313,1189000825,2014-07-02,development
6314,3066400080,2014-06-02,development
6315,2214800630,2014-11-05,development
6316,4027701253,2014-08-13,development
6317,9547205260,2014-08-15,development
6318,9320600020,2015-01-30,development
6319,2807100095,2014-09-08,development
6320,8067000020,2014-06-11,development
6321,8731980440,2014-10-16,development
6322,5112800233,2014-09-09,development
6323,6141600179,2014-11-12,development
6324,8122100595,2014-06-27,development
6325,5467910190,2014-05-27,development
6326,0808300460,2014-08-11,development
6327,7785350010,2015-04-02,test
6328,2133020020,2015-01-16,development
6329,2588800006,2014-10-21,development
6330,5169700022,2014-09-15,development
6331,5416500660,2015-04-30,test
6332,6117502745,2015-02-24,development
6333,2624049169,2014-12-11,development
6334,1426300842,2015-04-28,test
6335,0824059321,2014-06-02,development
6336,0126049217,2014-06-04,development
6337,2201500185,2014-08-08,development
6338,1972205790,2014-12-11,development
6339,6843000080,2014-07-09,development
6340,1442700250,2014-07-16,development
6341,2607760680,2015-04-16,test
6342,3523059056,2014-06-18,development
6343,1657530010,2015-02-24,development
6344,7276100020,2015-04-14,test
6345,9828200460,2014-06-27,development
6346,9828200460,2015-01-06,development
6347,5608000840,2014-07-24,development
6348,5422560470,2014-12-03,development
6349,0446000020,2014-09-13,development
6350,9476200545,2015-01-27,development
6351,8648100130,2015-04-29,test
6352,9358002232,2014-10-19,development
6353,2212900920,2014-07-22,development
6354,6149700380,2015-02-06,development
6355,4340000080,2015-03-27,test
6356,3751605432,2014-05-13,development
6357,6384300020,2014-06-23,development
6358,3450300430,2015-01-05,development
6359,1245001763,2015-03-03,development
6360,7853240660,2014-08-20,development
6361,3723800414,2015-03-20,test
6362,5104500020,2014-06-17,development
6363,5438000080,2014-12-10,development
6364,9498200091,2014-09-25,development
6365,1498301213,2015-03-11,test
6366,2652500285,2014-10-28,development
6367,5127000430,2014-12-01,development
6368,4017110020,2014-06-30,development
6369,3336001946,2015-03-07,development
6370,5253300387,2015-01-28,development
6371,9222400605,2014-11-15,purged
6372,9222400605,2015-04-11,test
6373,2163300130,2014-10-01,development
6374,8662500130,2014-12-09,development
6375,1770000130,2014-11-26,development
6376,1888120080,2014-09-22,development
6377,0862000020,2015-02-06,development
6378,7199100020,2014-07-14,development
6379,9169600275,2014-07-23,development
6380,2767601815,2015-03-17,test
6381,7853221330,2014-12-03,development
6382,7504010780,2014-12-26,development
6383,5015000190,2014-06-25,development
6384,8682260470,2014-06-19,development
6385,4122700020,2014-07-10,development
6386,8850000285,2014-06-12,development
6387,4174600185,2014-06-22,development
6388,7229800430,2014-07-23,development
6389,0042000130,2014-09-24,development
6390,4139430250,2015-03-30,test
6391,9834201470,2014-12-18,development
6392,4058801702,2015-02-06,development
6393,3363400655,2014-07-24,development
6394,8700500020,2014-11-26,development
6395,8148600020,2014-09-26,development
6396,8651430780,2014-07-15,development
6397,1432400345,2015-04-21,test
6398,2524049148,2015-03-17,test
6399,2475900840,2015-04-27,test
6400,7452500190,2014-10-16,development
6401,3459000050,2014-06-10,development
6402,2624049091,2015-03-13,test
6403,1138000250,2014-05-21,development
6404,4399210130,2014-06-26,development
6405,2770601365,2015-02-24,development
6406,7272000980,2015-02-26,development
6407,1566100010,2015-04-14,test
6408,6338000592,2014-08-20,development
6409,2815600305,2015-04-22,test
6410,0561500290,2014-07-11,development
6411,3905080280,2015-03-04,development
6412,0925069071,2015-01-26,development
6413,2426049174,2014-10-29,development
6414,9407600250,2015-03-27,test
6415,7955050170,2015-04-10,test
6416,7224000950,2014-11-03,development
6417,0464001025,2014-09-18,development
6418,5569700020,2014-07-30,development
6419,1310910290,2015-05-07,test
6420,5104531640,2015-03-23,test
6421,1025039145,2014-06-13,development
6422,5406500170,2014-10-24,development
6423,1826049426,2015-01-05,development
6424,2011000010,2014-05-02,development
6425,9368700006,2015-03-24,test
6426,8016250080,2014-07-09,development
6427,4053200285,2014-08-11,development
6428,5411600020,2015-03-04,development
6429,0847100078,2014-08-18,development
6430,4232903295,2015-04-16,test
6431,7979900680,2015-03-05,development
6432,0492000532,2015-02-22,development
6433,2310000430,2015-05-07,test
6434,8832900780,2014-10-13,purged
6435,8832900780,2015-04-08,test
6436,3249500020,2015-04-06,test
6437,8651442810,2014-07-10,development
6438,8564500020,2015-01-27,development
6439,3019300050,2014-07-31,development
6440,2460900020,2014-07-30,development
6441,2698200010,2015-05-13,test
6442,0104560010,2014-06-10,development
6443,5710610430,2015-03-13,test
6444,0034000005,2014-06-18,development
6445,7349400420,2014-11-05,development
6446,3298300130,2015-02-06,development
6447,7312400080,2014-07-14,development
6448,3356404198,2015-01-29,development
6449,2344300122,2014-08-08,development
6450,3904901330,2014-08-20,development
6451,7524100280,2014-06-12,development
6452,2473390440,2014-12-02,development
6453,2215800050,2015-04-15,test
6454,2769602475,2014-05-09,development
6455,9183700470,2014-05-27,development
6456,1337800284,2014-08-27,development
6457,3867400130,2014-07-09,development
6458,7856410020,2015-03-09,development
6459,9477730080,2014-12-10,development
6460,3300760020,2014-08-26,development
6461,0148000440,2014-08-18,development
6462,1708400595,2014-07-25,development
6463,9264901680,2015-03-23,test
6464,3226079091,2014-09-12,development
6465,2877104175,2014-09-10,development
6466,8843900396,2014-07-14,development
6467,1425059193,2014-10-09,development
6468,5694000768,2014-09-22,development
6469,8732190460,2015-05-05,test
6470,0723099028,2014-06-26,development
6471,4139480190,2014-09-16,development
6472,1133000050,2015-04-20,test
6473,2770601462,2015-04-23,test
6474,3630120480,2014-06-02,development
6475,0624110050,2014-06-04,development
6476,2301400655,2014-11-25,development
6477,7936500190,2014-10-21,development
6478,0126039323,2015-02-24,development
6479,9512500460,2014-07-11,development
6480,7203601405,2015-04-14,test
6481,6204200170,2014-07-09,development
6482,5027800190,2015-03-24,test
6483,2206500430,2014-07-09,development
6484,9477001410,2015-02-25,development
6485,2324079073,2014-08-15,development
6486,2817210420,2014-11-14,development
6487,1402200440,2015-02-12,development
6488,1545808370,2015-04-22,test
6489,7335400500,2014-07-11,development
6490,1843130980,2014-05-06,development
6491,9262800255,2014-08-19,development
6492,8656800190,2014-10-02,development
6493,2113700235,2014-05-12,development
6494,4235400255,2014-09-05,development
6495,8691360380,2015-04-14,test
6496,2205500080,2014-06-10,development
6497,4137000250,2015-03-18,test
6498,2310010050,2015-04-30,test
6499,1370802115,2014-12-05,development
6500,6117900010,2014-12-31,development
6501,2626069030,2015-02-09,development
6502,9407102360,2014-06-16,development
6503,0104510440,2014-06-04,development
6504,7519000170,2014-07-23,development
6505,2113700500,2014-10-05,development
6506,1560930050,2015-03-25,test
6507,9550204590,2014-06-24,development
6508,4217402115,2015-04-21,test
6509,9412710440,2015-04-22,test
6510,6043400006,2014-07-29,development
6511,1024039049,2014-05-12,development
6512,1250204835,2014-09-08,development
6513,6388920460,2014-12-26,development
6514,1925059049,2014-07-21,development
6515,7760400420,2014-07-18,development
6516,6163901271,2014-08-11,development
6517,5437200050,2014-11-20,development
6518,3885806565,2015-01-30,development
6519,8651443190,2014-12-04,development
6520,1722069145,2014-12-23,development
6521,7883605985,2015-03-30,test
6522,4038700190,2014-09-30,development
6523,8661000089,2014-07-16,development
6524,2329800430,2015-02-04,development
6525,6431500280,2015-03-23,test
6526,6204430250,2014-11-21,development
6527,4365200630,2014-07-16,development
6528,3630120050,2014-06-25,development
6529,7844200050,2014-05-22,development
6530,1240700006,2015-05-11,test
6531,8563000470,2014-07-23,development
6532,3221069091,2014-11-06,development
6533,8645530010,2014-05-15,purged
6534,8645530010,2015-03-25,test
6535,2141300420,2014-06-26,development
6536,9407101900,2014-07-17,development
6537,1931300425,2014-09-08,development
6538,9290800050,2015-03-24,test
6539,9421500010,2015-02-05,development
6540,3333500151,2015-05-07,test
6541,3759500006,2014-10-14,development
6542,4221270290,2014-11-21,development
6543,1775801405,2014-12-16,development
6544,3575302575,2014-08-11,development
6545,2581300010,2014-06-09,development
6546,8805900080,2015-04-30,test
6547,8121200460,2014-11-19,development
6548,2461900609,2014-07-17,development
6549,3298600440,2014-08-10,development
6550,0643300010,2014-08-29,development
6551,0224069102,2014-09-08,development
6552,8856960050,2014-07-24,development
6553,4024101478,2015-03-03,development
6554,1839910470,2015-04-08,test
6555,3668000670,2015-03-27,test
6556,1274500420,2014-09-09,development
6557,8151600470,2014-08-04,development
6558,0056000095,2014-06-26,development
6559,3432500980,2014-07-08,development
6560,7940700050,2015-02-18,development
6561,1025039292,2014-10-30,development
6562,3438503140,2014-09-18,development
6563,7558750190,2014-07-24,development
6564,3395040440,2015-03-27,test
6565,4338800190,2014-06-26,development
6566,8682290670,2015-04-06,test
6567,5113260430,2015-03-04,development
6568,0387000190,2015-04-30,test
6569,6844703135,2015-03-12,test
6570,8899000190,2014-12-12,development
6571,3275760190,2014-06-24,development
6572,3438500924,2014-08-11,development
6573,5104530430,2015-02-09,development
6574,5468770250,2014-08-19,development
6575,4318200440,2014-05-22,development
6576,1721800190,2015-04-09,test
6577,1250202285,2014-10-20,development
6578,2767602945,2014-06-25,development
6579,0321049090,2014-06-26,development
6580,4443801495,2014-09-17,development
6581,3275750290,2015-03-17,test
6582,2273600460,2015-01-30,development
6583,8562720420,2015-04-30,test
6584,1330900250,2014-05-15,development
6585,1099600250,2014-12-02,development
6586,1445200190,2015-04-24,test
6587,1929300052,2014-10-29,development
6588,7626200280,2014-10-02,development
6589,7211402115,2014-09-02,development
6590,0324000280,2015-04-13,test
6591,8091410080,2014-07-29,development
6592,6616000010,2014-08-25,development
6593,1125069102,2015-04-27,test
6594,6413600151,2014-09-16,development
6595,2607720420,2015-01-20,development
6596,1854900470,2014-09-24,development
6597,8901000911,2015-02-19,development
6598,3709600190,2014-07-15,development
6599,0537000255,2015-04-29,test
6600,4036800170,2014-06-23,development
6601,5127100190,2014-05-20,development
6602,1762600190,2014-12-29,development
6603,7796100080,2014-05-20,development
6604,9465910190,2014-05-29,development
6605,9284801845,2014-08-05,development
6606,3210200373,2014-06-17,development
6607,1854900430,2015-04-22,test
6608,2944000050,2015-04-22,test
6609,7971300020,2015-03-31,test
6610,1542800010,2014-09-09,development
6611,1433500050,2014-12-02,development
6612,9482700080,2014-10-13,development
6613,3303870050,2015-03-03,development
6614,2071700010,2014-11-19,development
6615,0421000430,2015-03-31,test
6616,2787460430,2014-10-28,development
6617,2436200185,2015-02-23,development
6618,9542830440,2015-03-30,test
6619,0023500190,2014-10-08,development
6620,3905030190,2014-07-11,development
6621,8079050010,2015-05-04,test
6622,3172600095,2014-07-08,development
6623,0126059242,2014-11-19,development
6624,2944510080,2014-12-14,development
6625,7019000050,2014-05-06,development
6626,7212680460,2014-09-24,development
6627,5706600170,2015-03-11,test
6628,3322049005,2014-09-30,development
6629,7338000950,2014-10-21,development
6630,3323059027,2014-05-28,development
6631,3323059027,2015-02-25,development
6632,5502700005,2014-06-25,development
6633,7205930050,2015-01-02,development
6634,1853200190,2014-11-03,development
6635,2697400020,2014-10-31,development
6636,0226039316,2014-06-03,development
6637,3126049439,2015-01-09,development
6638,3491300052,2015-04-09,test
6639,6662410020,2015-03-19,test
6640,6139100086,2015-02-24,development
6641,5710610670,2014-07-23,development
6642,7503000020,2014-05-07,development
6643,1795920440,2014-06-21,development
6644,3570000130,2014-06-11,development
6645,7853340430,2014-11-19,development
6646,2473380010,2015-01-15,development
6647,3306300630,2014-09-24,development
6648,3222049120,2015-01-23,development
6649,2425059173,2015-02-06,development
6650,1196000007,2014-05-05,development
6651,8651402910,2014-08-06,development
6652,3558000130,2014-09-09,development
6653,3830210020,2014-07-29,development
6654,7950302210,2014-11-14,development
6655,1774200190,2015-04-28,test
6656,3715500170,2014-06-23,development
6657,2436700655,2015-03-17,test
6658,5072100095,2014-11-17,development
6659,0305000170,2014-06-10,development
6660,2570300130,2015-03-17,test
6661,0776600130,2014-05-02,development
6662,5379802181,2014-11-19,development
6663,9558020380,2014-08-20,development
6664,3396830020,2014-10-09,development
6665,7519001825,2015-01-08,development
6666,2324039069,2014-08-22,development
6667,1245500950,2015-05-04,test
6668,5100404030,2014-12-08,development
6669,9542000050,2014-08-08,development
6670,5608000630,2014-11-03,development
6671,0475001235,2014-08-08,development
6672,2725069150,2014-08-17,development
6673,9202000080,2014-07-07,development
6674,0225039049,2014-09-08,development
6675,2212500430,2014-08-14,development
6676,2473100010,2014-07-22,development
6677,2795000080,2014-09-19,development
6678,9541800010,2014-10-27,development
6679,2619920010,2014-07-03,development
6680,4046400010,2015-03-09,development
6681,7642200095,2015-03-09,development
6682,8899000430,2015-02-17,development
6683,8944750480,2015-01-30,development
6684,7852020660,2014-05-09,development
6685,7789000080,2014-09-30,development
6686,6413100122,2014-07-11,development
6687,8856960280,2015-01-21,development
6688,1868901190,2014-08-07,development
6689,3123039136,2014-08-25,development
6690,3585300415,2015-05-07,test
6691,2624089007,2015-03-20,test
6692,4338800170,2014-05-07,development
6693,4046501300,2014-09-16,development
6694,3331001995,2015-01-23,development
6695,0802000130,2014-12-09,development
6696,2011400779,2014-12-02,development
6697,8651610660,2015-04-29,test
6698,1788900380,2015-02-12,development
6699,2121000250,2014-05-09,development
6700,2110900050,2015-02-11,development
6701,5469503280,2014-07-21,development
6702,6300000364,2014-06-16,development
6703,2616800050,2014-12-02,development
6704,1446400648,2014-11-06,development
6705,4038700380,2014-08-26,development
6706,9109000050,2014-07-09,development
6707,9465910380,2014-10-24,development
6708,1137400460,2014-06-24,development
6709,2545700020,2014-10-16,development
6710,3260570290,2015-04-24,test
6711,5652600185,2014-05-02,development
6712,7347600507,2014-06-23,development
6713,1545802850,2014-09-11,development
6714,3126059027,2015-03-18,test
6715,8087800430,2015-02-10,development
6716,9547200460,2014-08-20,development
6717,3826501060,2014-10-09,development
6718,5406500430,2015-04-21,test
6719,5417600130,2014-10-10,purged
6720,5417600130,2015-05-12,test
6721,2138700345,2014-08-18,development
6722,5611500170,2015-04-22,test
6723,5700002125,2014-06-10,development
6724,1473200170,2014-07-29,development
6725,2922702965,2015-01-15,development
6726,7895500290,2015-03-30,test
6727,7338200170,2015-04-22,test
6728,6929603769,2014-07-21,development
6729,9429000170,2015-03-26,test
6730,2114700190,2014-12-12,development
6731,0323049148,2014-12-19,development
6732,4038700290,2015-04-23,test
6733,9284802045,2014-06-30,development
6734,3188100007,2014-10-22,development
6735,0001200019,2014-05-08,development
6736,2616800480,2014-09-25,development
6737,2310000380,2014-12-19,development
6738,4054560170,2014-06-11,development
6739,7972601900,2014-05-30,development
6740,3391500050,2014-07-03,development
6741,8132700190,2014-06-02,development
6742,3904990430,2015-01-29,development
6743,5469700052,2014-11-13,development
6744,4006000509,2014-09-16,development
6745,9269750460,2014-05-19,development
6746,2721059173,2015-03-09,development
6747,3981200660,2014-07-15,development
6748,4012800050,2014-05-21,development
6749,3275750050,2015-03-20,test
6750,8572900275,2014-06-25,development
6751,0993000950,2014-09-06,development
6752,0426069099,2015-04-20,test
6753,3276180020,2015-03-27,test
6754,5700001640,2014-05-08,development
6755,9264940130,2014-10-28,development
6756,7300400670,2014-07-29,development
6757,4112100101,2015-02-19,development
6758,6163901381,2014-12-04,development
6759,7603100020,2014-08-05,development
6760,4302200415,2014-11-04,development
6761,3876760430,2014-08-22,development
6762,3754501235,2014-10-01,development
6763,8691330500,2014-12-16,development
6764,8651401680,2015-04-08,test
6765,8011100050,2015-05-08,test
6766,3768000280,2014-12-01,development
6767,1321710460,2014-12-06,development
6768,8731981680,2014-09-08,development
6769,7714000250,2014-10-18,development
6770,1336800010,2014-06-13,development
6771,5442300807,2014-06-24,development
6772,6190701112,2014-11-25,development
6773,2680700280,2015-04-02,test
6774,1025059181,2014-07-22,development
6775,3856900005,2014-09-09,development
6776,4302700425,2015-02-13,development
6777,6824100005,2014-08-01,development
6778,3625600190,2015-04-09,test
6779,7588700177,2015-04-20,test
6780,3303950080,2014-11-03,development
6781,0985000950,2015-02-27,development
6782,8011100005,2015-01-27,development
6783,5316100980,2015-03-26,test
6784,6819100345,2015-03-25,test
6785,3276930420,2014-09-12,development
6786,6648900005,2014-10-08,development
6787,6083000050,2014-06-13,development
6788,1180008315,2014-07-15,development
6789,8651510380,2014-08-21,development
6790,8651510380,2014-12-16,development
6791,9826701794,2014-12-05,development
6792,2790400380,2014-12-01,development
6793,6979940050,2014-09-16,development
6794,1727001300,2014-06-09,development
6795,0686100380,2014-10-27,development
6796,4037400280,2014-09-23,development
6797,8691400010,2015-03-27,test
6798,1450300050,2014-07-23,development
6799,4024101440,2014-06-18,development
6800,0624100010,2014-12-08,development
6801,9523102580,2014-05-23,development
6802,7429000130,2015-05-09,test
6803,7335400345,2014-05-28,development
6804,7215721330,2014-10-23,development
6805,3117100130,2014-07-14,development
6806,2868900020,2015-04-08,test
6807,5703500130,2014-12-17,development
6808,3025059136,2014-08-13,development
6809,6679000130,2015-02-09,development
6810,4222500020,2015-02-19,development
6811,3997500130,2015-02-24,development
6812,9834201205,2015-03-04,development
6813,0806000020,2015-03-10,test
6814,0507100005,2015-03-10,test
6815,8635760480,2015-01-27,development
6816,1328330190,2014-07-14,development
6817,2919702040,2014-06-12,development
6818,3095000095,2014-07-14,development
6819,0304100010,2014-12-09,development
6820,0617000089,2014-11-17,development
6821,3582750280,2015-03-26,test
6822,3438500430,2014-05-21,development
6823,8964800225,2015-03-03,development
6824,2013801350,2015-02-20,development
6825,1320069163,2015-03-04,development
6826,7549800168,2014-05-27,development
6827,3226049466,2014-12-19,development
6828,9822700285,2014-09-18,development
6829,0538000250,2015-01-12,development
6830,5702450250,2014-07-17,development
6831,8835900086,2014-09-02,development
6832,3333002302,2015-02-13,development
6833,7787120500,2015-05-04,test
6834,8563010420,2015-02-04,development
6835,3361400190,2015-02-26,development
6836,1024039001,2014-07-17,development
6837,6806100420,2014-11-19,development
6838,3204300225,2014-11-03,development
6839,8857640420,2014-10-01,development
6840,4443800130,2014-10-24,development
6841,3449800290,2015-04-06,test
6842,2426059071,2014-10-21,development
6843,2618300190,2014-12-24,development
6844,6181400920,2015-04-30,test
6845,0424069150,2015-02-13,development
6846,0856000255,2015-02-03,development
6847,1841500050,2014-10-20,development
6848,3226059071,2014-08-19,development
6849,0524059093,2014-08-25,development
6850,1568100225,2014-12-04,development
6851,4027700726,2014-09-08,development
6852,5198600005,2015-05-05,test
6853,7677300010,2015-03-03,development
6854,7979900006,2014-06-25,development
6855,1102000527,2014-09-02,development
6856,1115800440,2014-09-18,development
6857,9407110680,2014-10-08,development
6858,6084601060,2014-07-18,development
6859,0993001330,2014-05-05,development
6860,2475200290,2014-10-20,development
6861,5381000048,2015-04-27,test
6862,5605000595,2014-12-09,development
6863,1124000050,2014-07-29,development
6864,3558900430,2015-04-14,test
6865,2708100130,2015-05-03,test
6866,1236300290,2014-10-22,development
6867,0525069099,2014-10-22,development
6868,3262300235,2014-11-26,development
6869,5104510130,2014-06-03,development
6870,7197350050,2014-07-01,development
6871,2822049148,2014-09-18,development
6872,7558300170,2014-12-12,development
6873,7852190050,2014-06-26,development
6874,1277000020,2014-08-12,development
6875,0567000660,2014-12-04,development
6876,9214400396,2015-02-27,development
6877,9406520290,2014-12-29,development
6878,2112700895,2015-03-26,test
6879,2474400250,2014-06-30,development
6880,3889100029,2014-06-17,development
6881,0011501310,2014-11-21,development
6882,5672000020,2014-08-05,development
6883,6668900005,2015-04-21,test
6884,2346800005,2015-04-27,test
6885,2872900050,2014-10-07,development
6886,4040600190,2014-08-06,development
6887,7129301578,2014-05-21,development
6888,3955900500,2015-03-13,test
6889,7788400170,2014-09-26,development
6890,3831000010,2014-08-06,development
6891,3885803895,2015-03-09,development
6892,3810000480,2014-09-19,development
6893,6169901197,2014-11-26,development
6894,6882520050,2014-10-07,development
6895,2608300103,2015-01-26,development
6896,3530400080,2014-12-26,development
6897,1099760470,2014-06-04,development
6898,4327600010,2015-02-02,development
6899,6150200005,2014-10-23,development
6900,4019300480,2014-11-11,development
6901,6855100010,2014-09-23,development
6902,5249801440,2014-12-16,purged
6903,5249801440,2015-04-22,test
6904,7524350080,2015-03-18,test
6905,1137800460,2014-12-09,development
6906,0587550280,2014-05-30,development
6907,0871001365,2015-02-19,development
6908,1430800279,2015-03-27,test
6909,1226039130,2014-10-09,development
6910,7254000050,2015-02-24,development
6911,3530200020,2015-04-02,test
6912,2386000020,2014-10-08,development
6913,6738700225,2014-09-12,development
6914,6821600005,2015-04-03,test
6915,3579000010,2014-08-14,development
6916,9359100101,2015-04-14,test
6917,6819100122,2014-06-05,development
6918,3908100020,2014-08-03,development
6919,6392001950,2014-09-08,development
6920,2872900280,2015-04-06,test
6921,6437400101,2014-11-13,development
6922,7227502155,2014-07-14,development
6923,1115100169,2014-12-03,development
6924,2919702705,2014-07-31,development
6925,7302000500,2014-09-17,development
6926,6021503656,2014-09-02,development
6927,8665200020,2014-06-23,development
6928,3288301330,2015-04-08,test
6929,2621700010,2014-05-08,development
6930,1824079073,2015-03-31,test
6931,1954440080,2015-01-29,development
6932,7452500285,2014-08-11,development
6933,7937600380,2015-02-17,development
6934,5153200651,2015-03-16,test
6935,2323069022,2015-01-15,development
6936,1328340380,2014-10-27,development
6937,2256500005,2014-10-14,development
6938,9828200545,2014-05-13,development
6939,0686450080,2014-07-11,development
6940,2571900380,2015-01-22,development
6941,1026069120,2014-05-08,development
6942,3882320010,2014-11-26,development
6943,1377300020,2015-02-19,development
6944,1124000005,2014-09-18,development
6945,1151100010,2014-05-15,development
6946,7997200130,2015-01-28,development
6947,2419600005,2014-07-09,development
6948,5727000010,2014-12-15,development
6949,8656300080,2014-08-12,development
6950,9517200290,2015-02-23,development
6951,3123049142,2014-08-05,development
6952,4139500080,2014-07-18,development
6953,6150200280,2014-08-21,development
6954,6021500840,2014-07-03,development
6955,8691310420,2015-04-24,test
6956,1402900380,2014-07-03,development
6957,2345500010,2014-09-25,development
6958,3279000460,2014-09-26,development
6959,0723000114,2014-05-05,development
6960,5145100080,2015-02-06,development
6961,8078410280,2015-05-04,test
6962,3885806105,2014-05-21,development
6963,5702380780,2015-04-22,test
6964,3826000280,2015-04-29,test
6965,1421079007,2015-03-24,test
6966,3702900185,2014-08-18,development
6967,4136880460,2014-05-14,development
6968,7885100005,2014-08-20,development
6969,3037200010,2015-03-05,development
6970,4309710250,2014-05-05,development
6971,3401700185,2014-07-28,development
6972,2141300080,2015-04-24,test
6973,3387800380,2014-08-29,development
6974,2310000280,2014-12-11,development
6975,1687900170,2015-03-25,test
6976,8079000190,2014-10-28,development
6977,1710400005,2014-11-19,development
6978,2473420170,2014-09-24,development
6979,1056200010,2014-09-02,development
6980,0263000359,2014-06-30,development
6981,6624010170,2014-05-08,development
6982,0824059265,2014-10-01,development
6983,2869100080,2014-06-06,development
6984,0203100440,2014-09-11,development
6985,9542800290,2014-12-10,development
6986,3342100780,2014-07-09,development
6987,0475000080,2014-11-11,development
6988,1562100380,2015-03-19,test
6989,3878900185,2014-10-22,development
6990,6791100280,2014-10-10,development
6991,1926059099,2014-12-08,development
6992,2881700547,2014-08-13,development
6993,3260800190,2015-03-24,test
6994,2954400190,2014-06-24,development
6995,7715600050,2015-02-19,development
6996,3158500460,2015-03-27,test
6997,4027700797,2014-08-07,development
6998,9161100460,2015-03-23,test
6999,8069000216,2014-07-22,development
7000,3401700255,2014-07-29,development
7001,4083306720,2014-09-15,development
7002,6377200010,2014-12-08,development
7003,2767601100,2014-10-27,development
7004,2856100185,2014-07-21,development
7005,3438500797,2014-07-08,development
7006,6738700275,2014-06-25,development
7007,1761100190,2014-07-24,development
7008,0713500020,2015-04-21,test
7009,5412310170,2014-06-19,development
7010,7751800080,2015-01-27,development
7011,1121000414,2014-09-27,development
7012,4239400920,2014-09-22,development
7013,9408300380,2014-06-09,development
7014,6865200095,2014-10-24,development
7015,6669080010,2014-09-22,development
7016,1446400670,2014-07-31,development
7017,0203100460,2014-09-24,development
7018,9523102750,2014-08-12,development
7019,8078570380,2014-06-05,development
7020,1423800080,2014-05-12,development
7021,9259900010,2015-03-16,test
7022,4223400050,2015-03-23,test
7023,0686400380,2014-10-02,development
7024,1102001112,2015-02-13,development
7025,0241900020,2014-07-18,development
7026,8691300380,2015-05-01,test
7027,3426049132,2015-04-22,test
7028,3904901190,2014-12-19,development
7029,1789900080,2014-07-22,development
7030,1021049022,2014-05-20,development
7031,5634500179,2014-12-15,development
7032,0795002455,2015-05-05,test
7033,6666860170,2014-08-27,development
7034,9828200605,2015-04-08,test
7035,0853200010,2014-07-01,development
7036,4449800345,2014-10-08,development
7037,2522029136,2014-07-29,development
7038,1149900050,2015-03-12,test
7039,6908200080,2014-06-16,development
7040,3395800660,2014-12-30,development
7041,9414610010,2014-06-17,development
7042,5379805120,2015-04-24,test
7043,1530900290,2014-10-07,development
7044,8886000005,2015-03-09,development
7045,8965400010,2014-06-06,development
7046,8644210470,2015-03-18,test
7047,1545805980,2014-11-10,development
7048,2841500010,2014-09-24,development
7049,1328330290,2014-07-29,development
7050,4222100280,2014-12-05,development
7051,4222200280,2014-10-21,development
7052,3224510290,2014-10-16,development
7053,5196420290,2015-03-17,test
7054,1703900005,2015-05-01,test
7055,3329530480,2014-07-01,development
7056,1541700170,2014-06-09,development
7057,8833510190,2014-10-31,development
7058,8961970190,2014-05-12,development
7059,0323069120,2014-08-27,development
7060,8944360170,2014-11-14,development
7061,2546500020,2014-06-18,development
7062,1338801060,2014-12-04,development
7063,3747600050,2014-11-05,development
7064,0327000050,2014-12-12,development
7065,1898900280,2014-09-19,development
7066,1423400005,2014-08-15,development
7067,9521100585,2014-06-13,development
7068,2025059150,2014-07-02,development
7069,8941500010,2015-02-16,development
7070,1425069071,2015-03-23,test
7071,0686400670,2015-04-14,test
7072,2624049073,2014-07-29,development
7073,1523059180,2014-09-23,development
7074,8016300250,2014-08-27,development
7075,7694600143,2014-12-18,development
7076,0269000950,2014-07-30,development
7077,2724079090,2015-01-05,development
7078,3342103369,2014-07-07,development
7079,7104100050,2014-06-24,development
7080,8944360290,2015-04-13,test
7081,6072500050,2014-07-29,development
7082,1066000290,2014-11-17,development
7083,2817260130,2014-06-13,development
7084,3582750170,2015-04-29,test
7085,0255370420,2015-04-02,test
7086,2571910380,2014-06-05,development
7087,3832150190,2014-05-20,development
7088,5279100680,2014-06-05,development
7089,7889601870,2015-04-07,test
7090,5694001061,2014-06-20,development
7091,1912100882,2014-07-30,development
7092,8563020170,2015-03-10,test
7093,8656800020,2015-02-12,development
7094,3876540780,2014-06-19,development
7095,8563030280,2014-05-13,development
7096,2114300290,2014-09-29,development
7097,9141100005,2014-10-28,development
7098,5727500019,2014-06-05,development
7099,1796360080,2014-07-09,development
7100,9485800050,2015-03-10,test
7101,5560000680,2014-12-26,development
7102,9297300480,2014-12-12,development
7103,6813600415,2014-05-08,development
7104,6751300255,2014-06-16,development
7105,3300700480,2014-08-20,development
7106,5379800446,2015-02-26,development
7107,9558200080,2014-09-12,development
7108,6817801150,2015-03-30,test
7109,1454100005,2014-08-06,development
7110,0104540840,2014-12-03,development
7111,2207100635,2015-02-04,development
7112,2489200250,2015-04-30,test
7113,5130000080,2015-03-11,test
7114,6150700169,2014-06-09,development
7115,8691350130,2015-02-04,development
7116,6189200345,2014-08-20,development
7117,2222059099,2014-10-22,development
7118,7227800660,2014-05-22,development
7119,1148000005,2014-06-23,development
7120,6055000430,2015-03-27,test
7121,7616200050,2015-01-05,development
7122,7234601440,2014-09-25,development
7123,8563020380,2014-05-20,development
7124,1454100480,2014-08-19,development
7125,5151600285,2014-05-07,development
7126,2155000480,2015-04-29,test
7127,1024049024,2014-12-03,development
7128,1026069163,2015-04-22,test
7129,4427100095,2014-06-23,development
7130,4047200380,2014-05-26,development
7131,3222049024,2014-05-22,development
7132,2287000010,2014-07-10,development
7133,3692900010,2014-10-28,development
7134,0320069049,2014-05-14,development
7135,0868002335,2015-03-04,development
7136,8945100050,2015-04-24,test
7137,7853250080,2015-02-16,development
7138,6713700250,2014-06-04,development
7139,4232901990,2014-05-16,development
7140,3578401760,2014-08-20,development
7141,9113200290,2014-06-25,development
7142,5116000250,2014-07-07,development
7143,1099600010,2014-06-12,development
7144,5416500980,2014-07-29,development
7145,7312100010,2015-03-02,development
7146,7936000562,2014-12-16,development
7147,9839300545,2014-07-14,development
7148,6837700005,2014-12-03,development
7149,6918720080,2015-04-02,test
7150,9407001700,2014-08-19,development
7151,1473200130,2015-03-20,test
7152,4037200585,2014-07-23,development
7153,5249803870,2014-09-02,development
7154,9558050170,2014-05-13,development
7155,1545808110,2014-06-17,development
7156,1604601155,2014-12-08,development
7157,2754700170,2014-08-04,development
7158,3622059180,2014-07-03,development
7159,7201600190,2015-02-20,development
7160,3450300280,2015-02-25,development
7161,1036450170,2015-03-12,test
7162,8965000050,2014-07-29,development
7163,4354700010,2015-04-21,test
7164,4057300170,2014-06-02,development
7165,4217400185,2014-06-03,development
7166,8155750010,2014-12-04,development
7167,2159900020,2014-11-26,development
7168,2487700130,2015-04-06,test
7169,2085200545,2014-08-21,development
7170,9432900380,2014-10-23,development
7171,2591850080,2014-06-30,development
7172,1025049174,2014-05-15,development
7173,5628400080,2014-12-18,development
7174,7657000225,2014-07-19,development
7175,6151800080,2014-09-02,development
7176,6154900095,2014-07-11,development
7177,9542800050,2014-12-11,development
7178,0526059224,2014-09-23,development
7179,0526059224,2015-02-06,development
7180,3275850190,2014-09-05,development
7181,4137000460,2015-02-25,development
7182,7936000403,2014-06-09,development
7183,1175000073,2014-06-06,development
7184,8645540290,2014-11-26,development
7185,7137960460,2014-05-28,development
7186,8805400010,2015-02-26,development
7187,1036450290,2015-02-02,development
7188,7613700660,2015-03-26,test
7189,8648210050,2015-04-03,test
7190,1565950670,2015-02-25,development
7191,7159200005,2014-05-07,development
7192,8687800010,2014-06-17,development
7193,4242900285,2014-08-05,development
7194,7834800225,2014-08-20,development
7195,5649600225,2015-04-03,test
7196,1959702045,2014-11-19,development
7197,0717000225,2014-10-28,development
7198,0792500190,2014-06-27,development
7199,3820100284,2014-08-27,development
7200,3629890190,2014-06-06,development
7201,6868200029,2014-09-29,development
7202,8901000143,2014-11-25,development
7203,2927600630,2015-04-16,test
7204,3432501315,2014-08-27,development
7205,5101407250,2014-12-17,development
7206,3999200780,2014-11-21,development
7207,2826079145,2014-08-14,development
7208,1446403145,2015-01-22,development
7209,5137000170,2014-12-17,development
7210,2896310420,2015-02-19,development
7211,1446400725,2014-06-10,development
7212,4030500130,2014-09-23,development
7213,3319500299,2014-08-06,development
7214,7139800020,2014-10-16,development
7215,9433000460,2014-10-07,development
7216,1326049130,2014-07-02,development
7217,7137960440,2014-12-23,development
7218,3946900010,2015-03-23,test
7219,5592050080,2015-04-29,test
7220,3288020050,2014-06-27,development
7221,2459000020,2014-11-25,development
7222,0126049167,2014-06-19,development
7223,1525079069,2014-07-08,development
7224,1786200010,2015-05-14,test
7225,5602000275,2014-08-25,development
7226,1446403617,2014-07-02,development
7227,2767603649,2014-07-30,development
7228,3649100387,2015-04-16,test
7229,5249802660,2014-07-30,development
7230,2592400470,2014-12-05,development
7231,6448000020,2015-01-29,development
7232,1211000185,2014-06-16,development
7233,7399300780,2015-04-29,test
7234,0984100010,2014-09-30,development
7235,6127010670,2014-07-28,development
7236,1245002391,2014-10-22,development
7237,3904921100,2015-05-12,test
7238,2473381150,2014-06-18,development
7239,9269750010,2015-04-02,test
7240,1924069071,2014-07-29,development
7241,2571900430,2014-09-23,development
7242,8673400052,2015-04-03,test
7243,5104511630,2014-08-12,development
7244,3438500168,2015-05-07,test
7245,1446403850,2014-09-16,development
7246,1446403850,2015-01-14,development
7247,5416500950,2015-03-09,development
7248,8096600050,2015-01-23,development
7249,1473000020,2014-05-23,development
7250,0722039049,2014-10-09,development
7251,2212210660,2015-02-27,development
7252,6762700020,2014-10-13,development
7253,5608010980,2014-10-07,development
7254,5015001045,2014-08-26,development
7255,1005000250,2015-01-30,development
7256,7974700122,2014-06-10,development
7257,1775910460,2015-03-13,test
7258,3797300190,2014-07-08,development
7259,6450300605,2015-05-01,test
7260,3918400143,2014-10-16,development
7261,1022049182,2015-04-28,test
7262,3578400780,2015-03-27,test
7263,6905200050,2014-10-09,development
7264,0303100080,2014-05-28,development
7265,0123039642,2015-05-01,test
7266,8718500095,2015-05-07,test
7267,1774000780,2015-01-05,development
7268,2421039075,2014-11-06,development
7269,4139470010,2014-10-06,development
7270,0629800380,2014-10-13,development
7271,8965520190,2014-10-30,development
7272,0925059193,2014-07-09,development
7273,1245500250,2015-05-07,test
7274,9828700005,2015-05-12,test
7275,5101402312,2015-04-23,test
7276,0339200130,2014-05-31,development
7277,6145602125,2014-07-24,development
7278,9346910500,2015-03-30,test
7279,7986401305,2014-12-16,development
7280,0922059169,2014-12-01,development
7281,0123059071,2014-07-08,development
7282,1626069069,2014-10-29,development
7283,5605000430,2014-09-17,development
7284,7640400250,2014-06-19,development
7285,4477000290,2015-03-11,test
7286,8127700440,2014-12-11,development
7287,6822100780,2014-09-11,development
7288,9195700380,2014-08-11,development
7289,1425059174,2014-10-28,development
7290,2155000290,2014-06-30,development
7291,4058200630,2014-10-02,development
7292,5561400440,2014-08-27,development
7293,4178500440,2015-01-28,development
7294,1923039022,2014-11-20,development
7295,9412200660,2014-06-19,development
7296,2780700020,2014-09-10,development
7297,1868901815,2014-06-17,development
7298,4022902715,2015-04-03,test
7299,0225039145,2014-06-19,development
7300,9274203390,2014-05-20,development
7301,4397000020,2015-03-24,test
7302,9415950020,2014-06-08,development
7303,2591830020,2014-09-16,development
7304,3211200460,2014-08-06,development
7305,2297400250,2014-12-17,development
7306,9268200440,2014-07-21,development
7307,0255580190,2014-09-15,development
7308,6352600680,2014-10-21,development
7309,1829700050,2014-07-24,development
7310,7859960250,2015-01-07,development
7311,6072800170,2015-04-28,test
7312,6373000130,2014-12-01,development
7313,4131900066,2014-08-25,development
7314,8965450190,2015-02-18,development
7315,1311200460,2014-06-18,development
7316,3764800250,2015-01-05,development
7317,6607000095,2015-02-18,development
7318,4358700188,2015-03-31,test
7319,5101403915,2015-04-03,test
7320,7844200425,2015-04-14,test
7321,9407001330,2014-12-02,development
7322,7905370440,2014-10-10,development
7323,2202500290,2014-05-02,development
7324,3374500250,2014-09-22,development
7325,5244800895,2014-05-23,development
7326,0100100050,2014-11-12,development
7327,7454001060,2015-04-08,test
7328,7215400280,2015-01-16,development
7329,0203101330,2014-07-01,development
7330,2450000290,2014-12-15,development
7331,5101402472,2015-01-29,development
7332,4310700020,2014-10-10,development
7333,7967600285,2014-12-11,development
7334,7905200381,2014-10-28,development
7335,3992700585,2014-11-20,development
7336,7972601950,2014-06-17,development
7337,6870310010,2014-07-02,development
7338,2970800130,2014-10-09,development
7339,6084600660,2014-07-18,development
7340,0325059126,2015-02-09,development
7341,0526069024,2014-05-12,development
7342,6163901261,2014-09-09,development
7343,4289900005,2014-12-30,development
7344,2818100255,2014-10-29,development
7345,1389310130,2014-12-12,development
7346,4139910250,2015-02-10,development
7347,5416100020,2014-12-09,development
7348,8682261650,2014-07-10,development
7349,8100400170,2015-04-10,test
7350,1604590190,2015-05-13,test
7351,6882510020,2014-07-15,development
7352,3459800020,2015-04-06,test
7353,5437600010,2015-04-06,test
7354,1395500020,2014-11-07,development
7355,0807800020,2015-03-04,development
7356,1563102880,2014-06-21,development
7357,8937500020,2015-02-10,development
7358,0629420480,2014-09-26,development
7359,8961950250,2014-09-15,development
7360,4217400420,2014-11-24,development
7361,3121500020,2014-07-02,development
7362,2025700430,2014-08-26,development
7363,0739800250,2015-02-22,development
7364,8647600020,2014-11-11,development
7365,1518000290,2015-03-16,test
7366,8917100020,2014-06-06,development
7367,3205100010,2014-12-16,development
7368,2405500050,2014-06-06,development
7369,7823700005,2014-07-07,development
7370,8642600170,2014-10-09,development
7371,7518502960,2015-02-27,development
7372,4279600080,2014-12-31,development
7373,6421100592,2014-09-10,development
7374,7967200290,2014-05-30,development
7375,7228501903,2014-08-05,development
7376,9275200080,2014-11-07,development
7377,8825900095,2015-04-21,test
7378,7849201100,2015-02-17,development
7379,8562790980,2015-03-03,development
7380,1370801435,2014-11-05,development
7381,3897100275,2014-10-27,development
7382,6745700190,2015-04-07,test
7383,2770600795,2015-03-02,development
7384,1148000190,2014-05-22,development
7385,5039300305,2014-11-07,development
7386,3981200250,2014-09-26,development
7387,5457300095,2015-01-07,development
7388,1862400479,2014-09-23,development
7389,8669160010,2015-03-25,test
7390,2481630290,2014-06-26,development
7391,8925100255,2014-06-12,development
7392,0424069130,2015-02-13,development
7393,2231800020,2014-11-20,development
7394,3625700080,2015-01-08,development
7395,3343901188,2015-03-23,test
7396,1328330430,2015-04-08,test
7397,2464400500,2014-07-14,development
7398,4054710190,2014-07-01,development
7399,5095400630,2014-12-05,development
7400,1788300020,2014-07-08,development
7401,3336001470,2014-06-19,development
7402,1310960190,2014-10-21,development
7403,1545803340,2015-02-24,development
7404,0524059148,2014-06-06,development
7405,7852190290,2015-03-03,development
7406,2385200050,2014-06-20,development
7407,8827901060,2014-07-09,development
7408,6456200020,2014-08-26,development
7409,4166800080,2014-10-20,development
7410,1591600307,2015-05-11,test
7411,0926069132,2014-05-20,development
7412,7130300170,2015-03-26,test
7413,2599200460,2014-08-05,development
7414,7214400005,2015-03-13,test
7415,5017000470,2014-07-10,development
7416,8651402660,2014-10-08,development
7417,8665900328,2015-01-23,development
7418,3881900321,2014-05-14,development
7419,1524079028,2014-10-29,development
7420,0626049091,2014-06-27,development
7421,6073200020,2015-04-13,test
7422,3243100050,2014-07-22,development
7423,1693600080,2014-10-30,development
7424,7140600020,2015-04-14,test
7425,6388910280,2015-04-29,test
7426,2524000050,2014-12-12,development
7427,2223069120,2014-08-20,development
7428,1732801300,2014-10-08,development
7429,1685200020,2014-08-27,development
7430,9510970050,2014-09-01,development
7431,7156200005,2015-04-02,test
7432,5316100780,2014-09-22,development
7433,9362000080,2015-03-16,test
7434,2221800080,2015-04-16,test
7435,2722059075,2014-08-11,development
7436,3459600440,2014-11-25,development
7437,6844700415,2015-03-16,test
7438,1223089016,2014-07-18,development
7439,8044700010,2015-04-27,test
7440,2024059130,2015-01-09,development
7441,8019700010,2014-10-10,development
7442,1785400780,2015-04-15,test
7443,4222200380,2014-08-05,development
7444,7503000050,2014-08-07,development
7445,1592000680,2014-05-28,development
7446,4303200130,2015-02-10,development
7447,7731100066,2014-06-12,development
7448,2770602335,2015-04-07,test
7449,6706200130,2015-04-15,test
7450,6632300567,2014-07-30,development
7451,7000100635,2014-07-15,development
7452,1954420420,2015-03-13,test
7453,7809200005,2014-12-16,development
7454,3056000050,2014-09-12,development
7455,7214780050,2015-04-20,test
7456,3210950080,2014-05-14,development
7457,6914700130,2014-06-15,development
7458,7237550130,2014-05-20,development
7459,1250202660,2014-09-24,development
7460,3546000380,2014-09-28,development
7461,5451200280,2015-04-02,test
7462,7129301851,2014-09-23,development
7463,0582000010,2015-03-20,test
7464,8078360080,2014-06-23,development
7465,2658000373,2015-01-22,development
7466,7504400290,2015-03-05,development
7467,7137950460,2014-09-26,development
7468,3303950130,2014-11-13,development
7469,6648500440,2014-11-21,development
7470,3824100235,2014-07-24,development
7471,8732020440,2015-04-28,test
7472,8649900480,2014-05-27,development
7473,7708250010,2015-01-07,development
7474,7955040130,2014-08-05,development
7475,3424069215,2015-02-17,development
7476,1337801060,2015-03-05,development
7477,2225300585,2014-11-20,development
7478,2525300380,2015-04-16,test
7479,5634500415,2014-07-15,development
7480,2113700780,2015-01-13,development
7481,1310970380,2014-05-19,development
7482,8562500380,2015-03-09,development
7483,0567000680,2014-08-01,development
7484,1623049174,2015-04-02,test
7485,9406590280,2014-05-16,development
7486,3275800050,2014-10-22,development
7487,0326069027,2015-03-26,test
7488,0825049073,2014-06-30,development
7489,3275870080,2014-12-12,development
7490,6837700170,2014-09-03,development
7491,0243000380,2015-03-26,test
7492,0582000675,2014-09-08,development
7493,2655500235,2015-04-10,test
7494,4178300040,2015-02-19,development
7495,3526059115,2015-04-21,test
7496,1722069052,2014-10-24,development
7497,5101404698,2014-12-15,development
7498,0013002495,2014-07-07,development
7499,2391600555,2014-06-30,development
7500,1133000144,2015-02-12,development
7501,2525049133,2015-04-02,test
7502,0345700180,2014-07-16,development
7503,7518504775,2014-11-12,development
7504,3056800230,2014-08-20,development
7505,6143600580,2014-05-05,development
7506,9471200265,2015-05-05,test
7507,8024200855,2014-07-28,development
7508,3178100065,2014-09-25,development
7509,3432501295,2014-06-23,development
7510,5467500040,2015-03-04,development
7511,2872100245,2014-06-04,development
7512,1154100515,2014-09-26,development
7513,3298300210,2015-02-19,development
7514,2473002700,2014-06-27,development
7515,7544800395,2015-02-25,development
7516,0822039111,2015-03-27,test
7517,2223059052,2014-05-29,development
7518,1320069223,2014-06-24,development
7519,2551500220,2014-08-15,development
7520,1049000740,2014-11-20,development
7521,9324800180,2014-10-16,development
7522,7853220690,2014-09-12,development
7523,1545803980,2015-04-25,test
7524,2484700015,2015-03-27,test
7525,0993000873,2015-03-18,test
7526,9520900210,2014-12-31,development
7527,3629960590,2015-04-07,test
7528,9558200210,2015-02-17,development
7529,3876000910,2015-01-29,development
7530,7228501745,2015-02-19,development
7531,8856004328,2015-03-27,test
7532,0253600150,2014-08-26,development
7533,5101400934,2015-04-24,test
7534,9202650100,2014-10-10,development
7535,2310030490,2015-03-23,test
7536,1860600535,2014-12-20,development
7537,1250201130,2015-02-06,development
7538,3298700820,2014-10-24,development
7539,1339300025,2014-06-02,development
7540,4006000571,2015-03-12,test
7541,9310300300,2014-10-13,development
7542,5332200515,2015-02-09,development
7543,0809001565,2014-08-22,development
7544,9406520580,2014-08-19,development
7545,1323059143,2015-04-23,test
7546,2131701020,2015-03-11,test
7547,3438503045,2015-01-20,development
7548,3204300705,2014-05-15,development
7549,7941600220,2014-06-10,development
7550,3885805175,2014-10-01,development
7551,1237500120,2014-05-20,development
7552,0322069020,2014-06-19,development
7553,1310700330,2015-05-07,test
7554,0423059207,2015-02-23,development
7555,7205000180,2015-04-17,test
7556,7852180530,2015-04-03,test
7557,6021501780,2014-08-18,development
7558,8673400061,2014-11-19,development
7559,3905100220,2014-05-28,development
7560,5104540330,2015-05-08,test
7561,6752300120,2014-12-01,development
7562,4077800412,2015-03-16,test
7563,2787250090,2014-06-18,development
7564,0461002150,2015-01-05,development
7565,1898310100,2015-02-20,development
7566,3886902950,2014-09-11,development
7567,4427100025,2014-05-09,development
7568,4038700730,2014-12-30,development
7569,7852011020,2015-03-27,test
7570,0126059018,2015-01-08,development
7571,9407001340,2014-05-22,development
7572,2799800750,2015-04-16,test
7573,0192000120,2014-05-20,development
7574,0625069064,2015-05-07,test
7575,2391600330,2015-04-10,test
7576,4180400090,2014-06-13,development
7577,0050300220,2015-02-12,development
7578,4141010110,2014-08-08,development
7579,6641040100,2014-05-15,development
7580,7922720040,2015-03-17,test
7581,8825900245,2014-12-09,development
7582,3883100220,2015-01-20,development
7583,3649100306,2014-05-06,development
7584,1099600090,2014-06-13,development
7585,9828201725,2014-05-20,development
7586,9352901085,2015-02-04,development
7587,4104910040,2014-07-01,development
7588,6147600040,2015-02-24,development
7589,6371000026,2015-01-22,development
7590,8121100147,2014-07-14,development
7591,6152900332,2014-08-01,development
7592,9522600120,2014-10-22,development
7593,2207200405,2014-07-16,development
7594,0203900690,2014-12-23,development
7595,0252000300,2015-01-20,development
7596,8899100230,2015-03-11,test
7597,0685000265,2015-01-02,development
7598,2705600068,2015-03-27,test
7599,3326059191,2014-06-16,development
7600,1207000025,2014-08-01,development
7601,3288301050,2014-08-19,development
7602,9407001500,2014-08-11,development
7603,3882300090,2014-12-26,development
7604,2926049221,2014-10-14,development
7605,2121000300,2015-02-19,development
7606,3885801970,2014-08-12,development
7607,3869900120,2015-02-26,development
7608,4077800026,2014-05-30,development
7609,9324800450,2014-10-09,development
7610,1250201194,2014-11-07,development
7611,2597520580,2014-10-08,development
7612,6679000720,2014-09-24,development
7613,7312400325,2014-06-25,development
7614,2473500110,2015-01-12,development
7615,1773100123,2014-10-02,development
7616,6791050100,2014-07-21,development
7617,1823059106,2015-04-28,test
7618,3644100065,2015-04-27,test
7619,5652601075,2014-08-25,development
7620,2769601250,2015-05-12,test
7621,9842300540,2014-06-24,development
7622,7818700410,2014-11-06,development
7623,5437810360,2014-11-07,development
7624,5163700085,2014-08-26,development
7625,1794500360,2015-04-23,test
7626,1777600450,2015-05-05,test
7627,4083800555,2015-03-26,test
7628,3359500096,2014-08-20,development
7629,4024100090,2014-10-08,development
7630,7228501910,2015-01-22,development
7631,7183000120,2014-08-12,development
7632,7527000090,2014-08-14,development
7633,8682281080,2014-06-17,development
7634,2525310040,2015-01-29,development
7635,5589300210,2015-03-17,test
7636,4008400515,2015-01-20,development
7637,3268000040,2014-06-28,development
7638,1022059123,2014-12-26,development
7639,3013300968,2014-08-01,development
7640,7853220740,2015-04-07,test
7641,3574801490,2014-06-09,development
7642,2987400025,2014-10-09,development
7643,0625049313,2014-09-02,development
7644,6169901085,2014-08-07,development
7645,9212900300,2015-03-04,development
7646,2520069100,2014-10-16,development
7647,2623069031,2014-05-21,development
7648,7625703945,2014-07-01,development
7649,9238480120,2015-04-21,test
7650,0626049058,2015-05-04,test
7651,0125059138,2014-07-22,development
7652,9185700485,2015-04-01,test
7653,2523089110,2014-09-09,development
7654,3825310540,2014-11-21,development
7655,7202340590,2014-10-14,development
7656,1952200410,2014-11-19,development
7657,7137900410,2015-04-29,test
7658,7105600085,2014-10-09,development
7659,1461200040,2014-07-14,development
7660,6675500035,2014-06-13,development
7661,4322500110,2015-03-03,development
7662,6064800090,2015-05-07,test
7663,8085400355,2014-12-04,development
7664,0943100220,2014-09-25,development
7665,0854000165,2015-01-07,development
7666,1443500905,2015-02-05,development
7667,4031700210,2014-11-17,development
7668,6169900580,2014-07-09,development
7669,4232401265,2014-10-20,development
7670,8682290410,2015-04-17,test
7671,3904902430,2015-04-03,test
7672,0114101540,2014-08-21,development
7673,1025069106,2015-02-23,development
7674,3179101945,2014-07-15,development
7675,3083000355,2014-12-04,development
7676,1741700040,2015-01-13,development
7677,1828001130,2014-06-17,development
7678,3211580210,2015-04-11,test
7679,1036000610,2015-05-07,test
7680,3378100100,2015-03-17,test
7681,9286000150,2015-03-30,test
7682,7254200040,2015-03-16,test
7683,8827900690,2015-04-21,test
7684,9202500150,2014-11-04,development
7685,1786810040,2014-09-09,development
7686,8078410210,2014-06-16,development
7687,3905100210,2014-07-23,development
7688,5592900015,2015-01-16,development
7689,7522700110,2014-06-24,development
7690,5253300243,2015-04-29,test
7691,6669020490,2014-08-12,development
7692,5104510540,2014-11-26,development
7693,3579700100,2014-05-27,development
7694,8643200035,2014-08-21,development
7695,2781250100,2015-04-15,test
7696,3885807255,2015-02-02,development
7697,1774230090,2014-06-13,development
7698,3521069146,2015-03-30,test
7699,0424500100,2014-10-08,development
7700,3761700053,2015-01-05,development
7701,2685600090,2014-11-18,development
7702,6381500065,2014-07-29,development
7703,9294300515,2014-10-24,development
7704,2769602840,2014-10-16,development
7705,2526039156,2014-12-10,development
7706,7852140100,2014-10-07,development
7707,5522600205,2014-09-17,development
7708,1370802620,2014-12-11,development
7709,8079100210,2015-03-04,development
7710,0644200040,2014-05-15,development
7711,9808640090,2015-03-19,test
7712,5104531120,2015-03-23,test
7713,3575303970,2014-07-16,development
7714,6413100090,2014-09-15,development
7715,2475200870,2014-09-17,development
7716,3423059081,2014-10-09,development
7717,1137410040,2014-05-27,development
7718,3352400330,2015-03-27,test
7719,2781320100,2015-03-09,development
7720,8894000040,2014-06-25,development
7721,3333000775,2014-09-03,development
7722,9274204230,2014-07-09,development
7723,3972900025,2015-03-13,test
7724,1159400220,2014-05-29,development
7725,3876313030,2014-05-20,development
7726,2856100515,2014-08-05,development
7727,4239400730,2014-06-25,development
7728,1826059042,2014-09-23,development
7729,3869900155,2015-03-26,test
7730,2600010220,2015-03-26,test
7731,9290870040,2014-11-17,development
7732,5347200175,2015-03-19,test
7733,3810000455,2014-09-08,development
7734,1962200037,2014-05-02,development
7735,0795001930,2014-10-07,development
7736,3905080730,2015-02-23,development
7737,8651611110,2014-09-05,development
7738,5411600210,2014-08-12,development
7739,7519000665,2015-04-08,test
7740,4217400120,2014-11-25,development
7741,3586500665,2015-01-12,development
7742,2582500110,2014-10-07,development
7743,6749700031,2014-06-09,development
7744,4136800205,2015-02-19,development
7745,3438503120,2015-03-30,test
7746,1922069089,2015-03-24,test
7747,4099501215,2014-06-03,development
7748,3325069025,2015-05-08,test
7749,4058200985,2014-09-11,development
7750,3031200246,2014-07-11,development
7751,0624101110,2014-10-02,development
7752,4046700210,2014-06-29,development
7753,2916200065,2015-01-15,development
7754,6141100038,2014-06-02,development
7755,2806800090,2014-11-04,development
7756,0312000265,2015-05-04,test
7757,2938200040,2014-12-11,development
7758,0114101161,2014-08-29,development
7759,1862400353,2015-03-26,test
7760,0179000100,2014-08-26,development
7761,7812800865,2014-11-19,development
7762,0809002390,2015-01-15,development
7763,2925059294,2015-03-27,test
7764,7574200210,2014-06-18,development
7765,5634500775,2015-01-30,development
7766,8965460090,2015-04-07,test
7767,1796350300,2014-07-10,development
7768,0428000150,2014-07-18,development
7769,2323089009,2015-01-19,development
7770,3528900735,2014-09-10,development
7771,3904100220,2014-12-09,development
7772,0254000735,2014-08-06,development
7773,7893205080,2014-10-07,development
7774,4397010300,2014-11-13,development
7775,1150000740,2014-10-03,development
7776,1926049141,2014-10-10,development
7777,7011201016,2014-10-01,development
7778,3028200100,2014-08-26,development
7779,8081010040,2014-09-11,development
7780,3023049186,2015-04-16,test
7781,8029900110,2014-11-14,development
7782,9367200205,2015-03-24,test
7783,5550300205,2015-04-13,test
7784,8820901415,2014-05-29,development
7785,6018500120,2015-02-20,development
7786,3826000665,2014-05-22,development
7787,1025079086,2014-08-20,development
7788,2621660040,2014-06-29,development
7789,8731982550,2014-12-10,development
7790,4324500180,2014-09-26,development
7791,1702901485,2014-06-03,development
7792,0251300110,2014-07-31,development
7793,0251300110,2015-01-14,development
7794,0461002615,2014-12-02,development
7795,8091401030,2015-04-22,test
7796,3924500040,2015-04-13,test
7797,9432900040,2014-07-29,development
7798,2426049125,2014-11-14,development
7799,2883201055,2014-09-10,development
7800,1795900360,2014-06-02,development
7801,9542830690,2014-11-20,development
7802,1245500690,2014-06-02,development
7803,7454000315,2015-04-24,test
7804,2426049113,2015-04-14,test
7805,8665050450,2014-09-12,development
7806,2787320620,2014-10-10,development
7807,5100401411,2014-10-27,development
7808,2767602855,2015-04-29,test
7809,7575620750,2014-12-22,development
7810,1529300115,2014-06-02,development
7811,0122029066,2015-05-08,test
7812,8732130580,2015-04-30,test
7813,1689400375,2014-08-05,development
7814,0985001321,2014-12-17,development
7815,7987400475,2015-04-17,test
7816,6383000820,2014-08-07,development
7817,1311400120,2014-08-01,development
7818,1153000040,2015-04-29,test
7819,7452500530,2015-02-19,development
7820,6300000212,2015-02-18,development
7821,3332000530,2014-11-05,development
7822,7657600195,2014-11-05,development
7823,1102000237,2015-04-28,test
7824,2887702070,2014-10-22,development
7825,6392001005,2014-06-20,development
7826,1601600195,2015-03-19,test
7827,3586500620,2014-08-14,development
7828,6021502250,2014-08-25,development
7829,3830210220,2014-09-08,development
7830,2568300266,2014-05-30,development
7831,3423600065,2014-06-04,development
7832,3343300180,2015-03-30,test
7833,3125079013,2015-04-30,test
7834,6453900040,2014-07-14,development
7835,0148000590,2014-07-31,development
7836,0419000015,2014-09-17,development
7837,0303000220,2015-04-21,test
7838,6450302175,2014-11-18,development
7839,1180000625,2014-10-29,development
7840,7972600450,2014-12-22,development
7841,1328300180,2014-05-09,development
7842,7866000158,2014-10-22,development
7843,7518505345,2014-12-29,development
7844,8084900195,2014-11-21,development
7845,4139420590,2014-05-20,development
7846,4139420590,2014-08-27,development
7847,2621600015,2015-01-21,purged
7848,2621600015,2015-04-30,test
7849,8005100360,2014-09-16,development
7850,9527000330,2014-08-11,development
7851,0748000145,2014-12-11,development
7852,9191200015,2014-09-10,development
7853,1822300040,2014-05-07,development
7854,9129100040,2014-08-25,development
7855,3331500940,2014-06-17,development
7856,0524069101,2014-07-23,development
7857,6021502310,2014-12-18,development
7858,4022901316,2014-10-31,development
7859,0023500180,2014-05-05,development
7860,9191200490,2015-03-24,test
7861,1189000207,2014-10-21,development
7862,1771110720,2014-05-21,development
7863,0224069010,2014-07-25,development
7864,3630060040,2014-09-11,development
7865,3211100450,2014-08-14,development
7866,1245003255,2015-02-23,development
7867,1438000110,2014-06-03,development
7868,8089500180,2014-07-30,development
7869,6802200110,2014-10-29,development
7870,7203100120,2014-06-16,development
7871,3445400120,2014-07-25,development
7872,1454100650,2014-08-04,development
7873,0106000015,2014-06-19,development
7874,9459200110,2014-06-10,development
7875,3448000410,2014-05-13,development
7876,8682281220,2014-10-14,development
7877,2114700530,2015-01-22,development
7878,8093600065,2014-12-31,development
7879,4137030040,2014-06-12,development
7880,5126900100,2014-09-23,development
7881,5469501530,2014-06-03,development
7882,7784000180,2015-05-05,test
7883,7135520610,2014-05-29,development
7884,8856500120,2015-02-10,development
7885,5015000180,2014-11-10,development
7886,3024059014,2015-03-25,test
7887,9268200348,2014-10-28,development
7888,9195700040,2014-09-26,development
7889,8798000100,2014-08-25,development
7890,0304000530,2014-05-12,development
7891,3575304895,2014-09-23,development
7892,9406500540,2014-06-30,development
7893,6071800410,2014-12-01,development
7894,2122049013,2015-05-13,test
7895,5470100220,2014-09-09,development
7896,6623400246,2014-05-23,development
7897,3918400028,2014-10-21,development
7898,1422700040,2015-05-14,test
7899,7660100336,2014-12-10,development
7900,6145602240,2014-08-19,development
7901,7287100035,2014-07-31,development
7902,5101405465,2015-02-03,development
7903,3756500180,2014-12-08,development
7904,3750605620,2015-03-24,test
7905,2473350790,2015-05-11,test
7906,3389900965,2014-08-27,development
7907,1068000375,2014-09-23,development
7908,9407100730,2015-01-29,development
7909,7618700112,2015-02-10,development
7910,5104540360,2014-11-07,development
7911,1051000040,2015-04-24,test
7912,2896400300,2015-03-19,test
7913,5003600120,2015-04-15,test
7914,6352600490,2015-01-14,development
7915,3820350120,2014-08-22,development
7916,4235400097,2014-12-02,development
7917,2757000040,2014-06-05,development
7918,0537000325,2014-11-04,development
7919,9522100485,2014-05-15,development
7920,0345700040,2014-07-29,development
7921,3904960910,2014-09-17,development
7922,1771000690,2014-05-28,development
7923,1931300035,2014-05-16,development
7924,2770601800,2014-10-24,development
7925,5309100515,2015-01-20,development
7926,0984210850,2015-02-17,development
7927,0924059233,2014-12-08,development
7928,5029451080,2014-08-21,development
7929,4379400220,2014-09-09,development
7930,5419800220,2014-06-10,development
7931,1839500065,2014-08-05,development
7932,2525059172,2014-11-25,development
7933,7159200040,2014-09-17,development
7934,3812400107,2015-03-30,test
7935,2726079061,2014-05-07,development
7936,1270000040,2014-07-16,development
7937,2113700115,2015-05-04,test
7938,0824069113,2014-09-24,development
7939,8856920110,2015-05-04,test
7940,8146100410,2014-08-05,development
7941,5101400838,2014-09-16,development
7942,1088800850,2014-05-02,development
7943,1061400360,2014-07-01,development
7944,9545250110,2015-04-14,test
7945,0425400115,2014-07-15,development
7946,2436700315,2014-10-14,development
7947,1545803520,2015-01-26,development
7948,0257000037,2014-12-29,development
7949,5016000315,2014-06-16,development
7950,6300500477,2014-08-26,development
7951,4022905172,2014-09-26,development
7952,7300000650,2014-07-02,development
7953,8682282070,2015-01-12,development
7954,7812801115,2014-06-13,development
7955,9269750690,2015-01-05,development
7956,1402620120,2015-05-12,test
7957,3793501390,2014-09-15,development
7958,9282800065,2015-03-29,test
7959,1921059310,2015-03-20,test
7960,0109000040,2015-03-16,test
7961,5101405331,2014-05-02,development
7962,2044500142,2014-09-02,development
7963,1837010040,2014-09-05,development
7964,3905000540,2014-05-15,development
7965,6071200375,2014-12-11,development
7966,3756500610,2015-03-24,test
7967,3885805035,2015-05-08,test
7968,7525100530,2015-04-11,test
7969,1324059048,2014-07-21,development
7970,3904921250,2014-10-10,development
7971,3331500485,2015-01-02,development
7972,7338401759,2014-06-10,development
7973,3122069029,2014-06-19,development
7974,3797310150,2015-02-18,development
7975,2205500540,2014-10-08,development
7976,7202310040,2015-04-08,test
7977,3630120330,2014-07-08,development
7978,4310700665,2015-03-05,development
7979,7504001080,2015-03-04,development
7980,2021200770,2014-09-09,development
7981,2005600090,2014-05-14,development
7982,0123000110,2014-09-30,development
7983,2473372170,2014-08-06,development
7984,7227500865,2014-05-19,development
7985,0510001280,2014-07-14,development
7986,3886903615,2015-04-16,test
7987,0439200035,2014-11-17,development
7988,4303200184,2014-10-10,development
7989,9362000040,2014-06-23,development
7990,4039701280,2015-04-08,test
7991,9828201202,2015-03-16,test
7992,2734100835,2015-03-03,development
7993,6749700110,2014-10-29,development
7994,3832060940,2014-07-29,development
7995,2214800110,2014-08-20,development
7996,1909600115,2014-08-27,development
7997,0040000553,2015-03-04,development
7998,7686203195,2015-03-23,test
7999,2923059064,2015-02-17,development
8000,2895600090,2015-04-07,test
8001,4019301386,2014-09-09,development
8002,7199360100,2014-11-12,development
8003,1241500032,2014-08-19,development
8004,9558020610,2014-05-12,development
8005,2050100450,2014-11-05,development
8006,1250200600,2015-04-08,test
8007,9325200110,2014-09-09,development
8008,0293850040,2015-02-05,development
8009,3723800097,2014-12-11,development
8010,7788400180,2014-08-12,development
8011,2206700215,2014-08-22,purged
8012,2206700215,2015-04-22,test
8013,0603001050,2014-07-23,development
8014,3583400120,2015-02-04,development
8015,3886903155,2015-03-04,development
8016,9485910100,2015-04-24,test
8017,3223039089,2014-09-29,development
8018,2596300035,2015-04-22,test
8019,9542801120,2015-03-27,test
8020,8150600195,2014-10-28,development
8021,6806100040,2014-08-25,development
8022,8857640040,2015-04-10,test
8023,2138000120,2014-06-26,development
8024,4022902260,2014-06-26,development
8025,2225300149,2014-12-22,development
8026,3438500880,2015-04-30,test
8027,1646502165,2014-08-13,development
8028,9541600110,2015-04-30,test
8029,3348401095,2015-04-27,test
8030,7579200915,2015-04-01,test
8031,2126049096,2014-12-02,development
8032,6021500025,2014-08-18,development
8033,8945000910,2015-03-26,test
8034,2473411130,2015-04-16,test
8035,2781250900,2014-06-20,development
8036,3330500925,2015-02-24,development
8037,9522100375,2014-07-15,development
8038,1826049362,2014-06-11,development
8039,1250200495,2014-06-24,development
8040,5662100110,2015-02-18,development
8041,2025049111,2014-06-19,development
8042,7576700131,2014-07-14,development
8043,4027701265,2015-05-01,test
8044,3423059177,2014-11-26,development
8045,3876312840,2014-09-12,development
8046,6928600330,2014-08-20,development
8047,5316100820,2015-01-22,development
8048,1022059161,2014-06-13,development
8049,4134300175,2015-04-17,test
8050,7853301130,2015-05-05,test
8051,6928000620,2015-02-18,development
8052,5680000750,2014-07-30,development
8053,0333100265,2014-09-24,development
8054,3530490031,2014-09-24,development
8055,6400700230,2015-03-11,test
8056,0322069010,2015-05-08,test
8057,2722059013,2015-02-04,development
8058,3878900815,2015-05-04,test
8059,2600010330,2015-01-20,development
8060,3889100027,2014-06-16,development
8061,3505100297,2015-04-11,test
8062,5560001130,2015-02-25,development
8063,1311910300,2015-02-04,development
8064,7518505160,2014-09-25,development
8065,2115510330,2015-02-02,development
8066,3955500100,2015-04-07,test
8067,2771104965,2015-01-30,development
8068,5317100530,2014-08-27,development
8069,3336002215,2015-02-25,development
8070,9408300180,2014-08-28,development
8071,2770604575,2015-05-06,test
8072,7305900082,2014-12-30,development
8073,8661000148,2014-10-28,development
8074,7968460230,2015-03-05,development
8075,0827000110,2014-07-14,development
8076,3390600025,2014-05-29,development
8077,1026069172,2014-06-18,development
8078,1226039103,2014-06-10,development
8079,2125079054,2015-02-24,development
8080,1545807810,2014-10-21,development
8081,7205500120,2015-04-23,test
8082,0924069176,2014-09-03,development
8083,4045500620,2014-09-10,development
8084,8146100325,2014-05-05,development
8085,8663240180,2015-03-30,test
8086,2087700115,2014-11-03,development
8087,7973202225,2015-01-06,development
8088,2557000090,2015-01-15,development
8089,3500100209,2014-08-04,development
8090,7234601166,2014-08-07,development
8091,3972900215,2015-01-26,development
8092,1924059029,2014-06-17,development
8093,3900500110,2014-11-17,development
8094,5561000600,2015-04-10,test
8095,3589500315,2014-09-19,development
8096,3658700690,2015-03-27,test
8097,4054560120,2014-10-08,development
8098,3918400123,2014-08-11,development
8099,2592300450,2014-06-27,development
8100,0123039424,2014-07-10,development
8101,8068000730,2014-06-25,development
8102,7461420230,2015-03-25,test
8103,1443501020,2014-11-13,development
8104,3798000165,2015-02-18,development
8105,0730000085,2014-08-01,development
8106,2061100265,2015-03-17,test
8107,1683900040,2014-12-15,development
8108,3959401880,2014-08-20,development
8109,2124049160,2015-04-16,test
8110,7708180040,2014-05-03,development
8111,1422300100,2014-09-29,development
8112,0255550230,2014-11-18,development
8113,1370804480,2014-09-29,development
8114,5104511590,2014-05-20,development
8115,1498302783,2014-05-19,development
8116,1623800300,2014-06-10,development
8117,5649600266,2015-02-24,development
8118,2968801075,2014-09-22,development
8119,1923039089,2014-06-10,development
8120,4006000183,2014-09-09,development
8121,9183700845,2014-12-18,development
8122,9558050360,2015-04-21,test
8123,1683600120,2015-01-21,development
8124,1604601570,2014-09-05,development
8125,2787460720,2015-02-27,purged
8126,2787460720,2015-05-06,test
8127,6386700300,2014-07-22,development
8128,2297400090,2015-03-23,test
8129,2420069278,2015-03-19,test
8130,7276100145,2014-09-30,development
8131,2475900850,2014-10-10,development
8132,3760100100,2014-07-23,development
8133,7849202585,2014-09-04,development
8134,6430500291,2015-02-12,development
8135,8151600701,2014-06-23,development
8136,2597450620,2014-10-09,development
8137,1099900120,2015-01-26,development
8138,7853340450,2015-04-27,test
8139,5652600065,2014-10-10,development
8140,6114400142,2015-02-26,development
8141,3630050180,2014-09-26,development
8142,1853000300,2015-02-24,development
8143,3585900785,2014-05-14,development
8144,1545801970,2014-05-16,development
8145,7853340610,2015-04-21,test
8146,8562900590,2015-01-22,development
8147,9422400035,2014-09-12,development
8148,9273200115,2014-12-17,development
8149,3971700937,2014-08-27,development
8150,1508210230,2015-04-28,test
8151,5249803550,2014-06-02,development
8152,4218400100,2014-09-11,development
8153,1424100100,2014-06-10,development
8154,7861000021,2015-04-29,test
8155,7856601110,2015-03-25,test
8156,1121039059,2014-05-22,development
8157,0522059172,2014-08-14,development
8158,8594400110,2015-04-01,test
8159,9201000120,2015-04-22,test
8160,1822059440,2015-02-03,development
8161,1623089039,2014-12-17,development
8162,0452001570,2015-04-03,test
8163,1724069079,2015-03-19,test
8164,3141600210,2014-06-19,development
8165,1797500530,2015-05-05,test
8166,7300400580,2014-05-05,development
8167,1826049442,2015-03-10,test
8168,2525000220,2015-04-14,test
8169,0191100665,2015-04-13,test
8170,5634500201,2015-04-14,test
8171,0795000405,2015-04-13,test
8172,1300300730,2015-03-24,test
8173,1862900040,2014-06-26,development
8174,9279700150,2015-02-12,development
8175,0322059311,2015-03-30,test
8176,3333002710,2014-09-17,development
8177,1257200115,2014-05-21,development
8178,9183703045,2015-04-20,test
8179,7899800905,2015-05-03,test
8180,7215400770,2014-06-23,development
8181,1139000215,2014-07-18,development
8182,9218400088,2014-11-19,development
8183,9455200596,2015-01-14,development
8184,0510002506,2014-08-25,development
8185,7212680850,2014-09-03,development
8186,5229300085,2015-04-11,test
8187,7436000205,2014-09-19,development
8188,0425200205,2014-10-03,development
8189,7138200150,2014-05-18,development
8190,1782000180,2014-10-23,development
8191,3623500205,2014-05-13,development
8192,1423200110,2015-05-13,test
8193,0797000256,2015-04-07,test
8194,9357000215,2015-01-27,development
8195,2526069095,2014-06-05,development
8196,6908200650,2014-05-27,development
8197,5021900175,2014-06-16,development
8198,4038700220,2015-02-13,development
8199,9455200205,2014-06-04,development
8200,5379804470,2014-06-17,development
8201,2517000150,2014-07-13,development
8202,9264930770,2014-10-29,development
8203,4197400043,2015-02-19,development
8204,2329800330,2014-11-14,development
8205,7899800450,2014-08-28,development
8206,2895110062,2014-12-02,development
8207,3448001285,2014-08-18,development
8208,0521079025,2015-04-17,test
8209,0624069098,2015-01-21,development
8210,2946003580,2014-11-19,development
8211,7227500450,2014-09-09,development
8212,2322069100,2015-04-09,test
8213,2144800615,2014-06-25,development
8214,1432900150,2015-04-06,test
8215,7942601810,2014-12-10,development
8216,7302900090,2015-02-18,development
8217,2310050110,2014-12-15,development
8218,6743700090,2014-11-20,development
8219,3935900093,2015-04-27,test
8220,0123039279,2014-07-11,development
8221,4307350730,2014-11-13,development
8222,1954700610,2014-12-09,development
8223,8155500110,2015-04-29,test
8224,7129303045,2015-04-17,test
8225,6021503451,2014-08-22,development
8226,3793400360,2014-08-14,development
8227,7504101280,2015-01-26,development
8228,3331500121,2015-02-10,development
8229,0438000015,2014-09-16,development
8230,5366200205,2014-06-03,development
8231,2026049067,2014-07-02,development
8232,3885808035,2015-03-16,test
8233,1494300040,2014-06-24,development
8234,6071200195,2015-04-08,test
8235,1257202215,2014-07-14,development
8236,5589300145,2014-05-27,development
8237,0293000145,2014-11-13,development
8238,4315701163,2015-04-13,test
8239,6163900981,2014-05-28,development
8240,4157600120,2015-04-22,test
8241,3262301355,2014-07-25,development
8242,4376700330,2014-08-01,development
8243,8691370330,2014-10-29,development
8244,5078400090,2014-12-09,development
8245,5272200040,2014-11-21,development
8246,2997800015,2015-04-07,test
8247,2780900220,2014-12-26,development
8248,4463400195,2014-07-18,development
8249,0844001485,2015-04-29,test
8250,8123450300,2015-03-06,development
8251,7137800300,2014-07-08,development
8252,7972600910,2015-05-07,test
8253,7452500770,2014-09-08,development
8254,5250300035,2014-10-08,development
8255,9517200610,2015-03-03,development
8256,0952004570,2014-12-06,development
8257,0579002600,2014-10-01,development
8258,4351300978,2014-08-26,development
8259,1152700090,2014-12-18,development
8260,3179100720,2014-12-03,development
8261,5628300015,2014-11-06,development
8262,1900000035,2015-05-05,test
8263,1105000432,2014-08-22,development
8264,1402810150,2015-03-10,test
8265,2163900028,2015-01-28,development
8266,5409000110,2015-05-06,test
8267,8687800100,2014-07-13,development
8268,8563300085,2014-12-01,development
8269,7140200330,2015-03-09,development
8270,2124069103,2015-05-05,test
8271,1703401110,2014-08-07,development
8272,6046400755,2015-05-11,test
8273,5309100450,2015-03-30,test
8274,3883800011,2014-11-05,purged
8275,3883800011,2015-04-08,test
8276,4315700175,2014-06-12,development
8277,0221029019,2015-04-28,test
8278,4035900085,2014-11-17,development
8279,3438500781,2014-08-12,development
8280,8097000330,2014-07-21,development
8281,8677300720,2014-06-17,development
8282,3644100072,2014-11-07,development
8283,1453602284,2014-11-03,development
8284,4365700450,2014-11-06,development
8285,9268200315,2014-08-28,development
8286,4358700141,2015-04-27,test
8287,4310701577,2014-05-09,development
8288,9828200762,2014-06-28,development
8289,2026049097,2014-11-25,development
8290,6639900219,2015-05-11,test
8291,2521039066,2014-12-29,development
8292,5649300120,2015-04-20,test
8293,1774230300,2015-03-06,development
8294,7313200120,2014-10-31,development
8295,4137010540,2015-04-01,test
8296,7844200120,2015-04-13,test
8297,1923099058,2014-10-15,development
8298,7922710690,2014-05-19,development
8299,2624049165,2014-05-13,development
8300,7575600100,2014-05-02,development
8301,3450400330,2015-02-20,development
8302,4307300930,2015-01-02,development
8303,3288301030,2015-03-19,test
8304,5466350120,2015-03-11,test
8305,3791410210,2014-11-17,development
8306,1795900120,2014-10-29,development
8307,8656300385,2015-03-17,test
8308,6649250410,2015-02-04,development
8309,1426049054,2014-07-01,development
8310,7841300535,2015-04-09,test
8311,2867700035,2015-02-12,development
8312,2658000215,2014-08-12,development
8313,7100000120,2014-08-18,development
8314,0200300210,2014-07-01,development
8315,1868903130,2015-02-12,development
8316,7385310040,2014-06-05,development
8317,5104510210,2015-03-09,development
8318,9517200180,2014-11-06,development
8319,1725079061,2014-07-10,development
8320,2141310820,2014-06-24,development
8321,2902200234,2014-12-09,development
8322,1443500395,2015-05-04,test
8323,2391601010,2014-08-20,development
8324,7129303970,2015-03-04,development
8325,0567000025,2015-04-02,test
8326,2493200195,2014-05-02,development
8327,8562901250,2014-08-27,development
8328,2600020330,2014-08-13,development
8329,1370801520,2014-05-27,development
8330,5589900761,2015-05-01,test
8331,3601800580,2014-10-21,development
8332,3336000296,2014-11-13,development
8333,1525059020,2015-04-10,test
8334,6150200330,2014-08-25,development
8335,4136950180,2014-09-26,development
8336,0259600790,2014-10-15,development
8337,2770604925,2014-07-15,development
8338,6902000100,2014-09-15,development
8339,3275850180,2014-06-02,development
8340,4154300296,2014-09-26,purged
8341,4154300296,2015-03-18,test
8342,3888100043,2014-05-07,development
8343,8165501510,2014-11-25,development
8344,5152700120,2015-03-18,test
8345,1962200475,2014-07-25,development
8346,0272000355,2014-11-08,development
8347,5113400113,2014-06-19,development
8348,6669010120,2014-06-24,development
8349,7170200110,2015-01-21,development
8350,2113700025,2015-04-09,test
8351,7197000100,2015-01-08,development
8352,7577700061,2015-04-16,test
8353,1862400215,2015-01-20,development
8354,3726800201,2015-04-17,test
8355,0013002460,2015-03-18,test
8356,5151200215,2014-12-12,development
8357,8731983200,2015-03-10,test
8358,5309101395,2014-09-11,development
8359,4364700945,2015-04-02,test
8360,0395300330,2014-12-11,development
8361,3295730040,2014-07-15,development
8362,7937600395,2014-07-08,development
8363,1236300146,2015-05-04,test
8364,8024200625,2015-02-05,development
8365,7340600845,2014-08-06,development
8366,0898000220,2014-10-01,development
8367,2212600100,2014-05-22,development
8368,6412100092,2015-01-05,development
8369,8835350300,2015-03-04,development
8370,2586800210,2015-04-21,test
8371,2044500201,2014-06-09,development
8372,6450303950,2014-05-05,development
8373,3013300409,2015-03-12,test
8374,1934800087,2014-06-26,development
8375,1125049140,2015-01-26,development
8376,2025700180,2014-11-20,development
8377,8024201055,2014-08-06,development
8378,2426059097,2015-03-05,development
8379,9829200855,2014-05-13,development
8380,1864940180,2014-06-05,development
8381,1023089085,2014-08-04,development
8382,4399200100,2015-04-28,test
8383,1087500040,2014-10-14,development
8384,1972201965,2014-06-24,development
8385,0272000085,2015-02-19,development
8386,7129302806,2015-02-03,development
8387,4389201021,2014-07-01,development
8388,6751300385,2015-04-24,test
8389,0723049274,2015-04-17,test
8390,2767602094,2014-05-16,development
8391,8635760330,2015-04-13,test
8392,3905010100,2014-06-15,development
8393,2493200215,2014-12-31,development
8394,8691390530,2014-06-25,development
8395,4319200620,2014-10-15,development
8396,0424069096,2014-07-31,development
8397,8121200820,2014-05-22,development
8398,8682231110,2014-06-09,development
8399,2767602645,2014-11-10,development
8400,7131300035,2014-05-12,development
8401,2595650100,2014-06-30,development
8402,2616700450,2014-11-07,development
8403,2520900301,2014-10-22,development
8404,1473200150,2014-12-16,development
8405,1726600150,2015-02-26,development
8406,9169600110,2015-03-17,test
8407,4036800580,2014-06-21,development
8408,2324800110,2014-06-12,development
8409,7855800910,2015-03-21,test
8410,3625059140,2014-05-07,development
8411,0001200021,2014-08-11,development
8412,9455200790,2014-12-09,development
8413,2021200530,2015-02-25,development
8414,7760600110,2014-10-27,development
8415,9323610110,2015-01-12,development
8416,1612500090,2015-03-31,test
8417,4027700594,2014-12-22,development
8418,1924059254,2015-05-08,test
8419,2172000846,2014-06-19,development
8420,0514500195,2014-10-16,development
8421,8151600142,2015-05-12,test
8422,7950304045,2015-03-31,test
8423,6700390210,2014-07-08,development
8424,2195700230,2015-02-03,development
8425,0558100090,2015-03-12,test
8426,2749600245,2014-06-17,development
8427,1782500065,2015-04-28,test
8428,0263000329,2014-10-08,development
8429,9432900180,2014-07-14,development
8430,0142000165,2014-05-07,development
8431,6145600410,2014-07-11,development
8432,2599001500,2014-07-12,development
8433,1721801010,2014-09-03,purged
8434,1721801010,2015-04-24,test
8435,5101404491,2015-02-12,development
8436,0326049111,2014-06-26,development
8437,1785400300,2014-08-21,development
8438,1310980580,2015-03-19,test
8439,6632300230,2014-10-06,development
8440,9324800650,2015-04-27,test
8441,2188201010,2015-01-21,development
8442,7137910360,2014-07-29,development
8443,0125069038,2014-11-25,development
8444,9465910150,2014-11-09,development
8445,0724069023,2015-04-14,test
8446,6600220150,2015-03-10,test
8447,7227800025,2014-11-18,development
8448,3905040220,2014-05-09,development
8449,5072300210,2014-06-24,development
8450,0121039042,2015-03-13,test
8451,6705870120,2014-07-01,development
8452,1109000040,2014-05-28,development
8453,9358001590,2015-03-03,development
8454,0705700580,2015-05-01,test
8455,4343800100,2014-10-21,development
8456,3343900781,2014-10-27,development
8457,1062100085,2014-11-13,development
8458,6821101827,2014-11-05,development
8459,3901100015,2014-12-30,development
8460,9500900110,2014-07-31,development
8461,4006000401,2014-08-11,development
8462,1218000025,2014-10-13,development
8463,1875500040,2015-01-27,development
8464,7955000210,2014-07-09,development
8465,7568700175,2014-06-04,development
8466,3410600100,2014-06-13,development
8467,0923049378,2014-05-08,development
8468,0420000085,2014-08-27,development
8469,2817210210,2015-04-01,test
8470,2141340040,2014-09-11,development
8471,0714000315,2015-04-14,test
8472,0263000040,2014-10-01,development
8473,1721801161,2014-10-30,development
8474,4139490210,2014-07-30,development
8475,6790900110,2014-06-10,development
8476,1775800220,2015-04-02,test
8477,2569500210,2014-11-17,development
8478,4141000490,2014-10-21,development
8479,8078100120,2015-03-19,test
8480,3034200666,2014-11-07,development
8481,8892900210,2014-06-09,development
8482,7399000360,2015-05-13,test
8483,3491300082,2015-01-27,development
8484,2310060040,2014-09-25,development
8485,0323059146,2015-04-17,test
8486,1079350090,2014-06-17,development
8487,0098000740,2015-04-01,test
8488,5126400150,2014-06-17,development
8489,8815400165,2015-03-03,development
8490,0421000555,2014-05-20,development
8491,0686300930,2015-03-05,development
8492,2744600040,2014-06-14,development
8493,3832070040,2015-04-16,test
8494,7305300090,2014-11-06,development
8495,7452500730,2015-04-24,test
8496,1824059079,2015-03-11,test
8497,3438503426,2015-04-06,test
8498,8948500025,2015-04-25,test
8499,1722059021,2014-12-17,development
8500,8899210090,2014-07-14,development
8501,4019300155,2014-08-21,development
8502,4364700165,2014-11-24,development
8503,0796000085,2014-09-23,development
8504,7987401095,2014-11-13,development
8505,1237500540,2014-10-21,development
8506,1237500540,2014-12-22,development
8507,3649100304,2014-08-19,development
8508,0007400062,2014-05-21,development
8509,6388910730,2014-08-06,development
8510,7882900120,2014-05-07,development
8511,1865000040,2014-12-10,development
8512,6821100246,2014-09-03,development
8513,8731981500,2014-08-18,development
8514,6979910120,2015-03-23,test
8515,2123700100,2014-12-02,development
8516,3425059141,2014-05-28,development
8517,3876600120,2015-04-22,test
8518,4038000040,2015-03-26,test
8519,6668900155,2014-08-20,development
8520,8132700150,2014-05-03,development
8521,4038800580,2014-06-04,development
8522,3331001910,2014-08-18,development
8523,2726079103,2014-07-22,development
8524,7212651210,2014-11-06,development
8525,2026059119,2014-08-25,development
8526,3330501120,2015-03-25,test
8527,1250202324,2015-01-22,development
8528,3815500035,2014-05-20,development
8529,5706600150,2014-05-28,development
8530,8005100540,2014-07-09,development
8531,0293720180,2014-12-30,development
8532,5101405604,2014-08-14,purged
8533,5101405604,2015-04-28,test
8534,2387000110,2014-11-10,development
8535,7238000330,2014-12-18,development
8536,3879901295,2014-11-10,development
8537,0326069131,2014-06-11,development
8538,0629811340,2015-05-08,test
8539,9808700650,2015-03-13,test
8540,8964800755,2015-01-16,development
8541,1126059095,2014-05-26,development
8542,1899400365,2014-06-20,development
8543,0259800410,2014-11-06,development
8544,3523069047,2014-08-25,development
8545,6852700476,2014-12-11,development
8546,0424049043,2014-08-11,development
8547,7646900360,2014-09-18,development
8548,2991000220,2015-03-17,test
8549,3034200366,2014-12-03,development
8550,5127000410,2014-06-27,development
8551,2826079101,2015-04-15,test
8552,3972900195,2014-09-16,development
8553,8018600870,2014-10-06,development
8554,0257000038,2014-10-06,development
8555,7981900110,2014-10-03,development
8556,8965500880,2014-09-16,development
8557,5253300437,2015-03-19,test
8558,2523069172,2014-08-04,development
8559,6388910360,2014-11-19,development
8560,7326200110,2014-12-22,development
8561,3701900085,2014-08-05,development
8562,9376301520,2014-05-29,development
8563,2111000580,2014-05-21,development
8564,8645510230,2014-05-29,development
8565,6204410330,2014-10-20,development
8566,8159300040,2014-10-02,development
8567,8091410530,2015-05-01,test
8568,8653600100,2015-03-30,test
8569,9550202730,2014-10-14,development
8570,8651410740,2015-02-19,development
8571,0225039177,2014-12-08,development
8572,6082400191,2014-06-19,development
8573,3622069095,2014-09-17,development
8574,6666860210,2014-06-02,development
8575,8161000230,2015-04-27,test
8576,7214820610,2014-10-07,development
8577,0434000040,2014-05-27,development
8578,8914200220,2015-01-16,development
8579,6072760210,2014-10-02,development
8580,9485950040,2014-06-06,development
8581,4027700456,2014-06-19,development
8582,1023059365,2014-05-06,development
8583,8944600620,2014-07-03,development
8584,2997800090,2015-04-06,test
8585,2787700150,2015-04-22,test
8586,4055701110,2014-06-12,development
8587,2517000790,2014-06-11,development
8588,2125059124,2014-06-02,development
8589,7284900405,2014-07-14,development
8590,3937900120,2014-10-06,development
8591,0200520120,2014-07-01,development
8592,7203220360,2014-10-20,development
8593,3425059219,2014-09-29,development
8594,5469502170,2015-04-14,test
8595,6303401395,2015-02-19,development
8596,8822901301,2014-09-08,development
8597,6730700385,2014-10-22,development
8598,4396000530,2014-06-11,development
8599,4077800590,2015-02-26,development
8600,2461900845,2014-09-03,development
8601,5366200330,2015-01-14,development
8602,6899990230,2014-07-01,development
8603,7950700120,2014-12-17,development
8604,7852090180,2014-08-04,development
8605,3066410850,2014-07-09,development
8606,2422059015,2014-08-08,development
8607,7436500360,2014-06-06,development
8608,0984210590,2014-09-29,development
8609,8024202350,2014-07-21,development
8610,6392002020,2015-03-24,test
8611,6398000191,2014-08-27,development
8612,3904100065,2014-10-28,development
8613,5535600150,2015-03-12,test
8614,8024200820,2015-02-13,development
8615,9301300215,2014-06-17,development
8616,1122069006,2014-07-10,development
8617,5379801972,2014-08-18,development
8618,4077800088,2014-08-11,development
8619,1823069059,2014-06-11,development
8620,7979900215,2014-06-11,development
8621,5101404444,2015-04-14,test
8622,0892000025,2014-07-10,development
8623,6303400395,2015-01-30,development
8624,2320069189,2014-10-27,development
8625,2568200610,2015-05-13,test
8626,6073230230,2014-12-31,development
8627,1024049006,2015-01-14,development
8628,0823069044,2015-03-25,test
8629,2926049086,2014-10-28,development
8630,5127001320,2014-11-25,development
8631,5127001320,2015-02-23,development
8632,1994200375,2014-12-03,development
8633,7100000035,2014-12-12,development
8634,6329000705,2015-04-02,test
8635,7524950870,2014-05-19,development
8636,9564800145,2014-05-06,development
8637,2077700042,2014-06-26,development
8638,3835500195,2014-06-18,development
8639,0259000100,2014-10-07,development
8640,1796360870,2014-10-30,development
8641,0923049440,2014-07-17,development
8642,9144100298,2015-03-02,development
8643,3223049158,2015-04-17,test
8644,5456000025,2014-12-01,development
8645,3558000120,2014-07-02,development
8646,6133100120,2014-09-23,development
8647,5608000590,2014-07-14,development
8648,8651480090,2015-03-27,test
8649,2768301490,2014-06-26,development
8650,3325069060,2014-09-12,development
8651,8802400411,2014-06-19,development
8652,2953000090,2014-12-02,development
8653,7657600025,2015-02-19,development
8654,8118600025,2015-03-31,test
8655,0326069118,2014-06-30,development
8656,2902200838,2014-10-27,development
8657,0798000062,2014-08-01,development
8658,3298700941,2014-09-05,development
8659,0114100155,2014-06-27,development
8660,5151600360,2015-01-30,development
8661,0523049106,2014-08-26,development
8662,3751600025,2014-05-14,development
8663,6918730230,2015-04-01,test
8664,3226079059,2014-10-19,development
8665,9521100880,2014-09-16,development
8666,0425049146,2014-07-15,development
8667,3630010040,2014-05-23,development
8668,6620400025,2015-05-01,test
8669,8886000021,2014-06-16,development
8670,0766800090,2014-05-25,development
8671,4022900571,2015-01-12,development
8672,2206700165,2014-07-16,development
8673,4151800530,2014-10-28,development
8674,8122600195,2014-05-20,development
8675,5379805160,2014-10-02,development
8676,0323089095,2014-10-31,development
8677,0009000025,2014-12-03,development
8678,8835200330,2014-12-08,development
8679,1239400064,2015-03-04,development
8680,2719100115,2014-11-04,development
8681,5589300361,2014-09-02,development
8682,2523069146,2014-06-23,development
8683,3630020090,2015-05-04,test
8684,1775700011,2015-05-12,test
8685,9264921110,2015-01-15,development
8686,6837820330,2015-04-29,test
8687,6822100750,2015-05-08,test
8688,6769200040,2014-12-18,development
8689,1668500090,2015-04-02,test
8690,5104530220,2015-04-20,test
8691,0726059048,2014-09-26,development
8692,8835401250,2015-05-06,test
8693,6821100090,2015-04-09,test
8694,5072400100,2015-04-13,test
8695,2781200090,2014-07-08,development
8696,4006000580,2015-03-13,test
8697,3825310530,2014-07-16,development
8698,3797000745,2015-02-09,development
8699,7550801207,2015-04-28,test
8700,2468800040,2015-04-10,test
8701,8092700230,2015-02-11,development
8702,4435000490,2014-10-15,development
8703,3686900025,2015-04-08,test
8704,2450500110,2014-05-08,development
8705,1257200315,2014-07-05,development
8706,3876312370,2014-09-15,development
8707,2821079081,2014-10-10,development
8708,7550800915,2015-02-19,development
8709,7504010750,2014-09-24,development
8710,1175000110,2014-12-02,development
8711,9320990090,2015-04-21,test
8712,3791400100,2014-07-28,development
8713,6021503885,2014-07-08,development
8714,7979900552,2015-05-01,test
8715,5101405340,2014-08-21,development
8716,5016003146,2014-07-10,development
8717,2734100065,2014-06-12,development
8718,8029650040,2014-05-19,development
8719,6204410150,2015-04-14,test
8720,0662310620,2014-08-26,development
8721,0924000040,2014-08-14,development
8722,3333500096,2015-03-05,development
8723,0349400100,2014-09-08,development
8724,3876000970,2014-08-06,development
8725,7883603425,2014-05-29,development
8726,0923000580,2015-02-23,development
8727,6635000110,2015-03-31,test
8728,7000100775,2014-07-21,development
8729,6383000690,2015-03-25,test
8730,9113600210,2014-06-17,development
8731,5249804760,2015-05-05,test
8732,3364900156,2015-03-17,test
8733,0117000001,2014-05-27,development
8734,7555200230,2014-05-21,development
8735,9178600360,2014-06-04,development
8736,7853301570,2015-04-30,test
8737,5066400564,2014-09-29,development
8738,9264950600,2014-07-24,development
8739,4010800110,2014-06-09,development
8740,1546600120,2015-03-25,test
8741,4139440100,2015-01-28,development
8742,1939050110,2015-01-13,development
8743,6126601445,2014-05-30,development
8744,9274200620,2014-10-28,development
8745,2868300061,2014-09-18,development
8746,3831200210,2014-09-10,development
8747,7301300150,2014-06-25,development
8748,3368900084,2014-06-23,development
8749,8856500220,2014-07-28,development
8750,9527310110,2014-08-26,development
8751,2767604712,2014-09-19,development
8752,3336001515,2015-05-11,test
8753,5103900015,2014-06-26,development
8754,1025069255,2014-10-23,development
8755,2724069010,2015-04-30,test
8756,8682262170,2014-05-30,development
8757,1773100755,2014-08-21,development
8758,8691390770,2014-10-13,development
8759,7771300085,2015-03-09,development
8760,9194101388,2014-09-19,development
8761,7633400110,2015-02-24,development
8762,2767704302,2015-04-10,test
8763,8562970040,2014-05-16,development
8764,8562720410,2014-08-07,development
8765,0120069059,2014-08-04,development
8766,9828702513,2014-05-06,development
8767,7812800515,2014-10-25,development
8768,3363900155,2014-12-09,development
8769,9448300061,2014-07-08,development
8770,1840300100,2014-09-18,development
8771,4246000180,2014-05-23,development
8772,7856000110,2015-02-03,development
8773,2422059111,2014-06-20,development
8774,1925069199,2015-02-09,development
8775,2771603940,2015-01-09,development
8776,6028000090,2015-01-26,development
8777,5126310110,2014-07-22,development
8778,7520000616,2015-03-09,development
8779,3343900120,2015-01-26,development
8780,0714000195,2014-11-13,development
8781,2310100230,2014-08-12,development
8782,7856600900,2014-06-16,development
8783,0926069192,2014-09-26,development
8784,3343302110,2015-03-06,development
8785,5100403405,2015-01-07,development
8786,3298700302,2014-12-12,development
8787,3333001430,2014-09-12,development
8788,8849700040,2014-09-08,development
8789,3256400051,2014-07-08,development
8790,7283900551,2014-11-24,development
8791,5067400032,2014-12-05,development
8792,1370801020,2014-07-09,development
8793,3852900026,2014-08-01,development
8794,1189000025,2014-09-05,development
8795,4047200580,2015-03-02,development
8796,2607720150,2014-06-05,development
8797,5459300040,2014-08-13,development
8798,2613200025,2015-03-13,test
8799,0686050100,2014-11-28,development
8800,2117700065,2014-10-09,development
8801,5742600115,2015-04-07,test
8802,2064800600,2015-01-09,development
8803,0034001765,2015-03-25,test
8804,1186000065,2015-04-16,test
8805,1687000220,2014-10-16,development
8806,7985400133,2015-01-14,development
8807,3303980090,2015-03-06,development
8808,7855200120,2014-05-09,development
8809,0002800031,2015-04-01,test
8810,2306400040,2015-04-16,test
8811,5035300834,2014-05-30,development
8812,9542300530,2014-11-24,development
8813,9191201250,2015-01-07,development
8814,7950300775,2014-12-04,development
8815,2934800025,2014-12-16,development
8816,7855400330,2014-06-04,development
8817,0259600330,2015-02-09,development
8818,3723800409,2014-05-07,development
8819,5191100180,2014-11-06,development
8820,0257000057,2014-09-16,development
8821,1771100330,2014-06-05,development
8822,1782500035,2014-07-03,development
8823,7104100065,2014-09-26,development
8824,0200500610,2014-06-11,development
8825,7199320600,2014-05-19,development
8826,3322049201,2014-05-23,development
8827,5153200100,2015-02-25,development
8828,0726059349,2015-03-19,test
8829,8833510230,2014-06-04,development
8830,7298000090,2014-07-03,development
8831,3885804225,2014-06-24,development
8832,2558600100,2014-08-27,development
8833,7697920450,2014-06-25,development
8834,8899200110,2014-06-03,development
8835,3992700775,2015-01-21,development
8836,6384500035,2014-07-01,development
8837,2787700210,2014-09-16,development
8838,2524049018,2014-12-05,development
8839,7569450090,2014-11-21,development
8840,0123039570,2014-07-08,development
8841,6071300090,2014-08-26,development
8842,4221250100,2014-08-05,development
8843,8730000210,2014-08-07,development
8844,4178600100,2014-07-21,development
8845,9476200485,2014-09-29,development
8846,3205400230,2014-07-16,development
8847,9307300100,2014-05-19,development
8848,2770600930,2014-10-22,development
8849,2817900180,2015-04-11,test
8850,7504001340,2014-08-29,development
8851,3121500330,2015-03-23,test
8852,1099760230,2015-01-07,development
8853,3904920600,2014-11-05,development
8854,7504100590,2015-03-25,test
8855,1725079025,2014-09-03,development
8856,9406540150,2014-07-22,development
8857,6163900032,2015-01-09,development
8858,0844000180,2015-02-25,development
8859,7229800175,2014-06-04,development
8860,0325059086,2014-08-25,development
8861,4310701565,2014-09-16,development
8862,2524049257,2014-09-18,development
8863,1226059161,2014-12-29,development
8864,7212660900,2014-07-23,development
8865,6147650300,2014-10-16,development
8866,8945300090,2014-08-11,development
8867,7452500365,2014-06-25,development
8868,3629960600,2015-03-12,test
8869,0540100056,2014-06-01,development
8870,1109000175,2015-05-08,test
8871,8645500900,2014-06-20,development
8872,0722069057,2015-01-02,development
8873,2660500365,2015-01-06,development
8874,2516000475,2014-09-29,development
8875,0522039103,2014-11-13,development
8876,7689600650,2014-09-17,development
8877,9285800801,2014-09-26,development
8878,3750607974,2014-05-09,development
8879,1622049154,2014-12-15,development
8880,9530100555,2014-06-13,development
8881,4178500300,2014-09-16,development
8882,8856960720,2014-08-08,development
8883,9117000230,2015-04-09,test
8884,8122100835,2014-08-12,development
8885,2788500090,2014-12-19,development
8886,0324059161,2014-10-13,development
8887,4217400540,2014-09-29,development
8888,3876312290,2014-11-21,development
8889,8556800090,2015-04-30,test
8890,2113701095,2014-07-17,development
8891,3750603940,2014-09-25,development
8892,1245003160,2014-05-02,development
8893,2600010360,2015-03-09,development
8894,7893200900,2015-04-14,test
8895,0269000615,2014-05-16,development
8896,2174503441,2014-07-03,development
8897,4025300371,2015-04-08,test
8898,3101500090,2014-10-17,development
8899,3447000090,2015-04-28,test
8900,0917000300,2014-05-20,development
8901,9510400100,2014-05-06,development
8902,4058801225,2014-12-02,development
8903,3578600201,2014-07-31,development
8904,5282200015,2014-05-27,development
8905,5282200015,2015-01-26,development
8906,4219400555,2014-11-24,development
8907,0104550540,2015-01-20,development
8908,3317500100,2015-02-20,development
8909,2436200395,2014-06-10,development
8910,1118001560,2014-07-10,development
8911,8728100775,2015-03-09,development
8912,2223069112,2014-11-12,development
8913,7278100665,2015-02-04,development
8914,0822059038,2014-07-31,development
8915,7977201065,2014-11-04,development
8916,7977201065,2015-03-05,development
8917,5255000110,2014-10-07,development
8918,9407001790,2014-08-26,development
8919,1120069059,2014-09-18,development
8920,2048000330,2014-09-26,development
8921,8820903080,2015-05-08,test
8922,1687000210,2014-07-25,development
8923,0621049103,2014-07-09,development
8924,1321059052,2015-04-09,test
8925,2114700540,2014-10-21,development
8926,4307330180,2015-03-28,test
8927,0114100304,2014-12-03,development
8928,7501000220,2014-06-20,development
8929,8562901910,2014-07-30,development
8930,1442800150,2015-01-20,development
8931,3715500220,2014-06-05,development
8932,8647800150,2015-01-02,development
8933,2508800220,2015-03-25,test
8934,0106000044,2014-08-26,development
8935,5652601035,2015-01-15,development
8936,4142450490,2015-04-03,test
8937,2788400090,2014-08-07,development
8938,7524200330,2015-03-16,test
8939,9359300220,2014-06-23,development
8940,3840700455,2014-05-23,development
8941,6790950150,2014-08-17,development
8942,3303950760,2014-07-28,development
8943,2600000210,2014-06-11,development
8944,2341300115,2014-08-08,development
8945,8655900100,2014-08-07,development
8946,4345000210,2015-03-30,test
8947,8929000330,2014-07-29,development
8948,6700390150,2014-09-23,development
8949,1645000100,2015-01-29,development
8950,8078350100,2014-12-04,development
8951,6430500008,2015-03-02,development
8952,3902300100,2014-05-12,development
8953,2193330090,2015-03-11,test
8954,3524039202,2015-04-20,test
8955,0059000201,2015-05-05,test
8956,1782000085,2014-09-15,development
8957,3121500150,2015-04-23,test
8958,5207200360,2014-09-03,development
8959,2570500230,2014-05-29,development
8960,2481600110,2014-05-25,development
8961,5104520150,2014-05-20,development
8962,7504110760,2014-06-27,development
8963,3649100276,2014-06-09,development
8964,4302700559,2015-03-27,test
8965,2883200961,2014-06-05,development
8966,2767601280,2014-07-22,development
8967,0625049274,2015-03-03,development
8968,0686400210,2014-09-22,development
8969,0121059038,2015-03-24,test
8970,3649100264,2014-08-15,development
8971,6743700015,2015-01-28,development
8972,0217500015,2015-02-24,development
8973,8691500410,2014-06-19,development
8974,9828702667,2014-05-19,development
8975,2597531110,2014-09-09,development
8976,1126049095,2014-09-26,development
8977,0126049100,2014-11-04,development
8978,1724069060,2015-05-07,test
8979,9530101385,2014-10-14,development
8980,7243500015,2014-10-03,development
8981,1498303700,2014-08-22,development
8982,3352400325,2014-07-24,development
8983,8021700495,2014-07-22,development
8984,9406500530,2014-09-12,development
8985,9468200100,2014-07-10,development
8986,3179100482,2015-01-26,development
8987,5035300650,2014-06-03,development
8988,6431000015,2014-05-30,development
8989,5366200210,2014-08-19,development
8990,9512501450,2015-04-29,test
8991,8651411460,2015-01-06,development
8992,8078380230,2014-08-08,development
8993,1523069096,2014-08-11,development
8994,7893203480,2015-05-12,test
8995,7795810110,2015-05-12,test
8996,0191100410,2014-06-20,development
8997,6151800330,2015-04-21,test
8998,1771100360,2014-07-07,development
8999,1556200265,2014-07-23,development
9000,6742700210,2014-11-19,development
9001,1423800210,2014-09-23,development
9002,2125049131,2014-07-29,development
9003,5318101765,2014-06-02,development
9004,6624300110,2014-06-23,development
9005,5160700035,2015-04-22,test
9006,1472800220,2014-09-09,development
9007,3755000090,2014-10-06,development
9008,0259601010,2015-04-14,test
9009,7939000090,2014-09-29,development
9010,2675600025,2015-03-27,test
9011,5700000975,2014-08-19,development
9012,9407150360,2015-03-06,development
9013,8146300015,2014-07-16,development
9014,9406570300,2014-09-30,development
9015,7518500301,2015-03-01,development
9016,3739500096,2015-01-26,purged
9017,3739500096,2015-05-05,test
9018,0267020090,2014-08-18,development
9019,0534000195,2014-11-13,development
9020,5469502700,2014-05-08,development
9021,7010700110,2014-09-16,development
9022,8106300090,2015-04-28,test
9023,0225069013,2014-06-23,development
9024,1685800100,2014-06-24,development
9025,0293800870,2014-09-11,development
9026,7852190580,2015-02-10,development
9027,5636000210,2015-02-23,development
9028,1623301185,2015-01-23,development
9029,3260810590,2014-09-12,development
9030,8589100090,2014-06-17,development
9031,7579200767,2014-11-05,development
9032,0623049273,2014-11-21,development
9033,1186000035,2014-05-12,development
9034,2228900191,2015-01-06,development
9035,2597450120,2015-03-12,test
9036,3339400515,2015-01-13,development
9037,1221000395,2014-05-07,development
9038,1526300015,2014-06-12,development
9039,6163901772,2014-09-18,development
9040,1180007005,2014-06-25,development
9041,5420300210,2014-10-07,development
9042,0476000331,2014-12-02,development
9043,2558700090,2014-05-06,development
9044,4151800410,2014-10-31,development
9045,3586501075,2015-01-09,development
9046,4136870110,2015-02-05,development
9047,6623400090,2015-04-21,test
9048,1560800150,2015-04-05,test
9049,2770605548,2014-12-18,development
9050,2023700040,2014-07-23,development
9051,1164000040,2015-03-12,test
9052,7135520650,2014-12-12,development
9053,3528400180,2014-10-03,development
9054,7820000015,2015-03-12,test
9055,1105000229,2014-09-19,development
9056,3625059166,2015-01-07,development
9057,8108600442,2015-05-05,test
9058,8143600015,2014-08-26,development
9059,8731900790,2014-06-26,development
9060,6079500230,2014-06-12,development
9061,7853302370,2014-05-05,development
9062,0122069107,2014-12-04,development
9063,4204400175,2015-02-17,development
9064,2896310120,2014-11-17,development
9065,4083301380,2014-10-17,development
9066,1332000100,2014-12-10,development
9067,3622069122,2014-09-03,development
9068,6052401215,2014-06-09,development
9069,7010700245,2014-12-31,development
9070,1311100490,2015-02-25,development
9071,9510900360,2014-05-09,development
9072,8679600150,2014-05-07,development
9073,7203600040,2014-07-25,development
9074,2212900180,2014-12-29,development
9075,2124079010,2014-10-28,development
9076,2424059052,2014-07-10,development
9077,6746700615,2015-03-18,test
9078,3298300530,2014-09-24,development
9079,8929000360,2014-08-05,development
9080,2291400236,2014-06-12,development
9081,6445800120,2015-04-04,test
9082,8682261010,2014-09-10,development
9083,8045000180,2015-04-21,test
9084,9475700220,2014-06-26,development
9085,3222049055,2015-01-16,development
9086,1222069133,2015-02-24,development
9087,9165100230,2014-12-22,development
9088,8091411120,2014-07-17,development
9089,1777600230,2014-05-06,development
9090,5101400862,2014-05-12,development
9091,5317100325,2015-03-03,development
9092,9324800455,2014-10-23,development
9093,0880000208,2014-12-13,development
9094,1223089081,2014-05-30,development
9095,5556800150,2014-05-15,development
9096,4174600331,2014-07-17,development
9097,5419801120,2015-01-13,development
9098,3649100674,2015-04-30,test
9099,1525069058,2014-06-26,development
9100,7202000220,2015-05-01,test
9101,7129301001,2014-12-09,development
9102,8860500150,2014-06-13,development
9103,7384500110,2014-07-23,development
9104,0622069123,2014-08-19,development
9105,0164000361,2015-04-21,test
9106,3438500790,2014-09-20,development
9107,2024059110,2015-04-20,test
9108,7338400945,2015-02-24,development
9109,0809003160,2014-12-18,development
9110,8650700090,2014-08-13,development
9111,8151600663,2014-09-17,development
9112,7352200100,2015-02-24,development
9113,1952200220,2014-06-03,development
9114,1568100300,2014-09-17,development
9115,1568100300,2015-01-21,development
9116,2113700485,2014-12-10,development
9117,1454600156,2014-06-25,development
9118,4204400201,2014-10-21,development
9119,8856890330,2014-09-15,development
9120,1922059278,2014-10-14,development
9121,1922059278,2015-03-05,development
9122,6623400356,2014-07-02,development
9123,9407111250,2014-10-29,development
9124,5422570760,2014-10-14,development
9125,4036800910,2014-05-14,development
9126,0259600530,2014-05-05,development
9127,6303400981,2015-01-13,development
9128,7701990300,2014-05-16,development
9129,5700002510,2014-06-11,development
9130,2011400230,2014-06-26,development
9131,1921069059,2014-12-30,development
9132,1471700410,2015-05-06,test
9133,2102700025,2014-10-09,development
9134,4222300040,2014-12-16,development
9135,3649100676,2015-02-19,development
9136,0372000040,2014-10-03,development
9137,7312200040,2014-12-16,development
9138,6052400975,2014-08-26,development
9139,0826000495,2015-02-06,development
9140,8731900880,2015-04-20,test
9141,1523059100,2014-09-02,development
9142,2597550090,2014-09-05,development
9143,3581000210,2014-09-04,development
9144,4048400191,2014-06-05,development
9145,7578200025,2015-04-08,test
9146,2379300330,2014-07-02,development
9147,8917100180,2014-06-04,development
9148,3395300180,2014-08-12,development
9149,0369000690,2014-08-12,development
9150,7977200720,2015-04-27,test
9151,2322069175,2015-02-24,development
9152,2324039100,2014-11-12,development
9153,5631500866,2014-05-06,development
9154,2877101745,2014-08-04,development
9155,0721069087,2014-05-07,development
9156,7934000145,2014-12-01,development
9157,6072760360,2015-03-21,test
9158,6021501635,2014-11-02,development
9159,1821059067,2014-06-25,development
9160,3295750610,2014-09-04,development
9161,2926059146,2014-12-15,development
9162,9429500146,2014-07-14,development
9163,7893207490,2015-02-12,development
9164,8945300110,2015-03-26,test
9165,8151600610,2014-05-22,development
9166,2923049399,2015-03-23,test
9167,3260810110,2014-08-25,development
9168,5104530770,2015-01-21,development
9169,8661000033,2014-06-27,development
9170,4017050820,2015-03-20,test
9171,0226039279,2014-09-18,development
9172,1338800785,2015-03-06,development
9173,2921049079,2014-05-14,development
9174,5113260040,2014-10-16,development
9175,3124059023,2015-02-13,development
9176,5351200265,2014-09-11,development
9177,2591010150,2015-04-14,test
9178,6163900821,2014-06-24,development
9179,2310060230,2014-10-10,development
9180,4449800315,2014-06-20,development
9181,3299600120,2014-07-18,development
9182,2490200615,2014-06-09,development
9183,1565950230,2014-11-20,development
9184,6402700110,2014-09-10,development
9185,5029450100,2014-08-12,development
9186,7525530590,2014-07-20,development
9187,0226059103,2014-05-27,development
9188,6197200021,2014-11-06,development
9189,7227500910,2014-06-24,development
9190,5100402644,2014-11-19,development
9191,0748000205,2014-07-16,development
9192,7899800476,2015-04-27,test
9193,3885804390,2015-04-21,test
9194,1796370150,2014-10-28,development
9195,7935000625,2015-04-09,test
9196,1761300100,2014-06-18,development
9197,1112700150,2015-01-27,development
9198,2622049052,2014-05-16,development
9199,0423000035,2014-11-24,development
9200,1555300490,2014-12-29,development
9201,6802210450,2015-03-31,test
9202,7853310150,2014-07-22,development
9203,4086300065,2014-07-18,development
9204,0809003085,2015-04-01,test
9205,0259100110,2014-06-18,development
9206,2316800100,2014-11-05,development
9207,6414600051,2015-03-03,development
9208,1704900206,2014-06-02,development
9209,7853301240,2014-07-17,development
9210,3420069055,2014-12-03,development
9211,1726069198,2014-09-18,development
9212,4468400211,2015-02-20,development
9213,1864900230,2014-06-26,development
9214,8079040490,2014-06-23,development
9215,7856400410,2014-07-29,development
9216,1825079018,2014-11-20,development
9217,5151600120,2014-06-18,development
9218,4024101050,2014-06-02,development
9219,2854800090,2014-07-10,development
9220,1726600120,2014-07-01,development
9221,0627300195,2015-03-03,development
9222,2140900100,2015-02-03,development
9223,0446000150,2015-04-15,test
9224,7436500120,2015-02-19,development
9225,6917700195,2014-07-28,development
9226,4377000100,2014-09-25,development
9227,0925049278,2015-03-04,development
9228,7558750120,2015-03-10,test
9229,7856610490,2014-08-05,development
9230,9346930100,2014-10-15,development
9231,0114100763,2014-07-28,development
9232,7214700580,2014-06-08,development
9233,4237901075,2015-03-05,development
9234,0302000375,2014-08-14,purged
9235,0302000375,2015-05-06,test
9236,6843300090,2014-11-03,development
9237,3524039144,2014-10-07,development
9238,1787250210,2014-12-22,development
9239,3022079080,2014-07-15,development
9240,2402100205,2014-11-19,development
9241,1973800150,2015-04-02,test
9242,5315100805,2014-12-18,development
9243,8682262240,2015-03-30,test
9244,9541600490,2015-05-05,test
9245,0686200490,2014-09-26,development
9246,8121101380,2014-08-13,development
9247,9198600035,2014-08-05,development
9248,0322069141,2015-01-14,development
9249,2523039054,2015-02-10,development
9250,1446401540,2014-09-16,development
9251,9541600015,2015-02-11,development
9252,7352200025,2014-10-13,development
9253,0853600150,2014-05-24,development
9254,9208900037,2014-09-19,development
9255,7853230720,2014-09-10,development
9256,8562750220,2014-11-20,development
9257,3995700325,2014-06-04,development
9258,2387400120,2014-09-29,development
9259,0822039146,2015-02-19,development
9260,1925069183,2014-08-15,development
9261,6205500580,2014-12-10,development
9262,8835400805,2014-05-22,development
9263,1518000230,2014-12-31,development
9264,4053200410,2014-05-13,development
9265,2141300620,2014-09-15,development
9266,3278602170,2014-12-15,development
9267,3876310300,2014-06-06,development
9268,8141200027,2014-09-25,development
9269,3034200543,2014-12-29,development
9270,7787050180,2015-01-28,development
9271,3760500475,2014-11-06,development
9272,9301301145,2014-10-24,development
9273,5615100330,2015-03-27,test
9274,4139500410,2015-01-26,development
9275,0722039087,2014-09-23,purged
9276,0722039087,2015-05-04,test
9277,8129700644,2014-07-03,purged
9278,8129700644,2015-04-24,test
9279,4443800385,2014-08-18,purged
9280,4443800385,2015-05-06,test
9281,7405700015,2015-03-30,test
9282,2780400035,2014-05-05,development
9283,5562100325,2014-11-25,development
9284,7437101030,2014-08-22,development
9285,3856904610,2014-10-02,development
9286,1423069095,2014-05-07,development
9287,2523400205,2015-04-21,test
9288,3530420110,2014-05-21,development
9289,6046401030,2014-05-28,development
9290,8563000770,2014-12-10,development
9291,2215900180,2014-07-11,development
9292,2771602450,2014-08-26,development
9293,0722059233,2014-12-15,development
9294,1257201095,2015-03-23,test
9295,4391600035,2014-07-01,development
9296,0625049310,2015-03-11,test
9297,0424059100,2015-03-27,test
9298,1422029138,2014-09-02,development
9299,2723069146,2015-04-24,test
9300,5112800042,2014-12-03,development
9301,0579002870,2014-05-06,development
9302,2461900790,2015-03-13,test
9303,6788200360,2014-09-03,development
9304,1018000110,2015-04-23,test
9305,7701960720,2014-10-17,development
9306,9477201530,2015-04-23,test
9307,1821069072,2014-05-08,development
9308,5035300572,2014-10-16,development
9309,1023089019,2014-07-30,development
9310,2710600015,2015-03-27,test
9311,1502400300,2014-09-16,development
9312,4045700115,2014-10-28,development
9313,7504010590,2014-11-14,development
9314,4389200610,2014-12-01,development
9315,1321039076,2014-06-27,development
9316,4123800180,2014-08-27,development
9317,6415100410,2014-06-09,development
9318,4420600015,2014-10-06,development
9319,3856901880,2014-08-15,development
9320,3878900395,2014-07-28,development
9321,9183701345,2014-11-03,development
9322,7768700300,2014-12-05,development
9323,3536900110,2014-10-09,development
9324,7518503830,2014-07-23,development
9325,2125059161,2014-10-23,development
9326,2597520720,2014-11-03,development
9327,0109200730,2014-05-06,development
9328,2621750110,2014-12-23,development
9329,8644400040,2014-07-29,development
9330,4237901345,2014-12-17,development
9331,8731982250,2014-08-12,development
9332,7942100180,2014-06-27,development
9333,3324079089,2014-11-21,development
9334,7147800015,2015-04-01,test
9335,2826049023,2014-07-29,development
9336,3905081530,2014-10-07,development
9337,9543000945,2015-04-27,test
9338,0402000145,2014-10-28,development
9339,4364200015,2015-01-09,development
9340,2979800845,2014-05-24,development
9341,7230900120,2014-10-27,development
9342,5018200155,2015-01-21,development
9343,6743700317,2015-02-04,development
9344,3738900035,2014-08-25,development
9345,1328300040,2015-03-12,test
9346,0952000495,2015-04-02,test
9347,7996700220,2015-04-30,test
9348,7972601445,2015-01-16,development
9349,3751601785,2015-02-25,development
9350,7212650650,2014-05-08,development
9351,2413300730,2014-09-24,development
9352,8127700735,2014-06-16,development
9353,2113701080,2014-11-12,development
9354,5700000120,2014-07-22,development
9355,3172600031,2015-03-27,test
9356,0066000265,2014-08-07,development
9357,4045800040,2014-07-25,development
9358,1430800100,2015-01-16,development
9359,2473411240,2015-03-24,test
9360,2877100985,2014-06-23,development
9361,4310701575,2014-06-10,development
9362,7715801030,2015-03-31,test
9363,7202331050,2014-09-24,development
9364,8820903555,2015-01-05,development
9365,5708500315,2014-06-23,development
9366,0526059103,2014-10-13,development
9367,1352300315,2014-08-08,development
9368,3307700150,2015-04-13,test
9369,0809001400,2014-09-22,development
9370,6123600090,2014-05-19,development
9371,8651401720,2014-09-18,development
9372,6386700110,2014-08-05,development
9373,8100900115,2015-02-06,development
9374,7549801395,2014-11-13,development
9375,0226059096,2014-11-18,development
9376,6021502070,2015-05-08,test
9377,2767603608,2014-10-02,development
9378,0425059103,2014-12-02,development
9379,1624079057,2014-07-17,development
9380,1931300688,2015-04-29,test
9381,7732650120,2014-07-28,development
9382,0179001425,2014-10-24,development
9383,5469300330,2014-09-05,development
9384,3678900110,2014-06-10,development
9385,3388300730,2014-09-10,development
9386,4037600115,2014-09-22,development
9387,4083302485,2015-04-20,test
9388,7857000716,2015-03-13,test
9389,8857600490,2014-05-09,development
9390,0925069100,2015-03-27,test
9391,4077800518,2014-06-11,development
9392,2212200100,2014-10-22,purged
9393,2212200100,2015-04-22,test
9394,5100403876,2014-08-20,development
9395,0821049191,2014-09-16,development
9396,0126039599,2015-03-26,test
9397,1218000195,2015-03-03,development
9398,9287800375,2014-10-30,development
9399,0926069140,2014-07-21,development
9400,2407000145,2015-01-20,development
9401,0452001280,2014-07-03,development
9402,0425069020,2014-05-05,development
9403,4232901120,2014-05-20,development
9404,4233400490,2014-08-20,development
9405,4302201005,2014-10-07,development
9406,2026079055,2014-08-18,development
9407,5104510120,2015-03-27,test
9408,7857003851,2015-04-20,test
9409,1257202430,2014-06-17,development
9410,5104511530,2014-09-19,development
9411,0522069111,2015-01-27,development
9412,5379804537,2014-08-26,development
9413,3034200410,2015-03-30,test
9414,5700003630,2014-06-30,development
9415,7203220410,2014-08-13,development
9416,2426049168,2014-10-17,development
9417,9828701565,2015-02-09,development
9418,0259600620,2015-02-06,development
9419,5312100040,2015-04-23,test
9420,1938400040,2015-02-20,development
9421,6632900405,2014-10-29,development
9422,2125059123,2015-04-14,test
9423,6411600113,2015-04-20,test
9424,6381500035,2014-05-08,development
9425,7518500985,2014-09-03,development
9426,5149800040,2014-09-18,development
9427,3211000930,2015-03-16,test
9428,1853081250,2014-12-29,development
9429,6632300040,2015-04-25,test
9430,6117501755,2014-12-30,development
9431,6163900411,2014-10-03,development
9432,1924069039,2014-05-19,development
9433,4058801065,2014-08-08,development
9434,1223089038,2014-07-11,development
9435,5420800090,2014-11-17,development
9436,2591720360,2014-12-26,development
9437,9286750100,2014-06-10,development
9438,2392100090,2015-04-02,test
9439,4302201085,2014-09-18,purged
9440,4302201085,2015-05-06,test
9441,7215730580,2014-09-02,development
9442,2095500120,2014-07-18,development
9443,0136000220,2015-03-25,test
9444,3834000720,2015-03-19,test
9445,3523029077,2014-10-07,development
9446,0042000065,2015-03-05,development
9447,3275330120,2014-08-14,development
9448,2312400230,2014-09-24,development
9449,3472800065,2014-08-26,development
9450,7518501140,2015-01-13,development
9451,9126100815,2014-12-17,development
9452,2769600590,2014-10-16,development
9453,7215730040,2014-05-15,development
9454,8155760040,2014-12-18,development
9455,1376800220,2014-07-09,development
9456,3623059101,2014-08-11,development
9457,7010701016,2015-02-09,development
9458,1025069210,2015-02-09,development
9459,0721049096,2014-05-27,development
9460,7347600210,2015-04-24,test
9461,3630030180,2015-02-24,development
9462,9353300820,2015-05-11,test
9463,4310702876,2014-11-03,development
9464,5647900120,2014-06-13,development
9465,4123800580,2014-08-12,development
9466,6169901006,2014-07-15,development
9467,3735901080,2015-03-24,test
9468,5104520620,2014-07-24,development
9469,2422049107,2014-05-08,development
9470,3260700360,2014-09-19,development
9471,1862400057,2015-03-04,development
9472,8682262720,2015-03-10,test
9473,3183110180,2014-08-28,development
9474,7986400360,2014-07-17,development
9475,1789900065,2014-07-09,development
9476,0222069057,2015-03-30,test
9477,3822200164,2014-08-19,development
9478,1931300665,2014-10-09,development
9479,1443500385,2014-05-13,development
9480,0259600410,2015-04-13,test
9481,3630120880,2015-02-27,development
9482,2822049210,2014-08-25,development
9483,6821100015,2014-08-28,development
9484,2267000458,2015-05-01,test
9485,2976800115,2014-11-05,development
9486,7436600090,2015-01-02,development
9487,6072800205,2014-11-19,development
9488,3296000110,2014-06-02,development
9489,5054800110,2014-10-16,development
9490,5054800110,2015-02-13,development
9491,7443000652,2014-11-03,development
9492,3995700220,2015-03-17,test
9493,4191400090,2015-03-10,test
9494,7518505070,2014-06-25,development
9495,9144300110,2015-04-24,test
9496,7853301930,2014-10-09,development
9497,3586500770,2014-09-23,development
9498,7203100730,2015-02-10,development
9499,8644400180,2015-03-19,test
9500,2071500011,2014-08-11,development
9501,5423600100,2014-08-05,development
9502,3734900110,2015-02-04,development
9503,2126049154,2014-12-17,development
9504,1864700300,2014-10-10,development
9505,1310930100,2015-03-18,test
9506,8103000110,2014-06-03,development
9507,8103000110,2015-02-05,development
9508,7227501765,2015-03-23,test
9509,0824069188,2014-09-02,development
9510,1402000210,2015-04-27,test
9511,5412400180,2015-04-17,test
9512,8894200150,2014-12-17,development
9513,4037500110,2014-05-06,development
9514,1843100540,2015-04-29,test
9515,7856620210,2014-08-08,development
9516,0425200145,2014-07-03,development
9517,6073300750,2014-07-09,development
9518,6450301220,2014-09-16,development
9519,3401700150,2015-04-23,test
9520,7200001254,2014-07-09,development
9521,9828201745,2015-05-04,test
9522,9238500410,2014-05-19,development
9523,2587910180,2014-07-16,development
9524,8663200450,2014-07-15,development
9525,1310960220,2014-06-26,development
9526,0396100110,2014-05-16,development
9527,7785350490,2014-10-23,development
9528,1795900210,2014-05-18,development
9529,1796370730,2014-05-20,development
9530,7787100210,2014-12-09,development
9531,1137450120,2014-07-29,development
9532,1921059303,2015-01-28,development
9533,6699000610,2014-08-11,development
9534,3621059048,2014-10-10,development
9535,2620069077,2015-04-22,test
9536,3083000910,2014-07-08,development
9537,0192600100,2014-06-26,development
9538,5608010750,2014-08-29,development
9539,6140100150,2014-11-25,development
9540,9550203690,2014-11-20,development
9541,5423010180,2014-07-24,development
9542,2919200665,2014-11-03,development
9543,2122059199,2014-10-02,development
9544,3601200017,2014-07-02,development
9545,2658000115,2014-06-18,development
9546,7349400610,2014-08-12,development
9547,0868001790,2015-03-16,test
9548,1105000015,2014-06-09,development
9549,2919201385,2014-11-13,development
9550,7202470100,2014-12-10,development
9551,2832100910,2014-07-08,development
9552,4100000040,2014-10-23,development
9553,9320100090,2014-06-10,development
9554,2589300180,2014-06-30,development
9555,0357000025,2014-10-20,development
9556,3179100180,2015-05-07,test
9557,2487700065,2014-05-05,development
9558,8732040820,2014-10-17,development
9559,1160000300,2015-03-04,development
9560,3904100035,2014-05-08,development
9561,5288200230,2015-04-21,test
9562,3331500820,2014-06-10,development
9563,3023039231,2014-07-14,development
9564,5595900355,2014-12-16,development
9565,8682290360,2015-03-30,test
9566,5200100115,2014-11-17,development
9567,1310700210,2014-06-03,development
9568,3298500690,2014-07-08,development
9569,0722059002,2014-09-09,development
9570,1022069183,2014-06-27,development
9571,4053200933,2014-06-23,development
9572,5589300205,2014-08-05,development
9573,0644000040,2015-04-29,test
9574,1787600165,2014-06-23,development
9575,0405100165,2014-11-19,development
9576,0223049087,2014-06-16,development
9577,2742100085,2014-11-04,development
9578,3204300625,2014-09-03,development
9579,6619910230,2014-06-16,development
9580,3275310220,2014-12-22,development
9581,5466310730,2014-08-22,development
9582,2767704055,2014-06-09,development
9583,7504100110,2014-05-30,development
9584,9320990110,2015-04-09,test
9585,1400700150,2014-07-22,development
9586,1186000150,2015-01-23,development
9587,1024069009,2014-05-02,development
9588,0464001115,2014-05-12,development
9589,0886000015,2014-12-10,development
9590,3578600062,2014-05-12,development
9591,1402950450,2015-04-15,test
9592,3629970620,2014-10-03,development
9593,3537900180,2014-10-20,development
9594,8651442510,2014-09-26,development
9595,0114700150,2014-11-14,development
9596,0472000620,2014-05-02,development
9597,5491200210,2014-08-20,development
9598,7973202712,2015-03-24,test
9599,7970800100,2014-05-27,development
9600,8122600165,2014-10-15,development
9601,0686530110,2014-12-15,development
9602,5151600530,2015-04-23,test
9603,1926069192,2014-05-09,development
9604,5649000150,2014-06-10,development
9605,7812800775,2014-09-10,development
9606,2770604410,2014-10-29,development
9607,9485951510,2014-09-15,development
9608,1337800805,2014-07-03,development
9609,4059400265,2014-11-14,development
9610,0993000100,2015-04-10,test
9611,2917200085,2015-04-08,test
9612,3914000090,2015-04-21,test
9613,4157600150,2015-03-27,test
9614,3624039111,2015-04-29,test
9615,8099900490,2014-05-15,development
9616,1687910100,2014-05-30,development
9617,5419800330,2015-01-15,development
9618,5035300085,2014-06-02,development
9619,0325059131,2014-10-13,development
9620,2201500450,2014-10-28,development
9621,3342101270,2015-03-24,test
9622,3574750150,2014-05-14,development
9623,9828702055,2014-05-08,development
9624,2207100650,2015-04-10,test
9625,0240000031,2015-03-13,test
9626,2953000300,2014-10-08,development
9627,6119700150,2014-11-12,development
9628,9274200365,2014-06-06,development
9629,6187700501,2015-04-15,test
9630,4137020910,2015-05-07,test
9631,1233100720,2014-09-25,development
9632,3034200530,2014-06-20,development
9633,1463400081,2014-08-27,development
9634,1773101050,2015-02-20,development
9635,1895450090,2015-04-30,test
9636,5101406384,2014-10-20,development
9637,6821102346,2014-05-22,development
9638,1926049210,2015-04-22,test
9639,1842200040,2014-07-01,development
9640,2623089002,2015-04-16,test
9641,4391600065,2014-08-14,development
9642,3760500602,2015-04-27,test
9643,6071000265,2015-01-25,development
9644,3222059206,2014-08-28,development
9645,3034200933,2014-06-19,development
9646,2028701165,2014-06-27,development
9647,5634500234,2015-05-13,test
9648,2310100180,2014-11-07,development
9649,2767600921,2014-06-23,development
9650,8835200790,2015-04-06,test
9651,2473000410,2015-04-08,test
9652,3286800110,2014-09-04,development
9653,1402600110,2015-02-26,development
9654,1126059170,2015-02-25,development
9655,8035350090,2014-06-16,development
9656,4389200753,2014-08-19,development
9657,6818400110,2014-12-03,development
9658,4217401035,2015-05-07,test
9659,1683400165,2015-04-30,test
9660,1939120450,2014-05-22,development
9661,4137010530,2014-05-04,development
9662,2624039133,2014-06-11,development
9663,2794700120,2014-09-12,development
9664,2944010210,2015-02-18,development
9665,8651443360,2014-11-06,development
9666,1338300180,2014-07-29,development
9667,0624110540,2014-12-05,development
9668,4039700090,2014-09-23,development
9669,6752601110,2014-05-12,development
9670,8861000210,2015-04-08,test
9671,1088700100,2014-11-18,development
9672,7893207925,2014-10-22,development
9673,3449820100,2014-12-24,development
9674,1588600110,2014-08-11,development
9675,8079040300,2015-02-18,development
9676,7390400026,2014-11-24,development
9677,2425059144,2015-02-13,development
9678,7821200375,2015-01-26,development
9679,1370800700,2015-02-09,development
9680,8857640710,2014-08-20,development
9681,9558020240,2015-03-20,test
9682,3834000400,2014-11-19,development
9683,0461002050,2014-08-26,development
9684,0724069065,2014-07-03,development
9685,4307351180,2014-09-15,development
9686,0984100340,2014-09-03,development
9687,8159620260,2014-07-11,development
9688,7559600200,2014-10-21,development
9689,1995200320,2015-02-10,development
9690,4223000140,2014-08-05,development
9691,7215730200,2014-11-19,development
9692,1900600105,2014-08-28,development
9693,8644300200,2014-06-05,development
9694,3262301610,2014-11-18,development
9695,0524059250,2014-09-22,development
9696,8594400350,2014-05-20,development
9697,4031000260,2014-06-06,development
9698,1454100260,2014-11-17,development
9699,1934800138,2014-12-04,development
9700,9508500075,2014-07-29,development
9701,2946003415,2014-05-16,development
9702,1926049326,2015-02-10,development
9703,7655900187,2015-02-05,development
9704,7452500565,2014-08-29,development
9705,2871000400,2014-05-12,development
9706,6150200060,2015-04-01,test
9707,3668000830,2014-08-25,development
9708,2473460060,2015-04-22,test
9709,9558021000,2015-01-20,development
9710,1250201610,2015-04-17,test
9711,1321720160,2015-01-02,development
9712,5029450200,2015-03-23,test
9713,0723000226,2014-10-28,development
9714,0225079036,2015-01-07,development
9715,5255700160,2014-08-05,development
9716,5683500030,2015-03-20,test
9717,0312000295,2015-01-22,development
9718,9510970520,2014-06-16,development
9719,0193600200,2014-06-19,development
9720,2568300045,2014-06-25,purged
9721,2568300045,2015-03-19,test
9722,8691410310,2015-02-13,development
9723,1656600310,2014-07-14,development
9724,3904940160,2014-09-04,development
9725,1774200060,2014-06-17,development
9726,4137070030,2014-08-08,development
9727,2144800117,2014-06-26,development
9728,3392100140,2015-01-06,development
9729,2581900060,2015-04-02,test
9730,4058801230,2015-03-05,development
9731,2787320140,2015-03-24,test
9732,0263000324,2014-05-13,development
9733,0254000695,2015-05-08,test
9734,3013300830,2014-11-06,development
9735,2475201070,2014-07-16,development
9736,0798000421,2015-03-27,test
9737,4104500181,2014-08-12,development
9738,8701600030,2014-11-13,development
9739,8944360390,2015-03-05,development
9740,7968460270,2015-03-03,development
9741,9406570350,2015-04-23,test
9742,0686900030,2015-03-23,test
9743,6071300030,2014-06-24,development
9744,5416500520,2014-08-25,development
9745,1102000270,2014-07-01,development
9746,5422430320,2014-07-21,development
9747,3157600340,2014-09-17,development
9748,2061100435,2014-07-24,development
9749,7011201550,2014-07-07,development
9750,2581300055,2014-11-21,development
9751,1344300045,2014-05-07,development
9752,7575620640,2014-12-19,development
9753,8645500270,2014-10-28,development
9754,1246700136,2014-12-23,development
9755,3211100240,2014-05-29,development
9756,8078100140,2015-03-23,test
9757,6675500105,2014-07-29,development
9758,4040700310,2014-08-05,development
9759,6388910160,2014-06-23,development
9760,4023500990,2014-06-17,development
9761,2921049121,2014-05-16,development
9762,7229210060,2014-12-11,development
9763,4137040060,2015-04-06,test
9764,7982600030,2014-08-12,development
9765,1775930140,2015-05-05,test
9766,3222079083,2014-05-14,development
9767,3585210200,2014-06-02,development
9768,2705600069,2015-05-01,test
9769,8691360200,2014-06-04,development
9770,9541600350,2015-01-20,development
9771,8562740400,2014-05-15,development
9772,0705700960,2014-07-24,development
9773,3374500520,2015-04-29,test
9774,2645500013,2014-06-24,development
9775,5318100200,2014-05-27,development
9776,2224700045,2014-08-04,development
9777,4047200135,2014-08-11,development
9778,2009000830,2014-07-08,development
9779,6619910240,2014-06-25,development
9780,5288200070,2014-07-30,development
9781,7852110070,2014-06-08,development
9782,0740500070,2014-10-06,development
9783,4046601420,2014-12-30,development
9784,2130700860,2015-04-30,test
9785,3975400045,2014-12-26,development
9786,5451200520,2014-06-12,development
9787,6600400270,2014-12-10,development
9788,0624100990,2014-09-29,development
9789,2424059139,2015-02-06,development
9790,2883200875,2015-02-06,development
9791,1917300105,2015-04-14,test
9792,7203000200,2014-12-12,development
9793,9510971070,2014-08-12,development
9794,3760500240,2015-05-12,test
9795,4068300160,2015-01-22,development
9796,1774220070,2015-05-07,test
9797,1563102685,2015-04-22,test
9798,0395800370,2015-04-11,test
9799,3918400013,2014-07-01,development
9800,1545804820,2014-11-11,development
9801,7811220070,2014-09-10,development
9802,5561100431,2014-08-06,development
9803,5145100310,2015-03-07,development
9804,0255550270,2015-04-03,test
9805,1123049129,2015-02-24,development
9806,9407150310,2015-01-28,development
9807,7732501000,2014-06-17,development
9808,1024069205,2015-01-14,development
9809,5426300060,2014-10-08,development
9810,3797000400,2014-11-25,development
9811,2877102196,2014-11-25,development
9812,9265200060,2014-10-07,development
9813,2894700270,2014-07-15,development
9814,2862100260,2014-10-03,development
9815,2730000070,2014-08-14,development
9816,4139400060,2015-04-09,test
9817,4365200520,2015-03-12,test
9818,3629980350,2014-12-09,development
9819,3211600140,2015-02-09,development
9820,3598600049,2014-10-03,purged
9821,3598600049,2015-04-24,test
9822,1232001070,2014-08-14,development
9823,7812801925,2014-06-24,development
9824,0522059062,2014-11-05,development
9825,4178500640,2015-05-07,test
9826,9528104660,2014-08-27,development
9827,5013500400,2015-03-26,test
9828,2550820060,2015-04-28,test
9829,0425079046,2014-07-29,development
9830,3905050240,2014-06-24,development
9831,5381000070,2014-08-26,development
9832,1245002445,2014-07-14,development
9833,6865200831,2014-05-07,development
9834,1446801000,2015-03-20,test
9835,4038700830,2015-04-09,test
9836,4094800260,2014-11-26,development
9837,2742100152,2014-10-13,development
9838,8691410060,2014-07-09,development
9839,1325059083,2014-05-27,development
9840,7852011070,2015-01-09,development
9841,2323059074,2014-07-09,development
9842,7950304075,2014-08-13,development
9843,3260000340,2014-06-22,development
9844,9552701000,2015-03-16,test
9845,5469501200,2014-08-20,development
9846,6300500105,2014-10-02,development
9847,4400200060,2014-10-21,development
9848,5422560860,2015-04-10,test
9849,7789000260,2014-08-22,development
9850,8861000060,2014-12-31,development
9851,9350900550,2015-04-29,test
9852,9560800310,2014-10-09,development
9853,9187200228,2015-03-13,test
9854,7849202190,2014-12-23,development
9855,7215730070,2014-09-11,development
9856,0121039083,2015-02-06,development
9857,2770601677,2015-04-22,test
9858,3720800070,2015-01-27,development
9859,3558910570,2015-01-16,development
9860,1081300390,2014-10-30,development
9861,7805450560,2014-08-20,development
9862,6648770240,2014-12-24,development
9863,5104520810,2014-08-10,development
9864,2719100400,2014-09-12,development
9865,0255000320,2014-07-24,development
9866,5398600075,2014-08-25,development
9867,7695470200,2014-12-08,development
9868,6892510200,2014-06-02,development
9869,4123800320,2015-02-06,development
9870,0809001505,2014-09-18,development
9871,3856905185,2014-06-24,development
9872,4051100390,2015-05-08,test
9873,0579003240,2014-09-25,development
9874,2333230060,2014-11-05,development
9875,7129303240,2015-01-02,development
9876,1219000473,2014-06-26,purged
9877,1219000473,2015-03-23,test
9878,5469700060,2015-01-23,development
9879,1118000935,2014-07-05,development
9880,8819900055,2015-03-30,test
9881,1995200338,2014-10-29,development
9882,0091000320,2014-09-23,development
9883,8887001600,2015-04-12,test
9884,7183000060,2015-03-25,test
9885,0194000565,2015-04-09,test
9886,3830610320,2015-01-05,development
9887,7922710320,2015-03-16,test
9888,1231000310,2014-08-12,development
9889,0173000140,2014-07-22,development
9890,8651411260,2014-11-13,development
9891,7272000260,2014-11-13,development
9892,2787700060,2015-01-15,development
9893,5499700045,2014-10-30,development
9894,9433000390,2014-12-18,development
9895,7300400200,2014-11-19,development
9896,2771101963,2014-06-11,development
9897,0123039346,2015-04-30,test
9898,0524069116,2014-06-02,development
9899,3583300075,2014-11-03,development
9900,7203220030,2014-07-24,development
9901,1250201550,2014-09-25,development
9902,8651611260,2015-03-17,test
9903,1797501275,2015-05-07,test
9904,2215900800,2014-07-31,development
9905,7883602650,2015-04-13,test
9906,3546000340,2014-10-08,development
9907,6118600045,2014-08-25,development
9908,1123059116,2015-03-19,test
9909,0124000160,2014-07-01,development
9910,8733000045,2014-10-07,development
9911,0263000327,2015-02-27,development
9912,5153200358,2014-10-29,development
9913,2258500045,2014-09-23,development
9914,6137500310,2015-02-13,development
9915,3323069045,2014-11-10,development
9916,8563070030,2014-05-13,development
9917,0425049036,2015-03-09,development
9918,8562750550,2015-04-17,test
9919,0767000159,2014-08-21,development
9920,5366200030,2015-02-05,development
9921,7857000861,2014-09-22,development
9922,1094000030,2014-12-15,development
9923,1853000030,2015-04-16,test
9924,5318101040,2014-07-31,development
9925,3623500049,2015-05-01,test
9926,1026049036,2014-09-10,development
9927,8568030030,2014-07-29,development
9928,4022906531,2014-08-06,development
9929,5700002325,2014-06-05,development
9930,2473100510,2014-09-23,development
9931,0629811600,2014-07-24,development
9932,7923300310,2014-05-27,development
9933,4054560140,2014-09-26,development
9934,4027700632,2014-06-09,development
9935,2818100060,2014-05-20,development
9936,1771000960,2015-04-29,test
9937,2591830350,2014-08-20,development
9938,8842400071,2014-05-07,development
9939,7856700060,2015-04-13,test
9940,9186300060,2014-09-16,development
9941,3275740030,2014-05-07,development
9942,0452001860,2015-03-21,test
9943,7779200075,2014-09-09,development
9944,3975400260,2014-09-02,development
9945,2225059336,2014-10-06,development
9946,8567450060,2014-06-09,development
9947,6178930340,2014-06-30,development
9948,8731990370,2015-04-22,test
9949,9407150350,2015-04-10,test
9950,3438502200,2014-09-17,development
9951,1274500700,2015-04-21,test
9952,5667100045,2014-09-02,development
9953,2887700560,2015-05-07,test
9954,7215720070,2014-08-06,development
9955,6638900550,2015-04-07,test
9956,0723049307,2014-07-08,development
9957,7577700521,2014-10-01,development
9958,7888700030,2014-08-25,development
9959,3501600135,2014-07-07,development
9960,1822059331,2014-07-16,development
9961,7852030310,2014-06-18,development
9962,8901001090,2014-11-17,development
9963,0192450200,2014-08-21,development
9964,1771100030,2015-01-06,development
9965,1560920370,2014-11-07,development
9966,8731981360,2014-09-25,development
9967,9541600060,2014-08-07,development
9968,2923049468,2014-09-12,development
9969,8722100810,2014-07-08,development
9970,7840800135,2014-11-19,development
9971,8083350070,2014-12-17,development
9972,1923800135,2014-10-01,development
9973,1310980070,2015-02-24,development
9974,3110800030,2014-10-28,development
9975,8731801260,2015-02-20,development
9976,7202270700,2014-10-03,development
9977,7230300060,2014-08-05,development
9978,0011510700,2014-05-19,development
9979,0586470350,2015-04-03,test
9980,6840700036,2014-07-28,development
9981,1824069083,2015-04-29,test
9982,1836980240,2014-10-15,development
9983,3528900160,2014-10-01,development
9984,1442800060,2014-11-20,development
9985,8722100030,2015-04-07,test
9986,1723049624,2014-05-12,development
9987,4040400200,2014-10-07,development
9988,8691391090,2014-05-08,development
9989,7853302190,2014-12-17,development
9990,3260000700,2014-09-04,development
9991,5126300510,2015-01-08,development
9992,7199330370,2015-03-09,development
9993,1854900240,2014-05-28,development
9994,6738700335,2014-07-01,development
9995,0322059264,2014-09-26,development
9996,5557500270,2015-02-09,development
9997,9164100125,2014-08-07,development
9998,7370600045,2015-04-02,test
9999,8594400060,2014-06-09,development
10000,7818900060,2014-07-08,development
10001,2126059139,2015-03-18,test
10002,1759701600,2014-05-12,development
10003,1795920310,2014-08-04,development
10004,1626069139,2014-08-21,development
10005,3303951600,2014-08-20,development
10006,3353402400,2015-03-26,test
10007,2332700060,2014-08-06,development
10008,4040800260,2014-06-16,development
10009,1202000140,2014-12-10,development
10010,4022902050,2015-04-15,test
10011,4364200125,2015-01-29,development
10012,4036801245,2014-05-22,development
10013,7375100070,2015-03-18,test
10014,0686400060,2014-08-20,development
10015,1645000710,2015-04-10,test
10016,5476800069,2014-05-27,development
10017,0823059185,2014-05-20,development
10018,4364200075,2014-06-24,development
10019,2473420070,2015-04-30,test
10020,5706201360,2015-02-19,development
10021,4442800012,2014-12-18,development
10022,3339900640,2014-06-20,development
10023,0425400070,2014-07-17,development
10024,4036800370,2014-11-03,development
10025,2412600070,2014-10-30,development
10026,8805900570,2014-09-11,development
10027,9178600810,2014-12-17,development
10028,2979800764,2014-06-05,development
10029,3904980270,2015-05-05,test
10030,6738700075,2014-06-26,development
10031,1646501920,2014-10-30,development
10032,2997800075,2014-09-29,development
10033,4440400125,2014-05-08,development
10034,3423600060,2014-12-02,development
10035,1523560030,2015-03-25,test
10036,2896000710,2014-10-22,development
10037,9238900060,2014-05-29,development
10038,1081310060,2015-01-08,development
10039,3256400060,2014-09-23,development
10040,8914200060,2015-01-15,development
10041,0732000160,2015-04-29,test
10042,1592080060,2015-04-17,test
10043,7852190320,2015-03-13,test
10044,7950303270,2015-03-02,development
10045,7853340960,2015-02-27,development
10046,7312900060,2014-06-03,development
10047,1231001090,2014-07-24,development
10048,1545805460,2015-02-04,development
10049,1473120390,2014-12-24,development
10050,1657300070,2014-08-12,development
10051,0104501040,2014-10-03,development
10052,9345400350,2014-07-18,development
10053,2592400400,2014-10-14,development
10054,6788200295,2014-06-12,development
10055,7308900445,2014-07-24,development
10056,3034200435,2014-08-27,development
10057,3755000060,2014-09-30,development
10058,7524950710,2014-09-19,development
10059,6071200400,2014-11-25,development
10060,1939000030,2014-06-27,development
10061,6979900370,2014-11-14,development
10062,3303860160,2015-02-24,development
10063,6413100311,2014-06-03,development
10064,1232002015,2014-06-05,development
10065,5116060030,2014-10-28,development
10066,1898700310,2014-05-05,development
10067,1079600270,2015-03-06,development
10068,1073100030,2015-04-28,test
10069,1157200189,2014-05-14,development
10070,3822200105,2014-09-23,development
10071,8121200700,2014-07-13,development
10072,4221900030,2015-05-01,test
10073,9475200030,2014-06-16,development
10074,3585220070,2015-04-23,test
10075,8644220070,2014-09-10,development
10076,9225900055,2014-07-22,development
10077,1972202010,2014-08-01,development
10078,9547200340,2015-01-20,development
10079,2481630030,2015-04-27,test
10080,3092000030,2014-08-08,development
10081,3592500340,2015-03-13,test
10082,3447000060,2014-10-08,development
10083,2767704860,2014-07-28,development
10084,4141000060,2014-12-05,development
10085,7767000060,2014-09-12,development
10086,2061100390,2014-07-21,development
10087,4388000260,2015-03-30,test
10088,7787110510,2014-06-20,development
10089,4024100982,2015-02-19,development
10090,2621420060,2014-07-28,development
10091,4319200060,2014-07-09,development
10092,2473480310,2014-09-18,development
10093,3629960060,2014-09-04,development
10094,7857000732,2014-11-01,development
10095,7805600070,2014-11-11,development
10096,0109200140,2015-05-06,test
10097,3224059033,2014-10-07,development
10098,0868002015,2015-02-25,development
10099,0321100260,2014-06-30,development
10100,2325039084,2014-12-17,development
10101,2126049083,2015-05-08,test
10102,3298400350,2015-01-05,development
10103,7558800240,2015-04-14,test
10104,5100402782,2014-10-20,development
10105,5466310060,2015-03-24,test
10106,8079010310,2014-06-11,development
10107,8581200240,2015-04-29,test
10108,7853250070,2015-04-17,test
10109,7785000260,2014-07-09,development
10110,3525069037,2014-11-20,development
10111,4217401180,2014-05-30,development
10112,8861700030,2014-12-12,development
10113,2287400030,2014-06-26,development
10114,7852010510,2015-04-24,test
10115,5104512180,2014-06-26,development
10116,9201000030,2015-03-13,test
10117,7199340560,2014-09-09,development
10118,5561700340,2014-11-21,development
10119,1657530350,2014-05-19,development
10120,9423800030,2014-11-18,development
10121,1939100560,2015-01-16,development
10122,0626059276,2014-05-30,development
10123,7852020800,2015-04-02,test
10124,1994200012,2015-04-13,test
10125,6626100260,2014-08-06,development
10126,4166800320,2014-11-10,development
10127,5490210200,2014-09-05,development
10128,5067400162,2015-02-18,development
10129,4306500070,2014-07-11,development
10130,5416500260,2014-09-08,development
10131,1446800710,2015-02-27,development
10132,2324800350,2014-05-06,development
10133,6648500390,2015-02-26,development
10134,8078440140,2014-10-09,development
10135,2624049050,2015-02-13,development
10136,1862400226,2015-03-11,test
10137,4046700140,2014-10-02,development
10138,3066410810,2014-08-22,development
10139,5453700140,2014-12-08,development
10140,2648500030,2014-07-25,development
10141,4167100240,2015-03-10,test
10142,2460700030,2014-06-04,development
10143,0682000030,2014-07-03,development
10144,9211500560,2014-10-28,development
10145,3211800140,2015-02-05,development
10146,2193340260,2015-01-07,development
10147,3419600125,2014-07-01,development
10148,1357300240,2014-10-27,development
10149,3876820140,2014-11-10,development
10150,9526600710,2014-07-24,development
10151,2291400350,2014-08-26,development
10152,9834200390,2015-05-12,test
10153,7631200310,2014-11-06,development
10154,3438500796,2015-04-30,test
10155,0011520200,2014-10-15,development
10156,0339600070,2014-07-21,development
10157,0629810800,2014-06-17,development
10158,8665900070,2015-01-23,development
10159,9282800075,2015-03-17,test
10160,0809002675,2015-04-13,test
10161,6305900350,2015-04-22,test
10162,1180002075,2014-08-25,development
10163,8832900135,2015-01-13,development
10164,8682230400,2014-05-07,development
10165,9560800390,2014-05-16,development
10166,2558630350,2015-03-21,test
10167,7517500310,2015-05-06,test
10168,4141400030,2014-12-01,development
10169,8570900162,2014-10-16,development
10170,6837820030,2014-05-22,development
10171,0098030400,2014-07-11,development
10172,7312400030,2015-01-30,development
10173,5452800800,2014-06-13,development
10174,7889000125,2015-03-19,test
10175,5101402276,2014-12-17,development
10176,1621069045,2015-01-05,development
10177,1370800935,2014-06-18,development
10178,7522600030,2014-08-26,development
10179,0123059046,2015-03-26,test
10180,5201000030,2015-03-23,test
10181,8965500030,2014-09-23,development
10182,4019300030,2014-10-13,development
10183,8929000030,2014-08-21,development
10184,7880020030,2014-11-10,development
10185,0806800400,2015-02-09,development
10186,7327500270,2014-09-25,development
10187,8568010310,2014-09-12,development
10188,1126049105,2014-05-27,development
10189,3438501662,2014-08-18,development
10190,0293000036,2015-04-03,test
10191,2648000071,2015-03-06,development
10192,5273200060,2015-05-04,test
10193,2025701360,2014-10-14,development
10194,7787120260,2014-06-09,development
10195,4154305085,2015-02-26,development
10196,0967000400,2015-04-28,test
10197,5101401816,2014-07-26,development
10198,3755000310,2014-12-17,development
10199,7300200400,2014-11-05,development
10200,1795920350,2014-06-17,development
10201,3530440140,2015-05-05,test
10202,6690500060,2014-07-24,development
10203,3568200060,2014-09-02,development
10204,3530200160,2014-06-03,development
10205,0040000228,2014-10-15,development
10206,3878900270,2015-04-29,test
10207,8029600400,2015-02-13,development
10208,4083300510,2014-05-05,development
10209,1026069155,2015-03-12,test
10210,3298600340,2014-09-05,development
10211,1921059235,2014-06-20,development
10212,2887701420,2014-11-24,development
10213,2553300270,2014-11-05,development
10214,6206100075,2015-05-12,test
10215,1397300055,2014-05-20,development
10216,1357900060,2014-06-10,development
10217,9346700030,2015-02-23,development
10218,0730000139,2014-10-16,development
10219,4219400465,2015-01-12,development
10220,8947250060,2015-03-26,test
10221,3293700496,2014-08-14,development
10222,3293700496,2014-12-04,development
10223,2921700060,2014-10-27,development
10224,3629870200,2015-03-06,development
10225,6909200335,2014-06-24,development
10226,8945100320,2014-05-06,development
10227,8945100320,2014-10-08,development
10228,6792200282,2014-09-22,development
10229,1471701170,2014-06-11,development
10230,8564850200,2015-04-02,test
10231,1471610070,2014-08-27,development
10232,3384300160,2014-09-16,development
10233,6139800390,2014-10-06,development
10234,8819900270,2014-05-20,development
10235,8944290200,2014-09-18,development
10236,4057300030,2014-11-14,development
10237,1277000240,2015-04-02,test
10238,3345100002,2014-12-17,development
10239,0179000505,2014-10-24,development
10240,1972200751,2014-05-19,development
10241,0868002080,2014-06-19,development
10242,4426600125,2014-11-18,development
10243,1683500140,2014-12-11,development
10244,1689401230,2014-06-25,development
10245,7852060370,2014-08-11,development
10246,3876200060,2014-05-02,development
10247,2571910260,2014-11-07,development
10248,8731900640,2015-03-24,test
10249,1826049094,2014-07-16,development
10250,2345700260,2015-04-06,test
10251,3622069050,2014-11-21,development
10252,3342100160,2014-10-09,development
10253,2422049104,2014-09-15,development
10254,2422049104,2014-12-30,development
10255,6600350140,2015-04-08,test
10256,0510003230,2014-08-10,development
10257,1995200200,2014-05-06,development
10258,1995200200,2014-10-08,development
10259,2473480350,2014-05-19,development
10260,1189000700,2014-10-01,development
10261,7923700030,2015-04-14,test
10262,1796360340,2014-07-22,development
10263,0625059036,2014-08-13,development
10264,5694500200,2014-08-13,development
10265,0224069114,2014-08-29,development
10266,5379802871,2015-03-12,test
10267,1311600030,2014-07-16,development
10268,0669000350,2014-09-26,development
10269,2494000070,2015-01-27,development
10270,2771600350,2014-05-06,development
10271,1091310140,2014-11-03,development
10272,1450100390,2014-09-05,purged
10273,1450100390,2015-03-16,test
10274,2473250400,2014-09-24,development
10275,1420700030,2014-09-22,development
10276,3630110340,2015-01-07,development
10277,1313000240,2014-08-18,development
10278,1441600160,2014-07-23,development
10279,8807600140,2015-04-24,test
10280,8928100125,2014-10-28,development
10281,7853302180,2015-04-09,test
10282,9325200160,2014-06-19,development
10283,0098001000,2014-10-07,development
10284,3306200240,2014-11-25,development
10285,7436500060,2014-10-20,development
10286,1022059032,2014-08-12,development
10287,1523049083,2014-11-12,development
10288,9346920070,2014-08-22,development
10289,5709200030,2014-12-04,development
10290,5104470070,2014-10-16,development
10291,3330500075,2015-04-24,test
10292,0200800200,2014-08-12,development
10293,1432400570,2014-07-18,development
10294,1552510160,2014-10-30,development
10295,2473460860,2014-10-27,development
10296,7812800681,2015-01-02,development
10297,0579000550,2014-11-07,development
10298,2916200138,2015-02-02,development
10299,6821100125,2015-02-25,development
10300,1529300135,2014-10-14,development
10301,4124000320,2015-03-16,test
10302,1775910370,2015-02-05,development
10303,4365200505,2014-10-03,development
10304,7960100030,2014-08-14,development
10305,9264900350,2015-04-24,test
10306,0955000060,2014-09-30,development
10307,5205000160,2014-07-11,development
10308,6145600955,2014-12-24,development
10309,2472950350,2015-04-11,test
10310,9475710060,2014-06-13,development
10311,1112700060,2015-03-11,test
10312,0066000140,2014-11-20,development
10313,1021000060,2015-03-04,development
10314,4154304740,2015-02-24,development
10315,7972604215,2014-12-12,development
10316,7979900126,2014-06-26,development
10317,2821100125,2014-11-20,development
10318,2323089065,2014-12-17,development
10319,6623400187,2014-09-23,development
10320,6623400187,2015-02-20,development
10321,0325049234,2014-09-09,development
10322,8016300240,2015-04-02,test
10323,7955040160,2014-10-16,development
10324,6414600232,2015-04-20,test
10325,1824059070,2014-10-24,development
10326,6031400013,2014-06-16,development
10327,9557300570,2015-03-27,test
10328,4443800960,2015-04-08,test
10329,7203220310,2014-08-22,development
10330,7202330030,2014-08-22,development
10331,3353404510,2015-01-07,development
10332,6064800550,2014-08-02,development
10333,1786630160,2014-07-11,development
10334,3709500140,2014-06-23,development
10335,7942300070,2014-09-15,development
10336,7525300240,2015-02-19,development
10337,3579000800,2014-10-24,development
10338,3577000116,2015-03-25,test
10339,5490210320,2014-06-27,development
10340,3259400030,2014-11-25,development
10341,3134100162,2014-07-17,development
10342,9277700075,2014-08-18,development
10343,1172000135,2014-07-31,development
10344,1025059094,2015-01-28,development
10345,6705900070,2014-10-28,development
10346,9522400350,2014-10-08,development
10347,0650000030,2014-10-17,development
10348,8712100435,2014-11-10,development
10349,1530900560,2014-12-15,development
10350,6868200060,2014-12-11,development
10351,7767400060,2014-11-19,development
10352,0820000012,2014-08-27,development
10353,3308030060,2014-06-19,development
10354,9485750240,2014-10-17,development
10355,3826000550,2015-04-14,test
10356,7960100075,2015-03-25,test
10357,7461400400,2014-11-03,development
10358,6206100030,2015-05-01,test
10359,7888300340,2014-11-24,development
10360,1180000885,2014-10-30,development
10361,1081330060,2014-08-13,development
10362,9536600105,2015-01-09,development
10363,2783100160,2014-05-15,development
10364,9297301505,2014-05-09,development
10365,5561300340,2014-09-24,development
10366,1794500695,2015-03-04,development
10367,2797500030,2015-02-11,development
10368,9214400125,2014-07-01,development
10369,6821101895,2015-05-07,test
10370,8079040140,2014-10-06,development
10371,7518507580,2015-05-02,test
10372,3863800030,2015-03-31,test
10373,3303850390,2014-12-12,development
10374,7128300060,2014-07-07,development
10375,0104510340,2014-09-25,development
10376,0114101505,2015-04-23,test
10377,1928300350,2014-12-22,development
10378,1370800560,2014-10-13,development
10379,8825900310,2014-12-11,development
10380,4167700240,2014-12-04,development
10381,2138800060,2015-03-04,development
10382,0579002220,2014-08-27,development
10383,9144300060,2015-04-30,test
10384,4441300416,2014-10-28,development
10385,3225069301,2014-06-12,development
10386,6620400400,2014-08-13,development
10387,3361402041,2014-10-30,development
10388,1150000340,2014-11-18,development
10389,7015200800,2015-03-09,development
10390,5316100106,2014-10-10,development
10391,3102700160,2014-09-25,development
10392,8129700565,2014-10-08,development
10393,9839300125,2015-01-07,development
10394,2011400710,2014-05-21,development
10395,1522700060,2014-06-24,development
10396,7568700135,2014-07-17,development
10397,8651411070,2014-09-25,development
10398,2616700520,2015-03-18,test
10399,4415600030,2015-03-16,test
10400,1072000260,2015-02-23,development
10401,8045000340,2014-08-02,development
10402,0042000127,2015-02-24,development
10403,2205500335,2014-08-07,development
10404,1814800060,2015-02-20,development
10405,3885804260,2014-10-24,development
10406,9264920270,2014-10-07,development
10407,1778350160,2014-07-10,development
10408,0623049185,2014-07-02,development
10409,1180002735,2014-11-19,development
10410,3876313100,2014-12-24,development
10411,0826000295,2014-12-15,development
10412,3876311860,2014-12-26,development
10413,2224079050,2014-07-18,development
10414,8945000260,2014-07-22,development
10415,2768301182,2014-12-04,development
10416,1827200135,2014-05-23,development
10417,4307300520,2015-04-23,test
10418,6632900354,2014-09-10,development
10419,9540100060,2014-09-26,development
10420,2424059116,2014-11-05,development
10421,0007600125,2014-12-18,development
10422,0579003645,2014-08-15,development
10423,3224600340,2014-10-13,development
10424,7129800036,2015-01-14,development
10425,3294700421,2015-02-25,development
10426,6746700565,2014-10-23,development
10427,0742000060,2014-12-30,development
10428,0626059155,2014-12-10,development
10429,1150000200,2015-04-14,test
10430,1592000640,2014-11-19,development
10431,3123039171,2014-08-05,development
10432,3876312010,2014-06-03,development
10433,5364200695,2015-03-17,test
10434,7979900806,2015-03-11,test
10435,8643200060,2014-09-23,development
10436,7972602080,2014-12-08,development
10437,7212650200,2014-10-27,development
10438,8079100140,2014-07-28,development
10439,8091800140,2014-06-10,development
10440,7214720510,2014-08-06,development
10441,9346920260,2014-06-04,development
10442,3750603471,2015-03-27,test
10443,3438502501,2014-07-29,development
10444,1775500310,2015-01-21,development
10445,1796380310,2014-09-04,development
10446,1118000320,2015-05-08,test
10447,3362401000,2014-07-01,development
10448,7454000990,2014-09-24,development
10449,5244800125,2014-08-05,development
10450,0789000520,2014-07-15,development
10451,7852000340,2014-06-25,development
10452,8827900560,2014-10-31,development
10453,2768000390,2014-09-26,development
10454,2475200370,2014-10-20,development
10455,8731981940,2014-09-08,development
10456,3626079032,2014-07-30,development
10457,6646200710,2015-04-09,test
10458,7167000060,2014-11-24,development
10459,5249802085,2014-09-02,development
10460,3528900060,2014-06-26,development
10461,6056100295,2014-05-30,development
10462,9392200030,2014-09-23,development
10463,0936000055,2014-11-19,development
10464,3840700560,2014-08-14,development
10465,0333100295,2014-11-24,development
10466,0133000127,2014-06-23,development
10467,4221970060,2015-05-06,test
10468,1732800310,2015-03-02,development
10469,2025069037,2015-02-10,development
10470,2516000486,2014-07-01,development
10471,4037400070,2014-08-25,development
10472,3375300370,2015-03-06,development
10473,1682500240,2015-02-25,development
10474,6806100340,2015-03-04,development
10475,8682281070,2014-08-07,development
10476,8691330260,2014-12-08,development
10477,0869700140,2014-08-11,development
10478,7221400320,2014-10-03,development
10479,7454001125,2014-11-17,development
10480,7129304375,2014-07-14,development
10481,0203100435,2014-09-18,development
10482,6189200260,2015-05-04,test
10483,1430800162,2015-01-14,development
10484,2570300240,2014-05-29,development
10485,3294700320,2015-03-31,test
10486,2976800700,2014-05-22,development
10487,7625704340,2015-03-03,development
10488,9238900390,2014-09-05,development
10489,4139430310,2015-04-19,test
10490,1402630270,2014-07-29,development
10491,3735901600,2014-06-06,development
10492,0739500270,2014-11-13,development
10493,3566800125,2015-03-30,test
10494,2886200070,2014-06-02,development
10495,3529300060,2014-07-21,development
10496,3085001610,2014-09-30,development
10497,9414500200,2014-06-02,development
10498,8651611230,2014-07-11,development
10499,8712100350,2014-09-09,development
10500,7202350310,2014-10-28,development
10501,1326059070,2014-07-08,development
10502,1311900240,2014-12-30,development
10503,7518503490,2014-07-31,development
10504,6669200200,2015-03-19,test
10505,3438501860,2015-04-22,test
10506,7852170570,2015-03-09,development
10507,9290850060,2014-10-22,development
10508,4206901505,2015-03-26,test
10509,6600220550,2014-06-26,development
10510,8699100160,2015-02-10,development
10511,1068000520,2014-05-06,development
10512,2558610070,2015-02-17,development
10513,1829300270,2014-08-21,development
10514,7212650240,2015-02-23,development
10515,3205200240,2015-04-30,test
10516,1682000350,2014-07-08,development
10517,7229900885,2014-11-03,development
10518,7888000400,2014-06-03,development
10519,0523049195,2014-05-22,development
10520,1423400160,2014-06-18,development
10521,1766600075,2014-09-02,development
10522,1088020070,2014-12-16,development
10523,7893200486,2015-03-02,development
10524,8929000060,2014-10-04,development
10525,8146200070,2015-03-10,test
10526,0624069050,2015-04-07,test
10527,5318100935,2014-10-20,development
10528,1313300340,2014-05-14,development
10529,8032700070,2014-11-18,development
10530,1072000240,2014-06-24,development
10531,3904920390,2014-07-10,development
10532,7345200400,2014-09-09,development
10533,0923000270,2014-05-08,development
10534,7016310270,2015-04-10,test
10535,3650100105,2014-09-26,development
10536,3761100240,2014-10-27,development
10537,2126049277,2014-12-03,development
10538,0253600160,2014-05-30,development
10539,1623069046,2015-03-12,test
10540,9235900030,2014-07-17,development
10541,5451200370,2015-02-09,development
10542,7338000270,2015-04-21,test
10543,2115720270,2015-04-14,test
10544,0011200070,2014-07-21,development
10545,8732300060,2014-05-12,development
10546,8651410240,2015-02-02,development
10547,3342102220,2014-08-06,development
10548,7663700783,2014-06-13,development
10549,9477201370,2015-02-26,development
10550,1923000370,2014-05-12,development
10551,6841700070,2015-03-17,test
10552,3293700105,2015-04-28,test
10553,8001450060,2014-08-20,development
10554,2877104316,2014-12-01,development
10555,1522039105,2015-01-15,development
10556,0924069190,2014-08-19,development
10557,2722059185,2014-09-10,development
10558,4073200575,2014-12-01,development
10559,9542600070,2014-12-02,development
10560,2459960030,2014-08-15,development
10561,0259800640,2014-06-09,development
10562,1223039195,2015-05-08,test
10563,1545804510,2014-05-12,development
10564,1921059045,2014-11-07,development
10565,8078460070,2014-06-09,development
10566,7525300260,2014-06-23,development
10567,4249400270,2015-04-17,test
10568,0179000240,2015-03-25,test
10569,8856004327,2014-05-09,development
10570,8029550160,2014-05-16,development
10571,5016001260,2015-04-13,test
10572,1133000036,2015-04-21,test
10573,5416510710,2014-05-05,development
10574,1796380060,2014-12-01,development
10575,1223089050,2014-05-06,development
10576,7436900060,2015-04-24,test
10577,2202500135,2014-11-18,development
10578,0224069195,2014-06-16,development
10579,9407101180,2014-12-24,development
10580,6699950310,2014-09-26,development
10581,5379800810,2014-08-07,development
10582,0711000070,2014-07-25,development
10583,5127001170,2014-05-28,development
10584,0191100140,2015-03-16,test
10585,6198400218,2014-09-19,development
10586,3578400270,2014-06-23,development
10587,9573120260,2014-06-10,development
10588,2310110070,2015-03-17,test
10589,6413600192,2015-04-27,test
10590,4037500335,2014-06-06,development
10591,5141000510,2014-09-15,development
10592,3876311180,2014-09-04,development
10593,5036300575,2014-10-16,development
10594,0384000135,2014-06-24,development
10595,0322059326,2015-04-27,test
10596,9530101670,2014-06-23,development
10597,5490220030,2015-02-25,development
10598,2459500070,2014-12-22,development
10599,7312400075,2014-12-16,development
10600,7011200830,2014-09-09,development
10601,8691390860,2014-06-20,development
10602,8929000350,2014-08-04,development
10603,1322049335,2014-05-28,development
10604,7715600070,2014-12-12,development
10605,2985800070,2014-07-25,development
10606,0098000560,2014-08-16,development
10607,0125059179,2014-07-23,development
10608,7558800570,2014-08-13,development
10609,9378700200,2014-10-08,development
10610,2767603612,2014-05-12,development
10611,2767603612,2015-01-13,development
10612,3259400024,2015-04-27,test
10613,7954000125,2015-05-01,test
10614,5535600640,2014-09-12,development
10615,1313000710,2014-10-03,development
10616,1786700240,2014-10-24,development
10617,2739200160,2014-06-12,development
10618,2874600335,2014-05-30,development
10619,3222049159,2014-12-01,development
10620,7856550240,2014-07-10,development
10621,2817910030,2015-04-30,test
10622,8649900160,2014-12-05,development
10623,7856610160,2014-08-12,development
10624,3705000070,2014-10-21,development
10625,2619950400,2014-07-14,development
10626,7749500160,2015-04-09,test
10627,3585300445,2014-08-22,development
10628,2909700070,2014-05-27,development
10629,2581900036,2014-06-12,development
10630,5589900400,2014-12-05,development
10631,0323089159,2014-10-03,development
10632,5015000700,2015-01-23,development
10633,0624110860,2015-04-27,test
10634,9521100465,2014-10-13,development
10635,3275790140,2014-12-30,development
10636,1313300400,2014-07-01,development
10637,8670900140,2014-07-29,development
10638,2540850070,2015-03-20,test
10639,1921069068,2015-04-29,test
10640,3574800860,2014-10-07,development
10641,5652600069,2014-09-17,development
10642,4083302625,2015-03-24,test
10643,0114100791,2015-04-03,test
10644,9432900070,2014-09-02,development
10645,7214820400,2014-09-02,development
10646,2725069157,2014-06-13,development
10647,1025079074,2014-12-02,development
10648,0724069070,2014-09-13,development
10649,2206700070,2014-10-13,development
10650,8564500240,2014-05-27,development
10651,7579200765,2014-10-06,development
10652,7893205525,2014-05-27,development
10653,9320700400,2014-10-31,development
10654,3226049045,2015-04-30,test
10655,9828701741,2014-10-21,development
10656,7205510370,2014-11-24,development
10657,8899000310,2015-03-17,test
10658,6804600240,2015-02-11,development
10659,2902201126,2015-04-01,test
10660,5536500200,2014-09-18,development
10661,3530490160,2014-08-21,development
10662,2008000550,2014-08-15,development
10663,2045400075,2014-06-23,development
10664,0616000200,2014-08-22,development
10665,7852160310,2014-08-14,development
10666,8079100640,2014-12-01,development
10667,6662000070,2014-05-14,development
10668,1928300640,2014-08-28,development
10669,7888100240,2014-12-09,development
10670,3034200516,2015-02-17,development
10671,7504000510,2015-04-02,test
10672,9141100070,2015-01-26,development
10673,0921059200,2014-08-13,development
10674,3645100240,2014-09-22,development
10675,4123800260,2014-11-03,development
10676,7334401000,2015-04-14,test
10677,2111010890,2014-11-05,development
10678,4137070830,2015-02-13,development
10679,7283900036,2014-08-18,development
10680,0345700340,2014-06-10,development
10681,4178300070,2014-12-26,development
10682,3342103228,2014-08-04,development
10683,5451300105,2014-07-20,development
10684,5249803645,2014-08-29,development
10685,7326200030,2015-04-13,test
10686,7227502075,2015-04-09,test
10687,7011200160,2014-11-13,development
10688,7202340390,2015-04-07,test
10689,5412100240,2014-10-22,development
10690,1245000685,2014-06-25,development
10691,3222059187,2014-05-28,development
10692,1822500270,2014-08-19,development
10693,2310010270,2015-02-18,development
10694,9547204930,2015-02-25,development
10695,8137500400,2014-10-07,development
10696,3343901242,2014-08-07,development
10697,0486000510,2014-05-23,development
10698,0537000075,2014-08-11,development
10699,3544400045,2015-02-20,development
10700,9211520400,2014-11-04,development
10701,2738600140,2014-05-02,development
10702,3073500111,2015-03-18,test
10703,7889000160,2015-03-17,test
10704,1422059129,2014-08-14,development
10705,9430000070,2015-04-30,test
10706,2518400046,2014-11-18,development
10707,1315300070,2015-03-19,test
10708,1081330030,2014-07-23,development
10709,4397010140,2014-10-14,development
10710,8564700240,2014-10-17,development
10711,0597000566,2015-04-28,test
10712,9828202030,2015-02-18,development
10713,7214711260,2014-10-01,development
10714,5569620550,2014-06-27,development
10715,6145601890,2014-08-19,development
10716,9269200831,2014-08-25,development
10717,6021502470,2014-11-06,development
10718,0646910560,2015-03-06,development
10719,2475900565,2015-03-09,development
10720,4139430810,2014-08-01,development
10721,2586800140,2014-11-18,development
10722,0226059121,2014-08-13,development
10723,7696610270,2014-12-29,development
10724,4279900140,2014-10-01,development
10725,5422560810,2014-07-14,development
10726,1657300270,2015-03-12,test
10727,8648210140,2014-12-24,development
10728,3034200247,2015-02-06,development
10729,2204500550,2014-07-17,development
10730,7390400069,2015-03-27,test
10731,1077100070,2015-03-16,test
10732,0423059360,2014-10-17,development
10733,3316500200,2014-10-09,development
10734,1328300990,2014-08-05,development
10735,4443800505,2015-05-07,test
10736,7327500200,2014-06-18,development
10737,4054510310,2014-12-01,development
10738,7525100060,2014-08-20,development
10739,3065600270,2015-04-22,test
10740,2881700273,2014-08-19,development
10741,7889600685,2014-12-11,development
10742,1137500070,2014-09-29,development
10743,5104530810,2014-06-20,development
10744,3905060070,2014-08-29,development
10745,6450302545,2015-05-08,test
10746,7972602435,2015-03-18,test
10747,5423500240,2014-06-24,development
10748,8074200160,2014-06-29,development
10749,3317500070,2015-04-08,test
10750,6119700030,2015-05-08,test
10751,2568800160,2014-10-15,development
10752,2781250520,2014-10-16,development
10753,7230200310,2015-04-09,test
10754,4400900030,2014-06-02,development
10755,4038300070,2014-11-13,development
10756,5706000070,2014-10-14,development
10757,0825069078,2015-03-24,test
10758,0363000045,2015-01-02,development
10759,1912100875,2015-04-23,test
10760,7853230200,2015-03-09,development
10761,9406500350,2014-12-29,development
10762,5152960350,2014-11-13,development
10763,6021500320,2015-05-07,test
10764,7137910140,2014-09-23,development
10765,6117500955,2015-02-04,development
10766,0269001331,2014-09-09,development
10767,1023059190,2015-03-24,test
10768,8961970560,2014-08-11,development
10769,3066400710,2015-04-07,test
10770,0795000765,2014-06-16,development
10771,2767603535,2015-01-26,development
10772,7774200070,2015-04-08,test
10773,4029400140,2014-12-10,development
10774,1954400060,2014-05-06,development
10775,2473002650,2015-05-12,test
10776,5451220200,2014-06-24,development
10777,1472700200,2014-07-09,development
10778,1661000060,2014-08-01,development
10779,2600110710,2014-08-19,development
10780,2600110560,2014-11-12,development
10781,8617000060,2014-07-08,development
10782,8562720390,2014-08-25,development
10783,1137300890,2014-12-17,development
10784,4104900340,2015-02-04,development
10785,2616700560,2014-12-04,development
10786,1061500510,2014-10-15,development
10787,6411600370,2014-05-15,development
10788,4154302075,2015-01-16,development
10789,1727500390,2014-10-30,development
10790,2538410260,2014-08-01,development
10791,9269200520,2014-10-16,development
10792,7334400070,2015-02-23,development
10793,1972200696,2014-10-06,development
10794,2267000486,2014-08-22,development
10795,1311800560,2014-11-21,development
10796,9542400075,2014-06-06,development
10797,3223069065,2014-09-17,development
10798,1724500030,2015-03-12,test
10799,3751602797,2014-07-02,development
10800,0809002030,2014-09-11,development
10801,0993002127,2015-02-23,development
10802,1473120140,2014-07-08,development
10803,7849200861,2014-07-14,development
10804,0269000030,2014-08-25,development
10805,2607760700,2015-04-20,test
10806,7715801090,2014-07-25,development
10807,1999600320,2015-03-04,development
10808,4221250340,2015-04-09,test
10809,3668000810,2015-01-16,development
10810,2337300370,2015-02-06,development
10811,1453602065,2015-02-05,development
10812,3359500960,2015-03-21,test
10813,6133100125,2014-10-08,development
10814,8562600260,2014-11-20,development
10815,2325069032,2014-07-31,development
10816,1223039235,2014-11-14,development
10817,4139480350,2015-01-13,development
10818,3348401382,2015-02-10,development
10819,0164000267,2014-10-16,development
10820,1099900030,2015-04-15,test
10821,4139700260,2014-11-17,development
10822,6071800310,2014-06-19,development
10823,1321720140,2014-05-28,development
10824,8078460320,2014-11-18,development
10825,6388930570,2014-10-23,development
10826,3709500060,2014-06-20,development
10827,5469500640,2015-02-24,development
10828,0293910070,2014-07-23,development
10829,3158500340,2014-07-11,development
10830,2617300200,2014-05-09,development
10831,0521049200,2014-07-08,development
10832,7779200105,2014-07-18,development
10833,8651500710,2014-11-06,development
10834,0871000435,2015-05-09,test
10835,0217500140,2014-05-13,development
10836,9290850810,2014-06-13,development
10837,6844700510,2014-12-03,development
10838,1232001040,2014-10-16,development
10839,3751601171,2014-10-07,development
10840,6117502220,2014-11-17,development
10841,4322300140,2014-11-03,development
10842,1526059051,2014-08-28,development
10843,3800000160,2014-07-09,development
10844,1454600116,2014-06-11,development
10845,4174600055,2014-05-21,development
10846,2594200566,2015-04-06,test
10847,8825900465,2014-05-07,development
10848,8562900310,2014-06-13,development
10849,1446401555,2014-12-08,development
10850,3528000140,2014-10-23,development
10851,7625704500,2014-12-08,development
10852,3575302397,2014-11-13,development
10853,6190500340,2014-05-09,development
10854,0475000510,2014-11-18,development
10855,7199340320,2015-04-09,test
10856,3904940140,2014-10-06,development
10857,2310030390,2015-04-29,test
10858,2591800340,2015-04-30,test
10859,3505100126,2014-06-26,development
10860,3361401977,2014-08-26,development
10861,5422570260,2014-09-29,development
10862,0100600320,2014-08-13,development
10863,8099200030,2014-12-22,development
10864,7140600055,2015-04-11,test
10865,3422049276,2014-12-11,development
10866,3157600240,2014-09-03,development
10867,0091000135,2015-05-07,test
10868,0423059369,2014-06-04,development
10869,5152000030,2015-02-04,development
10870,7732300390,2014-05-23,development
10871,1954430390,2014-07-07,development
10872,7891600260,2014-06-18,development
10873,2329800140,2014-12-03,development
10874,8653900070,2014-08-04,development
10875,7740500070,2014-07-10,development
10876,3352401090,2014-11-13,development
10877,2767704756,2014-10-20,development
10878,7504400710,2015-04-27,test
10879,7787100390,2015-04-20,test
10880,4240400140,2014-08-20,development
10881,7202270570,2014-07-14,development
10882,3037200045,2014-11-13,development
10883,3750605247,2014-08-04,development
10884,7972604425,2015-04-01,test
10885,0809002610,2014-07-18,development
10886,4123840570,2014-10-20,development
10887,1081200070,2015-03-23,test
10888,9274204100,2014-09-10,development
10889,1072010510,2015-02-10,development
10890,7202330160,2014-11-19,development
10891,8731990700,2014-06-25,development
10892,9828200746,2015-05-04,test
10893,9407100310,2014-11-13,development
10894,6817800510,2014-06-05,development
10895,7212680860,2015-02-09,development
10896,3260000570,2015-02-10,development
10897,1139000400,2014-08-26,development
10898,8649401000,2014-10-22,development
10899,6600400260,2014-05-12,development
10900,1797500435,2015-04-20,test
10901,2155000160,2014-05-08,development
10902,9526600340,2015-05-12,test
10903,2205500030,2015-01-08,development
10904,2123049114,2014-05-19,development
10905,8078050140,2014-10-02,development
10906,7617500075,2014-07-21,development
10907,0381000240,2014-08-06,development
10908,7568700260,2014-08-14,development
10909,1370803925,2014-09-03,development
10910,1250200786,2015-01-22,development
10911,7399300510,2015-02-04,development
10912,5430300106,2015-03-11,test
10913,2954400310,2014-09-15,development
10914,9209900335,2014-05-09,development
10915,1920079062,2014-12-22,development
10916,7227800055,2014-09-09,development
10917,7227800055,2014-11-24,development
10918,3296900160,2014-06-09,development
10919,3421069053,2014-06-19,development
10920,7202380340,2014-09-03,development
10921,6716700240,2015-03-06,development
10922,1431400070,2015-02-05,development
10923,9554200200,2014-12-18,development
10924,1310900140,2014-06-24,development
10925,9454200030,2014-09-23,development
10926,1402810140,2014-05-05,development
10927,1823069155,2014-05-05,development
10928,2530800070,2014-09-11,development
10929,4024100496,2014-07-16,development
10930,5252000200,2014-12-10,development
10931,7331900270,2014-09-30,development
10932,1574700140,2014-08-08,development
10933,0162500030,2014-12-05,development
10934,3705900292,2015-04-28,test
10935,2141500070,2014-06-19,development
10936,8562750060,2015-04-20,test
10937,7349620030,2014-07-22,development
10938,2523039315,2014-10-22,development
10939,2877101821,2014-08-05,development
10940,1176000390,2014-06-12,development
10941,8682262190,2015-03-19,test
10942,7202350060,2014-09-08,development
10943,3630060070,2014-10-21,development
10944,2413300810,2014-09-23,development
10945,6450304260,2014-07-22,development
10946,2025059204,2014-07-30,development
10947,7202290240,2014-10-17,development
10948,1788700070,2014-06-27,development
10949,8085400055,2015-04-28,test
10950,5700002025,2015-02-18,development
10951,0853600310,2014-08-28,development
10952,5332200320,2014-07-14,development
10953,2130701535,2015-02-04,development
10954,0510002010,2014-06-30,development
10955,3630110510,2014-08-04,development
10956,6300000400,2014-06-17,development
10957,1560920200,2014-08-26,development
10958,1652500060,2014-07-11,development
10959,9368700270,2015-04-01,test
10960,2223089053,2014-06-03,development
10961,9828201920,2015-03-04,development
10962,7334401040,2015-02-05,development
10963,5152700060,2014-05-28,development
10964,1460900030,2014-09-26,development
10965,3626039250,2015-04-28,test
10966,7199360320,2015-02-13,development
10967,8731901610,2014-09-17,development
10968,6821102317,2014-12-09,development
10969,3271300955,2014-07-03,development
10970,3271300955,2015-02-24,development
10971,2623089135,2014-06-16,development
10972,2044500152,2014-11-17,development
10973,1725059187,2014-10-29,development
10974,6699930260,2015-03-20,test
10975,3295610200,2014-06-25,development
10976,1186000125,2014-05-09,development
10977,6065300570,2014-06-24,development
10978,8039900400,2014-08-12,development
10979,1925059200,2015-04-07,test
10980,5729000070,2015-01-28,development
10981,0098000960,2014-05-13,development
10982,1330300451,2014-12-17,development
10983,4312700340,2015-03-18,test
10984,3797700030,2014-10-09,development
10985,0452001890,2015-04-15,test
10986,2927600105,2014-07-03,development
10987,3298300140,2014-10-24,development
10988,1321700390,2014-09-08,development
10989,1222069129,2015-03-27,test
10990,1081800070,2014-11-18,development
10991,6414100732,2015-01-07,development
10992,0513000445,2014-11-11,development
10993,6888900060,2014-11-16,development
10994,7309100270,2014-06-26,development
10995,2162000260,2014-08-27,development
10996,7732000045,2014-11-25,development
10997,3764800510,2014-07-23,development
10998,2481600030,2014-07-01,development
10999,5126310060,2015-04-17,test
11000,1310700390,2014-10-10,development
11001,6402710070,2015-04-21,test
11002,5702450260,2014-07-23,development
11003,3243200310,2014-05-20,development
11004,2131200885,2014-08-28,development
11005,8651480550,2014-06-23,development
11006,3024059036,2014-05-30,development
11007,6382500079,2014-07-09,development
11008,4363700200,2015-03-25,test
11009,3876310860,2015-03-30,test
11010,2391602650,2015-04-10,test
11011,2597530070,2015-03-18,test
11012,1314300046,2014-06-30,development
11013,3693900885,2014-12-02,development
11014,6046400465,2014-10-28,development
11015,4388000070,2015-01-27,development
11016,8854000370,2014-06-20,development
11017,4459800075,2014-06-03,development
11018,7153200160,2015-01-14,development
11019,7752400075,2015-04-28,test
11020,7604410030,2015-01-21,development
11021,2144800311,2014-11-13,development
11022,1705400550,2015-02-13,development
11023,9485700136,2015-02-27,development
11024,1822039225,2014-07-25,development
11025,2625059301,2015-03-24,test
11026,7625702440,2014-12-30,development
11027,9126100487,2014-08-13,development
11028,7922900030,2014-10-03,development
11029,8682292180,2014-07-25,development
11030,6730700260,2015-03-13,test
11031,7225000045,2014-08-28,development
11032,4140500055,2014-06-26,development
11033,2592210370,2014-10-31,development
11034,1337800830,2015-01-07,development
11035,1951500055,2014-07-30,development
11036,1136100045,2014-10-15,development
11037,3860400060,2014-08-01,development
11038,1657000070,2014-11-18,development
11039,1423069129,2015-03-20,test
11040,1118001631,2015-01-12,development
11041,7399200240,2015-03-17,test
11042,4037000160,2014-06-15,development
11043,8562740370,2015-03-25,test
11044,9407001620,2014-08-12,development
11045,2481620310,2014-05-14,development
11046,7511200350,2014-09-19,development
11047,4039100350,2015-04-23,test
11048,0808300270,2014-05-27,development
11049,3023059012,2014-09-10,development
11050,4039300810,2014-11-17,development
11051,8849300320,2015-04-16,test
11052,0272000320,2014-11-05,development
11053,1180002470,2014-11-04,development
11054,1330290160,2015-04-13,test
11055,6392000570,2014-11-12,development
11056,8835200160,2014-10-10,development
11057,0868000575,2014-08-19,development
11058,0597000550,2014-09-19,development
11059,6669000070,2014-08-05,development
11060,7202340860,2015-03-18,test
11061,6141100320,2014-07-07,development
11062,6141100320,2015-02-13,development
11063,6815100370,2014-10-30,development
11064,5636010560,2014-09-29,development
11065,2592200030,2014-06-18,development
11066,1823059159,2015-05-06,test
11067,2254501620,2015-04-09,test
11068,9275700765,2014-06-10,development
11069,7454000875,2015-04-06,test
11070,7434500127,2014-08-12,development
11071,0646500070,2014-11-06,development
11072,9432900560,2015-02-12,development
11073,5154700060,2014-10-15,development
11074,3395300260,2014-08-15,development
11075,2113700510,2014-10-27,development
11076,4053200566,2014-10-20,development
11077,7214720400,2015-02-17,development
11078,3211210200,2014-11-18,development
11079,7010700810,2014-11-06,development
11080,3971700390,2015-04-06,test
11081,9406550060,2014-10-02,development
11082,0414100045,2014-09-23,development
11083,4276400030,2014-11-12,development
11084,9433000060,2014-11-18,development
11085,7885800160,2014-09-05,development
11086,2473101070,2015-02-27,development
11087,3701000060,2014-12-16,development
11088,8651441290,2014-12-29,development
11089,0255400060,2014-12-08,development
11090,8567450140,2014-08-27,development
11091,2517000140,2014-05-16,development
11092,1938400520,2014-10-16,development
11093,3179100055,2014-12-09,development
11094,1924069105,2014-10-17,development
11095,0704450070,2014-07-07,development
11096,2881700046,2014-06-10,development
11097,8955800045,2015-05-12,test
11098,3816300105,2015-01-12,development
11099,6649900030,2015-05-05,test
11100,1912100885,2014-07-02,development
11101,9542840570,2015-04-01,test
11102,2473381070,2014-11-05,development
11103,7137950350,2015-01-22,development
11104,1088800060,2014-11-05,development
11105,4054530260,2014-06-27,development
11106,0248000240,2014-07-15,development
11107,3995700435,2014-07-02,development
11108,9287800135,2014-07-14,development
11109,4337000070,2015-03-09,development
11110,8859000045,2015-04-24,test
11111,8856920550,2015-03-19,test
11112,5705500075,2015-03-26,test
11113,6163901433,2014-11-26,development
11114,0475000004,2014-07-07,development
11115,7936500172,2014-05-28,development
11116,2770604080,2015-03-24,test
11117,5101408599,2014-06-11,development
11118,1226059105,2014-08-27,development
11119,3211700045,2015-01-28,development
11120,8567300270,2014-08-18,development
11121,6021503655,2014-07-16,development
11122,7202331160,2014-06-16,development
11123,2763710060,2014-08-08,development
11124,3211270160,2014-06-12,development
11125,3365900106,2015-01-15,development
11126,1761300340,2014-06-10,development
11127,2909300240,2015-05-01,test
11128,0476000324,2014-10-16,development
11129,2141200030,2014-08-28,development
11130,9557300560,2014-05-08,development
11131,2612000200,2015-04-27,test
11132,6002400030,2014-08-14,development
11133,6064800060,2015-05-06,test
11134,8091410390,2015-02-17,development
11135,1786830060,2014-07-07,development
11136,7277100055,2015-02-24,development
11137,3392500060,2014-09-04,development
11138,3897100640,2014-11-03,development
11139,7942602080,2014-06-16,development
11140,2787311480,2014-09-29,development
11141,5467200055,2015-03-07,development
11142,7277100510,2015-02-14,development
11143,2525300200,2014-05-15,development
11144,7732500270,2014-09-25,development
11145,5700001920,2015-02-19,development
11146,5560000640,2014-06-19,development
11147,2781250560,2014-12-02,development
11148,1122059037,2015-04-13,test
11149,5515600163,2014-09-16,development
11150,8807300570,2014-12-29,development
11151,9412700550,2014-05-21,development
11152,9202600060,2014-06-02,development
11153,8857320030,2014-11-07,development
11154,0685000160,2015-02-12,development
11155,8001100030,2015-01-02,development
11156,9144100126,2014-08-21,development
11157,7149410060,2014-08-20,development
11158,3388000640,2015-03-18,test
11159,1321700030,2014-06-24,development
11160,6662400105,2014-10-30,development
11161,3971700903,2015-01-22,development
11162,6804600260,2014-06-03,development
11163,8078460520,2014-09-23,development
11164,2436700800,2014-05-16,development
11165,2592210510,2015-02-17,development
11166,9414610320,2015-01-16,development
11167,7567600030,2015-01-27,development
11168,0624110810,2015-03-25,test
11169,4123800400,2014-09-09,development
11170,9424400105,2014-07-10,development
11171,7941130140,2015-02-17,development
11172,1568100295,2015-02-02,development
11173,6683000295,2014-05-13,development
11174,5710610520,2015-02-26,development
11175,1565900390,2015-04-15,test
11176,6608500260,2014-07-16,development
11177,7338401230,2014-08-28,development
11178,7212660520,2015-03-26,test
11179,8901001290,2014-09-03,development
11180,3345100030,2014-07-22,development
11181,7986401275,2014-11-19,development
11182,3047700045,2014-07-17,development
11183,1422029117,2014-07-11,development
11184,0104530240,2014-08-27,development
11185,8718500260,2014-07-23,development
11186,3735901040,2014-07-03,development
11187,3448002180,2015-01-16,development
11188,5126300960,2015-01-27,development
11189,1774220400,2014-05-13,development
11190,8648100030,2014-11-13,development
11191,7940710070,2014-08-22,development
11192,1518000070,2014-11-19,development
11193,3832500260,2014-05-09,development
11194,1139600270,2014-07-01,purged
11195,1139600270,2015-03-24,test
11196,1099610830,2014-12-02,development
11197,5647000060,2014-12-11,development
11198,3352402272,2014-06-11,development
11199,6669020640,2015-04-24,test
11200,6154900070,2014-06-11,development
11201,1545802080,2014-09-04,development
11202,8161020060,2014-06-20,purged
11203,8161020060,2015-04-14,test
11204,0443000060,2014-12-10,development
11205,4172100200,2014-11-21,development
11206,7309100070,2014-12-12,development
11207,0191100672,2014-05-27,development
11208,2125400160,2014-11-14,development
11209,0259800060,2014-06-06,development
11210,4402700125,2014-07-16,development
11211,7504180070,2014-11-11,development
11212,2723069129,2015-05-06,test
11213,3210400060,2014-12-24,development
11214,8658301535,2014-07-21,development
11215,8923100125,2014-06-20,development
11216,5592900105,2015-02-13,development
11217,8964800695,2015-03-27,test
11218,5104510860,2015-05-06,test
11219,1090000075,2014-12-16,development
11220,1446800181,2014-06-20,development
11221,1829300520,2015-04-12,test
11222,3992700070,2014-11-24,development
11223,2472950160,2014-06-17,development
11224,3468800310,2015-01-13,development
11225,6613000935,2014-05-13,development
11226,4054530240,2015-04-27,test
11227,2600040160,2014-10-31,development
11228,4229900140,2014-10-06,development
11229,1005000240,2014-12-19,development
11230,4188000240,2014-12-11,development
11231,1562100340,2014-08-28,development
11232,7941600390,2014-06-23,development
11233,2655500241,2014-08-14,development
11234,8651720060,2015-02-02,development
11235,2621750350,2015-03-26,test
11236,2397101375,2015-04-28,test
11237,0808300200,2015-03-19,test
11238,8645500370,2014-12-03,development
11239,5668500045,2014-09-17,development
11240,6679000370,2014-05-25,development
11241,8699800070,2014-07-31,development
11242,9500900060,2014-07-22,development
11243,2255500060,2015-02-18,development
11244,5071500140,2014-06-27,development
11245,3546000070,2014-06-17,development
11246,9478500570,2014-06-23,development
11247,2473440070,2015-03-20,test
11248,0952001710,2015-03-03,development
11249,7905400160,2015-02-11,development
11250,6852700520,2015-04-06,test
11251,0625100004,2015-03-17,test
11252,6600400370,2014-09-10,development
11253,2025770310,2014-06-11,development
11254,2126049290,2015-02-20,development
11255,1843200350,2014-07-22,development
11256,3750600566,2014-12-15,development
11257,3761100045,2014-06-18,development
11258,7937600262,2014-07-10,development
11259,3629921000,2014-11-21,development
11260,7519000335,2014-12-03,development
11261,5459000240,2014-06-04,development
11262,9835801000,2014-06-25,development
11263,1102001274,2015-04-15,test
11264,7950303290,2015-04-02,test
11265,7968460240,2015-02-11,development
11266,9827700105,2014-09-17,development
11267,3536900030,2015-02-09,development
11268,0328000160,2014-12-11,development
11269,6909700340,2014-08-20,development
11270,0829000160,2014-10-09,development
11271,4077800376,2014-07-01,development
11272,6154500030,2014-06-26,development
11273,9828202325,2014-06-19,development
11274,0795002190,2014-07-15,development
11275,0226059065,2014-09-03,development
11276,8682280270,2014-09-03,development
11277,7695370160,2014-08-11,development
11278,3025300226,2014-05-15,development
11279,0241900160,2015-03-10,test
11280,2461900550,2014-12-16,development
11281,9206700060,2014-11-05,development
11282,1997200060,2014-09-08,development
11283,5468700105,2014-08-05,development
11284,5078400160,2014-06-05,development
11285,6603000030,2014-12-17,development
11286,8598200070,2014-12-08,development
11287,5101402435,2014-06-03,development
11288,5101402435,2015-03-04,development
11289,8820902400,2014-09-10,development
11290,1246700251,2014-05-27,development
11291,5315101716,2015-02-25,development
11292,5035300570,2014-09-23,development
11293,4123400310,2015-04-09,test
11294,4058802255,2014-07-24,development
11295,2141330560,2014-07-25,development
11296,2725069121,2014-09-03,development
11297,7682200340,2014-07-28,development
11298,9518100059,2014-08-22,development
11299,1861400060,2014-05-05,development
11300,2223059053,2015-03-11,test
11301,0421049114,2014-10-09,development
11302,6703100140,2014-08-22,development
11303,6127010890,2015-04-27,test
11304,8898700960,2014-06-20,development
11305,0486000597,2014-08-11,development
11306,7175300045,2014-11-12,development
11307,3073500045,2014-05-07,development
11308,2407900550,2015-05-07,test
11309,5379802650,2015-02-25,development
11310,4364700990,2014-10-03,development
11311,2158900140,2014-09-05,development
11312,3235100075,2015-05-03,test
11313,2887701940,2014-12-05,development
11314,7399200510,2014-08-12,development
11315,3578600045,2014-12-16,development
11316,9406500310,2014-11-19,development
11317,1560100135,2015-02-24,development
11318,1326069094,2015-02-25,development
11319,3396830310,2015-04-07,test
11320,4040400340,2014-09-05,development
11321,7234601221,2014-10-14,development
11322,6065301040,2014-08-14,development
11323,2600010390,2014-10-15,development
11324,6679000560,2014-07-29,development
11325,6743700335,2014-06-04,development
11326,2207000060,2014-08-18,development
11327,1900000060,2014-11-17,development
11328,1232001480,2014-07-10,development
11329,9835800320,2014-08-28,development
11330,9285800055,2014-10-14,development
11331,3438500677,2014-06-13,development
11332,3879901290,2015-04-01,test
11333,3905040060,2015-03-13,test
11334,9530101290,2014-11-10,development
11335,5104532030,2015-03-06,development
11336,6411600045,2014-10-16,development
11337,1796360990,2014-07-01,development
11338,9264911550,2014-10-22,development
11339,7715800310,2014-08-21,development
11340,3407700012,2014-11-06,development
11341,2322069116,2014-08-25,development
11342,4058800875,2014-06-24,development
11343,8113101070,2015-04-23,test
11344,9512501370,2014-11-05,development
11345,3670500465,2014-05-26,development
11346,8856950310,2014-05-24,development
11347,4315700505,2015-02-10,development
11348,3046200125,2015-04-06,test
11349,2922701420,2014-11-18,development
11350,6430500238,2014-12-16,development
11351,6031400071,2015-01-14,development
11352,1854750030,2015-04-07,test
11353,7950302121,2014-07-16,development
11354,1421069117,2015-04-17,test
11355,1370803510,2014-05-15,development
11356,1559900140,2014-12-22,development
11357,2734100738,2014-10-29,development
11358,7007700030,2015-01-05,development
11359,7702020030,2015-02-25,development
11360,1795500060,2014-10-21,development
11361,3303860030,2014-10-29,development
11362,7701960990,2014-06-16,development
11363,7701960990,2014-08-19,development
11364,5453700060,2015-02-24,development
11365,2143700935,2014-09-03,development
11366,9485300560,2014-07-25,development
11367,3693900135,2014-09-20,development
11368,7212650990,2014-07-21,development
11369,1245001659,2014-08-21,development
11370,6071300550,2014-08-22,development
11371,4083306620,2014-07-28,development
11372,8122100392,2014-10-28,development
11373,5418500800,2015-04-29,test
11374,2421059036,2015-04-15,test
11375,0952000310,2014-05-20,development
11376,5694501195,2015-05-11,test
11377,2872900390,2014-08-14,development
11378,1502400140,2015-04-29,test
11379,3860900003,2014-06-17,development
11380,1180003435,2014-12-09,development
11381,6430000070,2014-10-27,development
11382,5530000030,2015-01-26,development
11383,5700000465,2014-09-04,development
11384,3211100570,2014-08-11,development
11385,9536601331,2014-07-22,development
11386,0985000955,2015-03-12,test
11387,0323059208,2014-06-03,development
11388,4221270350,2015-03-23,test
11389,3768000030,2014-07-14,development
11390,7211401610,2014-08-20,development
11391,9542000340,2014-08-07,development
11392,2426049078,2014-07-16,development
11393,5438000160,2014-06-09,development
11394,0259600890,2014-10-02,development
11395,8732190200,2015-01-15,development
11396,3395040200,2014-07-09,development
11397,6362900171,2014-05-27,development
11398,2154500060,2014-12-03,development
11399,5706200370,2014-08-06,development
11400,1402950240,2014-06-02,development
11401,4141800030,2014-10-14,development
11402,3426049284,2014-08-19,development
11403,3658700510,2014-07-24,development
11404,2220069196,2014-08-11,development
11405,5700004485,2014-05-20,development
11406,1328320350,2014-12-02,development
11407,3432500310,2014-06-24,development
11408,9274200318,2015-04-10,test
11409,3034200550,2014-09-22,development
11410,2078500350,2014-06-04,development
11411,7203101290,2014-10-20,development
11412,9287801455,2014-10-28,development
11413,9472200060,2014-11-05,development
11414,0869700060,2014-07-29,development
11415,4298100060,2014-05-09,development
11416,7211402105,2014-11-26,development
11417,7135520260,2014-11-18,development
11418,9222400565,2014-10-17,development
11419,7116500125,2014-05-28,development
11420,7202290320,2014-10-24,development
11421,9808630260,2015-03-18,test
11422,8682310310,2015-05-11,test
11423,4137000700,2014-08-29,development
11424,5119400075,2014-06-20,development
11425,8857100060,2014-11-10,development
11426,3329510200,2014-11-24,development
11427,7789200070,2014-06-03,development
11428,6140600049,2015-05-06,test
11429,9324320030,2015-03-17,test
11430,2555900030,2014-11-07,development
11431,8662500350,2014-06-20,development
11432,7856601040,2015-02-20,development
11433,0109200390,2014-08-20,development
11434,0109200390,2014-10-20,development
11435,6870300060,2014-09-22,development
11436,2734100732,2014-10-15,development
11437,7201900370,2015-05-05,test
11438,3904960700,2014-06-13,development
11439,2225059240,2014-10-28,development
11440,4397650160,2014-09-22,development
11441,3629860060,2015-03-12,test
11442,4083305085,2014-05-20,development
11443,0518500700,2014-05-07,development
11444,3580900260,2014-05-05,development
11445,1974300060,2014-09-23,development
11446,0624069035,2014-12-09,development
11447,5152980070,2015-01-02,development
11448,2624039114,2015-04-13,test
11449,4337000200,2014-12-17,development
11450,7203100550,2014-06-25,development
11451,2782100260,2015-03-03,development
11452,1737320060,2014-06-10,development
11453,7972604001,2014-07-18,development
11454,2719100240,2014-05-19,development
11455,3904990570,2014-05-24,development
11456,7399000350,2014-11-04,development
11457,6400700189,2014-10-17,development
11458,4305200070,2014-05-19,development
11459,4305200070,2014-09-22,development
11460,2201500240,2014-07-30,development
11461,3277800729,2014-10-16,development
11462,2525310320,2014-10-28,development
11463,2215901840,2015-02-11,development
11464,1796700160,2015-03-24,test
11465,4218400671,2015-05-05,test
11466,6415100350,2015-04-13,test
11467,7504020400,2015-01-27,development
11468,8732190070,2014-10-02,development
11469,2826049200,2014-08-25,development
11470,8682292190,2014-12-15,development
11471,2524049250,2014-09-21,development
11472,7972603385,2014-05-16,development
11473,4454800060,2014-06-26,development
11474,8910500226,2015-04-09,test
11475,1972202505,2014-07-29,development
11476,6303400520,2015-01-27,development
11477,7852020340,2015-03-25,test
11478,3824100041,2015-04-12,test
11479,3904990260,2014-07-24,development
11480,0204000140,2015-04-03,test
11481,6083000071,2014-11-10,development
11482,6819100111,2014-12-11,development
11483,7806210400,2014-09-29,development
11484,4375700055,2014-06-27,development
11485,0207500012,2014-05-05,development
11486,2731600045,2015-01-07,development
11487,1953400570,2015-03-24,test
11488,2883200139,2015-03-06,development
11489,3345100251,2015-02-17,development
11490,1387301740,2014-09-25,development
11491,3214200070,2015-04-29,test
11492,1937300193,2015-02-27,development
11493,2821049082,2015-02-12,development
11494,2207500200,2014-09-15,development
11495,9528104286,2015-01-13,development
11496,8901001170,2014-05-14,development
11497,3260200200,2014-10-30,development
11498,1853080640,2014-05-14,development
11499,0986000045,2014-10-07,development
11500,4322200105,2015-03-31,test
11501,1453600681,2015-02-23,development
11502,3365900041,2015-01-21,development
11503,9294300070,2014-05-02,development
11504,5096300140,2015-02-17,development
11505,0985001275,2014-06-20,development
11506,6669200370,2014-06-26,development
11507,3885806840,2015-03-16,test
11508,2025079037,2014-10-01,development
11509,3812400202,2014-11-14,development
11510,4136880140,2014-05-22,development
11511,0258500059,2014-07-21,development
11512,8016250140,2015-05-06,test
11513,5153100030,2014-08-25,development
11514,1377800135,2015-04-02,test
11515,7549800045,2015-01-02,development
11516,3179101070,2014-06-30,development
11517,0629800520,2014-09-03,development
11518,7129302800,2014-12-12,development
11519,2450000320,2014-05-23,development
11520,6804600990,2014-11-24,development
11521,3389900800,2014-10-22,development
11522,0524059208,2015-02-20,development
11523,1523069128,2015-03-31,test
11524,5701700640,2014-07-29,development
11525,4077800247,2014-06-10,development
11526,3629860160,2014-10-28,development
11527,2877102180,2014-08-29,development
11528,7203101610,2014-05-12,development
11529,3342100685,2014-06-25,development
11530,3575301550,2015-04-07,test
11531,1829300260,2014-11-13,development
11532,6071000030,2014-07-22,development
11533,4099100260,2014-09-03,development
11534,3365900520,2014-06-18,development
11535,8964800890,2015-01-09,development
11536,7977200055,2015-02-13,development
11537,7589700106,2014-10-14,development
11538,9324300030,2014-07-03,development
11539,5347200070,2015-04-27,test
11540,2771600550,2014-11-12,development
11541,5456000135,2014-08-22,development
11542,0629811360,2014-12-05,development
11543,1354600160,2014-05-09,development
11544,8566100160,2014-10-22,development
11545,5104520550,2014-07-01,development
11546,2819100140,2015-04-27,test
11547,7298020140,2014-10-21,development
11548,8929000140,2014-06-23,development
11549,9407600070,2015-03-19,test
11550,2896000510,2014-08-21,development
11551,1938000140,2015-04-28,test
11552,4331000400,2015-02-20,development
11553,4031700030,2015-04-10,test
11554,1722800860,2015-03-09,development
11555,2491200955,2014-12-29,development
11556,2013802030,2014-09-11,development
11557,1923300135,2015-03-10,test
11558,2391600335,2015-02-03,development
11559,2425039017,2014-09-04,development
11560,6752600320,2015-05-14,test
11561,0193300140,2014-10-23,development
11562,5651010320,2014-07-22,development
11563,0243000045,2014-08-29,development
11564,1558100398,2014-05-15,development
11565,4204400339,2014-09-25,development
11566,9567800140,2015-03-25,test
11567,4046500140,2015-02-09,development
11568,2115510160,2014-12-08,development
11569,9828702518,2014-06-17,development
11570,3888100117,2014-11-10,development
11571,1775900140,2014-07-09,development
11572,6645950070,2015-04-01,test
11573,6840701160,2014-10-29,development
11574,1336800240,2014-05-08,development
11575,3830200140,2014-08-04,development
11576,2473510260,2014-06-23,development
11577,5056500260,2014-05-02,development
11578,8682280260,2015-03-26,test
11579,7338000800,2014-11-20,development
11580,3260701160,2015-04-07,test
11581,3793500510,2015-05-02,test
11582,9485950340,2015-03-19,test
11583,2011400662,2014-10-27,development
11584,6699940320,2015-04-13,test
11585,6134500070,2014-07-09,development
11586,8807810890,2014-08-27,development
11587,8807810890,2014-11-05,development
11588,6453300055,2014-10-07,development
11589,1118001820,2014-06-15,development
11590,8570900023,2014-10-10,development
11591,0629000510,2014-07-30,development
11592,2028701000,2014-05-29,development
11593,7147400045,2015-04-28,test
11594,3180100023,2015-01-30,development
11595,1032000079,2015-04-22,test
11596,7010700860,2014-12-26,development
11597,5547500070,2014-07-24,development
11598,7237501040,2014-06-17,development
11599,7284900030,2014-05-22,development
11600,3277801646,2014-05-16,development
11601,8722101370,2015-04-13,test
11602,2436200200,2014-07-01,development
11603,2716600273,2014-05-28,development
11604,1795700030,2014-12-01,development
11605,9421500160,2015-03-03,development
11606,4139910030,2015-03-02,development
11607,3080000030,2014-05-05,development
11608,2568200070,2014-07-16,development
11609,1546600565,2014-10-02,development
11610,9187200045,2015-05-04,test
11611,8078450340,2015-02-11,development
11612,9297301535,2014-05-29,development
11613,6431000196,2014-06-04,development
11614,9406520260,2015-01-28,development
11615,9510900140,2015-04-06,test
11616,7932600140,2014-07-03,development
11617,7864500140,2014-11-07,development
11618,3629960550,2014-08-07,development
11619,2239000016,2014-09-11,development
11620,1069000070,2015-04-15,test
11621,1972201550,2014-07-16,development
11622,5469000140,2014-07-07,development
11623,7871500685,2014-07-08,development
11624,7214820200,2014-11-07,development
11625,6072300800,2015-05-05,test
11626,6817801040,2014-08-21,development
11627,6117500160,2015-03-17,test
11628,5100401516,2014-09-25,development
11629,6751100125,2014-08-25,development
11630,2771602420,2014-06-17,development
11631,3585900045,2014-10-22,development
11632,2492200055,2014-07-08,development
11633,0461004730,2015-04-06,test
11634,4038000055,2014-08-12,development
11635,4338800685,2014-08-19,development
11636,2215901230,2015-05-07,test
11637,2730000270,2015-02-12,development
11638,2397100560,2014-11-21,development
11639,5100403754,2014-09-11,development
11640,5634500891,2015-03-12,test
11641,3834000004,2015-03-02,development
11642,5569700075,2014-05-28,development
11643,0476000338,2015-02-25,development
11644,3299610260,2015-04-21,test
11645,4441300075,2014-09-24,development
11646,1796200140,2015-03-09,development
11647,5029451230,2014-06-17,development
11648,2523039282,2014-11-21,development
11649,3629971290,2014-07-30,development
11650,8078350520,2014-09-16,development
11651,3395380200,2014-10-17,development
11652,1687910200,2014-10-07,development
11653,3818700016,2014-10-07,development
11654,9842300036,2014-10-08,development
11655,4206901550,2014-06-02,development
11656,3878900681,2015-01-21,development
11657,2195700270,2014-06-27,development
11658,2824059128,2014-10-09,development
11659,7635801370,2014-09-04,development
11660,1775910270,2014-10-20,development
11661,5245400030,2015-02-23,development
11662,2600400030,2014-07-24,development
11663,3860900111,2014-12-02,development
11664,9558800030,2014-11-07,development
11665,0255000270,2014-07-23,development
11666,3526039074,2014-06-25,development
11667,4083304355,2015-03-18,test
11668,6840701610,2014-07-01,development
11669,2212200270,2015-02-20,development
11670,2203500140,2014-08-01,development
11671,9353301070,2015-05-08,test
11672,1326059185,2015-03-20,test
11673,0046100350,2014-06-30,development
11674,7987400316,2014-08-14,development
11675,3971702325,2014-11-03,development
11676,7419500200,2015-04-01,test
11677,0923049468,2014-11-10,development
11678,5589300435,2014-12-03,development
11679,3303990030,2014-10-27,development
11680,2926069083,2014-05-07,development
11681,3622059157,2014-10-09,development
11682,5466350160,2015-01-21,development
11683,4174600262,2015-04-08,test
11684,9477940390,2015-01-09,development
11685,1126069045,2014-06-20,development
11686,6096500105,2015-04-30,test
11687,2923069037,2014-07-21,development
11688,5649300160,2014-12-09,development
11689,3121059036,2014-10-29,development
11690,6136900045,2014-08-21,development
11691,2426039247,2015-03-25,test
11692,8818400340,2015-04-23,test
11693,7429000240,2014-11-18,development
11694,3888100030,2014-07-14,development
11695,5699000070,2014-05-28,development
11696,8731982470,2014-07-15,development
11697,6899990200,2014-07-02,development
11698,4154300505,2014-10-24,development
11699,9268710140,2015-02-24,development
11700,9290860140,2014-09-23,development
11701,5708500270,2014-05-16,development
11702,0016000200,2014-10-24,development
11703,1352300520,2015-01-13,development
11704,5207200160,2014-10-10,development
11705,9284800844,2014-09-16,development
11706,5602000105,2014-07-21,development
11707,3585220340,2014-08-11,development
11708,0220069083,2014-05-09,development
11709,5104531290,2014-11-24,development
11710,8125200273,2014-12-23,development
11711,3176600105,2014-08-13,development
11712,6821101275,2014-08-21,development
11713,5379802090,2014-07-14,development
11714,3211240320,2014-06-12,development
11715,0486000520,2014-06-06,development
11716,0705710640,2015-03-02,development
11717,2185000685,2014-11-24,development
11718,7518502030,2014-11-17,development
11719,4078300024,2014-07-25,development
11720,6071400710,2015-04-29,test
11721,4136950200,2014-06-27,development
11722,9527300200,2014-08-25,development
11723,6071000310,2015-01-28,development
11724,9183702220,2014-09-15,development
11725,0369000045,2014-10-10,development
11726,2826049117,2014-05-28,development
11727,0811000055,2014-09-25,development
11728,7154200070,2014-11-24,development
11729,2303900045,2014-06-23,development
11730,1254200045,2015-04-22,test
11731,8731730710,2014-07-28,development
11732,9528104109,2014-10-27,development
11733,3298700012,2015-03-20,test
11734,7967700570,2015-03-02,development
11735,1402200140,2015-01-05,development
11736,3797300140,2014-07-21,development
11737,2481200140,2014-10-15,development
11738,3582900310,2015-03-04,development
11739,1352300990,2014-08-26,development
11740,1525059074,2014-07-23,development
11741,3876000710,2014-12-18,development
11742,1994200260,2014-08-19,development
11743,1121000058,2015-03-31,test
11744,1407300012,2015-01-28,development
11745,1565930070,2014-09-11,development
11746,3574900030,2015-03-27,test
11747,5100401441,2015-05-06,test
11748,3629940160,2015-03-11,test
11749,7715800390,2014-11-10,development
11750,1682000160,2015-04-17,test
11751,0952007055,2014-10-21,development
11752,3790700070,2014-11-21,development
11753,3134100023,2014-11-25,development
11754,1862400292,2014-07-23,development
11755,4123800270,2014-07-10,development
11756,3448700070,2014-07-23,development
11757,9133600135,2015-02-11,development
11758,6163901913,2014-07-22,development
11759,1446403305,2014-05-05,development
11760,0059000445,2014-09-23,development
11761,7510700030,2014-05-15,development
11762,1722059222,2014-11-20,development
11763,8127700132,2015-03-26,test
11764,1774000030,2015-03-30,test
11765,4058800135,2015-04-05,test
11766,8682281600,2014-07-08,development
11767,8562740520,2014-08-06,development
11768,3982700125,2014-12-30,development
11769,1120069036,2014-12-18,development
11770,3592500800,2014-10-18,development
11771,7905200310,2014-07-29,development
11772,7577700136,2015-02-26,development
11773,2629600016,2015-04-10,test
11774,9262800002,2014-07-08,development
11775,2892700041,2014-07-14,development
11776,2892700041,2015-01-28,development
11777,4136950070,2015-04-14,test
11778,2354300550,2015-03-02,development
11779,7740100260,2014-08-25,development
11780,6163901352,2014-10-21,development
11781,2025700200,2015-02-20,development
11782,1775801090,2014-05-30,development
11783,1138000070,2014-11-13,development
11784,1823049046,2014-08-06,development
11785,7227801580,2014-09-17,development
11786,4364700875,2014-07-29,development
11787,8127700390,2014-12-15,development
11788,9560500105,2015-04-24,test
11789,8651411420,2015-03-05,development
11790,1274500240,2014-08-20,development
11791,3278602190,2014-06-11,development
11792,0873900240,2014-07-02,development
11793,3834000520,2014-07-30,development
11794,4224100030,2015-04-03,test
11795,5710500060,2015-03-19,test
11796,0203101370,2014-06-30,development
11797,4039300140,2014-06-25,development
11798,3629920990,2014-06-23,development
11799,6882510060,2014-08-25,development
11800,2597150270,2015-04-06,test
11801,4365200445,2014-08-22,development
11802,6145601819,2014-09-12,development
11803,3447000030,2015-04-01,test
11804,4442800162,2015-04-14,test
11805,1698900075,2015-04-15,test
11806,9432750070,2014-08-08,development
11807,3204850140,2014-11-12,development
11808,1446401550,2015-02-06,development
11809,3904901840,2014-06-30,development
11810,3299200075,2015-02-04,development
11811,2206500550,2014-11-17,development
11812,2112700370,2014-08-13,development
11813,4397010350,2015-01-26,development
11814,4364700885,2014-09-12,development
11815,1498301672,2015-03-30,test
11816,3992700326,2014-08-22,development
11817,5438000060,2014-11-03,development
11818,9550200370,2014-05-20,development
11819,3977630270,2014-11-13,development
11820,0475001000,2015-04-06,test
11821,3426059050,2014-05-20,development
11822,4137000070,2015-04-10,test
11823,2759500105,2014-07-30,development
11824,4137010310,2014-08-22,development
11825,5616000030,2014-10-23,development
11826,9266700295,2014-10-24,development
11827,9828200187,2015-04-29,test
11828,6061400160,2014-09-18,development
11829,4139420640,2014-10-30,development
11830,4022900197,2014-08-08,development
11831,3221069035,2014-06-20,development
11832,2591730200,2014-07-17,development
11833,9165100260,2014-05-13,development
11834,5201810060,2014-08-07,development
11835,5499200060,2015-04-03,test
11836,1568100060,2014-09-10,development
11837,4139910160,2015-04-01,test
11838,6743700060,2014-07-14,development
11839,7258200060,2014-12-29,development
11840,5127000810,2014-05-14,development
11841,2011400520,2014-06-19,development
11842,1953400510,2014-06-23,development
11843,2450500060,2014-08-26,development
11844,2623039082,2015-02-18,development
11845,3204400030,2014-07-02,development
11846,2473370890,2014-09-15,development
11847,3343901401,2014-07-18,development
11848,4376700030,2014-06-04,development
11849,1072000400,2014-10-23,development
11850,2193330030,2014-11-18,development
11851,4083300070,2014-05-12,development
11852,2241700075,2014-10-22,development
11853,9250900111,2015-03-12,test
11854,9412700160,2014-08-14,development
11855,1118001360,2015-02-18,development
11856,4383500030,2014-09-24,development
11857,2558630060,2014-05-30,development
11858,1150000400,2014-07-21,development
11859,5244801275,2014-11-21,development
11860,1839920160,2014-07-14,development
11861,9834200030,2015-04-14,test
11862,3288200710,2014-05-27,development
11863,3904980320,2014-09-23,development
11864,2927600435,2015-04-02,test
11865,1321740260,2014-10-15,development
11866,7809200055,2014-06-18,development
11867,3298700671,2014-07-31,development
11868,1231000640,2014-09-11,development
11869,1498303905,2015-04-02,test
11870,7491010060,2014-10-22,development
11871,8835800350,2015-01-12,development
11872,8856960260,2014-05-21,development
11873,1088810160,2014-12-24,development
11874,3931900510,2014-08-29,development
11875,9567800435,2015-05-13,test
11876,2806000560,2014-07-22,development
11877,2473101360,2014-07-11,development
11878,2288900140,2014-12-18,development
11879,9320990140,2015-04-22,test
11880,8731982050,2015-04-23,test
11881,0705700240,2015-02-18,development
11882,4335000030,2014-06-25,development
11883,2806300070,2014-05-21,development
11884,5631501323,2014-08-05,development
11885,3738900105,2014-07-23,development
11886,2781270400,2015-03-16,test
11887,3336001360,2014-08-26,development
11888,2464400435,2015-04-20,test
11889,2025049114,2014-05-29,development
11890,1523089012,2014-11-20,development
11891,7305300695,2014-05-02,development
11892,9269200340,2015-04-23,test
11893,1402100070,2014-08-01,development
11894,2998300060,2014-08-06,development
11895,8113101000,2014-07-22,development
11896,1388600070,2014-11-24,development
11897,8944600060,2015-04-20,test
11898,8860310240,2014-12-17,development
11899,8016250060,2014-06-05,development
11900,2061800045,2015-01-22,development
11901,2652500070,2014-05-08,development
11902,3622069114,2014-09-09,development
11903,4438000075,2015-03-18,test
11904,2776600002,2015-04-22,test
11905,0241900060,2014-06-26,development
11906,5151800045,2014-08-22,development
11907,3221059036,2014-05-02,development
11908,7504020960,2015-01-07,development
11909,1924059319,2015-03-20,test
11910,4067600160,2015-04-02,test
11911,9828700685,2015-05-13,test
11912,4307330070,2014-07-17,development
11913,6822100310,2014-11-03,development
11914,3295900520,2014-11-07,development
11915,1773100310,2015-04-23,test
11916,9407000990,2014-10-10,development
11917,1472800160,2015-02-18,development
11918,7787110370,2014-10-27,development
11919,3041700570,2014-06-05,development
11920,3999200310,2014-09-17,development
11921,1931300955,2014-11-26,development
11922,2591720160,2015-05-01,test
11923,8691510310,2015-04-29,test
11924,9831200520,2014-10-06,development
11925,8123710070,2014-12-05,development
11926,7852170370,2014-05-16,development
11927,3528000310,2015-04-27,test
11928,6403500570,2014-06-12,development
11929,6021501420,2014-08-25,development
11930,0723069128,2014-05-14,development
11931,3329530030,2015-03-04,development
11932,0723049326,2014-12-08,development
11933,7215721070,2014-09-29,development
11934,3179101580,2014-05-28,development
11935,2025700270,2015-01-22,development
11936,8691300260,2015-04-13,test
11937,5112800060,2014-06-06,development
11938,2112700240,2014-05-20,development
11939,8732190990,2014-07-09,development
11940,0537000416,2015-04-29,test
11941,3761700251,2014-05-28,development
11942,0625100181,2014-05-08,development
11943,7202261260,2014-11-17,development
11944,7856410030,2014-05-05,development
11945,8128600060,2014-06-24,development
11946,1775800860,2015-04-28,test
11947,3303980140,2015-04-02,test
11948,4206901200,2014-08-25,development
11949,0011500240,2015-04-28,test
11950,6383500295,2014-08-15,development
11951,7849202220,2014-07-17,development
11952,2260300060,2015-04-10,test
11953,7701950060,2014-07-29,development
11954,5153200486,2014-07-15,development
11955,0205000310,2014-06-24,development
11956,0920069053,2014-09-17,development
11957,6141100445,2015-01-07,development
11958,8809200070,2015-04-08,test
11959,3905080310,2014-08-06,development
11960,0393000311,2015-02-25,development
11961,3127200036,2014-07-28,development
11962,0123039128,2014-09-04,development
11963,2896310160,2014-08-22,development
11964,5272200045,2014-11-13,development
11965,9211500520,2014-06-18,development
11966,3589500260,2014-11-11,development
11967,3330500335,2015-04-22,test
11968,9445300045,2014-06-09,development
11969,0114100354,2014-12-12,development
11970,1775920340,2015-01-26,development
11971,8946700140,2014-11-21,development
11972,8651610240,2014-11-19,development
11973,1237500105,2014-11-13,development
11974,9151600106,2015-05-12,test
11975,1118000340,2015-04-08,test
11976,7853230570,2014-09-15,development
11977,4353700200,2014-12-03,development
11978,7228501805,2014-09-24,development
11979,9541800075,2014-09-08,development
11980,3425069083,2014-06-25,development
11981,7613700270,2014-09-16,development
11982,6882200140,2014-09-30,development
11983,2473380400,2014-05-19,development
11984,3579000370,2015-03-20,test
11985,2623029078,2014-06-03,development
11986,3124049196,2014-11-07,development
11987,3374500240,2014-12-17,development
11988,8911000445,2014-11-12,development
11989,1066100260,2014-06-20,development
11990,7205850030,2014-05-09,development
11991,1330910370,2014-10-20,development
11992,0011520370,2014-12-29,development
11993,3327000070,2015-04-20,test
11994,2594200350,2015-03-04,development
11995,2724049185,2015-03-25,test
11996,3123800125,2014-11-21,development
11997,3298200320,2014-06-24,development
11998,2068000270,2014-08-05,development
11999,7732500700,2014-11-26,development
12000,7851990240,2014-07-17,development
12001,3423049269,2014-05-13,development
12002,7852150200,2014-09-23,development
12003,7853230270,2014-08-04,development
12004,1965200075,2015-03-16,test
12005,1959700445,2014-07-25,development
12006,1250200765,2014-07-14,development
12007,3275300270,2014-07-08,development
12008,7548300751,2015-04-30,test
12009,9526600260,2014-07-29,development
12010,2880100240,2014-08-25,development
12011,5253300320,2014-11-03,development
12012,2291400566,2014-08-07,development
12013,0103400160,2014-05-15,development
12014,1951600240,2014-12-08,development
12015,0224069129,2015-02-25,development
12016,5608000860,2014-09-26,development
12017,0424069271,2014-10-24,development
12018,8964800390,2014-05-08,development
12019,7533800885,2014-10-27,development
12020,2312400200,2015-01-02,development
12021,3226049267,2015-04-25,test
12022,7852130640,2014-06-02,development
12023,9530101535,2015-03-27,test
12024,6822100030,2014-05-28,development
12025,1090000036,2014-12-23,development
12026,6619910260,2015-04-07,test
12027,0342000036,2014-07-02,development
12028,3448002267,2015-04-28,test
12029,7974200765,2014-09-02,development
12030,7230400400,2014-09-26,purged
12031,7230400400,2015-03-26,test
12032,2028700575,2014-11-13,development
12033,4232400400,2014-09-29,development
12034,0792500260,2014-07-15,development
12035,2493200370,2014-11-12,development
12036,0844001052,2015-01-28,development
12037,7696610240,2014-12-10,development
12038,3630110370,2014-06-24,development
12039,1217000270,2014-09-16,development
12040,9441300030,2015-04-10,test
12041,2991000160,2014-12-12,development
12042,6641020160,2014-05-06,development
12043,2998300075,2015-01-27,development
12044,5456000570,2014-12-30,development
12045,7784400070,2014-07-22,development
12046,2781250400,2014-10-08,development
12047,3821400200,2014-10-06,development
12048,3580900200,2014-06-17,development
12049,5466750140,2015-04-27,test
12050,8122100160,2014-10-23,development
12051,9523102447,2014-11-17,development
12052,7234601525,2014-05-19,development
12053,6071300160,2014-08-22,development
12054,8044200200,2015-02-26,development
12055,8563050350,2015-03-06,development
12056,1282300105,2014-06-04,development
12057,3374300030,2015-05-05,test
12058,9232900075,2014-10-21,development
12059,0952000640,2014-10-27,development
12060,7334600030,2014-10-14,development
12061,0200500700,2014-06-12,development
12062,0011200400,2014-09-23,development
12063,1139000135,2014-10-09,development
12064,7468900270,2014-07-29,development
12065,1036400200,2015-02-13,purged
12066,1036400200,2015-04-29,test
12067,3622900200,2014-06-27,development
12068,6884800262,2014-09-20,development
12069,7950302255,2015-03-24,test
12070,3524039196,2014-11-12,development
12071,2064800830,2015-03-20,test
12072,1861400116,2015-01-16,development
12073,7129302685,2014-09-11,development
12074,4046600070,2014-06-19,development
12075,8655900162,2015-02-19,development
12076,2193310320,2015-03-06,development
12077,5417600200,2014-07-28,development
12078,4178900070,2015-03-25,test
12079,2115720070,2014-11-25,development
12080,3211100990,2014-10-20,development
12081,5288200260,2014-09-03,development
12082,1771110070,2015-02-18,development
12083,0274000070,2015-04-01,test
12084,2816900030,2014-12-18,development
12085,0304100070,2014-11-18,development
12086,3876200350,2014-08-14,development
12087,7806210070,2015-02-11,development
12088,5437600140,2015-01-10,development
12089,1796360370,2015-03-25,test
12090,1428001160,2015-04-20,test
12091,1233100260,2014-11-14,development
12092,8835220200,2015-02-02,development
12093,2023039045,2014-11-03,development
12094,7504400400,2014-10-29,development
12095,1432900310,2015-04-24,test
12096,9541600295,2015-04-24,test
12097,2914700310,2014-09-22,development
12098,7972604355,2014-05-21,development
12099,2423069084,2015-03-03,development
12100,8655000070,2014-06-01,development
12101,8165501620,2014-12-18,development
12102,8682281480,2014-07-25,development
12103,1137610140,2014-06-10,development
12104,4232900310,2014-10-29,development
12105,0324000370,2014-07-21,development
12106,3822200036,2014-06-24,development
12107,3876100310,2014-07-11,development
12108,8024201525,2015-03-17,test
12109,4024101670,2014-12-04,development
12110,3124049171,2015-03-24,test
12111,2310100240,2014-12-18,development
12112,8021700030,2014-06-04,development
12113,3861500340,2014-06-26,development
12114,1823069046,2015-04-20,test
12115,6070500055,2014-05-06,development
12116,0520069032,2014-07-16,development
12117,4154303655,2014-12-11,development
12118,3876800710,2015-04-14,test
12119,0259000240,2014-06-17,development
12120,1822069041,2014-11-13,development
12121,7520000695,2014-11-04,purged
12122,7520000695,2015-04-21,test
12123,2141330700,2014-05-22,development
12124,3123039082,2014-10-06,development
12125,7215420370,2015-04-07,test
12126,1311000270,2015-04-16,test
12127,7334500800,2015-01-23,development
12128,2832100270,2015-05-07,test
12129,3022079094,2014-10-06,development
12130,2436200320,2015-04-21,test
12131,1042500013,2014-05-20,development
12132,3897100060,2014-07-23,development
12133,3188100105,2014-11-07,development
12134,2767604170,2015-04-06,test
12135,1773100765,2015-04-29,test
12136,1211000070,2014-09-21,development
12137,8920100041,2015-04-28,test
12138,0126059225,2014-08-06,development
12139,9286100320,2014-06-06,development
12140,4449800681,2014-06-23,development
12141,5505700030,2014-05-28,development
12142,3260590070,2014-08-01,development
12143,3211240370,2014-12-01,development
12144,8142000060,2015-03-13,test
12145,5595900316,2015-01-29,development
12146,4312700200,2014-08-20,development
12147,9407001600,2015-04-23,test
12148,5700001895,2015-03-02,development
12149,1424200070,2014-05-07,development
12150,1708400370,2014-06-26,development
12151,5457801925,2015-04-11,test
12152,2895600350,2014-11-03,development
12153,4036801070,2014-08-04,development
12154,0976000879,2015-04-24,test
12155,7923100400,2015-01-30,development
12156,7129304200,2014-12-22,development
12157,2225069062,2015-04-15,test
12158,3343903240,2014-07-22,development
12159,5095401360,2014-11-21,development
12160,2547200160,2015-02-12,development
12161,0124069032,2014-05-05,development
12162,7300400320,2015-04-24,test
12163,7212660560,2014-08-26,development
12164,3343902650,2014-12-17,development
12165,3034200036,2015-04-24,test
12166,1498303855,2015-02-24,development
12167,1446404015,2014-06-20,development
12168,5467910140,2014-05-28,development
12169,2472920800,2015-04-23,test
12170,7147600070,2015-03-23,test
12171,3820350140,2014-08-27,development
12172,0520700125,2014-08-05,development
12173,3211200140,2014-07-10,development
12174,0250000320,2014-09-29,development
12175,6139800640,2015-02-24,development
12176,6699000710,2014-05-20,development
12177,7010700550,2014-11-14,development
12178,5506500070,2014-12-11,development
12179,3293700521,2015-04-14,test
12180,6929604005,2014-09-15,development
12181,3216900070,2014-06-17,development
12182,7922800160,2014-05-09,development
12183,6610000320,2014-09-10,development
12184,5561400140,2014-05-21,development
12185,7686202065,2014-07-23,development
12186,4107100204,2014-08-21,development
12187,7214810510,2015-04-08,test
12188,5350201180,2014-07-20,development
12189,8148600055,2014-05-13,development
12190,0226039270,2014-12-01,development
12191,1220069035,2014-11-20,development
12192,7466900320,2015-03-04,development
12193,8078430030,2014-07-16,development
12194,9523100550,2014-10-03,development
12195,8961970510,2014-05-06,development
12196,3574800810,2015-04-03,test
12197,7732410390,2014-06-05,development
12198,7697870700,2014-11-14,development
12199,9275702405,2015-01-14,development
12200,1370804461,2015-03-10,test
12201,4310702440,2014-10-14,development
12202,3935900030,2014-07-30,development
12203,6385800030,2015-04-22,test
12204,1193000390,2014-06-20,development
12205,8605900060,2014-06-03,development
12206,3964400160,2014-11-18,development
12207,1455600045,2014-09-15,development
12208,4031000520,2014-07-08,development
12209,4031000520,2014-11-25,development
12210,3299610240,2015-04-29,test
12211,1727850350,2014-11-12,development
12212,5416510990,2014-09-10,development
12213,4154303215,2014-08-28,development
12214,0421000465,2014-06-17,development
12215,9164100105,2015-03-10,test
12216,6300000320,2014-08-21,development
12217,0824059324,2015-03-25,test
12218,0259900320,2014-07-17,development
12219,7888200140,2014-06-04,development
12220,7852130550,2014-09-16,development
12221,2824089053,2015-01-27,development
12222,3935900350,2015-02-22,development
12223,5347200162,2014-05-28,development
12224,1953400520,2014-11-14,development
12225,1251200045,2014-06-20,development
12226,1858600012,2014-06-05,development
12227,4307310400,2015-04-09,test
12228,6708200320,2014-09-29,development
12229,1473060030,2014-07-09,development
12230,6163901382,2014-05-15,development
12231,0617000030,2014-12-23,development
12232,2887700875,2014-07-23,development
12233,9465910030,2014-05-15,development
12234,6918710340,2014-08-22,development
12235,0629810560,2014-12-17,development
12236,1025039320,2015-04-27,test
12237,3575200030,2014-07-29,development
12238,3298701070,2015-02-25,development
12239,7852011040,2014-05-21,development
12240,1705400350,2015-01-27,development
12241,7682200320,2015-04-09,test
12242,3814701090,2014-08-06,development
12243,8099800340,2014-12-24,development
12244,5418200340,2014-10-13,development
12245,2767601805,2015-02-13,development
12246,8682280340,2015-04-30,test
12247,1432900030,2014-11-21,development
12248,1546600125,2014-07-03,development
12249,7560000070,2014-06-10,development
12250,2130200160,2014-06-09,development
12251,9238430140,2014-07-25,development
12252,7116000350,2014-07-18,development
12253,4039500390,2014-10-17,development
12254,8031700186,2014-07-26,development
12255,7625702505,2015-03-06,development
12256,7511000140,2014-08-08,development
12257,3191000030,2014-06-19,development
12258,6150700394,2014-05-06,development
12259,1786640030,2015-02-02,development
12260,7708200400,2014-09-29,development
12261,4406000390,2014-05-21,development
12262,1926059094,2014-08-12,development
12263,9413500350,2014-07-07,development
12264,7853240310,2015-03-18,test
12265,5152800030,2015-04-21,test
12266,1775950030,2014-08-12,development
12267,4221250320,2014-10-17,development
12268,6749700117,2015-04-23,test
12269,0290000075,2015-02-25,development
12270,1842100160,2014-07-31,development
12271,4365200055,2014-12-05,development
12272,3644100030,2015-02-09,development
12273,3220079017,2015-02-13,development
12274,8121200710,2015-01-23,development
12275,3574801740,2014-07-28,development
12276,0644000102,2015-04-13,test
12277,5315100784,2015-04-24,test
12278,9578200030,2014-07-28,development
12279,2313900810,2015-04-02,test
12280,1623300055,2015-03-23,test
12281,9191200435,2014-11-13,development
12282,2591020560,2014-07-02,development
12283,1923000260,2014-10-15,development
12284,2193300390,2014-09-23,development
12285,7016200030,2015-03-20,test
12286,0727500030,2014-07-15,development
12287,1651800030,2014-08-29,development
12288,0623049094,2014-05-16,development
12289,2538800030,2015-02-17,development
12290,7714000310,2014-07-19,development
12291,0254000075,2014-05-19,development
12292,1257201375,2014-12-02,development
12293,8856004582,2014-07-17,development
12294,3205400240,2014-05-13,development
12295,3738000070,2015-03-09,development
12296,8856001090,2015-01-30,development
12297,3224500240,2014-06-17,development
12298,4139460390,2014-06-20,development
12299,3531900060,2014-08-02,development
12300,4457300135,2014-11-05,development
12301,8682292090,2014-07-09,development
12302,7278700069,2014-05-21,development
12303,5710610800,2014-07-02,development
12304,8651443420,2014-10-17,development
12305,7751800070,2014-08-04,development
12306,2570600140,2015-01-28,development
12307,1565950260,2014-05-15,development
12308,7550801170,2014-12-11,development
12309,6648701740,2015-02-20,development
12310,7529500030,2014-09-09,development
12311,9523102420,2014-09-22,development
12312,7283900521,2015-04-20,test
12313,7519001275,2015-03-01,development
12314,1432900350,2014-12-17,development
12315,1924059248,2014-06-02,development
12316,6649500060,2014-07-29,development
12317,2254501342,2015-05-05,test
12318,2025700260,2015-03-25,test
12319,2386000070,2014-10-29,development
12320,2206500105,2014-08-18,development
12321,1953400045,2015-04-23,test
12322,3996900575,2014-10-07,development
12323,0869700350,2015-04-29,test
12324,7387500335,2014-12-19,development
12325,6795100563,2014-07-01,development
12326,8001470560,2014-11-17,development
12327,4140100200,2014-08-08,development
12328,7212650510,2015-04-03,test
12329,0686800070,2014-06-10,development
12330,5126900200,2015-04-29,test
12331,6329000070,2014-10-15,development
12332,5430300171,2014-07-03,development
12333,5430300171,2015-01-29,development
12334,2742100016,2015-04-16,test
12335,1324079082,2014-11-17,development
12336,1422200496,2014-09-24,development
12337,3754500566,2014-11-20,development
12338,5132000140,2014-06-18,development
12339,5132000140,2015-01-20,development
12340,6131600240,2014-11-19,development
12341,2768000295,2015-04-17,test
12342,4046600320,2014-08-26,development
12343,1598600320,2015-04-16,test
12344,4140900270,2015-04-27,test
12345,5104510060,2014-12-15,development
12346,3578400710,2015-02-06,development
12347,4036400030,2015-03-05,development
12348,6084200060,2015-03-13,test
12349,1251200055,2014-06-26,development
12350,8964800860,2015-02-09,development
12351,9551200270,2014-08-25,development
12352,3226059128,2014-06-18,development
12353,3438500798,2014-07-15,development
12354,9286100200,2014-08-13,development
12355,5151600390,2014-11-13,development
12356,4172100240,2014-09-02,development
12357,5422560830,2015-04-13,test
12358,5104520640,2015-02-20,development
12359,8078550320,2015-03-26,test
12360,8099600160,2015-04-29,test
12361,7287700059,2014-08-13,development
12362,8862000075,2015-02-20,development
12363,8887001625,2015-04-10,test
12364,9464700340,2014-07-08,development
12365,5451300117,2015-04-22,test
12366,0587550340,2014-05-02,development
12367,2591820070,2015-04-28,test
12368,6679000960,2014-11-16,development
12369,9138100350,2015-02-18,development
12370,6065300370,2015-05-06,test
12371,5315100393,2014-12-11,development
12372,5244800695,2014-06-16,development
12373,3584000400,2014-12-11,development
12374,6746701090,2014-06-19,development
12375,2421059017,2014-05-23,development
12376,4053200926,2014-12-05,development
12377,7899800045,2014-08-28,development
12378,7899800045,2014-12-02,development
12379,9482700075,2015-01-12,development
12380,6300000368,2015-03-27,test
12381,5135000160,2014-06-12,development
12382,1022069050,2015-02-27,development
12383,2599000370,2014-11-03,development
12384,2652500126,2015-02-17,development
12385,2923500550,2014-06-25,development
12386,3760100200,2014-10-06,development
12387,1226069045,2014-08-27,development
12388,3935900232,2014-09-29,development
12389,3935900232,2015-01-12,development
12390,0224069105,2015-04-10,test
12391,8087800400,2014-12-01,development
12392,0723049301,2014-08-13,development
12393,4136920030,2014-05-24,development
12394,7686203385,2015-03-26,test
12395,7922710520,2015-05-07,test
12396,0824059293,2014-10-28,development
12397,3959400335,2015-04-23,test
12398,6072760390,2015-04-07,test
12399,2787700030,2014-10-10,development
12400,6446200060,2015-04-01,test
12401,1545800710,2014-05-23,development
12402,3522059196,2014-06-27,development
12403,4365200186,2014-06-06,development
12404,2064800890,2015-04-15,test
12405,9268710390,2014-11-13,development
12406,2273600260,2015-04-03,test
12407,9206950200,2015-03-10,test
12408,2291400341,2015-02-03,development
12409,1311400350,2014-10-09,development
12410,0191100810,2014-08-11,development
12411,7895500550,2015-03-19,test
12412,9221400335,2014-10-01,development
12413,6087100070,2014-05-23,development
12414,3052700695,2014-05-07,development
12415,6150200435,2014-05-13,development
12416,5423040140,2015-04-02,test
12417,0123039336,2014-06-11,development
12418,0123039336,2014-12-08,development
12419,1446401290,2014-10-30,development
12420,8010100135,2014-10-30,development
12421,8899000140,2014-08-28,development
12422,2172000570,2014-06-24,development
12423,1471701200,2014-10-22,development
12424,9808700370,2014-06-23,development
12425,0904000045,2014-06-23,development
12426,7680400140,2014-06-26,development
12427,3291800140,2014-11-07,development
12428,3624039074,2015-05-04,test
12429,0098001070,2014-08-18,development
12430,5100402767,2014-10-14,development
12431,2826049070,2015-02-25,development
12432,9414610240,2015-03-10,test
12433,4019301160,2014-06-27,development
12434,1217000340,2014-06-06,development
12435,1217000340,2015-02-19,development
12436,8081650400,2014-06-24,development
12437,9465910310,2014-09-19,development
12438,9468200163,2014-07-09,development
12439,0305000310,2015-04-21,test
12440,2624049035,2014-06-17,development
12441,8098400135,2014-05-13,development
12442,2291400342,2014-10-22,development
12443,4051110240,2014-08-25,development
12444,3024059078,2014-06-05,development
12445,3182100105,2014-12-09,development
12446,6705850140,2014-10-09,development
12447,8651442440,2014-10-23,development
12448,3432500765,2014-06-12,development
12449,3905100310,2014-06-25,development
12450,1328330510,2014-09-09,development
12451,4017050260,2014-06-06,development
12452,2323069053,2015-04-17,test
12453,4022900951,2015-04-02,test
12454,6450304630,2014-12-01,development
12455,3303960060,2014-06-19,development
12456,0993001342,2014-08-08,development
12457,6743700030,2015-04-01,test
12458,6696800030,2014-09-23,development
12459,4114601580,2014-07-24,development
12460,2025079045,2014-06-23,development
12461,0182000350,2015-03-25,test
12462,8082400136,2014-06-26,development
12463,6352600350,2014-12-09,development
12464,9414610070,2015-01-30,development
12465,7812801125,2015-01-12,development
12466,1121039105,2014-12-03,development
12467,3591000030,2014-08-23,development
12468,2386000240,2014-09-29,development
12469,4254000060,2014-10-02,development
12470,6623400193,2014-09-03,development
12471,8944550140,2014-05-19,development
12472,2730500140,2015-04-23,test
12473,5490210510,2014-09-22,development
12474,8718500560,2014-06-27,development
12475,8651520160,2014-07-07,development
12476,2868900160,2014-10-02,development
12477,8062900030,2014-07-15,development
12478,3336000626,2015-04-16,test
12479,3226059083,2014-06-26,development
12480,7212660960,2014-08-14,development
12481,1180007375,2015-05-12,test
12482,1150900060,2014-10-30,development
12483,9528102110,2014-09-17,development
12484,1172000150,2014-08-29,development
12485,1523049115,2014-10-21,development
12486,4222310410,2014-09-29,development
12487,2568300210,2014-06-28,development
12488,3131201320,2014-08-22,development
12489,1982201255,2014-11-14,development
12490,0125039025,2014-06-11,development
12491,5379805121,2014-12-29,development
12492,7853302520,2015-02-06,development
12493,1921069101,2015-05-08,test
12494,9276202160,2014-11-26,development
12495,4037500230,2014-10-07,development
12496,1982201345,2014-05-02,development
12497,5469500180,2015-02-06,development
12498,1088810040,2015-03-20,test
12499,2117700085,2014-07-30,development
12500,9211500730,2015-02-18,development
12501,4083801395,2014-07-24,development
12502,9274201006,2014-05-07,development
12503,7205800040,2014-12-23,development
12504,3276180210,2014-11-17,development
12505,3904900530,2014-06-13,development
12506,9560800040,2014-07-16,development
12507,5249801411,2014-10-10,development
12508,3750603492,2014-07-15,development
12509,0249000180,2014-12-01,development
12510,1796370180,2015-05-08,test
12511,6699940120,2015-04-30,test
12512,3830210230,2015-03-19,test
12513,9144100158,2014-12-29,development
12514,3332500636,2014-06-05,development
12515,5315100476,2014-10-10,development
12516,8682260610,2015-04-30,test
12517,5700004525,2014-06-24,development
12518,3303950220,2014-08-31,development
12519,7399800150,2014-06-06,development
12520,1454600256,2014-10-13,development
12521,0629000730,2014-05-28,development
12522,7520400040,2014-06-20,development
12523,2799800180,2015-03-23,test
12524,2025701530,2014-08-26,development
12525,1794501415,2014-05-28,development
12526,4038500330,2015-04-07,test
12527,9297301065,2014-10-29,development
12528,0985000833,2014-09-10,development
12529,3353400120,2014-07-01,development
12530,8860310120,2015-04-22,test
12531,9547200790,2014-09-17,development
12532,9136103026,2015-03-05,development
12533,5710600620,2015-04-29,test
12534,6003001999,2015-02-09,development
12535,0922059020,2014-07-16,development
12536,0644200065,2015-03-06,development
12537,6929602390,2014-08-26,development
12538,7399000230,2015-01-07,development
12539,3885805300,2015-04-29,test
12540,0200800330,2014-07-11,development
12541,6819100330,2015-02-20,development
12542,1338600175,2014-05-07,development
12543,8728100781,2014-05-16,development
12544,0871000515,2014-12-05,development
12545,6446200175,2014-09-16,development
12546,7889600230,2014-10-17,development
12547,2652500210,2014-08-25,development
12548,7302000210,2014-11-07,development
12549,6450301530,2014-10-16,development
12550,7905200230,2014-07-24,development
12551,1049010620,2014-05-13,development
12552,9284802825,2014-07-24,development
12553,3782100145,2014-05-12,development
12554,8731951490,2014-05-07,development
12555,9202650210,2014-05-07,development
12556,2473450870,2014-10-06,development
12557,2899200040,2014-07-15,development
12558,2644900149,2014-12-18,development
12559,0952005000,2014-08-15,development
12560,7298030210,2014-12-23,development
12561,3760500730,2014-07-28,development
12562,1562000120,2014-05-12,development
12563,9290850760,2014-10-28,development
12564,0272000220,2014-09-23,development
12565,0418000145,2015-04-28,test
12566,3560800040,2014-10-28,development
12567,1139000035,2015-03-05,development
12568,6681500150,2015-04-23,test
12569,2330000035,2014-08-20,development
12570,3095000040,2014-10-16,development
12571,3343300065,2014-09-02,development
12572,0375000230,2014-06-26,development
12573,7663700772,2015-02-18,development
12574,0302000065,2015-01-29,development
12575,6134500220,2014-07-28,development
12576,2787700580,2014-10-28,development
12577,2806300065,2015-04-22,test
12578,7866500035,2014-08-05,development
12579,7689600360,2014-06-13,development
12580,3541600210,2014-06-18,development
12581,6821600065,2014-10-30,development
12582,7625703405,2014-09-10,development
12583,6979900360,2014-07-09,development
12584,6072100790,2015-04-08,test
12585,4113800410,2014-06-03,development
12586,4139450760,2014-12-15,development
12587,8682220150,2014-06-06,development
12588,2325039057,2014-07-28,development
12589,2459900040,2014-07-17,development
12590,6819100150,2014-07-21,development
12591,7922900040,2014-05-22,development
12592,0430000035,2014-07-05,development
12593,7853301520,2014-09-03,development
12594,1623049133,2014-07-29,development
12595,4024101451,2015-04-30,test
12596,3211100730,2014-08-04,development
12597,9542840410,2014-11-08,development
12598,6648500580,2015-04-21,test
12599,8665900206,2015-04-23,test
12600,3025079003,2015-03-25,test
12601,2377000040,2014-12-18,development
12602,9315100210,2015-02-17,development
12603,4046500720,2014-11-07,development
12604,8956000120,2014-06-14,development
12605,2862100366,2014-10-15,development
12606,1402660150,2014-12-03,development
12607,7853310450,2014-06-06,development
12608,3812400455,2014-11-04,development
12609,0269000970,2015-04-02,test
12610,1788800910,2014-10-20,development
12611,8820902700,2015-04-22,test
12612,8945300040,2014-09-19,development
12613,3225069241,2015-04-22,test
12614,7202430150,2014-07-09,development
12615,2070100040,2014-12-01,development
12616,1139000620,2014-10-08,development
12617,0976000790,2014-10-20,development
12618,6617500085,2015-04-22,test
12619,6163900971,2014-06-19,development
12620,7135521530,2014-10-28,development
12621,4036800925,2014-06-24,development
12622,6751300065,2014-05-06,development
12623,7192200040,2014-10-01,development
12624,3629970610,2014-07-18,development
12625,3797310230,2015-05-07,test
12626,2781270210,2015-02-24,development
12627,1330900230,2015-04-16,test
12628,8917100206,2014-07-18,development
12629,1219000120,2015-04-02,test
12630,0522059158,2014-06-16,development
12631,0526059122,2014-12-05,development
12632,0293620180,2015-03-31,test
12633,0945000410,2015-03-13,test
12634,0226059106,2015-01-02,development
12635,4166600610,2015-05-14,test
12636,8854100220,2014-12-05,development
12637,5249804655,2014-10-17,development
12638,2220069203,2014-09-08,development
12639,3298200790,2014-08-12,development
12640,4038400040,2014-11-24,development
12641,7215730730,2015-01-28,development
12642,3126049107,2015-05-03,test
12643,3110800040,2014-07-16,development
12644,2608300035,2014-05-27,development
12645,7217400650,2015-04-24,test
12646,0924069106,2015-03-13,test
12647,2310050040,2015-04-01,test
12648,7490000040,2014-07-18,development
12649,6675500133,2014-08-22,development
12650,0809001520,2014-11-05,development
12651,1424200035,2014-05-23,development
12652,5641300220,2014-08-28,development
12653,7849202299,2015-02-18,development
12654,8682292020,2014-09-15,development
12655,1604590230,2015-04-24,test
12656,2856101540,2014-12-11,development
12657,1336300610,2015-04-02,test
12658,3819500065,2014-10-28,development
12659,2329600040,2014-11-18,development
12660,4440900040,2014-05-05,development
12661,7202260330,2014-05-09,development
12662,0425000230,2014-12-30,development
12663,5466400530,2014-07-21,development
12664,6600490220,2014-10-14,development
12665,2156500220,2014-09-23,development
12666,9438300035,2014-08-27,development
12667,4036800770,2014-09-17,development
12668,4006000281,2014-07-29,development
12669,0619079061,2014-06-19,development
12670,3586501135,2014-06-06,development
12671,8819900220,2015-02-05,development
12672,1775801020,2014-11-24,development
12673,3758900150,2014-08-26,development
12674,1954420230,2015-03-10,test
12675,4307320230,2014-10-14,development
12676,7856620910,2015-04-14,test
12677,1624079021,2015-03-13,test
12678,4123800330,2015-05-01,test
12679,7186800120,2015-03-11,test
12680,0925069123,2015-03-18,test
12681,5422420120,2014-07-17,development
12682,5460500040,2015-04-21,test
12683,5113400264,2014-11-19,development
12684,1828000230,2014-07-14,development
12685,6415100331,2014-09-21,development
12686,7686205370,2014-11-24,development
12687,8092501400,2015-03-18,test
12688,0643300210,2015-02-10,development
12689,7550801225,2014-06-27,development
12690,4078300040,2015-02-24,development
12691,4036100175,2015-02-19,development
12692,1036700220,2014-11-10,development
12693,1644500450,2014-05-07,development
12694,6326000205,2014-08-12,development
12695,3375300150,2014-12-18,development
12696,2344300220,2014-07-14,development
12697,0203101065,2014-05-28,development
12698,5083100065,2014-09-16,development
12699,1545804240,2015-04-02,test
12700,2329720040,2014-06-30,development
12701,7551300065,2014-06-09,development
12702,4321200580,2015-01-25,development
12703,9164100040,2014-10-26,development
12704,7922750150,2014-09-17,development
12705,2804600155,2015-05-07,test
12706,5101402296,2014-09-25,development
12707,8019200845,2015-02-18,development
12708,9286100150,2014-08-11,development
12709,3727800065,2014-11-13,development
12710,7657000085,2015-02-02,development
12711,7954300120,2014-08-22,development
12712,0686400040,2015-04-10,test
12713,0853200040,2015-04-28,test
12714,7857003046,2015-05-06,test
12715,5014000085,2014-06-23,development
12716,2205500355,2014-10-21,development
12717,2595650220,2015-04-21,test
12718,7880010150,2014-06-23,development
12719,6386550040,2014-12-23,development
12720,1355000220,2015-01-19,development
12721,6619900120,2014-12-08,development
12722,2132200230,2015-02-11,development
12723,2988800065,2014-12-02,development
12724,0013001215,2015-03-05,development
12725,0705700530,2014-07-30,development
12726,7230100120,2015-02-09,development
12727,9520900230,2014-12-17,development
12728,9828701085,2014-10-03,development
12729,1926049385,2014-07-29,development
12730,5680000455,2014-11-17,development
12731,0125039021,2014-09-24,development
12732,3241600150,2014-05-05,development
12733,1245003006,2014-11-10,development
12734,2789000120,2015-04-24,test
12735,6073300040,2015-01-06,development
12736,7663700531,2015-01-06,development
12737,0123059042,2015-04-23,test
12738,7149400450,2015-01-12,development
12739,9264911210,2015-02-26,development
12740,7853300650,2014-08-22,development
12741,6383000150,2014-08-06,development
12742,5560000650,2014-12-02,development
12743,5700002020,2014-07-17,development
12744,2141310540,2015-05-06,test
12745,7247000035,2014-05-20,development
12746,4077800438,2014-12-31,development
12747,8821900155,2014-07-09,development
12748,1324039110,2014-11-26,development
12749,5566100205,2014-12-23,development
12750,7222000209,2014-05-21,development
12751,7867500021,2014-06-16,development
12752,8563010540,2014-09-04,development
12753,7349650120,2014-11-20,development
12754,0620069061,2015-05-07,test
12755,9269200540,2014-08-19,development
12756,1939000040,2014-08-20,development
12757,2767603026,2015-04-15,test
12758,9477920120,2015-02-12,development
12759,4037200530,2015-03-17,test
12760,8150600065,2014-09-24,development
12761,4046600120,2014-08-28,development
12762,8835220210,2015-04-17,test
12763,7696300180,2014-07-03,development
12764,6362900145,2015-02-03,development
12765,7663700968,2014-05-28,development
12766,6844700975,2015-04-14,test
12767,7853300720,2015-02-12,development
12768,4222200210,2014-05-22,development
12769,7518505040,2015-03-30,test
12770,6646200770,2014-07-24,development
12771,1262700040,2014-10-16,development
12772,6811000220,2015-02-04,development
12773,6979900330,2015-03-25,test
12774,0984200540,2015-01-14,development
12775,7812800155,2015-03-18,test
12776,7228500610,2015-03-30,test
12777,1225069038,2014-05-05,development
12778,5162100650,2014-09-22,development
12779,3904902510,2014-05-12,development
12780,0418000330,2014-08-08,development
12781,7689600330,2014-08-13,development
12782,2473370870,2015-04-16,test
12783,2023069054,2015-03-18,test
12784,0293800410,2014-09-24,development
12785,7752000065,2015-01-06,development
12786,0191100870,2014-08-05,development
12787,5347200220,2014-09-11,development
12788,7604400150,2015-04-23,test
12789,3024089057,2015-01-06,development
12790,2212901010,2015-04-06,test
12791,6414100482,2015-03-31,test
12792,9455200329,2014-11-04,development
12793,9536601996,2014-06-10,development
12794,1546600230,2014-08-18,development
12795,8691330330,2015-04-09,test
12796,7788400065,2015-03-15,test
12797,2771101251,2015-03-26,test
12798,4475000120,2015-02-02,development
12799,3905120540,2014-06-18,development
12800,8562890910,2014-06-19,development
12801,7701700040,2014-09-25,development
12802,7237300330,2015-03-12,test
12803,7883608693,2014-06-27,development
12804,4363700304,2014-08-04,development
12805,2768100040,2014-07-01,development
12806,7853220120,2015-04-16,test
12807,9547204675,2014-10-24,development
12808,7852150220,2014-06-03,development
12809,5089700720,2015-01-27,development
12810,3705900124,2015-02-20,development
12811,5425700150,2014-08-04,development
12812,6141100065,2014-12-18,development
12813,2726079098,2014-09-18,development
12814,3904960150,2015-04-23,test
12815,3298700156,2014-06-10,development
12816,5700000180,2014-12-08,development
12817,0646910620,2014-09-22,development
12818,2397100975,2015-02-20,development
12819,5365200040,2014-10-16,development
12820,4157600180,2015-02-23,development
12821,0723099044,2014-08-07,development
12822,3343300644,2015-05-11,test
12823,2870000040,2014-11-10,development
12824,0739000035,2015-01-16,development
12825,8118600155,2015-03-18,test
12826,3025059072,2014-07-25,development
12827,0524059241,2015-03-19,test
12828,2215900410,2015-05-08,test
12829,7215730410,2014-08-25,development
12830,3751600146,2014-10-23,development
12831,3461000120,2015-04-30,test
12832,9238500040,2014-06-24,development
12833,9238500040,2015-02-10,development
12834,3751604895,2014-06-05,development
12835,8961800035,2014-06-05,development
12836,1154100205,2014-10-13,development
12837,9274203036,2014-09-15,development
12838,3296000040,2014-09-23,development
12839,1421069123,2014-09-09,development
12840,1245500276,2014-09-09,development
12841,0263000325,2014-06-11,development
12842,8802400644,2015-05-05,test
12843,9826701345,2014-07-15,development
12844,3221059044,2014-05-23,development
12845,9430110120,2015-05-05,test
12846,0424069275,2014-12-26,development
12847,9485940330,2014-07-02,development
12848,2787460120,2014-05-16,development
12849,0293000180,2015-05-07,test
12850,7785000220,2014-10-13,development
12851,1523059183,2014-12-05,development
12852,9536601852,2015-03-17,test
12853,2591800530,2014-10-27,development
12854,1732800865,2014-10-02,development
12855,2525000760,2014-11-05,development
12856,0428100580,2014-07-16,development
12857,2143700676,2014-09-08,development
12858,2313900610,2015-04-28,test
12859,8946410040,2014-09-23,development
12860,3275730120,2014-08-18,development
12861,7334500120,2014-06-11,development
12862,5561401210,2015-01-08,development
12863,8651410330,2015-03-06,development
12864,4058801325,2014-05-22,development
12865,2817100910,2014-06-16,development
12866,8647800040,2015-03-25,test
12867,1138010180,2015-05-11,test
12868,4014400237,2014-05-23,development
12869,9358000650,2015-04-23,test
12870,6150200180,2014-07-21,development
12871,8146300180,2015-05-12,test
12872,2424049029,2014-05-29,development
12873,3352400905,2014-05-16,development
12874,0393000385,2014-12-15,development
12875,7417100133,2014-11-13,development
12876,3782100035,2014-08-13,development
12877,3905120330,2014-11-10,development
12878,9310300211,2014-11-14,development
12879,1868900035,2015-04-07,test
12880,3574801510,2014-08-13,development
12881,5102400035,2014-10-08,development
12882,2810100040,2014-05-07,development
12883,0785000040,2015-03-18,test
12884,3861470120,2014-11-26,development
12885,8813400155,2014-12-19,development
12886,0526059199,2014-10-22,development
12887,5126300770,2015-02-17,development
12888,2734100395,2015-05-13,test
12889,0795000865,2014-09-12,development
12890,3763300040,2014-10-27,development
12891,1777600880,2014-07-11,development
12892,3361401210,2014-12-31,development
12893,1431600180,2015-04-03,test
12894,7454001120,2014-12-12,development
12895,5561100180,2014-11-07,development
12896,8658303080,2014-12-23,development
12897,6795100589,2014-10-10,development
12898,3345100184,2014-10-20,development
12899,9284801165,2014-05-30,development
12900,7229100180,2015-03-23,test
12901,9808630120,2015-01-08,development
12902,2473411210,2015-01-22,development
12903,8029500180,2014-06-11,development
12904,3438503014,2014-10-20,development
12905,5100403882,2015-04-27,test
12906,6909200401,2014-09-08,development
12907,2113700360,2014-06-27,development
12908,2028701075,2014-07-16,development
12909,3755200220,2014-07-18,development
12910,2767800065,2015-01-29,development
12911,1136100087,2015-02-05,development
12912,3422059257,2014-08-28,development
12913,3438502083,2014-06-12,development
12914,0930000234,2015-04-21,test
12915,2475200330,2015-04-03,test
12916,6352600650,2015-04-02,test
12917,4415600040,2014-11-29,development
12918,7974700150,2015-05-01,test
12919,0820079043,2014-08-19,development
12920,8910500150,2014-05-29,development
12921,8910500150,2015-01-20,development
12922,1938400410,2015-03-10,test
12923,7338200180,2014-09-10,development
12924,3636800180,2015-01-23,development
12925,9545240180,2014-06-16,development
12926,3293700482,2015-01-14,development
12927,7968000120,2014-05-09,development
12928,7655900062,2014-07-28,development
12929,4321200970,2014-06-10,development
12930,8645540040,2014-07-25,development
12931,7504200120,2014-06-13,development
12932,3867400175,2015-02-24,development
12933,4022906222,2014-11-26,development
12934,7346600092,2014-07-30,development
12935,3222049044,2014-06-12,development
12936,1843100580,2014-09-03,development
12937,0393000142,2014-12-11,development
12938,3288200360,2015-03-26,test
12939,5379800040,2014-08-13,development
12940,6843600040,2014-07-02,development
12941,1091500120,2015-02-13,development
12942,7148200040,2015-02-10,development
12943,1623089025,2015-04-03,test
12944,3278600760,2014-07-29,development
12945,1226039054,2015-03-16,test
12946,0798000145,2014-09-24,development
12947,7905400040,2014-07-11,development
12948,3825310720,2015-04-21,test
12949,4137000540,2015-01-22,development
12950,0120059044,2015-02-17,development
12951,0420069021,2014-10-27,development
12952,0622100092,2014-07-16,development
12953,3876312620,2014-09-24,development
12954,3331001165,2014-09-26,development
12955,2019200220,2014-09-23,development
12956,2019200220,2015-02-26,development
12957,7956200220,2014-08-11,development
12958,6632900452,2014-12-05,development
12959,8165100035,2014-12-03,development
12960,9264930970,2015-03-11,test
12961,3344500085,2014-10-15,development
12962,3320000222,2014-08-27,development
12963,3375300210,2014-09-18,development
12964,5469500580,2015-02-03,development
12965,8146100610,2014-12-01,development
12966,3223059123,2014-06-30,development
12967,2325059101,2015-05-06,test
12968,9475710040,2014-08-20,development
12969,9310300175,2015-03-04,development
12970,8099900040,2014-11-11,development
12971,3224800120,2014-08-26,development
12972,4232903265,2014-09-18,development
12973,8861500065,2015-01-14,development
12974,3585300365,2014-09-24,development
12975,8019200360,2015-05-06,test
12976,2862100205,2014-09-30,development
12977,7420100040,2015-04-22,test
12978,0223039229,2014-09-02,development
12979,7967950040,2015-04-16,test
12980,1443500120,2015-04-07,test
12981,3920000040,2014-10-10,development
12982,0126059021,2015-04-02,test
12983,8106300970,2014-10-10,development
12984,9320900610,2014-12-31,development
12985,5647900650,2014-11-20,development
12986,1432701430,2014-09-10,development
12987,6632300477,2014-10-06,development
12988,9476200150,2015-04-16,test
12989,8029500450,2014-05-29,development
12990,9510320150,2014-12-02,development
12991,0415100085,2015-02-17,development
12992,8562850150,2014-05-23,development
12993,1951600150,2015-04-08,test
12994,6745700150,2014-07-10,development
12995,9211520410,2014-10-09,development
12996,3388000040,2014-08-19,development
12997,3566800040,2014-06-07,development
12998,4221250120,2014-08-27,development
12999,1402600040,2014-08-25,development
13000,2720000120,2014-11-04,development
13001,3359500665,2014-10-09,development
13002,7732650040,2014-09-03,development
13003,2874600040,2014-08-04,development
13004,6154900065,2014-10-30,development
13005,3491300180,2015-04-27,test
13006,0619079096,2015-04-06,test
13007,9264920620,2014-12-09,development
13008,7899800730,2015-03-24,test
13009,8944750730,2014-05-14,development
13010,2922703150,2015-03-04,development
13011,0293610040,2015-02-10,development
13012,7215720410,2015-04-15,test
13013,5550300175,2014-12-06,development
13014,1588600040,2015-02-06,development
13015,7819000040,2015-03-09,development
13016,1839920180,2015-03-18,test
13017,2560803085,2014-09-25,development
13018,6414100133,2014-05-22,development
13019,0164000174,2014-09-08,development
13020,1118001201,2015-01-30,development
13021,5104510720,2014-12-10,development
13022,3904910650,2015-03-16,test
13023,9211500620,2014-10-08,purged
13024,9211500620,2015-04-28,test
13025,6402710120,2014-05-05,development
13026,1245001739,2015-03-16,test
13027,6817850040,2014-11-11,development
13028,9839301165,2014-10-01,development
13029,1854900410,2014-11-01,development
13030,2787700180,2015-01-12,development
13031,1843130210,2014-10-15,development
13032,0205000450,2014-05-14,development
13033,3626039279,2014-08-05,development
13034,3126049261,2015-03-16,test
13035,8658303265,2014-11-06,development
13036,2421059009,2015-02-20,development
13037,3111300040,2014-08-01,development
13038,1770000330,2014-10-03,development
13039,4174600264,2014-08-01,development
13040,0822039025,2015-05-01,test
13041,9521101065,2015-03-23,test
13042,3244500158,2014-09-08,development
13043,3603000410,2014-12-08,development
13044,7548300441,2014-05-07,development
13045,3034200142,2014-09-23,development
13046,8651611590,2014-05-28,development
13047,2978800120,2014-06-18,development
13048,7011200515,2014-11-12,development
13049,7199340620,2014-06-04,development
13050,7291700065,2015-03-26,test
13051,2129700142,2014-07-31,development
13052,0318300040,2014-09-23,development
13053,5101400871,2015-05-24,test
13054,2561360120,2014-05-27,development
13055,0293800120,2015-04-30,test
13056,2595300155,2015-02-24,development
13057,2853600155,2014-09-15,development
13058,4365200555,2014-12-19,development
13059,2473100790,2014-07-18,development
13060,8019200925,2015-04-29,test
13061,6071600450,2014-11-20,development
13062,5249803036,2014-07-14,development
13063,3222069151,2014-11-10,development
13064,5561400610,2014-10-19,development
13065,5700000905,2014-08-16,development
13066,3362401935,2014-06-19,development
13067,2893000610,2014-06-24,development
13068,7856410411,2014-09-22,development
13069,8156600155,2014-06-11,development
13070,2560803248,2014-07-09,development
13071,1118001215,2015-02-04,development
13072,1437500035,2014-10-10,development
13073,2124049229,2015-03-02,development
13074,7129304225,2015-01-08,development
13075,7986400180,2014-07-10,development
13076,0809001970,2014-12-31,development
13077,7979900145,2015-02-05,development
13078,3299600040,2015-02-14,development
13079,8651730580,2015-03-30,test
13080,1250201175,2015-03-23,test
13081,8651510610,2014-06-26,development
13082,7017200120,2014-08-20,development
13083,9272201385,2014-10-22,development
13084,0518500210,2014-05-08,development
13085,3260000120,2015-02-09,development
13086,7504030220,2014-10-08,development
13087,7972601885,2015-04-30,test
13088,2331300395,2014-05-10,development
13089,2597710450,2015-03-04,development
13090,8122600145,2014-05-21,development
13091,0629000410,2015-02-17,development
13092,7202380120,2015-01-05,development
13093,2926049437,2014-10-14,development
13094,9550202700,2014-12-11,development
13095,1231000458,2014-07-20,development
13096,9485930120,2014-10-14,development
13097,7923100410,2014-10-09,development
13098,2571910210,2014-10-01,development
13099,3395800155,2014-08-05,development
13100,9558040230,2015-04-06,test
13101,7129302185,2014-12-15,development
13102,7841300230,2015-05-01,test
13103,2768300650,2014-12-01,development
13104,0546000865,2014-09-19,development
13105,7708300150,2014-11-18,development
13106,3709500180,2014-05-27,development
13107,9273200145,2014-10-10,development
13108,2025700730,2014-05-02,development
13109,2215500220,2014-09-23,development
13110,3758900220,2014-12-26,development
13111,7229900925,2014-10-10,development
13112,6632900084,2014-06-06,development
13113,7137300040,2015-05-04,test
13114,0222069029,2015-02-19,development
13115,7518503685,2014-10-09,development
13116,7701930180,2014-11-10,development
13117,5072420040,2014-09-10,development
13118,4058802300,2014-08-20,development
13119,5127100210,2015-03-25,test
13120,6453300306,2014-09-10,development
13121,4442800166,2015-04-07,test
13122,8078490330,2014-09-16,development
13123,2322069010,2014-10-07,development
13124,9558021010,2014-10-03,development
13125,6700390230,2015-05-05,test
13126,1841400150,2015-02-19,development
13127,6873000150,2014-12-08,development
13128,5710500230,2015-05-06,test
13129,9528102060,2014-07-30,development
13130,2490200450,2014-06-09,development
13131,4178500580,2015-05-05,test
13132,4325700085,2015-03-25,test
13133,5606000120,2015-02-25,development
13134,5451220150,2014-11-12,development
13135,7954300620,2015-04-13,test
13136,2591010040,2014-11-10,development
13137,3321079060,2014-10-20,development
13138,7229900145,2014-12-16,development
13139,5710610790,2014-05-16,development
13140,0937000220,2014-09-04,development
13141,7504001320,2014-11-21,development
13142,3832710450,2014-11-19,development
13143,8567450180,2014-05-29,development
13144,4443801590,2015-04-02,test
13145,7399200770,2014-12-09,development
13146,8562740530,2014-05-12,development
13147,5592900230,2014-12-24,development
13148,3693900155,2014-09-05,development
13149,3782100155,2014-05-27,development
13150,0104550580,2014-05-20,development
13151,4365200620,2015-03-12,test
13152,0226059161,2014-12-31,development
13153,5316100220,2015-03-19,test
13154,1387300760,2014-08-04,development
13155,2521059042,2014-11-07,development
13156,7974200902,2015-05-06,test
13157,0259600910,2014-11-10,development
13158,4375700065,2014-05-12,development
13159,2473100330,2014-09-23,development
13160,1523069095,2015-03-23,test
13161,5101402428,2014-11-12,development
13162,1072100085,2014-05-14,development
13163,9322800230,2014-12-12,development
13164,2695600455,2015-01-28,development
13165,8946400210,2014-06-03,development
13166,1523069197,2014-05-03,development
13167,8078420230,2014-05-30,development
13168,2723069052,2015-04-20,test
13169,9297300395,2014-05-27,development
13170,1428000970,2014-05-21,development
13171,1774000720,2014-06-20,development
13172,2826049106,2014-07-15,development
13173,2113700205,2014-07-03,development
13174,1036450360,2015-01-07,development
13175,0714000155,2014-12-22,development
13176,0686800065,2014-11-19,development
13177,5323100120,2014-09-16,development
13178,8658300455,2014-11-18,development
13179,2202500150,2014-08-19,development
13180,0258100040,2014-11-24,development
13181,4027700021,2015-03-11,test
13182,9828701747,2015-01-23,development
13183,1523049207,2014-08-05,development
13184,1523049207,2015-01-14,development
13185,2131701075,2014-12-04,development
13186,1794500870,2015-03-27,test
13187,6383000790,2015-01-22,development
13188,0723049448,2014-07-22,development
13189,5093300325,2014-05-23,development
13190,7547300120,2014-08-01,development
13191,2473000720,2014-07-17,development
13192,7697800040,2014-08-26,development
13193,1442860120,2014-12-05,development
13194,9542800610,2015-02-19,development
13195,6003501400,2015-02-26,development
13196,5493100366,2014-06-25,development
13197,6681500205,2015-05-04,test
13198,2594200230,2015-04-24,test
13199,0624110450,2015-02-25,development
13200,2768100180,2014-06-06,development
13201,9406700180,2015-04-16,test
13202,2122059077,2014-09-15,development
13203,0624110610,2014-05-15,development
13204,3575302245,2015-04-23,test
13205,2287600040,2014-07-11,development
13206,2026049183,2015-04-02,test
13207,0216500040,2015-02-26,development
13208,6705800040,2014-05-16,development
13209,9266701115,2014-08-08,development
13210,3811000180,2015-03-05,development
13211,1561900180,2015-03-11,test
13212,3432500760,2014-08-18,development
13213,7465900205,2014-10-24,development
13214,6629300120,2015-04-02,test
13215,3026059011,2014-08-13,development
13216,0822069029,2015-02-17,development
13217,9826701490,2015-02-25,development
13218,4137020360,2014-07-22,development
13219,1115700040,2014-12-01,development
13220,1061400180,2015-01-06,development
13221,0820079081,2014-09-11,development
13222,2524069072,2014-06-26,development
13223,9521101520,2014-12-12,development
13224,5016002240,2014-10-08,development
13225,0424069010,2014-07-21,development
13226,5104540610,2014-09-25,development
13227,8567300150,2014-10-31,development
13228,2976800749,2014-10-31,development
13229,7015200790,2014-06-24,development
13230,2770604104,2014-06-04,development
13231,1624049092,2014-06-30,development
13232,8078570410,2015-03-26,test
13233,7974200456,2014-12-01,development
13234,0752000035,2014-05-20,development
13235,3262300322,2015-04-08,test
13236,5412300410,2015-03-25,test
13237,4013200145,2014-11-07,development
13238,2623039018,2014-10-27,development
13239,8122100650,2014-07-31,development
13240,1005000220,2015-03-10,test
13241,1023089096,2014-08-08,development
13242,1392800035,2014-06-18,development
13243,1523069072,2014-07-23,development
13244,0519000043,2014-07-14,development
13245,0475000975,2014-05-22,development
13246,4142450040,2015-03-27,test
13247,2824059043,2014-07-22,development
13248,8558600085,2014-05-09,development
13249,8649400410,2015-04-17,test
13250,2523089025,2015-02-10,development
13251,9512500720,2015-04-28,test
13252,2461900760,2015-04-01,test
13253,2877104196,2014-12-06,development
13254,2493200325,2015-05-09,test
13255,5210200410,2014-11-14,development
13256,1954700410,2014-08-01,development
13257,9253900210,2014-07-07,development
13258,0984000450,2014-12-01,development
13259,0993002247,2014-07-16,development
13260,7517500610,2015-03-04,development
13261,3438500981,2015-03-28,test
13262,2011400021,2014-07-01,development
13263,4038100360,2015-02-10,development
13264,2028700360,2014-05-23,development
13265,9144100035,2015-03-24,test
13266,8665050530,2015-02-04,development
13267,5425700205,2014-05-20,development
13268,7399100040,2015-03-09,development
13269,7809200035,2015-01-23,development
13270,1825069072,2015-04-30,test
13271,2524049318,2014-05-28,development
13272,7527200360,2014-06-11,development
13273,3041700035,2015-03-12,test
13274,0625049318,2014-08-04,development
13275,6071400360,2014-09-08,development
13276,8127700720,2015-01-20,development
13277,1402650360,2014-10-23,development
13278,3277800845,2014-07-11,development
13279,2771603050,2014-12-04,development
13280,1068000150,2015-05-01,test
13281,0126039213,2014-12-03,development
13282,7537300210,2015-01-28,development
13283,0764000155,2014-11-07,development
13284,7454000555,2015-01-13,development
13285,2215500205,2014-05-05,development
13286,3013300085,2014-05-15,development
13287,3760500222,2014-06-03,development
13288,6145601312,2014-10-29,development
13289,3750605674,2014-09-17,development
13290,1001200035,2015-03-06,development
13291,2768300736,2015-04-08,test
13292,5255300150,2015-05-11,test
13293,5015001215,2015-04-23,test
13294,4219400580,2014-06-12,development
13295,6151800612,2015-01-07,development
13296,7893207510,2015-05-06,test
13297,8899200720,2015-03-31,test
13298,7167000040,2014-08-13,development
13299,7167000040,2015-03-05,development
13300,7771300035,2014-09-25,development
13301,7967700530,2015-02-13,development
13302,6669150790,2014-07-31,development
13303,1921059213,2015-03-27,test
13304,0723049533,2014-09-30,development
13305,0797000276,2014-06-25,development
13306,6381500720,2014-11-17,development
13307,3812400789,2014-07-31,development
13308,3451000206,2014-10-16,development
13309,8165501540,2015-03-06,development
13310,3131201563,2014-06-25,development
13311,6813600365,2014-10-09,development
13312,1822039138,2015-02-27,development
13313,4443800555,2014-07-16,development
13314,0627300145,2014-08-14,development
13315,9133600120,2015-04-08,test
13316,2354300910,2015-03-10,test
13317,6917700665,2015-02-18,development
13318,7214710210,2014-12-17,development
13319,2649500155,2014-06-10,development
13320,3343301385,2014-05-27,development
13321,1237500720,2014-12-26,development
13322,1724069043,2014-06-18,development
13323,8682210650,2014-05-27,development
13324,2025049025,2015-03-25,test
13325,7883605695,2014-11-24,development
13326,2120069003,2014-11-24,development
13327,7852130720,2014-10-09,development
13328,3832060120,2015-03-16,test
13329,4356200120,2014-10-23,development
13330,4073200124,2015-04-17,test
13331,2113700790,2015-03-12,test
13332,9274202620,2014-07-18,development
13333,2026049124,2014-05-09,development
13334,1828000760,2014-07-14,development
13335,6187700175,2014-12-23,development
13336,6371500040,2015-03-16,test
13337,8929000040,2014-08-20,development
13338,2970800145,2015-04-07,test
13339,8588000610,2014-11-10,development
13340,3905080870,2015-02-06,development
13341,2457200040,2015-05-06,test
13342,3971700580,2015-03-03,development
13343,7304300760,2014-06-25,development
13344,5561720180,2014-08-26,development
13345,1370801565,2014-10-30,development
13346,1822350180,2014-12-11,development
13347,1310900610,2014-07-14,development
13348,9285800330,2014-07-02,development
13349,6620400205,2014-08-06,development
13350,1644510040,2014-05-28,development
13351,6151800606,2015-02-25,development
13352,5245600120,2014-10-09,development
13353,8951900065,2014-09-29,development
13354,0226039186,2014-05-20,development
13355,3558900450,2014-07-11,development
13356,3179100790,2014-09-15,development
13357,9808590210,2014-05-13,development
13358,1781500220,2015-01-31,development
13359,3126049052,2015-03-18,test
13360,8677900120,2014-11-21,development
13361,5408100035,2015-04-20,test
13362,3827600040,2014-05-20,development
13363,7504100910,2014-10-06,development
13364,2068500210,2015-04-09,test
13365,2172000035,2014-08-21,development
13366,4039400410,2014-10-10,development
13367,7519000580,2014-11-06,development
13368,9828702266,2014-10-03,development
13369,2770602170,2015-04-22,test
13370,3260100330,2014-05-28,development
13371,0925059219,2014-10-23,development
13372,1257201010,2015-05-04,test
13373,0476000333,2014-08-27,development
13374,1721059218,2014-08-18,development
13375,6400700220,2015-05-07,test
13376,0524069115,2014-05-09,development
13377,8818900155,2015-01-15,development
13378,2321300325,2015-01-22,development
13379,2131200925,2014-07-29,development
13380,3726800220,2015-04-06,test
13381,3488300085,2014-09-19,development
13382,6415100297,2015-02-19,development
13383,9265400210,2014-09-22,development
13384,2787000040,2014-10-03,development
13385,3425059218,2015-03-17,test
13386,1591600676,2015-03-11,test
13387,2843200085,2015-02-17,development
13388,2561320120,2014-08-11,development
13389,8835400775,2014-10-26,development
13390,2767704525,2015-03-27,test
13391,3343901848,2015-04-08,test
13392,7137800085,2014-10-03,development
13393,1443500925,2015-05-04,test
13394,8731800210,2014-07-11,development
13395,8155000040,2014-10-30,development
13396,9279200910,2014-11-20,development
13397,7697920150,2014-10-02,development
13398,7202290620,2015-02-19,development
13399,5093301285,2015-03-27,test
13400,1524069044,2014-10-09,development
13401,7202340450,2014-11-23,development
13402,3629921120,2014-10-03,development
13403,0524069020,2015-04-22,test
13404,2273600410,2015-05-05,test
13405,3186600515,2015-01-22,development
13406,7923000360,2015-01-20,development
13407,6678900150,2014-08-19,development
13408,9482700455,2014-10-21,development
13409,3861500330,2015-04-30,test
13410,6163901033,2014-09-02,development
13411,2426039123,2015-01-30,development
13412,0624069003,2015-01-02,development
13413,7454000145,2015-03-06,development
13414,4402700230,2014-08-21,development
13415,1432701510,2014-10-21,development
13416,1115100119,2014-12-08,development
13417,2553300120,2015-05-04,test
13418,2481630180,2014-06-25,development
13419,2525049246,2014-10-17,development
13420,7236300065,2014-07-18,development
13421,1854900330,2014-09-09,development
13422,0203101210,2014-05-07,development
13423,0622100074,2014-11-10,development
13424,5014600180,2014-05-13,development
13425,0809002295,2014-10-29,development
13426,7533800325,2014-05-20,development
13427,5637500180,2014-06-12,development
13428,3971700981,2014-10-03,development
13429,2267000453,2014-06-27,development
13430,5029000120,2015-04-07,test
13431,3735900325,2015-04-27,test
13432,6187100360,2015-04-27,test
13433,7237500530,2014-07-09,development
13434,2207500880,2014-07-28,development
13435,7937900220,2014-10-09,development
13436,2767603615,2014-09-03,development
13437,8121100325,2015-04-19,test
13438,8712100720,2014-08-15,development
13439,1223059081,2015-03-25,test
13440,9323610180,2014-08-19,development
13441,2722059275,2015-05-12,test
13442,1545800205,2014-06-13,development
13443,4303200555,2014-08-15,development
13444,2267000730,2014-07-01,development
13445,1926049154,2015-01-15,development
13446,3300790540,2015-01-09,development
13447,2652501215,2014-07-02,development
13448,2426059124,2014-12-16,development
13449,0164000237,2014-06-12,development
13450,1453602283,2015-05-07,test
13451,8081650330,2014-06-25,development
13452,3797000205,2014-09-24,development
13453,8921000040,2014-06-25,development
13454,6791100410,2014-09-19,development
13455,7224000450,2014-12-30,development
13456,3303980650,2014-08-27,development
13457,7589200191,2014-08-07,development
13458,9547200530,2015-01-12,development
13459,8635751120,2014-05-19,development
13460,1982201465,2014-11-21,development
13461,8648700450,2014-12-16,development
13462,3586501085,2014-08-08,development
13463,7701990040,2014-06-17,development
13464,3420069060,2014-11-07,development
13465,1822069052,2014-07-09,development
13466,4385701285,2014-12-23,development
13467,2810600210,2015-04-22,test
13468,1624049170,2014-10-17,development
13469,0871001085,2015-01-29,development
13470,4104500191,2014-05-22,development
13471,0098030530,2014-06-10,development
13472,1025049115,2014-06-25,development
13473,9331800580,2015-03-10,test
13474,9826701320,2014-07-01,development
13475,2426049079,2015-05-06,test
13476,0204000175,2014-07-31,development
13477,0822039004,2014-06-13,development
13478,3735900205,2015-04-02,test
13479,0823000174,2014-07-28,development
13480,3300701575,2015-04-22,test
13481,4128500210,2014-05-13,development
13482,1934800142,2014-12-03,development
13483,1189000205,2015-03-11,test
13484,4040800120,2015-02-11,development
13485,1238501099,2014-10-31,development
13486,6705870040,2014-10-15,development
13487,7340601063,2014-09-03,development
13488,7212660540,2015-01-15,development
13489,1426079047,2014-09-11,development
13490,6817800220,2014-08-29,development
13491,1336800065,2015-03-24,test
13492,9413900035,2015-01-09,development
13493,9113200180,2014-09-05,development
13494,4215250220,2014-12-09,development
13495,8563030330,2015-03-13,test
13496,5634500688,2015-03-25,test
13497,1657530450,2014-12-22,development
13498,1624059219,2014-11-05,development
13499,7942600975,2014-05-12,development
13500,8835200610,2014-10-28,development
13501,7524200180,2014-10-23,development
13502,5451100220,2014-05-13,development
13503,4047200065,2014-06-23,development
13504,3374900035,2015-02-23,development
13505,7010700580,2015-03-03,development
13506,4139440360,2014-09-18,development
13507,3126049154,2014-09-25,development
13508,1331900410,2014-06-20,development
13509,3432501395,2014-09-24,development
13510,8945100530,2015-03-13,test
13511,3121069038,2015-03-26,test
13512,4139440730,2015-02-25,development
13513,9808640040,2015-03-06,development
13514,0423059077,2014-12-23,development
13515,8005100571,2014-12-05,development
13516,9324320040,2014-06-16,development
13517,3825310970,2014-07-24,development
13518,1930301540,2015-02-23,development
13519,0723049158,2015-03-13,test
13520,6116500366,2015-04-01,test
13521,7954300330,2014-07-08,development
13522,2346800180,2015-03-09,development
13523,0452001475,2014-09-02,development
13524,0952006783,2014-10-14,development
13525,2013802060,2014-09-27,development
13526,1787600209,2014-09-09,development
13527,9542100085,2014-10-28,development
13528,3025059124,2014-08-28,development
13529,7504021490,2014-05-12,development
13530,8651440230,2014-08-15,development
13531,1003400155,2014-08-11,development
13532,7852190410,2014-06-26,development
13533,2968801085,2015-05-08,test
13534,7771300155,2014-07-16,development
13535,9320870040,2014-06-26,development
13536,0623049047,2014-10-23,development
13537,9505100035,2014-11-05,development
13538,8114000040,2014-07-25,development
13539,0424000145,2014-07-07,development
13540,7857003953,2014-10-20,development
13541,3630110220,2014-10-12,development
13542,0251500330,2014-10-14,development
13543,1900600040,2014-05-07,development
13544,6163901383,2014-09-23,development
13545,4054530210,2015-02-18,development
13546,5088500210,2015-01-12,development
13547,0424500035,2015-02-12,development
13548,6762700515,2015-04-21,test
13549,1562200040,2015-04-07,test
13550,3401700040,2015-04-01,test
13551,7202330610,2014-07-21,development
13552,8835350230,2014-08-25,development
13553,4057300180,2014-08-07,development
13554,1023059186,2015-01-26,development
13555,6672500040,2014-08-11,development
13556,3265300410,2015-05-06,test
13557,7549801565,2014-12-19,development
13558,2114700040,2015-04-14,test
13559,3375300360,2014-07-01,development
13560,7237301010,2015-02-18,development
13561,1245500691,2014-10-07,development
13562,1604601225,2015-04-20,test
13563,5411600180,2014-12-24,development
13564,3331001115,2014-07-28,development
13565,0011300120,2014-06-30,development
13566,8691310040,2014-08-26,development
13567,4307350450,2014-05-31,development
13568,2460700650,2014-10-10,development
13569,9558050450,2015-03-30,test
13570,3793500730,2014-06-27,development
13571,1026069061,2015-01-29,development
13572,3797002160,2014-07-24,development
13573,1251200155,2014-09-11,development
13574,4319200450,2015-01-20,development
13575,2762600035,2014-09-09,development
13576,9269200150,2014-07-15,development
13577,2623029003,2014-12-16,development
13578,0104560120,2014-07-18,development
13579,7266200085,2015-03-25,test
13580,2622029072,2014-10-01,development
13581,5101406375,2015-03-19,test
13582,2698200210,2014-09-08,development
13583,1328340120,2015-02-09,development
13584,2380000040,2014-08-06,development
13585,5490700085,2014-09-11,development
13586,1226059101,2014-07-01,development
13587,1081200360,2014-08-06,development
13588,0148000450,2014-05-30,development
13589,7831800395,2014-05-15,development
13590,4024101395,2014-05-13,development
13591,0686550040,2014-06-19,development
13592,2337000150,2015-02-20,development
13593,1068000559,2014-10-03,development
13594,7899800120,2014-08-20,development
13595,0425000175,2014-10-13,development
13596,8682262260,2014-11-06,development
13597,5608010650,2015-04-08,test
13598,5350200870,2015-03-26,test
13599,1279300085,2015-03-18,test
13600,1081300450,2014-08-14,development
13601,8698600395,2015-03-24,test
13602,5381000072,2014-05-14,development
13603,2877103111,2014-08-25,development
13604,2159800120,2015-03-17,test
13605,2724079061,2014-10-10,development
13606,1843100610,2014-05-21,development
13607,0120069003,2014-12-01,development
13608,3226049401,2014-11-03,development
13609,0259800610,2015-02-20,development
13610,0635000145,2014-10-07,development
13611,3764800540,2014-05-22,development
13612,6672700120,2014-10-16,development
13613,2126079124,2015-04-02,test
13614,2331550120,2014-09-04,development
13615,2190600243,2014-11-18,development
13616,7853340330,2014-09-11,development
13617,3185600040,2014-05-22,development
13618,3185600040,2014-12-24,development
13619,0253600180,2015-02-03,development
13620,7011201475,2014-05-27,development
13621,2525049266,2014-08-21,development
13622,9542830540,2015-03-03,development
13623,8965400210,2014-07-01,development
13624,8682291970,2014-09-24,development
13625,5561300540,2014-06-02,development
13626,2722049092,2015-01-08,development
13627,5469502380,2014-06-09,development
13628,2023049218,2014-07-16,purged
13629,2023049218,2015-03-16,test
13630,1920079103,2014-09-11,development
13631,7760400210,2015-02-24,development
13632,8078390150,2014-06-26,development
13633,3528900401,2014-07-01,development
13634,5104520720,2014-09-30,development
13635,8146100580,2014-10-20,development
13636,7852020620,2015-03-03,development
13637,5249803010,2015-01-21,development
13638,5459500145,2014-06-13,development
13639,7853302110,2015-04-06,test
13640,7304300905,2015-04-23,test
13641,6119200085,2014-06-12,development
13642,0622049106,2014-12-02,development
13643,1624049275,2014-08-12,development
13644,5035300871,2014-10-14,development
13645,1329500120,2015-01-09,development
13646,7504400620,2015-04-13,test
13647,8029550180,2015-03-25,test
13648,5072200040,2014-05-02,development
13649,6141100330,2014-06-12,development
13650,7131300063,2015-04-29,test
13651,2807100155,2014-05-15,development
13652,1819800286,2014-06-16,development
13653,2663000580,2014-09-19,development
13654,7749500970,2015-02-26,development
13655,3599600150,2014-09-04,development
13656,7853310720,2014-06-17,development
13657,4239410220,2015-04-02,test
13658,9136103027,2014-06-08,development
13659,3432501415,2014-07-14,development
13660,3432501415,2014-11-11,development
13661,1026069044,2014-10-10,development
13662,1152600220,2014-06-23,development
13663,9478500770,2015-04-03,test
13664,6388920410,2015-04-23,test
13665,3579800180,2015-05-04,test
13666,8860300220,2015-04-29,test
13667,1823069287,2014-07-29,development
13668,8854000410,2015-02-12,development
13669,3344500183,2015-01-28,development
13670,2891400410,2015-02-27,development
13671,7129800063,2015-04-20,test
13672,3179100220,2015-04-27,test
13673,1931300815,2015-03-26,test
13674,6163900333,2014-11-10,development
13675,4389201075,2014-07-31,development
13676,2122700120,2014-08-20,development
13677,2291401115,2014-11-25,development
13678,7229100040,2014-07-29,development
13679,3204800040,2014-11-03,development
13680,8092700220,2015-04-11,test
13681,7503800210,2015-03-26,test
13682,2781250150,2015-04-23,test
13683,2024089011,2014-08-26,development
13684,2427910040,2014-08-26,development
13685,3123059107,2014-05-20,development
13686,7211400506,2014-09-08,development
13687,8129700085,2014-09-24,development
13688,3271301175,2014-08-15,development
13689,7203101970,2014-07-15,development
13690,1787600146,2014-08-21,development
13691,5255200220,2014-12-05,development
13692,0937000330,2014-12-24,purged
13693,0937000330,2015-03-19,test
13694,6817800730,2015-01-08,development
13695,1898900040,2014-06-06,development
13696,9264901510,2014-11-07,development
13697,3343301490,2014-09-09,development
13698,1645000097,2014-08-09,development
13699,2923501020,2014-09-29,development
13700,4139900180,2015-04-20,test
13701,2621760360,2014-09-26,development
13702,5702380730,2014-08-23,development
13703,1604601855,2015-02-13,development
13704,6777800150,2014-07-22,development
13705,1563103040,2014-10-25,development
13706,7550800736,2015-05-06,test
13707,1138000410,2014-09-15,development
13708,7555220150,2014-12-17,development
13709,3021059197,2014-10-21,development
13710,2923500230,2014-12-16,development
13711,4039500610,2014-08-20,development
13712,3904910610,2015-05-06,test
13713,2489200230,2015-03-11,test
13714,2600100180,2014-10-20,development
13715,6909200355,2015-04-24,test
13716,7575500040,2014-12-12,development
13717,6192400180,2014-10-06,development
13718,5125400385,2014-08-05,development
13719,7811100230,2014-07-24,development
13720,6608500220,2014-12-24,development
13721,0705730180,2014-10-21,development
13722,4039700870,2015-02-19,development
13723,0238000201,2014-07-23,development
13724,4365700330,2014-07-30,development
13725,4249000230,2014-08-29,development
13726,1099750610,2014-07-10,development
13727,3123089010,2014-12-29,development
13728,9578050120,2014-08-08,development
13729,1423049029,2015-03-06,development
13730,1703900155,2014-11-13,development
13731,1397300120,2014-07-29,development
13732,7304301085,2015-01-29,development
13733,0603001020,2015-04-16,test
13734,5332200530,2014-06-13,purged
13735,5332200530,2015-04-24,test
13736,4475800065,2014-06-13,development
13737,4305500180,2014-10-14,development
13738,9269750220,2014-12-23,development
13739,6802210330,2015-04-29,test
13740,0098020220,2014-10-30,development
13741,6837700175,2014-12-01,development
13742,1895450230,2015-02-18,development
13743,1853080180,2014-10-26,development
13744,3582750120,2014-07-15,development
13745,3319500385,2014-06-16,development
13746,2783100230,2015-05-12,test
13747,1238501098,2015-03-13,test
13748,8562900180,2014-05-09,development
13749,7140200450,2014-12-31,development
13750,0220069106,2015-04-01,test
13751,3905040040,2015-02-26,development
13752,3797000330,2014-06-23,development
13753,6669150530,2014-11-17,development
13754,3298200620,2014-07-14,development
13755,8024202170,2014-08-20,development
13756,1788900230,2014-07-22,purged
13757,1788900230,2015-04-03,test
13758,3220200040,2014-06-16,development
13759,7645900355,2015-03-13,test
13760,0458000065,2014-09-23,development
13761,0123039604,2014-07-01,development
13762,1223089077,2015-04-01,test
13763,4039800180,2014-12-22,development
13764,7304301005,2014-05-23,development
13765,7899800915,2015-02-09,development
13766,0164000271,2014-09-05,development
13767,7010700976,2014-11-14,development
13768,6699300330,2015-05-13,test
13769,8732020770,2014-09-04,development
13770,1795800040,2014-09-03,development
13771,5104450720,2014-11-19,development
13772,2113200065,2014-10-27,development
13773,4027700799,2015-02-26,development
13774,3902310210,2014-08-22,development
13775,9283800230,2014-06-25,development
13776,0114100234,2015-04-30,test
13777,7625703065,2014-06-04,development
13778,0427000065,2015-01-26,development
13779,7844200040,2014-07-31,development
13780,9315300230,2014-08-20,development
13781,1774200230,2015-01-20,development
13782,2781250530,2014-08-12,development
13783,7796600085,2015-01-08,development
13784,3205400150,2014-06-17,development
13785,2207200455,2015-04-09,test
13786,9523100458,2014-06-17,development
13787,5035300325,2015-04-14,test
13788,3840700593,2015-04-06,test
13789,1683800120,2014-11-17,development
13790,2722059183,2014-10-14,development
13791,4083305870,2014-10-01,development
13792,8651400730,2015-04-28,test
13793,7302000120,2014-06-10,development
13794,0797000258,2015-04-02,test
13795,9100000040,2014-08-07,development
13796,8651441520,2015-03-02,development
13797,6843310120,2014-10-29,development
13798,3585900150,2014-05-19,development
13799,9144100206,2014-11-25,development
13800,2871000360,2014-11-24,development
13801,4307330120,2014-09-17,development
13802,6117900120,2015-03-17,test
13803,1939120540,2014-07-22,development
13804,0421000455,2015-05-02,test
13805,6600790210,2014-07-16,development
13806,1771000540,2014-11-04,development
13807,5561300730,2014-06-05,development
13808,9542830210,2015-02-11,development
13809,0263000155,2014-05-05,development
13810,4058801575,2014-12-17,development
13811,7852150120,2014-05-20,development
13812,2095500040,2014-06-13,development
13813,8832900120,2014-12-22,development
13814,9542850580,2014-10-10,development
13815,3530430155,2014-05-30,development
13816,2225039081,2014-10-20,development
13817,7923300230,2015-05-04,test
13818,8021701115,2014-08-26,development
13819,5515600087,2014-12-09,development
13820,0952006680,2015-01-29,development
13821,6411600043,2014-07-02,development
13822,1523089266,2014-07-22,development
13823,0866400040,2014-10-13,development
13824,8092500150,2015-04-28,test
13825,5637200450,2014-10-17,development
13826,5126400230,2014-05-24,development
13827,7137950720,2015-03-04,development
13828,1473120230,2014-12-23,development
13829,1604600085,2014-07-11,development
13830,0123079023,2014-11-24,development
13831,0705000120,2015-04-06,test
13832,1930300410,2015-03-04,development
13833,9393700065,2015-04-23,test
13834,6814600355,2014-06-19,development
13835,9477100620,2015-02-19,development
13836,6788203060,2014-10-10,development
13837,5706200360,2014-11-06,development
13838,8732130730,2014-11-20,development
13839,4202400395,2015-03-16,test
13840,0705700210,2015-03-16,test
13841,2817100040,2015-02-13,development
13842,0686300880,2015-04-27,test
13843,8122100355,2014-09-24,development
13844,3797000145,2014-10-15,development
13845,1704900180,2014-10-30,development
13846,9241900150,2014-08-27,development
13847,5249803185,2014-10-15,development
13848,1598600209,2014-10-20,development
13849,3260810580,2015-04-17,test
13850,2423059060,2015-04-20,test
13851,5461300150,2014-12-11,development
13852,3422059010,2015-03-27,test
13853,6795100330,2014-06-25,development
13854,1776420150,2014-07-23,development
13855,3735900770,2014-10-17,development
13856,4123840210,2015-03-18,test
13857,5076700145,2015-04-27,test
13858,2482500040,2014-07-17,development
13859,2589300065,2014-09-16,development
13860,2332700081,2014-09-01,development
13861,9201000610,2014-06-03,development
13862,2822049254,2014-05-16,development
13863,2310110120,2014-08-08,development
13864,2887700995,2014-05-08,development
13865,8651410120,2015-03-18,test
13866,7399000580,2014-11-17,development
13867,7524950210,2015-04-01,test
13868,1021049057,2014-10-08,development
13869,0824059042,2014-05-30,development
13870,7525410120,2014-09-05,development
13871,2770600841,2014-06-04,development
13872,2423069164,2015-04-10,test
13873,3876000120,2015-03-04,development
13874,3705000120,2014-07-29,development
13875,0323069158,2014-06-26,development
13876,6669240230,2015-03-17,test
13877,7504400120,2014-09-19,development
13878,1038000040,2014-06-05,development
13879,9238450330,2014-11-10,development
13880,1982200330,2014-05-13,development
13881,1732800175,2014-06-30,development
13882,8078350220,2014-09-11,development
13883,3990200065,2014-10-22,development
13884,3825311210,2014-08-27,development
13885,1862400087,2015-03-13,test
13886,3522029124,2014-12-03,development
13887,1250200418,2014-05-27,development
13888,7967900150,2015-04-30,test
13889,5631501073,2014-06-25,development
13890,2826049197,2014-08-04,development
13891,1775920210,2014-05-30,development
13892,5272200035,2014-09-03,development
13893,9525100040,2015-04-07,test
13894,7853221010,2014-10-29,development
13895,2500600297,2014-08-14,development
13896,8562791010,2014-07-07,development
13897,3550800040,2014-11-14,development
13898,8857640210,2015-04-20,test
13899,8898700120,2014-06-04,development
13900,1242700035,2014-11-03,development
13901,7200001005,2015-05-01,test
13902,4174600072,2014-12-23,development
13903,3630060150,2015-04-01,test
13904,3348401490,2014-06-30,development
13905,7214810150,2014-10-02,development
13906,1566100450,2015-04-28,test
13907,7851990120,2014-07-01,development
13908,8937500040,2015-01-02,development
13909,1149600120,2014-08-20,development
13910,7853240040,2015-04-14,test
13911,7517500085,2015-04-25,test
13912,9527310180,2015-04-03,test
13913,3558900580,2014-09-22,development
13914,4046500180,2014-07-24,development
13915,6386300120,2015-04-17,test
13916,3395350210,2015-03-24,test
13917,9578080040,2014-08-12,development
13918,5683500085,2014-09-26,development
13919,8645500360,2015-03-11,test
13920,4222310220,2014-08-25,development
13921,2394600157,2015-04-07,test
13922,9238900085,2014-10-29,development
13923,2739200040,2014-09-24,development
13924,3893100456,2014-08-13,development
13925,1370803940,2014-10-07,development
13926,4222200120,2015-02-05,development
13927,9477000120,2014-10-22,development
13928,7228501065,2014-06-26,development
13929,9266701085,2014-06-03,development
13930,0985001082,2014-05-21,development
13931,8815400410,2015-04-03,test
13932,2459500210,2014-05-07,development
13933,1219000043,2014-05-09,development
13934,4379400580,2014-08-13,development
13935,2159900120,2014-08-22,development
13936,1243100191,2015-01-22,development
13937,7852150530,2014-09-11,development
13938,7508700085,2014-07-24,development
13939,8820903370,2014-11-17,development
13940,1923000150,2015-04-24,test
13941,3920900220,2014-12-15,development
13942,8835700330,2014-12-11,development
13943,7338402160,2014-10-09,development
13944,3223059141,2014-05-09,development
13945,0524059052,2014-12-09,development
13946,6145600865,2014-05-05,development
13947,2325400330,2014-12-01,development
13948,9530100085,2015-04-01,test
13949,3024059044,2014-09-09,development
13950,5015000596,2014-12-01,development
13951,4443801285,2014-08-14,development
13952,3751606606,2014-07-17,development
13953,1829300210,2014-05-06,development
13954,2767601085,2015-01-26,development
13955,8832900155,2015-04-14,test
13956,8805900065,2014-11-12,development
13957,8635760040,2014-10-08,development
13958,8651540040,2014-07-18,development
13959,9818700455,2014-08-26,development
13960,0924069210,2014-06-03,development
13961,1954430180,2015-01-05,development
13962,5111400081,2014-06-03,development
13963,5559200065,2015-05-07,test
13964,1266200120,2015-03-21,test
13965,8141310180,2014-11-18,development
13966,6102400166,2014-09-05,development
13967,3126059023,2015-03-03,development
13968,0408100150,2014-05-14,development
13969,3905081520,2015-03-25,test
13970,9324800220,2014-09-17,development
13971,3996900555,2014-10-17,development
13972,9456200450,2015-04-27,test
13973,9165100330,2014-12-12,development
13974,2877103615,2015-05-11,test
13975,7853210210,2015-03-25,test
13976,7524950540,2015-04-03,test
13977,0200500410,2015-05-06,test
13978,9103000365,2014-06-20,development
13979,6076500220,2014-09-03,development
13980,1818800144,2014-05-02,development
13981,2569600150,2014-11-03,development
13982,3448000344,2014-11-12,development
13983,7170200085,2015-03-27,test
13984,4094800120,2014-06-19,development
13985,2591010180,2014-07-09,development
13986,3052701135,2014-06-26,development
13987,0625049281,2014-05-21,development
13988,5427110040,2014-06-09,development
13989,9528103443,2014-07-24,development
13990,7855800730,2015-02-10,development
13991,0395300650,2014-07-21,development
13992,7812800995,2014-09-05,development
13993,9541600355,2014-08-13,development
13994,0774100355,2014-11-03,development
13995,2781280150,2014-08-01,development
13996,7338000150,2015-01-29,development
13997,6977000040,2014-08-23,development
13998,9558050230,2015-05-07,test
13999,1241500155,2014-08-05,development
14000,9266700256,2014-10-13,development
14001,2354300456,2015-03-11,test
14002,7789000120,2015-04-21,test
14003,3210200395,2014-08-22,development
14004,8658303065,2014-05-19,development
14005,4046601010,2014-10-23,development
14006,0526059183,2014-08-01,development
14007,5056500210,2014-10-07,development
14008,6146600175,2014-11-07,development
14009,6057700120,2014-09-17,development
14010,8651442060,2014-06-11,development
14011,7129301445,2014-06-25,development
14012,7881500330,2015-03-04,development
14013,1336800880,2014-08-22,development
14014,7147600220,2014-06-26,development
14015,2600030210,2014-07-07,development
14016,6303400150,2014-09-29,development
14017,9136103136,2015-03-13,test
14018,8898700880,2015-03-17,test
14019,4318200360,2014-07-30,development
14020,6798100610,2015-01-08,development
14021,7466900220,2014-12-12,development
14022,7435500085,2014-05-28,development
14023,7977200995,2015-05-06,test
14024,1862900360,2014-09-22,development
14025,7852040210,2014-06-17,development
14026,3343901961,2015-03-31,test
14027,3874010220,2014-06-24,development
14028,2724069103,2014-08-28,development
14029,1520069052,2014-07-21,development
14030,5316101075,2014-09-26,development
14031,8113100150,2014-07-14,development
14032,3459900230,2014-11-25,development
14033,3955900150,2014-12-29,development
14034,7701960210,2015-04-27,test
14035,0686450210,2014-11-04,development
14036,3451000442,2014-07-17,development
14037,5700003221,2014-12-10,development
14038,8651402700,2014-10-28,development
14039,3526039101,2014-10-30,development
14040,1136100072,2015-02-13,development
14041,2050100210,2014-11-17,development
14042,9141100210,2014-09-08,development
14043,1153000150,2014-06-25,development
14044,1245000438,2015-04-13,test
14045,1498300775,2014-06-24,development
14046,4051100230,2014-08-20,development
14047,0121039038,2014-08-19,development
14048,1523550220,2015-03-28,test
14049,1622059095,2014-06-04,development
14050,7853220210,2014-09-22,development
14051,8682291510,2015-01-26,development
14052,7397300220,2014-05-29,development
14053,3764500230,2014-08-21,development
14054,8682260870,2014-09-12,development
14055,0369000365,2015-04-22,test
14056,9238901020,2014-09-16,development
14057,3343901641,2014-08-27,development
14058,3024079057,2014-07-30,development
14059,7518507330,2014-07-24,development
14060,2968801510,2014-11-13,development
14061,2822100175,2014-08-27,development
14062,3826000385,2014-12-17,development
14063,2301400540,2014-12-15,development
14064,2111010760,2015-01-08,development
14065,0023500220,2014-10-15,development
14066,8001600150,2015-03-10,test
14067,9149000180,2014-08-19,development
14068,7525420150,2015-04-13,test
14069,1003000175,2014-12-22,development
14070,2902200874,2015-04-10,test
14071,7131300032,2015-03-06,development
14072,3581100330,2014-08-04,development
14073,3629970870,2014-08-27,development
14074,2561360210,2014-06-03,development
14075,9828702245,2015-03-16,test
14076,8687800150,2014-11-20,development
14077,3825310760,2014-12-29,development
14078,7284900385,2014-05-21,development
14079,5702380770,2015-04-28,test
14080,2095600150,2014-11-12,development
14081,4166600230,2014-11-19,development
14082,3521059042,2014-07-28,development
14083,3625059043,2014-09-04,development
14084,1926069054,2014-05-08,development
14085,9238450150,2014-05-12,development
14086,8146200150,2014-11-10,development
14087,3841600220,2014-07-15,development
14088,0943100683,2014-05-02,development
14089,0952001765,2014-07-07,development
14090,3744600704,2015-02-24,development
14091,1822059057,2014-07-25,development
14092,2126059219,2014-06-17,development
14093,4139400910,2014-08-15,development
14094,9808630210,2015-03-13,test
14095,2920700220,2015-05-08,test
14096,1338800365,2014-05-07,development
14097,1175001135,2014-09-29,development
14098,3867400180,2015-03-27,test
14099,7954300220,2014-07-30,development
14100,7784400035,2014-08-13,development
14101,4435600330,2014-07-26,development
14102,5016001285,2014-06-09,development
14103,6817800330,2014-08-12,development
14104,8680500220,2014-12-03,development
14105,3211600650,2014-07-22,development
14106,4008400035,2014-10-15,development
14107,2473002060,2014-05-19,development
14108,4059400515,2014-09-09,development
14109,2916610150,2015-01-20,development
14110,8887001215,2014-11-07,development
14111,3876313040,2014-07-09,development
14112,6021501320,2014-09-30,development
14113,2372800145,2014-10-23,development
14114,7120000210,2015-01-22,development
14115,1180003175,2015-04-10,test
14116,2902200915,2014-11-25,development
14117,2473530150,2015-03-23,test
14118,2366400150,2015-04-29,test
14119,4040800360,2014-09-23,development
14120,1269200150,2015-01-13,development
14121,9510970530,2015-04-24,test
14122,3856904825,2014-11-04,development
14123,0326069101,2014-12-05,development
14124,0254000175,2014-08-19,development
14125,8086000201,2014-12-04,development
14126,9284800085,2015-04-20,test
14127,2287000330,2014-09-15,development
14128,2025760210,2014-06-11,development
14129,3330500085,2014-09-18,development
14130,1231001225,2014-09-16,development
14131,0984000650,2014-09-08,development
14132,1962200145,2015-03-20,test
14133,4074300150,2015-04-17,test
14134,8665050220,2014-10-21,development
14135,2212700180,2015-03-19,test
14136,8077200360,2014-11-12,development
14137,8850000180,2015-04-20,test
14138,1643500072,2014-09-05,development
14139,6065300330,2014-06-20,development
14140,6149700191,2014-08-19,development
14141,1555200180,2014-08-27,development
14142,9407100720,2014-11-07,development
14143,5700000515,2014-11-20,development
14144,5451200530,2014-07-05,development
14145,0868000530,2014-07-02,development
14146,1777600210,2015-02-17,development
14147,7174800760,2014-07-25,development
14148,8635750330,2014-09-25,development
14149,4058800925,2015-04-28,test
14150,0272000620,2014-12-02,development
14151,7779200355,2015-04-22,test
14152,0510000641,2015-01-30,development
14153,8835200230,2014-07-02,development
14154,8718500555,2014-09-15,development
14155,1722049154,2014-07-07,development
14156,6450304130,2014-05-05,development
14157,6908200155,2015-01-22,development
14158,1773101020,2014-10-20,development
14159,1105000571,2014-06-10,development
14160,5153200666,2015-01-14,development
14161,7660100085,2014-09-08,development
14162,1843130530,2014-11-25,development
14163,7010700905,2014-06-11,development
14164,6790600790,2015-03-26,test
14165,8651442520,2014-10-15,development
14166,2722059010,2014-06-18,development
14167,6884800210,2014-06-05,development
14168,7349600230,2014-07-29,development
14169,6699300210,2014-10-27,development
14170,7883607520,2014-05-08,development
14171,1450000210,2015-01-28,development
14172,1387301430,2014-08-18,development
14173,2517010230,2015-02-26,development
14174,9828201020,2014-10-31,development
14175,2461900175,2014-05-22,development
14176,8682250330,2014-06-24,development
14177,3031200230,2015-02-26,development
14178,3824100166,2014-11-22,development
14179,7011201445,2014-07-02,development
14180,7262200150,2015-01-21,development
14181,1623069023,2014-07-29,development
14182,7523700210,2015-04-15,test
14183,2915200210,2014-12-05,development
14184,3904990210,2014-08-22,development
14185,1333300145,2015-03-04,development
14186,7461400360,2015-04-21,test
14187,7631200085,2014-05-12,development
14188,6145600040,2014-06-23,development
14189,6372000155,2014-08-11,development
14190,6821600145,2014-11-10,development
14191,7983100150,2014-06-02,development
14192,0723000150,2015-04-08,test
14193,2493200155,2015-04-03,test
14194,2592210150,2014-09-23,development
14195,2595300210,2014-11-06,development
14196,3902100150,2015-02-02,development
14197,3329520410,2014-05-05,development
14198,4013800206,2014-08-28,development
14199,1370803460,2014-05-07,development
14200,4046600220,2014-10-17,development
14201,6190701484,2015-03-11,test
14202,8016200530,2014-07-18,development
14203,6802210210,2015-03-03,development
14204,4305600040,2014-05-05,development
14205,7856570150,2014-06-25,development
14206,7576200040,2014-07-18,development
14207,6300500183,2014-12-12,development
14208,3204950120,2014-05-29,development
14209,7857004225,2015-04-24,test
14210,7732400360,2014-08-21,development
14211,4388000120,2015-04-23,test
14212,8653900150,2014-05-05,development
14213,3362400472,2014-12-02,development
14214,8857100180,2015-04-13,test
14215,8156600210,2015-03-26,test
14216,4038700720,2014-09-18,development
14217,2634500085,2014-08-12,development
14218,1077100035,2015-01-22,development
14219,5466700360,2014-10-23,development
14220,1250201165,2014-11-21,purged
14221,1250201165,2015-03-17,test
14222,4083301120,2015-04-22,test
14223,3905100610,2015-04-09,test
14224,4330600360,2014-06-17,development
14225,0345700150,2014-11-06,development
14226,7732100150,2014-10-28,development
14227,5379800862,2015-04-29,test
14228,4396000180,2014-11-21,development
14229,1447600410,2014-10-09,development
14230,3325059177,2014-11-05,development
14231,2652500155,2014-10-29,development
14232,0824059305,2015-01-08,development
14233,5318101565,2014-07-03,development
14234,2460600040,2014-06-16,development
14235,9527000040,2014-10-02,development
14236,2909300150,2014-07-14,development
14237,8078600330,2014-07-08,development
14238,4338800720,2015-02-24,development
14239,4016800120,2014-08-20,development
14240,2021201085,2014-12-12,development
14241,1922059010,2015-01-21,development
14242,1133000385,2014-05-30,development
14243,2397100155,2015-02-24,development
14244,7461420210,2015-02-23,development
14245,6204050040,2014-07-11,development
14246,4099100210,2014-08-13,development
14247,0316000145,2015-03-25,test
14248,3331000455,2015-02-17,development
14249,9839300775,2014-07-10,development
14250,2320069107,2014-08-22,development
14251,2599001010,2015-03-26,test
14252,2193340120,2014-06-04,development
14253,7954310210,2015-04-30,test
14254,2425049107,2015-03-05,development
14255,1338300555,2015-03-20,test
14256,8944310330,2014-08-19,development
14257,2551500180,2014-09-05,development
14258,9212900180,2014-06-25,development
14259,2473460650,2015-04-07,test
14260,2856101755,2015-05-04,test
14261,3080000040,2014-05-15,development
14262,1224049080,2014-06-20,development
14263,9547200835,2015-04-02,test
14264,4363700365,2014-08-01,development
14265,7683800212,2014-12-18,development
14266,1324079054,2014-09-22,development
14267,2141330360,2014-07-29,development
14268,6450302546,2014-10-21,development
14269,7972600676,2014-11-04,development
14270,0922059161,2014-09-22,development
14271,2770601461,2015-03-17,test
14272,8079010230,2014-06-03,development
14273,5458800620,2014-09-24,development
14274,5318101075,2014-08-11,development
14275,5430300120,2014-11-13,development
14276,1442700360,2015-03-20,test
14277,5651010150,2015-05-10,test
14278,6908200021,2014-10-28,development
14279,2201500555,2014-09-29,development
14280,0255550150,2014-11-18,development
14281,0524069011,2014-09-11,development
14282,7504010760,2015-02-12,development
14283,1788800610,2014-09-02,development
14284,7192800145,2014-12-02,development
14285,5566100145,2014-09-03,development
14286,2024059052,2014-08-14,development
14287,2436700540,2014-10-01,development
14288,7200001608,2014-07-01,development
14289,5612100065,2014-05-29,development
14290,7785380150,2014-12-15,development
14291,4178310040,2014-10-16,development
14292,1708400555,2014-06-25,development
14293,3629760330,2015-03-11,test
14294,5469501830,2014-06-24,development
14295,9829201058,2014-05-04,development
14296,1931300175,2014-07-02,development
14297,7237500360,2014-11-06,development
14298,0923000120,2015-04-08,test
14299,1446800995,2014-08-05,development
14300,8732000410,2015-01-14,development
14301,7303100210,2014-05-27,development
14302,3348401622,2014-07-31,development
14303,3793501400,2014-08-20,development
14304,2872100385,2015-03-18,test
14305,1689400150,2015-02-06,development
14306,2887701251,2014-10-07,development
14307,3528000040,2014-10-01,purged
14308,3528000040,2015-03-26,test
14309,3787000120,2015-01-22,development
14310,5693500760,2014-07-07,development
14311,8892900180,2014-06-17,development
14312,5458800330,2014-09-04,development
14313,1560930450,2014-10-24,development
14314,6699930360,2014-07-22,development
14315,1423900580,2014-06-25,development
14316,7338000730,2014-07-28,development
14317,4364700730,2014-05-30,development
14318,7305300760,2014-12-22,development
14319,2488200455,2014-07-03,development
14320,0318900120,2015-01-23,development
14321,7504110330,2015-01-28,development
14322,2222039011,2014-11-03,development
14323,6021502300,2015-02-11,development
14324,3630110360,2015-04-22,test
14325,1529300410,2015-02-24,development
14326,2426049154,2015-03-05,development
14327,6204420180,2014-06-03,development
14328,8085400410,2015-03-31,test
14329,8731980880,2014-12-22,development
14330,0626049115,2014-11-05,development
14331,6388910040,2015-03-24,test
14332,1748800120,2015-03-18,test
14333,4077800582,2014-09-12,development
14334,7202260210,2014-10-10,development
14335,5095600360,2015-03-12,test
14336,2607801120,2015-04-20,test
14337,9542200610,2015-02-19,development
14338,8092000330,2014-05-28,development
14339,7852020790,2014-06-27,development
14340,6379500227,2014-10-06,development
14341,6790200180,2014-06-03,development
14342,1781500155,2014-05-29,development
14343,3424069154,2014-06-24,development
14344,1683500180,2014-05-14,development
14345,1523300180,2014-07-09,development
14346,1868901120,2014-06-06,development
14347,0822059101,2014-09-25,development
14348,3421069020,2014-10-20,development
14349,2769602710,2014-10-06,development
14350,6071300180,2014-07-14,development
14351,3211101010,2015-02-11,development
14352,9471201175,2014-05-06,development
14353,2009003136,2014-08-22,development
14354,7574910220,2014-07-31,development
14355,1370801465,2014-06-19,development
14356,1245500730,2014-12-08,development
14357,2767603591,2014-08-04,development
14358,8718500665,2014-07-24,development
14359,0106000395,2014-06-24,development
14360,5538300120,2014-10-15,development
14361,9405800040,2014-10-16,development
14362,3630180450,2015-04-07,test
14363,8126300610,2015-04-01,test
14364,0546000910,2014-12-03,development
14365,2268000180,2015-03-25,test
14366,3333002450,2014-07-08,development
14367,3333002450,2015-01-22,development
14368,6072000910,2014-08-06,development
14369,4113800330,2014-06-06,development
14370,3764500180,2015-01-24,development
14371,1326049170,2014-09-24,development
14372,9238450210,2014-06-23,development
14373,2436700666,2015-02-16,development
14374,3043200035,2014-07-01,development
14375,1424069044,2014-09-10,development
14376,3037200141,2015-03-09,development
14377,1323089107,2015-01-21,development
14378,8024201714,2014-11-17,development
14379,9829200325,2014-06-17,development
14380,0723039189,2015-01-02,development
14381,1352300120,2014-05-29,development
14382,5101404351,2014-07-02,development
14383,7211401485,2014-06-06,development
14384,5631500967,2015-02-04,development
14385,2425049061,2014-08-25,development
14386,7518503065,2014-06-23,development
14387,1796000120,2014-10-23,development
14388,1922059197,2014-09-18,development
14389,7849201020,2014-08-21,development
14390,1126049103,2014-08-29,development
14391,0065000085,2014-07-08,development
14392,9211510410,2015-04-07,test
14393,2301400325,2015-04-07,test
14394,7132300540,2015-05-08,test
14395,0323059103,2015-04-03,test
14396,4083306705,2014-11-21,development
14397,1245001216,2014-07-21,development
14398,0293760210,2014-08-26,development
14399,3782400040,2015-05-08,test
14400,2726049164,2014-06-05,development
14401,9183701085,2015-04-15,test
14402,1623300325,2014-10-21,development
14403,7987401010,2014-07-03,development
14404,2131200065,2014-12-11,development
14405,6141600065,2014-10-16,development
14406,1562100220,2015-05-01,test
14407,7853300970,2015-04-21,test
14408,8687800065,2014-07-02,development
14409,1504800097,2014-06-13,development
14410,3630160610,2014-07-16,development
14411,6852700477,2014-09-16,development
14412,2592220040,2014-07-24,development
14413,7524950730,2015-03-27,test
14414,1545807920,2014-10-15,development
14415,3213200180,2015-05-05,test
14416,3577300040,2015-04-30,test
14417,2064800610,2014-10-25,development
14418,7215730120,2015-05-04,test
14419,0629800540,2014-09-09,development
14420,7575610760,2015-05-07,test
14421,0104500730,2015-02-24,development
14422,8137500730,2014-05-07,development
14423,9543000205,2015-04-13,test
14424,3543900418,2014-05-15,development
14425,8929000230,2015-03-06,development
14426,2856100360,2015-04-09,test
14427,6413600276,2015-03-24,test
14428,8562720230,2014-11-07,development
14429,3579000410,2014-09-05,development
14430,3856904655,2015-03-29,test
14431,8832900360,2015-04-28,test
14432,4058200040,2014-09-17,development
14433,4178501020,2015-01-05,development
14434,8562790730,2014-08-22,development
14435,0455000841,2014-08-29,development
14436,2154900330,2014-08-27,development
14437,8159610150,2014-11-17,development
14438,1545800730,2015-02-22,development
14439,3904980360,2015-01-12,development
14440,5100403321,2015-03-18,test
14441,1326069151,2015-02-24,development
14442,0629410180,2014-12-08,development
14443,7452500815,2015-03-10,test
14444,6840701135,2014-11-10,development
14445,5104512060,2014-12-12,development
14446,2917200365,2014-06-10,development
14447,5151600040,2014-09-11,development
14448,2025700790,2014-08-11,development
14449,7686204675,2015-01-29,development
14450,0126039305,2014-10-13,development
14451,1930300915,2014-08-20,development
14452,9477100330,2014-12-12,development
14453,0513000665,2015-04-08,test
14454,8581400450,2014-10-28,development
14455,1061500360,2014-10-16,development
14456,1373800330,2015-04-20,test
14457,2597520790,2015-04-23,test
14458,2525300540,2014-11-14,development
14459,3797000035,2014-05-21,development
14460,3709600180,2014-05-26,development
14461,3902300210,2014-07-15,development
14462,2113700620,2014-08-04,development
14463,5700003705,2014-06-19,development
14464,0034001540,2015-04-23,test
14465,2976800145,2015-04-06,test
14466,7549801385,2014-06-12,development
14467,9103000360,2014-12-18,development
14468,7304300720,2014-06-10,development
14469,1254200835,2014-08-13,development
14470,8562700410,2015-04-15,test
14471,7558800620,2014-08-22,development
14472,2122049038,2015-03-02,development
14473,2397101075,2014-07-02,development
14474,7695470120,2014-08-08,development
14475,4083304700,2014-11-25,development
14476,7857001225,2015-04-03,test
14477,4356200210,2015-03-18,test
14478,3840700205,2015-03-19,test
14479,7739100155,2014-08-04,development
14480,1720069029,2015-03-13,test
14481,0921049141,2014-12-01,development
14482,6909700205,2015-04-06,test
14483,2725069164,2014-08-05,development
14484,3523069060,2014-11-07,purged
14485,3523069060,2015-04-01,test
14486,4302200790,2014-08-14,development
14487,8899210610,2014-07-23,development
14488,5631500905,2014-07-23,development
14489,2770601530,2014-08-26,development
14490,7831800411,2014-10-20,development
14491,0326049103,2014-09-22,development
14492,1231001115,2014-10-01,development
14493,1041440360,2015-01-05,development
14494,5001700040,2015-03-27,test
14495,4037200665,2014-08-13,development
14496,5249802520,2014-08-05,development
14497,3585300410,2015-04-24,test
14498,1624049087,2014-09-17,development
14499,8121200530,2014-10-08,development
14500,6705120540,2014-12-22,development
14501,3353402390,2015-05-01,test
14502,6190000035,2014-07-15,development
14503,1313000220,2014-05-13,development
14504,0921059161,2014-06-23,development
14505,1823069279,2014-05-20,development
14506,0826059152,2014-11-17,development
14507,4136930360,2014-06-05,development
14508,7697870530,2014-05-07,development
14509,1024000109,2014-07-10,development
14510,5112800234,2015-03-04,development
14511,8122101115,2015-04-21,test
14512,6933600540,2014-08-20,development
14513,6169900790,2014-06-20,development
14514,8001210120,2014-09-16,development
14515,1931300870,2014-05-28,development
14516,8651441210,2014-08-01,development
14517,1217000481,2015-02-11,development
14518,7925100271,2014-05-20,development
14519,1233100366,2014-12-15,development
14520,9250900124,2015-05-05,test
14521,7852050220,2014-08-08,development
14522,9297301520,2015-03-29,test
14523,8615800325,2014-08-22,development
14524,9512500610,2015-01-22,development
14525,4311700120,2015-03-17,test
14526,1930301325,2015-04-23,test
14527,3888100133,2014-10-14,development
14528,9510900610,2014-10-30,development
14529,5469502060,2014-10-09,development
14530,2946002914,2015-01-02,development
14531,7856640180,2014-09-04,development
14532,6204200180,2014-07-09,development
14533,5145100180,2014-09-17,development
14534,3905090410,2015-01-23,development
14535,5363200180,2014-05-15,development
14536,8806900040,2015-04-06,test
14537,3674400035,2014-05-12,development
14538,6648150150,2014-09-22,development
14539,9266700175,2015-03-27,test
14540,3678900450,2014-09-26,development
14541,9526600210,2014-10-07,development
14542,0631000040,2015-03-31,test
14543,2026049122,2015-04-01,test
14544,7523850150,2014-10-27,development
14545,2326059080,2014-08-01,development
14546,3211700035,2014-06-25,development
14547,9365700385,2014-07-14,development
14548,2734100736,2014-09-10,development
14549,5029460180,2014-09-16,development
14550,0632000065,2014-06-11,development
14551,6821101765,2014-06-21,development
14552,7525050150,2014-06-13,development
14553,2591780180,2014-08-13,development
14554,4027700666,2015-04-26,test
14555,4083300620,2015-02-27,development
14556,2303900035,2014-06-11,development
14557,6300500515,2014-08-18,development
14558,6163900952,2014-12-18,development
14559,5631500369,2014-05-21,development
14560,9558010230,2014-05-09,development
14561,9407102245,2014-06-04,development
14562,1430800191,2015-02-13,development
14563,7635801371,2014-07-25,development
14564,2215450150,2014-05-30,development
14565,7146400040,2015-03-12,test
14566,7635800180,2015-04-28,test
14567,0114100297,2014-09-22,development
14568,6145601510,2014-08-22,development
14569,9550200155,2015-04-07,test
14570,8122100905,2014-06-24,development
14571,2025069025,2015-04-29,test
14572,5595900210,2014-11-19,development
14573,3157600325,2014-06-20,development
14574,1432400120,2014-11-11,purged
14575,1432400120,2015-05-08,test
14576,3811000230,2015-03-16,test
14577,8665050770,2014-06-19,development
14578,2976800360,2015-02-23,development
14579,0871001484,2015-01-15,development
14580,9528104910,2014-09-09,development
14581,6929602721,2015-04-08,test
14582,7203600530,2014-05-29,development
14583,2206500395,2014-05-15,development
14584,9277200180,2015-04-20,test
14585,6672900220,2015-01-12,development
14586,1139000072,2015-04-03,test
14587,7229900975,2014-05-07,development
14588,5631500594,2014-09-23,development
14589,6861700156,2014-10-27,development
14590,6388930620,2014-07-10,development
14591,2887970040,2015-04-08,test
14592,0726049213,2015-03-20,test
14593,0442000210,2015-04-17,test
14594,5525400530,2015-04-23,test
14595,6093000065,2014-05-19,development
14596,7519000085,2014-10-02,development
14597,2525310220,2014-10-16,development
14598,3630120970,2014-09-22,development
14599,1232001985,2015-04-28,test
14600,3422049158,2014-07-11,development
14601,2501600150,2015-03-10,test
14602,3326059254,2014-11-24,development
14603,2624049103,2015-03-25,test
14604,1525069095,2014-06-19,development
14605,4077800455,2015-03-26,test
14606,0968000120,2014-11-12,development
14607,0629000704,2014-07-29,development
14608,7129300175,2014-07-01,development
14609,2887703186,2014-10-23,development
14610,3832500790,2015-04-20,test
14611,2423069170,2014-06-03,development
14612,0225039029,2015-03-17,test
14613,7852180650,2014-07-18,development
14614,5422500220,2015-04-11,test
14615,8649400790,2015-01-13,development
14616,2473001210,2014-09-16,development
14617,9485700175,2014-09-30,development
14618,7694800180,2015-02-05,development
14619,7936500109,2014-07-25,development
14620,0104560540,2014-09-17,development
14621,8161000220,2014-12-27,development
14622,2487200775,2014-05-12,development
14623,3905030330,2014-10-08,development
14624,2881700522,2015-04-21,test
14625,7856620870,2014-08-13,development
14626,0179001046,2014-05-08,development
14627,7562100065,2014-07-25,development
14628,6891800360,2014-09-18,development
14629,7211400760,2014-05-28,development
14630,0123039207,2014-12-09,development
14631,3426049124,2015-03-18,test
14632,4222500410,2015-02-26,development
14633,6716700325,2014-07-14,development
14634,0431500155,2014-10-24,development
14635,0626059220,2015-05-06,test
14636,1328340540,2014-05-23,development
14637,9269200120,2014-10-30,development
14638,2225059170,2014-09-17,development
14639,8835900220,2014-08-28,development
14640,3192000085,2014-08-07,development
14641,5104520610,2014-07-14,development
14642,3530210180,2014-07-23,development
14643,6840701225,2014-10-03,development
14644,7979900210,2014-08-08,development
14645,3343901183,2014-07-09,development
14646,5249804825,2014-07-02,development
14647,1234000704,2015-04-03,test
14648,0646910150,2015-03-26,test
14649,9407001320,2014-05-22,development
14650,9527000180,2014-07-11,development
14651,7225000155,2014-06-09,development
14652,3622069103,2015-01-23,development
14653,3345100286,2015-02-19,development
14654,0203100910,2014-09-23,development
14655,1257201530,2014-05-13,development
14656,3083000365,2015-05-08,test
14657,1245000865,2015-04-08,test
14658,5104220120,2015-01-07,development
14659,9828701608,2014-09-15,development
14660,0098020410,2014-07-21,development
14661,3416601021,2014-09-26,development
14662,3052700610,2014-12-16,development
14663,8818400155,2015-04-05,test
14664,8562901830,2014-08-05,development
14665,8651430870,2015-03-03,development
14666,0721049207,2014-06-19,development
14667,3463400330,2015-04-16,test
14668,6003500995,2014-06-17,development
14669,4139430910,2014-10-21,development
14670,1232000915,2014-05-09,development
14671,1954700365,2015-03-17,test
14672,8074200175,2014-11-06,development
14673,6821101762,2014-06-05,development
14674,1774230180,2014-09-17,development
14675,2051200506,2015-04-13,test
14676,7851200040,2014-12-16,development
14677,4027701326,2014-07-09,development
14678,0923049110,2015-01-29,development
14679,3329500730,2014-11-11,development
14680,5476800201,2014-10-20,development
14681,4139910180,2015-01-14,development
14682,7278100515,2014-08-21,development
14683,9353300220,2015-04-08,test
14684,5253300173,2014-10-22,development
14685,0098000150,2015-01-02,development
14686,8608900205,2015-04-03,test
14687,2895200150,2014-10-13,development
14688,0621069057,2015-03-23,test
14689,8712100760,2014-09-24,development
14690,0255520180,2014-12-18,development
14691,1025059186,2014-09-17,development
14692,0797000330,2015-04-02,test
14693,6403510410,2014-09-05,development
14694,4324210120,2014-05-27,development
14695,6381500450,2014-11-04,development
14696,7609700065,2014-06-30,development
14697,6192410760,2014-05-26,development
14698,0441000065,2015-05-05,test
14699,9238510220,2014-10-28,development
14700,0293760150,2014-10-17,development
14701,3331001765,2014-09-23,development
14702,1423069077,2014-09-15,development
14703,8123450450,2015-03-10,test
14704,1795910360,2014-09-22,development
14705,7883603965,2015-02-12,development
14706,7937600087,2014-12-09,development
14707,3396820150,2014-05-06,development
14708,3654800040,2015-04-24,test
14709,8039900360,2014-07-08,development
14710,3876540410,2015-04-13,test
14711,7230300610,2015-04-03,test
14712,1180005280,2014-07-23,development
14713,0714000210,2014-09-03,development
14714,3902100205,2015-04-17,test
14715,9285800790,2015-04-06,test
14716,1922000180,2015-04-02,test
14717,6121800065,2014-11-04,development
14718,4427100145,2015-03-23,test
14719,7227800065,2014-10-16,development
14720,7853220330,2014-10-06,development
14721,1430800258,2014-05-27,development
14722,7454001075,2014-06-18,development
14723,4038500210,2015-04-22,test
14724,2310040230,2014-05-20,development
14725,1727500230,2014-11-19,development
14726,3874900205,2015-04-14,test
14727,0269000085,2014-07-08,development
14728,7972602510,2014-10-06,development
14729,7202340720,2014-05-20,development
14730,1254201106,2014-08-29,development
14731,7349650330,2014-06-09,development
14732,9211520150,2014-05-28,development
14733,3438501020,2014-11-05,development
14734,5460900120,2014-12-08,development
14735,7459810210,2014-10-02,development
14736,4032500035,2014-09-13,development
14737,8018600880,2014-06-11,development
14738,2807100156,2014-07-03,development
14739,2112700845,2014-05-28,development
14740,3022079087,2014-05-21,development
14741,2767603577,2015-05-06,test
14742,3955900220,2015-03-17,test
14743,3761100276,2015-03-13,test
14744,6979970150,2014-12-12,development
14745,8857640410,2015-01-19,development
14746,6052400175,2014-06-23,development
14747,2525059077,2014-05-20,development
14748,5040800120,2014-05-27,development
14749,8682262380,2014-09-05,development
14750,2521059060,2015-05-01,test
14751,7526800040,2014-08-27,development
14752,4104900150,2015-04-14,test
14753,5409800120,2014-09-19,development
14754,2423039122,2014-07-18,development
14755,6143600555,2014-06-09,development
14756,5029451010,2014-07-11,development
14757,6649500040,2014-08-12,development
14758,2922700155,2014-11-25,development
14759,0422049203,2014-10-24,development
14760,5412200180,2015-02-28,development
14761,6338000032,2014-08-27,development
14762,8161000210,2014-08-14,development
14763,5028600360,2014-07-25,development
14764,1952000150,2014-05-06,development
14765,9510920040,2015-03-05,development
14766,9834200411,2014-11-13,development
14767,2960900040,2014-05-21,development
14768,1112000035,2015-03-11,test
14769,1982200790,2015-01-27,development
14770,3361401011,2015-02-19,development
14771,1695900150,2014-05-28,development
14772,1240100065,2015-04-24,test
14773,0421049254,2014-10-02,development
14774,9412400220,2014-07-10,development
14775,1726069060,2015-04-09,test
14776,6150200040,2015-03-16,test
14777,7300400150,2014-10-27,development
14778,2621730220,2014-05-14,development
14779,4122700040,2014-10-10,development
14780,9161100730,2014-07-01,development
14781,9357001010,2014-10-10,development
14782,8643000210,2015-03-04,development
14783,9828701739,2014-06-17,development
14784,3204400040,2015-03-04,development
14785,3342103282,2014-10-17,development
14786,2420069604,2015-03-30,test
14787,8078050040,2014-09-08,development
14788,7663700150,2014-08-22,development
14789,4167700210,2014-08-26,development
14790,2423020180,2015-05-07,test
14791,2824600180,2014-10-24,development
14792,2013801086,2015-05-13,test
14793,4022900150,2014-12-09,development
14794,3295710150,2014-10-15,development
14795,9476200035,2014-11-20,development
14796,1937300180,2014-06-06,development
14797,4226900211,2014-10-23,development
14798,0424069018,2014-09-05,development
14799,6684500040,2014-12-02,development
14800,8948500065,2014-11-24,development
14801,1972201960,2014-08-25,development
14802,7436200040,2014-11-05,development
14803,3835502815,2014-09-25,development
14804,8856960540,2014-06-20,development
14805,1432400065,2014-06-05,development
14806,4370700065,2015-05-04,test
14807,1725079047,2014-11-04,development
14808,7855000325,2015-02-20,development
14809,2826049098,2014-12-04,development
14810,3750603685,2014-07-23,development
14811,1797500230,2014-08-18,development
14812,3459600330,2015-02-09,development
14813,0546001020,2015-02-18,development
14814,7227502507,2014-07-09,development
14815,0326049060,2014-09-09,development
14816,1525059261,2015-05-05,test
14817,7399300120,2014-05-02,development
14818,7812801590,2014-10-30,development
14819,6699930530,2015-03-25,test
14820,1523069151,2014-07-11,development
14821,7525950180,2014-07-01,development
14822,3623500408,2015-03-30,test
14823,7312200120,2014-07-23,development
14824,4123810210,2014-07-16,development
14825,3902600150,2014-08-20,development
14826,9126101201,2014-09-16,development
14827,2423029009,2014-06-17,development
14828,3300701285,2014-07-30,development
14829,2391601445,2015-03-04,development
14830,7625701175,2014-11-03,development
14831,1843130360,2015-05-07,test
14832,6150700264,2015-02-24,development
14833,3226049080,2015-02-24,development
14834,7889602020,2014-08-19,development
14835,3613600150,2015-01-05,development
14836,3599600276,2014-11-06,development
14837,2193320210,2014-08-05,development
14838,9117100040,2014-08-28,development
14839,0522039106,2014-06-06,development
14840,2424059018,2014-06-12,development
14841,1959700540,2014-11-04,development
14842,2767900355,2014-06-27,development
14843,1310820150,2014-08-12,development
14844,6802200230,2015-02-09,development
14845,3421049044,2015-04-09,test
14846,4036400040,2015-02-09,development
14847,1193000450,2015-04-10,test
14848,3819800580,2014-12-04,development
14849,6873000120,2014-05-12,development
14850,9830200230,2015-01-20,development
14851,2301400276,2014-09-08,development
14852,5153200150,2014-12-03,development
14853,1465400120,2015-03-26,test
14854,8121200620,2015-04-16,test
14855,0324000530,2014-07-08,purged
14856,0324000530,2015-03-23,test
14857,1328320760,2014-12-18,development
14858,3626039268,2014-05-16,development
14859,3585900665,2014-06-06,development
14860,7625701830,2014-10-23,development
14861,3524049042,2014-05-27,development
14862,9211500150,2015-01-17,development
14863,7760400880,2014-09-29,development
14864,0686450330,2014-09-15,development
14865,2617900035,2014-12-01,development
14866,7936800150,2014-07-02,development
14867,8651441750,2014-05-15,development
14868,3664500133,2014-11-17,development
14869,1823069213,2014-05-05,development
14870,7525211520,2015-03-18,test
14871,4034900065,2014-05-30,development
14872,2558690150,2014-07-07,development
14873,5016001325,2014-05-16,development
14874,1311800220,2015-02-18,development
14875,4128000020,2014-06-13,development
14876,1125059071,2014-05-22,development
14877,3274850130,2014-12-03,development
14878,1925069099,2014-08-25,development
14879,3395050050,2014-11-14,development
14880,4058800500,2014-07-10,development
14881,1311600020,2014-08-21,development
14882,8679400130,2015-05-06,test
14883,9485760050,2014-08-26,development
14884,4055700920,2014-10-07,development
14885,8673400177,2015-04-02,test
14886,3500100089,2014-07-15,development
14887,8730600050,2014-08-25,development
14888,3755100005,2014-07-30,development
14889,8651442880,2014-05-16,development
14890,1720069075,2015-05-08,test
14891,4309700190,2014-07-24,development
14892,3972300169,2014-11-25,development
14893,6817810190,2014-07-01,development
14894,7855400630,2014-09-22,development
14895,1163400020,2015-04-03,test
14896,7214400095,2014-10-27,development
14897,6799300130,2014-06-23,development
14898,4376800010,2014-08-14,development
14899,2125059163,2014-07-03,development
14900,1770000460,2014-12-03,development
14901,1125079088,2015-04-02,test
14902,1842300050,2014-07-02,development
14903,9828702156,2015-02-19,development
14904,7625702155,2014-10-14,development
14905,0585000095,2014-12-16,development
14906,3903200050,2015-03-24,test
14907,8563080020,2014-10-28,development
14908,5379805475,2014-06-09,development
14909,9558050780,2015-04-14,test
14910,3782400190,2014-08-12,development
14911,1423069063,2014-07-11,development
14912,2926049504,2015-04-02,test
14913,0126039252,2014-07-09,development
14914,2622029073,2014-09-05,development
14915,9187200345,2014-07-09,development
14916,2621760480,2014-10-14,development
14917,7986401205,2015-04-25,test
14918,4447300137,2014-06-04,development
14919,2147300050,2014-08-22,development
14920,4458300190,2015-04-24,test
14921,3751606785,2014-07-22,development
14922,4287400005,2014-07-31,development
14923,6613000715,2014-07-21,development
14924,7702010050,2015-03-23,test
14925,2770602360,2015-04-21,test
14926,9551201155,2014-07-28,development
14927,1823049242,2014-10-06,development
14928,1513800170,2015-04-02,test
14929,4027700396,2014-08-28,development
14930,7203210170,2014-08-19,development
14931,3013300895,2014-07-18,development
14932,5608010050,2014-12-29,development
14933,6370000005,2014-08-27,development
14934,1922059102,2014-09-24,development
14935,6738700005,2014-05-29,development
14936,1138020020,2015-02-17,development
14937,5437820250,2014-11-10,development
14938,7923700020,2014-11-21,development
14939,0293600080,2014-06-17,development
14940,3627800050,2014-07-15,development
14941,4047200950,2014-06-09,development
14942,5458800425,2015-04-23,test
14943,2887700826,2014-05-29,development
14944,7856700920,2014-06-28,development
14945,0627300190,2014-08-12,development
14946,5634500182,2014-07-15,development
14947,2472950170,2015-05-07,test
14948,9557300190,2014-07-11,development
14949,2314300170,2014-11-04,development
14950,7547300050,2014-05-15,development
14951,7985400089,2014-05-15,development
14952,0322059049,2014-10-03,development
14953,2344300170,2014-08-15,development
14954,0011501330,2014-09-02,development
14955,7300200290,2014-05-06,development
14956,4331000595,2014-09-10,development
14957,7853340660,2014-08-06,development
14958,7525570020,2015-04-21,test
14959,6306100190,2014-05-21,development
14960,1424059142,2014-06-05,development
14961,5700003810,2014-07-23,development
14962,2595650170,2014-06-09,development
14963,9530100225,2015-04-09,test
14964,3856901760,2014-12-15,development
14965,1387301350,2014-11-23,development
14966,7974200822,2014-05-30,development
14967,8039900130,2014-07-30,development
14968,4139460290,2014-08-28,development
14969,8078520280,2015-03-23,test
14970,8691510290,2015-05-06,test
14971,4217400680,2014-10-06,development
14972,1336800670,2014-12-29,development
14973,1545801850,2014-07-23,development
14974,6386600170,2014-10-01,development
14975,1373800170,2014-06-30,development
14976,1394300005,2014-05-07,development
14977,7011201087,2014-08-04,development
14978,1623069071,2014-11-05,development
14979,1982200480,2015-04-02,test
14980,8089510170,2014-10-27,development
14981,5560000480,2014-09-08,development
14982,6308000010,2014-12-08,purged
14983,6308000010,2015-04-23,test
14984,4136960010,2015-03-27,test
14985,8665900168,2014-11-05,development
14986,8691510170,2015-02-04,development
14987,9187200095,2014-12-02,development
14988,4221260050,2014-09-03,development
14989,8562740480,2015-04-14,test
14990,6806100250,2015-03-05,development
14991,7853300280,2015-02-13,development
14992,6446200190,2015-04-20,test
14993,4222310010,2014-12-26,purged
14994,4222310010,2015-04-20,test
14995,4054550010,2015-04-13,test
14996,1440700190,2014-06-23,development
14997,5569620050,2014-07-21,development
14998,1840200080,2014-12-03,development
14999,9268200585,2014-09-03,development
15000,7454000585,2015-04-27,test
15001,7504021310,2014-05-06,development
15002,7504021310,2014-12-04,development
15003,8024201795,2014-11-17,development
15004,8638500170,2015-04-22,test
15005,5437400630,2014-10-16,development
15006,9264000010,2014-07-29,development
15007,3832600080,2015-05-04,test
15008,9477001350,2014-07-22,development
15009,0809001060,2014-05-13,development
15010,2771604120,2014-11-11,development
15011,9541800190,2014-10-10,development
15012,4038400130,2014-07-11,development
15013,1253200290,2015-02-12,development
15014,2558650130,2014-09-16,development
15015,8732190170,2014-12-10,development
15016,1703400585,2014-12-15,development
15017,1250202115,2015-01-20,development
15018,9264911150,2015-04-23,test
15019,7696300080,2014-09-14,development
15020,1931300010,2015-05-01,test
15021,2771602425,2014-07-21,development
15022,2210500010,2014-09-30,development
15023,1253200170,2014-05-20,development
15024,6646200420,2015-01-02,development
15025,8822901024,2015-04-23,test
15026,1323089056,2014-11-10,development
15027,3629950010,2014-08-20,development
15028,7889100020,2015-04-14,test
15029,7212680020,2014-12-19,development
15030,2222049108,2014-09-18,development
15031,7129303070,2014-08-20,development
15032,6744700424,2014-06-26,development
15033,1727000680,2014-12-09,development
15034,3226049134,2014-09-02,development
15035,1760600009,2014-08-29,development
15036,3352400351,2014-11-21,development
15037,8563000250,2014-08-12,development
15038,1370800680,2015-03-24,test
15039,2726049034,2014-11-10,development
15040,3623059027,2014-10-22,development
15041,3205500020,2015-04-08,test
15042,8924100305,2015-03-25,test
15043,7524300020,2014-08-20,development
15044,2436200715,2014-05-06,development
15045,5469501850,2014-06-29,development
15046,9187200275,2015-04-20,test
15047,0274000020,2014-08-08,development
15048,6151800225,2015-04-09,test
15049,8924600020,2014-11-14,development
15050,4003000285,2014-05-04,development
15051,0290000095,2014-06-17,development
15052,1565930130,2014-11-04,development
15053,6123000225,2014-06-25,development
15054,4385700285,2014-09-03,development
15055,2469000010,2015-03-23,test
15056,5205000020,2015-04-09,test
15057,0461002890,2014-06-19,development
15058,1823059030,2014-08-18,development
15059,8848400020,2015-03-27,test
15060,4122500095,2015-04-13,test
15061,2597300020,2014-11-13,development
15062,2788400020,2014-07-10,development
15063,7856610130,2014-07-21,development
15064,3303860460,2015-04-15,test
15065,2112700920,2014-10-14,development
15066,6880210020,2015-03-08,development
15067,6139100101,2015-05-05,test
15068,7202330920,2014-08-07,development
15069,8146300020,2014-05-29,development
15070,7418000130,2014-12-11,development
15071,9276200635,2015-04-30,test
15072,0251610020,2015-05-08,test
15073,8825900020,2014-08-11,development
15074,3856903495,2014-07-09,development
15075,6382500020,2014-08-05,development
15076,0522059352,2015-03-26,test
15077,1778500595,2015-04-13,test
15078,4083300595,2014-12-08,development
15079,2100200020,2014-12-09,development
15080,2597500840,2014-07-07,development
15081,7935000595,2014-10-08,development
15082,7857003318,2014-08-16,development
15083,9211520020,2014-08-22,development
15084,1460000080,2014-07-31,development
15085,3444120130,2015-03-27,test
15086,0908000010,2014-12-12,development
15087,3123800080,2014-11-12,development
15088,8641500345,2014-12-19,development
15089,3717000250,2015-04-22,test
15090,7697860130,2015-01-06,development
15091,9169100130,2014-10-07,development
15092,2944500470,2014-06-05,development
15093,7424110130,2014-05-15,development
15094,4037000635,2015-03-27,test
15095,2141500020,2014-12-17,development
15096,0952000725,2014-10-21,development
15097,9550204620,2015-05-12,test
15098,6891800250,2015-04-06,test
15099,7812801850,2014-10-15,development
15100,7504180170,2014-07-07,development
15101,0686800080,2014-06-12,development
15102,7853300290,2015-03-24,test
15103,7905380380,2014-12-09,development
15104,1972202320,2015-04-27,test
15105,1710400007,2014-12-11,development
15106,2985800225,2015-04-01,test
15107,1721059069,2014-07-17,development
15108,7852160170,2015-04-22,test
15109,0626049102,2015-03-24,test
15110,7349660050,2014-11-18,development
15111,1231000660,2014-05-21,development
15112,9558900010,2014-10-06,development
15113,3897100170,2014-08-27,development
15114,1150700170,2014-09-26,development
15115,2769600305,2015-01-15,development
15116,3876001330,2015-04-24,test
15117,0984220290,2015-02-10,development
15118,3616600250,2014-05-27,development
15119,1529200480,2014-05-18,development
15120,2533300680,2014-10-07,development
15121,6752600130,2015-04-13,test
15122,9332800020,2014-07-15,development
15123,1121000095,2014-11-05,development
15124,6751500285,2014-07-31,development
15125,1310370020,2014-07-08,development
15126,4019300680,2014-12-31,development
15127,4408100095,2014-05-02,development
15128,8944460020,2015-03-05,development
15129,8824900020,2015-03-27,test
15130,7135520780,2014-05-06,development
15131,0179001101,2015-01-05,development
15132,4177100005,2015-04-03,test
15133,0910000104,2014-08-06,development
15134,3353400840,2014-12-02,development
15135,8964800050,2015-03-04,development
15136,0726049217,2014-11-10,development
15137,2926049376,2015-04-20,test
15138,5589300715,2014-08-29,development
15139,7229900285,2014-09-17,development
15140,2722059215,2014-06-03,development
15141,2473372040,2015-01-02,development
15142,3546000630,2014-08-26,development
15143,7888400500,2015-05-08,test
15144,1823049182,2014-09-15,development
15145,8712100020,2015-01-27,development
15146,7961500010,2014-08-06,development
15147,7961500010,2015-03-04,development
15148,2424400130,2014-05-18,development
15149,9406510130,2015-05-05,test
15150,3832700250,2014-09-29,development
15151,0809000525,2014-08-26,development
15152,1370800225,2015-03-18,test
15153,3388100020,2014-08-12,development
15154,2770604615,2014-11-21,development
15155,3754700420,2015-04-01,test
15156,6669020290,2014-10-23,development
15157,6669020290,2015-03-04,development
15158,5493110020,2015-01-16,development
15159,6064800470,2014-08-05,development
15160,9304400010,2014-07-30,development
15161,5566100170,2014-10-29,development
15162,3025049028,2014-12-16,development
15163,2848700095,2015-04-02,test
15164,2172000894,2015-04-17,test
15165,3034200660,2014-06-19,development
15166,3304700130,2015-01-28,development
15167,6661200080,2014-11-17,development
15168,8835800480,2015-02-23,development
15169,7853430660,2014-09-10,development
15170,7511200020,2014-08-29,development
15171,2597670080,2015-03-16,test
15172,2423010130,2015-03-06,development
15173,2927600415,2014-08-21,development
15174,2770604665,2015-02-02,development
15175,0425049181,2014-09-12,development
15176,3223059217,2014-11-04,development
15177,6669240130,2014-10-22,development
15178,3303960080,2015-03-31,test
15179,2413910190,2015-02-02,development
15180,9185700285,2014-12-23,development
15181,4040800050,2014-11-19,development
15182,3438500742,2014-08-26,development
15183,2326300010,2014-05-20,development
15184,4322200050,2014-12-17,development
15185,6403510130,2014-11-14,development
15186,4307340130,2014-06-22,development
15187,7237600130,2015-03-26,test
15188,5706300020,2014-11-25,development
15189,6446200050,2015-05-04,test
15190,7744500020,2014-08-26,development
15191,3971700635,2015-05-06,test
15192,3625059109,2014-05-08,development
15193,6379500216,2014-05-13,development
15194,1123049027,2015-03-19,test
15195,1938400010,2014-12-17,development
15196,3204900010,2015-02-11,development
15197,6979900010,2014-09-05,development
15198,1422069069,2015-02-05,development
15199,9834200305,2014-07-16,development
15200,9834200305,2015-02-10,development
15201,3396820010,2015-02-23,development
15202,1929300415,2014-11-19,development
15203,8001600130,2015-05-01,test
15204,3835500585,2014-10-16,development
15205,7518505910,2014-11-19,development
15206,7518505610,2015-03-25,test
15207,5412100920,2014-12-03,development
15208,2329700440,2014-10-27,development
15209,0923000413,2014-08-18,development
15210,9406521150,2015-03-05,development
15211,0810000080,2015-03-10,test
15212,3762900130,2014-07-15,development
15213,1651800010,2014-07-02,development
15214,3876500290,2015-03-05,development
15215,4443800545,2015-03-30,test
15216,9218400050,2014-12-27,development
15217,1023059108,2015-04-30,test
15218,2787250190,2014-07-17,development
15219,4019301205,2014-12-02,development
15220,2607760190,2015-03-31,test
15221,1250203135,2014-07-01,development
15222,1424069069,2014-05-22,development
15223,7304301300,2014-07-02,development
15224,8835400290,2015-03-09,development
15225,3630030440,2014-09-23,development
15226,1088000050,2015-02-13,development
15227,7504010480,2015-04-17,test
15228,8644500010,2015-03-20,test
15229,1326059142,2014-10-28,development
15230,3754501205,2015-04-29,test
15231,7625701900,2015-02-22,development
15232,1926049398,2014-10-13,development
15233,6372000190,2014-08-26,development
15234,3622059088,2014-05-13,development
15235,0809003105,2015-04-08,test
15236,8956000250,2014-09-03,development
15237,1241500351,2014-09-29,development
15238,7457400250,2015-01-06,development
15239,6154900130,2014-12-02,development
15240,1853500130,2015-02-25,development
15241,1854750010,2014-08-20,development
15242,9320500080,2014-05-10,development
15243,7228500415,2014-08-26,development
15244,3142600130,2014-06-17,development
15245,0629000605,2015-02-27,development
15246,5536100005,2014-08-08,development
15247,3990000050,2014-06-16,development
15248,1320069249,2014-10-20,development
15249,9357000635,2015-03-23,test
15250,2207200635,2014-06-02,development
15251,3798000130,2014-07-25,development
15252,2680700010,2014-07-24,development
15253,3066200440,2014-06-08,development
15254,3293400020,2015-01-16,development
15255,2425049063,2014-09-11,development
15256,0114101426,2014-06-17,development
15257,0100500020,2014-09-11,development
15258,1732800780,2015-02-12,development
15259,7955050250,2014-11-25,development
15260,3521059134,2014-05-23,development
15261,6908200006,2014-09-19,development
15262,4012800010,2014-05-06,development
15263,0629800660,2014-09-09,development
15264,0425059024,2015-01-29,development
15265,8911000425,2014-09-18,development
15266,3438502066,2015-04-08,test
15267,3022039069,2015-03-26,test
15268,1862400471,2014-08-20,development
15269,7518505851,2014-06-16,development
15270,5101408678,2014-11-20,development
15271,3296900130,2014-10-07,development
15272,9513900050,2014-08-12,development
15273,2624089022,2015-03-14,test
15274,4024100670,2015-05-06,test
15275,1862910050,2014-07-22,development
15276,8651720420,2015-04-28,test
15277,2619920170,2014-10-01,development
15278,2619920170,2014-12-19,development
15279,0225039069,2014-10-10,development
15280,3878900525,2015-02-13,development
15281,7137970130,2014-12-18,development
15282,6632300122,2014-07-14,development
15283,2770602135,2014-05-14,development
15284,3584800010,2015-04-08,test
15285,8950500250,2015-04-21,test
15286,7011201306,2015-02-12,development
15287,4438400020,2014-05-12,development
15288,8651440250,2015-04-13,test
15289,0203900920,2014-07-15,development
15290,2458400345,2014-10-28,development
15291,6664000130,2014-10-13,development
15292,2685600005,2015-04-07,test
15293,0040000362,2014-05-06,development
15294,3582700130,2015-04-09,test
15295,3013300980,2015-05-06,test
15296,2597000130,2015-04-30,test
15297,6169900545,2014-06-25,development
15298,1328340630,2015-04-03,test
15299,0705730280,2014-08-19,purged
15300,0705730280,2015-04-21,test
15301,5379805910,2014-11-13,development
15302,2887700091,2014-09-23,development
15303,7732410420,2014-06-17,development
15304,7806500290,2014-08-18,development
15305,1565600130,2014-08-21,development
15306,2473100280,2015-04-17,test
15307,3826000460,2015-03-13,test
15308,1823069088,2015-05-04,test
15309,1901600095,2014-06-26,development
15310,9285800020,2014-08-27,development
15311,3383900048,2014-10-22,development
15312,1423700680,2015-02-26,development
15313,9264930980,2014-07-28,development
15314,3825311190,2014-07-25,development
15315,9122500080,2015-04-28,test
15316,1189000130,2014-09-15,development
15317,3347400525,2014-12-16,development
15318,8091411100,2015-02-04,development
15319,4384000020,2014-07-03,development
15320,0321059132,2015-04-27,test
15321,1016000080,2014-11-25,development
15322,3585900305,2014-10-30,development
15323,2922701305,2015-04-02,test
15324,8123500050,2014-06-24,development
15325,5547500050,2014-09-17,development
15326,5469700020,2015-02-06,development
15327,9358400080,2014-06-27,development
15328,1257200050,2014-07-31,development
15329,1180005220,2015-05-05,test
15330,9536600010,2014-12-23,development
15331,6140100022,2014-08-26,development
15332,6140100095,2014-05-20,development
15333,4037800020,2014-10-08,development
15334,0322069180,2014-11-20,development
15335,9348700020,2014-08-25,development
15336,7414200010,2014-12-18,development
15337,7849200635,2014-06-30,development
15338,1524800005,2014-08-12,development
15339,8045600130,2014-05-28,development
15340,5559200170,2015-04-30,test
15341,5700000275,2014-05-28,development
15342,3224900130,2014-05-14,development
15343,4397010480,2015-04-13,test
15344,2310000250,2015-05-06,test
15345,8731902340,2014-09-18,development
15346,3630000080,2014-06-06,development
15347,4139900050,2014-05-19,development
15348,9191200380,2014-12-22,development
15349,0930000415,2014-12-04,development
15350,5450300020,2014-06-18,development
15351,8898700440,2014-11-24,development
15352,1238501188,2014-08-08,development
15353,0644210020,2015-01-05,development
15354,3066200460,2014-12-18,development
15355,3422049088,2015-03-24,test
15356,6433000050,2014-08-21,development
15357,7215410430,2014-07-28,development
15358,5316100255,2014-09-04,development
15359,2413300980,2014-12-17,development
15360,1175000280,2014-11-07,development
15361,7304300420,2014-08-01,development
15362,0059000250,2014-12-03,development
15363,1441300130,2014-12-24,development
15364,1075100050,2014-09-16,development
15365,7972000010,2014-05-20,development
15366,7972000010,2014-10-21,development
15367,5113400364,2015-01-26,development
15368,5076900010,2014-05-13,development
15369,3526039193,2015-04-07,test
15370,7905380280,2014-08-22,development
15371,7936500221,2015-01-14,development
15372,5100404761,2014-08-13,development
15373,0510000050,2014-12-03,development
15374,7148700050,2015-01-26,development
15375,3271800185,2014-11-21,development
15376,2652501470,2014-05-21,development
15377,1568100920,2015-04-08,test
15378,7738500185,2014-09-23,development
15379,9133600130,2015-01-05,development
15380,3298720010,2015-04-12,test
15381,2856101479,2014-07-01,development
15382,5710610250,2014-07-01,development
15383,0163000010,2014-07-02,development
15384,1062100095,2014-08-22,development
15385,1437900020,2015-02-25,development
15386,8073000585,2014-07-15,development
15387,3342700491,2014-08-14,development
15388,3395800305,2014-06-05,development
15389,2923500010,2015-01-14,development
15390,3629970680,2014-11-12,development
15391,2408800130,2014-07-23,development
15392,2204500480,2015-01-07,development
15393,7708000010,2014-11-07,development
15394,2639400020,2014-08-01,development
15395,7883604095,2014-12-09,development
15396,3055800020,2015-03-10,test
15397,7195800009,2014-12-10,development
15398,8946750170,2015-04-21,test
15399,5603700095,2014-06-10,development
15400,8819900170,2014-08-25,development
15401,3999300290,2014-10-16,development
15402,2791500280,2014-11-19,development
15403,8820903560,2014-12-16,development
15404,4401200460,2014-10-20,development
15405,3394100020,2014-11-20,development
15406,2880100795,2014-11-05,development
15407,0104560280,2014-05-22,development
15408,2133010290,2014-07-24,development
15409,1723049008,2014-08-22,development
15410,8146100095,2014-05-15,development
15411,7715800430,2014-11-04,development
15412,9510900630,2014-06-17,development
15413,9414610020,2014-06-18,development
15414,1160000255,2014-08-18,development
15415,0777100005,2014-11-22,development
15416,3205100130,2014-05-06,development
15417,2929600020,2014-08-05,development
15418,2420069242,2014-09-25,development
15419,5009600010,2014-06-12,development
15420,2414600255,2015-04-03,test
15421,9359300250,2014-06-04,development
15422,3629980920,2014-07-15,development
15423,6679001060,2014-12-18,development
15424,1702900664,2015-04-16,test
15425,0928000020,2015-01-28,development
15426,0705710290,2015-04-20,test
15427,8155830020,2014-12-02,development
15428,9378700190,2015-03-16,test
15429,5104200420,2015-03-16,test
15430,9550202140,2014-11-17,development
15431,7855300460,2014-09-23,development
15432,9346960050,2014-11-07,development
15433,2254501440,2015-04-21,test
15434,3732800525,2014-07-09,development
15435,2525059134,2014-10-16,development
15436,8562891100,2014-09-10,development
15437,4094800380,2015-04-27,test
15438,5104530680,2015-01-16,development
15439,2917200675,2015-01-27,development
15440,8732030440,2014-08-13,development
15441,7779200275,2014-06-13,development
15442,6121800050,2014-10-29,development
15443,5652601155,2015-04-15,test
15444,3261020080,2014-12-24,development
15445,4060000020,2014-09-18,development
15446,5468730280,2014-10-13,development
15447,7304301045,2015-02-03,development
15448,4077800507,2014-08-21,development
15449,1041500020,2014-09-08,development
15450,1423089134,2014-08-15,development
15451,3992700048,2014-07-18,development
15452,2172000285,2015-03-23,test
15453,8813400345,2015-04-14,test
15454,5487300020,2015-01-21,development
15455,7201800280,2014-07-15,development
15456,8856000545,2014-05-07,development
15457,0567000380,2015-03-02,development
15458,1450100020,2015-02-09,development
15459,7950302995,2014-11-10,development
15460,1446110020,2014-09-10,development
15461,8914100080,2015-03-11,test
15462,3333000655,2015-05-11,test
15463,8019201061,2015-01-15,development
15464,8570900328,2014-06-03,development
15465,5631500947,2015-01-22,development
15466,0254000020,2014-06-05,development
15467,1929300305,2014-06-23,development
15468,4202400078,2015-01-28,purged
15469,4202400078,2015-04-28,test
15470,2968800010,2014-09-04,development
15471,2880100675,2014-05-14,development
15472,1024000050,2014-07-18,development
15473,6072400280,2014-06-19,development
15474,2329600280,2015-02-02,development
15475,6822100050,2014-09-18,development
15476,1420400130,2014-12-26,development
15477,7732400280,2014-05-14,development
15478,4397000500,2014-06-30,development
15479,9560700010,2014-08-01,development
15480,6131600285,2014-10-24,development
15481,8956500020,2014-08-18,development
15482,0624069108,2014-08-12,development
15483,1727500280,2014-08-20,development
15484,4029400080,2015-04-06,test
15485,2873000920,2015-03-31,test
15486,1402900460,2015-02-23,development
15487,8125200480,2015-05-08,test
15488,1087900050,2014-06-03,development
15489,7937900280,2015-04-24,test
15490,1096100010,2014-10-28,development
15491,2050100250,2014-09-03,development
15492,8691370500,2015-03-26,test
15493,7147600225,2014-11-13,development
15494,4021100095,2015-01-21,development
15495,7524000280,2014-10-30,development
15496,3205200430,2015-04-15,test
15497,7922720250,2015-05-06,test
15498,3644100095,2015-02-05,development
15499,3425079088,2014-08-19,development
15500,8730000250,2015-02-05,development
15501,2581900235,2014-11-10,development
15502,3793500920,2014-07-31,development
15503,2472920780,2014-11-26,development
15504,8860200010,2015-01-07,development
15505,6823100225,2015-04-14,test
15506,6669070080,2015-04-17,test
15507,7214810050,2015-04-16,test
15508,3791500050,2015-04-29,test
15509,4340610080,2014-08-04,development
15510,7686203620,2014-09-25,development
15511,2013800095,2014-09-04,development
15512,4030100005,2014-12-09,development
15513,8931100095,2014-08-21,development
15514,1954630080,2014-06-19,development
15515,3361402066,2015-04-03,test
15516,0579000595,2014-09-06,development
15517,7701960250,2014-08-11,development
15518,1250200595,2014-07-24,development
15519,2632000080,2014-07-10,development
15520,9323000010,2015-04-16,test
15521,3052700225,2014-08-14,development
15522,3459900305,2014-12-11,development
15523,3530410020,2015-01-14,development
15524,0461005435,2015-02-02,development
15525,8851500050,2015-01-12,development
15526,4094800190,2014-06-23,development
15527,2025701190,2015-05-07,test
15528,0226059120,2015-01-23,development
15529,1818800235,2014-09-05,development
15530,3905080250,2014-09-26,development
15531,3126049415,2015-04-07,test
15532,1245000500,2014-11-03,development
15533,2924069132,2014-05-27,development
15534,0922069169,2014-05-29,development
15535,5015000346,2014-11-04,development
15536,8122101440,2014-07-08,development
15537,6413600285,2014-08-25,development
15538,6145601995,2014-09-24,development
15539,1214000080,2014-06-26,development
15540,3361400980,2015-05-12,test
15541,2826049260,2014-06-20,development
15542,1001200050,2014-09-23,development
15543,8732130680,2014-10-27,development
15544,1310430130,2014-10-09,development
15545,2380000190,2014-07-01,development
15546,0123039626,2014-10-22,development
15547,1257200290,2014-05-12,development
15548,0318900080,2014-10-10,development
15549,8118600080,2015-02-20,development
15550,2023049372,2014-11-07,development
15551,0126059005,2015-01-15,development
15552,6303401150,2014-09-24,development
15553,1732801150,2014-07-01,development
15554,7893800250,2015-04-30,test
15555,1922059298,2015-04-14,test
15556,2391600950,2014-05-02,development
15557,3623029034,2015-03-11,test
15558,0013001991,2014-09-02,development
15559,1156000250,2014-06-02,development
15560,1326059182,2015-04-06,test
15561,3755500080,2014-06-06,development
15562,5042300095,2014-10-31,development
15563,7772800020,2014-08-13,development
15564,3629000080,2015-04-10,test
15565,5126210280,2014-09-26,development
15566,3062600050,2014-07-14,development
15567,5493110080,2014-08-15,development
15568,2560801222,2014-06-18,development
15569,2560801222,2014-11-13,development
15570,2660500095,2015-05-06,test
15571,4083800345,2015-04-27,test
15572,0587800130,2014-12-31,development
15573,8901000585,2015-04-01,test
15574,8650000250,2014-06-07,development
15575,4137050130,2014-06-12,development
15576,3288300920,2015-04-21,test
15577,3374500290,2014-07-14,development
15578,1137400420,2014-10-28,development
15579,3222059130,2014-06-16,development
15580,3959400345,2015-03-11,test
15581,3971701990,2014-08-12,development
15582,0686530170,2014-10-22,development
15583,0808300470,2014-12-02,development
15584,7129303180,2014-10-02,development
15585,8944460290,2014-10-23,development
15586,2128000050,2014-08-15,development
15587,4139910170,2014-12-16,development
15588,8122100235,2015-04-13,test
15589,1117000050,2015-03-13,test
15590,5361700020,2015-03-17,test
15591,1315300095,2014-08-12,development
15592,5093300280,2014-07-09,development
15593,3438503214,2015-04-07,test
15594,2346800461,2014-06-13,development
15595,1826049408,2015-04-27,test
15596,5468780020,2015-03-26,test
15597,1126059091,2014-09-15,development
15598,3010300415,2015-02-11,development
15599,0619079016,2014-06-02,development
15600,3449800010,2015-03-09,development
15601,1231000500,2014-09-05,development
15602,4191500130,2014-07-28,development
15603,0104550660,2014-07-28,development
15604,1769600066,2014-12-11,development
15605,3762900020,2014-06-24,development
15606,1626069253,2014-05-06,development
15607,3904100089,2014-08-01,purged
15608,3904100089,2015-03-18,test
15609,1797500780,2014-05-21,development
15610,7614100080,2015-02-11,development
15611,0087000006,2015-04-13,test
15612,8074200185,2014-08-25,development
15613,9310300185,2015-03-25,test
15614,1433100010,2015-01-28,development
15615,7129302555,2014-10-03,development
15616,0809002705,2014-07-10,development
15617,3026079005,2014-10-17,development
15618,2413910050,2015-02-13,development
15619,8078550190,2015-03-02,development
15620,2225079030,2014-12-12,development
15621,2019200480,2014-08-13,development
15622,9274202005,2014-07-02,development
15623,3834500170,2015-01-16,development
15624,1223039242,2015-01-26,development
15625,7657600005,2014-10-31,development
15626,8963300005,2014-11-06,development
15627,2287000280,2014-09-17,development
15628,0686300420,2014-06-23,development
15629,9335400005,2014-10-10,development
15630,2321059093,2014-08-05,development
15631,7732410380,2014-06-04,development
15632,3625049088,2014-07-02,development
15633,0013001795,2014-10-14,development
15634,1604602195,2015-02-23,development
15635,1003400250,2014-06-05,development
15636,0042000006,2014-09-10,development
15637,1193000380,2015-03-30,test
15638,6300500545,2014-07-09,development
15639,0538000190,2015-02-13,development
15640,2826049091,2014-09-29,development
15641,6147650170,2014-05-14,development
15642,3630030500,2014-06-12,development
15643,6844701680,2015-03-25,test
15644,9542000275,2015-04-06,test
15645,1423600020,2014-06-26,development
15646,8944460170,2014-11-06,development
15647,6431000005,2014-11-23,development
15648,3755000020,2014-09-17,development
15649,1503200050,2014-11-18,development
15650,2599000130,2014-07-16,development
15651,0871001980,2014-05-06,development
15652,1774000170,2015-01-05,development
15653,8945300290,2015-02-26,development
15654,9433000480,2014-09-22,development
15655,6672920050,2014-06-17,development
15656,7893805650,2014-05-05,purged
15657,7893805650,2015-03-13,test
15658,9542830480,2015-05-04,test
15659,3824100364,2015-01-20,development
15660,9542850290,2014-08-25,development
15661,5726500130,2015-04-07,test
15662,1862400285,2014-10-16,development
15663,6123600285,2014-11-07,development
15664,6838000170,2014-08-29,development
15665,2922069134,2014-08-29,development
15666,2767603165,2015-01-22,development
15667,1118001835,2014-12-23,development
15668,4030100290,2014-10-01,development
15669,9828702335,2015-02-12,development
15670,8141200080,2014-08-14,development
15671,9407101850,2014-12-09,development
15672,9542830050,2015-04-22,test
15673,4038300010,2014-09-22,development
15674,1898700050,2015-04-28,test
15675,0826000480,2014-08-26,development
15676,6163901150,2014-11-09,development
15677,3956900480,2014-09-03,development
15678,3824100020,2015-02-03,development
15679,5026900235,2014-09-11,development
15680,1330850130,2015-02-18,development
15681,1726059134,2014-10-10,development
15682,2767604551,2014-08-22,development
15683,7424600020,2014-10-27,development
15684,8731000010,2014-05-15,development
15685,5104200380,2014-10-14,development
15686,1311030430,2014-08-04,development
15687,3585900190,2014-10-06,development
15688,0098020630,2015-04-14,test
15689,3826500470,2015-04-15,test
15690,5422560660,2014-10-30,development
15691,0267000130,2014-06-03,development
15692,6117502230,2014-12-01,development
15693,2402100675,2015-02-10,development
15694,1624059224,2014-06-18,development
15695,3811000250,2014-09-29,development
15696,8029520250,2015-03-18,test
15697,3438501150,2014-07-28,development
15698,3582900280,2014-06-06,development
15699,3521069142,2015-02-24,development
15700,0646910020,2014-08-28,development
15701,1026069134,2014-08-25,development
15702,5230000020,2014-06-30,development
15703,1442740010,2014-11-07,development
15704,7937600010,2014-12-12,development
15705,1545801410,2015-01-28,development
15706,1235700073,2015-03-18,test
15707,7806450050,2014-10-29,development
15708,3250500103,2015-04-08,test
15709,2624300080,2014-07-24,development
15710,7568700525,2015-03-18,test
15711,7683800010,2015-04-21,test
15712,3089000005,2014-07-24,development
15713,9510970010,2015-04-29,test
15714,9560800290,2014-08-14,development
15715,1385100050,2014-07-16,development
15716,3294700101,2014-09-09,development
15717,8021700725,2014-09-04,development
15718,4038200480,2014-12-01,development
15719,3630180380,2014-07-25,development
15720,2782100280,2014-05-29,development
15721,3797002575,2014-10-10,development
15722,9315600050,2015-03-17,test
15723,1939110080,2014-09-26,development
15724,5423030380,2015-05-06,test
15725,5693501100,2014-07-31,development
15726,1612500170,2015-02-26,development
15727,6116500290,2014-07-14,development
15728,2450000275,2014-07-16,development
15729,2194100050,2014-09-29,development
15730,3782760280,2014-10-02,development
15731,4320200020,2014-09-22,development
15732,2944500420,2014-12-11,development
15733,3616600231,2014-06-03,development
15734,6758700050,2015-04-01,test
15735,2545900050,2014-05-09,development
15736,8824900050,2014-06-12,development
15737,6300000213,2014-07-03,development
15738,2211700290,2014-12-04,development
15739,0739500050,2014-07-01,development
15740,6190500380,2014-10-27,development
15741,5129000006,2015-04-19,test
15742,2112700280,2014-08-11,development
15743,9828702895,2014-10-22,development
15744,2026059181,2014-11-20,development
15745,3295610080,2015-04-01,test
15746,1474000050,2014-05-08,development
15747,2896400170,2015-03-16,test
15748,3342103281,2014-10-20,development
15749,7172200080,2015-03-19,test
15750,5209200010,2014-07-31,development
15751,6744700427,2014-05-07,development
15752,1328310440,2014-09-16,development
15753,2710600080,2014-08-25,development
15754,8651611980,2015-03-24,test
15755,1541700010,2014-10-01,development
15756,0477000019,2014-06-20,development
15757,8165501700,2015-04-30,test
15758,9534400010,2015-04-23,test
15759,7577700185,2014-07-09,development
15760,0257000263,2014-10-21,development
15761,8638500020,2014-09-11,development
15762,0452001310,2014-08-25,development
15763,7852000500,2014-07-02,development
15764,4219401236,2014-05-20,development
15765,1622069127,2014-11-18,development
15766,2644300005,2015-04-12,test
15767,3211260290,2015-03-09,development
15768,3625500130,2014-05-30,development
15769,6819100380,2014-08-30,development
15770,8562600500,2015-01-09,development
15771,9279200280,2014-06-23,development
15772,6788201440,2015-04-07,test
15773,2624089026,2014-10-02,development
15774,8698600080,2014-09-10,development
15775,0425069136,2015-04-10,test
15776,5528600050,2015-02-11,development
15777,8682290660,2014-11-26,development
15778,1839920050,2015-04-14,test
15779,6624010010,2015-05-06,test
15780,9406590010,2014-10-29,development
15781,3575305362,2014-12-15,development
15782,8835900010,2014-08-04,development
15783,7199000290,2014-09-05,development
15784,6669150280,2015-04-14,test
15785,2619600010,2014-05-13,development
15786,2314300420,2014-09-16,development
15787,9512500380,2014-10-10,development
15788,8653600050,2015-02-25,development
15789,4045900020,2015-04-13,test
15790,1311800130,2015-01-23,development
15791,9542890010,2014-11-13,development
15792,4027700795,2015-03-18,test
15793,7013200280,2014-07-02,development
15794,2460700430,2014-06-27,development
15795,6147650280,2015-03-25,test
15796,3574800010,2015-04-28,test
15797,8731981640,2014-12-04,development
15798,1525069134,2015-03-12,test
15799,2824069180,2014-08-06,development
15800,0751000080,2014-11-17,development
15801,2044500213,2014-06-17,development
15802,2044500213,2015-01-26,development
15803,1703400470,2014-12-19,development
15804,7363600185,2015-03-30,test
15805,3904901300,2015-04-14,test
15806,7548300425,2015-04-03,test
15807,4123830480,2014-06-10,development
15808,9477000280,2014-08-07,development
15809,8567450080,2015-03-25,test
15810,7129304540,2014-12-20,purged
15811,7129304540,2015-05-14,test
15812,2250000010,2014-12-05,development
15813,5162100660,2014-08-26,development
15814,4140500050,2014-09-08,development
15815,2129700525,2014-10-28,development
15816,4337000275,2015-03-17,test
15817,3942900010,2015-03-05,development
15818,8699100321,2014-06-11,development
15819,7686203180,2014-08-12,development
15820,1193000480,2014-07-24,development
15821,1234000630,2014-10-02,development
15822,8562750250,2014-07-04,development
15823,5088500170,2014-10-27,development
15824,1061500630,2015-02-05,development
15825,8073000491,2014-12-11,development
15826,3277801448,2015-03-12,test
15827,1656600280,2014-10-02,development
15828,4139420190,2015-05-12,test
15829,5360200052,2015-02-24,development
15830,7234601025,2014-08-05,development
15831,8001470480,2015-03-06,development
15832,2597670470,2014-08-13,development
15833,7199330130,2014-07-03,development
15834,4039700080,2015-03-17,test
15835,5317100780,2014-05-12,development
15836,2597450250,2014-07-30,development
15837,2472920680,2015-01-12,development
15838,7436300170,2014-07-28,development
15839,3964400470,2014-07-25,development
15840,7351200050,2014-12-18,development
15841,1377800277,2014-12-15,development
15842,3862400050,2014-05-06,development
15843,7199310170,2014-06-16,development
15844,8039900086,2014-05-09,development
15845,1137600190,2015-04-30,test
15846,1566100130,2014-08-20,development
15847,9547205610,2014-09-29,development
15848,5608000190,2014-07-14,development
15849,3295450050,2015-01-09,development
15850,3751602249,2015-03-05,development
15851,7889600190,2015-01-13,development
15852,0217700050,2014-10-30,development
15853,7943000020,2015-03-26,test
15854,7199310290,2014-09-05,development
15855,0192700080,2015-02-13,development
15856,0023520380,2014-09-09,development
15857,8961950050,2015-03-20,test
15858,3300701365,2014-05-28,development
15859,0871000170,2014-12-02,development
15860,9407150250,2014-09-24,development
15861,7789000235,2015-04-09,test
15862,8587400050,2015-03-25,test
15863,5100401315,2014-07-09,development
15864,2634500005,2014-09-08,development
15865,6332000050,2015-01-21,development
15866,2126049265,2014-10-21,development
15867,7950304095,2015-02-17,development
15868,0587550010,2015-01-16,development
15869,1402630190,2014-11-11,development
15870,2402100895,2014-06-25,development
15871,3750604417,2014-05-26,development
15872,9547202890,2015-01-20,development
15873,2600110250,2015-04-30,test
15874,7403200050,2014-11-13,development
15875,9528104360,2014-09-12,development
15876,2634500050,2014-09-10,development
15877,0268500020,2014-11-06,development
15878,1796361100,2014-10-17,development
15879,8807300130,2014-12-17,development
15880,7170200080,2014-06-17,development
15881,1877500005,2014-12-01,development
15882,7211400525,2014-05-30,development
15883,2549000020,2015-03-24,test
15884,4137040250,2014-10-21,development
15885,5101400461,2015-04-17,test
15886,2306400010,2014-10-17,development
15887,8861000095,2014-09-30,development
15888,3754500010,2014-06-16,development
15889,4326000190,2014-08-28,development
15890,1525069088,2015-05-04,test
15891,9474700020,2014-05-03,development
15892,4389200876,2014-07-01,development
15893,6084600420,2014-09-05,development
15894,6668900010,2014-11-17,development
15895,0125059178,2014-07-22,development
15896,2131701410,2015-04-27,test
15897,3158500130,2014-08-21,development
15898,6300500275,2014-08-07,development
15899,3395040920,2014-06-18,development
15900,1193000280,2014-05-27,development
15901,8022900005,2014-11-19,development
15902,1774000050,2014-05-07,development
15903,1725800280,2014-06-16,development
15904,8691390980,2014-09-02,development
15905,1180008370,2014-09-25,development
15906,9558020460,2014-06-04,development
15907,3575302880,2014-11-10,development
15908,6671900095,2014-05-27,development
15909,5637500094,2014-05-22,development
15910,4310701330,2015-03-09,development
15911,0023520190,2015-03-16,test
15912,0098000130,2015-03-24,test
15913,6829900080,2015-03-30,test
15914,5370200170,2015-02-17,development
15915,3885805896,2014-06-10,development
15916,9550200470,2014-10-01,development
15917,6111400020,2015-03-30,test
15918,5135000050,2014-08-01,development
15919,8029510010,2014-10-30,development
15920,4438400050,2014-07-14,development
15921,7831800460,2014-05-02,development
15922,2425069069,2014-05-27,development
15923,8029550020,2014-07-01,development
15924,7533800170,2014-07-07,development
15925,9460000010,2014-12-03,development
15926,2600130020,2014-11-06,development
15927,4037700285,2014-07-31,development
15928,8682261190,2015-01-12,development
15929,5453700020,2014-08-25,development
15930,4139400630,2014-05-29,development
15931,9550201495,2014-10-03,development
15932,9808610190,2014-05-09,development
15933,7443000514,2015-03-10,test
15934,1823099056,2014-12-22,development
15935,6055000010,2014-07-25,development
15936,3878900225,2014-06-02,development
15937,4222700130,2015-03-04,development
15938,1124000010,2014-07-11,development
15939,0428000225,2014-06-20,development
15940,8133300050,2014-06-26,development
15941,2423039134,2015-03-24,test
15942,2726049150,2014-07-17,development
15943,8074200080,2015-02-13,development
15944,7856600170,2014-09-24,development
15945,8649900440,2014-12-09,development
15946,7696630170,2014-06-05,development
15947,0226039075,2014-05-06,development
15948,3296000170,2014-12-29,development
15949,3223049073,2015-04-13,test
15950,7300700050,2015-02-19,development
15951,9900000190,2014-10-30,development
15952,3751600635,2014-11-10,development
15953,7575600430,2014-11-10,development
15954,3223039109,2015-02-20,development
15955,7151700190,2015-03-31,test
15956,2076400050,2014-10-22,development
15957,2162000190,2014-12-15,development
15958,5226500250,2014-10-15,development
15959,1787600294,2015-02-05,development
15960,6388930170,2015-04-08,test
15961,2767704332,2014-09-30,development
15962,6699940250,2014-07-25,development
15963,8151601190,2014-12-03,development
15964,5561000420,2015-04-08,test
15965,3797001900,2014-09-22,development
15966,6641020050,2014-06-18,development
15967,3232200095,2015-04-14,test
15968,2310000440,2014-10-27,development
15969,6414600321,2014-06-11,development
15970,7199320190,2014-10-16,development
15971,7922800190,2015-03-11,test
15972,9553200052,2014-05-06,development
15973,4083802425,2014-10-10,development
15974,0984000130,2014-12-23,development
15975,2473002500,2014-11-12,development
15976,3356403304,2014-10-16,development
15977,8651200080,2014-06-19,development
15978,1329300480,2014-10-23,development
15979,1972201305,2014-07-29,development
15980,0425079001,2015-04-23,test
15981,9347900020,2015-01-27,development
15982,1015000050,2015-01-06,development
15983,9542802000,2014-12-29,development
15984,8088600080,2014-06-02,development
15985,5637500250,2015-02-10,development
15986,0087000213,2014-06-13,development
15987,5104200470,2015-03-25,test
15988,0455000190,2014-10-06,development
15989,3356403140,2014-10-10,development
15990,4472000050,2015-03-09,development
15991,5350200425,2015-03-09,development
15992,3975400190,2014-11-04,development
15993,9541600255,2015-03-10,test
15994,5538300460,2014-12-10,development
15995,7625700305,2014-06-05,development
15996,2895600420,2015-04-21,test
15997,2320069260,2014-10-27,development
15998,7305300470,2014-12-01,development
15999,9477940440,2014-06-17,development
16000,2561340020,2014-08-04,development
16001,2561340020,2015-02-17,development
16002,0524069075,2014-10-24,development
16003,2296700050,2014-10-10,development
16004,4122900190,2014-05-12,development
16005,2754700095,2015-03-16,test
16006,9265700005,2014-08-22,development
16007,9826700726,2014-10-06,development
16008,0321049193,2014-10-17,development
16009,1923099034,2015-01-16,development
16010,4305600250,2014-10-27,development
16011,6648100010,2014-11-19,development
16012,5536100020,2014-12-15,purged
16013,5536100020,2015-05-12,test
16014,5104450440,2014-11-13,development
16015,7560000050,2015-04-23,test
16016,7784400130,2014-05-05,development
16017,7298900010,2014-09-24,development
16018,0259601100,2014-05-13,development
16019,8041100010,2014-08-18,development
16020,5318100840,2014-06-06,development
16021,2771101964,2014-08-12,development
16022,1560870470,2014-07-31,development
16023,1232000950,2015-03-12,test
16024,8682261440,2015-01-13,development
16025,1370801440,2015-03-25,test
16026,7680400050,2014-10-22,development
16027,6928000440,2014-07-18,development
16028,3797000290,2014-06-12,development
16029,9264030470,2014-06-11,development
16030,6300000396,2014-12-16,development
16031,1786700080,2015-01-15,development
16032,5116000170,2015-03-31,test
16033,8682282210,2015-04-17,test
16034,8651611640,2015-04-24,test
16035,8946750020,2015-05-07,test
16036,1939130420,2014-07-15,development
16037,7640400190,2015-02-13,development
16038,4139420430,2014-06-11,development
16039,1509500080,2015-03-17,test
16040,6341000020,2015-03-04,development
16041,1022069071,2014-08-08,development
16042,8078400020,2015-02-23,development
16043,9113200250,2015-04-13,test
16044,1592300010,2014-09-26,development
16045,9250900095,2014-08-19,development
16046,8815400670,2014-10-16,development
16047,7212680080,2014-10-15,development
16048,2968801315,2014-09-17,development
16049,6141100255,2014-05-15,development
16050,8068000440,2014-12-26,development
16051,7883605900,2014-10-15,development
16052,9521101315,2015-05-01,test
16053,8651442910,2015-03-25,test
16054,8113101233,2015-01-30,development
16055,7016200460,2014-08-26,development
16056,4189800020,2014-08-20,development
16057,5506500170,2014-09-12,development
16058,5135000170,2014-08-06,development
16059,8155500020,2014-10-18,development
16060,2597501190,2015-05-12,test
16061,5288200225,2014-11-25,development
16062,6189200050,2015-02-03,development
16063,6664900470,2014-11-07,development
16064,7954300460,2014-09-04,development
16065,8018600655,2015-03-26,test
16066,2508000020,2014-08-19,development
16067,1424059130,2015-03-18,test
16068,7856660130,2014-12-04,development
16069,5302400080,2014-10-15,development
16070,3026059368,2014-07-11,development
16071,3275910020,2015-02-13,development
16072,2229900020,2014-06-10,development
16073,7748000020,2014-06-21,development
16074,7457000005,2014-09-26,development
16075,9268200285,2014-07-03,development
16076,1328330780,2015-04-15,test
16077,7806450190,2015-01-02,development
16078,0626400020,2014-09-18,development
16079,5416510920,2014-06-16,development
16080,3330500345,2015-04-20,test
16081,3885801190,2014-07-30,development
16082,1035000007,2014-12-18,development
16083,1471701470,2014-07-31,development
16084,7519000225,2014-10-30,development
16085,1433290010,2015-01-12,development
16086,1223049150,2015-04-14,test
16087,5198600010,2014-08-19,development
16088,4310703070,2015-04-13,test
16089,6154900005,2014-09-24,development
16090,3541700170,2014-10-17,development
16091,0952001495,2015-03-06,development
16092,8122600020,2014-05-21,development
16093,3579700080,2014-09-05,development
16094,2769602140,2014-12-15,development
16095,5152920170,2015-04-21,test
16096,3226049530,2015-01-22,development
16097,4017050020,2014-08-14,development
16098,3982700250,2015-04-23,test
16099,2523069134,2015-04-06,test
16100,7281300010,2014-08-22,development
16101,3396800280,2015-02-23,development
16102,7234600851,2014-12-16,development
16103,7418000020,2014-07-24,development
16104,7548300170,2015-03-31,test
16105,1446300020,2014-05-31,development
16106,4385700425,2014-05-05,development
16107,0016000545,2015-03-12,test
16108,7996720050,2015-04-24,test
16109,8691310840,2014-05-09,development
16110,4309700130,2014-06-04,development
16111,5100401060,2014-09-08,development
16112,1180002580,2015-03-19,test
16113,3379100130,2014-06-18,development
16114,8645900080,2014-08-27,development
16115,7569500010,2014-11-20,development
16116,8026200080,2014-07-15,development
16117,5101404555,2014-10-06,development
16118,9432900250,2015-03-09,development
16119,3995700250,2014-10-13,development
16120,2574900080,2014-05-13,development
16121,8731982630,2014-05-22,development
16122,2968800660,2014-05-13,development
16123,2872900010,2015-04-14,test
16124,1118000080,2015-03-31,test
16125,8923600185,2014-08-29,development
16126,1725059252,2015-04-02,test
16127,3818700190,2014-12-15,development
16128,5125400305,2014-08-21,development
16129,4232400010,2014-08-04,development
16130,5100402606,2015-05-05,test
16131,3876300080,2014-12-24,development
16132,1246700050,2014-06-12,development
16133,1837010010,2015-03-13,test
16134,1328320280,2015-03-27,test
16135,5468760050,2015-01-05,development
16136,5556300114,2014-12-19,development
16137,2316800020,2014-06-27,development
16138,7133300675,2015-04-28,test
16139,0751000020,2014-06-26,development
16140,3578400670,2014-09-24,development
16141,2767603890,2015-03-04,development
16142,9477000190,2014-08-08,development
16143,2268000500,2014-07-21,development
16144,7202271060,2015-03-10,test
16145,7852020080,2014-12-10,development
16146,3298400470,2015-02-04,development
16147,8854000010,2014-08-12,development
16148,1624059093,2014-06-30,development
16149,8564950280,2014-10-09,development
16150,7853230460,2015-04-03,test
16151,1796350080,2014-06-23,development
16152,9477200460,2015-01-08,development
16153,7972601995,2014-06-16,development
16154,1454100440,2014-06-05,development
16155,2558690130,2014-08-13,development
16156,8682310470,2015-01-07,development
16157,3876000440,2014-07-28,development
16158,4137070440,2014-09-30,development
16159,2391602500,2014-05-15,development
16160,8632100010,2014-06-04,development
16161,3034200426,2015-03-20,test
16162,5078400190,2014-10-16,development
16163,1450100420,2014-06-20,development
16164,1853500290,2014-08-11,development
16165,8133700020,2014-07-02,development
16166,0723059073,2015-04-16,test
16167,2374200005,2014-06-16,development
16168,7420200050,2014-06-20,development
16169,7211350130,2014-06-19,development
16170,7802900500,2015-03-04,development
16171,8081900101,2014-05-28,development
16172,9510300130,2014-06-28,development
16173,8582010290,2014-08-14,development
16174,4023500352,2015-02-17,development
16175,9482700440,2014-05-06,development
16176,6117502455,2014-05-13,development
16177,2791500020,2014-06-04,development
16178,5643600351,2014-08-06,development
16179,4059400585,2014-06-24,development
16180,9285800585,2014-06-11,development
16181,5727500561,2015-04-14,test
16182,8682310430,2014-09-14,development
16183,3782760170,2015-02-11,development
16184,1925059073,2014-10-10,development
16185,6891800500,2015-04-26,test
16186,4319200605,2014-06-28,development
16187,6117500460,2014-06-30,development
16188,0522079022,2015-03-27,test
16189,3066410080,2014-09-17,development
16190,4137000280,2015-02-22,development
16191,2767600920,2014-10-27,development
16192,7972601680,2015-03-23,test
16193,1725059136,2014-11-21,development
16194,4037000080,2014-06-15,development
16195,3580900290,2015-01-28,development
16196,7527410080,2014-06-02,development
16197,2653000005,2014-05-12,development
16198,3028200080,2015-03-24,test
16199,4218400005,2015-01-30,development
16200,4058802335,2014-11-25,development
16201,2487200680,2015-02-24,development
16202,1950900005,2014-10-03,development
16203,6647400250,2014-07-23,development
16204,9407000920,2014-10-01,development
16205,8617000020,2014-12-31,development
16206,1193000190,2014-07-15,development
16207,7443000480,2015-05-07,test
16208,2557000380,2014-06-18,development
16209,4450700010,2014-07-08,development
16210,1236300307,2014-09-05,development
16211,3422059249,2015-02-19,development
16212,9476200290,2014-10-17,development
16213,3812400898,2014-09-09,development
16214,5422420470,2015-03-26,test
16215,2492200280,2014-12-02,development
16216,4331000130,2014-10-17,development
16217,6073500190,2014-08-21,development
16218,9522300010,2015-03-31,test
16219,3629910470,2014-07-29,development
16220,1250200285,2015-03-17,test
16221,1509700050,2014-05-23,development
16222,2045800006,2014-09-04,development
16223,2171400199,2014-09-04,development
16224,2123049502,2014-06-23,development
16225,0284000095,2014-09-22,development
16226,5652600427,2015-02-24,development
16227,7202330470,2015-04-08,test
16228,6131600255,2014-12-22,development
16229,7853301660,2015-02-23,development
16230,9211010440,2015-04-30,test
16231,1423900080,2014-12-18,development
16232,2215901190,2014-05-28,development
16233,0251100020,2014-05-21,development
16234,3395041206,2014-09-25,development
16235,0224069169,2014-10-23,development
16236,3365901435,2014-06-23,development
16237,7689600630,2014-11-06,development
16238,3158500290,2014-09-19,development
16239,7189800095,2014-11-04,development
16240,7202270440,2014-10-23,development
16241,3501600114,2014-06-19,development
16242,8097000250,2015-01-30,development
16243,9542830430,2014-08-06,development
16244,6012500170,2014-10-07,development
16245,7217400895,2014-06-09,development
16246,2651100050,2015-02-17,development
16247,2212200050,2014-10-28,development
16248,7922900460,2014-12-05,development
16249,8925100440,2015-03-23,test
16250,0259800680,2014-08-05,development
16251,0271200130,2014-11-19,development
16252,3760500280,2014-10-14,development
16253,5315100277,2014-05-13,development
16254,9265410010,2015-02-03,development
16255,8731800840,2014-06-19,development
16256,7579200715,2014-12-05,development
16257,9485300010,2015-02-13,development
16258,1652500010,2015-03-26,test
16259,4059400190,2014-10-17,development
16260,8965510190,2014-06-10,development
16261,7100000250,2015-02-11,development
16262,2541100010,2014-07-08,development
16263,7732410130,2014-05-21,development
16264,7889600285,2014-12-18,development
16265,1556200005,2014-06-03,development
16266,8691310980,2015-04-09,test
16267,1561600095,2014-05-14,development
16268,3025300250,2015-05-13,test
16269,5297200089,2015-04-15,test
16270,3303860630,2015-04-27,test
16271,6430500086,2015-01-16,development
16272,4025300285,2014-10-29,development
16273,0923049400,2014-11-19,development
16274,5466300130,2014-09-17,development
16275,4136900250,2014-06-02,development
16276,7635800313,2014-07-18,development
16277,2938100005,2014-08-29,development
16278,0796000235,2015-04-01,test
16279,8682280170,2015-03-30,test
16280,7504110780,2014-05-16,development
16281,1445500010,2015-01-13,development
16282,7574910420,2014-12-01,development
16283,2115720130,2014-08-21,development
16284,3586500630,2014-09-24,development
16285,9475960050,2014-06-20,development
16286,7527000020,2015-04-25,test
16287,3668000500,2014-12-22,development
16288,1549500585,2015-04-27,test
16289,8898700680,2014-07-30,development
16290,6163901061,2014-12-11,development
16291,7855600080,2015-03-30,test
16292,4024100807,2015-02-25,development
16293,5037300130,2015-05-04,test
16294,3528900086,2014-05-08,development
16295,1552520010,2014-08-01,development
16296,5113400168,2015-01-16,development
16297,9346900170,2014-09-22,development
16298,3999300080,2014-09-04,development
16299,0472000895,2014-09-22,development
16300,0687600010,2014-08-05,development
16301,1130000005,2014-07-15,development
16302,7397300170,2014-05-30,development
16303,1077100020,2014-12-31,development
16304,7856570190,2014-08-22,development
16305,5104510010,2014-07-01,development
16306,2895550050,2015-05-07,test
16307,4142450480,2014-07-03,development
16308,5559200020,2015-02-27,development
16309,5381000352,2014-06-22,development
16310,2474300050,2014-07-22,development
16311,7787110680,2014-09-23,development
16312,1788700185,2015-03-06,development
16313,2887950020,2014-06-25,development
16314,8835210480,2014-07-10,development
16315,0844000225,2015-02-11,development
16316,1771000430,2014-05-02,development
16317,8078430480,2014-08-06,development
16318,8001450170,2014-08-04,development
16319,8924100430,2014-12-24,development
16320,7418700050,2014-05-28,development
16321,3630020430,2015-05-05,test
16322,1972200725,2015-04-07,test
16323,0267000170,2014-12-10,development
16324,8961980290,2014-09-04,development
16325,1551500130,2014-05-22,development
16326,5557800010,2014-06-23,development
16327,3776300010,2015-02-24,development
16328,2473000680,2015-04-29,test
16329,7984400005,2014-06-26,development
16330,9238430680,2014-05-21,development
16331,3211000170,2014-09-22,development
16332,7338220280,2014-10-10,development
16333,8073000480,2014-07-22,development
16334,7525530670,2014-11-12,development
16335,0191100275,2014-09-26,development
16336,1214000050,2014-10-20,development
16337,6852700279,2014-06-19,development
16338,5423600080,2014-09-18,development
16339,6661200050,2014-05-28,development
16340,6146600170,2014-07-03,development
16341,0366000095,2014-10-09,development
16342,2895550280,2014-05-07,development
16343,0293760050,2014-06-27,development
16344,7298040500,2014-07-09,development
16345,7802900224,2014-07-07,development
16346,3904910010,2014-07-23,development
16347,8121100255,2014-05-07,development
16348,5700004040,2014-09-05,development
16349,3528000290,2014-06-09,development
16350,9268200050,2014-08-14,development
16351,6132600221,2014-05-19,development
16352,3303980470,2014-12-01,development
16353,1450000050,2015-05-01,test
16354,6788200605,2014-12-23,development
16355,2214800170,2015-04-15,test
16356,7116000225,2015-02-20,development
16357,2767600635,2015-05-07,test
16358,1644500050,2015-03-12,test
16359,2579500101,2015-04-21,test
16360,3876311650,2014-06-19,development
16361,7984400050,2014-09-22,development
16362,7852170130,2015-04-21,test
16363,9358000780,2015-05-12,test
16364,2663000345,2015-04-08,test
16365,4338800500,2014-10-14,development
16366,5101407350,2014-09-25,development
16367,3512100050,2015-02-24,development
16368,6633900050,2014-08-26,development
16369,4083301950,2014-11-20,development
16370,7202350010,2014-07-25,development
16371,4168100130,2015-03-10,test
16372,8155850010,2014-05-07,development
16373,7955030010,2014-10-10,development
16374,4136870020,2014-10-08,development
16375,1446401190,2015-03-17,test
16376,9323600380,2014-08-05,development
16377,3262300920,2015-04-08,test
16378,6332000130,2015-04-20,test
16379,9150100020,2015-02-11,development
16380,2770604081,2015-03-05,development
16381,6329000050,2015-03-10,test
16382,2125400010,2014-09-12,development
16383,3876313260,2015-02-18,development
16384,5101400561,2014-10-15,development
16385,9533100080,2014-08-20,development
16386,9561100080,2014-06-20,development
16387,5101402618,2014-08-20,development
16388,4027700009,2014-05-15,development
16389,9544200277,2014-10-15,development
16390,8731960050,2014-12-29,development
16391,1393800005,2015-05-07,test
16392,3896100130,2014-06-17,development
16393,7785000130,2015-03-30,test
16394,2968800825,2015-03-23,test
16395,7199330480,2014-07-21,development
16396,5458800415,2014-11-05,development
16397,8929000250,2015-04-13,test
16398,7893206305,2014-10-06,development
16399,7956300020,2014-06-03,development
16400,0240000130,2014-10-13,development
16401,1370803730,2015-01-26,development
16402,4299000130,2014-07-28,development
16403,1233100351,2014-12-11,development
16404,2652500225,2014-10-10,development
16405,3224069026,2014-05-20,development
16406,2592400250,2015-01-07,development
16407,4364700595,2014-08-18,development
16408,8562750660,2014-08-07,development
16409,7231600098,2014-10-14,development
16410,8635750980,2014-07-14,development
16411,5652600605,2014-08-07,development
16412,2141310020,2015-04-16,test
16413,7852160080,2015-01-21,development
16414,3649100346,2015-01-09,development
16415,7852010840,2014-07-29,development
16416,0823059145,2014-10-13,development
16417,9238430660,2015-03-26,test
16418,6329000190,2014-07-29,development
16419,8818900250,2014-05-07,development
16420,1250200415,2014-06-09,development
16421,3303951150,2015-02-04,development
16422,3083000048,2014-05-30,development
16423,1102000095,2014-08-05,development
16424,3426049153,2014-11-10,development
16425,7625700020,2014-09-29,development
16426,0586000020,2014-08-28,development
16427,8724300010,2014-09-09,development
16428,2741100741,2014-06-04,development
16429,3425059173,2014-10-28,development
16430,0715010130,2015-02-02,development
16431,7504100920,2014-06-18,development
16432,5104520460,2015-03-17,test
16433,1257200020,2015-03-27,test
16434,4452300130,2014-05-22,development
16435,8651520420,2014-06-06,development
16436,6401700010,2014-08-19,development
16437,8857320130,2015-03-10,test
16438,1102000759,2014-10-26,development
16439,6457000080,2014-08-05,development
16440,1126059022,2014-07-22,development
16441,4340000010,2014-10-30,development
16442,3052700460,2014-06-30,development
16443,0567000020,2015-04-28,test
16444,3575304017,2014-08-22,development
16445,7812801700,2014-06-10,development
16446,5103300020,2014-10-20,development
16447,9578080130,2014-07-02,development
16448,3885803044,2014-09-02,development
16449,9323600280,2015-02-11,development
16450,7016100380,2015-04-23,test
16451,3438500114,2015-05-12,test
16452,2597800010,2015-03-04,development
16453,8018000020,2014-11-14,development
16454,4055700167,2014-08-14,development
16455,1863900190,2014-12-29,development
16456,0522079027,2014-06-19,development
16457,7525530470,2014-07-25,development
16458,8858100020,2015-03-16,test
16459,6414100231,2014-10-15,development
16460,6303400460,2015-03-30,test
16461,9476200020,2015-03-06,development
16462,3575302938,2014-06-20,development
16463,2695600190,2015-03-27,test
16464,9433000470,2014-09-19,development
16465,7140200250,2015-01-12,development
16466,3905090130,2014-07-17,development
16467,3335000050,2014-07-14,development
16468,4397650080,2014-10-15,development
16469,1568100380,2014-10-16,development
16470,8078570460,2014-09-24,development
16471,6382000080,2014-07-08,development
16472,7905380080,2015-02-26,development
16473,6600490250,2015-04-21,test
16474,7200001756,2014-06-12,development
16475,4427100130,2015-03-04,development
16476,5606000255,2014-10-17,development
16477,1402700170,2014-07-17,development
16478,5366200460,2014-05-20,development
16479,1245500725,2014-10-30,development
16480,9477201060,2015-04-23,test
16481,4060000290,2014-06-17,development
16482,0522059327,2014-05-28,development
16483,0686530020,2014-06-09,development
16484,5145100460,2014-09-24,development
16485,6329000380,2014-06-19,development
16486,8960200280,2015-02-18,development
16487,2867100007,2015-02-23,development
16488,9542100005,2014-10-24,development
16489,1545807280,2014-06-28,development
16490,3996900460,2015-04-03,test
16491,0217500005,2014-11-24,development
16492,1513800080,2014-08-25,development
16493,8691390460,2014-06-16,development
16494,6633900170,2014-05-08,development
16495,0205000050,2014-12-18,development
16496,8838900167,2014-05-09,development
16497,7199330170,2015-05-12,test
16498,0236500050,2014-07-28,development
16499,2025049028,2014-06-09,development
16500,3298700305,2014-12-29,development
16501,6145600780,2014-09-11,development
16502,1332700010,2014-12-16,development
16503,2768300655,2015-03-17,test
16504,7224500010,2014-06-03,development
16505,4037000185,2014-09-19,development
16506,7614100020,2014-10-17,development
16507,1423400225,2014-07-21,development
16508,5419000050,2014-09-17,development
16509,5151200290,2014-05-12,development
16510,4060000170,2014-08-20,development
16511,1568100290,2014-06-20,development
16512,4137010010,2015-04-16,test
16513,2581900284,2014-07-07,development
16514,1222069136,2014-12-12,development
16515,7625701795,2015-03-02,development
16516,1771100440,2014-06-10,development
16517,3211200290,2014-05-27,development
16518,4154302045,2015-03-16,test
16519,4036801315,2014-11-04,development
16520,9185700414,2014-05-22,development
16521,1221000562,2014-07-22,development
16522,1890000250,2014-06-27,development
16523,7436400020,2015-03-25,test
16524,3303850290,2015-04-09,test
16525,2025059026,2015-02-25,development
16526,3751600430,2014-12-26,development
16527,7856640460,2014-12-18,development
16528,9510920050,2014-09-02,development
16529,8651720020,2014-05-12,development
16530,2114700500,2015-04-18,test
16531,7950303530,2015-04-09,test
16532,8910500471,2015-02-17,development
16533,9550204450,2014-12-19,development
16534,4024101990,2015-02-05,development
16535,5595900345,2015-01-13,development
16536,1782500095,2015-03-09,development
16537,8887001192,2014-06-20,development
16538,4006000307,2014-09-16,development
16539,5605000440,2014-12-15,development
16540,2591840050,2015-02-11,development
16541,1442300005,2015-02-18,development
16542,3343901440,2015-05-11,test
16543,9406590250,2015-02-24,development
16544,2212250080,2014-08-06,development
16545,3578700073,2014-11-10,development
16546,1123049126,2014-12-03,development
16547,0526059259,2014-08-19,development
16548,3222079136,2014-08-18,development
16549,7237300290,2015-03-26,test
16550,7468900235,2014-10-22,development
16551,3352401476,2014-11-24,development
16552,4217402162,2014-07-25,development
16553,6147650430,2015-04-07,test
16554,1133000235,2014-06-16,development
16555,2781270080,2014-10-30,development
16556,1423200170,2014-06-12,development
16557,3023059071,2015-02-10,development
16558,0511700170,2015-05-05,test
16559,2124089028,2014-07-14,development
16560,1431700280,2015-04-09,test
16561,7686202635,2014-08-12,development
16562,3874400380,2015-03-16,test
16563,0642500080,2014-12-12,development
16564,1591600527,2015-04-23,test
16565,5587000010,2014-11-20,development
16566,2201500440,2014-05-20,development
16567,7603100095,2014-11-10,development
16568,9412200080,2014-05-23,development
16569,7852130080,2014-09-25,development
16570,2923039243,2014-11-13,development
16571,6908200250,2015-03-12,test
16572,3039000010,2014-09-09,development
16573,1657300280,2014-12-29,development
16574,9200000050,2014-09-18,development
16575,7508200080,2015-04-10,test
16576,5454200080,2014-08-11,development
16577,7972601100,2014-09-23,development
16578,5112800190,2015-03-27,test
16579,0984210170,2015-03-26,test
16580,8081500050,2015-03-02,development
16581,8731801190,2014-12-23,development
16582,9103000715,2014-11-12,development
16583,8732300430,2014-06-20,development
16584,3754700170,2015-04-23,test
16585,2652500795,2014-06-09,development
16586,7454000470,2014-08-01,development
16587,3630121060,2014-12-17,development
16588,1370800825,2014-08-23,development
16589,4310702759,2015-03-12,test
16590,8635750950,2014-06-07,development
16591,3448900420,2014-09-22,development
16592,2113700005,2015-04-17,test
16593,8615800500,2014-08-14,development
16594,9106000005,2015-05-27,test
16595,0806800420,2014-10-23,development
16596,2787311190,2014-11-14,development
16597,3342102385,2014-10-29,development
16598,7504000290,2014-05-22,development
16599,8691300500,2014-10-28,development
16600,0930000425,2015-03-01,development
16601,3291800670,2014-06-30,development
16602,1425059145,2014-06-16,development
16603,4406000050,2014-05-19,development
16604,1432700420,2014-07-28,development
16605,5561400470,2015-04-07,test
16606,8827901350,2015-04-07,test
16607,6190700284,2014-06-20,development
16608,3644100073,2014-11-22,development
16609,3223059173,2014-11-04,development
16610,0109210460,2014-10-29,development
16611,9106000050,2014-10-21,development
16612,4337600280,2014-09-04,development
16613,3438501100,2015-04-27,test
16614,7935000280,2014-08-12,development
16615,7419700010,2014-07-07,development
16616,1626069102,2015-03-23,test
16617,7574000080,2015-04-01,test
16618,3830700010,2014-12-05,development
16619,1454100010,2015-02-02,development
16620,0603001045,2015-04-29,test
16621,2607720440,2015-03-04,development
16622,0930000470,2014-05-27,development
16623,2621750280,2014-11-10,development
16624,7853220470,2014-09-15,development
16625,4139660430,2015-05-05,test
16626,1338800430,2014-07-28,development
16627,1338800491,2014-10-21,development
16628,0792000006,2014-07-09,development
16629,7504020670,2014-05-20,development
16630,4017600010,2015-04-17,test
16631,1471701410,2015-03-31,test
16632,3528000470,2014-05-09,development
16633,3192000080,2014-10-29,development
16634,1565100010,2015-03-27,test
16635,9201000460,2014-10-06,development
16636,0323059316,2015-05-05,test
16637,6802200190,2015-01-21,development
16638,1773100430,2015-04-24,test
16639,6137610190,2015-03-17,test
16640,1568100387,2015-03-22,test
16641,3826500290,2015-04-24,test
16642,0629410190,2014-06-19,development
16643,4189800050,2014-05-20,development
16644,6126600950,2014-07-17,development
16645,5411800250,2014-07-24,development
16646,7853302140,2014-05-24,development
16647,1423910670,2014-05-27,development
16648,2301400470,2014-09-08,development
16649,1860600290,2014-06-27,development
16650,9267200345,2014-06-02,development
16651,3826500170,2014-11-11,development
16652,9804500420,2015-04-24,test
16653,2895550190,2014-08-08,development
16654,6699930440,2014-06-05,development
16655,3543900380,2015-04-09,test
16656,0059500050,2014-12-16,development
16657,9274202885,2014-05-08,development
16658,7701930050,2014-08-11,development
16659,0200800480,2014-11-06,development
16660,3835500005,2014-05-28,development
16661,9543000896,2014-08-25,development
16662,1090000005,2015-05-04,test
16663,5561000430,2014-10-16,development
16664,1568100670,2015-03-20,test
16665,6813600440,2014-10-22,development
16666,7701990380,2014-10-15,development
16667,7153400010,2014-08-12,development
16668,5608010420,2014-11-20,development
16669,9141100073,2014-08-26,development
16670,0629400480,2014-06-19,development
16671,9250900104,2014-11-10,purged
16672,9250900104,2015-04-10,test
16673,5104531700,2014-06-20,development
16674,0623039026,2014-11-25,development
16675,7626200235,2014-05-23,development
16676,7228500425,2014-07-28,development
16677,3332500095,2014-10-07,development
16678,7950300440,2014-10-15,development
16679,8143000280,2014-11-21,development
16680,4045500715,2014-12-17,development
16681,1155620190,2014-06-03,development
16682,3332000715,2014-07-01,development
16683,5113000420,2015-03-20,test
16684,3223039181,2014-06-09,development
16685,7399300420,2014-08-18,development
16686,1088400190,2015-04-22,test
16687,1588600177,2015-02-25,development
16688,9264950420,2014-05-08,development
16689,5418650080,2014-08-14,development
16690,9492800020,2014-09-30,development
16691,0323089173,2014-05-19,development
16692,6821102358,2015-02-24,development
16693,0943100689,2015-01-27,development
16694,8722100825,2015-04-29,test
16695,4223000280,2014-10-29,development
16696,1454100122,2014-06-11,development
16697,3323500010,2015-01-07,development
16698,9557300080,2014-08-22,development
16699,6306100080,2014-09-09,development
16700,5700001100,2014-10-07,development
16701,6187500080,2014-07-16,development
16702,7369600080,2014-10-30,development
16703,1623049145,2014-09-25,development
16704,2877102330,2014-05-16,development
16705,0546001060,2015-04-27,test
16706,2822059091,2015-02-18,development
16707,3971701300,2014-12-20,development
16708,1732600050,2014-10-17,development
16709,3585900430,2014-12-22,development
16710,6791000050,2014-09-08,development
16711,1818800289,2015-01-21,development
16712,2738600080,2014-08-15,development
16713,1310440950,2015-03-02,development
16714,1322049150,2015-03-05,development
16715,0007200080,2014-11-04,development
16716,1788800080,2014-07-30,development
16717,1328320920,2015-04-21,test
16718,7283900185,2014-06-04,development
16719,8685500020,2015-05-12,test
16720,1338800425,2015-03-04,development
16721,0282500010,2015-01-07,development
16722,0798000630,2014-10-31,development
16723,5583200345,2015-05-11,test
16724,1036100130,2014-08-08,development
16725,0795002375,2014-05-27,development
16726,1245000461,2014-07-03,development
16727,6802200280,2014-11-10,development
16728,9521100795,2014-06-23,development
16729,4039800080,2014-05-29,development
16730,6146600595,2015-04-10,test
16731,6380500151,2015-03-17,test
16732,8643000185,2015-04-30,test
16733,7212650950,2014-07-08,development
16734,0357000005,2014-12-22,development
16735,5648600010,2015-04-26,test
16736,2818600010,2015-03-14,test
16737,9842300095,2014-07-25,development
16738,3977630130,2015-03-25,test
16739,5160300020,2014-06-09,development
16740,3754700050,2014-06-18,development
16741,0629860010,2015-04-29,test
16742,0446000010,2014-11-19,development
16743,8562000010,2015-05-01,test
16744,0646910480,2014-11-20,development
16745,0868000415,2014-09-05,development
16746,1826049430,2014-05-20,development
16747,2769600190,2014-07-15,development
16748,3630070280,2014-07-10,development
16749,8944460190,2015-02-25,development
16750,3630180470,2015-02-05,development
16751,6099400293,2014-12-08,development
16752,6791000280,2014-07-14,development
16753,7796450190,2015-02-02,development
16754,2294900010,2014-08-13,development
16755,1186000095,2014-07-08,development
16756,2770601763,2015-03-23,test
16757,3392100050,2014-06-25,development
16758,2878600655,2014-07-18,development
16759,3299200080,2014-10-03,development
16760,2564900020,2014-09-24,development
16761,2111010080,2014-06-17,development
16762,6669080020,2014-12-26,development
16763,8682300010,2015-02-06,development
16764,1974200020,2015-02-20,development
16765,3211000190,2014-10-01,development
16766,6354000050,2014-09-08,development
16767,0625049153,2014-06-03,development
16768,5561000190,2014-05-02,development
16769,4449800595,2014-09-22,development
16770,1115750190,2014-07-17,development
16771,8644300170,2014-07-03,development
16772,9523102660,2014-05-13,development
16773,1630700380,2015-01-30,development
16774,7588700007,2014-11-24,development
16775,3501600235,2014-05-05,development
16776,9545230280,2014-05-07,development
16777,7905200130,2015-04-05,test
16778,2742100250,2014-07-20,development
16779,5104540500,2014-06-24,development
16780,0638100073,2014-06-02,development
16781,3022039071,2014-05-30,development
16782,3426079024,2014-05-21,development
16783,2767604254,2014-06-03,development
16784,1138010170,2014-08-01,development
16785,9407100500,2015-03-11,test
16786,0191100250,2015-03-20,test
16787,1557000190,2014-10-09,development
16788,8732020670,2015-03-20,test
16789,5029450290,2014-10-03,development
16790,8035600290,2015-04-13,test
16791,6450301835,2014-07-05,development
16792,6388930420,2014-08-05,development
16793,2296700470,2014-11-06,development
16794,1473120190,2014-05-30,development
16795,0011200290,2014-06-09,development
16796,5530000050,2014-10-27,development
16797,7853220670,2014-09-18,development
16798,3124089049,2014-12-08,development
16799,0868000305,2014-06-17,development
16800,1311200380,2014-08-27,development
16801,9197100101,2015-05-04,test
16802,6646200280,2014-07-15,development
16803,7116500920,2014-05-20,development
16804,1068000255,2014-08-27,development
16805,1240700170,2014-06-09,development
16806,4031000250,2014-06-26,development
16807,7625703260,2014-09-24,development
16808,8651580660,2015-01-21,development
16809,6117500980,2014-08-18,development
16810,9547205380,2014-07-28,development
16811,0414100280,2015-04-14,test
16812,0321059091,2014-06-05,development
16813,7772000010,2015-03-09,development
16814,0007200179,2014-10-16,purged
16815,0007200179,2015-04-24,test
16816,8029500380,2014-07-31,development
16817,0825059178,2014-09-23,development
16818,6021502750,2014-07-15,development
16819,9268200380,2014-11-18,development
16820,2008000420,2014-10-27,development
16821,8914100170,2014-07-31,development
16822,6654700250,2014-08-12,development
16823,6139800430,2014-05-22,development
16824,9477201470,2014-10-22,development
16825,3025300095,2014-10-09,development
16826,3211290050,2014-06-23,development
16827,7511200190,2014-09-10,development
16828,5739601300,2015-03-30,test
16829,3278602660,2014-05-20,development
16830,8078410250,2015-04-01,test
16831,2798000020,2014-08-15,development
16832,2739200050,2015-04-03,test
16833,9278200095,2014-12-17,development
16834,3222079120,2014-10-01,development
16835,4401200010,2014-08-08,development
16836,2473250280,2014-08-26,development
16837,4441300170,2015-01-12,development
16838,0723049530,2015-05-05,test
16839,6752510010,2014-08-05,development
16840,0955000430,2014-09-03,development
16841,8663100050,2014-05-19,development
16842,0226109056,2015-03-26,test
16843,2558600130,2014-10-23,development
16844,8823900290,2015-03-17,test
16845,8691400080,2014-06-20,development
16846,0621069102,2015-03-16,test
16847,5456000280,2015-03-10,test
16848,2891400380,2015-04-14,test
16849,2297400020,2014-09-02,development
16850,7215721350,2015-04-22,test
16851,5490210670,2014-08-22,development
16852,6431500122,2015-04-28,test
16853,3376600170,2014-08-28,development
16854,8861000235,2015-03-24,test
16855,2881700231,2015-04-22,test
16856,0534000080,2014-06-11,development
16857,6371000020,2014-11-11,development
16858,7212651440,2015-04-28,test
16859,7575500080,2014-11-20,development
16860,7197800020,2015-04-27,test
16861,5592900285,2014-11-04,development
16862,0525069127,2014-05-23,development
16863,2460900010,2014-09-24,development
16864,1566100595,2014-05-14,development
16865,8682291680,2015-03-17,test
16866,7841300285,2014-08-11,development
16867,6071700020,2014-08-27,development
16868,4315700275,2014-11-07,development
16869,2330000130,2014-07-23,development
16870,1246700103,2015-04-23,test
16871,7504200250,2015-04-28,test
16872,3797310010,2014-08-27,development
16873,4058000010,2014-05-09,development
16874,3888100022,2014-09-25,development
16875,1934800022,2014-07-23,development
16876,3501100280,2015-03-29,test
16877,2725069108,2014-08-05,development
16878,0126039413,2014-07-10,development
16879,0461001435,2014-06-10,development
16880,6403500290,2014-05-02,development
16881,2826049108,2014-10-28,development
16882,1823069102,2014-05-08,development
16883,4233400280,2014-08-22,development
16884,1088800470,2014-10-28,development
16885,2025701060,2014-11-17,development
16886,7922900250,2014-05-20,development
16887,6372000280,2014-10-08,development
16888,1424130050,2014-12-16,development
16889,7942601435,2015-03-24,test
16890,3959401284,2014-06-26,development
16891,1370802335,2014-07-28,development
16892,4058801680,2014-05-23,development
16893,3501100050,2014-12-10,development
16894,1231000895,2014-11-05,development
16895,7129300500,2014-08-12,development
16896,6752600050,2014-08-12,development
16897,3303990380,2014-12-04,development
16898,2579500006,2014-09-09,development
16899,3365900462,2014-09-03,development
16900,2695600130,2014-11-18,development
16901,3438501700,2014-08-27,development
16902,3876311350,2014-08-26,development
16903,4046710050,2014-08-27,development
16904,1725059259,2014-11-25,development
16905,7518503220,2014-10-28,development
16906,3445000005,2014-11-17,development
16907,3530420020,2014-07-11,development
16908,6893300290,2014-11-11,development
16909,7856560480,2014-08-08,development
16910,8121100415,2014-05-30,development
16911,3754501060,2014-09-18,development
16912,3278602040,2014-10-21,development
16913,1592000050,2014-09-05,development
16914,1324079007,2014-11-10,development
16915,7140600225,2015-02-17,development
16916,0200500680,2014-07-15,development
16917,0421079142,2014-05-09,development
16918,9346700280,2014-06-20,development
16919,0293800680,2015-04-15,test
16920,0339600190,2014-10-14,development
16921,1787600190,2015-04-03,test
16922,2026079016,2014-09-04,development
16923,8673400086,2014-05-02,development
16924,2760200050,2014-07-17,development
16925,3205000050,2014-12-05,development
16926,2201500680,2015-03-05,development
16927,4022902555,2015-03-21,test
16928,3410600080,2014-07-09,development
16929,7385300020,2014-06-13,development
16930,3876312570,2014-08-11,development
16931,5016002275,2014-06-02,development
16932,3213200250,2014-11-06,development
16933,6448000010,2015-04-28,test
16934,1330900050,2015-04-21,test
16935,2810600022,2014-10-07,development
16936,1761600050,2014-12-31,development
16937,4233400480,2014-11-24,development
16938,4222310680,2014-09-26,development
16939,5630500005,2014-11-20,development
16940,9523102040,2014-09-22,development
16941,2626119028,2015-03-23,test
16942,5015001680,2014-06-11,development
16943,7202360430,2014-07-01,development
16944,3880900170,2014-08-05,development
16945,0926069142,2014-11-24,development
16946,2790410250,2014-05-05,development
16947,6681500080,2014-08-22,development
16948,9274201809,2014-11-19,development
16949,0418000415,2015-03-19,test
16950,8078460050,2014-07-18,development
16951,7151700585,2014-11-25,development
16952,2722059292,2014-06-04,development
16953,2223059099,2014-07-09,development
16954,1703050500,2015-03-21,test
16955,6386600130,2014-06-24,development
16956,9194102188,2014-10-09,development
16957,2464400285,2014-12-29,development
16958,6450301310,2014-10-30,development
16959,7427800080,2015-04-08,test
16960,0040000669,2015-03-19,test
16961,5538300225,2014-05-13,development
16962,4239400840,2014-10-29,development
16963,8035650500,2014-07-16,development
16964,3888100029,2014-05-29,development
16965,4364700585,2015-04-08,test
16966,9839300285,2015-04-12,test
16967,6141100380,2014-05-15,development
16968,5652601330,2014-06-04,development
16969,3025059093,2014-07-29,development
16970,5466700290,2015-01-08,development
16971,5437800020,2014-08-08,development
16972,7784400185,2015-04-21,test
16973,5561301150,2014-11-11,development
16974,1523550480,2014-06-13,development
16975,8083400066,2015-04-23,test
16976,3797710020,2015-03-27,test
16977,3205200480,2015-04-15,test
16978,0869700050,2015-01-20,development
16979,2877101310,2014-08-04,development
16980,7202330280,2014-09-22,development
16981,6146600420,2015-02-24,development
16982,8563030500,2015-03-30,test
16983,3624039150,2014-06-05,development
16984,7853210050,2014-07-07,development
16985,3293700480,2014-10-20,development
16986,3210700170,2014-12-02,development
16987,8161020050,2014-12-03,development
16988,8731983340,2015-03-20,test
16989,7871500280,2015-04-13,test
16990,3276200280,2014-12-19,development
16991,0826069180,2014-10-21,development
16992,3955800080,2014-12-29,development
16993,1657310170,2014-07-23,development
16994,2597690050,2015-04-09,test
16995,0720079001,2014-06-26,development
16996,3975400185,2015-05-13,test
16997,3342101795,2014-11-11,development
16998,9297301190,2014-05-13,development
16999,7424100050,2014-12-01,development
17000,7199340480,2014-10-29,development
17001,2525049259,2014-08-12,development
17002,8835700250,2015-04-26,test
17003,6150700005,2014-12-01,development
17004,6819100080,2014-10-01,development
17005,3904902630,2014-06-03,development
17006,5152200020,2015-05-04,test
17007,3300701440,2014-07-29,development
17008,1152700020,2014-12-26,development
17009,8944300010,2014-07-25,development
17010,8680300010,2015-03-24,test
17011,8731950080,2015-02-19,development
17012,5608000080,2014-07-22,development
17013,2225039130,2014-06-25,development
17014,7504180130,2014-07-01,development
17015,3956100190,2014-11-21,development
17016,2346200050,2014-10-17,development
17017,0040000471,2014-06-04,development
17018,9346950050,2015-04-29,test
17019,9477201150,2014-12-02,development
17020,8078430130,2015-04-07,test
17021,6404600006,2014-08-20,development
17022,6415100122,2014-07-16,development
17023,5505700020,2014-06-18,development
17024,1117300050,2015-03-27,test
17025,8651710430,2014-06-06,development
17026,9292000380,2014-08-18,development
17027,2525059127,2014-11-18,development
17028,1788300010,2014-12-11,development
17029,1150700130,2015-04-21,test
17030,3354400545,2014-07-15,development
17031,2742100009,2014-05-06,development
17032,2475900170,2015-04-29,test
17033,9189700255,2015-01-05,development
17034,2769600480,2015-04-30,test
17035,2260800170,2014-07-18,development
17036,1118500010,2015-03-27,test
17037,5636010280,2014-09-02,development
17038,2326059099,2014-05-02,development
17039,4423100095,2014-05-23,development
17040,8142000080,2015-02-12,development
17041,3222059007,2014-09-13,development
17042,6648000050,2014-06-24,development
17043,3574900170,2014-10-03,development
17044,2008000130,2014-08-18,development
17045,0291300010,2014-05-21,development
17046,9412200280,2014-08-27,development
17047,9315000010,2015-03-03,development
17048,7889600080,2015-02-19,development
17049,8663310010,2014-12-26,development
17050,0930000305,2014-11-10,development
17051,7606200275,2014-12-30,development
17052,0203900380,2014-08-21,development
17053,0880000005,2014-05-22,development
17054,9406570290,2014-05-16,development
17055,5561000920,2014-05-02,development
17056,4037000470,2015-03-16,test
17057,8651511060,2014-06-30,development
17058,9413600010,2015-02-06,development
17059,9358001732,2015-04-28,test
17060,8820900029,2014-06-10,development
17061,6802200670,2014-11-14,development
17062,7852190630,2015-04-17,test
17063,2815600235,2015-04-02,test
17064,3013300660,2014-10-28,development
17065,8091600080,2015-01-23,development
17066,8651402750,2015-02-18,purged
17067,8651402750,2015-04-30,test
17068,2215500080,2014-05-28,development
17069,0225069016,2014-07-22,development
17070,0766900250,2015-04-02,test
17071,2922703260,2014-07-16,development
17072,8011100095,2014-06-10,development
17073,2206700280,2014-12-08,development
17074,7985000010,2015-04-15,test
17075,1504800050,2015-03-12,test
17076,5351200280,2015-04-07,test
17077,7229900005,2014-10-10,development
17078,3126049217,2015-02-25,development
17079,7446500010,2015-05-07,test
17080,2721600010,2015-01-07,development
17081,3392900080,2014-07-06,development
17082,1524059027,2014-05-06,development
17083,9414500480,2015-04-07,test
17084,8576400050,2014-05-09,development
17085,5252000170,2014-11-26,development
17086,2676500080,2014-06-05,development
17087,3585900080,2015-03-26,test
17088,5126900321,2014-05-29,development
17089,8563500020,2014-07-25,development
17090,6624030050,2015-04-28,test
17091,4343800080,2014-08-18,development
17092,1873100050,2015-04-01,test
17093,3210700380,2014-09-16,development
17094,4099500605,2015-04-17,test
17095,4217401365,2014-12-10,development
17096,0923000095,2015-03-26,test
17097,1828000050,2014-05-14,development
17098,9126100346,2014-06-17,development
17099,2919201365,2014-06-16,development
17100,9297300500,2014-10-23,development
17101,6073200010,2014-06-26,development
17102,8807810660,2015-03-02,development
17103,2112700185,2015-03-25,test
17104,1789800020,2014-06-03,development
17105,3275300050,2014-11-24,development
17106,3279000420,2015-01-15,development
17107,0952001660,2014-09-16,development
17108,4023500362,2015-04-02,test
17109,9510910050,2014-07-01,development
17110,1137400050,2014-09-25,development
17111,8864000425,2014-08-05,development
17112,5518800010,2014-07-03,development
17113,3204800430,2014-07-08,development
17114,5152960080,2014-12-10,development
17115,7696500280,2014-10-27,development
17116,8643000190,2015-03-23,test
17117,7625701045,2014-10-27,development
17118,7202360670,2015-04-08,test
17119,4305700086,2015-04-10,test
17120,0731500170,2015-04-22,test
17121,5096300130,2014-07-14,development
17122,1441600020,2014-05-27,development
17123,6163900073,2014-09-05,development
17124,5581400080,2014-06-18,development
17125,8100000080,2014-08-13,development
17126,5379806590,2015-04-30,test
17127,9286100250,2015-03-19,test
17128,4337600005,2015-02-03,development
17129,3645100280,2014-06-13,development
17130,6170900190,2014-08-19,development
17131,8581400345,2015-04-09,test
17132,4345300050,2014-06-17,development
17133,6143000020,2014-10-27,purged
17134,6143000020,2015-04-06,test
17135,0111000190,2015-02-09,development
17136,5306100255,2014-11-05,development
17137,1370803180,2014-08-08,development
17138,5249803745,2014-05-29,development
17139,2787250080,2015-03-27,test
17140,8656300345,2014-08-05,development
17141,0582000185,2014-08-21,development
17142,0191100235,2014-06-03,development
17143,6662410250,2015-03-21,test
17144,1053000010,2015-04-21,test
17145,2473100635,2014-05-08,development
17146,7960100050,2015-04-15,test
17147,1177000130,2014-05-22,development
17148,8732160250,2015-01-20,development
17149,3905100630,2014-07-16,development
17150,5469501410,2014-09-17,development
17151,4107100190,2015-03-24,test
17152,5215200050,2014-07-29,development
17153,4027700006,2015-04-09,test
17154,0421000500,2014-07-21,development
17155,0305010190,2014-10-16,development
17156,0751000190,2014-10-02,development
17157,1446400715,2015-04-22,test
17158,4027701284,2014-06-05,development
17159,6072000380,2014-07-01,development
17160,7212651100,2014-08-22,development
17161,6977000080,2014-07-21,development
17162,8651440780,2014-09-29,development
17163,3298701025,2015-04-27,test
17164,0475000605,2014-06-23,development
17165,1023059430,2014-12-20,development
17166,3760000020,2014-10-22,development
17167,3905090080,2014-05-30,development
17168,0339600290,2015-04-06,test
17169,9542400010,2014-07-11,development
17170,1498303895,2014-07-29,development
17171,0739820050,2015-05-05,test
17172,9238450430,2014-06-24,development
17173,3336000050,2015-05-01,test
17174,5269200050,2015-03-05,development
17175,1982200430,2014-06-12,development
17176,3763300005,2014-05-20,development
17177,1336800185,2014-06-17,development
17178,1561910190,2014-06-27,development
17179,5415350480,2014-06-17,development
17180,1126059108,2015-04-23,test
17181,3818700185,2014-09-25,development
17182,7883601155,2014-05-30,development
17183,7559600430,2014-11-11,development
17184,3449820380,2015-04-02,test
17185,1523069022,2015-05-06,test
17186,7569450480,2015-03-17,test
17187,7202340190,2015-02-19,development
17188,8651710190,2014-10-24,development
17189,5450900010,2014-08-21,development
17190,2201500980,2014-10-20,development
17191,2624079028,2014-10-27,development
17192,3095000185,2014-10-13,development
17193,4476400275,2015-01-14,development
17194,8018600980,2014-12-03,development
17195,7173700591,2014-08-11,development
17196,2568800290,2015-02-18,development
17197,5111400086,2014-05-12,development
17198,1079350020,2014-08-21,development
17199,0088000591,2015-04-14,test
17200,2524049108,2015-05-12,test
17201,1552800280,2014-09-18,development
17202,2423020010,2015-03-16,test
17203,0629410130,2014-05-14,development
17204,4139440480,2014-06-26,development
17205,4139440480,2014-12-01,development
17206,7016300050,2014-07-23,development
17207,3425059099,2014-06-25,development
17208,9541600280,2014-08-23,development
17209,3025300225,2014-10-31,development
17210,7214770020,2015-04-09,test
17211,7227801630,2015-02-27,development
17212,7284900098,2014-09-24,development
17213,7696630080,2014-05-06,development
17214,3235390010,2015-05-05,test
17215,2966800010,2014-11-20,development
17216,6600410290,2014-08-19,development
17217,6300500479,2014-08-19,development
17218,1450900020,2014-10-03,development
17219,1284000010,2014-08-05,development
17220,3626039028,2014-08-18,development
17221,7856560380,2014-08-04,development
17222,2770604346,2014-07-05,development
17223,9202650130,2014-06-18,development
17224,8700100010,2014-07-10,development
17225,4045750010,2015-04-09,test
17226,5706201470,2015-04-28,test
17227,8835210130,2014-08-08,development
17228,8731990440,2015-03-10,test
17229,5540000050,2014-06-12,development
17230,2470200020,2014-05-14,development
17231,9500900430,2014-06-13,development
17232,3024089049,2014-06-09,development
17233,6600410170,2014-05-28,development
17234,7796000095,2015-01-06,development
17235,1338600225,2014-05-28,development
17236,0316000190,2015-02-15,development
17237,9276200190,2015-04-16,test
17238,1447600285,2014-06-09,development
17239,5307100280,2014-08-11,development
17240,1338800280,2014-09-29,development
17241,3211200420,2014-06-18,development
17242,2770604082,2015-03-10,test
17243,7334600280,2014-12-02,development
17244,5406500440,2014-08-12,development
17245,1235100328,2015-02-25,development
17246,4141010050,2015-01-21,development
17247,9510310280,2014-07-09,development
17248,0725069102,2015-03-30,test
17249,8562901350,2014-08-12,development
17250,1442700430,2014-08-08,development
17251,6806300980,2014-12-23,development
17252,8562740290,2014-10-10,development
17253,7454001405,2015-04-03,test
17254,0952007141,2015-04-21,test
17255,1545806720,2014-08-26,development
17256,5561300980,2015-03-20,test
17257,9348700480,2014-07-15,development
17258,1868900285,2014-05-23,development
17259,8651720470,2014-09-10,development
17260,3904950190,2014-05-27,development
17261,5300200050,2014-07-29,development
17262,7334501300,2015-03-06,development
17263,8078350280,2015-02-05,development
17264,4068300280,2014-07-08,development
17265,2625079030,2014-10-28,development
17266,1024069063,2014-09-23,development
17267,3624039102,2014-10-25,development
17268,8025700460,2015-05-08,test
17269,8956000460,2015-01-23,development
17270,2329800630,2014-05-27,development
17271,2491200050,2014-10-23,development
17272,6181700250,2015-02-26,development
17273,2460500020,2015-03-30,test
17274,7893801760,2014-11-17,development
17275,5259800440,2014-09-26,development
17276,7338402850,2014-11-26,development
17277,1423910130,2015-02-11,development
17278,2769602135,2014-08-13,development
17279,4365200425,2014-06-24,development
17280,2473380920,2014-08-13,development
17281,2473380920,2015-02-27,development
17282,2787700630,2015-03-18,test
17283,6917700305,2015-02-19,development
17284,7215720420,2015-03-04,development
17285,2856100250,2014-11-06,development
17286,9421500130,2014-06-16,development
17287,1250201640,2014-05-07,development
17288,5316100920,2014-07-25,development
17289,6813600605,2015-01-28,development
17290,1974300020,2014-08-27,development
17291,1974300020,2015-02-18,development
17292,3630020380,2014-11-07,development
17293,1771000290,2014-12-03,development
17294,5126310470,2015-01-15,development
17295,1870400605,2014-11-17,development
17296,4047200825,2014-10-11,development
17297,7304300430,2014-12-01,development
17298,8079010190,2014-06-26,development
17299,1453600182,2014-05-28,development
17300,9828700235,2015-04-01,test
17301,3448002285,2014-07-02,development
17302,2513500010,2015-05-04,test
17303,9284801100,2015-01-05,development
17304,8901000491,2014-08-28,development
17305,0452002135,2015-04-22,test
17306,6610000591,2014-10-21,development
17307,7518501025,2015-03-27,test
17308,6072400470,2014-11-13,development
17309,1865800250,2014-12-04,development
17310,6072650250,2015-04-24,test
17311,8807900233,2014-06-30,development
17312,3585901025,2014-06-13,development
17313,9238440020,2014-07-17,development
17314,9325800005,2014-12-01,development
17315,7520000020,2014-05-23,development
17316,3904920380,2015-03-23,test
17317,3630080430,2014-06-17,development
17318,8682262230,2014-08-26,development
17319,3326079016,2015-05-04,test
17320,7214800430,2015-03-05,development
17321,6430000275,2014-05-06,development
17322,1924079090,2014-10-16,development
17323,1509500380,2015-01-28,development
17324,9809000010,2015-01-06,development
17325,8722101100,2015-03-19,test
17326,8651410670,2014-11-25,development
17327,3629830250,2014-12-22,development
17328,0868001435,2015-01-27,development
17329,4168100020,2014-12-04,development
17330,0814000020,2015-02-20,development
17331,7852010950,2014-10-20,development
17332,2395710010,2014-06-05,development
17333,3630000130,2014-10-28,development
17334,2105200010,2014-09-04,development
17335,2856100381,2014-07-11,development
17336,5608030020,2015-02-03,development
17337,3404700080,2014-11-12,development
17338,1890000275,2015-04-29,test
17339,7852000010,2014-05-27,development
17340,5230300280,2014-05-15,development
17341,4232902335,2014-08-14,development
17342,4232900250,2014-07-10,development
17343,1312930250,2014-05-28,development
17344,6446200305,2014-06-23,development
17345,7852020670,2015-04-02,test
17346,4475000170,2014-11-11,development
17347,7202360170,2014-05-23,development
17348,6146600185,2014-05-07,development
17349,2825079001,2014-08-14,development
17350,3905040780,2014-09-24,development
17351,2488200168,2014-07-18,development
17352,3336000170,2014-10-03,development
17353,8835700010,2015-01-16,development
17354,0303800020,2015-05-13,test
17355,3971700670,2015-03-14,test
17356,2481610050,2014-11-24,development
17357,4154304505,2014-09-19,development
17358,7202330170,2014-07-17,development
17359,9430100020,2014-06-17,development
17360,2436700280,2014-05-28,development
17361,7525211410,2014-07-15,development
17362,3760500514,2014-09-12,development
17363,4067600255,2014-05-22,development
17364,7853302130,2014-06-04,development
17365,0811000050,2014-12-31,development
17366,8691330130,2014-06-11,development
17367,6623400050,2014-09-09,development
17368,9542801410,2015-01-14,development
17369,7202330190,2014-10-01,development
17370,3303950660,2014-07-31,development
17371,4140930010,2014-09-19,development
17372,2724069169,2014-07-24,development
17373,7979900430,2014-12-03,development
17374,1338300010,2014-10-13,development
17375,5238800020,2014-12-08,development
17376,4154305575,2014-09-03,development
17377,6821102385,2015-03-26,test
17378,6600410480,2014-08-28,development
17379,4146800050,2014-11-26,development
17380,3793500050,2015-03-03,development
17381,0641900050,2014-08-19,development
17382,0641900050,2015-02-06,development
17383,2402100715,2014-07-26,development
17384,1453602313,2014-10-29,development
17385,1890000225,2014-06-20,development
17386,7525900050,2014-12-05,development
17387,6413600290,2014-05-09,development
17388,0952006728,2014-06-13,development
17389,1088801350,2015-02-10,development
17390,3575302759,2014-08-06,development
17391,3508100161,2015-03-27,test
17392,8651410190,2014-11-12,development
17393,1823099028,2014-07-22,development
17394,0745000005,2014-08-25,development
17395,9414700020,2015-04-22,test
17396,2331300415,2014-06-20,development
17397,6815100380,2015-05-14,test
17398,7575610250,2014-10-14,development
17399,5153900080,2014-07-14,development
17400,7525410190,2014-05-02,development
17401,6819100020,2014-05-29,development
17402,1868902745,2014-05-02,development
17403,3783100080,2014-06-04,development
17404,3327750020,2014-09-09,development
17405,1112700010,2014-06-19,development
17406,9269260420,2014-11-10,development
17407,9286730020,2015-03-31,test
17408,8673400190,2014-07-23,development
17409,1951600250,2015-04-06,test
17410,3296900280,2015-03-25,test
17411,5459000305,2015-04-08,test
17412,4122900020,2014-06-26,development
17413,5212000020,2015-03-24,test
17414,1825079005,2014-06-09,development
17415,6450303235,2014-08-18,development
17416,7227501190,2015-04-27,test
17417,7853300020,2015-03-20,test
17418,2922703235,2014-11-19,development
17419,6138000095,2014-11-18,development
17420,2356800020,2014-09-29,development
17421,5379805495,2015-04-13,test
17422,3861440010,2014-07-15,development
17423,2505500009,2015-04-27,test
17424,3388000080,2015-04-22,test
17425,0480000170,2014-06-27,development
17426,2597650660,2014-10-13,development
17427,7304300470,2014-09-04,development
17428,7334600170,2014-10-13,development
17429,7222000244,2015-02-23,development
17430,9558020840,2015-04-22,test
17431,5592900020,2014-12-02,development
17432,8732190380,2015-04-14,test
17433,2249800080,2014-05-23,development
17434,2062600020,2014-07-08,development
17435,7660100309,2014-12-26,development
17436,6093900280,2014-05-07,development
17437,4154303125,2015-04-23,test
17438,2695600005,2014-06-20,development
17439,3826500020,2014-08-28,development
17440,9238440130,2014-06-30,development
17441,3630030010,2014-09-26,development
17442,1592000130,2014-11-14,development
17443,2487200279,2014-11-24,development
17444,1959703070,2014-10-29,development
17445,4038700680,2014-07-25,development
17446,9390700095,2014-08-08,development
17447,6392003810,2014-05-23,development
17448,7806210250,2015-04-06,test
17449,2919200440,2015-04-07,test
17450,6751500185,2015-04-21,test
17451,5137300130,2014-05-09,development
17452,2744000010,2014-05-13,development
17453,4279600010,2014-12-30,development
17454,2540830020,2015-04-01,test
17455,7214800190,2015-01-05,development
17456,9169100185,2015-02-25,development
17457,0859000022,2014-08-19,development
17458,1180005050,2014-12-18,development
17459,3625700010,2014-05-06,development
17460,7335400020,2014-06-26,development
17461,8902000050,2014-10-27,development
17462,1972200698,2014-05-28,development
17463,0415100010,2014-06-11,development
17464,5500200010,2014-10-14,development
17465,1842390130,2014-10-24,development
17466,6362900007,2014-09-05,development
17467,5466380050,2014-12-19,development
17468,7417700185,2015-03-14,test
17469,4127000050,2015-01-07,development
17470,8084900170,2014-10-23,development
17471,2205700470,2015-01-22,development
17472,3629200020,2015-02-02,development
17473,6070800050,2015-02-13,development
17474,6329000185,2015-03-29,test
17475,8815400020,2014-07-24,development
17476,1742800430,2015-05-04,test
17477,5006000170,2015-02-11,development
17478,7202310010,2014-10-20,development
17479,0323089005,2015-03-26,test
17480,1525079056,2014-05-02,development
17481,4140900050,2015-01-26,development
17482,7387500235,2014-05-15,purged
17483,7387500235,2015-03-17,test
17484,3726800010,2014-07-14,development
17485,2621760290,2014-08-27,development
17486,6046401300,2014-06-09,development
17487,3326069026,2015-04-01,test
17488,6608500290,2014-10-24,development
17489,1862700290,2014-07-11,development
17490,4331000190,2014-12-23,development
17491,5101400994,2014-07-17,development
17492,1615900020,2015-03-20,test
17493,2804600005,2014-12-19,development
17494,7431500280,2014-11-10,development
17495,6303401365,2014-06-03,development
17496,2817850290,2014-12-01,development
17497,3205100080,2014-07-08,development
17498,2464400280,2015-05-04,test
17499,7889601300,2015-04-21,test
17500,8151600101,2015-01-16,development
17501,3764650010,2015-05-13,test
17502,3521069150,2014-10-17,development
17503,4345000440,2015-02-23,development
17504,1822059073,2015-04-14,test
17505,2600130190,2014-11-07,development
17506,7985100190,2015-01-06,development
17507,0305010050,2014-12-31,development
17508,3761100257,2014-07-14,development
17509,0952003340,2014-07-09,development
17510,3347401315,2014-06-16,development
17511,0513000585,2014-07-07,development
17512,1049010050,2014-12-19,development
17513,1370802455,2014-08-13,development
17514,4206901435,2015-01-22,development
17515,1467400095,2015-02-24,development
17516,2592210290,2014-10-10,development
17517,3034200275,2014-08-17,development
17518,7221400285,2015-02-09,development
17519,7518502210,2014-05-30,development
17520,1646501845,2014-09-13,development
17521,8081020380,2015-02-17,development
17522,2158900095,2014-10-27,development
17523,4031000460,2014-06-10,development
17524,3881900605,2015-03-15,test
17525,5700002285,2014-10-16,development
17526,6392002635,2014-06-12,development
17527,6822100305,2014-08-19,development
17528,1871400585,2015-04-22,test
17529,7300410010,2014-12-04,development
17530,0925069134,2014-09-10,development
17531,2114700460,2014-08-18,development
17532,3326059238,2015-05-06,test
17533,3750606890,2014-06-26,development
17534,9117100130,2014-08-12,development
17535,5469502660,2014-09-29,development
17536,3356402232,2014-09-24,development
17537,8030500010,2014-05-28,development
17538,2425700022,2014-09-29,development
17539,3956100050,2014-08-29,development
17540,5292200010,2015-01-16,development
17541,4178310080,2014-07-23,development
17542,1180002745,2014-05-21,development
17543,4047200655,2014-05-09,development
17544,9477000080,2014-07-14,development
17545,3905100840,2014-07-23,development
17546,7885800290,2014-11-03,development
17547,9475710170,2014-09-19,development
17548,6885900415,2015-01-07,development
17549,5285200020,2014-07-18,development
17550,4039400430,2014-05-16,development
17551,2481610170,2014-06-09,development
17552,1795910420,2014-10-31,development
17553,7135521680,2014-05-22,development
17554,2011000020,2014-08-26,development
17555,1196002395,2014-09-17,development
17556,3876590420,2014-06-24,development
17557,4358700164,2014-11-13,development
17558,7631800015,2015-04-07,test
17559,3260810150,2014-09-26,development
17560,7015201015,2014-10-28,development
17561,9348700450,2014-08-18,development
17562,3151600035,2015-01-07,development
17563,2254502070,2014-11-05,development
17564,8127700210,2015-04-27,test
17565,2926049237,2014-10-06,development
17566,7785000230,2014-05-27,development
17567,2025701390,2014-08-12,development
17568,1561900330,2015-03-06,development
17569,1370800940,2014-07-21,development
17570,8691300900,2014-08-21,development
17571,3751606514,2014-06-26,development
17572,5104510490,2014-05-27,development
17573,3432500210,2015-03-26,test
17574,2771604791,2014-07-19,development
17575,2537500040,2015-03-04,development
17576,1222069089,2014-09-04,development
17577,3332500100,2015-04-08,test
17578,7625702616,2014-11-21,development
17579,2561330040,2015-03-23,test
17580,1423049019,2014-05-23,purged
17581,1423049019,2015-03-31,test
17582,9277200065,2015-02-26,development
17583,1920079039,2014-08-15,development
17584,7515000035,2015-04-24,test
17585,5315101728,2015-03-19,test
17586,0326069164,2015-04-29,test
17587,2695600410,2014-11-06,development
17588,9348700610,2014-12-17,development
17589,7308900100,2014-06-19,development
17590,1453601502,2015-02-26,development
17591,4077800593,2014-09-15,development
17592,9268200641,2014-08-20,development
17593,6705850300,2015-04-14,test
17594,3720800115,2015-03-31,test
17595,8079040330,2014-09-27,development
17596,1824079052,2015-04-01,test
17597,1923300315,2015-02-17,development
17598,3336001316,2014-11-06,development
17599,9382200025,2015-01-15,development
17600,7237500650,2015-02-13,development
17601,3100500065,2014-07-08,development
17602,0795000620,2014-09-24,purged
17603,0795000620,2014-12-15,purged
17604,0795000620,2015-03-11,test
17605,8651430220,2014-07-25,development
17606,7954300740,2014-09-09,development
17607,4046601460,2014-06-06,development
17608,6933600456,2015-03-13,test
17609,9357000650,2014-05-27,development
17610,7347600490,2014-08-14,development
17611,5095400760,2014-06-23,development
17612,1245003660,2015-03-21,test
17613,3275300040,2014-06-06,development
17614,2407000405,2015-02-26,development
17615,6664900330,2015-02-23,development
17616,4036800900,2014-09-24,development
17617,8648220150,2014-05-07,development
17618,3876313170,2014-12-09,development
17619,2738600220,2014-08-04,development
17620,1593000690,2015-04-08,test
17621,5101406536,2014-10-28,development
17622,2267000485,2014-12-01,development
17623,0822059059,2015-03-25,test
17624,2310110230,2014-05-20,development
17625,7974200777,2014-11-18,development
17626,2025059201,2014-07-31,development
17627,1074100110,2014-05-25,development
17628,8000200090,2015-04-27,test
17629,1247100035,2014-06-30,development
17630,7010700210,2014-06-05,development
17631,7950304065,2015-03-09,development
17632,9523100026,2014-07-23,development
17633,1093000090,2015-04-16,test
17634,1532300155,2014-09-16,development
17635,4006000423,2015-01-08,development
17636,8665900331,2015-01-30,development
17637,3370000150,2014-08-04,development
17638,1853080540,2014-11-24,development
17639,1023089197,2014-10-07,development
17640,1175001075,2014-09-16,development
17641,6392001810,2014-09-04,development
17642,2767603160,2015-02-25,development
17643,8129700985,2015-04-27,test
17644,9406500600,2015-02-05,development
17645,3830620300,2014-11-03,development
17646,4237901250,2015-03-27,test
17647,3754501240,2015-02-06,development
17648,2226069018,2014-11-12,development
17649,4206901215,2014-06-12,development
17650,3904930730,2014-11-05,development
17651,2115510300,2014-10-16,development
17652,1773100620,2015-05-05,test
17653,5075400150,2014-05-23,development
17654,3893100319,2015-03-23,test
17655,4139440610,2014-05-12,development
17656,2481590090,2014-10-27,development
17657,3222049151,2014-10-30,development
17658,1545805030,2014-10-21,development
17659,0620079042,2015-03-23,test
17660,6848200325,2014-09-04,development
17661,6929603207,2014-12-10,development
17662,3626039229,2015-03-17,test
17663,5589900610,2014-09-18,development
17664,7153400100,2015-02-19,development
17665,1125069086,2015-04-28,test
17666,2902200076,2015-01-28,development
17667,8024201210,2014-09-11,development
17668,3755500065,2014-11-06,development
17669,3890600150,2014-05-28,development
17670,2141320230,2015-04-10,test
17671,8078430360,2014-12-16,development
17672,0333100209,2015-03-18,test
17673,5419800090,2014-11-21,development
17674,1868900395,2014-09-02,development
17675,1568100730,2015-02-18,development
17676,1785400770,2014-08-25,development
17677,2724079014,2015-03-31,test
17678,1370801800,2014-05-19,development
17679,3585901085,2014-06-04,development
17680,0424049283,2015-04-15,test
17681,7851990230,2015-03-16,test
17682,1423069076,2014-09-26,development
17683,1786830090,2014-07-08,development
17684,2968801240,2014-05-12,development
17685,3344500210,2015-04-24,test
17686,0226039317,2015-01-07,development
17687,7202330530,2015-01-16,development
17688,3905090230,2015-02-27,development
17689,6446200365,2015-05-05,test
17690,0856001130,2015-02-23,development
17691,7861500150,2014-12-02,development
17692,5014600210,2014-12-15,development
17693,2215900900,2015-05-05,test
17694,2025700740,2014-07-02,development
17695,2591730230,2014-09-12,development
17696,7611200195,2015-02-20,development
17697,9297800090,2014-07-08,development
17698,2215900930,2014-05-09,development
17699,7215730930,2015-01-12,development
17700,5201810110,2014-06-09,development
17701,3575302562,2014-11-13,development
17702,3438502290,2015-02-02,development
17703,8881900230,2014-12-02,development
17704,3500100015,2014-08-12,development
17705,8651511250,2015-04-15,test
17706,8651401960,2015-04-13,test
17707,7937900040,2014-12-19,development
17708,6199000141,2015-03-12,test
17709,3271300365,2015-04-07,test
17710,9264030040,2015-04-30,test
17711,9829200580,2014-09-17,development
17712,2929600035,2014-06-27,development
17713,3459410230,2014-11-11,development
17714,7303200450,2015-04-08,test
17715,0924069042,2014-11-25,development
17716,0287000110,2014-06-25,development
17717,1018000276,2015-03-27,test
17718,1560870040,2015-04-21,test
17719,7135500120,2014-05-19,development
17720,5101408835,2014-09-09,development
17721,0472000590,2014-06-24,development
17722,0104550750,2014-07-28,development
17723,7576700150,2014-10-01,development
17724,7137300245,2015-04-29,test
17725,5511600315,2015-02-18,development
17726,1422059039,2014-08-28,development
17727,1026069095,2014-06-24,development
17728,2207100165,2015-04-30,test
17729,1705400361,2014-12-08,development
17730,1370804115,2014-11-06,development
17731,9527000090,2015-03-18,test
17732,1556200145,2014-10-07,development
17733,1245500286,2014-05-23,development
17734,8824900120,2014-06-06,development
17735,3959401645,2014-06-04,development
17736,9264900880,2014-07-15,development
17737,2826049160,2014-09-05,development
17738,3449500035,2014-09-30,development
17739,9266700845,2015-04-29,test
17740,2493200455,2014-10-21,development
17741,6352600210,2014-06-11,development
17742,4278900110,2014-10-09,development
17743,7214790110,2014-06-13,development
17744,9358400150,2015-02-06,development
17745,1545802100,2014-10-29,development
17746,8563000110,2015-04-24,test
17747,8074400150,2015-04-01,test
17748,1951800040,2014-06-20,development
17749,7934000090,2015-02-25,development
17750,0050300090,2014-08-11,development
17751,8651430210,2015-03-21,test
17752,0126059019,2015-03-16,test
17753,2599700040,2014-12-30,development
17754,9512501400,2014-09-02,development
17755,9169600043,2015-04-24,test
17756,4139900210,2014-06-20,development
17757,9558010090,2014-08-22,development
17758,8101900100,2015-03-28,test
17759,5592900205,2015-04-09,test
17760,1624049228,2014-11-24,development
17761,2473410360,2014-06-17,development
17762,7750500120,2014-11-18,development
17763,1630700361,2014-06-27,purged
17764,1630700361,2015-04-09,test
17765,4025300210,2015-02-17,development
17766,2922701175,2014-09-19,development
17767,7352200450,2015-01-15,development
17768,9320990120,2014-07-03,development
17769,1238500281,2015-04-10,test
17770,1951800580,2014-10-24,development
17771,3530430100,2014-08-15,development
17772,1623059092,2014-05-09,development
17773,7177300735,2015-03-29,test
17774,1525039057,2014-07-02,development
17775,5393601635,2014-12-29,development
17776,4217401240,2014-07-17,development
17777,3438501450,2015-05-07,test
17778,1872900065,2015-04-10,test
17779,9285800180,2014-06-26,development
17780,4322200220,2015-04-21,test
17781,1819800042,2014-11-14,development
17782,2946001675,2014-06-03,development
17783,1138010530,2015-04-29,test
17784,7763400035,2015-04-02,test
17785,0925059107,2014-08-20,development
17786,1112000100,2015-03-30,test
17787,7010700936,2014-06-13,development
17788,9558010300,2015-04-23,test
17789,7304301010,2014-09-15,development
17790,2329800110,2015-01-28,development
17791,8712100530,2014-08-13,development
17792,3814800300,2014-08-11,development
17793,4022300035,2014-10-09,development
17794,6021503840,2014-06-10,development
17795,5210200081,2014-11-10,development
17796,0821049123,2014-10-28,development
17797,6929600945,2014-08-25,development
17798,5229300027,2014-09-10,development
17799,2214800730,2014-09-05,development
17800,3521059124,2014-09-24,development
17801,1931300850,2014-05-27,development
17802,2206500110,2014-09-05,development
17803,3856903515,2014-12-22,development
17804,5561401530,2014-10-29,development
17805,2206900065,2015-05-01,test
17806,7852090820,2014-07-29,development
17807,2354300915,2014-09-03,development
17808,9214400120,2014-06-02,development
17809,7298050090,2014-10-07,development
17810,1323059098,2015-04-02,test
17811,7345000120,2014-06-17,development
17812,8563050110,2014-05-22,development
17813,3754010040,2014-10-23,development
17814,8944320100,2014-10-27,development
17815,6788201781,2014-06-05,development
17816,1036400100,2014-10-21,development
17817,0323089085,2015-04-22,test
17818,7905200365,2015-04-08,test
17819,2420069268,2014-08-21,development
17820,7957600025,2014-05-08,development
17821,1338600090,2014-09-23,development
17822,5255690100,2015-04-21,test
17823,1646500365,2014-11-21,development
17824,2645500021,2014-10-09,development
17825,2220069003,2015-02-23,development
17826,2123049498,2015-01-20,development
17827,4139450360,2014-05-14,development
17828,2600100300,2014-09-16,development
17829,2767600150,2014-05-19,development
17830,1771000970,2014-10-10,development
17831,7960100120,2014-06-12,development
17832,0424049039,2014-07-07,development
17833,7853220970,2014-05-28,development
17834,0439000230,2015-04-29,test
17835,9406510040,2015-02-06,development
17836,7697850360,2015-02-04,development
17837,2923500750,2014-07-18,development
17838,3024059057,2015-05-01,test
17839,0322059095,2014-08-11,development
17840,8651400580,2014-09-20,development
17841,7812800855,2015-03-11,test
17842,4151800265,2015-03-06,development
17843,1005000062,2014-08-01,development
17844,9528105305,2015-01-21,development
17845,7225000215,2015-04-07,test
17846,5605000215,2015-02-25,development
17847,1922059401,2014-07-25,development
17848,3824100286,2015-03-19,test
17849,1226039058,2015-05-03,test
17850,2770605175,2015-02-27,development
17851,6791200120,2014-09-23,purged
17852,6791200120,2015-04-07,test
17853,4137010590,2014-05-14,development
17854,5495200040,2015-01-26,development
17855,0868000175,2014-10-01,development
17856,8820902549,2014-11-19,development
17857,8731980040,2014-05-06,development
17858,3096000040,2015-04-30,test
17859,4058800215,2014-05-28,development
17860,3579800405,2014-08-25,development
17861,3188100065,2014-05-27,development
17862,8570900038,2014-08-11,development
17863,4379400490,2014-07-10,development
17864,0952003575,2014-05-27,development
17865,0162500015,2014-10-20,development
17866,7732410360,2014-08-22,development
17867,3031200120,2014-11-18,development
17868,2131700900,2014-08-13,development
17869,2122059198,2014-08-25,development
17870,7340600735,2014-06-03,development
17871,2923049393,2014-08-13,development
17872,7922710450,2015-03-27,test
17873,0192450180,2015-03-10,test
17874,0782700120,2015-03-23,test
17875,2887703155,2015-02-25,development
17876,5700000245,2014-06-02,development
17877,2420069003,2015-03-31,test
17878,9274202165,2015-01-20,development
17879,9287802410,2014-08-22,development
17880,2324039077,2015-04-27,test
17881,9329300040,2014-09-10,development
17882,0259700180,2015-04-28,test
17883,5100400315,2014-05-23,development
17884,3424069076,2014-10-13,development
17885,9138100261,2014-10-29,development
17886,7227500740,2014-11-07,development
17887,8150100265,2014-11-18,development
17888,1150000040,2014-07-21,development
17889,9238900616,2014-06-10,development
17890,9289900065,2014-09-11,development
17891,7504020610,2014-06-18,development
17892,7454001210,2014-06-03,development
17893,2122039137,2015-04-13,test
17894,6884800180,2014-06-11,development
17895,7110000068,2014-07-03,development
17896,7625701935,2014-10-13,development
17897,4054500180,2014-07-24,development
17898,2917200475,2015-03-23,test
17899,3262300555,2014-07-08,development
17900,1245003740,2014-07-23,development
17901,1796381120,2014-07-28,development
17902,3761100180,2014-09-17,development
17903,6666800180,2015-01-30,development
17904,8651200040,2014-08-14,development
17905,5100402310,2014-12-12,development
17906,0421049170,2014-07-17,development
17907,0726059047,2014-12-16,development
17908,5100403636,2015-02-23,development
17909,1535204365,2014-11-24,development
17910,4240400155,2014-08-12,development
17911,5468750040,2015-01-26,development
17912,9158100040,2014-08-08,development
17913,7460000040,2014-12-15,development
17914,2927600155,2014-07-22,development
17915,8731950910,2015-02-18,development
17916,1726600110,2014-07-17,development
17917,3320000212,2014-10-06,development
17918,1670400068,2014-06-18,development
17919,7424700145,2014-07-30,development
17920,2408800120,2014-07-16,development
17921,1776230180,2014-10-08,development
17922,7889601320,2014-07-25,development
17923,7589200153,2014-06-09,development
17924,8032700175,2014-10-27,development
17925,9238430300,2014-11-06,development
17926,6150700180,2014-09-22,development
17927,3330501645,2015-02-23,development
17928,7853210180,2014-10-02,development
17929,6149700194,2014-10-15,development
17930,3625049079,2014-08-01,development
17931,2979800750,2014-09-11,development
17932,2887700970,2015-02-09,development
17933,8732130940,2014-06-09,development
17934,2968800645,2015-04-28,test
17935,2351800065,2015-02-17,development
17936,2822069080,2014-11-21,development
17937,5018200110,2014-09-22,development
17938,1235100371,2014-07-17,development
17939,3904930410,2014-10-28,development
17940,3529000880,2015-03-09,development
17941,8081020330,2014-07-29,development
17942,2516000515,2014-12-18,development
17943,3223039010,2014-08-04,development
17944,9828702588,2015-03-11,test
17945,6672920150,2015-04-06,test
17946,9485700150,2015-03-04,development
17947,3500100208,2014-11-19,development
17948,4083302915,2014-09-17,development
17949,1560920450,2014-09-24,development
17950,2475200930,2014-07-22,development
17951,2064800120,2014-06-02,development
17952,0272000945,2015-03-25,test
17953,9476700035,2014-07-10,development
17954,0859000018,2014-08-14,development
17955,4237900645,2014-10-10,development
17956,2436200436,2014-07-08,development
17957,7635801321,2014-07-23,development
17958,3975400085,2014-06-24,development
17959,1099600220,2015-01-08,development
17960,8952900245,2014-07-15,development
17961,1622049140,2014-08-05,development
17962,2824069373,2014-05-15,development
17963,1774000330,2014-07-07,development
17964,1555300530,2014-07-14,development
17965,4402700593,2015-04-28,test
17966,2556500040,2015-01-06,development
17967,1737100040,2014-10-22,development
17968,7575620120,2015-04-22,test
17969,2817900100,2015-03-30,test
17970,1939100610,2014-06-23,development
17971,4174600386,2015-04-14,test
17972,1310440590,2015-04-13,test
17973,4037200690,2014-12-08,development
17974,8072000035,2015-03-26,test
17975,2125410210,2014-12-06,development
17976,3755000120,2015-02-26,development
17977,3598600088,2015-01-09,development
17978,4083305633,2014-07-22,development
17979,9545200180,2014-11-26,development
17980,0046100504,2014-06-17,development
17981,0952000925,2014-09-22,development
17982,4039300490,2014-06-03,development
17983,8151600941,2014-08-28,development
17984,3448001975,2015-05-04,test
17985,2141500040,2014-09-12,development
17986,2798600120,2015-04-22,test
17987,2227900040,2015-01-14,development
17988,3395040580,2014-10-23,development
17989,6137610620,2014-08-08,development
17990,7518505375,2015-05-05,test
17991,9206950100,2014-06-17,development
17992,9542890100,2014-12-29,development
17993,4254000620,2014-10-07,development
17994,6414100026,2015-01-08,development
17995,1346300035,2014-06-26,development
17996,2212210360,2014-07-02,development
17997,0205000410,2014-09-15,development
17998,2892600056,2015-01-06,development
17999,3396800120,2015-04-27,test
18000,2320069089,2014-09-30,development
18001,4036400110,2015-01-29,development
18002,7518506716,2014-08-27,development
18003,9826701765,2014-08-08,development
18004,1438700040,2014-08-25,development
18005,5494000040,2014-12-01,development
18006,7224500375,2014-07-15,development
18007,1025049254,2014-12-04,development
18008,2407000110,2015-04-14,test
18009,7203600745,2014-10-14,development
18010,7234601198,2014-06-04,development
18011,1931300110,2014-07-25,development
18012,8624700015,2014-11-12,development
18013,6149700315,2015-04-10,test
18014,2064800880,2015-02-01,development
18015,3902300450,2014-07-02,development
18016,1332300110,2015-02-23,development
18017,7663700610,2015-03-10,test
18018,7520000330,2014-08-13,development
18019,1521049156,2014-10-10,development
18020,6648760150,2014-07-28,development
18021,1807900300,2014-12-17,development
18022,4310700778,2015-02-10,development
18023,5364200620,2014-08-14,development
18024,1939130120,2014-07-18,development
18025,7280300375,2015-01-22,development
18026,2767602720,2015-02-23,development
18027,3300701185,2014-09-25,development
18028,8731901910,2014-06-16,development
18029,2558640110,2014-05-14,development
18030,9465200405,2014-08-21,development
18031,2896000450,2015-03-23,test
18032,1320069255,2014-06-24,development
18033,8651720150,2014-07-21,development
18034,3840700757,2014-06-19,development
18035,8856970530,2014-12-08,development
18036,2473351050,2014-08-13,development
18037,7003200120,2014-06-27,development
18038,1321059097,2014-09-24,development
18039,2571910100,2014-10-29,development
18040,5104511050,2014-09-02,development
18041,2771603990,2014-07-15,development
18042,9407001770,2015-05-12,test
18043,3211230300,2014-09-29,development
18044,3229200040,2014-07-23,development
18045,3810000843,2015-04-27,test
18046,4045700455,2015-03-16,test
18047,3322049095,2015-02-05,development
18048,8682280970,2015-02-04,development
18049,9269200650,2014-10-27,development
18050,7701961220,2014-06-26,development
18051,7883603945,2014-07-15,development
18052,1352300580,2014-11-14,development
18053,8714600145,2015-04-01,test
18054,0323089172,2014-07-18,development
18055,8651511030,2014-10-02,development
18056,7015200900,2015-04-10,test
18057,0736100065,2015-03-10,test
18058,3123049131,2014-12-18,development
18059,1773101530,2014-12-18,development
18060,6917700650,2014-10-08,development
18061,3574800090,2014-12-02,development
18062,7853220610,2014-07-29,development
18063,9537200037,2015-04-28,test
18064,5470100090,2014-09-05,development
18065,3826500730,2014-09-22,development
18066,2998800040,2014-06-13,development
18067,7658600150,2014-06-30,development
18068,3816300065,2014-07-16,development
18069,1561600056,2014-10-17,development
18070,8682261250,2014-12-11,development
18071,6392002550,2014-10-22,development
18072,1370803835,2014-07-18,development
18073,7805450040,2015-03-16,test
18074,8019200823,2015-02-09,development
18075,5457800930,2014-06-13,development
18076,3715500110,2014-12-01,development
18077,6058600385,2014-08-11,development
18078,7708250040,2015-02-12,development
18079,2769600035,2014-08-07,development
18080,5500100120,2014-09-16,development
18081,4472000040,2014-08-18,development
18082,9376301591,2015-04-14,test
18083,4232903990,2014-11-19,development
18084,7575500150,2014-09-24,development
18085,6817801430,2015-03-05,development
18086,2883200760,2015-02-09,development
18087,1797500985,2014-09-02,development
18088,2896400210,2015-05-08,test
18089,8691510150,2014-09-22,development
18090,6163901380,2014-11-14,development
18091,9477000650,2014-11-19,development
18092,2560800165,2015-03-16,test
18093,5589300495,2015-03-04,development
18094,2517000600,2015-01-28,development
18095,5364200477,2014-06-03,development
18096,7349400100,2014-10-09,development
18097,1455600062,2014-10-21,development
18098,0629810720,2014-08-18,development
18099,3395800455,2014-06-25,development
18100,9191201385,2015-03-01,development
18101,6648150040,2014-05-13,development
18102,7211400615,2014-05-15,development
18103,6870000150,2014-12-18,development
18104,3324079092,2015-04-27,test
18105,8901000543,2014-06-09,development
18106,7428000120,2014-12-10,development
18107,6675500112,2015-04-14,test
18108,8898701340,2014-10-29,development
18109,3904921120,2014-07-15,development
18110,1545806960,2015-04-22,test
18111,3303990410,2014-11-11,development
18112,1862900690,2014-09-25,development
18113,0123039333,2014-06-09,development
18114,8077210230,2014-12-12,development
18115,9550200650,2014-05-06,development
18116,4326000220,2014-10-20,development
18117,1862400522,2014-08-22,development
18118,7589200165,2015-01-07,development
18119,0925059042,2014-10-02,development
18120,2924079044,2014-07-23,development
18121,5535600110,2014-06-18,development
18122,1428900033,2014-11-19,development
18123,1822059382,2015-01-02,development
18124,3584000180,2014-05-28,development
18125,7812500180,2015-04-13,test
18126,0984210220,2014-12-03,development
18127,8682310220,2014-08-27,development
18128,7586200061,2015-03-12,test
18129,5127100100,2015-05-11,test
18130,7856000150,2014-06-09,development
18131,5076700025,2014-11-24,development
18132,9221400600,2014-05-23,development
18133,1924059278,2014-06-11,development
18134,6163901283,2015-01-30,development
18135,7504460090,2014-07-25,development
18136,4154302560,2014-11-21,development
18137,7905390220,2014-06-23,development
18138,8691330910,2014-05-21,development
18139,9169100175,2015-05-07,test
18140,5706202070,2014-09-30,development
18141,9478501020,2014-09-16,development
18142,0426069095,2014-10-14,development
18143,6752000330,2014-08-15,development
18144,9834200555,2015-02-19,development
18145,0726059344,2015-04-21,test
18146,8106100085,2014-05-09,development
18147,3831250150,2015-03-26,test
18148,7852020760,2014-11-01,development
18149,3142600120,2014-08-26,development
18150,7831800495,2014-10-02,development
18151,4037000065,2015-04-14,test
18152,7574910450,2015-02-03,development
18153,6703700025,2014-11-05,development
18154,5418500970,2014-08-08,development
18155,5379806180,2014-08-13,development
18156,3332000061,2014-08-05,development
18157,7635800600,2014-06-26,development
18158,1825079086,2014-05-21,development
18159,4399200085,2015-03-05,development
18160,7131300031,2015-03-31,test
18161,2719100355,2014-11-04,development
18162,2517010120,2015-04-13,test
18163,5700000600,2014-07-02,development
18164,5075400035,2014-06-27,development
18165,5141000571,2014-08-25,development
18166,3664500300,2014-11-06,development
18167,2607730490,2014-09-22,development
18168,0088000790,2014-07-14,development
18169,4083303540,2015-03-20,test
18170,6430500219,2014-09-10,development
18171,0203900610,2014-07-24,development
18172,6083000123,2015-05-04,test
18173,2490200620,2014-08-11,development
18174,9528102870,2015-03-04,development
18175,2436700610,2015-04-22,test
18176,7655900031,2015-03-06,development
18177,7011201333,2014-09-17,development
18178,9412200730,2015-02-24,development
18179,3024079096,2015-04-14,test
18180,5423600040,2014-07-07,development
18181,3291800120,2015-01-02,development
18182,3052700921,2015-02-11,development
18183,2424059119,2014-10-14,development
18184,4335000145,2014-08-13,development
18185,1980200384,2014-10-22,development
18186,5637200150,2015-01-14,development
18187,8864000970,2014-12-04,development
18188,3885808210,2015-01-20,development
18189,7986400265,2014-10-29,development
18190,9459200120,2015-03-04,development
18191,1311200120,2014-05-13,development
18192,3649100031,2015-03-05,development
18193,2475400120,2014-10-01,development
18194,6365900065,2014-07-18,development
18195,3959400645,2015-01-07,development
18196,4139660040,2014-11-21,development
18197,3241600027,2014-10-06,development
18198,8946400100,2014-08-04,development
18199,3625059152,2014-12-30,development
18200,0624110110,2015-02-22,development
18201,0522079015,2015-03-22,test
18202,3204300455,2014-08-22,development
18203,5414100040,2014-09-15,development
18204,1930301015,2015-04-28,test
18205,1898200100,2014-05-28,development
18206,9471200065,2014-10-15,development
18207,0510003085,2014-06-23,development
18208,2579500110,2014-07-01,development
18209,1762600090,2015-04-24,test
18210,6700390090,2014-06-25,development
18211,6817801020,2014-08-21,development
18212,7931000053,2014-12-29,development
18213,1828000620,2014-07-01,development
18214,2423400040,2014-08-04,development
18215,6064800730,2015-01-29,development
18216,3388300590,2014-06-11,development
18217,1591600506,2015-02-25,development
18218,6798100661,2014-06-16,development
18219,8732800100,2014-09-16,development
18220,2025701080,2015-03-18,test
18221,4345000490,2014-12-02,development
18222,2771104010,2014-06-05,development
18223,3307700405,2014-07-23,development
18224,6817800910,2014-11-18,development
18225,0259801140,2014-12-12,development
18226,1176001293,2014-06-17,development
18227,0820079101,2014-12-22,development
18228,0040001065,2014-05-29,development
18229,3330501975,2014-11-17,development
18230,3021059175,2015-03-12,test
18231,8092500720,2014-07-11,development
18232,9828702120,2014-07-01,development
18233,6751300375,2014-07-02,development
18234,6751300375,2014-10-16,development
18235,6073300790,2015-01-05,development
18236,8074400035,2014-10-30,development
18237,2254501335,2014-09-22,development
18238,7504021510,2014-12-19,development
18239,7625701386,2014-05-16,development
18240,1775500371,2015-05-01,test
18241,3244500037,2015-04-06,test
18242,9828701745,2015-01-23,development
18243,1994200040,2014-06-13,development
18244,8122100265,2014-12-05,development
18245,7202290180,2015-01-02,development
18246,4025300360,2015-03-26,test
18247,2557000540,2015-02-07,development
18248,9388100015,2014-11-19,development
18249,6305900300,2014-10-13,development
18250,7202340530,2015-04-10,test
18251,7849202296,2015-01-30,development
18252,0255520150,2014-09-02,development
18253,3578401770,2015-02-26,development
18254,0984000410,2015-02-18,development
18255,9834200925,2014-09-10,development
18256,2225039103,2014-06-26,development
18257,6445800015,2015-04-30,test
18258,1311800040,2014-12-20,development
18259,1473120730,2014-06-27,development
18260,6820100035,2014-11-12,development
18261,1824079107,2014-05-28,development
18262,2891000610,2014-12-11,development
18263,6600220090,2014-11-18,development
18264,4447300165,2014-12-23,development
18265,2891000450,2014-07-07,development
18266,9286000110,2014-08-14,development
18267,2558160220,2014-12-10,development
18268,2422000067,2015-04-27,test
18269,2887701970,2014-08-08,development
18270,8581400015,2014-07-22,development
18271,7972603950,2015-01-02,development
18272,7882600332,2014-08-19,development
18273,5078400210,2014-06-16,development
18274,1180008355,2014-05-07,development
18275,2781600195,2014-11-17,development
18276,3342100995,2014-10-22,development
18277,2818600115,2014-07-09,development
18278,8732020720,2014-05-21,development
18279,1563100557,2014-10-10,development
18280,9533100145,2015-02-05,development
18281,3761700067,2015-03-06,development
18282,8029500360,2014-12-02,development
18283,7011201106,2015-02-16,development
18284,3235100110,2014-12-02,development
18285,2623089141,2014-10-23,development
18286,1241500147,2014-05-21,development
18287,1524079188,2014-07-29,development
18288,9262800208,2014-09-19,development
18289,1062100115,2014-12-04,development
18290,6381500265,2014-06-27,development
18291,7203220300,2014-07-24,development
18292,4027701220,2014-08-28,development
18293,0114100758,2014-10-22,development
18294,9376301110,2014-05-19,development
18295,9371700085,2014-07-22,development
18296,2122049096,2014-08-08,development
18297,0546000245,2014-07-16,development
18298,2783600210,2014-09-16,development
18299,5210200184,2014-06-06,development
18300,2125049133,2014-11-04,development
18301,7940710100,2014-09-11,development
18302,6072800246,2014-07-02,development
18303,5466700450,2014-10-15,development
18304,1425039029,2014-09-23,development
18305,0422069067,2015-05-12,test
18306,2472920740,2014-11-14,development
18307,2338800100,2014-05-08,development
18308,3524039060,2014-06-01,development
18309,7539900040,2014-07-28,development
18310,1646502055,2014-06-13,development
18311,1025049268,2014-07-21,development
18312,0324059076,2015-03-11,test
18313,1853080730,2014-12-10,development
18314,6708200040,2014-05-07,development
18315,3438501452,2014-05-20,development
18316,9287802380,2014-05-22,development
18317,2652501513,2014-08-13,development
18318,2421059125,2015-04-14,test
18319,1250202990,2014-06-11,development
18320,6914700165,2014-08-04,development
18321,0920069052,2015-04-21,test
18322,7853310590,2014-05-29,development
18323,1898600100,2014-11-24,development
18324,5611500100,2014-05-22,development
18325,1796370590,2015-03-05,development
18326,7831800110,2015-01-15,development
18327,4218400175,2015-02-23,development
18328,5317100750,2014-07-11,development
18329,3365900175,2015-04-02,test
18330,7649900175,2014-05-20,development
18331,8159600360,2014-06-05,development
18332,9272202260,2014-09-24,development
18333,2820069048,2015-05-04,test
18334,6744700343,2014-12-09,development
18335,0925049318,2014-08-11,development
18336,6648700150,2015-02-25,development
18337,0510001400,2014-06-30,development
18338,7606200090,2015-03-27,test
18339,8562890590,2014-10-03,development
18340,0441000115,2014-12-09,development
18341,3876200330,2014-06-26,development
18342,1508210100,2014-08-27,development
18343,2944500330,2014-08-25,development
18344,4302200625,2014-09-24,development
18345,2722049246,2014-11-14,development
18346,0142000175,2014-08-22,development
18347,9558041130,2014-09-03,development
18348,5112800210,2014-10-24,development
18349,2461900850,2015-01-05,development
18350,0647100096,2015-03-31,test
18351,2787311110,2014-09-02,development
18352,1545801500,2014-06-25,development
18353,3811300110,2015-04-06,test
18354,7519001321,2015-02-10,development
18355,8641500252,2015-02-27,development
18356,8562891240,2015-02-11,development
18357,8644210110,2015-05-01,test
18358,8024202380,2014-10-02,development
18359,5006000035,2015-04-27,test
18360,0421069081,2015-01-27,development
18361,5053300015,2015-01-21,development
18362,8857320120,2015-03-10,test
18363,7852110690,2014-05-22,development
18364,6084600330,2014-08-29,development
18365,5561000330,2015-05-05,test
18366,2225059273,2014-11-14,development
18367,1370803445,2014-09-09,development
18368,1236300268,2015-03-03,development
18369,7752700110,2014-06-18,development
18370,2781250230,2014-06-05,development
18371,4027701055,2015-04-24,test
18372,2755200040,2014-07-12,development
18373,2193320450,2015-02-13,development
18374,2895550330,2015-05-06,test
18375,8712100790,2014-07-01,development
18376,7883603700,2014-08-22,development
18377,3438502731,2015-04-01,test
18378,2025049161,2014-05-06,development
18379,1222029077,2014-10-29,development
18380,5706500385,2015-01-29,development
18381,4024101254,2014-12-04,development
18382,7923250090,2015-03-10,test
18383,6675500082,2014-08-12,development
18384,4046710180,2015-03-25,test
18385,1771000760,2014-05-13,development
18386,3421069044,2014-12-23,development
18387,6600000330,2014-06-27,development
18388,2041000025,2014-12-03,development
18389,2215500230,2014-08-25,development
18390,6639900176,2014-11-14,development
18391,0104510180,2015-02-11,development
18392,7202360760,2014-07-11,development
18393,3879901285,2015-03-26,test
18394,1559900110,2014-12-23,development
18395,7202260040,2014-08-01,development
18396,7334600730,2014-12-11,development
18397,1723049419,2014-12-04,development
18398,3438501081,2014-12-15,development
18399,2916200054,2015-04-13,test
18400,3024059149,2014-11-12,development
18401,1862400528,2014-07-16,development
18402,6329000385,2014-06-18,development
18403,7812800215,2014-08-08,development
18404,2324079057,2015-03-02,development
18405,1982201485,2014-05-12,development
18406,0740500040,2014-10-01,development
18407,3025049052,2014-08-12,development
18408,5244801255,2015-04-28,test
18409,2397101606,2014-12-08,development
18410,7234601445,2014-06-23,development
18411,3693901105,2014-10-20,development
18412,3124059006,2014-05-08,development
18413,2523039310,2015-01-12,development
18414,5469650040,2015-03-16,test
18415,5021900945,2014-07-03,development
18416,1152700220,2014-09-03,development
18417,1423900220,2014-07-09,development
18418,3425059066,2014-08-12,development
18419,5347200165,2014-10-02,development
18420,5145100300,2014-09-18,development
18421,6141100395,2015-02-04,development
18422,5153200506,2014-07-31,development
18423,9122000385,2014-08-06,development
18424,3279000120,2014-12-22,development
18425,3438503223,2015-02-23,development
18426,6788201240,2015-03-18,test
18427,4139900120,2014-06-05,development
18428,1868900775,2014-05-05,development
18429,0764000180,2015-01-09,development
18430,3578400910,2015-03-16,test
18431,5631500191,2015-03-26,test
18432,6448000100,2014-06-17,development
18433,1545801340,2014-12-31,development
18434,5244800915,2014-10-16,development
18435,4217400590,2014-11-18,development
18436,1683600110,2015-03-05,development
18437,3630090110,2014-10-18,development
18438,1785400210,2015-01-29,development
18439,3319500317,2014-05-22,development
18440,2492200256,2014-11-12,development
18441,3797300110,2014-10-27,development
18442,1870400615,2015-03-09,development
18443,8823901445,2015-03-13,test
18444,3630000150,2015-01-28,development
18445,5727500301,2014-10-06,development
18446,4167960330,2015-01-09,development
18447,2484700155,2014-10-14,development
18448,4046700300,2014-10-30,development
18449,4365200865,2014-09-02,development
18450,6713700205,2014-07-15,development
18451,0293800900,2014-10-06,development
18452,3375800220,2015-03-30,test
18453,8898700820,2014-07-07,development
18454,2725069156,2014-07-16,development
18455,8043700300,2014-06-08,development
18456,2372800100,2014-09-25,development
18457,7518501822,2014-10-17,development
18458,1928300620,2014-06-08,development
18459,1402950100,2014-11-21,development
18460,2616800600,2014-05-30,development
18461,2597530760,2014-06-23,development
18462,7345200650,2014-12-31,development
18463,0259800750,2015-02-23,development
18464,0723049197,2014-06-27,development
18465,2883200775,2014-11-13,development
18466,3995700245,2014-06-27,development
18467,1775900220,2014-09-22,development
18468,7999600180,2014-05-29,development
18469,6145601745,2015-04-14,test
18470,0818500100,2014-06-03,development
18471,3904920730,2015-04-27,test
18472,3211000040,2014-12-04,development
18473,9557300040,2015-02-25,development
18474,7011201482,2015-03-17,test
18475,5315100667,2014-06-03,development
18476,8598900157,2015-03-13,test
18477,1346300150,2014-10-20,development
18478,9268710220,2014-05-28,development
18479,2224079086,2014-11-10,development
18480,1761600150,2014-07-30,development
18481,2123049086,2014-08-07,development
18482,4389201095,2015-05-11,test
18483,2802200100,2014-08-11,development
18484,6706000040,2015-04-23,test
18485,9828701690,2014-08-06,development
18486,7891600165,2014-06-27,development
18487,1238500978,2014-09-22,development
18488,8673400141,2014-10-15,development
18489,9421500150,2014-06-23,development
18490,0148000035,2014-06-02,development
18491,2436700395,2014-10-23,development
18492,8010100040,2014-08-01,development
18493,1193000220,2015-04-07,test
18494,8827901415,2015-05-07,test
18495,7732410220,2014-07-01,development
18496,0415100015,2014-07-25,development
18497,2130400150,2014-09-25,development
18498,1555200590,2014-12-23,development
18499,2174503500,2014-11-03,development
18500,6371500120,2014-12-24,development
18501,3904900610,2014-10-12,development
18502,9527000490,2014-07-30,development
18503,2457200120,2015-03-03,development
18504,3501600100,2015-01-05,development
18505,1245001295,2014-05-22,development
18506,9536601295,2014-10-07,development
18507,2205700180,2015-04-03,test
18508,0623049232,2014-07-15,development
18509,9413600100,2015-02-19,development
18510,6064800410,2014-07-30,development
18511,8964800975,2014-07-31,development
18512,4473400155,2015-04-17,test
18513,7657000210,2014-08-18,development
18514,8732040180,2014-12-19,development
18515,9547202950,2014-10-30,development
18516,1370802770,2014-09-19,development
18517,3885803465,2015-04-09,test
18518,2896610210,2014-09-25,development
18519,3760500455,2015-02-24,development
18520,3324069541,2014-07-10,development
18521,0003600072,2015-03-30,test
18522,2722049218,2014-10-27,development
18523,1225039052,2014-11-12,development
18524,8807810090,2014-09-25,development
18525,9508850120,2014-06-27,development
18526,5126300650,2015-02-25,development
18527,6303400965,2014-09-09,development
18528,7116500925,2014-05-20,development
18529,9241900115,2015-03-24,test
18530,7202330410,2015-03-20,test
18531,5151600300,2014-08-12,development
18532,1332200100,2015-05-07,test
18533,1939130730,2014-07-17,development
18534,0472000015,2014-05-16,development
18535,3667500015,2014-09-25,development
18536,6430000945,2014-12-04,development
18537,0322059161,2014-10-01,development
18538,7905200205,2014-10-21,development
18539,1772600665,2015-02-25,development
18540,0203101530,2014-05-30,development
18541,0820000018,2014-10-14,development
18542,1560800110,2014-06-17,development
18543,2869200110,2014-06-21,development
18544,6151800300,2015-02-13,development
18545,4475000180,2014-12-03,development
18546,3223059206,2014-06-27,development
18547,5102400025,2014-06-25,development
18548,0194000145,2015-03-12,test
18549,5560000540,2014-07-23,development
18550,3326049077,2014-07-28,development
18551,3126049517,2014-05-08,development
18552,2568200740,2014-08-11,development
18553,2622059138,2015-04-16,test
18554,6738700205,2015-05-05,test
18555,1778350150,2014-08-11,development
18556,6613000930,2014-09-02,development
18557,0324069058,2014-05-30,development
18558,4345300180,2015-04-06,test
18559,7525100590,2015-04-06,test
18560,0955000453,2015-04-13,test
18561,7852150720,2014-09-22,development
18562,9545220100,2014-07-28,development
18563,7504000230,2014-12-05,development
18564,7657000540,2014-09-02,development
18565,7657000540,2015-03-04,development
18566,7893203770,2015-03-04,development
18567,8035350120,2015-02-24,development
18568,8820902350,2014-12-03,development
18569,5089700300,2015-03-11,test
18570,7234601541,2014-07-28,development
18571,7972603931,2014-10-09,development
18572,0318390180,2014-10-29,development
18573,2597520900,2014-08-04,development
18574,5652600556,2014-10-28,development
18575,8935100100,2014-07-01,development
18576,4154301371,2015-01-06,development
18577,1105000787,2014-09-26,development
18578,2492201005,2014-07-08,development
18579,9265410090,2014-10-08,development
18580,2619950740,2015-01-09,development
18581,9412200330,2015-04-10,test
18582,1079450410,2015-04-17,test
18583,9238900850,2014-09-19,development
18584,2112701165,2015-04-08,test
18585,2767604067,2014-08-20,development
18586,0522049122,2015-04-02,test
18587,8857600360,2014-08-28,development
18588,4389200761,2015-01-28,development
18589,6421000330,2014-11-12,development
18590,2154900040,2014-10-30,development
18591,0259801030,2015-03-09,development
18592,0326049038,2015-05-04,test
18593,6384500590,2014-11-13,development
18594,3023069166,2014-07-08,development
18595,3826000735,2014-06-26,development
18596,7852110740,2014-11-12,development
18597,3222049087,2015-04-22,test
18598,0726049131,2015-03-20,test
18599,9424400110,2014-12-16,development
18600,0193300120,2014-11-26,development
18601,1245001751,2014-07-09,development
18602,1386800054,2014-12-01,development
18603,6814600150,2014-09-05,development
18604,9828200790,2014-10-28,development
18605,9476200650,2015-04-16,test
18606,9533600100,2014-12-08,development
18607,4139430410,2014-11-07,development
18608,7852030330,2014-09-03,development
18609,7202270930,2014-06-06,development
18610,0223039254,2014-06-24,development
18611,7843500090,2014-08-22,development
18612,2491200330,2014-09-18,development
18613,8113101582,2015-04-15,test
18614,0993002225,2014-06-23,development
18615,9530100921,2014-10-27,development
18616,3235390100,2015-02-03,development
18617,5122400025,2014-07-08,development
18618,9297300750,2014-11-05,development
18619,3856900590,2014-08-06,development
18620,4024700100,2015-01-21,development
18621,0114100131,2015-01-14,development
18622,2296700330,2014-10-14,development
18623,1995200215,2014-08-26,development
18624,2287600035,2014-06-25,development
18625,2923501130,2014-07-22,development
18626,2485000076,2015-01-22,development
18627,9264921020,2014-09-08,development
18628,5318100965,2015-02-17,development
18629,3501600215,2015-04-14,test
18630,8682230610,2014-06-02,development
18631,1337800665,2014-08-11,development
18632,7960100220,2015-04-16,test
18633,1549500272,2014-06-09,development
18634,9547202380,2014-09-02,development
18635,3518000180,2014-11-20,development
18636,6792100090,2014-09-14,development
18637,5702330120,2014-06-03,development
18638,1189000910,2014-07-08,development
18639,6204200590,2014-10-29,development
18640,4443801340,2014-10-06,development
18641,2473370750,2015-02-24,development
18642,2644900109,2015-04-27,test
18643,0293620220,2015-04-21,test
18644,2624049115,2014-07-10,development
18645,7942600910,2014-12-16,development
18646,0643000110,2015-03-25,test
18647,9485951460,2014-06-23,development
18648,6378500230,2014-05-20,development
18649,0430000175,2014-12-15,development
18650,1493300115,2014-09-10,development
18651,2024059059,2014-10-10,development
18652,2922701085,2015-03-27,test
18653,4058801780,2015-03-27,test
18654,2114700384,2015-04-27,test
18655,9829201020,2014-11-18,development
18656,6918720100,2015-01-30,development
18657,1450100330,2015-03-12,test
18658,0518000040,2015-01-02,development
18659,4242900245,2015-01-12,development
18660,1231001130,2014-11-13,development
18661,7445000115,2014-05-27,development
18662,7802900504,2014-06-25,development
18663,4317700085,2015-01-22,development
18664,8732040580,2014-12-18,development
18665,3223039149,2014-07-09,development
18666,4073200757,2014-12-31,development
18667,3226049054,2014-10-03,development
18668,5490700035,2014-08-07,development
18669,9834200975,2015-02-10,development
18670,3305100210,2014-10-21,development
18671,3123039042,2014-12-23,development
18672,1105000360,2015-04-28,test
18673,1724079048,2014-12-08,development
18674,7437100770,2014-05-21,development
18675,8925100115,2014-10-15,development
18676,4019300051,2014-11-25,development
18677,5300200085,2014-07-02,development
18678,9417400110,2014-09-15,development
18679,9264920870,2014-10-23,development
18680,9169600209,2014-08-20,development
18681,6123000090,2014-09-08,development
18682,2592401080,2015-04-02,test
18683,2423020090,2015-04-24,test
18684,2968801130,2014-10-27,development
18685,3325069064,2015-03-26,test
18686,3629910210,2014-11-03,development
18687,0622079089,2014-06-16,development
18688,1919800090,2014-12-15,development
18689,9274200850,2014-10-16,development
18690,1737320120,2014-05-02,development
18691,2473100450,2014-09-09,development
18692,7923200150,2014-09-15,development
18693,7524600120,2015-03-05,development
18694,0424069206,2015-01-12,development
18695,9523103590,2015-03-16,test
18696,0161000120,2014-11-18,development
18697,1623049241,2014-11-07,development
18698,7229700165,2014-12-02,development
18699,3031200205,2014-07-24,development
18700,2600100110,2014-11-19,development
18701,5652601140,2014-10-14,development
18702,2473530100,2014-05-23,development
18703,3558900590,2014-11-25,purged
18704,3558900590,2015-03-24,test
18705,8121100395,2014-06-24,purged
18706,8121100395,2015-03-11,test
18707,7100000110,2015-01-14,development
18708,0925069042,2015-01-05,development
18709,7568700740,2014-05-21,development
18710,7205510230,2015-03-06,development
18711,9268700040,2015-02-26,development
18712,2473480210,2014-05-28,development
18713,4024100120,2014-06-25,development
18714,4038200120,2014-08-25,development
18715,4218400395,2014-07-28,development
18716,0669000210,2014-07-16,development
18717,6018500015,2014-07-11,development
18718,2600140120,2014-08-12,development
18719,6381500090,2015-02-20,development
18720,4109600306,2015-02-18,development
18721,2624079010,2015-04-29,test
18722,7204200025,2014-10-28,development
18723,8856003525,2015-03-23,test
18724,1695900025,2015-03-27,test
18725,3331001285,2015-01-08,development
18726,0239000155,2015-01-05,development
18727,1721801280,2015-03-04,development
18728,5557700210,2014-12-09,development
18729,5416500040,2014-10-17,development
18730,3271300155,2014-10-01,development
18731,3303980210,2015-04-27,test
18732,1944900090,2014-05-19,development
18733,7663700401,2014-12-20,development
18734,5694500386,2014-10-20,development
18735,7227800180,2015-04-03,test
18736,2767604558,2014-07-21,development
18737,5422950040,2014-07-25,development
18738,2660500283,2014-06-24,development
18739,3308010040,2014-09-25,development
18740,5423030040,2015-04-06,test
18741,8604900245,2014-05-18,development
18742,7349650230,2015-03-02,development
18743,8902000175,2014-06-20,development
18744,0582000065,2014-11-25,development
18745,2123049194,2015-04-09,test
18746,1830300090,2015-04-01,test
18747,7522600110,2014-12-29,development
18748,5457800740,2015-04-07,test
18749,5115000100,2014-05-23,development
18750,4038400150,2014-11-13,development
18751,1796500100,2015-02-11,development
18752,8956000100,2014-11-21,development
18753,3876313120,2015-05-01,test
18754,6819100040,2014-06-24,development
18755,5318101185,2014-10-16,development
18756,0424069112,2014-06-16,development
18757,2533300025,2014-07-10,development
18758,5101404482,2014-09-29,development
18759,8682231210,2014-08-05,development
18760,1525069021,2014-12-01,development
18761,5076700115,2015-02-23,development
18762,3332000615,2014-10-20,purged
18763,3332000615,2015-04-22,test
18764,5569620410,2014-09-09,development
18765,3009800015,2015-04-22,test
18766,6189600040,2014-11-17,development
18767,9834200365,2014-08-15,development
18768,1959701800,2014-07-02,development
18769,8917100153,2014-09-10,development
18770,2344300180,2014-06-19,development
18771,3216900100,2014-06-12,development
18772,0425000065,2014-10-21,development
18773,2426069085,2014-05-13,development
18774,7199350600,2014-06-02,development
18775,6909700040,2014-06-11,development
18776,4147200040,2015-04-14,test
18777,1062100100,2014-06-26,development
18778,2124049254,2014-07-17,development
18779,6841700100,2014-09-29,development
18780,7544800195,2014-08-13,development
18781,8807810110,2014-05-22,development
18782,1126059201,2015-05-04,test
18783,1422200090,2014-09-15,development
18784,0871000065,2014-11-20,development
18785,4054710090,2015-03-20,test
18786,8075400360,2014-08-22,development
18787,9551202875,2014-07-09,development
18788,4027700930,2015-04-28,test
18789,1535204165,2014-12-04,development
18790,3303860590,2014-06-27,development
18791,1925069066,2014-06-23,development
18792,6137610540,2014-08-27,development
18793,2525049263,2014-07-09,development
18794,0126059310,2014-11-30,development
18795,4254000540,2014-07-08,development
18796,5101405067,2014-05-09,development
18797,5468000180,2015-03-05,development
18798,1930301220,2015-04-17,test
18799,9282801450,2015-03-25,test
18800,4037000925,2015-03-27,test
18801,3336000230,2015-03-23,test
18802,3621059043,2014-05-27,development
18803,0126049231,2014-05-16,development
18804,3331000220,2014-08-14,development
18805,3904900230,2014-07-16,development
18806,0525069133,2014-08-05,development
18807,2721049061,2014-07-09,development
18808,5381000411,2015-04-10,test
18809,0603000150,2014-06-16,development
18810,3904960690,2015-04-17,test
18811,7686202730,2014-08-04,development
18812,9264910300,2014-07-10,development
18813,1437910090,2015-01-28,development
18814,2652500740,2014-06-18,development
18815,9274200735,2015-05-07,test
18816,1745000090,2014-11-10,development
18817,5101405338,2014-08-21,development
18818,9348500220,2014-07-28,development
18819,1066600090,2014-09-05,development
18820,3331500455,2014-12-03,development
18821,1427300120,2015-01-21,development
18822,1861400068,2014-09-11,development
18823,4040500100,2014-10-20,development
18824,6117501250,2014-08-01,development
18825,9523103990,2014-12-08,development
18826,3221069054,2014-10-28,development
18827,8838900032,2014-05-18,development
18828,1455100355,2014-07-08,development
18829,1853080120,2014-09-03,development
18830,2806800120,2014-06-10,development
18831,3216000090,2014-07-29,development
18832,1525059165,2014-06-29,development
18833,8901000835,2015-02-11,development
18834,8001400300,2015-03-16,test
18835,1138000450,2014-10-16,development
18836,2485000100,2014-05-29,development
18837,7689600215,2014-10-17,development
18838,7852010940,2015-05-05,test
18839,0739980360,2014-11-17,development
18840,1102001055,2015-04-24,test
18841,2781250970,2015-05-01,test
18842,3624079067,2014-05-08,development
18843,4443800785,2014-11-21,development
18844,3303900090,2014-10-23,development
18845,0686530530,2014-08-04,development
18846,4254000220,2015-03-07,development
18847,7575600610,2015-02-09,development
18848,7631800110,2014-09-18,development
18849,7732410120,2014-08-19,development
18850,2493200040,2015-03-12,test
18851,2568300040,2014-08-19,development
18852,1781500385,2014-08-06,development
18853,0626710220,2014-08-13,development
18854,9414500230,2014-10-22,development
18855,6638900405,2014-12-08,development
18856,7327902612,2015-05-13,test
18857,7923600330,2014-11-19,development
18858,2011400782,2014-08-04,development
18859,0821049149,2014-10-09,development
18860,4054700300,2014-10-21,development
18861,3931900580,2015-03-13,test
18862,2485000165,2014-12-15,development
18863,1117000150,2015-03-17,test
18864,4321200600,2015-05-04,test
18865,0123039364,2014-05-21,development
18866,2175100205,2015-03-23,test
18867,8813400165,2014-08-19,development
18868,2597531020,2014-11-04,development
18869,0723069013,2014-07-18,development
18870,1137800230,2014-05-14,development
18871,3221069057,2014-11-05,development
18872,3832500230,2015-01-05,development
18873,1138010220,2015-03-17,test
18874,3205500230,2014-08-11,development
18875,4389201241,2014-12-30,development
18876,9808700025,2015-02-11,development
18877,4399210110,2014-06-19,development
18878,7972602490,2014-12-12,development
18879,2128000180,2014-08-11,development
18880,4345000090,2014-11-05,development
18881,6413100242,2014-08-26,development
18882,4218400455,2014-07-08,development
18883,1568100220,2014-09-08,development
18884,1626069220,2014-09-05,development
18885,3342103149,2014-09-10,development
18886,8127700410,2014-10-15,development
18887,3629970090,2014-10-14,development
18888,8910500237,2014-07-26,development
18889,0621069218,2015-02-19,development
18890,3394100230,2014-05-22,development
18891,8682211030,2014-10-28,development
18892,5427100150,2014-06-26,development
18893,7579200600,2015-04-28,test
18894,7302000610,2015-05-08,test
18895,3004800175,2015-04-16,test
18896,2397101055,2014-08-12,development
18897,2354300845,2014-08-04,development
18898,0984220330,2014-08-24,development
18899,7273100026,2015-04-07,test
18900,6386200100,2014-07-18,development
18901,9324800025,2014-11-25,development
18902,4058800930,2014-07-20,development
18903,1972201161,2015-03-23,test
18904,2202500025,2014-07-21,development
18905,4077800258,2014-10-09,development
18906,2558700220,2014-07-21,development
18907,0290200230,2014-08-19,development
18908,1951100100,2014-11-13,development
18909,9499200220,2014-06-11,development
18910,0999000215,2014-05-12,development
18911,0822069118,2014-07-29,development
18912,2425049066,2014-06-16,development
18913,7950700110,2014-12-09,development
18914,9253900408,2015-04-08,test
18915,3313600077,2014-09-19,development
18916,0452001540,2014-08-18,development
18917,3832710210,2014-08-25,development
18918,8563000300,2014-09-15,development
18919,1313000650,2014-07-11,development
18920,3424069066,2014-05-21,development
18921,2206500300,2014-08-20,development
18922,3083001095,2014-08-24,development
18923,0809002290,2014-05-19,development
18924,6669070220,2014-08-21,development
18925,2325069054,2014-05-21,development
18926,8820901792,2014-07-11,development
18927,3488300110,2014-09-10,development
18928,3971700330,2015-04-15,test
18929,5561400220,2014-08-19,development
18930,2979800762,2014-09-04,development
18931,6600220300,2014-09-14,development
18932,2817910220,2014-12-16,development
18933,7696620100,2015-04-22,test
18934,7760400900,2014-09-16,development
18935,3353404265,2014-12-31,development
18936,9828702666,2014-07-28,development
18937,1823059223,2014-05-20,development
18938,2197600388,2014-12-02,development
18939,4239400300,2014-11-29,development
18940,1328300820,2014-08-06,development
18941,7805450870,2014-08-14,development
18942,0419000035,2014-10-15,development
18943,3131201105,2014-07-09,development
18944,0112900110,2014-09-03,development
18945,5249802240,2014-05-15,development
18946,7950302345,2014-08-15,development
18947,2473371570,2014-11-19,development
18948,3982700088,2015-04-02,test
18949,3448000755,2014-06-04,development
18950,1446400615,2014-05-27,development
18951,2484700145,2014-12-29,development
18952,1753500100,2014-07-09,development
18953,7853300770,2014-06-09,development
18954,7236100015,2014-05-20,development
18955,1959701695,2014-11-24,development
18956,4024101421,2014-12-02,development
18957,0327000165,2015-04-13,test
18958,7893800534,2014-11-24,development
18959,6430500191,2014-11-06,development
18960,2354300835,2014-12-24,development
18961,9510300220,2014-08-04,development
18962,7852130410,2014-10-27,development
18963,5101406522,2014-10-01,development
18964,2768200090,2015-03-17,test
18965,1761300650,2014-10-06,development
18966,1081330210,2014-09-11,development
18967,4137070090,2014-06-11,development
18968,0327000100,2014-10-22,development
18969,8682281510,2015-01-28,development
18970,3297700100,2014-09-03,development
18971,7518506717,2014-09-17,development
18972,0065000210,2014-06-26,development
18973,3905040590,2015-04-21,test
18974,5451210150,2014-05-14,development
18975,1778360150,2014-06-20,development
18976,6649900301,2014-12-31,development
18977,9264901490,2015-04-28,test
18978,7853220910,2014-09-15,development
18979,9346700150,2014-07-02,development
18980,2327000110,2014-07-14,development
18981,7137900490,2015-03-16,test
18982,9264960850,2014-07-09,development
18983,1545808960,2015-01-06,development
18984,0486000085,2014-08-15,development
18985,7977200945,2015-03-10,test
18986,3056700150,2014-06-25,development
18987,7896300150,2014-09-29,development
18988,7399100210,2014-11-26,development
18989,2473370110,2014-11-14,development
18990,2770605420,2014-09-16,development
18991,7856400300,2014-07-02,purged
18992,7856400300,2015-03-22,test
18993,7923700330,2014-05-28,development
18994,5632500110,2014-07-16,development
18995,0723049219,2015-03-25,test
18996,2320069111,2015-05-07,test
18997,7972604345,2014-05-19,development
18998,3222069156,2014-12-17,development
18999,1722069097,2014-12-29,development
19000,4022905473,2014-12-05,development
19001,5318101695,2015-04-09,test
19002,5216200090,2014-06-16,development
19003,9526500090,2014-08-22,development
19004,0423059039,2015-03-21,test
19005,6909700437,2014-05-22,development
19006,1205000215,2015-04-29,test
19007,3223039229,2014-05-27,development
19008,4077800474,2014-11-24,development
19009,1604600227,2015-03-28,test
19010,9542200220,2015-02-13,development
19011,6600220490,2015-04-09,test
19012,2138700141,2014-07-02,development
19013,4046600820,2015-02-24,development
19014,9430100360,2015-02-05,development
19015,2447500015,2014-11-21,development
19016,1524039043,2014-07-25,development
19017,2303900100,2014-09-11,development
19018,8651400230,2014-12-08,development
19019,7437100210,2014-06-18,development
19020,3630020150,2015-03-10,test
19021,1773600691,2014-06-25,development
19022,5448300150,2015-01-05,development
19023,2260000210,2015-02-09,development
19024,6815100085,2014-12-24,development
19025,5141000720,2014-08-05,development
19026,9276200455,2014-11-21,development
19027,5459500165,2014-07-08,development
19028,9828701295,2014-06-24,development
19029,0164000261,2014-05-21,development
19030,2767704682,2015-04-08,test
19031,6791050450,2014-08-21,development
19032,1221039066,2014-10-17,development
19033,0686300450,2014-07-08,development
19034,3822200087,2015-03-19,test
19035,6669250100,2014-07-29,development
19036,1453602310,2014-12-16,development
19037,0984200690,2014-06-18,development
19038,5468770180,2014-06-23,development
19039,5459500100,2014-09-24,development
19040,2968801605,2014-09-02,development
19041,2141310580,2014-11-25,development
19042,2325039067,2014-05-07,development
19043,2426059103,2015-04-22,test
19044,3541600450,2014-11-04,development
19045,5631501161,2015-04-17,test
19046,3224510300,2015-01-26,development
19047,4027700466,2014-12-19,development
19048,1702901500,2014-11-21,development
19049,8146300205,2014-07-10,development
19050,3526039019,2014-07-02,development
19051,5230300210,2014-12-10,development
19052,7907600100,2015-04-21,test
19053,9322800210,2014-05-20,development
19054,3352400661,2014-11-10,development
19055,3625710100,2014-05-12,development
19056,3626039207,2014-10-17,development
19057,7568700215,2015-03-12,test
19058,1604600540,2015-05-04,test
19059,1421039067,2014-10-27,development
19060,7137970210,2015-03-27,test
19061,2767603255,2015-02-24,development
19062,3575303700,2014-07-25,development
19063,1702901340,2014-06-13,development
19064,2320069014,2014-07-09,development
19065,3141600600,2014-05-21,development
19066,2201501015,2014-05-02,development
19067,3782760040,2014-06-03,development
19068,6613001241,2014-08-11,development
19069,3276980120,2014-10-28,development
19070,1321400650,2014-06-03,development
19071,0643300180,2014-05-23,development
19072,0322059210,2015-02-03,development
19073,9551201560,2014-07-22,development
19074,7202330330,2014-08-14,development
19075,5153900150,2014-07-08,development
19076,1788700230,2014-05-06,development
19077,0049000051,2015-03-16,test
19078,3343301393,2015-03-30,test
19079,2832100215,2015-03-23,test
19080,1980200015,2014-09-29,development
19081,1825049013,2015-02-13,development
19082,7550800015,2014-07-14,development
19083,8682230760,2014-07-24,development
19084,8645511500,2015-04-20,test
19085,8567450220,2014-08-18,development
19086,1556200205,2014-11-18,development
19087,9476200580,2014-07-10,development
19088,8965410150,2014-08-25,development
19089,5031300011,2014-11-04,development
19090,5101408735,2014-11-03,development
19091,2623069010,2015-01-16,development
19092,2624089040,2015-02-17,development
19093,3345700165,2014-12-02,development
19094,0379000051,2014-08-26,development
19095,0871000155,2014-12-11,development
19096,7852020580,2014-07-24,development
19097,7298050110,2015-03-03,development
19098,2114700615,2014-07-08,development
19099,0809001965,2014-07-29,development
19100,9557200090,2014-11-12,development
19101,5126210360,2014-10-22,development
19102,3528000210,2015-03-23,test
19103,0424059052,2014-12-22,development
19104,0594000115,2014-05-12,development
19105,2207100740,2015-01-06,development
19106,7784000100,2014-06-03,development
19107,3732800495,2014-10-28,development
19108,2025059131,2014-09-04,development
19109,6699000740,2015-04-21,test
19110,8651610580,2014-11-07,development
19111,5412300100,2015-03-25,test
19112,8096600100,2014-12-15,development
19113,0722079015,2014-10-17,development
19114,0339350150,2015-03-11,test
19115,2560805440,2015-01-29,development
19116,7131300047,2014-08-26,development
19117,3459600180,2014-06-26,development
19118,7663700663,2014-09-10,development
19119,5415350770,2014-09-23,development
19120,3083000940,2015-04-12,test
19121,1670400090,2014-11-24,development
19122,2781250610,2014-12-02,development
19123,3764500090,2014-05-21,development
19124,7401000040,2014-05-07,development
19125,4323700230,2014-08-18,development
19126,3500100047,2014-10-08,development
19127,3885807362,2014-06-04,development
19128,7199340650,2014-05-08,development
19129,5014000120,2014-06-17,development
19130,3758900037,2015-05-05,test
19131,2724201202,2015-03-04,development
19132,7855600730,2014-09-08,development
19133,7151700360,2014-12-11,development
19134,3811300090,2014-07-24,development
19135,0538000450,2014-06-03,development
19136,6303400475,2014-09-11,development
19137,3388110230,2014-07-29,development
19138,9834201215,2014-10-09,development
19139,0844000375,2015-03-03,development
19140,3816700150,2014-11-14,development
19141,7237301210,2014-11-18,development
19142,0130000175,2014-08-06,development
19143,9468200175,2014-11-14,development
19144,8643200061,2014-06-26,development
19145,7805460760,2015-04-27,test
19146,6713700155,2014-08-18,development
19147,3236500220,2014-07-09,development
19148,3625049042,2014-10-11,development
19149,7935000450,2014-09-19,development
19150,1324300018,2014-11-21,development
19151,4123820450,2014-05-07,development
19152,9325200120,2014-09-09,development
19153,3918400097,2014-11-17,development
19154,8126300410,2014-07-25,development
19155,7227800040,2014-06-04,development
19156,1020069042,2014-10-01,development
19157,3213200245,2015-01-15,development
19158,0455000760,2015-03-11,test
19159,0104510230,2014-11-19,development
19160,4140090110,2014-09-12,development
19161,6072500490,2014-08-01,development
19162,6705120100,2015-05-04,test
19163,3764390100,2014-07-22,development
19164,2988800011,2015-04-14,test
19165,1073100065,2015-02-17,development
19166,1136100062,2014-05-09,development
19167,3356402020,2014-05-08,development
19168,8039900180,2014-08-05,development
19169,4174600391,2015-03-23,test
19170,6865200981,2014-12-21,development
19171,1236900090,2014-09-15,development
19172,0925069152,2015-03-04,development
19173,9456200405,2015-03-10,test
19174,2420069220,2014-12-03,development
19175,6381501965,2014-06-12,development
19176,9191201325,2015-03-01,development
19177,9547202245,2014-06-27,development
19178,1924069115,2015-02-24,development
19179,8121200970,2014-11-18,development
19180,0323049176,2014-05-30,development
19181,0826079047,2014-08-14,development
19182,8078550610,2015-01-20,development
19183,3904930530,2015-04-14,test
19184,7504020970,2015-04-21,test
19185,8642600090,2015-02-18,development
19186,2239000011,2015-01-27,development
19187,9382200121,2014-07-18,development
19188,7942601475,2014-05-20,development
19189,7375300100,2014-11-24,development
19190,7974200457,2015-01-22,development
19191,0923059206,2014-07-15,development
19192,0782700150,2014-06-09,development
19193,2144800146,2014-08-26,development
19194,1337800220,2014-09-08,development
19195,3530410081,2014-06-26,development
19196,1525059198,2014-05-21,development
19197,8665000040,2014-07-30,development
19198,5016001619,2015-01-22,development
19199,0826069184,2014-10-02,development
19200,0123039147,2015-03-19,test
19201,8089510150,2014-12-02,development
19202,8818400450,2014-05-08,development
19203,6324000115,2014-09-22,development
19204,1133000694,2015-03-12,test
19205,4441300325,2014-09-05,development
19206,3288301010,2014-06-25,development
19207,8125200481,2014-09-26,development
19208,8857600540,2015-01-06,development
19209,1901600090,2014-06-26,purged
19210,1901600090,2015-04-26,test
19211,9144300120,2015-01-28,development
19212,3401700031,2014-08-22,development
19213,5332200375,2014-12-03,development
19214,8582400015,2015-04-13,test
19215,4131900042,2014-05-16,development
19216,3964400120,2015-05-08,test
19217,2212600040,2014-06-04,development
19218,8562750300,2014-07-31,development
19219,2705600067,2015-03-23,test
19220,3023049143,2014-10-20,development
19221,8944300110,2015-01-08,development
19222,7277100395,2015-02-25,development
19223,9407001830,2014-07-17,development
19224,4406000620,2015-03-31,test
19225,2414600366,2014-11-14,development
19226,0098000870,2014-10-01,development
19227,9211500230,2014-10-02,development
19228,3600600065,2014-08-20,development
19229,7177300090,2014-05-20,development
19230,6664900410,2014-06-26,development
19231,1853000530,2015-03-12,test
19232,3751604653,2014-08-26,development
19233,8563001130,2014-08-28,development
19234,1324079029,2015-03-17,test
19235,1236300214,2014-07-22,development
19236,2525049086,2014-10-03,development
19237,8822900115,2014-12-09,development
19238,3832080610,2015-04-06,test
19239,1657300450,2014-10-29,development
19240,1151100035,2014-06-11,development
19241,3876311490,2014-07-24,development
19242,9297300590,2014-11-03,development
19243,3260350100,2014-08-18,development
19244,3886902615,2014-06-17,development
19245,2193300620,2015-02-17,development
19246,7016100120,2014-06-12,development
19247,8857600220,2014-10-23,development
19248,1645000580,2014-10-02,development
19249,4337600205,2014-11-12,development
19250,1545805730,2015-02-18,development
19251,8650100120,2014-08-29,development
19252,4047200820,2014-08-22,development
19253,1822059156,2015-01-14,development
19254,8812401450,2014-12-29,development
19255,1854750090,2014-07-16,development
19256,6071200455,2014-05-23,development
19257,6790200110,2015-01-02,development
19258,6710100131,2015-04-10,test
19259,8856004415,2015-03-25,test
19260,3276940100,2014-05-22,development
19261,9407100300,2015-04-01,test
19262,1224049095,2015-02-04,development
19263,7899800586,2015-04-09,test
19264,2607730110,2014-07-07,development
19265,1781500180,2015-03-27,test
19266,2341800195,2014-11-06,development
19267,0052000067,2014-11-03,development
19268,1972202023,2014-09-04,development
19269,2919700540,2015-03-18,test
19270,6613000375,2015-03-17,test
19271,2391600735,2014-09-09,development
19272,1337300145,2014-07-21,development
19273,9164100035,2015-04-29,test
19274,0821069025,2015-02-13,development
19275,1566100555,2015-05-01,test
19276,2397100705,2014-07-14,development
19277,0822069066,2015-02-23,development
19278,3834000820,2014-06-13,development
19279,1432700880,2015-04-09,test
19280,3658700395,2015-04-09,test
19281,1564000410,2015-02-18,development
19282,0984100450,2014-06-24,development
19283,4449800063,2015-04-03,test
19284,7694600201,2015-03-22,test
19285,0844001145,2015-03-26,test
19286,8682281960,2014-06-03,development
19287,1604600790,2015-02-11,development
19288,1796380330,2014-06-23,development
19289,3416600490,2014-07-31,development
19290,3904901520,2014-10-30,development
19291,1556200155,2015-04-17,test
19292,0567000401,2015-04-21,test
19293,6450300673,2014-12-31,development
19294,4440400155,2015-01-06,development
19295,2450000165,2014-06-18,development
19296,9828701605,2014-10-02,development
19297,0856000985,2014-11-06,development
19298,7504100360,2015-01-12,development
19299,7883606725,2014-11-11,development
19300,2926049564,2014-09-24,development
19301,7418700040,2015-04-29,test
19302,3756900027,2014-11-25,development
19303,7237300610,2015-03-03,development
19304,1312900180,2015-03-25,test
19305,3824100211,2014-06-26,development
19306,0455000395,2014-05-23,development
19307,2472950120,2014-06-03,development
19308,7977201709,2015-03-23,test
19309,5095400040,2014-06-05,development
19310,2324039152,2014-08-18,development
19311,1442300035,2014-07-02,development
19312,6145601725,2014-11-04,development
19313,7137950210,2014-11-20,development
19314,2720069019,2014-11-03,development
19315,1560920040,2014-07-31,development
19316,7812801785,2015-02-18,development
19317,8860500300,2014-07-18,development
19318,6142100090,2014-07-18,development
19319,4083302225,2014-10-14,development
19320,2591700037,2015-02-12,development
19321,5458300580,2014-10-01,development
19322,3362400650,2015-01-16,development
19323,5553300375,2014-08-20,development
19324,2024059111,2014-10-23,development
19325,6649900090,2015-04-18,test
19326,3356403400,2014-07-24,development
19327,2771604190,2014-06-17,development
19328,6638900265,2014-09-25,development
19329,8731960540,2014-12-15,development
19330,7853301400,2014-05-20,development
19331,0123039176,2014-12-12,development
19332,4178500150,2014-09-22,development
19333,7702600930,2014-08-04,development
19334,3892500150,2014-05-21,development
19335,6021500970,2014-05-28,purged
19336,6021500970,2015-04-07,test
19337,9136100056,2014-05-28,development
19338,0205000120,2015-03-10,test
19339,3019300090,2014-07-23,development
19340,5492200090,2014-10-07,development
19341,1777600900,2014-07-10,development
19342,9297301050,2014-06-18,development
19343,5745600040,2014-08-14,development
19344,2114700090,2015-03-01,development
19345,2597530650,2014-08-15,development
19346,1099600620,2015-03-26,test
19347,3693901720,2014-07-01,development
19348,7417100123,2015-04-23,test
19349,8691410730,2015-02-20,development
19350,3832300090,2014-07-09,development
19351,2525049113,2014-07-25,development
19352,1523059103,2014-09-26,development
19353,3187600100,2014-05-13,development
19354,1628700107,2014-06-25,development
19355,1152700120,2015-04-09,test
19356,0808300180,2015-02-11,development
19357,3585300194,2015-03-24,test
19358,3342700610,2014-07-28,development
19359,7376300085,2015-05-05,test
19360,6204000040,2014-06-10,development
19361,3992700475,2014-11-11,development
19362,9510920120,2014-07-30,development
19363,9485920120,2014-08-29,development
19364,1685200110,2014-09-16,development
19365,7574910650,2014-09-11,development
19366,4178600040,2015-04-07,test
19367,3793700210,2014-06-13,development
19368,1972200325,2014-09-19,development
19369,7010701383,2014-10-17,development
19370,3353401340,2015-02-16,development
19371,3352401037,2015-01-08,development
19372,8802400906,2014-08-29,development
19373,4443800940,2015-04-08,test
19374,2215450100,2015-01-12,development
19375,8900000100,2014-12-31,development
19376,8079010220,2014-11-17,development
19377,8078050120,2014-12-10,development
19378,1773101215,2014-07-17,development
19379,2768100205,2014-06-25,development
19380,5537200043,2014-05-08,development
19381,0868000905,2014-07-08,development
19382,8635760490,2014-09-02,development
19383,3052700245,2015-03-25,test
19384,9320901250,2014-09-10,development
19385,2420069042,2015-04-24,test
19386,6870300090,2014-06-04,development
19387,1223089066,2014-08-14,development
19388,7974200937,2014-05-13,development
19389,2998300146,2014-06-17,development
19390,7202290650,2014-12-30,development
19391,1326039061,2014-10-20,development
19392,4142450330,2014-07-07,development
19393,6139100076,2015-04-27,test
19394,8126300360,2014-07-30,development
19395,1231000645,2014-08-01,development
19396,8149600265,2015-05-14,test
19397,9264950410,2015-05-04,test
19398,9541800065,2014-06-09,development
19399,7202330790,2014-06-18,development
19400,7335400065,2014-12-18,development
19401,1313500090,2015-04-23,test
19402,1797500600,2014-08-25,development
19403,5561301220,2014-06-10,development
19404,5700002165,2014-10-30,development
19405,9202650040,2014-09-26,development
19406,7211401975,2014-09-05,development
19407,0126039394,2015-05-08,test
19408,3204800150,2015-03-20,test
19409,7686204750,2015-01-21,development
19410,7524950900,2015-02-10,development
19411,7211400850,2014-08-11,development
19412,8024202520,2014-05-09,development
19413,7340600068,2014-05-14,development
19414,8682260850,2014-07-29,development
19415,6804600720,2014-08-01,development
19416,1865820300,2015-03-11,test
19417,3163600076,2014-07-30,development
19418,5418500650,2015-03-25,test
19419,8682220230,2014-10-17,development
19420,3578401210,2014-12-18,development
19421,9122001225,2014-10-29,development
19422,5667100025,2014-07-08,development
19423,5089700750,2014-05-09,development
19424,3331500650,2014-09-19,development
19425,9528102865,2015-02-26,development
19426,6928000590,2014-05-08,development
19427,1423069162,2014-06-04,development
19428,7877400245,2014-07-18,development
19429,7430500301,2014-10-16,development
19430,7852010900,2015-03-24,test
19431,4022900652,2014-11-18,development
19432,7852030790,2015-05-05,test
19433,3528900330,2014-07-07,development
19434,2623069106,2015-02-19,development
19435,0088000173,2014-10-15,development
19436,3179102305,2014-07-17,development
19437,5379803386,2014-08-01,development
19438,8127700845,2015-02-19,development
19439,8562901010,2014-09-26,development
19440,4058200915,2014-07-21,development
19441,8861700110,2014-07-14,development
19442,6822100155,2014-05-12,development
19443,3345700215,2014-06-20,development
19444,0582000644,2015-05-01,test
19445,6126601380,2015-02-22,development
19446,3303850330,2014-12-16,development
19447,3343902281,2015-05-05,test
19448,2023059052,2015-05-04,test
19449,7504001430,2014-10-23,development
19450,9290850330,2014-07-07,development
19451,7955080300,2014-07-14,development
19452,3980300371,2014-09-26,development
19453,3755100220,2014-08-19,development
19454,3425059076,2014-09-22,development
19455,8728550150,2014-07-15,development
19456,2108500110,2015-04-15,test
19457,7941130110,2014-12-01,development
19458,1545807180,2015-05-06,test
19459,1972200382,2014-11-21,development
19460,2473420100,2015-03-04,development
19461,0722059020,2015-03-18,test
19462,1626079154,2014-05-20,development
19463,1152000040,2014-10-10,development
19464,5152960330,2014-06-10,development
19465,6431000206,2014-05-08,development
19466,2397101185,2015-03-03,development
19467,2922700865,2015-03-26,test
19468,3271800870,2014-08-07,development
19469,1562200090,2014-10-17,development
19470,1431700210,2014-07-02,development
19471,2566300100,2015-03-27,test
19472,5379806155,2014-09-10,development
19473,0952006857,2015-01-22,development
19474,3792400110,2014-06-30,development
19475,3755100540,2014-07-25,development
19476,2122059014,2015-04-09,test
19477,0110000040,2015-03-17,test
19478,3876800580,2014-09-02,development
19479,3127200021,2014-06-16,development
19480,2397101460,2014-08-11,development
19481,1720069146,2014-07-15,development
19482,7878400043,2014-08-05,development
19483,9282801030,2014-09-25,development
19484,6072800265,2014-08-13,development
19485,5267000180,2014-08-21,development
19486,2722049077,2014-08-28,development
19487,1115100278,2015-03-17,test
19488,8075400530,2014-06-27,development
19489,1997200245,2014-07-14,development
19490,0926069009,2014-06-09,development
19491,6381500110,2015-01-08,development
19492,7203100850,2015-04-27,test
19493,3529300330,2014-11-07,development
19494,3204800330,2014-06-25,development
19495,6411600411,2014-12-09,development
19496,8685500145,2014-12-30,development
19497,7277100610,2014-08-25,development
19498,1775800750,2015-03-10,test
19499,2856101105,2014-05-27,development
19500,4443800705,2014-10-08,development
19501,3878900464,2015-05-04,test
19502,8151600900,2014-11-12,development
19503,1612500155,2015-03-17,test
19504,4140500180,2014-06-04,development
19505,3342103174,2014-08-13,development
19506,2078500210,2014-10-31,development
19507,3955900910,2015-04-10,test
19508,3472800068,2014-07-17,development
19509,8928100205,2015-03-31,test
19510,2473400110,2014-08-26,development
19511,2558720120,2014-05-05,development
19512,2023049361,2015-03-23,test
19513,6821101285,2014-08-14,development
19514,2780910100,2014-12-18,development
19515,9357000230,2014-08-22,development
19516,3649100015,2015-05-13,test
19517,1189000180,2014-09-10,development
19518,3905120610,2014-06-25,development
19519,0993002177,2015-05-06,test
19520,6384500535,2015-03-26,test
19521,7751800115,2014-08-26,development
19522,4137020820,2014-10-27,development
19523,9407000230,2014-12-04,development
19524,3306200230,2015-03-03,development
19525,3888100176,2015-03-06,development
19526,7011201325,2014-10-28,development
19527,1424130220,2015-03-09,development
19528,9165100375,2014-11-18,development
19529,1651500040,2014-08-01,development
19530,8929000090,2014-07-02,development
19531,3303850360,2014-06-25,development
19532,2011000120,2014-05-29,development
19533,6751100205,2014-08-04,development
19534,5078400035,2015-04-02,test
19535,6073300530,2015-04-28,test
19536,9818700645,2014-07-23,development
19537,6181700625,2015-02-20,development
19538,8718500610,2014-05-26,development
19539,7950302150,2015-04-10,test
19540,0923000115,2014-10-29,development
19541,1722800835,2014-08-11,development
19542,7436300180,2014-05-19,development
19543,1630700276,2015-01-05,development
19544,2558670110,2014-08-29,development
19545,0402000110,2014-10-17,development
19546,0442000175,2015-03-31,test
19547,8825900410,2015-02-18,development
19548,0984210120,2014-06-20,development
19549,8044050040,2014-08-07,development
19550,2771604370,2014-09-26,development
19551,5028602020,2015-03-05,development
19552,0643300040,2014-11-04,purged
19553,0643300040,2015-03-13,test
19554,0224059025,2014-06-20,development
19555,3379200100,2014-05-23,development
19556,6338000493,2014-09-12,development
19557,0293000068,2014-06-13,development
19558,6169901095,2014-08-15,development
19559,4443800375,2014-10-02,development
19560,9376301800,2015-03-24,test
19561,6799300150,2014-09-03,development
19562,3271800910,2014-07-01,development
19563,0042000245,2014-06-13,development
19564,1625069101,2014-07-07,development
19565,4046700110,2015-02-24,development
19566,2423600100,2014-05-02,development
19567,0621069154,2014-07-21,development
19568,2436200025,2014-10-09,development
19569,9808610410,2014-08-22,development
19570,1370803640,2014-08-20,development
19571,3779300210,2014-06-30,development
19572,0424049059,2014-08-15,development
19573,5422560850,2014-12-10,development
19574,0558100065,2014-10-03,development
19575,4442800040,2014-06-24,development
19576,4038600300,2014-09-02,development
19577,5070000120,2014-08-13,development
19578,0795002450,2015-04-30,test
19579,3579000180,2014-12-29,development
19580,6821102170,2014-05-07,development
19581,5151900110,2014-12-19,development
19582,5101407790,2014-08-01,development
19583,2538400040,2014-05-24,development
19584,1025049266,2014-09-30,development
19585,4340610040,2014-06-12,development
19586,3204300610,2014-12-02,development
19587,6793300220,2015-01-05,development
19588,1568100087,2015-04-13,test
19589,4338800600,2014-06-09,development
19590,7211400535,2015-03-23,test
19591,8682261140,2014-06-18,development
19592,4435000145,2015-05-01,test
19593,0421059018,2014-11-04,development
19594,1321059013,2015-03-19,test
19595,2143700406,2014-12-11,development
19596,8961950410,2014-07-07,development
19597,1788800770,2014-07-28,development
19598,7518507685,2015-02-23,development
19599,2490200220,2015-03-02,development
19600,0284000025,2015-04-20,test
19601,0522059189,2015-04-17,test
19602,7203150330,2014-07-17,development
19603,3124089060,2015-04-24,test
19604,7518504130,2014-06-26,development
19605,7893802670,2015-04-24,test
19606,2548100180,2014-05-07,development
19607,4024100915,2014-12-31,development
19608,1026069106,2015-04-21,test
19609,7852020720,2015-03-27,test
19610,9828702265,2014-05-06,development
19611,5104511250,2014-06-13,development
19612,9828201885,2014-08-22,development
19613,7525950110,2014-08-28,development
19614,3211260120,2014-12-15,development
19615,7250000065,2014-08-25,development
19616,1446400564,2014-05-07,development
19617,0224059021,2014-12-19,development
19618,6392000625,2014-07-12,development
19619,6817850110,2015-04-21,test
19620,3902100175,2014-07-28,development
19621,7205400180,2014-12-23,development
19622,7351200295,2015-01-14,development
19623,0291310260,2014-05-16,development
19624,3026059204,2014-05-30,development
19625,2856102105,2014-06-10,development
19626,3343301343,2014-11-20,development
19627,8682302030,2014-05-21,development
19628,1048000160,2014-06-27,development
19629,5714200140,2015-04-22,test
19630,1152200030,2015-03-05,development
19631,3157600075,2015-02-07,development
19632,1972200554,2014-08-04,development
19633,9429400060,2015-04-09,test
19634,0301401610,2014-09-30,development
19635,1025039326,2014-08-28,development
19636,9385200041,2015-03-04,development
19637,7237450550,2014-06-03,development
19638,2862500060,2015-01-15,development
19639,4046500270,2014-08-19,development
19640,2161400060,2014-11-14,development
19641,2781230070,2015-03-11,test
19642,4019500160,2015-04-13,test
19643,6980500030,2014-12-11,development
19644,1442880260,2014-09-09,development
19645,9268851860,2014-09-18,development
19646,0832700320,2015-02-09,development
19647,2937300550,2014-10-29,development
19648,2114700368,2014-11-18,development
19649,2213000030,2014-05-12,development
19650,2626119062,2014-11-12,development
19651,7338220160,2015-02-25,development
19652,2781280310,2014-12-22,development
19653,3448740070,2014-06-16,development
19654,2895800710,2014-12-02,development
19655,0723049434,2015-04-08,test
19656,2922059212,2015-01-09,development
19657,1441000350,2014-09-15,development
19658,8562790310,2015-03-24,test
19659,2767604425,2015-01-29,development
19660,0306000565,2014-08-25,development
19661,6130500060,2014-07-21,development
19662,3362400125,2015-03-03,development
19663,1442880510,2014-05-30,development
19664,9188200505,2014-07-10,development
19665,1865400075,2014-05-22,development
19666,7853320550,2014-08-05,development
19667,9831200172,2015-02-27,development
19668,8141300030,2015-02-10,development
19669,7899800863,2014-10-01,development
19670,0745530240,2014-12-26,development
19671,4055700784,2014-08-15,development
19672,1180000830,2014-10-02,development
19673,0291310270,2014-11-19,development
19674,1934800162,2015-05-11,test
19675,2309710070,2015-01-14,development
19676,6181500340,2014-08-08,development
19677,7853220390,2014-05-02,development
19678,9834201375,2015-02-06,development
19679,5214510060,2015-05-04,test
19680,3221079050,2015-03-03,development
19681,1266200140,2015-05-06,test
19682,2523039346,2015-02-18,development
19683,1624049293,2014-05-06,development
19684,1973700030,2015-04-29,test
19685,1070000390,2014-07-02,development
19686,2524059269,2014-06-10,development
19687,1972200326,2015-04-22,test
19688,3796000400,2014-11-20,development
19689,0321030070,2014-08-14,development
19690,0476000118,2014-12-12,development
19691,2909310060,2015-01-09,development
19692,0832700240,2014-10-03,development
19693,1442880570,2014-08-21,development
19694,9542840060,2015-03-05,development
19695,0629650370,2015-01-23,development
19696,7967000060,2014-09-26,development
19697,3904100041,2015-04-24,test
19698,9268850860,2015-05-05,test
19699,1454100127,2014-08-11,development
19700,2856101290,2014-09-24,development
19701,2767601872,2015-01-19,development
19702,0255370570,2014-11-20,development
19703,0301401370,2014-07-31,development
19704,1604601804,2015-04-16,test
19705,6749700004,2015-03-30,test
19706,1806900499,2014-07-21,development
19707,7625703435,2015-01-21,development
19708,7324900016,2014-10-21,development
19709,3575303430,2014-10-16,development
19710,9492500140,2014-07-12,development
19711,9268851670,2015-04-24,test
19712,0301400830,2014-12-23,development
19713,4310702918,2014-10-30,development
19714,4305600240,2014-11-25,development
19715,7169500200,2014-09-03,development
19716,3943600070,2014-08-11,development
19717,1048000060,2014-06-19,development
19718,3449500045,2014-10-13,development
19719,1438000200,2014-09-11,development
19720,5424100030,2015-02-11,development
19721,7853270710,2015-04-09,test
19722,9161100075,2015-03-18,test
19723,1085622860,2014-07-21,development
19724,9578090240,2014-08-15,development
19725,4083306045,2014-10-29,development
19726,6666830320,2015-03-24,test
19727,8562780160,2015-03-29,test
19728,2767704603,2014-06-09,development
19729,5631500292,2015-04-20,test
19730,2424039036,2014-08-22,development
19731,2867300030,2014-08-01,development
19732,6661200260,2015-05-12,test
19733,7238000240,2015-02-18,development
19734,4051150070,2014-12-23,development
19735,1442880320,2014-07-24,development
19736,3616600003,2015-03-02,development
19737,3862710030,2015-04-24,test
19738,9828201361,2014-11-14,development
19739,4019500030,2014-10-29,development
19740,3630240140,2015-01-23,development
19741,5695000270,2014-11-03,development
19742,2349300069,2014-05-12,development
19743,6790830060,2014-09-15,development
19744,3630200640,2014-10-30,development
19745,7967000160,2015-03-16,test
19746,9492500160,2014-07-23,development
19747,9268851740,2014-07-01,development
19748,3342100421,2015-04-24,test
19749,6362900138,2014-11-03,development
19750,9358001422,2014-11-14,development
19751,7853280350,2014-05-12,development
19752,7853361420,2014-08-26,development
19753,7852120030,2014-08-08,development
19754,0731500320,2014-11-10,development
19755,6056100102,2014-10-30,development
19756,1823049179,2015-01-21,development
19757,9268850030,2014-07-07,development
19758,9831200159,2014-08-06,development
19759,8924100370,2014-09-15,development
19760,8669150700,2014-12-08,development
19761,0889000024,2015-03-16,test
19762,9268850350,2015-03-19,test
19763,2619950310,2015-05-07,test
19764,7430200060,2015-04-24,test
19765,5100400251,2015-01-06,development
19766,2597490030,2014-10-02,development
19767,3655500030,2015-04-03,test
19768,3751600784,2015-04-03,test
19769,6781200013,2014-05-07,development
19770,2619950060,2014-09-09,development
19771,9523100731,2014-09-30,development
19772,9272201318,2015-04-14,test
19773,5676000004,2014-11-18,development
19774,8091670070,2014-08-04,development
19775,7853380570,2015-05-11,test
19776,8091670200,2014-10-22,development
19777,8084900160,2015-02-12,development
19778,1498300875,2014-08-14,development
19779,7853270200,2014-10-21,development
19780,9211010320,2014-07-09,development
19781,2867300160,2014-09-04,development
19782,3278605570,2014-06-19,development
19783,4310702858,2014-10-15,development
19784,2838000030,2015-01-27,development
19785,1673000240,2014-11-12,development
19786,7899800791,2014-10-23,development
19787,8682320160,2015-02-20,development
19788,8155870200,2014-05-22,development
19789,2858600083,2014-12-22,development
19790,2391601195,2015-04-30,test
19791,0976000903,2015-03-19,test
19792,7904700128,2014-11-10,development
19793,5609000311,2015-04-10,test
19794,1972201963,2014-06-16,development
19795,9272201704,2014-05-12,development
19796,8648900060,2014-05-05,development
19797,3832050890,2014-07-15,development
19798,0255450340,2014-08-27,development
19799,2172000890,2014-11-20,development
19800,6127010320,2014-06-09,development
19801,2810100023,2014-06-25,development
19802,8011100125,2014-11-17,development
19803,7852090390,2015-04-13,test
19804,3630080070,2014-07-10,development
19805,9126100765,2014-08-01,development
19806,7853380510,2014-06-03,development
19807,0993000136,2014-10-07,development
19808,3278604510,2014-06-25,development
19809,2937300060,2014-12-01,development
19810,9510860060,2014-06-27,development
19811,0293070310,2015-02-13,development
19812,0255450400,2014-07-31,development
19813,3845100140,2014-07-08,development
19814,3758900075,2014-05-07,development
19815,3395071610,2014-11-26,development
19816,9477580030,2014-10-14,development
19817,8138870060,2014-08-13,development
19818,7237450030,2014-10-14,development
19819,3767300041,2014-08-26,development
19820,0291310370,2014-08-29,development
19821,7853361230,2014-05-16,development
19822,7904700126,2014-11-20,development
19823,8085400376,2015-04-21,test
19824,9828702851,2015-01-21,development
19825,8562710550,2014-05-21,development
19826,3278613210,2014-07-28,development
19827,7694200340,2014-10-16,development
19828,1839500055,2014-11-14,development
19829,3448900320,2014-07-23,development
19830,9267200226,2014-05-02,development
19831,2895730070,2014-06-20,development
19832,2970800105,2015-03-13,test
19833,0325059277,2014-05-27,development
19834,6817750140,2014-07-08,development
19835,8682320640,2015-02-12,development
19836,8669180390,2014-06-04,development
19837,4233600260,2014-12-30,development
19838,3278611600,2014-07-14,development
19839,7787920160,2015-04-27,test
19840,2517101200,2014-07-07,development
19841,6181420200,2014-11-20,development
19842,3845100550,2014-11-20,development
19843,7853321180,2014-12-22,development
19844,7502800030,2014-07-16,development
19845,3869900139,2015-01-07,development
19846,1332700200,2015-04-26,test
19847,9211010260,2014-06-17,development
19848,4100500070,2014-05-27,development
19849,7708210070,2014-06-17,development
19850,7853270520,2015-04-09,test
19851,5126300060,2014-08-11,development
19852,2517000260,2014-05-22,development
19853,0832700270,2015-02-13,development
19854,3022800260,2014-10-07,development
19855,0254000241,2015-03-24,test
19856,7237501370,2014-07-17,development
19857,0662440030,2015-03-26,test
19858,2524069078,2015-01-22,development
19859,8895800200,2014-10-17,development
19860,9268850160,2015-02-06,development
19861,7299600700,2015-05-12,test
19862,0291310340,2014-07-08,development
19863,2768100510,2015-04-02,test
19864,1776230060,2014-07-08,development
19865,1772600510,2014-06-20,development
19866,8024200677,2015-04-29,test
19867,0982850060,2014-06-03,development
19868,7518506715,2014-05-06,development
19869,7202280390,2015-02-20,development
19870,0710600160,2014-09-09,development
19871,0952005525,2014-06-27,development
19872,2487700274,2015-03-09,development
19873,3449000060,2014-10-01,development
19874,7830800473,2015-01-14,development
19875,6056100370,2014-11-24,development
19876,2126059295,2014-08-05,development
19877,1442880340,2014-06-03,development
19878,7694200070,2014-05-21,development
19879,8562710640,2015-02-11,development
19880,3832050860,2015-03-19,test
19881,2526059225,2015-01-23,development
19882,1972200139,2015-02-18,development
19883,2768100186,2014-06-18,development
19884,6791400070,2015-01-26,development
19885,0424049284,2014-10-16,development
19886,7853280550,2014-05-28,development
19887,7768800270,2014-07-15,development
19888,8682320350,2014-07-09,development
19889,1776460140,2014-07-24,development
19890,5045700400,2015-02-23,development
19891,3356402702,2014-07-25,development
19892,2140950160,2015-02-22,development
19893,2621069017,2015-03-03,development
19894,1422069070,2015-05-07,test
19895,2579500181,2015-04-07,test
19896,7852120140,2014-06-10,development
19897,9274200324,2015-01-20,development
19898,0422000075,2014-07-11,development
19899,0263000253,2015-03-30,test
19900,9268850140,2014-11-17,development
19901,9306500200,2015-04-01,test
19902,8562770350,2014-12-06,development
19903,2026049326,2014-07-07,development
19904,9126101090,2014-05-31,development
19905,2888000030,2014-09-26,development
19906,8032700075,2014-10-15,development
19907,7853440140,2015-04-09,test
19908,1245003330,2014-07-31,development
19909,1176001124,2015-02-24,development
19910,7853360990,2015-01-02,development
19911,7853320030,2014-11-24,development
19912,7576200012,2014-07-17,development
19913,7207900030,2014-06-09,development
19914,0952006827,2015-04-22,test
19915,7853321090,2014-10-01,development
19916,1042700060,2014-05-16,development
19917,2597490140,2015-03-26,test
19918,7852130800,2014-05-13,development
19919,7625702967,2014-06-09,development
19920,3845100640,2014-06-05,development
19921,1773100922,2014-12-08,development
19922,2770602493,2014-11-20,development
19923,0475000187,2015-05-01,test
19924,6056100383,2014-05-20,development
19925,6056111370,2014-11-24,development
19926,9578500510,2014-11-03,development
19927,9828701488,2015-05-04,test
19928,6600000217,2015-04-03,test
19929,8024200685,2014-05-20,development
19930,2923039264,2014-09-10,development
19931,8073900070,2014-05-22,development
19932,2419700030,2014-08-25,development
19933,9396700024,2014-07-31,development
19934,3845100160,2014-06-20,development
19935,9126100814,2014-10-08,development
19936,1982201595,2015-01-21,development
19937,8151600973,2015-04-06,test
19938,2722059322,2014-10-20,development
19939,8562780090,2015-02-27,development
19940,3346300356,2015-03-18,test
19941,7237450600,2014-10-30,development
19942,8944550100,2014-07-23,development
19943,3438502437,2015-02-03,development
19944,2423069039,2014-08-06,development
19945,8011100047,2015-03-06,development
19946,1042700300,2014-08-04,development
19947,1776460110,2014-12-23,development
19948,0293070090,2014-07-11,development
19949,7548301044,2014-07-10,development
19950,7203160090,2014-12-05,development
19951,8096800110,2014-12-15,development
19952,3278600900,2014-12-31,development
19953,4051150100,2014-09-29,development
19954,0925059311,2014-07-22,development
19955,4305600100,2014-12-22,development
19956,2311400195,2015-03-03,development
19957,1732800194,2014-11-13,development
19958,5015001452,2015-04-14,test
19959,7853430690,2015-01-27,development
19960,3821700038,2014-10-01,development
19961,5078400215,2014-07-30,development
19962,1773100315,2014-08-27,development
19963,2224069165,2014-09-02,development
19964,9510861140,2014-07-14,development
19965,3277801431,2014-08-27,development
19966,1760650750,2014-10-06,development
19967,1607100038,2014-09-21,development
19968,1862400176,2014-05-05,development
19969,5457801833,2015-01-27,development
19970,8562770110,2014-10-27,development
19971,2623039019,2014-05-08,development
19972,9578500690,2015-03-27,test
19973,0711000110,2014-09-15,development
19974,2597490750,2015-04-28,test
19975,6056100165,2014-12-01,development
19976,2767603824,2014-09-15,development
19977,7237550110,2015-04-24,test
19978,2325300037,2014-09-02,development
19979,1085623710,2014-07-14,development
19980,0774100475,2014-06-27,development
19981,1489300215,2014-10-13,development
19982,9828702902,2014-10-21,development
19983,6371000100,2014-11-20,development
19984,2025069140,2015-03-17,test
19985,2781280300,2014-10-16,development
19986,9551201240,2014-10-30,development
19987,2726059144,2015-04-10,test
19988,5363200100,2014-10-20,development
19989,1725059330,2015-03-27,test
19990,7234601140,2014-11-13,development
19991,3057000300,2014-09-30,development
19992,1972200553,2014-08-04,development
19993,6371000148,2014-11-25,development
19994,0301400850,2015-02-20,development
19995,1123049232,2014-06-06,development
19996,3654200037,2015-03-30,test
19997,7299601790,2014-11-07,development
19998,2771101921,2014-12-11,development
19999,3566800485,2015-02-23,development
20000,2767601311,2014-10-24,development
20001,9137101696,2015-05-04,test
20002,9528104345,2014-09-23,development
20003,3753000100,2014-08-28,development
20004,6798100690,2015-04-20,test
20005,0148000475,2014-05-28,development
20006,3277801417,2014-05-16,development
20007,8682320090,2014-05-19,development
20008,9828701507,2014-12-02,development
20009,3362400432,2014-06-11,development
20010,0856000195,2014-05-21,development
20011,9396700028,2014-07-22,development
20012,8850000018,2014-10-01,development
20013,9524100207,2015-01-30,development
20014,1085623350,2014-10-07,development
20015,7663700973,2014-05-22,development
20016,7853420100,2014-06-23,development
20017,1025039168,2014-09-23,development
20018,0476000110,2015-04-01,test
20019,2254100090,2015-04-07,test
20020,8682320600,2014-09-11,development
20021,9834201366,2014-12-16,development
20022,7625702451,2015-01-06,development
20023,0301402120,2014-06-25,development
20024,6382500076,2014-09-10,development
20025,3758900259,2014-05-07,development
20026,3126049446,2015-03-10,test
20027,3744000100,2014-11-11,development
20028,9510860750,2015-01-08,development
20029,7228500037,2015-05-05,test
20030,3814900750,2014-07-16,development
20031,1294300038,2014-07-11,development
20032,7853350090,2014-06-04,development
20033,9211010900,2014-06-18,development
20034,1085623250,2015-03-31,test
20035,2025049192,2014-10-21,development
20036,7625703354,2014-07-30,development
20037,2051200436,2014-08-20,development
20038,3880900236,2014-08-22,development
20039,1646502355,2015-04-03,test
20040,2619950110,2014-06-24,development
20041,1964700054,2014-12-22,development
20042,1926059039,2014-10-06,development
20043,3438500037,2015-04-05,test
20044,9578501110,2014-10-03,development
20045,8856004786,2014-07-29,development
20046,7708200600,2014-07-18,development
20047,9492500090,2014-05-27,development
20048,8691440100,2014-06-06,development
20049,7222000090,2014-05-06,development
20050,3321049112,2015-02-22,development
20051,2911000100,2015-03-10,test
20052,3862710090,2014-08-26,development
20053,8648900110,2014-05-05,development
20054,8648900110,2014-08-26,development
20055,6791400100,2014-09-10,development
20056,2768301477,2015-04-25,test
20057,0126039256,2014-09-04,development
20058,8562780110,2014-12-02,development
20059,8032700110,2015-04-09,test
20060,5635100090,2015-02-25,development
20061,2597490300,2014-11-19,development
20062,9301300805,2014-12-15,development
20063,3449000300,2014-06-09,development
20064,8562770490,2015-03-30,test
20065,3052700464,2014-10-24,development
20066,9276200569,2014-05-09,development
20067,7853280490,2014-12-22,development
20068,2883200524,2014-05-12,development
20069,3630200300,2014-07-25,development
20070,1383800015,2015-01-08,development
20071,1441000090,2014-11-26,development
20072,3760500407,2014-05-21,development
20073,9528101214,2014-10-24,development
20074,2801910100,2014-10-01,development
20075,1085623640,2014-09-24,development
20076,7299601460,2014-06-23,development
20077,1070000110,2014-12-18,development
20078,7853360820,2014-09-09,development
20079,7436700090,2014-05-29,development
20080,3034200399,2015-01-13,development
20081,0889000015,2014-11-03,development
20082,2767704252,2014-11-03,development
20083,2143700756,2014-09-29,development
20084,8946780110,2014-08-04,development
20085,6790830090,2015-04-15,test
20086,2768100512,2015-04-22,test
20087,9477580110,2014-06-26,development
20088,7625702437,2015-01-15,development
20089,5416510490,2014-07-08,development
20090,1123059125,2014-12-08,development
20091,7237450110,2014-07-01,development
20092,0250000090,2014-07-14,development
20093,2025049206,2014-06-11,development
20094,5631500941,2014-07-15,development
20095,8562780490,2015-02-23,development
20096,3262300485,2015-04-21,test
20097,5693500846,2015-04-20,test
20098,0925059313,2015-03-12,test
20099,2461900492,2014-05-11,development
20100,6817750110,2014-07-10,development
20101,3574770100,2015-01-16,development
20102,8564860110,2015-01-13,development
20103,1085622460,2014-09-29,development
20104,1777600850,2014-06-24,development
20105,9284801500,2014-12-11,development
20106,7217400389,2015-04-01,test
20107,3832051140,2014-06-23,development
20108,0925059137,2014-06-02,development
20109,6021503706,2014-10-14,development
20110,0475000176,2014-12-22,development
20111,1220000367,2014-07-16,development
20112,3278605590,2014-09-26,development
20113,7203140110,2015-03-24,test
20114,3818400110,2014-08-26,development
20115,7702080110,2014-10-16,development
20116,0952002250,2015-03-24,test
20117,9578500820,2014-11-25,development
20118,3448000542,2014-08-11,development
20119,9358000552,2014-10-29,development
20120,2770601696,2014-07-03,development
20121,9834201145,2015-02-22,development
20122,3575305452,2014-07-17,development
20123,6181500100,2015-04-29,test
20124,2767604074,2014-08-22,development
20125,2872100345,2014-05-30,development
20126,2937300440,2014-09-08,development
20127,2597490660,2014-06-24,development
20128,3528900768,2015-01-14,development
20129,3885802135,2014-06-10,development
20130,3336500190,2015-01-30,development
20131,2425059174,2015-03-17,test
20132,1890000170,2014-10-29,development
20133,5137800130,2015-04-07,test
20134,2767603753,2014-08-29,development
20135,6181410950,2014-09-22,development
20136,3226069049,2014-12-08,development
20137,6056110430,2014-09-30,development
20138,2916200091,2015-03-03,development
20139,1773100980,2014-06-18,development
20140,1123059126,2014-07-03,development
20141,0825079024,2015-05-06,test
20142,8029770470,2014-06-05,development
20143,1563102965,2014-08-11,development
20144,5021900635,2014-10-28,development
20145,9264450460,2014-06-03,development
20146,7694200430,2014-06-25,development
20147,7548301041,2014-06-23,development
20148,0726059483,2014-11-21,development
20149,2771102144,2014-05-02,development
20150,7011201476,2015-03-18,test
20151,0053500020,2015-01-14,development
20152,8920100066,2014-08-20,development
20153,8091670020,2014-08-01,development
20154,1176001310,2015-03-04,development
20155,3629960680,2014-09-26,development
20156,8562770250,2014-05-07,development
20157,1102000514,2014-10-22,development
20158,1773100275,2015-02-01,development
20159,0321030010,2014-10-15,development
20160,5393600509,2014-07-02,development
20161,2895730280,2014-08-28,development
20162,7967000130,2015-04-01,test
20163,7570060290,2015-03-04,development
20164,0291310170,2014-08-04,development
20165,0923000425,2014-07-18,development
20166,3630200780,2014-05-22,development
20167,9578060660,2014-05-13,development
20168,0250000010,2014-09-24,development
20169,1438000010,2014-09-12,development
20170,6626300095,2014-05-19,development
20171,8562901100,2014-12-30,development
20172,6979970080,2014-05-13,development
20173,7853320470,2014-06-11,development
20174,1424069056,2014-08-05,development
20175,3448740250,2015-04-28,test
20176,8129700728,2015-04-14,test
20177,3832080440,2014-12-09,development
20178,9512200050,2014-08-27,development
20179,4027700014,2015-02-25,development
20180,7853400250,2014-06-04,development
20181,7853400250,2015-02-19,development
20182,7853420480,2014-06-18,development
20183,8943600020,2015-04-26,test
20184,4221900305,2015-01-21,development
20185,1112630130,2015-02-20,development
20186,0123039376,2014-08-20,development
20187,2767603962,2015-04-14,test
20188,4083306552,2015-03-10,test
20189,0745500010,2014-12-08,development
20190,7899800851,2015-04-23,test
20191,7853350170,2014-05-16,development
20192,6056100380,2014-05-20,development
20193,0626059127,2014-11-17,development
20194,1459920190,2014-12-04,development
20195,3574750020,2014-06-25,development
20196,2547200190,2014-05-20,development
20197,9206500250,2014-09-09,development
20198,7202300480,2014-10-24,development
20199,7237450190,2014-08-06,development
20200,8682320420,2015-04-27,test
20201,6003500743,2014-05-19,development
20202,0328000182,2015-05-01,test
20203,0821079102,2014-10-17,development
20204,1622049242,2015-03-04,development
20205,7203120050,2014-10-08,development
20206,7853360250,2014-07-10,development
20207,1327600190,2015-04-10,test
20208,4187000250,2015-04-13,test
20209,2902201300,2014-12-29,development
20210,1635500250,2014-11-24,development
20211,6031400094,2015-02-26,development
20212,6601200250,2015-04-02,test
20213,9358001403,2014-09-03,development
20214,4216500020,2014-10-03,development
20215,1438000440,2014-07-24,development
20216,6061500130,2014-07-14,development
20217,3862710050,2014-11-13,development
20218,7604400114,2014-08-14,development
20219,9828702649,2014-10-28,development
20220,2946003947,2015-03-02,development
20221,0993000307,2014-05-23,development
20222,3362400094,2014-12-03,development
20223,7853380480,2014-05-29,development
20224,3893100462,2015-02-25,development
20225,2326600130,2015-02-25,development
20226,3424069008,2014-06-06,development
20227,3277801586,2015-05-08,test
20228,5045700250,2014-11-18,development
20229,3278603000,2015-05-04,test
20230,7548800050,2015-04-21,test
20231,1972201964,2014-07-25,development
20232,3395070980,2015-03-27,test
20233,5710000005,2014-05-22,development
20234,9319800050,2015-04-21,test
20235,3303700221,2014-06-27,development
20236,3304300080,2015-03-30,test
20237,0642800130,2015-05-13,test
20238,6192410480,2014-07-09,development
20239,6127000480,2014-09-18,development
20240,6145601599,2014-06-11,development
20241,3630200460,2015-03-27,test
20242,3845101100,2015-01-21,development
20243,6792200066,2014-07-25,development
20244,5317100294,2014-11-13,development
20245,8150600250,2014-12-17,development
20246,9376301112,2014-10-31,development
20247,0856000635,2015-03-23,test
20248,9320350130,2014-08-23,development
20249,7694200380,2014-09-22,development
20250,0635000009,2014-11-12,development
20251,7853440050,2015-05-05,test
20252,8563010130,2014-07-25,development
20253,2767604592,2014-06-19,development
20254,1332700020,2015-01-16,development
20255,1442870440,2014-07-02,development
20256,5347200179,2014-08-14,development
20257,8924100372,2015-04-23,test
20258,6666830170,2014-08-11,development
20259,3336000052,2014-10-22,development
20260,2895800380,2014-08-21,development
20261,1042700250,2014-08-04,development
20262,7787920250,2015-05-01,test
20263,3026059363,2014-10-31,development
20264,3590000050,2014-09-23,development
20265,7853361410,2014-05-30,development
20266,1355300009,2014-11-20,development
20267,8835800010,2014-12-23,development
20268,9268851680,2014-05-16,development
20269,8096800500,2015-03-17,test
20270,7202261060,2014-12-29,development
20271,7237450130,2014-10-20,development
20272,3630130010,2014-07-14,development
20273,0567000381,2015-03-28,test
20274,1760650290,2015-02-05,development
20275,1024069215,2014-09-12,development
20276,1105000373,2015-05-06,test
20277,1773100561,2015-03-05,development
20278,9510860840,2014-05-15,development
20279,4187000660,2014-06-18,development
20280,7203120020,2014-08-14,development
20281,8559300020,2014-05-28,development
20282,3356402705,2015-03-17,test
20283,0662440020,2015-02-26,development
20284,0255370020,2014-11-06,development
20285,0293810190,2014-11-04,development
20286,8091670190,2014-11-04,development
20287,1760650280,2015-03-06,development
20288,6306800010,2014-08-11,development
20289,0982850010,2014-05-30,development
20290,6705600020,2015-03-24,test
20291,9478550430,2015-04-29,test
20292,5498100010,2015-03-24,test
20293,7625702901,2015-03-11,test
20294,0301401410,2014-07-22,development
20295,0251500080,2014-08-26,development
20296,0521049227,2014-12-01,development
20297,0100300500,2014-11-21,development
20298,8669160460,2015-03-05,development
20299,2810100007,2015-05-06,test
20300,6749700006,2014-07-15,development
20301,1085623730,2014-11-29,development
20302,6666830430,2014-06-20,development
20303,7852110380,2014-07-03,development
20304,8080400177,2014-09-09,development
20305,0293070010,2014-10-28,development
20306,9144100007,2014-06-04,development
20307,7234601142,2014-08-08,development
20308,1972200426,2014-09-18,development
20309,7768800280,2014-07-22,development
20310,9512200420,2014-07-21,development
20311,7132300525,2015-04-11,test
20312,7515000143,2014-08-05,development
20313,3395070440,2015-02-09,development
20314,0629650380,2015-01-23,development
20315,1115600130,2014-09-30,development
20316,8562790950,2015-03-27,test
20317,3413700130,2014-06-25,development
20318,9532000170,2015-02-17,development
20319,0255450380,2014-08-04,development
20320,7203140420,2015-01-28,development
20321,1760650670,2014-08-12,development
20322,5556300098,2014-06-12,development
20323,8129700743,2015-04-16,test
20324,3023000050,2015-01-29,development
20325,0518500480,2014-08-11,development
20326,1725059127,2015-02-25,development
20327,9511120050,2014-06-27,development
20328,8943600430,2015-04-23,test
20329,9429400170,2014-06-25,development
20330,3845101150,2014-07-01,development
20331,1085623560,2015-02-02,development
20332,0263000255,2014-12-02,development
20333,7299600130,2014-07-02,development
20334,7853320280,2015-03-12,test
20335,4253400098,2015-05-01,test
20336,3814900380,2014-07-19,development
20337,6821101732,2015-02-19,development
20338,3644100086,2014-05-05,development
20339,7237450080,2014-08-23,development
20340,6389970010,2015-03-23,test
20341,9578090050,2014-05-05,development
20342,1489300005,2014-08-01,development
20343,7768800290,2015-03-04,development
20344,1245003220,2014-08-19,development
20345,5608000010,2014-08-11,development
20346,5379805260,2015-03-26,test
20347,3278600670,2014-05-23,development
20348,2781240050,2015-05-07,test
20349,7502800050,2014-07-09,development
20350,9544700500,2014-05-08,development
20351,2771603314,2015-04-16,test
20352,4181200680,2014-05-27,development
20353,9347300010,2015-05-01,test
20354,0255450020,2014-09-18,development
20355,7230200585,2015-02-04,development
20356,9828702771,2014-11-13,development
20357,9492500170,2014-07-23,development
20358,9265880170,2014-08-26,development
20359,7299600920,2014-12-09,development
20360,8690600050,2014-07-18,development
20361,1176001119,2015-02-24,development
20362,3449850050,2014-06-20,development
20363,9211000170,2014-10-08,development
20364,6056111350,2015-05-12,test
20365,7299601630,2014-11-08,development
20366,7133300380,2015-02-09,development
20367,2770601775,2014-11-28,development
20368,3630200630,2014-08-05,development
20369,4385700250,2015-04-07,test
20370,6430500182,2015-04-03,test
20371,8029770190,2014-10-15,development
20372,5393600507,2014-06-24,development
20373,0207700050,2014-10-15,development
20374,8138870470,2014-07-07,development
20375,7853370020,2014-10-14,development
20376,3304300380,2015-01-08,development
20377,3528960020,2014-07-08,development
20378,1853080840,2015-02-11,development
20379,7852130460,2015-03-25,test
20380,2768301357,2014-10-01,development
20381,8562710250,2014-05-05,development
20382,6824100014,2015-04-29,test
20383,7905200061,2014-09-05,development
20384,3524039228,2014-07-23,development
20385,2781240040,2014-08-06,development
20386,1222029064,2014-06-26,development
20387,9523100730,2014-05-23,development
20388,5649600464,2015-03-27,test
20389,7548301050,2015-04-02,test
20390,9542840450,2014-08-11,development
20391,0126039467,2015-01-14,development
20392,7936000463,2015-04-16,test
20393,3021059304,2014-09-17,development
20394,3362401758,2014-09-03,development
20395,0886000090,2015-03-02,development
20396,1196003740,2014-09-24,development
20397,5045700090,2015-01-06,development
20398,1604601801,2015-02-17,development
20399,5057100090,2015-05-05,test
20400,3869900146,2014-10-30,development
20401,3862710180,2015-03-26,test
20402,1023059246,2014-05-14,development
20403,6056100150,2014-06-23,development
20404,3342700464,2015-01-07,development
20405,3026059362,2014-10-31,development
20406,1327600150,2014-10-16,development
20407,2895730540,2014-12-10,development
20408,2768200209,2014-10-06,development
20409,9268851380,2015-04-03,test
20410,7625703007,2014-10-14,development
20411,7202280580,2015-01-06,development
20412,1972202187,2014-10-24,development
20413,2767600985,2014-12-04,development
20414,5631501202,2015-03-26,test
20415,1972200556,2014-07-03,development
20416,0301400930,2014-06-18,development
20417,9265880040,2014-05-09,development
20418,7853280610,2014-11-17,development
20419,1972200847,2014-07-18,development
20420,8562790940,2014-12-23,development
20421,1623089165,2015-05-06,test
20422,6788200596,2014-10-16,development
20423,1760650610,2015-03-30,test
20424,7853360850,2015-01-16,development
20425,2526069092,2014-08-08,development
20426,2424059061,2014-11-11,development
20427,7661600206,2015-01-29,development
20428,8149600065,2015-04-01,test
20429,6666830120,2014-06-24,development
20430,3034200087,2014-12-12,development
20431,0255450410,2014-08-04,development
20432,3438501327,2015-05-04,test
20433,9828702389,2014-05-13,development
20434,8691440330,2014-09-29,development
20435,1085623740,2014-08-12,development
20436,1424069110,2014-07-18,development
20437,0993001914,2015-01-06,development
20438,9211010220,2014-11-04,development
20439,2143701015,2014-12-10,development
20440,6056111430,2015-01-13,development
20441,1925059254,2015-05-07,test
20442,3278606200,2014-09-19,development
20443,3126049501,2014-07-17,development
20444,4305600360,2015-02-25,development
20445,6632300212,2014-05-05,development
20446,1189000492,2014-06-06,development
20447,3319500628,2015-02-12,development
20448,2436700625,2015-04-17,test
20449,3679400474,2014-11-04,development
20450,7203190110,2015-04-26,test
20451,1853080850,2014-06-06,development
20452,1125079111,2015-04-15,test
20453,0518500610,2014-06-16,development
20454,0293670040,2014-10-08,development
20455,3303970100,2015-03-06,development
20456,3834000594,2014-07-11,development
20457,3342100569,2014-08-13,development
20458,7237501380,2015-05-07,test
20459,2325300093,2014-07-07,development
20460,9808100150,2015-04-02,test
20461,3332500085,2014-10-27,development
20462,3869900150,2015-04-27,test
20463,2011400401,2015-02-26,development
20464,9578501030,2014-07-29,development
20465,8029770410,2015-04-20,test
20466,6639900242,2014-10-03,development
20467,2919700735,2015-04-27,test
20468,8691440410,2014-12-15,development
20469,2902201301,2014-12-16,development
20470,0291310150,2014-06-02,development
20471,0323079101,2015-01-23,development
20472,5057100110,2015-05-14,test
20473,9268850940,2014-12-23,development
20474,0993000315,2014-10-02,development
20475,9268851800,2014-05-05,development
20476,4310702837,2014-12-01,development
20477,4310703083,2014-05-23,development
20478,1890000166,2014-09-05,development
20479,7904700146,2014-07-24,development
20480,1931300308,2014-05-20,development
20481,8091670730,2014-09-02,development
20482,3278612370,2014-08-11,development
20483,0007600065,2014-06-05,development
20484,3630200900,2014-06-30,development
20485,3278611450,2015-03-26,test
20486,2026049184,2015-03-20,test
20487,9103000455,2015-04-24,test
20488,8691440220,2015-02-02,development
20489,7202300540,2014-07-01,development
20490,1453601038,2014-10-02,development
20491,9211010330,2015-04-09,test
20492,1972201773,2015-03-13,test
20493,7974200948,2014-05-20,development
20494,2700200040,2015-02-23,development
20495,7625702264,2015-04-27,test
20496,2428100100,2014-11-17,development
20497,1176001123,2015-02-06,development
20498,3052700472,2014-08-13,development
20499,1623089086,2014-10-15,development
20500,2311400145,2014-10-29,development
20501,8895800090,2014-05-12,development
20502,0847100021,2014-05-20,development
20503,0291310120,2014-12-09,development
20504,0301401390,2014-08-05,development
20505,7519001068,2014-05-27,development
20506,7203101590,2015-01-08,development
20507,7299600530,2015-03-17,test
20508,7625703357,2015-02-27,development
20509,7889601270,2014-08-21,development
20510,4083306553,2015-04-22,test
20511,9828701508,2014-05-20,development
20512,8946390150,2014-07-22,development
20513,8648900040,2014-07-09,development
20514,4092300211,2014-10-24,development
20515,3343902510,2014-06-11,development
20516,2919700107,2014-08-11,development
20517,2781280230,2015-01-28,development
20518,3232200085,2015-04-28,test
20519,1972200259,2014-05-07,development
20520,1926059236,2014-10-10,development
20521,2768200210,2014-08-25,development
20522,3304300210,2015-03-27,test
20523,9826700930,2014-07-22,development
20524,9385200042,2015-03-18,test
20525,3876590090,2014-09-09,development
20526,2902200142,2014-06-05,development
20527,8085400401,2015-01-15,development
20528,2902200237,2014-07-07,development
20529,7658600082,2014-11-14,development
20530,6891100330,2015-03-25,test
20531,6821102367,2015-04-29,test
20532,1900600015,2015-02-27,development
20533,1545808120,2014-09-18,development
20534,2126059294,2015-01-05,development
20535,1370800515,2014-10-30,development
20536,3319500334,2015-03-27,test
20537,0301400940,2015-04-07,test
20538,2722069077,2015-04-09,test
20539,8943600720,2014-06-17,development
20540,7660100236,2015-04-16,test
20541,1773100921,2014-12-15,development
20542,8679200100,2015-01-07,development
20543,3654200039,2015-03-25,test
20544,2771602428,2014-10-29,development
20545,1225039067,2015-04-06,test
20546,0625049359,2014-12-03,development
20547,3278606050,2015-04-01,test
20548,5112800291,2014-09-24,development
20549,7853360300,2014-09-04,development
20550,6056111063,2014-07-31,development
20551,2767704649,2014-09-29,development
20552,7683800205,2014-05-19,development
20553,9406530150,2014-12-22,development
20554,2979800409,2014-05-05,development
20555,1085622540,2015-02-23,development
20556,4310701421,2014-06-17,development
20557,2895800770,2015-04-08,test
20558,3034200067,2014-12-18,development
20559,3438501320,2014-05-02,development
20560,8691450120,2015-02-27,development
20561,6306810110,2014-11-17,development
20562,3629990110,2014-06-11,development
20563,0715010110,2014-08-04,development
20564,3629700090,2014-08-19,development
20565,3277801411,2014-11-05,development
20566,8822901175,2014-12-29,development
20567,6926700654,2014-09-21,development
20568,2768301482,2014-08-21,development
20569,8895800110,2014-08-05,development
20570,3879900750,2014-09-10,development
20571,7234600820,2015-03-27,test
20572,1946000100,2015-02-04,development
20573,8943600870,2014-11-13,development
20574,6145600557,2014-05-09,development
20575,7203140180,2014-08-21,development
20576,3277801592,2014-09-25,development
20577,0461003835,2014-12-18,development
20578,0424069279,2015-03-28,test
20579,1760651000,2014-06-13,development
20580,3057000070,2014-10-27,development
20581,2895810200,2014-10-02,development
20582,2325300060,2014-05-15,development
20583,9151600055,2014-07-09,development
20584,7853321260,2014-09-08,development
20585,4219610320,2015-01-19,development
20586,2902200016,2014-11-12,development
20587,7518507055,2015-04-02,test
20588,7502700060,2014-11-19,development
20589,3448740160,2014-06-11,development
20590,0179001455,2014-11-07,development
20591,8669160270,2014-07-10,development
20592,4215270070,2014-06-06,development
20593,0170000060,2014-10-08,development
20594,7410200431,2014-08-06,development
20595,6600060140,2015-03-23,test
20596,2324059314,2014-07-02,development
20597,9376301111,2014-06-30,development
20598,8956200560,2015-03-20,test
20599,6749700002,2014-05-09,development
20600,1438000390,2014-08-04,development
20601,8682301600,2015-05-04,test
20602,7853361370,2014-05-02,development
20603,3333001997,2014-07-25,development
20604,7899800857,2014-12-15,development
20605,7338220370,2014-10-06,development
20606,9406530160,2014-10-17,development
20607,7853280370,2014-11-14,development
20608,2937300520,2014-08-01,development
20609,2738640310,2015-04-09,test
20610,6056100312,2014-06-24,development
20611,2856100260,2014-12-02,development
20612,2724049222,2014-08-02,development
20613,2724049222,2014-12-01,development
20614,6149700197,2014-11-06,development
20615,3166900200,2015-03-31,test
20616,5137800030,2014-07-01,development
20617,3832080070,2014-06-16,development
20618,9828702336,2015-02-20,development
20619,7203180370,2015-03-24,test
20620,3901100030,2014-06-27,development
20621,3126049500,2014-05-22,development
20622,6666830390,2014-07-18,development
20623,1832100055,2014-06-30,development
20624,3629700030,2015-02-23,development
20625,3630200960,2014-08-26,development
20626,7625702431,2014-07-16,development
20627,2895800390,2014-08-07,development
20628,3753000030,2014-05-27,development
20629,1773100926,2014-06-03,development
20630,0301400320,2014-07-25,development
20631,6600060160,2015-02-09,development
20632,1861100267,2014-09-18,development
20633,3438500036,2015-04-29,test
20634,3869900036,2014-07-25,development
20635,1042700270,2014-06-16,development
20636,6817750340,2014-09-19,development
20637,3448001412,2015-04-30,test
20638,0301400800,2014-10-16,development
20639,7852090570,2015-03-17,test
20640,7203180070,2014-09-19,development
20641,5416510200,2014-09-29,development
20642,1931300977,2014-05-08,development
20643,7853390260,2015-02-05,development
20644,9578500810,2014-11-21,development
20645,6844700575,2014-10-10,development
20646,3751601877,2015-03-20,test
20647,3869900136,2014-12-19,development
20648,8956200960,2015-01-20,development
20649,2883200083,2015-02-02,development
20650,2028700570,2014-11-25,development
20651,4188300030,2015-04-29,test
20652,7883603648,2014-05-22,development
20653,3630080030,2015-02-24,development
20654,0173000036,2014-10-07,development
20655,2862500070,2014-12-09,development
20656,7017200055,2015-01-13,development
20657,3278611610,2014-09-07,development
20658,4305500030,2015-05-01,test
20659,0255460240,2015-04-23,test
20660,1773100416,2014-11-20,development
20661,2937300560,2014-12-12,development
20662,9510860560,2014-07-25,development
20663,1085621740,2014-08-14,development
20664,4139300135,2014-07-09,development
20665,5100400241,2015-02-02,development
20666,2428100070,2014-09-18,development
20667,0726059485,2014-11-17,development
20668,9834201370,2015-04-17,test
20669,8564860270,2014-07-08,purged
20670,8564860270,2015-03-30,test
20671,3395071580,2015-03-11,test
20672,3682000060,2015-03-23,test
20673,1646500810,2014-09-19,development
20674,7768800160,2014-08-27,development
20675,3629980860,2014-07-07,development
20676,0629890070,2014-05-15,development
20677,7299600140,2015-04-03,test
20678,1332700030,2015-03-12,test
20679,3630220140,2014-06-13,development
20680,0301400240,2014-09-22,development
20681,1233100710,2015-04-16,test
20682,0293070270,2014-11-04,development
20683,3304030140,2015-04-16,test
20684,5095401070,2015-04-23,test
20685,6358900070,2014-12-22,development
20686,8141310030,2014-07-30,development
20687,7203140270,2014-05-15,development
20688,8682320320,2014-09-16,development
20689,9542840340,2015-02-11,development
20690,3943600140,2015-03-02,development
20691,2902200240,2014-06-10,development
20692,3274800505,2015-04-24,test
20693,8080400136,2014-06-20,development
20694,6371000079,2014-07-14,development
20695,5379801920,2015-04-15,test
20696,8562770320,2015-01-14,development
20697,3449000200,2015-05-08,test
20698,0255470030,2015-04-29,test
20699,0629650030,2015-03-12,test
20700,3574770030,2014-08-28,development
20701,7589700055,2014-06-11,development
20702,3832050570,2015-05-01,test
20703,5167000140,2014-07-11,development
20704,9578060370,2015-04-08,test
20705,2767604253,2015-04-13,test
20706,8562780800,2014-10-16,development
20707,0603000926,2014-05-22,development
20708,6817750510,2015-03-03,development
20709,0423059409,2014-09-28,development
20710,0522049074,2014-06-27,development
20711,1934800193,2015-03-06,development
20712,0847100046,2015-04-16,test
20713,1250200693,2014-07-18,development
20714,7338220200,2015-04-08,test
20715,1982201596,2015-01-12,development
20716,7853270830,2014-08-05,development
20717,9352900200,2015-04-07,test
20718,8850000517,2014-07-31,development
20719,3395070560,2015-01-20,development
20720,7211400576,2015-02-11,development
20721,5169700132,2015-04-01,test
20722,3204960200,2014-06-19,development
20723,8024200681,2014-07-03,development
20724,9358000550,2014-12-02,development
20725,7625702444,2014-05-10,development
20726,7853370260,2014-07-11,development
20727,0522079068,2015-05-06,test
20728,3023000200,2015-05-05,test
20729,3758900023,2014-05-21,development
20730,6204050160,2014-06-08,development
20731,8562780200,2015-04-27,test
20732,7702600949,2015-05-05,test
20733,3442000127,2014-05-30,development
20734,0255550070,2014-06-26,development
20735,7165700200,2014-06-05,development
20736,8096800270,2014-07-16,development
20737,4046500160,2014-07-29,development
20738,7882600326,2014-12-03,development
20739,9122001230,2014-12-05,development
20740,6373000187,2014-09-18,development
20741,7967000200,2014-11-21,development
20742,2902200241,2014-06-23,development
20743,0291310390,2014-09-04,development
20744,1604601572,2014-09-05,development
20745,0259500270,2014-05-05,development
20746,3166900270,2015-04-02,test
20747,2926049582,2015-04-12,test
20748,3438503230,2014-10-30,development
20749,2827100075,2014-07-27,development
20750,1702900624,2014-05-27,development
20751,2856100935,2014-09-23,development
20752,0301401620,2014-10-15,development
20753,3630200520,2015-04-21,test
20754,0323079065,2014-06-24,development
20755,7172200125,2014-08-27,development
20756,3057000400,2014-07-08,development
20757,3022900070,2014-09-29,development
20758,9406710060,2014-11-14,development
20759,3353401070,2014-06-25,development
20760,7853280570,2014-06-04,development
20761,6192410550,2014-05-28,development
20762,8562710520,2014-05-05,development
20763,1543000060,2014-06-07,development
20764,9536600810,2014-07-08,development
20765,5428000070,2015-05-11,test
20766,2309000060,2014-08-18,development
20767,8043700105,2015-04-17,test
20768,7792000140,2015-05-04,test
20769,5244801550,2014-09-16,development
20770,9310300160,2014-08-28,development
20771,6762700376,2014-11-26,development
20772,1972200428,2014-06-25,development
20773,7304301231,2014-06-17,development
20774,9512200140,2014-07-25,development
20775,7853400260,2014-05-13,development
20776,0097600140,2014-07-29,development
20777,2822059360,2014-07-24,development
20778,6056110200,2014-09-29,development
20779,6300000226,2014-06-26,purged
20780,6300000226,2015-05-04,test
20781,9524100196,2014-11-17,development
20782,3013300685,2015-03-18,test
20783,2619950070,2014-08-26,development
20784,7203110240,2014-05-22,development
20785,7694200350,2014-08-20,development
20786,0007600136,2014-07-18,development
20787,1442880160,2014-06-27,development
20788,3277801580,2014-11-10,development
20789,1442880640,2014-07-15,development
20790,3845101070,2015-04-28,test
20791,6791900260,2014-07-08,development
20792,9828702339,2015-04-20,test
20793,2255500125,2014-07-16,development
20794,5541300135,2014-07-08,development
20795,4083306616,2015-02-24,development
20796,8096800260,2015-04-07,test
20797,2997800024,2014-07-14,development
20798,0952005863,2015-05-05,test
20799,7772850060,2014-11-10,development
20800,6130500070,2014-10-08,development
20801,8682300400,2014-06-19,development
20802,8956200990,2015-04-26,test
20803,9532000070,2014-12-01,development
20804,7570050070,2015-02-05,development
20805,0946000295,2014-12-10,development
20806,3831250350,2015-04-08,test
20807,6056100160,2014-07-28,development
20808,1402970070,2014-06-26,development
20809,2524059267,2014-09-17,development
20810,8091670030,2014-05-12,development
20811,1825079046,2014-12-18,development
20812,0255450390,2014-07-07,development
20813,9301300270,2015-02-23,development
20814,9347300160,2015-01-25,development
20815,0710600070,2014-09-12,development
20816,5556300116,2014-12-29,development
20817,1324300126,2015-03-13,test
20818,9279700013,2014-07-10,development
20819,3336500140,2014-09-19,development
20820,2767604212,2014-10-29,development
20821,6719600030,2015-04-22,test
20822,3204930510,2015-02-24,development
20823,7582700075,2014-10-02,development
20824,0191100435,2014-09-26,development
20825,0255450030,2014-09-18,development
20826,9476200710,2014-06-08,development
20827,1329300070,2015-03-20,test
20828,0357000135,2015-02-18,development
20829,7203600560,2014-09-11,development
20830,0715010140,2014-10-02,development
20831,3869900138,2015-02-23,development
20832,2114700374,2015-04-13,test
20833,9264450550,2014-05-20,development
20834,3862710200,2014-09-25,development
20835,0291310310,2014-12-10,development
20836,3814900260,2015-03-05,development
20837,8562790710,2015-04-10,test
20838,3425069117,2014-08-28,development
20839,2895800640,2014-09-17,development
20840,3438500253,2014-09-04,development
20841,3630200340,2014-10-01,development
20842,2770601769,2014-06-17,development
20843,2225069036,2014-08-15,development
20844,9525600030,2015-04-28,test
20845,0993002108,2015-03-30,test
20846,0993000327,2014-05-06,development
20847,1523059239,2015-04-23,test
20848,7967000270,2014-11-25,development
20849,7137800310,2015-02-25,development
20850,2211300260,2015-03-13,test
20851,8956200070,2014-09-05,development
20852,1257201420,2014-07-09,development
20853,1523300140,2014-09-04,development
20854,9831200186,2015-02-03,development
20855,7660100238,2014-11-11,development
20856,5381000477,2015-01-28,development
20857,0207700180,2015-01-21,development
20858,5288200072,2014-10-01,development
20859,9524100322,2014-10-20,development
20860,1732800184,2014-05-08,development
20861,1425069103,2014-07-18,development
20862,8165500790,2014-12-29,development
20863,7658600081,2014-09-19,development
20864,1245003268,2014-11-06,development
20865,8010100220,2014-10-14,development
20866,7974200452,2014-06-25,development
20867,8943600360,2015-02-19,development
20868,3026059361,2015-04-17,test
20869,6130500120,2015-04-17,test
20870,3575305485,2014-08-29,development
20871,0666000142,2015-03-26,test
20872,7853280620,2014-12-12,development
20873,8946390040,2014-05-08,development
20874,5416300230,2014-07-17,development
20875,1604730150,2014-10-14,development
20876,8669180150,2015-03-26,test
20877,1081330180,2014-12-22,development
20878,2309710230,2015-04-15,test
20879,2895800610,2014-09-26,development
20880,3362400092,2015-03-12,test
20881,3052700385,2015-04-14,test
20882,2738640040,2015-04-09,test
20883,8024200674,2015-02-23,development
20884,3353400092,2014-12-23,development
20885,6003500749,2014-07-01,development
20886,8956200530,2014-08-05,development
20887,0133000271,2014-12-01,development
20888,6749700063,2014-12-15,development
20889,3278613060,2014-08-05,development
20890,7708200880,2014-09-23,development
20891,2767600673,2014-07-01,development
20892,7299810040,2015-04-06,test
20893,0993000308,2015-03-18,test
20894,3364900040,2014-08-28,development
20895,9578090180,2015-04-03,test
20896,9542840120,2014-07-02,development
20897,3860900035,2015-04-15,test
20898,7202300040,2014-08-04,development
20899,1773100972,2014-05-15,development
20900,3626039424,2014-06-16,development
20901,3175200220,2015-01-13,development
20902,7852120120,2014-06-20,development
20903,7813500040,2014-10-15,development
20904,7242800040,2015-01-20,development
20905,1442880650,2014-06-10,development
20906,3355400242,2014-10-28,development
20907,8562780540,2014-12-22,development
20908,0923049203,2014-05-29,development
20909,3578600141,2014-09-23,development
20910,0053500450,2015-03-09,development
20911,1934800180,2015-02-10,development
20912,3023000210,2014-10-01,development
20913,1773100967,2015-02-23,development
20914,2767704777,2014-09-19,development
20915,1085621960,2014-12-12,development
20916,2771602174,2014-07-01,development
20917,6762700452,2014-06-13,development
20918,5695000142,2014-10-24,development
20919,9578140180,2014-06-11,development
20920,2124069115,2014-10-21,development
20921,3864000120,2015-04-08,test
20922,2768200212,2014-09-11,development
20923,7852070210,2014-05-27,development
20924,7853361210,2015-02-18,development
20925,8141310040,2014-06-27,development
20926,6852700097,2014-08-06,development
20927,7708210040,2014-09-12,development
20928,0053500760,2014-12-08,development
20929,3528900771,2015-03-31,test
20930,9126100813,2014-08-28,development
20931,3679400503,2015-03-30,test
20932,1760650210,2014-12-01,development
20933,2652501565,2015-04-23,test
20934,1237500577,2015-02-12,development
20935,6382500084,2014-10-13,development
20936,3023000410,2015-04-30,test
20937,2767601752,2014-07-07,development
20938,2771604196,2014-08-12,development
20939,1778500620,2014-07-07,development
20940,1823059241,2015-04-08,test
20941,9267200062,2014-09-11,development
20942,3278606110,2015-01-08,development
20943,1657530180,2014-12-04,development
20944,2754700035,2014-11-25,development
20945,2568200120,2014-12-15,development
20946,6601200040,2014-09-19,development
20947,2767601750,2014-08-15,development
20948,7853350220,2015-03-24,test
20949,6163900628,2014-05-16,development
20950,1689401526,2015-03-23,test
20951,8725950360,2015-05-01,test
20952,9826700697,2014-11-03,development
20953,9578500180,2015-01-21,development
20954,9826700707,2014-10-28,development
20955,8138870530,2014-05-05,development
20956,4188300180,2014-11-12,development
20957,5416510530,2014-11-24,development
20958,4181200540,2014-07-28,development
20959,2222059154,2014-08-13,development
20960,8032700072,2015-04-15,test
20961,7203140220,2015-01-16,development
20962,1278000210,2015-03-11,test
20963,6058600220,2014-07-31,development
20964,1442880610,2014-08-29,development
20965,3679400484,2014-09-18,development
20966,3825310180,2014-10-07,development
20967,3630220180,2014-07-08,development
20968,3336500180,2014-06-05,development
20969,2781270530,2015-03-26,test
20970,0993001563,2014-05-22,development
20971,9578060540,2014-06-14,development
20972,2222059052,2015-02-27,development
20973,1239400650,2014-11-07,development
20974,8835800450,2015-05-04,test
20975,0293070120,2014-09-18,development
20976,1176001117,2015-03-19,test
20977,7889601165,2014-08-26,development
20978,7227801581,2014-05-07,development
20979,9895000040,2014-07-03,development
20980,9528102993,2014-12-29,development
20981,3746700120,2014-11-04,development
20982,0745530040,2014-09-11,development
20983,7299600180,2014-06-10,development
20984,2149800278,2014-10-15,development
20985,2517000650,2014-07-16,development
20986,6021503708,2014-11-22,development
20987,8559300120,2015-04-16,test
20988,3305100230,2014-06-18,development
20989,2135200155,2014-08-05,development
20990,2919700109,2014-07-22,development
20991,8725950220,2015-02-26,development
20992,1776230220,2014-06-26,development
20993,9211010230,2015-03-30,test
20994,1972201772,2015-04-09,test
20995,9268851320,2014-12-10,development
20996,1424059154,2014-05-16,development
20997,0626059365,2015-04-12,test
20998,3885802136,2014-07-23,development
20999,7967000150,2014-08-08,development
21000,7853360720,2014-09-08,development
21001,8562790150,2014-06-26,development
21002,1226039124,2015-04-28,test
21003,2767704251,2015-04-16,test
21004,3862710210,2014-05-20,development
21005,0255460330,2015-05-06,test
21006,0291310610,2015-02-27,development
21007,9126101121,2015-04-07,test
21008,9274200322,2014-08-20,development
21009,6666830230,2014-06-30,development
21010,1604601803,2015-04-08,test
21011,7702080150,2014-12-01,development
21012,7853400220,2014-09-26,development
21013,3895100039,2015-03-24,test
21014,7697000150,2014-10-02,development
21015,8562780530,2015-03-28,test
21016,0291310180,2014-06-13,development
21017,1972205633,2014-07-23,development
21018,3023000120,2014-09-02,development
21019,7548301056,2014-06-09,development
21020,9826701201,2015-02-09,development
21021,6300500476,2015-04-15,test
21022,2597490410,2015-04-02,test
21023,3448001411,2015-02-20,development
21024,0745530180,2015-03-17,test
21025,3879900753,2014-11-14,development
21026,2781230230,2015-02-04,development
21027,3629990180,2014-08-05,development
21028,9352900222,2014-12-29,development
21029,7338220120,2014-10-15,development
21030,0325059287,2014-09-10,development
21031,7203140360,2014-12-01,development
21032,6056110150,2015-03-20,test
21033,7203230040,2014-10-27,development
21034,8121100155,2015-02-25,development
21035,7853370620,2015-02-06,development
21036,6400700264,2015-03-17,test
21037,1760650880,2015-03-17,test
21038,0567000382,2014-11-10,development
21039,7852100150,2014-06-25,development
21040,6447300365,2014-11-13,development
21041,2622059197,2014-12-10,development
21042,1389600040,2014-12-26,development
21043,9276200220,2014-07-17,development
21044,7904700032,2014-10-02,development
21045,3744000040,2014-07-22,development
21046,1773100604,2014-07-21,development
21047,9268850360,2015-02-23,development
21048,7853420450,2014-05-19,development
21049,8956200770,2014-07-23,development
21050,2424059170,2015-02-19,development
21051,1934800133,2014-07-11,development
21052,5556300109,2014-11-21,development
21053,2326600150,2015-04-22,test
21054,3751600409,2015-05-08,test
21055,3814900210,2014-08-29,development
21056,9542840730,2014-09-11,development
21057,2937300540,2014-10-16,development
21058,7549800543,2014-06-12,development
21059,4058800439,2014-06-23,development
21060,7853430180,2014-07-16,development
21061,0982850120,2015-03-03,development
21062,9476010120,2015-03-21,test
21063,0005200087,2014-07-09,development
21064,7308600040,2014-07-23,development
21065,1498301048,2014-05-08,development
21066,2738630040,2015-04-27,test
21067,6300500081,2014-08-06,development
21068,3845100620,2014-11-25,development
21069,0255450040,2014-09-18,development
21070,0880000211,2014-08-21,development
21071,2163900081,2015-02-20,development
21072,7853370440,2014-11-21,development
21073,3448900290,2014-08-28,development
21074,0263000006,2014-12-16,development
21075,1972200882,2014-06-04,development
21076,7853270630,2015-01-20,development
21077,7852130430,2014-08-06,development
21078,7383450250,2015-03-11,test
21079,3449000010,2015-03-12,test
21080,2690100170,2014-10-13,development
21081,9578500920,2014-09-10,development
21082,8562900430,2014-07-18,development
21083,1442880380,2014-07-30,development
21084,3204930170,2014-11-06,development
21085,4449800480,2015-03-18,test
21086,3862710010,2015-05-01,test
21087,0301402280,2015-03-31,test
21088,2867300170,2015-05-13,test
21089,5635100080,2014-10-31,development
21090,1624079024,2014-05-15,development
21091,9211010840,2014-11-12,development
21092,7697000020,2014-10-07,development
21093,3832050130,2014-10-21,development
21094,3630240020,2014-05-21,development
21095,1389600080,2014-07-10,development
21096,2781230080,2015-04-08,test
21097,7203100660,2014-11-17,development
21098,1806900502,2014-10-14,development
21099,3022800010,2014-07-14,development
21100,6666830250,2014-05-05,development
21101,7242800020,2014-08-15,development
21102,2867300190,2014-05-28,development
21103,8564860130,2015-02-02,development
21104,2770603522,2014-12-11,development
21105,9544200422,2014-07-31,development
21106,4253400104,2015-02-12,development
21107,1085622890,2014-07-08,development
21108,9268851630,2014-06-04,development
21109,8562780190,2014-10-07,development
21110,2767600686,2015-03-31,test
21111,7207900080,2014-08-08,development
21112,2770601457,2015-02-10,development
21113,1773100920,2014-12-11,development
21114,1024069027,2014-07-23,development
21115,7853361310,2014-12-15,development
21116,6824100029,2014-10-31,development
21117,0255450250,2014-08-04,development
21118,2428100130,2014-12-10,development
21119,1042700050,2014-07-23,development
21120,7853280250,2015-04-24,test
21121,7853410170,2015-03-16,test
21122,2708450020,2014-09-12,development
21123,7852140170,2015-04-21,test
21124,1459920010,2015-03-23,test
21125,3438500250,2014-06-23,development
21126,1890000169,2014-09-03,development
21127,1250200414,2015-02-18,development
21128,2564900470,2014-07-14,development
21129,2895800780,2015-04-01,test
21130,6306800050,2014-09-25,development
21131,6928000605,2014-06-26,development
21132,3814900950,2014-07-25,development
21133,8562770080,2014-10-30,development
21134,3831250130,2014-08-25,development
21135,3629990020,2014-10-02,development
21136,9532000010,2015-04-16,test
21137,8562780430,2015-05-04,test
21138,2781230020,2014-12-09,development
21139,8658301060,2014-08-20,development
21140,0301402140,2015-02-26,development
21141,8923600020,2014-08-06,development
21142,8725950020,2014-08-27,development
21143,1121000357,2014-08-27,development
21144,1042700290,2014-08-04,development
21145,7308600010,2014-06-16,development
21146,7708210050,2014-06-10,development
21147,5631500285,2014-11-21,development
21148,0524059063,2014-05-06,development
21149,7203160190,2014-10-29,development
21150,1692900095,2014-06-18,development
21151,3438500346,2014-07-02,development
21152,9268850290,2015-03-06,development
21153,2419700080,2015-05-05,test
21154,1235700052,2014-06-30,development
21155,4233800020,2014-10-08,development
21156,3278612570,2014-07-24,development
21157,6638900461,2014-06-05,development
21158,4233600190,2015-03-16,test
21159,7987400285,2015-04-29,test
21160,9532000500,2014-08-01,development
21161,8564860280,2014-05-02,development
21162,8691440440,2014-10-03,development
21163,1099950050,2014-12-29,development
21164,3304040130,2015-02-12,development
21165,8562790480,2014-10-06,development
21166,4457300005,2015-03-25,test
21167,8856003839,2014-12-10,development
21168,1972200728,2014-11-24,development
21169,8691420050,2014-11-07,development
21170,6601200020,2015-01-27,development
21171,0200480020,2014-07-10,development
21172,7203170190,2014-06-19,development
21173,3885802134,2015-01-09,development
21174,9578060420,2015-01-14,development
21175,3630200080,2014-08-07,development
21176,3876900089,2015-04-30,test
21177,3630130130,2014-11-12,development
21178,3326059253,2015-03-30,test
21179,2224069109,2015-04-27,test
21180,3862700020,2015-04-23,test
21181,3629980080,2014-12-10,development
21182,7299600950,2015-04-08,test
21183,5528600005,2015-03-27,test
21184,3052700419,2014-06-16,development
21185,9542840630,2014-06-02,development
21186,7896300592,2015-01-14,development
21187,9268850480,2015-04-10,test
21188,3629700020,2015-04-15,test
21189,8648900010,2015-01-02,development
21190,5422950170,2014-11-12,development
21191,2768200213,2014-07-24,development
21192,0642150080,2014-09-08,development
21193,2770601912,2015-04-02,test
21194,3304040020,2014-12-26,development
21195,3629960170,2014-10-21,development
21196,1238900130,2015-01-05,development
21197,6056100114,2014-08-25,development
21198,4140940130,2014-11-21,development
21199,6824100007,2015-03-26,test
21200,1959700225,2015-02-24,development
21201,0518500460,2014-10-08,development
21202,0923059252,2014-05-27,development
21203,3052700213,2014-08-29,development
21204,2428100080,2014-10-01,development
21205,9276202130,2015-04-08,test
21206,3845100670,2014-07-16,development
21207,4319200675,2014-07-09,development
21208,0323059327,2014-07-03,development
21209,3448720020,2014-06-13,development
21210,7234600832,2014-05-16,development
21211,4045500950,2015-04-15,test
21212,7234600098,2014-09-05,development
21213,0666000143,2014-12-29,development
21214,3343903611,2015-03-23,test
21215,1760650950,2015-04-23,test
21216,5100403818,2015-02-20,development
21217,2325400170,2015-02-11,development
21218,5700000446,2014-10-29,development
21219,9492500010,2014-06-06,development
21220,2461900446,2014-10-23,development
21221,8669160170,2014-05-22,development
21222,3644100101,2014-07-07,development
21223,7852090680,2015-03-05,development
21224,5693501028,2015-04-03,test
21225,3629700080,2015-01-08,development
21226,3278600680,2014-06-27,development
21227,2738640470,2014-07-16,development
21228,7853320950,2014-10-23,development
21229,5635100050,2014-11-21,development
21230,3629990280,2014-06-23,development
21231,6306800020,2014-11-11,development
21232,7697000170,2014-10-25,development
21233,5057100080,2014-09-19,development
21234,5276200020,2014-08-05,development
21235,5727500006,2015-04-27,test
21236,9268850130,2014-06-27,development
21237,9293000170,2015-04-08,test
21238,7299601870,2015-04-27,test
21239,1760650500,2015-01-29,development
21240,7174800094,2015-04-20,test
21241,6909200007,2014-09-03,development
21242,7853321150,2014-11-03,development
21243,1105000402,2014-10-28,development
21244,1442870420,2014-07-24,development
21245,3682000050,2014-10-13,development
21246,1442880080,2014-07-01,development
21247,7169500020,2014-12-05,development
21248,2911700010,2015-03-03,development
21249,9578060470,2014-05-08,development
21250,1776460190,2014-06-26,development
21251,3449500050,2014-10-15,development
21252,2309710130,2014-07-15,development
21253,1972201511,2015-02-10,development
21254,7852120050,2015-03-11,test
21255,3814900660,2014-07-21,development
21256,8141310080,2014-11-03,development
21257,7207900050,2014-08-08,development
21258,2424059163,2014-07-09,development
21259,2140950130,2014-09-11,development
21260,1776230190,2015-04-08,test
21261,3524039224,2014-05-13,development
21262,5694500840,2014-11-25,development
21263,4014400381,2014-05-07,development
21264,2838000130,2015-02-13,development
21265,8562770430,2014-07-02,development
21266,1402970020,2014-12-17,development
21267,3943600020,2014-08-29,development
21268,1438000430,2014-10-06,development
21269,1601600167,2014-05-07,development
21270,1773100541,2015-04-17,test
21271,1773100924,2014-07-08,development
21272,0982850080,2014-06-13,development
21273,7628700050,2015-03-09,development
21274,8673400020,2015-03-11,test
21275,8725950170,2015-01-23,development
21276,6306800080,2014-08-06,development
21277,3362401763,2014-05-08,development
21278,0301401630,2014-10-31,development
21279,6056110780,2014-06-27,development
21280,6819100352,2015-03-10,test
21281,9297302031,2015-04-23,test
21282,7203150080,2014-12-16,development
21283,2937300050,2015-02-27,development
21284,9521100029,2014-07-16,development
21285,0832700170,2015-04-21,test
21286,6817750440,2014-10-14,development
21287,0123059127,2014-05-02,development
21288,3630200430,2014-05-14,development
21289,3448740430,2014-09-25,development
21290,1438000190,2014-09-11,development
21291,7853320250,2014-09-20,development
21292,0100300280,2014-10-20,development
21293,8862500280,2014-12-30,development
21294,1042700080,2014-08-22,development
21295,4051150080,2014-11-17,development
21296,5592200010,2015-02-27,development
21297,7787920080,2014-06-16,development
21298,3448740190,2014-07-09,development
21299,8822900122,2015-05-12,test
21300,4083300098,2014-11-17,development
21301,1438000170,2014-08-22,development
21302,7853360480,2014-09-04,development
21303,0522059130,2015-04-29,test
21304,4385700185,2014-08-12,development
21305,2768301476,2014-11-24,development
21306,1862400541,2015-02-28,development
21307,8562780280,2015-02-20,development
21308,9528101061,2014-08-25,development
21309,6056110460,2015-04-14,test
21310,2154970020,2014-07-03,development
21311,5694500497,2015-01-16,development
21312,7708200670,2014-07-23,development
21313,8562770050,2014-05-27,development
21314,1441000470,2014-07-28,development
21315,6056100293,2014-11-10,development
21316,6600000050,2015-03-10,test
21317,1732800199,2015-05-11,test
21318,7853360470,2015-04-17,test
21319,3438501583,2014-09-11,development
21320,7853370250,2014-12-23,development
21321,2387600010,2015-03-03,development
21322,8946780080,2014-09-08,development
21323,9402800005,2014-10-28,development
21324,5422950080,2014-08-25,development
21325,2826079027,2014-11-12,development
21326,6003000851,2014-05-22,development
21327,7394400080,2015-03-04,development
21328,1238501184,2014-07-08,development
21329,0263000009,2015-01-29,development
21330,5101408889,2014-06-16,development
21331,7299601410,2014-08-08,development
21332,9266700190,2015-05-11,test
21333,2424059174,2015-05-08,test
21334,8562780290,2014-10-15,development
21335,5100400244,2015-04-20,test
21336,3744000130,2014-11-11,development
21337,0993001976,2014-08-18,development
21338,0525049174,2015-04-02,test
21339,5393600562,2014-05-22,development
21340,4187000190,2014-11-17,development
21341,2862500190,2015-04-09,test
21342,5045700470,2015-03-19,test
21343,2924079034,2014-09-25,development
21344,8835770170,2014-08-22,development
21345,3630200480,2014-06-12,development
21346,8562790080,2015-02-09,development
21347,8165500780,2014-12-09,development
21348,1442870050,2014-07-18,development
21349,1704900303,2014-12-11,development
21350,6132600655,2014-10-16,development
21351,3421069049,2014-10-21,development
21352,7169500130,2014-12-19,development
21353,8732900840,2014-07-22,development
21354,5379803372,2014-11-12,development
21355,2937300430,2014-09-29,development
21356,5422950020,2014-06-30,development
21357,3797001702,2014-12-16,development
21358,1438000130,2014-07-03,development
21359,1853080130,2014-11-05,development
21360,0741500010,2015-04-24,test
21361,3123089027,2014-07-21,development
21362,3630080190,2014-08-01,development
21363,3782760080,2014-07-18,development
21364,8024200684,2014-11-25,development
21365,0982850020,2014-09-03,development
21366,5649600462,2015-02-24,development
21367,3449820430,2014-10-06,development
21368,9533100285,2014-06-30,development
21369,0923059259,2015-04-01,test
21370,6431000748,2014-10-27,development
21371,3753000010,2014-05-07,development
21372,6169901185,2014-05-20,development
21373,2309710150,2014-08-04,development
21374,1773600264,2015-02-23,development
21375,6061500100,2014-07-17,development
21376,1282300995,2015-02-22,development
21377,0597000593,2014-11-17,development
21378,7853321110,2014-08-13,development
21379,3278612450,2015-04-07,test
21380,1438000120,2014-06-16,development
21381,9521100301,2014-05-07,development
21382,1442870040,2014-08-19,development
21383,0644000115,2014-09-23,development
21384,6372000297,2015-03-23,test
21385,6600060150,2015-03-12,test
21386,0774101755,2015-04-17,test
21387,2895800750,2015-04-17,test
21388,2424039029,2015-04-27,test
21389,3448740360,2015-04-29,test
21390,3832050580,2014-05-02,development
21391,3094000210,2015-01-05,development
21392,0321030150,2015-05-06,test
21393,7694200090,2015-05-04,test
21394,3299710110,2014-05-28,development
21395,3879900754,2014-09-15,development
21396,8732900300,2014-12-17,development
21397,6021503698,2014-05-29,development
21398,3333000745,2015-04-17,test
21399,3630220220,2014-09-23,development
21400,9478500180,2014-08-28,development
21401,2771602427,2014-05-08,development
21402,1498301168,2014-05-28,development
21403,8562790580,2015-04-28,test
21404,2325400040,2014-09-22,development
21405,5045700330,2014-07-25,development
21406,3126049498,2015-03-16,test
21407,9578140360,2014-06-19,development
21408,3343901408,2015-01-28,development
21409,7859910110,2014-09-18,development
21410,7852120180,2015-03-04,development
21411,9268850180,2014-07-18,development
21412,6031400092,2015-02-13,development
21413,1853080790,2014-12-15,development
21414,1624049291,2014-10-08,development
21415,7237450100,2014-09-19,development
21416,9521100214,2014-06-04,development
21417,5693501102,2014-10-30,development
21418,6891100590,2015-03-02,development
21419,2254501095,2014-11-13,development
21420,9478550110,2015-03-03,development
21421,0993001961,2014-07-09,development
21422,9274200028,2015-02-19,development
21423,7708200180,2014-07-10,development
21424,8691430330,2014-08-31,development
21425,8924100308,2015-02-03,development
21426,1070000180,2014-10-15,development
21427,1085623630,2014-10-03,development
21428,3278605550,2014-06-09,development
21429,1139000062,2014-06-25,development
21430,2838000180,2015-02-20,development
21431,2725079018,2014-05-09,development
21432,7104100110,2015-05-11,test
21433,0259500230,2014-12-18,development
21434,9523100712,2014-06-18,development
21435,1438000360,2014-06-03,development
21436,1608000120,2015-02-02,development
21437,7853361120,2014-07-29,development
21438,2461900448,2014-06-16,development
21439,1703400910,2014-08-11,development
21440,8024200683,2014-07-09,development
21441,9544700730,2014-05-15,development
21442,8682320900,2014-11-05,development
21443,3278600750,2015-04-07,test
21444,5676000008,2015-03-16,test
21445,3744000150,2014-09-28,development
21446,3630080120,2014-09-19,development
21447,7853360620,2014-07-01,development
21448,0255550100,2014-07-11,development
21449,9268200484,2014-05-13,development
21450,8562790720,2015-05-14,test
21451,7140700690,2015-03-12,test
21452,3624039183,2014-06-09,development
21453,2254502071,2014-05-23,development
21454,4310702838,2015-04-27,test
21455,6431000749,2014-09-22,development
21456,3362401761,2015-02-25,development
21457,3629700120,2014-10-14,development
21458,3226049565,2014-07-11,development
21459,0567000408,2014-06-02,development
21460,0825059349,2014-07-01,development
21461,7787920230,2015-04-08,test
21462,5694000706,2014-08-13,development
21463,1760650900,2014-07-21,development
21464,2021000180,2015-03-10,test
21465,6400700389,2014-07-10,development
21466,6431000987,2014-09-02,development
21467,2311400056,2014-12-01,development
21468,3224059107,2015-05-08,test
21469,1245002281,2014-05-12,development
21470,0121039156,2015-01-09,development
21471,9211000110,2014-10-03,development
21472,7625702263,2014-06-12,development
21473,8085400586,2014-11-01,development
21474,2895800590,2014-10-20,development
21475,0100300530,2014-09-25,development
21476,4092302096,2015-03-25,test
21477,7010700308,2014-11-12,development
21478,7853370100,2015-04-06,test
21479,6181500120,2014-06-23,development
21480,0567000775,2014-09-12,development
21481,3331000035,2014-05-27,development
21482,4216500110,2014-05-15,development
21483,2776600082,2014-11-13,development
21484,0323079058,2015-01-05,development
21485,1088100450,2014-07-25,development
21486,0098300230,2015-04-28,test
21487,0847100047,2014-09-17,development
21488,1853080150,2014-08-11,development
21489,6021503707,2015-01-20,development
21490,9512200090,2015-05-01,test
21491,9268850040,2015-03-27,test
21492,7283900306,2015-04-17,test
21493,1980200236,2015-04-17,test
21494,2413910120,2014-07-02,development
21495,7787920180,2015-05-04,test
21496,1283800110,2014-05-06,development
21497,6140100028,2015-05-01,test
21498,1972200555,2014-07-14,development
21499,6891100090,2014-10-14,development
21500,3438503021,2014-11-05,development
21501,4233600150,2015-02-03,development
21502,2770601782,2014-08-01,development
21503,9268851020,2015-04-10,test
21504,8682291050,2014-07-08,development
21505,9468200109,2014-06-17,development
21506,2524069097,2014-05-09,development
21507,7625702441,2014-08-08,development
21508,9521100866,2014-06-18,development
21509,0148000072,2014-08-18,development
21510,1493300057,2014-08-07,development
21511,3304030220,2015-04-21,test
21512,7625702277,2015-03-31,test
21513,1023059465,2014-05-13,development
21514,3262300818,2015-02-27,development
21515,2937300040,2014-12-15,development
21516,2768100206,2014-10-01,development
21517,7904700134,2014-06-26,development
21518,9521100867,2014-07-11,development
21519,1702901618,2015-04-07,test
21520,7237550100,2014-08-25,development
21521,7430500110,2014-12-09,development
21522,0603000555,2015-03-02,development
21523,3304300300,2015-05-07,test
21524,6453550090,2015-05-05,test
21525,2625069038,2014-11-24,development
21526,1760650820,2015-04-28,test
21527,9578060230,2014-06-18,development
21528,3416600750,2015-02-17,development
21529,2487200490,2014-06-23,development
21530,8964800330,2015-04-07,test
21531,5637500082,2014-12-03,development
21532,0324069112,2014-06-17,development
21533,0524059322,2015-02-26,development
21534,0889000025,2014-08-11,development
21535,2909310100,2014-10-15,development
21536,8562780180,2014-06-12,development
21537,1043000100,2014-12-11,development
21538,1865400076,2014-05-09,development
21539,8902000201,2015-02-19,development
21540,0715010530,2015-01-13,development
21541,4253400100,2015-04-10,test
21542,3874900085,2015-02-27,development
21543,1972200227,2014-10-07,development
21544,8562770720,2015-04-23,test
21545,6669080120,2014-12-15,development
21546,9211010300,2014-07-07,development
21547,3277800823,2014-08-20,development
21548,8835770330,2014-08-19,development
21549,1220000371,2014-12-31,development
21550,0880000205,2014-07-29,development
21551,1561750040,2014-12-24,development
21552,0688000017,2014-06-27,development
21553,2522059251,2015-04-09,test
21554,2855000110,2014-08-08,development
21555,6821101731,2014-09-30,development
21556,0476000017,2014-10-03,development
21557,2770603523,2015-04-22,test
21558,2255500123,2014-08-20,development
21559,3438501329,2014-05-20,development
21560,0423059387,2014-11-18,development
21561,6664500090,2015-01-15,development
21562,2122059216,2015-04-14,test
21563,9406530090,2014-10-20,development
21564,7168100015,2014-10-09,development
21565,5007500120,2015-02-26,development
21566,3528900770,2015-04-23,test
21567,9521100031,2014-06-18,development
21568,0524059330,2015-01-30,development
21569,6021503705,2014-10-15,development
21570,3438501862,2014-05-13,development
21571,3345700207,2015-05-02,test
21572,6056111067,2014-07-07,development
21573,8562790760,2014-05-20,development
21574,1931300090,2014-05-07,development
21575,9578500790,2014-11-11,development
21576,9253900271,2015-01-07,development
21577,3881900317,2015-01-23,development
21578,0567000385,2014-06-23,development
21579,7011201004,2014-05-29,development
21580,7853420110,2014-10-03,purged
21581,7853420110,2015-05-04,test
21582,3052700432,2014-11-12,development
21583,2025049203,2014-06-10,development
21584,0952006823,2014-12-02,development
21585,3832050760,2014-08-28,development
21586,2767604724,2014-10-15,development
21587,6632300207,2015-03-05,development
21588,2767600688,2014-11-13,development
21589,7570050450,2014-09-10,development
21590,7430200100,2014-05-14,development
21591,4140940150,2014-10-02,development
21592,1931300412,2015-04-16,test
21593,8672200110,2015-03-17,test
21594,5087900040,2014-10-17,development
21595,1972201967,2014-10-31,development
21596,7502800100,2014-08-13,development
21597,0191100405,2015-04-21,test
21598,8956200760,2014-10-13,development
21599,7202300110,2014-09-15,development
21600,0249000205,2014-10-15,development
21601,5100403806,2015-04-07,test
21602,0844000965,2014-06-26,development
21603,7852140040,2014-08-25,development
21604,9834201367,2015-01-26,development
21605,3448900210,2014-10-14,development
21606,7936000429,2015-03-26,test
21607,2997800021,2015-02-19,development
21608,0263000018,2014-05-21,development
21609,6600060120,2015-02-23,development
21610,1523300141,2014-06-23,development
21611,0291310100,2015-01-16,development
21612,1523300157,2014-10-15,development
